episode,seed,algorithm,scenario,reward,length,success,collision,terminated,truncated,termination_reason,final_distance,flags_collected,epsilon,exploration_mode,random_action_steps,environment_steps,critic_updates,actor_updates,critic_loss,actor_loss,alpha_loss,alpha,td_error
1,0,,,-157.52030154130932,176,False,True,True,False,collision,9.667187690734863,,,uniform_warmup,176,176,0,0,,,,,
2,1,,,-120.39556162375541,127,False,True,True,False,collision,8.48930549621582,,,uniform_warmup,127,303,0,0,,,,,
3,2,,,-122.2277776976478,45,False,True,True,False,collision,10.856535911560059,,,uniform_warmup,45,348,0,0,,,,,
4,3,,,-109.5719729864413,26,False,True,True,False,collision,10.471500396728516,,,uniform_warmup,26,374,0,0,,,,,
5,4,,,-179.01208806452325,277,False,True,True,False,collision,8.465948104858398,,,uniform_warmup,277,651,0,0,,,,,
6,5,,,-125.25036985359421,46,False,True,True,False,collision,11.112899780273438,,,uniform_warmup,46,697,0,0,,,,,
7,6,,,-241.13096818168972,414,False,True,True,False,collision,8.97140121459961,,,uniform_warmup,414,1111,0,0,,,,,
8,7,,,-162.07661646853342,350,False,True,True,False,collision,5.651692867279053,,,uniform_warmup,350,1461,0,0,,,,,
9,8,,,-262.7855332351485,441,False,True,True,False,collision,10.318848609924316,,,uniform_warmup,441,1902,0,0,,,,,
10,9,,,-189.4071167641976,313,False,True,True,False,collision,8.682499885559082,,,uniform_warmup,313,2215,0,0,,,,,
11,10,,,-214.88055600621027,356,False,True,True,False,collision,8.678702354431152,,,uniform_warmup,356,2571,0,0,,,,,
12,11,,,-134.81864190780368,131,False,True,True,False,collision,9.45687484741211,,,uniform_warmup,131,2702,0,0,,,,,
13,12,,,-164.19201844206304,216,False,True,True,False,collision,9.068655967712402,,,uniform_warmup,216,2918,0,0,,,,,
14,13,,,-127.2573030107857,79,False,True,True,False,collision,10.082924842834473,,,uniform_warmup,79,2997,0,0,,,,,
15,14,,,-181.00459641782368,263,False,True,True,False,collision,8.903897285461426,,,uniform_warmup,263,3260,0,0,,,,,
16,15,,,-124.79471287789323,46,False,True,True,False,collision,10.916102409362793,,,uniform_warmup,46,3306,0,0,,,,,
17,16,,,-180.0205234827302,277,False,True,True,False,collision,8.76566219329834,,,uniform_warmup,277,3583,0,0,,,,,
18,17,,,-129.56924688075847,95,False,True,True,False,collision,9.982587814331055,,,uniform_warmup,95,3678,0,0,,,,,
19,18,,,-121.37684213025302,42,False,True,True,False,collision,10.765582084655762,,,uniform_warmup,42,3720,0,0,,,,,
20,19,,,-115.62682697867379,56,False,True,True,False,collision,10.159674644470215,,,uniform_warmup,56,3776,0,0,,,,,
21,20,,,-134.91251394317902,146,False,True,True,False,collision,9.212389945983887,,,uniform_warmup,146,3922,0,0,,,,,
22,21,,,-144.30091114662852,370,False,True,True,False,collision,3.609412670135498,,,uniform_warmup,370,4292,0,0,,,,,
23,22,,,-113.93580708845782,155,False,True,True,False,collision,7.278309345245361,,,uniform_warmup,155,4447,0,0,,,,,
24,23,,,-170.43477018995534,222,False,True,True,False,collision,9.121959686279297,,,uniform_warmup,222,4669,0,0,,,,,
25,24,,,-118.52142058218483,56,False,True,True,False,collision,10.406798362731934,,,uniform_warmup,56,4725,0,0,,,,,
26,25,,,-121.12520770318379,48,False,True,True,False,collision,10.701220512390137,,,uniform_warmup,48,4773,0,0,,,,,
27,26,,,-163.34043063292918,253,False,True,True,False,collision,8.622900009155273,,,mixed_warmup_policy,227,5026,27,27,34.70358004117453,0.4183739560432042,,,
28,27,,,-163.64703970440152,176,False,True,True,False,collision,10.822876930236816,,,ou_noise,0,5202,203,203,49.03202595680275,0.6152935586869717,,,
29,28,,,-301.4012299289715,722,False,True,True,False,collision,5.401586055755615,,,ou_noise,0,5924,925,925,45.108487881802624,0.36099699797454465,,,
30,29,,,-274.21269417195117,682,False,True,True,False,collision,5.592844486236572,,,ou_noise,0,6606,1607,1607,34.85818750553292,0.2116420867633009,,,
31,30,,,17.71791533290029,573,True,False,True,False,success,0.4925720989704132,,,ou_noise,0,7179,2180,2180,28.230850275820462,0.15147815931004913,,,
32,31,,,-121.98812284483336,182,False,True,True,False,collision,6.826359748840332,,,ou_noise,0,7361,2362,2362,22.72698307135603,0.09924703376408625,,,
33,32,,,124.97960107392419,250,True,False,True,False,success,0.4937242567539215,,,ou_noise,0,7611,2612,2612,24.18130506181717,0.15352302047237754,,,
34,33,,,-97.21969064146609,53,False,True,True,False,collision,8.5925931930542,,,ou_noise,0,7664,2665,2665,27.358656173607088,-0.001425293098502564,,,
35,34,,,143.0625859549963,210,True,False,True,False,success,0.4533466100692749,,,ou_noise,0,7874,2875,2875,29.625441381761007,0.04605139264216026,,,
36,35,,,-194.95113845662613,345,False,True,True,False,collision,7.604658603668213,,,ou_noise,0,8219,3220,3220,26.964282428570417,0.04668798058874149,,,
37,36,,,-137.51126498217621,303,False,True,True,False,collision,4.225480556488037,,,ou_noise,0,8522,3523,3523,24.42640850744625,-0.0034244777942107063,,,
38,37,,,-116.90306052378138,212,False,True,True,False,collision,5.273617267608643,,,ou_noise,0,8734,3735,3735,26.5922044764431,-0.030865071337002347,,,
39,38,,,-325.423326554611,1000,False,False,False,True,cutoff,6.040119647979736,,,ou_noise,0,9734,4735,4735,23.18548498034477,-0.04598776926659048,,,
40,39,,,-335.9393900309669,1000,False,False,False,True,cutoff,7.103712558746338,,,ou_noise,0,10734,5735,5735,20.811650215491653,-0.16035934503935279,,,
41,40,,,-346.10801927998295,1000,False,False,False,True,cutoff,6.097306728363037,,,ou_noise,0,11734,6735,6735,16.888317151367666,-0.23798131321556867,,,
42,41,,,-336.7079853338155,1000,False,False,False,True,cutoff,4.6390838623046875,,,ou_noise,0,12734,7735,7735,14.631311892256141,-0.3487580245640129,,,
43,42,,,-73.0489482627579,86,False,True,True,False,collision,5.524075984954834,,,ou_noise,0,12820,7821,7821,12.831901865989662,-0.46758163278532583,,,
44,43,,,-267.5229512796789,1000,False,False,False,True,cutoff,2.7130017280578613,,,ou_noise,0,13820,8821,8821,13.589311728820205,-0.5659597953502089,,,
45,44,,,-162.84492980510242,319,False,True,True,False,collision,7.735869407653809,,,ou_noise,0,14139,9140,9140,12.297316858013595,-0.666199959604344,,,
46,45,,,-333.05201586721836,1000,False,False,False,True,cutoff,7.317216396331787,,,ou_noise,0,15139,10140,10140,13.440237820833921,-0.7356540139690042,,,
47,46,,,-338.4911220454026,1000,False,False,False,True,cutoff,6.170833587646484,,,ou_noise,0,16139,11140,11140,11.938469559490681,-0.860184236690402,,,
48,47,,,-342.925219830711,1000,False,False,False,True,cutoff,5.78656530380249,,,ou_noise,0,17139,12140,12140,9.995223703458905,-1.0467517019361257,,,
49,48,,,-334.7668095649163,1000,False,False,False,True,cutoff,4.439684867858887,,,ou_noise,0,18139,13140,13140,10.021438871711492,-1.2448980392813682,,,
50,49,,,-332.9802227821773,1000,False,False,False,True,cutoff,4.912353515625,,,ou_noise,0,19139,14140,14140,9.541548028185964,-1.427494523257017,,,
51,50,,,-266.41085185285635,1000,False,False,False,True,cutoff,2.8641836643218994,,,ou_noise,0,20139,15140,15140,9.960359908297658,-1.552946474671364,,,
52,51,,,-254.73015946371606,1000,False,False,False,True,cutoff,3.5374512672424316,,,ou_noise,0,21139,16140,16140,8.467821867510676,-1.682062616109848,,,
53,52,,,-237.14742826768716,1000,False,False,False,True,cutoff,2.02349591255188,,,ou_noise,0,22139,17140,17140,8.264533083811402,-1.7622113183140755,,,
54,53,,,-271.2164581529825,1000,False,False,False,True,cutoff,3.6731340885162354,,,ou_noise,0,23139,18140,18140,7.990010854288935,-1.9575666152834892,,,
55,54,,,-96.95454037647055,58,False,True,True,False,collision,8.29739761352539,,,ou_noise,0,23197,18198,18198,6.449964547208671,-2.1295712713537545,,,
56,55,,,-182.50219380916386,1000,False,False,False,True,cutoff,2.925023078918457,,,ou_noise,0,24197,19198,19198,7.648223321035505,-2.0917849420905115,,,
57,56,,,-284.22182497705444,1000,False,False,False,True,cutoff,5.356714248657227,,,ou_noise,0,25197,20198,20198,7.636929200574755,-2.1076384322047232,,,
58,57,,,-286.7584438974322,1000,False,False,False,True,cutoff,5.7859368324279785,,,ou_noise,0,26197,21198,21198,6.588510512441396,-2.1007891236543657,,,
59,58,,,-130.31928888973025,348,False,True,True,False,collision,2.799438238143921,,,ou_noise,0,26545,21546,21546,7.508205467471104,-2.06267057855924,,,
60,59,,,-75.21673135039107,67,False,True,True,False,collision,6.131897926330566,,,ou_noise,0,26612,21613,21613,7.508673642775905,-2.0557359421431127,,,
61,60,,,29.48191532421191,549,True,False,True,False,success,0.4990690350532532,,,ou_noise,0,27161,22162,22162,8.349872522042531,-2.11846565027706,,,
62,61,,,-306.33215562992706,1000,False,False,False,True,cutoff,3.1313469409942627,,,ou_noise,0,28161,23162,23162,7.598220179006457,-2.1932216253876686,,,
63,62,,,147.7159159450328,190,True,False,True,False,success,0.4755716621875763,,,ou_noise,0,28351,23352,23352,9.636453274911956,-2.221032532265312,,,
64,63,,,-65.98614774736497,61,False,True,True,False,collision,5.713329792022705,,,ou_noise,0,28412,23413,23413,7.743554442388112,-2.2064801962649234,,,
65,64,,,114.14157844127195,270,True,False,True,False,success,0.4850465655326843,,,ou_noise,0,28682,23683,23683,6.725172416700257,-2.324720503665783,,,
66,65,,,-135.20101572152754,172,False,True,True,False,collision,7.785322666168213,,,ou_noise,0,28854,23855,23855,8.637955176882272,-2.3552576060905013,,,
67,66,,,150.49651915953,189,True,False,True,False,success,0.4984191954135895,,,ou_noise,0,29043,24044,24044,10.18769159542505,-2.301092057001023,,,
68,67,,,-59.55808598898234,63,False,True,True,False,collision,4.773670673370361,,,ou_noise,0,29106,24107,24107,11.387383548986344,-2.360123191561018,,,
69,68,,,170.59896642617554,126,True,False,True,False,success,0.4597863554954529,,,ou_noise,0,29232,24233,24233,7.394561947929481,-2.4368993583179654,,,
70,69,,,-56.62368291995504,77,False,True,True,False,collision,4.138746738433838,,,ou_noise,0,29309,24310,24310,8.696281158691876,-2.3730331179383515,,,
71,70,,,-412.49681251909243,1000,False,False,False,True,cutoff,6.7883172035217285,,,ou_noise,0,30309,25310,25310,10.010503933757544,-2.557179952740669,,,
72,71,,,-167.22345920740162,208,False,True,True,False,collision,7.237536430358887,,,ou_noise,0,30517,25518,25518,8.940294921398163,-2.736669503725492,,,
73,72,,,171.5910111557301,127,True,False,True,False,success,0.47045794129371643,,,ou_noise,0,30644,25645,25645,7.417053790191027,-2.731779637299185,,,
74,73,,,-76.57781101038739,56,False,True,True,False,collision,6.562571048736572,,,ou_noise,0,30700,25701,25701,10.843668577128224,-2.691571267587798,,,
75,74,,,-105.33711231092836,216,False,True,True,False,collision,4.093557357788086,,,ou_noise,0,30916,25917,25917,10.638449565059057,-2.7975270753657377,,,
76,75,,,-481.0172768324337,953,False,True,True,False,collision,6.433253765106201,,,ou_noise,0,31869,26870,26870,11.062517560322663,-2.9672776428124585,,,
77,76,,,171.0808699327534,128,True,False,True,False,success,0.47538259625434875,,,ou_noise,0,31997,26998,26998,10.834150985232554,-3.044483767822385,,,
78,77,,,-60.7240727529051,62,False,True,True,False,collision,5.206711769104004,,,ou_noise,0,32059,27060,27060,14.724667515485518,-3.116031212191428,,,
79,78,,,163.47450296054873,154,True,False,True,False,success,0.4304504096508026,,,ou_noise,0,32213,27214,27214,10.383417349163588,-3.124499229641704,,,
80,79,,,164.67820736546423,152,True,False,True,False,success,0.4519646465778351,,,ou_noise,0,32365,27366,27366,10.176528888313394,-3.2153566118917967,,,
81,80,,,-67.67272622900163,64,False,True,True,False,collision,5.402349948883057,,,ou_noise,0,32429,27430,27430,8.062496790429577,-3.186255194246769,,,
82,81,,,-59.72879572484153,86,False,True,True,False,collision,4.542993545532227,,,ou_noise,0,32515,27516,27516,13.242139443235342,-3.29843606782514,,,
83,82,,,172.91899783189973,117,True,False,True,False,success,0.4872410297393799,,,ou_noise,0,32632,27633,27633,8.75560499727726,-3.29978800431276,,,
84,83,,,-113.5098298772533,145,False,True,True,False,collision,7.177883625030518,,,ou_noise,0,32777,27778,27778,13.21508405958784,-3.3833324350159746,,,
85,84,,,-286.2616988451124,1000,False,False,False,True,cutoff,7.517101287841797,,,ou_noise,0,33777,28778,28778,11.133585970431566,-3.591063931941986,,,
86,85,,,-274.7900693560294,1000,False,False,False,True,cutoff,7.396873950958252,,,ou_noise,0,34777,29778,29778,10.483411063700915,-3.9357123770713804,,,
87,86,,,-68.61584827188877,103,False,True,True,False,collision,4.0273613929748535,,,ou_noise,0,34880,29881,29881,10.951751331247172,-4.1393550507073265,,,
88,87,,,-66.30262888480928,57,False,True,True,False,collision,5.5858869552612305,,,ou_noise,0,34937,29938,29938,9.992553550161814,-4.187208560475132,,,
89,88,,,-196.79994545174156,414,False,True,True,False,collision,7.632205963134766,,,ou_noise,0,35351,30352,30352,11.310422907884858,-4.228431366492009,,,
90,89,,,166.012118885368,127,True,False,True,False,success,0.41567644476890564,,,ou_noise,0,35478,30479,30479,11.264550645285704,-4.262856260059387,,,
91,90,,,-239.12560293467402,551,False,True,True,False,collision,7.685150623321533,,,ou_noise,0,36029,31030,31030,12.189141403444234,-4.393181381121738,,,
92,91,,,-222.90271597082176,506,False,True,True,False,collision,7.501131534576416,,,ou_noise,0,36535,31536,31536,12.856818094083915,-4.53315880505935,,,
93,92,,,-104.12537099314676,132,False,True,True,False,collision,6.922025680541992,,,ou_noise,0,36667,31668,31668,12.985442199603174,-4.61205724513892,,,
94,93,,,-67.79261530624719,80,False,True,True,False,collision,4.85497522354126,,,ou_noise,0,36747,31748,31748,10.232489043474198,-4.673846542835236,,,
95,94,,,-284.8523284261233,612,False,True,True,False,collision,7.4803786277771,,,ou_noise,0,37359,32360,32360,12.36566442915914,-4.757759911562103,,,
96,95,,,-63.57730431590171,67,False,True,True,False,collision,4.941025257110596,,,ou_noise,0,37426,32427,32427,14.119269195332455,-4.7969237263522935,,,
97,96,,,-165.78271100444076,347,False,True,True,False,collision,5.535609245300293,,,ou_noise,0,37773,32774,32774,12.022069972770701,-4.912647794921392,,,
98,97,,,-286.2628573012338,1000,False,False,False,True,cutoff,8.850602149963379,,,ou_noise,0,38773,33774,33774,13.031367540001868,-5.159225152492523,,,
99,98,,,-91.77587189162706,16,False,True,True,False,collision,9.323470115661621,,,ou_noise,0,38789,33790,33790,20.847921898588538,-5.40304434299469,,,
100,99,,,-85.27335959161266,133,False,True,True,False,collision,5.674010276794434,,,ou_noise,0,38922,33923,33923,9.505496331399545,-5.445851057095635,,,
101,100,,,-315.6727268069583,941,False,True,True,False,collision,2.125432252883911,,,ou_noise,0,39863,34864,34864,13.154715590060201,-5.646245113721436,,,
102,101,,,-99.40136245709205,288,False,True,True,False,collision,4.071804523468018,,,ou_noise,0,40151,35152,35152,13.72631055654751,-5.836436556445228,,,
103,102,,,-292.8735018284799,717,False,True,True,False,collision,7.675717353820801,,,ou_noise,0,40868,35869,35869,12.795407285334509,-6.032124666988102,,,
104,103,,,-336.9125514422916,1000,False,False,False,True,cutoff,7.785193920135498,,,ou_noise,0,41868,36869,36869,13.512964788913727,-6.308590181350708,,,
105,104,,,-50.19060405363643,107,False,True,True,False,collision,2.855635643005371,,,ou_noise,0,41975,36976,36976,13.928049789967938,-6.500787561184892,,,
106,105,,,167.45872764204194,132,True,False,True,False,success,0.496010959148407,,,ou_noise,0,42107,37108,37108,11.515212314372713,-6.596892082329952,,,
107,106,,,170.96306763218138,131,True,False,True,False,success,0.4102742075920105,,,ou_noise,0,42238,37239,37239,10.546133277980426,-6.694034554576146,,,
108,107,,,-79.50907505999578,88,False,True,True,False,collision,5.754587173461914,,,ou_noise,0,42326,37327,37327,14.419158105823128,-6.654710780490529,,,
109,108,,,-87.7409086857618,33,False,True,True,False,collision,8.313091278076172,,,ou_noise,0,42359,37360,37360,16.56173326029922,-6.699839172941266,,,
110,109,,,-64.10031885487298,66,False,True,True,False,collision,5.1983771324157715,,,ou_noise,0,42425,37426,37426,15.956400967457078,-6.785106362718524,,,
111,110,,,-89.2150294840552,16,False,True,True,False,collision,9.140411376953125,,,ou_noise,0,42441,37442,37442,21.15097887814045,-6.784972906112671,,,
112,111,,,-270.0826856332619,487,False,True,True,False,collision,8.388484954833984,,,ou_noise,0,42928,37929,37929,13.880538132768391,-6.855394494606974,,,
113,112,,,-196.38375283805573,348,False,True,True,False,collision,7.733000755310059,,,ou_noise,0,43276,38277,38277,12.850066622697758,-6.974445048419908,,,
114,113,,,-138.1214297415213,152,False,True,True,False,collision,8.56097412109375,,,ou_noise,0,43428,38429,38429,14.145170859208232,-7.00341325370889,,,
115,114,,,-56.34685235035227,95,False,True,True,False,collision,3.927604913711548,,,ou_noise,0,43523,38524,38524,10.229474969914085,-7.094758525647615,,,
116,115,,,-81.64228059783197,64,False,True,True,False,collision,6.790014743804932,,,ou_noise,0,43587,38588,38588,13.320425570942461,-7.049810655415058,,,
117,116,,,-288.1362673535636,1000,False,False,False,True,cutoff,6.811166763305664,,,ou_noise,0,44587,39588,39588,12.542143475741147,-7.340349722862244,,,
118,117,,,-78.16174111456013,34,False,True,True,False,collision,7.63236665725708,,,ou_noise,0,44621,39622,39622,16.781988250858642,-7.522436857223511,,,
119,118,,,-53.90123555988083,90,False,True,True,False,collision,3.6424758434295654,,,ou_noise,0,44711,39712,39712,17.76897439625528,-7.586438438627455,,,
120,119,,,-71.39745163854911,60,False,True,True,False,collision,6.134835720062256,,,ou_noise,0,44771,39772,39772,13.6153074045976,-7.701663184165954,,,
121,120,,,-71.05473321948126,58,False,True,True,False,collision,6.086429119110107,,,ou_noise,0,44829,39830,39830,15.32532675204606,-7.54180907380992,,,
122,121,,,-202.62607007154762,1000,False,False,False,True,cutoff,6.204838752746582,,,ou_noise,0,45829,40830,40830,13.694984584420919,-7.84880744934082,,,
123,122,,,-50.363172233262276,101,False,True,True,False,collision,3.158907413482666,,,ou_noise,0,45930,40931,40931,15.782715276326284,-7.975722209061726,,,
124,123,,,-70.80724772055876,62,False,True,True,False,collision,5.67092752456665,,,ou_noise,0,45992,40993,40993,14.410458965647605,-8.14192255081669,,,
125,124,,,-251.16138688506183,671,False,True,True,False,collision,3.487713575363159,,,ou_noise,0,46663,41664,41664,14.461350177510484,-8.224979367234845,,,
126,125,,,-99.2829805185746,8,False,True,True,False,collision,10.058877944946289,,,ou_noise,0,46671,41672,41672,20.62043683230877,-8.363654494285583,,,
127,126,,,-243.66349323516368,720,False,True,True,False,collision,3.2272369861602783,,,ou_noise,0,47391,42392,42392,13.367173131348359,-8.41412518620491,,,
128,127,,,-86.56247617695331,56,False,True,True,False,collision,7.322894096374512,,,ou_noise,0,47447,42448,42448,13.425842529961042,-8.34301245212555,,,
129,128,,,163.146164892236,151,True,False,True,False,success,0.4836103022098541,,,ou_noise,0,47598,42599,42599,13.127441818350988,-8.431234574475825,,,
130,129,,,-345.5380306403815,930,False,True,True,False,collision,3.0387353897094727,,,ou_noise,0,48528,43529,43529,13.462741237173798,-8.655665426869547,,,
131,130,,,-200.8561230555027,1000,False,False,False,True,cutoff,6.594487190246582,,,ou_noise,0,49528,44529,44529,15.009075370311738,-9.103686293125152,,,
132,131,,,-237.8516368364744,1000,False,False,False,True,cutoff,9.075756072998047,,,ou_noise,0,50528,45529,45529,12.868114605486394,-9.609086387634278,,,
133,132,,,-97.14762615837083,114,False,True,True,False,collision,7.079616069793701,,,ou_noise,0,50642,45643,45643,11.059691285877896,-9.910269779071474,,,
134,133,,,-93.62326598432227,239,False,True,True,False,collision,3.73506236076355,,,ou_noise,0,50881,45882,45882,13.738440671226469,-9.959696067426993,,,
135,134,,,163.147544392111,151,True,False,True,False,success,0.4813615083694458,,,ou_noise,0,51032,46033,46033,13.578526522544836,-10.124690725313906,,,
136,135,,,-81.6219267365602,77,False,True,True,False,collision,6.159830093383789,,,ou_noise,0,51109,46110,46110,10.31308095486133,-10.262532234191895,,,
137,136,,,-452.92409446849763,998,False,True,True,False,collision,7.085681438446045,,,ou_noise,0,52107,47108,47108,13.335869923383296,-10.421138979390054,,,
138,137,,,-53.846097133412854,120,False,True,True,False,collision,2.3025481700897217,,,ou_noise,0,52227,47228,47228,13.97744773477316,-10.693298999468485,,,
139,138,,,166.04578568133238,144,True,False,True,False,success,0.4703546464443207,,,ou_noise,0,52371,47372,47372,14.65876886372765,-10.796386440594992,,,
140,139,,,-314.3424350659964,1000,False,False,False,True,cutoff,3.6825599670410156,,,ou_noise,0,53371,48372,48372,13.054609907865524,-11.030805458068848,,,
141,140,,,-225.74607484262225,1000,False,False,False,True,cutoff,5.211246967315674,,,ou_noise,0,54371,49372,49372,12.803962910056114,-11.436762150764466,,,
142,141,,,-181.047218473481,408,False,True,True,False,collision,7.19011926651001,,,ou_noise,0,54779,49780,49780,12.850503898864867,-11.70592499480528,,,
143,142,,,-310.7145318971463,1000,False,False,False,True,cutoff,6.686800003051758,,,ou_noise,0,55779,50780,50780,13.87242984712124,-11.995088788032533,,,
144,143,,,123.96903077524337,284,True,False,True,False,success,0.44197672605514526,,,ou_noise,0,56063,51064,51064,12.247965465758888,-12.314750936669363,,,
145,144,,,-246.92114303350172,1000,False,False,False,True,cutoff,6.659036636352539,,,ou_noise,0,57063,52064,52064,12.788499396920205,-12.697741706848145,,,
146,145,,,-53.87613358445167,108,False,True,True,False,collision,3.087214231491089,,,ou_noise,0,57171,52172,52172,11.053008055245435,-12.975711328011972,,,
147,146,,,-166.0061123574419,288,False,True,True,False,collision,9.025775909423828,,,ou_noise,0,57459,52460,52460,15.878400703892112,-13.083661314513948,,,
148,147,,,-99.25615427766245,185,False,True,True,False,collision,5.125030994415283,,,ou_noise,0,57644,52645,52645,13.916846913904758,-13.170915856232515,,,
149,148,,,164.0199463293073,142,True,False,True,False,success,0.4938868582248688,,,ou_noise,0,57786,52787,52787,13.14448427440415,-13.359038225362,,,
150,149,,,-290.0218957867443,1000,False,False,False,True,cutoff,7.317853927612305,,,ou_noise,0,58786,53787,53787,12.908678698778152,-13.555596066474914,,,
151,150,,,-222.9486785764026,1000,False,False,False,True,cutoff,7.2941741943359375,,,ou_noise,0,59786,54787,54787,13.587828353881836,-13.987055193901062,,,
152,151,,,-205.66904856669416,1000,False,False,False,True,cutoff,4.921830177307129,,,ou_noise,0,60786,55787,55787,13.571569894611835,-14.485271823883057,,,
153,152,,,-219.50016553282654,412,False,True,True,False,collision,8.167806625366211,,,ou_noise,0,61198,56199,56199,13.283412515683082,-14.907012129292905,,,
154,153,,,148.69417620987414,206,True,False,True,False,success,0.49037542939186096,,,ou_noise,0,61404,56405,56405,11.705430185331881,-14.999095463058323,,,
155,154,,,-65.54700329592569,90,False,True,True,False,collision,4.7197184562683105,,,ou_noise,0,61494,56495,56495,10.585229488213857,-15.192770714230008,,,
156,155,,,-258.6405386303465,1000,False,False,False,True,cutoff,7.5777411460876465,,,ou_noise,0,62494,57495,57495,12.684543607413769,-15.416525721549988,,,
157,156,,,-263.45945455565476,1000,False,False,False,True,cutoff,7.6060309410095215,,,ou_noise,0,63494,58495,58495,12.725193606197834,-15.917851605415343,,,
158,157,,,-361.8084534320209,1000,False,False,False,True,cutoff,8.07257080078125,,,ou_noise,0,64494,59495,59495,12.433143178462982,-16.3710250415802,,,
159,158,,,162.17317343248467,149,True,False,True,False,success,0.46702060103416443,,,ou_noise,0,64643,59644,59644,11.171946089139722,-16.57831185616103,,,
160,159,,,164.169287503391,139,True,False,True,False,success,0.4925234615802765,,,ou_noise,0,64782,59783,59783,16.236771101574245,-16.75809154922156,,,
161,160,,,-81.88735204540689,126,False,True,True,False,collision,4.6743645668029785,,,ou_noise,0,64908,59909,59909,14.219515233285843,-16.906827351403614,,,
162,161,,,-89.80105426026641,130,False,True,True,False,collision,5.268507480621338,,,ou_noise,0,65038,60039,60039,16.75887784728637,-16.840900582533617,,,
163,162,,,-383.4392305045701,1000,False,False,False,True,cutoff,7.156646728515625,,,ou_noise,0,66038,61039,61039,13.145927944839,-17.149559534072875,,,
164,163,,,162.2325013383974,141,True,False,True,False,success,0.48140743374824524,,,ou_noise,0,66179,61180,61180,11.959404002267418,-17.451558884153975,,,
165,164,,,-430.7744990707077,1000,False,False,False,True,cutoff,7.226377010345459,,,ou_noise,0,67179,62180,62180,12.62907589417696,-17.792855155944824,,,
166,165,,,-124.89604815260086,215,False,True,True,False,collision,4.96917200088501,,,ou_noise,0,67394,62395,62395,13.945197524858076,-18.108205981587254,,,
167,166,,,-64.64240133134467,126,False,True,True,False,collision,3.389263391494751,,,ou_noise,0,67520,62521,62521,11.02743274493823,-18.143322641887362,,,
168,167,,,-406.08582507071304,1000,False,False,False,True,cutoff,7.466724872589111,,,ou_noise,0,68520,63521,63521,13.219765401780606,-18.436049070358276,,,
169,168,,,-433.3030537251389,870,False,True,True,False,collision,6.094724178314209,,,ou_noise,0,69390,64391,64391,12.523904031172567,-18.793047385380184,,,
170,169,,,-200.36765074093358,447,False,True,True,False,collision,6.0447187423706055,,,ou_noise,0,69837,64838,64838,11.915946879109548,-19.094798960675064,,,
171,170,,,119.10790547991506,273,True,False,True,False,success,0.48141932487487793,,,ou_noise,0,70110,65111,65111,13.905340396659279,-19.266999017624627,,,
172,171,,,-85.96658603624572,71,False,True,True,False,collision,6.493295192718506,,,ou_noise,0,70181,65182,65182,18.98669794999378,-19.224016458215846,,,
173,172,,,-117.58389097047254,142,False,True,True,False,collision,6.514169216156006,,,ou_noise,0,70323,65324,65324,13.886783358496679,-19.443840147743764,,,
174,173,,,-92.64723507728411,91,False,True,True,False,collision,6.402431488037109,,,ou_noise,0,70414,65415,65415,12.845614863621009,-19.499866296956828,,,
175,174,,,160.31462288615018,149,True,False,True,False,success,0.49833714962005615,,,ou_noise,0,70563,65564,65564,16.61571568530678,-19.4793379098777,,,
176,175,,,-85.66358439090774,106,False,True,True,False,collision,5.923468589782715,,,ou_noise,0,70669,65670,65670,12.786350630364328,-19.5470817314004,,,
177,176,,,-70.64231029056828,153,False,True,True,False,collision,3.043555736541748,,,ou_noise,0,70822,65823,65823,14.535282533932355,-19.825792050829122,,,
178,177,,,-328.7673217725964,1000,False,False,False,True,cutoff,5.296642780303955,,,ou_noise,0,71822,66823,66823,13.737617086052895,-19.95972907447815,,,
179,178,,,86.22417639030495,467,True,False,True,False,success,0.4626988172531128,,,ou_noise,0,72289,67290,67290,11.81147667606076,-20.235402864868686,,,
180,179,,,161.7532735997667,151,True,False,True,False,success,0.483074814081192,,,ou_noise,0,72440,67441,67441,13.59129720373659,-20.311901180949434,,,
181,180,,,-75.85078884918134,61,False,True,True,False,collision,6.525362491607666,,,ou_noise,0,72501,67502,67502,16.04256833674478,-20.35927653703533,,,
182,181,,,-70.86344293509006,89,False,True,True,False,collision,5.247072219848633,,,ou_noise,0,72590,67591,67591,16.13149759474765,-20.55321198367001,,,
183,182,,,-278.8246811360588,1000,False,False,False,True,cutoff,7.120941162109375,,,ou_noise,0,73590,68591,68591,14.974844669222831,-20.623599645614625,,,
184,183,,,-182.47686016184088,503,False,True,True,False,collision,6.693866729736328,,,ou_noise,0,74093,69094,69094,12.496176057023035,-20.87619643467321,,,
185,184,,,-244.6973675085391,1000,False,False,False,True,cutoff,7.145910263061523,,,ou_noise,0,75093,70094,70094,12.491050656199455,-21.112533193588256,,,
186,185,,,-252.3139966741063,1000,False,False,False,True,cutoff,7.472309112548828,,,ou_noise,0,76093,71094,71094,13.175083516716956,-21.443627029418945,,,
187,186,,,-232.33812909555354,1000,False,False,False,True,cutoff,6.256913661956787,,,ou_noise,0,77093,72094,72094,15.472955251038075,-21.822783094406127,,,
188,187,,,-286.9445316919335,1000,False,False,False,True,cutoff,6.958026885986328,,,ou_noise,0,78093,73094,73094,13.394661350488663,-22.206789848327638,,,
189,188,,,-299.2015817085683,1000,False,False,False,True,cutoff,6.673912525177002,,,ou_noise,0,79093,74094,74094,13.643592177212238,-22.593256303787232,,,
190,189,,,-249.19528769817325,1000,False,False,False,True,cutoff,6.71954345703125,,,ou_noise,0,80093,75094,75094,13.706666334688663,-22.90966361999512,,,
191,190,,,-74.13244726263343,148,False,True,True,False,collision,4.40503454208374,,,ou_noise,0,80241,75242,75242,13.589617816580308,-23.2039930240528,,,
192,191,,,164.7552345985319,141,True,False,True,False,success,0.4962804615497589,,,ou_noise,0,80382,75383,75383,15.721694696879556,-23.242318579491148,,,
193,192,,,172.1756734409705,119,True,False,True,False,success,0.493348091840744,,,ou_noise,0,80501,75502,75502,12.10888854145002,-23.297771918673476,,,
194,193,,,-217.12086314701074,1000,False,False,False,True,cutoff,8.062359809875488,,,ou_noise,0,81501,76502,76502,12.949016887307167,-23.654515863418577,,,
195,194,,,163.7504498978721,152,True,False,True,False,success,0.4352945387363434,,,ou_noise,0,81653,76654,76654,12.242670096064868,-23.861274066724274,,,
196,195,,,-264.90109154656557,1000,False,False,False,True,cutoff,6.835905075073242,,,ou_noise,0,82653,77654,77654,12.801084045648574,-24.177591524124146,,,
197,196,,,167.87769945194094,134,True,False,True,False,success,0.4601883888244629,,,ou_noise,0,82787,77788,77788,12.718173272574125,-24.539815233714545,,,
198,197,,,-75.20738326688671,104,False,True,True,False,collision,4.6380295753479,,,ou_noise,0,82891,77892,77892,8.884381032907045,-24.598258660389828,,,
199,198,,,171.90664704979395,122,True,False,True,False,success,0.4587697982788086,,,ou_noise,0,83013,78014,78014,14.184920511284812,-24.651363763652864,,,
200,199,,,166.70859428100022,136,True,False,True,False,success,0.45725446939468384,,,ou_noise,0,83149,78150,78150,11.602125096847029,-24.63360383931328,,,
201,200,,,173.89395635287448,118,True,False,True,False,success,0.42392778396606445,,,ou_noise,0,83267,78268,78268,12.143906834772078,-24.640743029319633,,,
202,201,,,-64.77779654533886,93,False,True,True,False,collision,4.093024253845215,,,ou_noise,0,83360,78361,78361,14.325841828700035,-24.721715127268144,,,
203,202,,,-374.22059652998394,787,False,True,True,False,collision,7.031676292419434,,,ou_noise,0,84147,79148,79148,12.204079739550624,-25.052401129445098,,,
204,203,,,149.50251808743366,198,True,False,True,False,success,0.44057461619377136,,,ou_noise,0,84345,79346,79346,12.73721275215197,-25.307278536786935,,,
205,204,,,111.33548231082227,302,True,False,True,False,success,0.4849812686443329,,,ou_noise,0,84647,79648,79648,13.826732164187147,-25.462409771041365,,,
206,205,,,-269.64759934812844,1000,False,False,False,True,cutoff,6.849434852600098,,,ou_noise,0,85647,80648,80648,13.95947788643837,-25.75916208267212,,,
207,206,,,144.51067672534413,207,True,False,True,False,success,0.41534116864204407,,,ou_noise,0,85854,80855,80855,14.11593677168307,-26.14927573826002,,,
208,207,,,-127.33419545636595,218,False,True,True,False,collision,5.957046985626221,,,ou_noise,0,86072,81073,81073,14.005665335633338,-26.14306904854031,,,
209,208,,,174.31184765033967,116,True,False,True,False,success,0.46797794103622437,,,ou_noise,0,86188,81189,81189,20.090841128908355,-26.264467749102362,,,
210,209,,,-105.18646593042787,162,False,True,True,False,collision,5.9253621101379395,,,ou_noise,0,86350,81351,81351,21.439928901048354,-26.315858193385747,,,
211,210,,,167.69125258055684,132,True,False,True,False,success,0.45615682005882263,,,ou_noise,0,86482,81483,81483,17.41011919216676,-26.39752548391169,,,
212,211,,,-234.81606698127354,1000,False,False,False,True,cutoff,5.72292423248291,,,ou_noise,0,87482,82483,82483,14.748981750369072,-26.68405579376221,,,
213,212,,,161.39830899314086,148,True,False,True,False,success,0.4411277174949646,,,ou_noise,0,87630,82631,82631,14.684102311327651,-26.966388676617598,,,
214,213,,,156.262147997881,191,True,False,True,False,success,0.487173467874527,,,ou_noise,0,87821,82822,82822,13.368747342319388,-27.167315607919743,,,
215,214,,,-283.9523845902546,749,False,True,True,False,collision,8.809828758239746,,,ou_noise,0,88570,83571,83571,14.670028101140572,-27.39657890207777,,,
216,215,,,-311.35988822737073,1000,False,False,False,True,cutoff,9.103175163269043,,,ou_noise,0,89570,84571,84571,13.346789247512817,-27.74815081214905,,,
217,216,,,-62.127546596279956,879,True,False,True,False,success,0.43769001960754395,,,ou_noise,0,90449,85450,85450,14.222666664877577,-28.2720143488514,,,
218,217,,,-21.305111931244994,877,True,False,True,False,success,0.47023239731788635,,,ou_noise,0,91326,86327,86327,13.701499176949705,-28.710149064711047,,,
219,218,,,167.18169486920675,138,True,False,True,False,success,0.4968351721763611,,,ou_noise,0,91464,86465,86465,11.157551549483037,-29.00683335290439,,,
220,219,,,142.0386936373646,238,True,False,True,False,success,0.4559009075164795,,,ou_noise,0,91702,86703,86703,11.836664441753836,-29.07271803527319,,,
221,220,,,173.6889555206426,116,True,False,True,False,success,0.4831438362598419,,,ou_noise,0,91818,86819,86819,16.09332581069963,-29.194290917495202,,,
222,221,,,168.8684610777899,132,True,False,True,False,success,0.4584243893623352,,,ou_noise,0,91950,86951,86951,11.690708192008914,-29.29185962677002,,,
223,222,,,-82.6607666994943,73,False,True,True,False,collision,6.558562278747559,,,ou_noise,0,92023,87024,87024,15.03279321161035,-29.136177899086313,,,
224,223,,,174.44918418008658,119,True,False,True,False,success,0.4067111909389496,,,ou_noise,0,92142,87143,87143,11.166575160347113,-29.441207164475898,,,
225,224,,,172.29197884465037,120,True,False,True,False,success,0.4717264771461487,,,ou_noise,0,92262,87263,87263,15.468276919921239,-29.503362210591636,,,
226,225,,,172.81351439190726,121,True,False,True,False,success,0.47763538360595703,,,ou_noise,0,92383,87384,87384,14.330776103271926,-29.48037253135492,,,
227,226,,,-292.5192196919476,1000,False,False,False,True,cutoff,4.139297008514404,,,ou_noise,0,93383,88384,88384,15.117792046546937,-29.860151521682738,,,
228,227,,,172.96795647013604,118,True,False,True,False,success,0.4911866784095764,,,ou_noise,0,93501,88502,88502,10.859905251001907,-29.98269457736258,,,
229,228,,,-61.479924782715926,98,False,True,True,False,collision,4.297996520996094,,,ou_noise,0,93599,88600,88600,14.642306236588226,-30.41075850506218,,,
230,229,,,-250.33690981858965,1000,False,False,False,True,cutoff,7.897486209869385,,,ou_noise,0,94599,89600,89600,14.944690183579922,-30.428071956634522,,,
231,230,,,-235.08588547718048,1000,False,False,False,True,cutoff,6.6560163497924805,,,ou_noise,0,95599,90600,90600,14.469618733167648,-30.828545782089233,,,
232,231,,,163.35059618547717,161,True,False,True,False,success,0.4730234146118164,,,ou_noise,0,95760,90761,90761,13.881648339840195,-31.01475338906235,,,
233,232,,,-248.81561244047026,1000,False,False,False,True,cutoff,6.168231010437012,,,ou_noise,0,96760,91761,91761,16.06181290817261,-31.428866432189942,,,
234,233,,,-234.96528889480354,1000,False,False,False,True,cutoff,7.0286688804626465,,,ou_noise,0,97760,92761,92761,14.361767248392106,-31.867541494369508,,,
235,234,,,173.73369858133762,118,True,False,True,False,success,0.4836699366569519,,,ou_noise,0,97878,92879,92879,15.2275432257329,-31.945954452126713,,,
236,235,,,-52.957580221867175,70,False,True,True,False,collision,4.208582878112793,,,ou_noise,0,97948,92949,92949,12.719294789859227,-32.11370429992676,,,
237,236,,,170.28146199014736,131,True,False,True,False,success,0.4572891891002655,,,ou_noise,0,98079,93080,93080,16.615300912893456,-32.177982141043394,,,
238,237,,,-166.76134782113394,464,False,True,True,False,collision,5.301425457000732,,,ou_noise,0,98543,93544,93544,13.594822966846927,-32.50395263063496,,,
239,238,,,171.37028303178533,127,True,False,True,False,success,0.4877263307571411,,,ou_noise,0,98670,93671,93671,12.372183618583078,-32.77606282271738,,,
240,239,,,-311.4914535530215,1000,False,False,False,True,cutoff,7.299495220184326,,,ou_noise,0,99670,94671,94671,13.740077501654625,-33.13904656791687,,,
241,240,,,-119.07948715421679,253,False,True,True,False,collision,5.793542861938477,,,ou_noise,0,99923,94924,94924,14.16373225634277,-33.44410602283101,,,
242,241,,,-319.32403164668244,1000,False,False,False,True,cutoff,7.254797458648682,,,ou_noise,0,100923,95924,95924,14.870560104131698,-33.822469690322876,,,
243,242,,,-243.273425882525,1000,False,False,False,True,cutoff,7.1102375984191895,,,ou_noise,0,101923,96924,96924,14.74591073513031,-34.28993126487732,,,
244,243,,,171.29804508122572,126,True,False,True,False,success,0.4779793918132782,,,ou_noise,0,102049,97050,97050,21.9874356266052,-34.77384426480248,,,
245,244,,,-325.8004375249435,1000,False,False,False,True,cutoff,7.558568477630615,,,ou_noise,0,103049,98050,98050,14.369948426246642,-34.88555209350586,,,
246,245,,,166.62237090866017,143,True,False,True,False,success,0.48119232058525085,,,ou_noise,0,103192,98193,98193,21.275298494559067,-35.04327444596724,,,
247,246,,,-237.89031193382937,1000,False,False,False,True,cutoff,8.433443069458008,,,ou_noise,0,104192,99193,99193,14.456166127085686,-35.424445129394535,,,
248,247,,,139.8450926483235,273,True,False,True,False,success,0.4897744953632355,,,ou_noise,0,104465,99466,99466,14.059033921786718,-35.85126477196103,,,
249,248,,,169.9476571500236,133,True,False,True,False,success,0.43134987354278564,,,ou_noise,0,104598,99599,99599,11.267646422063498,-36.084180444703065,,,
250,249,,,166.94869037142607,149,True,False,True,False,success,0.4810023307800293,,,ou_noise,0,104747,99748,99748,13.372902534152038,-36.21759967675945,,,
251,250,,,-225.50923954626984,1000,False,False,False,True,cutoff,8.613799095153809,,,ou_noise,0,105747,100748,100748,12.298110216617584,-36.45242544937134,,,
252,251,,,-218.5642795020478,1000,False,False,False,True,cutoff,4.844390392303467,,,ou_noise,0,106747,101748,101748,14.523554262161255,-36.98808050918579,,,
253,252,,,169.9856974167438,131,True,False,True,False,success,0.484805166721344,,,ou_noise,0,106878,101879,101879,19.212088409270947,-37.33917690597418,,,
254,253,,,-256.77884551169507,1000,False,False,False,True,cutoff,7.9875078201293945,,,ou_noise,0,107878,102879,102879,13.596850717067719,-37.61294764328003,,,
255,254,,,173.40521843587285,118,True,False,True,False,success,0.4552275240421295,,,ou_noise,0,107996,102997,102997,12.067241398964898,-37.82906435303769,,,
256,255,,,152.40236610704437,170,True,False,True,False,success,0.4324013292789459,,,ou_noise,0,108166,103167,103167,18.89294678954517,-37.85391603357652,,,
257,256,,,171.01423072055712,130,True,False,True,False,success,0.44818130135536194,,,ou_noise,0,108296,103297,103297,14.83410199055305,-38.18084487915039,,,
258,257,,,-157.4769684962693,1000,False,False,False,True,cutoff,3.4990622997283936,,,ou_noise,0,109296,104297,104297,16.01076062297821,-38.28709166717529,,,
259,258,,,-334.51118818542835,1000,False,False,False,True,cutoff,6.841611385345459,,,ou_noise,0,110296,105297,105297,14.054749873518944,-38.86411029052734,,,
260,259,,,-144.63282101052442,1000,False,False,False,True,cutoff,1.4068316221237183,,,ou_noise,0,111296,106297,106297,16.152053879141807,-39.606765865325926,,,
261,260,,,123.32130153970587,300,True,False,True,False,success,0.45521071553230286,,,ou_noise,0,111596,106597,106597,12.873494789997737,-40.41429963429769,,,
262,261,,,-425.0264822094714,1000,False,False,False,True,cutoff,6.98897123336792,,,ou_noise,0,112596,107597,107597,16.80318785095215,-40.58797468185425,,,
263,262,,,-290.35315428492544,681,False,True,True,False,collision,4.996077537536621,,,ou_noise,0,113277,108278,108278,13.847929684951266,-41.03979019971671,,,
264,263,,,-186.20754737825985,283,False,True,True,False,collision,7.347771644592285,,,ou_noise,0,113560,108561,108561,14.576176515737608,-41.38157683463484,,,
265,264,,,126.94337401522056,282,True,False,True,False,success,0.4995056390762329,,,ou_noise,0,113842,108843,108843,14.791654815910556,-41.52184054868441,,,
266,265,,,-404.95105418133676,1000,False,False,False,True,cutoff,6.986502170562744,,,ou_noise,0,114842,109843,109843,16.01291822183132,-41.774035125732425,,,
267,266,,,-92.88028093703636,55,False,True,True,False,collision,7.728790760040283,,,ou_noise,0,114897,109898,109898,15.234256740049883,-42.410710837624286,,,
268,267,,,-85.81824478286717,196,False,True,True,False,collision,3.5051465034484863,,,ou_noise,0,115093,110094,110094,13.074737928959788,-42.163208747396666,,,
269,268,,,169.3068099897236,131,True,False,True,False,success,0.46339890360832214,,,ou_noise,0,115224,110225,110225,17.020247564061,-41.897259137102665,,,
270,269,,,-206.07766237579702,387,False,True,True,False,collision,6.483186721801758,,,ou_noise,0,115611,110612,110612,15.122648664223131,-42.225630077588775,,,
271,270,,,115.13745009129606,331,True,False,True,False,success,0.48649919033050537,,,ou_noise,0,115942,110943,110943,14.389670692541808,-42.50269446704323,,,
272,271,,,165.12260001448573,146,True,False,True,False,success,0.4789997637271881,,,ou_noise,0,116088,111089,111089,10.987502430399804,-42.65695216557751,,,
273,272,,,-99.66557143509114,88,False,True,True,False,collision,7.366740703582764,,,ou_noise,0,116176,111177,111177,14.21544397148219,-42.914965022693984,,,
274,273,,,-64.79381071257448,150,False,True,True,False,collision,2.500467538833618,,,ou_noise,0,116326,111327,111327,18.696045241355897,-42.79393816630046,,,
275,274,,,162.11414803682487,152,True,False,True,False,success,0.48885011672973633,,,ou_noise,0,116478,111479,111479,18.949969743427477,-43.00154575548674,,,
276,275,,,164.87265934187585,149,True,False,True,False,success,0.4992736279964447,,,ou_noise,0,116627,111628,111628,14.972432999002853,-43.37419515008094,,,
277,276,,,158.87205523328552,157,True,False,True,False,success,0.49417564272880554,,,ou_noise,0,116784,111785,111785,14.608157752425807,-43.462053772750174,,,
278,277,,,-251.22999723909342,619,False,True,True,False,collision,3.6576685905456543,,,ou_noise,0,117403,112404,112404,16.529296880007177,-43.60125087189559,,,
279,278,,,-139.77962436770474,187,False,True,True,False,collision,7.67178201675415,,,ou_noise,0,117590,112591,112591,14.752425904579978,-43.711054796841054,,,
280,279,,,-55.05635799377254,155,False,True,True,False,collision,1.7626276016235352,,,ou_noise,0,117745,112746,112746,16.640934250431677,-43.941256197037234,,,
281,280,,,159.18621629951633,171,True,False,True,False,success,0.49374040961265564,,,ou_noise,0,117916,112917,112917,19.78394039262805,-43.75376932244552,,,
282,281,,,126.70585148919494,287,True,False,True,False,success,0.4407029151916504,,,ou_noise,0,118203,113204,113204,19.751135977718473,-43.772480582526335,,,
283,282,,,26.124546242080072,617,True,False,True,False,success,0.4717887043952942,,,ou_noise,0,118820,113821,113821,17.028945482917116,-44.50186666058953,,,
284,283,,,-182.46603211168053,429,False,True,True,False,collision,3.808976650238037,,,ou_noise,0,119249,114250,114250,15.143775151326107,-45.022545145386026,,,
285,284,,,-328.60640623562534,1000,False,False,False,True,cutoff,4.7099199295043945,,,ou_noise,0,120249,115250,115250,16.122498200297354,-45.47403064346314,,,
286,285,,,-81.26531623308887,105,False,True,True,False,collision,5.683260917663574,,,ou_noise,0,120354,115355,115355,19.595363939376103,-45.50828821091425,,,
287,286,,,-175.85240109995837,1000,False,False,False,True,cutoff,1.4554839134216309,,,ou_noise,0,121354,116355,116355,15.554400910973548,-46.144474876403805,,,
288,287,,,-46.57281810320736,167,False,True,True,False,collision,1.1835672855377197,,,ou_noise,0,121521,116522,116522,14.655588857428043,-46.82352765020496,,,
289,288,,,148.4277950743635,213,True,False,True,False,success,0.4648992121219635,,,ou_noise,0,121734,116735,116735,21.58319259025681,-46.788405619876485,,,
290,289,,,-79.09819690719223,212,False,True,True,False,collision,2.5111806392669678,,,ou_noise,0,121946,116947,116947,20.794107329170657,-46.90102575410087,,,
291,290,,,-271.78921999329793,1000,False,False,False,True,cutoff,6.9011406898498535,,,ou_noise,0,122946,117947,117947,16.824427754402162,-47.38181684875488,,,
292,291,,,-284.10854022236566,1000,False,False,False,True,cutoff,7.007310390472412,,,ou_noise,0,123946,118947,118947,17.24126375031471,-47.66448710632324,,,
293,292,,,-119.43524455773162,227,False,True,True,False,collision,4.603786945343018,,,ou_noise,0,124173,119174,119174,16.406380335139808,-47.84983521516102,,,
294,293,,,-189.52503676169655,1000,False,False,False,True,cutoff,0.7659351229667664,,,ou_noise,0,125173,120174,120174,18.191763560533524,-48.46015181732178,,,
295,294,,,164.1644482643479,149,True,False,True,False,success,0.47204312682151794,,,ou_noise,0,125322,120323,120323,16.260980117241008,-48.75726195469799,,,
296,295,,,-355.489008887319,1000,False,False,False,True,cutoff,6.670614242553711,,,ou_noise,0,126322,121323,121323,20.931935390233992,-49.245561923980716,,,
297,296,,,-91.8097392101874,166,False,True,True,False,collision,4.1356658935546875,,,ou_noise,0,126488,121489,121489,18.31052612468421,-49.68647625934647,,,
298,297,,,-94.56845187313456,75,False,True,True,False,collision,7.396605491638184,,,ou_noise,0,126563,121564,121564,22.21245685418447,-49.85313898722331,,,
299,298,,,-181.5228348769486,372,False,True,True,False,collision,3.9451630115509033,,,ou_noise,0,126935,121936,121936,16.515903511675454,-49.717729722299886,,,
300,299,,,-248.59853239589458,636,False,True,True,False,collision,3.5784502029418945,,,ou_noise,0,127571,122572,122572,17.845191989679755,-49.84522978464762,,,
301,300,,,168.4971753545912,136,True,False,True,False,success,0.47493237257003784,,,ou_noise,0,127707,122708,122708,22.148661741439035,-50.09406199174769,,,
302,301,,,-302.4205880850758,1000,False,False,False,True,cutoff,3.871147871017456,,,ou_noise,0,128707,123708,123708,18.739831596493723,-50.506791656494144,,,
303,302,,,163.96439694094124,162,True,False,True,False,success,0.46860605478286743,,,ou_noise,0,128869,123870,123870,22.145282612906563,-50.88068227414732,,,
304,303,,,-361.6592120850986,1000,False,False,False,True,cutoff,6.478978157043457,,,ou_noise,0,129869,124870,124870,18.933319576978683,-51.19362292098999,,,
305,304,,,76.5377453677912,506,True,False,True,False,success,0.48299092054367065,,,ou_noise,0,130375,125376,125376,18.32192375184048,-51.55503486361899,,,
306,305,,,129.29780282660099,301,True,False,True,False,success,0.4752172529697418,,,ou_noise,0,130676,125677,125677,22.307307896820017,-52.0492544332612,,,
307,306,,,-101.6897020355998,113,False,True,True,False,collision,6.99035120010376,,,ou_noise,0,130789,125790,125790,16.650240207140424,-52.08934183036332,,,
308,307,,,-203.10667324636606,1000,False,False,False,True,cutoff,1.0310181379318237,,,ou_noise,0,131789,126790,126790,19.37332897365093,-52.71531237411499,,,
309,308,,,-217.59319548892248,1000,False,False,False,True,cutoff,5.2404255867004395,,,ou_noise,0,132789,127790,127790,20.893846133708955,-53.546557926177975,,,
310,309,,,-309.75670129461304,1000,False,False,False,True,cutoff,7.462658405303955,,,ou_noise,0,133789,128790,128790,18.003142063975336,-53.94947359085083,,,
311,310,,,-123.55985922387495,229,False,True,True,False,collision,6.542325496673584,,,ou_noise,0,134018,129019,129019,19.91588634799141,-54.06819617592091,,,
312,311,,,-88.9393527477977,70,False,True,True,False,collision,7.1613264083862305,,,ou_noise,0,134088,129089,129089,22.1062785080501,-54.32347237723214,,,
313,312,,,-208.71096372519037,1000,False,False,False,True,cutoff,4.556400775909424,,,ou_noise,0,135088,130089,130089,19.646452671647072,-54.56076356887817,,,
314,313,,,147.30396603217025,205,True,False,True,False,success,0.49565595388412476,,,ou_noise,0,135293,130294,130294,21.992042811323955,-54.81382831480445,,,
315,314,,,121.92223835327127,324,True,False,True,False,success,0.4799790680408478,,,ou_noise,0,135617,130618,130618,17.954037371608948,-54.92911576636044,,,
316,315,,,-174.57276419295806,1000,False,False,False,True,cutoff,3.1571731567382812,,,ou_noise,0,136617,131618,131618,19.562386758327484,-55.39534692764282,,,
317,316,,,129.08487117466672,301,True,False,True,False,success,0.46568068861961365,,,ou_noise,0,136918,131919,131919,21.695702335763215,-55.73274943202833,,,
318,317,,,121.3571652453899,332,True,False,True,False,success,0.453758180141449,,,ou_noise,0,137250,132251,132251,19.433828042932305,-55.795279112206885,,,
319,318,,,127.62617419331986,312,True,False,True,False,success,0.46467167139053345,,,ou_noise,0,137562,132563,132563,19.105252025983273,-56.175867031782104,,,
320,319,,,-102.74195340650913,94,False,True,True,False,collision,7.444758892059326,,,ou_noise,0,137656,132657,132657,17.10906730814183,-56.33387480390833,,,
321,320,,,-149.07964532207438,1000,False,False,False,True,cutoff,1.3351218700408936,,,ou_noise,0,138656,133657,133657,21.236145016312598,-56.612523887634275,,,
322,321,,,-170.48523856959207,1000,False,False,False,True,cutoff,1.146131157875061,,,ou_noise,0,139656,134657,134657,18.792450883865357,-57.49367085647583,,,
323,322,,,-249.14267573788163,1000,False,False,False,True,cutoff,8.778244972229004,,,ou_noise,0,140656,135657,135657,18.63788990986347,-58.03992512512207,,,
324,323,,,-238.24124906381306,1000,False,False,False,True,cutoff,7.9261627197265625,,,ou_noise,0,141656,136657,136657,17.945583488941192,-58.628150634765625,,,
325,324,,,-278.07807262552814,1000,False,False,False,True,cutoff,8.365784645080566,,,ou_noise,0,142656,137657,137657,19.338543936133384,-59.06012617492676,,,
326,325,,,6.93026349350427,857,True,False,True,False,success,0.48711150884628296,,,ou_noise,0,143513,138514,138514,18.788126469632154,-59.73773147066666,,,
327,326,,,-277.0651134090669,1000,False,False,False,True,cutoff,7.887499809265137,,,ou_noise,0,144513,139514,139514,22.274235283374786,-60.56471971130371,,,
328,327,,,-268.1255895627821,1000,False,False,False,True,cutoff,4.5500006675720215,,,ou_noise,0,145513,140514,140514,19.009730785489083,-60.94174419021606,,,
329,328,,,108.94070159575128,326,True,False,True,False,success,0.45104023814201355,,,ou_noise,0,145839,140840,140840,20.739863704318648,-61.26508772446334,,,
330,329,,,-245.60415023439325,1000,False,False,False,True,cutoff,3.0449891090393066,,,ou_noise,0,146839,141840,141840,21.49798822760582,-61.72130207824707,,,
331,330,,,-142.9377192770228,1000,False,False,False,True,cutoff,0.899703860282898,,,ou_noise,0,147839,142840,142840,19.599453548908233,-62.40212477111817,,,
332,331,,,-297.6227494070601,1000,False,False,False,True,cutoff,8.061200141906738,,,ou_noise,0,148839,143840,143840,18.684554954648018,-62.912839504241944,,,
333,332,,,-118.77003383971268,150,False,True,True,False,collision,7.244528293609619,,,ou_noise,0,148989,143990,143990,18.397944474220274,-63.02641693115234,,,
334,333,,,-246.6866492650532,773,False,True,True,False,collision,3.426393985748291,,,ou_noise,0,149762,144763,144763,18.058123217517316,-63.49982576752696,,,
335,334,,,-291.43774535101824,1000,False,False,False,True,cutoff,5.6705756187438965,,,ou_noise,0,150762,145763,145763,21.561573511600493,-63.999266605377194,,,
336,335,,,-336.55516552062426,1000,False,False,False,True,cutoff,8.378477096557617,,,ou_noise,0,151762,146763,146763,19.939144609689713,-64.38638008117675,,,
337,336,,,101.90293799981403,361,True,False,True,False,success,0.48715224862098694,,,ou_noise,0,152123,147124,147124,23.00951064524558,-64.78792335320047,,,
338,337,,,-289.28612523434754,1000,False,False,False,True,cutoff,4.264431953430176,,,ou_noise,0,153123,148124,148124,22.48592774939537,-65.14034614562988,,,
339,338,,,-234.17210001359882,1000,False,False,False,True,cutoff,4.733776092529297,,,ou_noise,0,154123,149124,149124,21.078654361009598,-65.74736393737793,,,
340,339,,,-303.60869992027716,1000,False,False,False,True,cutoff,7.897465229034424,,,ou_noise,0,155123,150124,150124,18.221810623407364,-66.17699535369873,,,
341,340,,,135.70897071837675,272,True,False,True,False,success,0.49836885929107666,,,ou_noise,0,155395,150396,150396,27.65424234376234,-66.5422325555016,,,
342,341,,,-201.91251738139925,460,False,True,True,False,collision,6.190699577331543,,,ou_noise,0,155855,150856,150856,17.809116658438807,-66.52507132654604,,,
343,342,,,-89.85261157183527,985,True,False,True,False,success,0.478764146566391,,,ou_noise,0,156840,151841,151841,20.016752932398454,-66.98920985575255,,,
344,343,,,-238.9707842929799,1000,False,False,False,True,cutoff,6.380111217498779,,,ou_noise,0,157840,152841,152841,19.665758752822875,-67.56183907699585,,,
345,344,,,162.17422500526243,145,True,False,True,False,success,0.4967571496963501,,,ou_noise,0,157985,152986,152986,16.282284179227105,-67.62936012004984,,,
346,345,,,162.93934270597137,145,True,False,True,False,success,0.45241013169288635,,,ou_noise,0,158130,153131,153131,24.151850445517177,-67.8078173933358,,,
347,346,,,-320.7505965646114,1000,False,False,False,True,cutoff,7.885397911071777,,,ou_noise,0,159130,154131,154131,19.601542448282242,-68.01002145385742,,,
348,347,,,-324.08077904539175,1000,False,False,False,True,cutoff,7.992074966430664,,,ou_noise,0,160130,155131,155131,20.979271355628967,-68.24768613052368,,,
349,348,,,-296.48271809174037,1000,False,False,False,True,cutoff,8.418291091918945,,,ou_noise,0,161130,156131,156131,21.198176736831666,-68.67196020889283,,,
350,349,,,-321.68769513025,1000,False,False,False,True,cutoff,7.562020301818848,,,ou_noise,0,162130,157131,157131,21.431775203704834,-68.97832804870606,,,
351,350,,,135.7470422798814,251,True,False,True,False,success,0.49048200249671936,,,ou_noise,0,162381,157382,157382,20.451269853637513,-68.97716482702005,,,
352,351,,,161.14399516488916,153,True,False,True,False,success,0.4237922728061676,,,ou_noise,0,162534,157535,157535,14.135948714087991,-69.27392493353949,,,
353,352,,,-293.69876630605745,658,False,True,True,False,collision,7.460634708404541,,,ou_noise,0,163192,158193,158193,19.158434067272488,-69.32699437706667,,,
354,353,,,-246.1884665221038,1000,False,False,False,True,cutoff,3.8041858673095703,,,ou_noise,0,164192,159193,159193,16.989651220083235,-69.60512690734863,,,
355,354,,,-62.09457246401909,96,False,True,True,False,collision,4.11021614074707,,,ou_noise,0,164288,159289,159289,26.331770824889343,-69.83680319786072,,,
356,355,,,-184.74031034777286,340,False,True,True,False,collision,8.18254566192627,,,ou_noise,0,164628,159629,159629,18.50754952921587,-69.75344440235811,,,
357,356,,,-283.43979228847496,1000,False,False,False,True,cutoff,8.062721252441406,,,ou_noise,0,165628,160629,160629,19.248134462594987,-69.92373083496093,,,
358,357,,,-266.22065011392465,1000,False,False,False,True,cutoff,8.725876808166504,,,ou_noise,0,166628,161629,161629,23.30909574508667,-70.04540913391114,,,
359,358,,,-197.2029634507675,1000,False,False,False,True,cutoff,6.014681816101074,,,ou_noise,0,167628,162629,162629,18.9928627679348,-70.31503083038331,,,
360,359,,,162.78978003429222,149,True,False,True,False,success,0.46173936128616333,,,ou_noise,0,167777,162778,162778,19.891981904138653,-70.32794501797464,,,
361,360,,,-235.16225130015212,1000,False,False,False,True,cutoff,6.376388072967529,,,ou_noise,0,168777,163778,163778,20.199040338516234,-70.71059704589844,,,
362,361,,,-245.5978355802771,1000,False,False,False,True,cutoff,7.868134021759033,,,ou_noise,0,169777,164778,164778,20.15679950261116,-70.86492729949951,,,
363,362,,,-240.51755609020762,1000,False,False,False,True,cutoff,7.820824146270752,,,ou_noise,0,170777,165778,165778,20.841171476840973,-70.97208387756348,,,
364,363,,,116.60384527513902,329,True,False,True,False,success,0.49848824739456177,,,ou_noise,0,171106,166107,166107,20.53588141858759,-71.01594225758839,,,
365,364,,,-245.5941800907144,1000,False,False,False,True,cutoff,8.232157707214355,,,ou_noise,0,172106,167107,167107,20.696604795694352,-71.25468759155274,,,
366,365,,,163.85506027506096,147,True,False,True,False,success,0.47220391035079956,,,ou_noise,0,172253,167254,167254,17.71868687097718,-71.36705468625439,,,
367,366,,,-239.72296066259966,1000,False,False,False,True,cutoff,7.934741497039795,,,ou_noise,0,173253,168254,168254,22.762674003601074,-71.38206510162354,,,
368,367,,,-245.44018412288426,1000,False,False,False,True,cutoff,8.038315773010254,,,ou_noise,0,174253,169254,169254,21.317805871486662,-71.43865103912354,,,
369,368,,,-247.46979395550736,1000,False,False,False,True,cutoff,8.420914649963379,,,ou_noise,0,175253,170254,170254,20.648844269514083,-71.5581901397705,,,
370,369,,,150.26048615898515,192,True,False,True,False,success,0.4952380955219269,,,ou_noise,0,175445,170446,170446,17.797194678336382,-71.63259689013164,,,
371,370,,,164.35283238834006,141,True,False,True,False,success,0.4960781931877136,,,ou_noise,0,175586,170587,170587,28.211817345720657,-71.46510222955798,,,
372,371,,,-258.2260337306062,1000,False,False,False,True,cutoff,8.86584758758545,,,ou_noise,0,176586,171587,171587,20.265298275470734,-71.76960875701904,,,
373,372,,,169.13897438908504,128,True,False,True,False,success,0.48577967286109924,,,ou_noise,0,176714,171715,171715,19.349630197510123,-71.7684611082077,,,
374,373,,,14.437525494444117,640,True,False,True,False,success,0.49154171347618103,,,ou_noise,0,177354,172355,172355,21.374336595833302,-72.03278045654297,,,
375,374,,,-231.1218900422135,1000,False,False,False,True,cutoff,8.6087007522583,,,ou_noise,0,178354,173355,173355,18.914713386535645,-72.2404174194336,,,
376,375,,,96.46693161092,390,True,False,True,False,success,0.4756178855895996,,,ou_noise,0,178744,173745,173745,20.9039211615538,-72.33978355603341,,,
377,376,,,160.91177292193962,156,True,False,True,False,success,0.4983179569244385,,,ou_noise,0,178900,173901,173901,17.39004140633803,-72.7341750218318,,,
378,377,,,-233.85851216541613,1000,False,False,False,True,cutoff,9.000479698181152,,,ou_noise,0,179900,174901,174901,21.158968458414076,-72.51108554840089,,,
379,378,,,-69.29146722129225,82,False,True,True,False,collision,5.297126293182373,,,ou_noise,0,179982,174983,174983,18.803363512202008,-72.73740526524986,,,
380,379,,,76.94575838889845,480,True,False,True,False,success,0.4828290343284607,,,ou_noise,0,180462,175463,175463,20.7036326110363,-72.66970636049906,,,
381,380,,,-229.16314181389885,1000,False,False,False,True,cutoff,8.930203437805176,,,ou_noise,0,181462,176463,176463,19.148055922031403,-72.93557988739013,,,
382,381,,,168.26834744118634,134,True,False,True,False,success,0.48903489112854004,,,ou_noise,0,181596,176597,176597,14.220239057469724,-72.9796200083263,,,
383,382,,,-212.2520687112685,1000,False,False,False,True,cutoff,8.329679489135742,,,ou_noise,0,182596,177597,177597,19.205138502836228,-73.10871792602539,,,
384,383,,,-204.20113422566354,1000,False,False,False,True,cutoff,8.195354461669922,,,ou_noise,0,183596,178597,178597,21.1046130027771,-73.22248676300049,,,
385,384,,,-233.85932986815584,1000,False,False,False,True,cutoff,5.048506736755371,,,ou_noise,0,184596,179597,179597,18.464518501520157,-73.4984310760498,,,
386,385,,,-186.02830277953808,645,False,True,True,False,collision,2.42352557182312,,,ou_noise,0,185241,180242,180242,20.51892704335294,-73.671493885129,,,
387,386,,,-225.88556230351838,1000,False,False,False,True,cutoff,8.239349365234375,,,ou_noise,0,186241,181242,181242,20.526037606477736,-73.82541717529297,,,
388,387,,,-224.43529642699397,1000,False,False,False,True,cutoff,8.116008758544922,,,ou_noise,0,187241,182242,182242,18.838769654273985,-73.83914994049073,,,
389,388,,,-229.67879840890998,1000,False,False,False,True,cutoff,8.123085975646973,,,ou_noise,0,188241,183242,183242,21.435375809669495,-73.97169663238526,,,
390,389,,,-199.17166491192657,1000,False,False,False,True,cutoff,8.146719932556152,,,ou_noise,0,189241,184242,184242,20.417771393060683,-73.9904683303833,,,
391,390,,,156.78849111570153,162,True,False,True,False,success,0.48260557651519775,,,ou_noise,0,189403,184404,184404,16.339446482834994,-73.97407771922924,,,
392,391,,,-244.55228534533742,1000,False,False,False,True,cutoff,8.093158721923828,,,ou_noise,0,190403,185404,185404,20.865479757785796,-74.17468029022217,,,
393,392,,,-223.68851353615517,1000,False,False,False,True,cutoff,7.8951334953308105,,,ou_noise,0,191403,186404,186404,20.854729532957077,-74.21404322052003,,,
394,393,,,-253.15772668439521,1000,False,False,False,True,cutoff,8.206549644470215,,,ou_noise,0,192403,187404,187404,21.833104544878005,-74.29990625,,,
395,394,,,167.59700557074336,140,True,False,True,False,success,0.43380239605903625,,,ou_noise,0,192543,187544,187544,19.06454497064863,-74.48630583626884,,,
396,395,,,-190.51484559708604,589,False,True,True,False,collision,2.50767183303833,,,ou_noise,0,193132,188133,188133,20.372859018970225,-74.57782014804704,,,
397,396,,,-234.81807731048792,1000,False,False,False,True,cutoff,8.061036109924316,,,ou_noise,0,194132,189133,189133,21.69980428147316,-74.59005842590332,,,
398,397,,,-210.64446198452362,1000,False,False,False,True,cutoff,4.697320461273193,,,ou_noise,0,195132,190133,190133,21.18376315140724,-74.7586091003418,,,
399,398,,,162.02226902895555,141,True,False,True,False,success,0.48932328820228577,,,ou_noise,0,195273,190274,190274,26.512401890247425,-74.85073095010527,,,
400,399,,,168.6736061823108,125,True,False,True,False,success,0.468398779630661,,,ou_noise,0,195398,190399,190399,19.90399291610718,-75.11011071777344,,,
401,400,,,-190.05534838431538,448,False,True,True,False,collision,7.751096248626709,,,ou_noise,0,195846,190847,190847,21.57381336763501,-75.03653034142086,,,
402,401,,,171.93489060384434,119,True,False,True,False,success,0.47773030400276184,,,ou_noise,0,195965,190966,190966,28.641592334298526,-75.17785599652458,,,
403,402,,,-273.3673341310131,722,False,True,True,False,collision,7.66472053527832,,,ou_noise,0,196687,191688,191688,18.36469704523641,-75.05748908341427,,,
404,403,,,167.8529566423197,134,True,False,True,False,success,0.4930694103240967,,,ou_noise,0,196821,191822,191822,20.38199948374905,-75.14069679601869,,,
405,404,,,90.98942241930075,394,True,False,True,False,success,0.431338906288147,,,ou_noise,0,197215,192216,192216,21.582316504517184,-75.19863763799522,,,
406,405,,,-35.36764713096974,756,True,False,True,False,success,0.49120762944221497,,,ou_noise,0,197971,192972,192972,23.15110148733886,-75.50886352983102,,,
407,406,,,-266.5449266283553,1000,False,False,False,True,cutoff,8.721877098083496,,,ou_noise,0,198971,193972,193972,20.546423012018202,-75.73930549621582,,,
408,407,,,-278.8147577659861,1000,False,False,False,True,cutoff,8.4584379196167,,,ou_noise,0,199971,194972,194972,20.694091739416123,-75.8563747177124,,,
409,408,,,161.6763533798036,148,True,False,True,False,success,0.4809306859970093,,,ou_noise,0,200119,195120,195120,14.815142348005965,-76.08978410669275,,,
410,409,,,-242.83423419877766,1000,False,False,False,True,cutoff,8.561899185180664,,,ou_noise,0,201119,196120,196120,20.6546153280735,-75.99493550109864,,,
411,410,,,144.21572270872187,207,True,False,True,False,success,0.4920089840888977,,,ou_noise,0,201326,196327,196327,18.082395168894156,-76.16137470484932,,,
412,411,,,-118.12186496703971,167,False,True,True,False,collision,7.341696262359619,,,ou_noise,0,201493,196494,196494,19.590643347380404,-76.03313907463394,,,
413,412,,,164.8737862764508,141,True,False,True,False,success,0.4660426378250122,,,ou_noise,0,201634,196635,196635,17.335086541818388,-76.21069373813927,,,
414,413,,,-125.40532027849233,189,False,True,True,False,collision,8.140439987182617,,,ou_noise,0,201823,196824,196824,14.451480228434164,-76.29776937494833,,,
415,414,,,163.21204168969945,144,True,False,True,False,success,0.4720378518104553,,,ou_noise,0,201967,196968,196968,20.039984019266235,-76.24141661326091,,,
416,415,,,167.58481334913222,130,True,False,True,False,success,0.4465843141078949,,,ou_noise,0,202097,197098,197098,25.40937464420612,-76.08983987661509,,,
417,416,,,167.2853224712777,134,True,False,True,False,success,0.4668266773223877,,,ou_noise,0,202231,197232,197232,15.767604080598746,-76.20987923465557,,,
418,417,,,-49.66701201784538,148,False,True,True,False,collision,1.4134066104888916,,,ou_noise,0,202379,197380,197380,19.394582403672707,-76.40047496073954,,,
419,418,,,164.85424985156408,145,True,False,True,False,success,0.45757928490638733,,,ou_noise,0,202524,197525,197525,17.927955114430393,-76.6141008048222,,,
420,419,,,-270.3511526708671,1000,False,False,False,True,cutoff,8.99281120300293,,,ou_noise,0,203524,198525,198525,22.2762802028656,-76.40870769500732,,,
421,420,,,169.40291678157973,126,True,False,True,False,success,0.41418519616127014,,,ou_noise,0,203650,198651,198651,19.869646458398726,-76.4028684222509,,,
422,421,,,-237.7399032072909,1000,False,False,False,True,cutoff,2.3958277702331543,,,ou_noise,0,204650,199651,199651,21.387313495159148,-76.67511112976074,,,
423,422,,,18.287044398580733,600,True,False,True,False,success,0.49595415592193604,,,ou_noise,0,205250,200251,200251,22.83500006635984,-76.95422454833984,,,
424,423,,,-93.20385995328348,153,False,True,True,False,collision,5.049865245819092,,,ou_noise,0,205403,200404,200404,21.63990745513268,-77.1355508043875,,,
425,424,,,-201.52672065234765,1000,False,False,False,True,cutoff,5.0944061279296875,,,ou_noise,0,206403,201404,201404,20.199852130413056,-77.08013545227051,,,
426,425,,,-115.75552882378474,336,False,True,True,False,collision,1.3388335704803467,,,ou_noise,0,206739,201740,201740,17.963150639619148,-77.34139015561058,,,
427,426,,,164.326391999733,143,True,False,True,False,success,0.48852622509002686,,,ou_noise,0,206882,201883,201883,22.499408536857658,-77.45040205308608,,,
428,427,,,168.66054278552588,134,True,False,True,False,success,0.44834354519844055,,,ou_noise,0,207016,202017,202017,19.677420897270316,-77.47846796975207,,,
429,428,,,-63.18644157958673,74,False,True,True,False,collision,5.03244161605835,,,ou_noise,0,207090,202091,202091,32.57224415766226,-77.65322576986777,,,
430,429,,,-181.17668445830117,370,False,True,True,False,collision,5.380682945251465,,,ou_noise,0,207460,202461,202461,15.661561957565514,-77.42232445381784,,,
431,430,,,-216.22347347937722,1000,False,False,False,True,cutoff,5.711389541625977,,,ou_noise,0,208460,203461,203461,23.120587121725084,-77.53638910675049,,,
432,431,,,-85.90001463559783,46,False,True,True,False,collision,7.765107154846191,,,ou_noise,0,208506,203507,203507,25.81778847652933,-77.45481773044752,,,
433,432,,,-214.4684540747333,1000,False,False,False,True,cutoff,1.401283621788025,,,ou_noise,0,209506,204507,204507,22.09203062415123,-77.82651499938964,,,
434,433,,,140.25598593451772,203,True,False,True,False,success,0.48778364062309265,,,ou_noise,0,209709,204710,204710,23.984872183776254,-77.88363737660676,,,
435,434,,,166.31986868032672,141,True,False,True,False,success,0.41777220368385315,,,ou_noise,0,209850,204851,204851,23.382566506135547,-78.17749791787871,,,
436,435,,,167.26511680094941,133,True,False,True,False,success,0.41631606221199036,,,ou_noise,0,209983,204984,204984,25.780450953576796,-77.97884420523967,,,
437,436,,,-20.006009944988108,720,True,False,True,False,success,0.4283173680305481,,,ou_noise,0,210703,205704,205704,22.427891068160534,-78.02559758292304,,,
438,437,,,165.8341048986673,129,True,False,True,False,success,0.4329768121242523,,,ou_noise,0,210832,205833,205833,18.8074924853421,-78.2105582185494,,,
439,438,,,-44.71481775582089,118,False,True,True,False,collision,1.8316618204116821,,,ou_noise,0,210950,205951,205951,18.4816580142005,-78.26566650907873,,,
440,439,,,166.09531405648062,136,True,False,True,False,success,0.4378417432308197,,,ou_noise,0,211086,206087,206087,16.341592765906277,-78.22585560293759,,,
441,440,,,165.0865197034946,143,True,False,True,False,success,0.47786712646484375,,,ou_noise,0,211229,206230,206230,18.848660344010465,-78.07397962450148,,,
442,441,,,155.78123474416842,156,True,False,True,False,success,0.4987584352493286,,,ou_noise,0,211385,206386,206386,19.75574049888513,-78.58152184119591,,,
443,442,,,-175.34565355321368,381,False,True,True,False,collision,4.525271892547607,,,ou_noise,0,211766,206767,206767,21.191742498417852,-78.27387259575951,,,
444,443,,,85.84364118200516,391,True,False,True,False,success,0.4564148485660553,,,ou_noise,0,212157,207158,207158,21.893630384484215,-78.34155212948694,,,
445,444,,,83.50939896120911,347,True,False,True,False,success,0.4310838580131531,,,ou_noise,0,212504,207505,207505,26.239599077433606,-78.43769919975347,,,
446,445,,,173.2578238418597,115,True,False,True,False,success,0.47805696725845337,,,ou_noise,0,212619,207620,207620,13.721188024852587,-78.40567474365234,,,
447,446,,,169.949872760451,127,True,False,True,False,success,0.46488162875175476,,,ou_noise,0,212746,207747,207747,25.090452627872857,-78.6357292115219,,,
448,447,,,126.31535554347533,248,True,False,True,False,success,0.4583803713321686,,,ou_noise,0,212994,207995,207995,23.374437750347198,-78.56304079486478,,,
449,448,,,97.08644305247928,342,True,False,True,False,success,0.43949469923973083,,,ou_noise,0,213336,208337,208337,21.962568739004304,-78.59699644122207,,,
450,449,,,-62.7705809019653,135,False,True,True,False,collision,3.064439535140991,,,ou_noise,0,213471,208472,208472,24.218862189186943,-78.9302003648546,,,
451,450,,,-214.25090317790534,419,False,True,True,False,collision,4.795995712280273,,,ou_noise,0,213890,208891,208891,18.695798181406353,-78.82781962392438,,,
452,451,,,168.9468081983597,130,True,False,True,False,success,0.4493214786052704,,,ou_noise,0,214020,209021,209021,25.119970338161174,-78.76754848773663,,,
453,452,,,160.01113952798147,149,True,False,True,False,success,0.4442960321903229,,,ou_noise,0,214169,209170,209170,21.536816491376634,-79.01618870472748,,,
454,453,,,-56.47507181141168,129,False,True,True,False,collision,2.6214187145233154,,,ou_noise,0,214298,209299,209299,23.753011598143466,-78.80943369310955,,,
455,454,,,-67.72871169038355,140,False,True,True,False,collision,3.196540355682373,,,ou_noise,0,214438,209439,209439,17.845147488798414,-78.97275603158134,,,
456,455,,,162.81191420478845,149,True,False,True,False,success,0.4625152349472046,,,ou_noise,0,214587,209588,209588,19.53665692534223,-78.7900483816262,,,
457,456,,,140.84117175884077,201,True,False,True,False,success,0.4656560719013214,,,ou_noise,0,214788,209789,209789,24.252074633071672,-79.02017363742809,,,
458,457,,,138.06822185002466,219,True,False,True,False,success,0.4170600473880768,,,ou_noise,0,215007,210008,210008,28.119049702605157,-79.0131220708699,,,
459,458,,,-63.85255253671323,135,False,True,True,False,collision,2.994680881500244,,,ou_noise,0,215142,210143,210143,24.238546731736925,-79.00658688015407,,,
460,459,,,-61.46192799346115,143,False,True,True,False,collision,2.606123685836792,,,ou_noise,0,215285,210286,210286,18.96891459885177,-79.14097717925385,,,
461,460,,,147.7941640740274,192,True,False,True,False,success,0.44204121828079224,,,ou_noise,0,215477,210478,210478,25.023980141927797,-79.0701808532079,,,
462,461,,,172.19221819488075,123,True,False,True,False,success,0.4314313530921936,,,ou_noise,0,215600,210601,210601,18.20454836279396,-79.30960579228595,,,
463,462,,,163.27962967881334,143,True,False,True,False,success,0.42627906799316406,,,ou_noise,0,215743,210744,210744,21.24013606985132,-78.98782690088233,,,
464,463,,,143.16617498485795,220,True,False,True,False,success,0.45883962512016296,,,ou_noise,0,215963,210964,210964,26.710294582627036,-79.29876497442072,,,
465,464,,,-259.8254668909641,1000,False,False,False,True,cutoff,2.3596103191375732,,,ou_noise,0,216963,211964,211964,21.204607245922087,-79.23103467559814,,,
466,465,,,145.11747933804338,208,True,False,True,False,success,0.4856908619403839,,,ou_noise,0,217171,212172,212172,23.05386771490941,-79.4782440845783,,,
467,466,,,-60.40689082144297,139,False,True,True,False,collision,2.6941275596618652,,,ou_noise,0,217310,212311,212311,25.205592321834978,-79.39634891208128,,,
468,467,,,-147.95843530968418,429,False,True,True,False,collision,3.4762141704559326,,,ou_noise,0,217739,212740,212740,25.95763187141685,-79.35568649896653,,,
469,468,,,6.8875375912294885,770,True,False,True,False,success,0.4731740951538086,,,ou_noise,0,218509,213510,213510,24.221816774157734,-79.48841457614651,,,
470,469,,,-97.8051189443023,181,False,True,True,False,collision,4.249842166900635,,,ou_noise,0,218690,213691,213691,17.721427084991287,-79.739201371841,,,
471,470,,,-132.90692001793803,289,False,True,True,False,collision,6.107767105102539,,,ou_noise,0,218979,213980,213980,18.39525277556845,-79.56173442061797,,,
472,471,,,-70.69243183448489,143,False,True,True,False,collision,3.1003196239471436,,,ou_noise,0,219122,214123,214123,20.159442158012123,-79.81093549394942,,,
473,472,,,-62.720529258099376,110,False,True,True,False,collision,3.5759358406066895,,,ou_noise,0,219232,214233,214233,16.761427859826522,-79.51182833584872,,,
474,473,,,-262.2218588372358,1000,False,False,False,True,cutoff,6.45363712310791,,,ou_noise,0,220232,215233,215233,25.45505134987831,-79.64967588806152,,,
475,474,,,-72.66637521186195,84,False,True,True,False,collision,5.2332611083984375,,,ou_noise,0,220316,215317,215317,20.66474218311764,-79.71098709106445,,,
476,475,,,-107.4157430385779,264,False,True,True,False,collision,2.8330681324005127,,,ou_noise,0,220580,215581,215581,26.0469054823572,-79.69095602902499,,,
477,476,,,-73.55909273404622,192,False,True,True,False,collision,2.7830357551574707,,,ou_noise,0,220772,215773,215773,19.17029082402587,-79.84029376506805,,,
478,477,,,161.19956814293406,153,True,False,True,False,success,0.4545724093914032,,,ou_noise,0,220925,215926,215926,20.723407712637208,-79.40385217604295,,,
479,478,,,163.83076289839786,144,True,False,True,False,success,0.4720733165740967,,,ou_noise,0,221069,216070,216070,29.789753824472427,-79.88330671522353,,,
480,479,,,-138.70840765583463,737,True,False,True,False,success,0.40715715289115906,,,ou_noise,0,221806,216807,216807,24.189917206602473,-79.77277566814034,,,
481,480,,,150.3606230439247,181,True,False,True,False,success,0.4656870365142822,,,ou_noise,0,221987,216988,216988,29.064242647497693,-79.74892956644132,,,
482,481,,,-205.3293935710508,1000,False,False,False,True,cutoff,5.5924224853515625,,,ou_noise,0,222987,217988,217988,23.92671549153328,-79.93780451202393,,,
483,482,,,-115.644239632398,170,False,True,True,False,collision,6.107991695404053,,,ou_noise,0,223157,218158,218158,22.25682904439814,-80.12836231904872,,,
484,483,,,161.72432989036164,143,True,False,True,False,success,0.4653724431991577,,,ou_noise,0,223300,218301,218301,24.188199551789076,-80.13963659326514,,,
485,484,,,-86.69623680619074,212,False,True,True,False,collision,3.249823808670044,,,ou_noise,0,223512,218513,218513,21.258238228986848,-79.97792215167351,,,
486,485,,,-56.42130069748922,89,False,True,True,False,collision,4.037547588348389,,,ou_noise,0,223601,218602,218602,21.261131581295743,-80.48970126034169,,,
487,486,,,-187.01790590525388,1000,False,False,False,True,cutoff,3.18798565864563,,,ou_noise,0,224601,219602,219602,20.94008825469017,-80.11639901733399,,,
488,487,,,46.920471588880105,525,True,False,True,False,success,0.4451848566532135,,,ou_noise,0,225126,220127,220127,24.113439396449497,-80.391922374907,,,
489,488,,,-75.05885235918501,160,False,True,True,False,collision,3.0381360054016113,,,ou_noise,0,225286,220287,220287,21.283543825149536,-80.3137559890747,,,
490,489,,,-66.90096243867009,87,False,True,True,False,collision,4.89988899230957,,,ou_noise,0,225373,220374,220374,25.835493296042255,-80.3698265689543,,,
491,490,,,148.85746653057953,184,True,False,True,False,success,0.47510287165641785,,,ou_noise,0,225557,220558,220558,20.85980788261994,-80.2443263427071,,,
492,491,,,171.12694624343249,121,True,False,True,False,success,0.48008424043655396,,,ou_noise,0,225678,220679,220679,22.802190991472607,-80.40728135542436,,,
493,492,,,-190.85943392276545,549,False,True,True,False,collision,4.342209339141846,,,ou_noise,0,226227,221228,221228,25.96015569942245,-80.46476248096681,,,
494,493,,,174.13755550021932,120,True,False,True,False,success,0.4346384108066559,,,ou_noise,0,226347,221348,221348,27.035217662652332,-80.38349304199218,,,
495,494,,,-91.18645210809558,157,False,True,True,False,collision,4.5766282081604,,,ou_noise,0,226504,221505,221505,18.330667518506385,-80.52904116879603,,,
496,495,,,-79.25200094245227,138,False,True,True,False,collision,4.386767864227295,,,ou_noise,0,226642,221643,221643,15.54704015151314,-80.47182608341825,,,
497,496,,,170.90778423784107,125,True,False,True,False,success,0.455097496509552,,,ou_noise,0,226767,221768,221768,26.38986431312561,-80.40366107177735,,,
498,497,,,145.8529852711617,200,True,False,True,False,success,0.4694169759750366,,,ou_noise,0,226967,221968,221968,27.022849562168123,-80.50841194152832,,,
499,498,,,84.54540788281012,403,True,False,True,False,success,0.4772009253501892,,,ou_noise,0,227370,222371,222371,26.32000157495882,-80.61594951241543,,,
500,499,,,167.06305912164913,134,True,False,True,False,success,0.45638686418533325,,,ou_noise,0,227504,222505,222505,23.28762946911712,-80.57299576944379,,,
501,500,,,169.8862363362299,124,True,False,True,False,success,0.48837149143218994,,,ou_noise,0,227628,222629,222629,24.855770834030643,-80.56408796002788,,,
502,501,,,167.0869113291427,137,True,False,True,False,success,0.4544817805290222,,,ou_noise,0,227765,222766,222766,29.835904807069877,-80.7311717680771,,,
503,502,,,-103.97018746011274,40,False,True,True,False,collision,9.676668167114258,,,ou_noise,0,227805,222806,222806,11.150886023044587,-80.82480354309082,,,
504,503,,,157.3644950776916,157,True,False,True,False,success,0.47889387607574463,,,ou_noise,0,227962,222963,222963,26.5898462799704,-80.60747357994128,,,
505,504,,,-101.66442166357736,207,False,True,True,False,collision,3.9024643898010254,,,ou_noise,0,228169,223170,223170,22.707968080677272,-80.82426876491971,,,
506,505,,,-75.26973802092031,258,False,True,True,False,collision,1.387898564338684,,,ou_noise,0,228427,223428,223428,26.485710810321248,-80.95156777551932,,,
507,506,,,-74.4105586257648,123,False,True,True,False,collision,4.290287494659424,,,ou_noise,0,228550,223551,223551,22.96784296074534,-80.74718084567931,,,
508,507,,,-146.02380082710707,137,False,True,True,False,collision,9.479790687561035,,,ou_noise,0,228687,223688,223688,26.902596767801437,-81.0490837375613,,,
509,508,,,166.85334220454394,130,True,False,True,False,success,0.44297462701797485,,,ou_noise,0,228817,223818,223818,22.172929354814382,-80.88365537203275,,,
510,509,,,-180.3527536856938,195,False,True,True,False,collision,9.745550155639648,,,ou_noise,0,229012,224013,224013,25.864218044281007,-80.84253242688301,,,
511,510,,,-300.8939865887324,1000,False,False,False,True,cutoff,5.968736171722412,,,ou_noise,0,230012,225013,225013,25.575845650434495,-80.98309624481202,,,
512,511,,,-184.3864688748533,1000,False,False,False,True,cutoff,4.2247748374938965,,,ou_noise,0,231012,226013,226013,26.603805868148804,-80.94756607055665,,,
513,512,,,-116.25849228379414,78,False,True,True,False,collision,9.30081558227539,,,ou_noise,0,231090,226091,226091,33.162643016913,-80.91109251364684,,,
514,513,,,-145.08160662042826,142,False,True,True,False,collision,9.283895492553711,,,ou_noise,0,231232,226233,226233,26.141198420188797,-80.97355334859499,,,
515,514,,,-76.80001645270711,121,False,True,True,False,collision,4.57559061050415,,,ou_noise,0,231353,226354,226354,25.072604474942548,-80.95219005237927,,,
516,515,,,-101.55549869751195,205,False,True,True,False,collision,4.441481113433838,,,ou_noise,0,231558,226559,226559,25.31496357685182,-81.00269485101467,,,
517,516,,,-125.10247396978212,89,False,True,True,False,collision,9.623706817626953,,,ou_noise,0,231647,226648,226648,32.02007992347974,-81.12032901035266,,,
518,517,,,-56.74480420702165,72,False,True,True,False,collision,4.570529460906982,,,ou_noise,0,231719,226720,226720,29.566126883029938,-81.10581058926053,,,
519,518,,,155.77425163260688,154,True,False,True,False,success,0.46221452951431274,,,ou_noise,0,231873,226874,226874,32.47567488001538,-81.24839307116224,,,
520,519,,,-122.6431559973088,88,False,True,True,False,collision,9.292430877685547,,,ou_noise,0,231961,226962,226962,30.130784755403344,-81.27119081670588,,,
521,520,,,-134.02075576203333,98,False,True,True,False,collision,9.843913078308105,,,ou_noise,0,232059,227060,227060,15.714545777865819,-81.12160250605369,,,
522,521,,,-127.26519401551784,296,False,True,True,False,collision,4.802426338195801,,,ou_noise,0,232355,227356,227356,17.86441298111065,-81.27817123000686,,,
523,522,,,-262.5648133905635,373,False,True,True,False,collision,9.162884712219238,,,ou_noise,0,232728,227729,227729,27.427593054784207,-81.41643650985596,,,
524,523,,,-169.1113873388873,173,False,True,True,False,collision,9.674952507019043,,,ou_noise,0,232901,227902,227902,31.328052986563975,-81.29195395232625,,,
525,524,,,-141.98505880203166,118,False,True,True,False,collision,9.408317565917969,,,ou_noise,0,233019,228020,228020,26.970427961672765,-81.53590793932898,,,
526,525,,,-216.72223821678668,628,False,True,True,False,collision,3.9439756870269775,,,ou_noise,0,233647,228648,228648,29.05095605371864,-81.55534099165801,,,
527,526,,,-226.2150379538972,230,False,True,True,False,collision,10.223335266113281,,,ou_noise,0,233877,228878,228878,30.76854874258456,-81.59508179374363,,,
528,527,,,160.9700950178333,155,True,False,True,False,success,0.4725845754146576,,,ou_noise,0,234032,229033,229033,24.583717406180597,-81.66833171229209,,,
529,528,,,151.21604544611813,178,True,False,True,False,success,0.43257391452789307,,,ou_noise,0,234210,229211,229211,27.774102468169136,-81.8652650640252,,,
530,529,,,-297.8575180076783,413,False,True,True,False,collision,9.055623054504395,,,ou_noise,0,234623,229624,229624,31.380366345583383,-81.68005585381829,,,
531,530,,,161.32358849363033,149,True,False,True,False,success,0.4840998649597168,,,ou_noise,0,234772,229773,229773,30.991705945674205,-81.68384628807938,,,
532,531,,,137.70144926090154,222,True,False,True,False,success,0.4810360372066498,,,ou_noise,0,234994,229995,229995,29.861187207806218,-81.75677851084116,,,
533,532,,,-132.9633375071927,77,False,True,True,False,collision,9.953279495239258,,,ou_noise,0,235071,230072,230072,26.67774162664042,-81.99032444148868,,,
534,533,,,-268.102077445951,1000,False,False,False,True,cutoff,5.273329257965088,,,ou_noise,0,236071,231072,231072,26.2272142701149,-81.78836675262451,,,
535,534,,,-201.91624968393708,1000,False,False,False,True,cutoff,5.955958366394043,,,ou_noise,0,237071,232072,232072,24.84891004061699,-81.8752329940796,,,
536,535,,,164.55951776365393,137,True,False,True,False,success,0.4914664924144745,,,ou_noise,0,237208,232209,232209,27.949801002975796,-81.9652229364771,,,
537,536,,,-174.84307549506673,157,False,True,True,False,collision,9.772754669189453,,,ou_noise,0,237365,232366,232366,22.022612173845815,-82.14731252876817,,,
538,537,,,-137.46384059329745,97,False,True,True,False,collision,9.672261238098145,,,ou_noise,0,237462,232463,232463,34.193866860006274,-82.12764669202038,,,
539,538,,,152.43354419526173,178,True,False,True,False,success,0.47453105449676514,,,ou_noise,0,237640,232641,232641,29.55497931764367,-82.10422507296788,,,
540,539,,,-242.43669397779172,293,False,True,True,False,collision,9.305472373962402,,,ou_noise,0,237933,232934,232934,22.769954423448738,-82.07006658873054,,,
541,540,,,-132.30883930783486,88,False,True,True,False,collision,9.674612045288086,,,ou_noise,0,238021,233022,233022,25.676151099530134,-82.16161493821578,,,
542,541,,,-59.49024738952244,76,False,True,True,False,collision,4.5205864906311035,,,ou_noise,0,238097,233098,233098,27.533947304675454,-81.9340698844508,,,
543,542,,,-68.16117106471899,79,False,True,True,False,collision,5.323500156402588,,,ou_noise,0,238176,233177,233177,24.046849552589126,-82.2068444746959,,,
544,543,,,163.70148094564684,141,True,False,True,False,success,0.4894408881664276,,,ou_noise,0,238317,233318,233318,31.662536617711925,-82.09460573669867,,,
545,544,,,-225.34026891066455,251,False,True,True,False,collision,9.720892906188965,,,ou_noise,0,238568,233569,233569,22.7532117395287,-82.23497051831735,,,
546,545,,,-98.30753791476786,184,False,True,True,False,collision,4.910252094268799,,,ou_noise,0,238752,233753,233753,33.67276249242865,-82.23041169539742,,,
547,546,,,166.82509710861325,136,True,False,True,False,success,0.48979076743125916,,,ou_noise,0,238888,233889,233889,29.452263984610052,-82.43183668921975,,,
548,547,,,-114.89525379486466,67,False,True,True,False,collision,9.309943199157715,,,ou_noise,0,238955,233956,233956,31.72760946715056,-82.28915211691785,,,
549,548,,,-103.93198599363483,37,False,True,True,False,collision,9.608738899230957,,,ou_noise,0,238992,233993,233993,16.827373304882563,-82.3489476796743,,,
550,549,,,-125.67281398053726,70,False,True,True,False,collision,9.797602653503418,,,ou_noise,0,239062,234063,234063,26.867880119596208,-82.58478807721819,,,
551,550,,,-76.65114495553883,134,False,True,True,False,collision,4.286008834838867,,,ou_noise,0,239196,234197,234197,26.62422185157662,-82.04789380884883,,,
552,551,,,173.59728332758314,117,True,False,True,False,success,0.44290998578071594,,,ou_noise,0,239313,234314,234314,26.606773076913296,-82.42215317946214,,,
553,552,,,-150.90632992208072,131,False,True,True,False,collision,9.630757331848145,,,ou_noise,0,239444,234445,234445,29.775874429076683,-82.57616709934847,,,
554,553,,,149.42249331492283,195,True,False,True,False,success,0.46316298842430115,,,ou_noise,0,239639,234640,234640,38.145435603459674,-82.22567612085587,,,
555,554,,,-58.32550897266963,123,False,True,True,False,collision,2.655639410018921,,,ou_noise,0,239762,234763,234763,25.71515712117761,-82.5889751775478,,,
556,555,,,-171.60989769181634,163,False,True,True,False,collision,9.515612602233887,,,ou_noise,0,239925,234926,234926,27.46386517483764,-82.43619088014943,,,
557,556,,,-76.7824516228195,129,False,True,True,False,collision,4.405925750732422,,,ou_noise,0,240054,235055,235055,26.74577701923459,-82.39159464281659,,,
558,557,,,168.54047319442657,134,True,False,True,False,success,0.4531373083591461,,,ou_noise,0,240188,235189,235189,27.464866143554005,-82.43389203655185,,,
559,558,,,-228.71939933700892,1000,False,False,False,True,cutoff,6.334763526916504,,,ou_noise,0,241188,236189,236189,28.492917308807375,-82.46471101379394,,,
560,559,,,167.52114743449974,140,True,False,True,False,success,0.42211630940437317,,,ou_noise,0,241328,236329,236329,27.413583154337747,-82.54244815281459,,,
561,560,,,-206.82954050680166,1000,False,False,False,True,cutoff,5.500971794128418,,,ou_noise,0,242328,237329,237329,30.895608073472978,-82.51031826019288,,,
562,561,,,-69.45751452315163,73,False,True,True,False,collision,5.311413288116455,,,ou_noise,0,242401,237402,237402,28.501014363275814,-82.42521751090271,,,
563,562,,,-79.03718967808453,106,False,True,True,False,collision,5.555598735809326,,,ou_noise,0,242507,237508,237508,34.10712817255056,-82.4225776960265,,,
564,563,,,-337.68173165112034,465,False,True,True,False,collision,9.293364524841309,,,ou_noise,0,242972,237973,237973,28.594384646159348,-82.57920566681892,,,
565,564,,,-206.36494986983803,1000,False,False,False,True,cutoff,6.592945098876953,,,ou_noise,0,243972,238973,238973,29.42089921927452,-82.53543537139893,,,
566,565,,,161.5404904439835,148,True,False,True,False,success,0.4530094563961029,,,ou_noise,0,244120,239121,239121,25.88686450429865,-82.67939443846006,,,
567,566,,,174.4890931860752,112,True,False,True,False,success,0.4214569926261902,,,ou_noise,0,244232,239233,239233,25.024332991668157,-82.8380138533456,,,
568,567,,,-103.45188531321368,157,False,True,True,False,collision,5.450730323791504,,,ou_noise,0,244389,239390,239390,30.163383983502722,-82.77441785289983,,,
569,568,,,162.65120038370216,146,True,False,True,False,success,0.46277499198913574,,,ou_noise,0,244535,239536,239536,33.63847249991273,-82.44502273977619,,,
570,569,,,-51.60362498599102,125,False,True,True,False,collision,2.4078986644744873,,,ou_noise,0,244660,239661,239661,29.795271354675293,-82.71802612304687,,,
571,570,,,161.64388308357223,151,True,False,True,False,success,0.4791725277900696,,,ou_noise,0,244811,239812,239812,26.56043970979602,-82.7101870909432,,,
572,571,,,-190.7146315533483,1000,False,False,False,True,cutoff,5.1653547286987305,,,ou_noise,0,245811,240812,240812,26.754592629909517,-82.7290313949585,,,
573,572,,,-120.37457779049303,240,False,True,True,False,collision,4.969547748565674,,,ou_noise,0,246051,241052,241052,35.539332847793894,-82.75461031595866,,,
574,573,,,-252.8995601008526,1000,False,False,False,True,cutoff,9.271591186523438,,,ou_noise,0,247051,242052,242052,27.744795323729516,-82.80196769714355,,,
575,574,,,166.9053631333415,139,True,False,True,False,success,0.4755226969718933,,,ou_noise,0,247190,242191,242191,33.3774111579648,-82.60342308428648,,,
576,575,,,-202.63436789743002,1000,False,False,False,True,cutoff,3.623417854309082,,,ou_noise,0,248190,243191,243191,27.883883704662324,-82.7442036819458,,,
577,576,,,-109.13565256997136,185,False,True,True,False,collision,5.063732624053955,,,ou_noise,0,248375,243376,243376,25.249337915472083,-82.97716959360484,,,
578,577,,,-72.67265094560562,112,False,True,True,False,collision,4.7795305252075195,,,ou_noise,0,248487,243488,243488,32.40937741313662,-82.76559393746513,,,
579,578,,,-214.0683592888786,1000,False,False,False,True,cutoff,3.1165385246276855,,,ou_noise,0,249487,244488,244488,27.45088861179352,-82.88439245605468,,,
580,579,,,-238.9371735005503,1000,False,False,False,True,cutoff,9.02972412109375,,,ou_noise,0,250487,245488,245488,28.20489164018631,-82.87809948730468,,,
581,580,,,-205.5404967377904,1000,False,False,False,True,cutoff,3.1545114517211914,,,ou_noise,0,251487,246488,246488,26.646838093280792,-82.88693493652343,,,
582,581,,,-194.2928813052109,1000,False,False,False,True,cutoff,5.67653751373291,,,ou_noise,0,252487,247488,247488,26.639315252304076,-82.93577783966064,,,
583,582,,,-359.3550065374214,1000,False,False,False,True,cutoff,7.997944355010986,,,ou_noise,0,253487,248488,248488,30.347997422456743,-82.96515076446533,,,
584,583,,,-261.60989145063616,876,False,True,True,False,collision,2.3915958404541016,,,ou_noise,0,254363,249364,249364,26.675592713160057,-82.89908090356278,,,
585,584,,,170.3224512427959,122,True,False,True,False,success,0.442420095205307,,,ou_noise,0,254485,249486,249486,25.29928467312797,-83.04818881925989,,,
586,585,,,-237.62364998526874,1000,False,False,False,True,cutoff,8.98215389251709,,,ou_noise,0,255485,250486,250486,26.95293523836136,-82.99060395812988,,,
587,586,,,89.13726968758155,410,True,False,True,False,success,0.49459001421928406,,,ou_noise,0,255895,250896,250896,27.466390924337432,-83.14940503748451,,,
588,587,,,14.765558304983827,722,True,False,True,False,success,0.4088749885559082,,,ou_noise,0,256617,251618,251618,28.609052240022994,-83.10216770541965,,,
589,588,,,161.63696522929715,160,True,False,True,False,success,0.4161190688610077,,,ou_noise,0,256777,251778,251778,28.107852628827096,-83.19477610588073,,,
590,589,,,159.21295670442208,156,True,False,True,False,success,0.47950607538223267,,,ou_noise,0,256933,251934,251934,25.92549172273049,-83.091430468437,,,
591,590,,,-70.38001302502579,81,False,True,True,False,collision,5.361330032348633,,,ou_noise,0,257014,252015,252015,27.06318442615462,-83.17680575523848,,,
592,591,,,-135.34240322963188,411,False,True,True,False,collision,3.213630199432373,,,ou_noise,0,257425,252426,252426,29.198532225151713,-83.30285462613813,,,
593,592,,,109.04151484601597,348,True,False,True,False,success,0.4980791509151459,,,ou_noise,0,257773,252774,252774,25.012229162386095,-83.34945428782495,,,
594,593,,,-321.5061054287407,1000,False,False,False,True,cutoff,7.55361270904541,,,ou_noise,0,258773,253774,253774,27.86070954155922,-83.4188867111206,,,
595,594,,,146.91420332907174,187,True,False,True,False,success,0.44125163555145264,,,ou_noise,0,258960,253961,253961,30.28563819212072,-83.51821768857579,,,
596,595,,,-84.37840166185588,144,False,True,True,False,collision,5.011179447174072,,,ou_noise,0,259104,254105,254105,23.946006205346848,-83.52702935536702,,,
597,596,,,-188.61710622805046,1000,False,False,False,True,cutoff,4.142454147338867,,,ou_noise,0,260104,255105,255105,28.232325583696365,-83.55958761596679,,,
598,597,,,-85.45175999613414,128,False,True,True,False,collision,5.166262149810791,,,ou_noise,0,260232,255233,255233,24.052500186488032,-83.75145447254181,,,
599,598,,,-237.2676359501118,1000,False,False,False,True,cutoff,4.336881637573242,,,ou_noise,0,261232,256233,256233,29.031246831417082,-83.77818981933594,,,
600,599,,,168.50395217935414,133,True,False,True,False,success,0.4588662087917328,,,ou_noise,0,261365,256366,256366,23.67017842773208,-83.8797451965791,,,
601,600,,,123.87924817382881,262,True,False,True,False,success,0.46739035844802856,,,ou_noise,0,261627,256628,256628,29.212355483579273,-84.06506944612693,,,
602,601,,,156.19333806754514,159,True,False,True,False,success,0.48926228284835815,,,ou_noise,0,261786,256787,256787,24.89090128964598,-83.98285550291433,,,
603,602,,,158.8944941892004,161,True,False,True,False,success,0.4551238715648651,,,ou_noise,0,261947,256948,256948,26.715402831201967,-83.7686569024317,,,
604,603,,,112.10637462798586,274,True,False,True,False,success,0.42003345489501953,,,ou_noise,0,262221,257222,257222,25.34059642005141,-83.83489199450416,,,
605,604,,,156.73558249460234,160,True,False,True,False,success,0.4458450973033905,,,ou_noise,0,262381,257382,257382,29.465555799007415,-83.97211527824402,,,
606,605,,,160.16163261077372,156,True,False,True,False,success,0.45408785343170166,,,ou_noise,0,262537,257538,257538,28.544605971911015,-84.11964954474034,,,
607,606,,,-314.4862113945608,1000,False,False,False,True,cutoff,5.541200637817383,,,ou_noise,0,263537,258538,258538,24.81735607647896,-84.07700036621094,,,
608,607,,,166.55552722101442,137,True,False,True,False,success,0.4305337071418762,,,ou_noise,0,263674,258675,258675,18.593245934395895,-84.23267063781293,,,
609,608,,,155.84708350722485,165,True,False,True,False,success,0.47634267807006836,,,ou_noise,0,263839,258840,258840,27.46685945770957,-84.18477857185133,,,
610,609,,,-192.24955192279194,1000,False,False,False,True,cutoff,5.401466369628906,,,ou_noise,0,264839,259840,259840,30.575044821858405,-84.29582433319092,,,
611,610,,,146.5497230890756,198,True,False,True,False,success,0.4528472125530243,,,ou_noise,0,265037,260038,260038,28.50756109603728,-84.2630738152398,,,
612,611,,,-67.7515942533949,68,False,True,True,False,collision,5.6834187507629395,,,ou_noise,0,265105,260106,260106,42.81226294180926,-84.37526018479291,,,
613,612,,,128.55862135189744,265,True,False,True,False,success,0.485461562871933,,,ou_noise,0,265370,260371,260371,24.009401548133706,-84.40129227548276,,,
614,613,,,-122.19405425943816,261,False,True,True,False,collision,4.238175868988037,,,ou_noise,0,265631,260632,260632,27.458386086869513,-84.45434085071315,,,
615,614,,,66.90099606908308,425,True,False,True,False,success,0.4890333414077759,,,ou_noise,0,266056,261057,261057,27.215530006745283,-84.41501181209789,,,
616,615,,,155.25772918663114,170,True,False,True,False,success,0.4757288992404938,,,ou_noise,0,266226,261227,261227,23.152341047455284,-84.50395875818589,,,
617,616,,,156.41767986641204,170,True,False,True,False,success,0.4843451976776123,,,ou_noise,0,266396,261397,261397,25.064269903126885,-84.61755824369543,,,
618,617,,,136.16110518309046,215,True,False,True,False,success,0.4913412034511566,,,ou_noise,0,266611,261612,261612,34.32097014715505,-84.5915354883948,,,
619,618,,,-54.67357799218762,86,False,True,True,False,collision,3.726241111755371,,,ou_noise,0,266697,261698,261698,15.39575877716375,-84.55555804940157,,,
620,619,,,163.99454617071757,140,True,False,True,False,success,0.4777214527130127,,,ou_noise,0,266837,261838,261838,15.225869282654353,-84.59360624040876,,,
621,620,,,-127.39496446218834,341,False,True,True,False,collision,4.385510444641113,,,ou_noise,0,267178,262179,262179,22.993497856201664,-84.60122528523644,,,
622,621,,,165.87914789385366,142,True,False,True,False,success,0.4966461956501007,,,ou_noise,0,267320,262321,262321,28.280631458255606,-84.73067990155288,,,
623,622,,,137.4317350475868,217,True,False,True,False,success,0.4657087028026581,,,ou_noise,0,267537,262538,262538,27.59791172045167,-84.67561262983331,,,
624,623,,,159.87129669666191,151,True,False,True,False,success,0.4321829378604889,,,ou_noise,0,267688,262689,262689,23.870265684380435,-84.72012278575771,,,
625,624,,,-287.23496721581296,533,False,True,True,False,collision,8.440999984741211,,,ou_noise,0,268221,263222,263222,21.29489603856715,-84.79847773109994,,,
626,625,,,-206.66618574751809,1000,False,False,False,True,cutoff,4.068492412567139,,,ou_noise,0,269221,264222,264222,25.618602976083757,-84.81929483032226,,,
627,626,,,-73.58023899609057,99,False,True,True,False,collision,5.0826215744018555,,,ou_noise,0,269320,264321,264321,17.624621347947553,-84.73551655778981,,,
628,627,,,111.23825395872673,341,True,False,True,False,success,0.4524046778678894,,,ou_noise,0,269661,264662,264662,25.24207682553624,-84.77222042139674,,,
629,628,,,171.2515478557069,127,True,False,True,False,success,0.4662575125694275,,,ou_noise,0,269788,264789,264789,24.20057076919736,-84.92717532661017,,,
630,629,,,-282.8354755607988,924,False,True,True,False,collision,4.810851573944092,,,ou_noise,0,270712,265713,265713,25.17844430476556,-84.90625075137976,,,
631,630,,,-269.12065343045043,1000,False,False,False,True,cutoff,4.383944988250732,,,ou_noise,0,271712,266713,266713,26.06744592678547,-85.02832460021973,,,
632,631,,,172.47089370311915,124,True,False,True,False,success,0.4974394142627716,,,ou_noise,0,271836,266837,266837,20.741144843639866,-84.88888112960323,,,
633,632,,,140.24699081021805,214,True,False,True,False,success,0.4185963571071625,,,ou_noise,0,272050,267051,267051,32.863701054425995,-85.10434976025162,,,
634,633,,,159.38702255125213,156,True,False,True,False,success,0.45872071385383606,,,ou_noise,0,272206,267207,267207,26.619053582350414,-84.92066632784329,,,
635,634,,,-93.08728532089029,283,False,True,True,False,collision,2.2781050205230713,,,ou_noise,0,272489,267490,267490,23.94180900848375,-85.1448949537513,,,
636,635,,,158.9426935016814,161,True,False,True,False,success,0.49630972743034363,,,ou_noise,0,272650,267651,267651,27.43266184729819,-84.92482383206764,,,
637,636,,,-216.68835571341975,1000,False,False,False,True,cutoff,8.707707405090332,,,ou_noise,0,273650,268651,268651,26.658720240116118,-85.0277095565796,,,
638,637,,,141.70668191217038,203,True,False,True,False,success,0.4617759585380554,,,ou_noise,0,273853,268854,268854,28.090598862746667,-84.83043787162292,,,
639,638,,,147.55601186537785,188,True,False,True,False,success,0.49985718727111816,,,ou_noise,0,274041,269042,269042,19.16396288161582,-85.19797097875717,,,
640,639,,,173.58614605040574,121,True,False,True,False,success,0.4673345685005188,,,ou_noise,0,274162,269163,269163,27.40338107180004,-85.00437832666823,,,
641,640,,,98.00417478800733,462,True,False,True,False,success,0.4798825979232788,,,ou_noise,0,274624,269625,269625,28.13994096213089,-85.03124283299302,,,
642,641,,,164.5252768045192,141,True,False,True,False,success,0.4824346601963043,,,ou_noise,0,274765,269766,269766,28.563864778965076,-85.08119612889932,,,
643,642,,,160.6453751326675,149,True,False,True,False,success,0.4567064046859741,,,ou_noise,0,274914,269915,269915,21.738357043106284,-84.96836627729787,,,
644,643,,,133.83447522587204,228,True,False,True,False,success,0.4759836792945862,,,ou_noise,0,275142,270143,270143,26.066940881704028,-84.98704451845403,,,
645,644,,,-196.11031285106645,1000,False,False,False,True,cutoff,6.258112907409668,,,ou_noise,0,276142,271143,271143,25.564002039313316,-85.11091849517823,,,
646,645,,,-207.82490986711943,1000,False,False,False,True,cutoff,5.551034450531006,,,ou_noise,0,277142,272143,272143,25.778004415035248,-84.99408943176269,,,
647,646,,,170.22157066869352,124,True,False,True,False,success,0.487069696187973,,,ou_noise,0,277266,272267,272267,24.307569880639353,-85.01867288158786,,,
648,647,,,-58.06935988660065,144,False,True,True,False,collision,3.0287508964538574,,,ou_noise,0,277410,272411,272411,25.765007307132084,-85.06693866517809,,,
649,648,,,-182.53322211113755,364,False,True,True,False,collision,4.507104873657227,,,ou_noise,0,277774,272775,272775,25.590594120078034,-84.95000338292384,,,
650,649,,,-207.4010661918666,1000,False,False,False,True,cutoff,6.705901145935059,,,ou_noise,0,278774,273775,273775,25.855435758948325,-85.06817649078369,,,
651,650,,,-73.252634241039,87,False,True,True,False,collision,4.970198631286621,,,ou_noise,0,278861,273862,273862,29.837682581495965,-84.94703060457076,,,
652,651,,,161.5938082236737,146,True,False,True,False,success,0.4724601209163666,,,ou_noise,0,279007,274008,274008,18.908911283702068,-84.9505417183654,,,
653,652,,,-119.97973279705948,294,False,True,True,False,collision,4.218584060668945,,,ou_noise,0,279301,274302,274302,26.006404293637697,-85.08628165316419,,,
654,653,,,135.64131926871374,225,True,False,True,False,success,0.46398311853408813,,,ou_noise,0,279526,274527,274527,30.64678499115838,-85.08480546739366,,,
655,654,,,151.6833906414344,173,True,False,True,False,success,0.45984140038490295,,,ou_noise,0,279699,274700,274700,25.16129437898625,-85.0521757092779,,,
656,655,,,-220.59521280808355,586,False,True,True,False,collision,2.875535011291504,,,ou_noise,0,280285,275286,275286,24.49344165638445,-85.12392152128773,,,
657,656,,,-129.84484783976137,956,True,False,True,False,success,0.4929221272468567,,,ou_noise,0,281241,276242,276242,27.08336444367425,-85.08928589441786,,,
658,657,,,-78.88509804656007,122,False,True,True,False,collision,4.342141151428223,,,ou_noise,0,281363,276364,276364,24.142637449209808,-85.116084364594,,,
659,658,,,-242.22091135418543,1000,False,False,False,True,cutoff,7.887885570526123,,,ou_noise,0,282363,277364,277364,28.704211084127426,-85.09178858184815,,,
660,659,,,117.30134250590623,265,True,False,True,False,success,0.4622962474822998,,,ou_noise,0,282628,277629,277629,26.352533482605555,-85.10112825789541,,,
661,660,,,165.49036164168467,137,True,False,True,False,success,0.4936954081058502,,,ou_noise,0,282765,277766,277766,21.27832193270217,-85.050791218333,,,
662,661,,,160.1212438514553,148,True,False,True,False,success,0.4323711097240448,,,ou_noise,0,282913,277914,277914,22.58877233476252,-84.90718351828086,,,
663,662,,,68.09765525575779,468,True,False,True,False,success,0.4901931881904602,,,ou_noise,0,283381,278382,278382,26.543339264189076,-85.0731439182901,,,
664,663,,,91.91626237711276,349,True,False,True,False,success,0.46247729659080505,,,ou_noise,0,283730,278731,278731,22.4680272818978,-85.08787204338009,,,
665,664,,,171.72124400961383,128,True,False,True,False,success,0.43828630447387695,,,ou_noise,0,283858,278859,278859,26.818300783634186,-85.09138536453247,,,
666,665,,,-72.0554956722058,165,False,True,True,False,collision,3.0222127437591553,,,ou_noise,0,284023,279024,279024,29.129728744969224,-85.22318124482126,,,
667,666,,,168.8800900023844,124,True,False,True,False,success,0.49877503514289856,,,ou_noise,0,284147,279148,279148,24.210295819467113,-85.19224714463756,,,
668,667,,,138.31900837345833,222,True,False,True,False,success,0.48774904012680054,,,ou_noise,0,284369,279370,279370,22.319145896413303,-85.17595315194345,,,
669,668,,,167.1006842755002,138,True,False,True,False,success,0.4859080910682678,,,ou_noise,0,284507,279508,279508,22.122754584188048,-85.18351181693698,,,
670,669,,,-275.26078412048173,508,False,True,True,False,collision,6.090193271636963,,,ou_noise,0,285015,280016,280016,25.666922766861955,-85.17715386518343,,,
671,670,,,-534.9772995635029,1000,False,False,False,True,cutoff,8.950122833251953,,,ou_noise,0,286015,281016,281016,25.248838965177537,-85.14889614868164,,,
672,671,,,171.82627411783255,123,True,False,True,False,success,0.4851401150226593,,,ou_noise,0,286138,281139,281139,34.77421011769675,-85.34102357693804,,,
673,672,,,174.24406726234503,122,True,False,True,False,success,0.40791642665863037,,,ou_noise,0,286260,281261,281261,21.651430356697958,-85.18655095334913,,,
674,673,,,171.37925799671393,122,True,False,True,False,success,0.4657804071903229,,,ou_noise,0,286382,281383,281383,34.115421226767246,-84.93726523977811,,,
675,674,,,136.8811202900294,236,True,False,True,False,success,0.4499829113483429,,,ou_noise,0,286618,281619,281619,26.475335167626202,-85.18104682534428,,,
676,675,,,165.70313432608629,134,True,False,True,False,success,0.44480621814727783,,,ou_noise,0,286752,281753,281753,16.33439463465961,-85.27440791343575,,,
677,676,,,137.99910633422448,209,True,False,True,False,success,0.46578964591026306,,,ou_noise,0,286961,281962,281962,33.41319668578189,-85.19438419615823,,,
678,677,,,156.57972818166934,174,True,False,True,False,success,0.4951464831829071,,,ou_noise,0,287135,282136,282136,22.178753980959968,-85.29030679286211,,,
679,678,,,173.8178687696208,119,True,False,True,False,success,0.46426108479499817,,,ou_noise,0,287254,282255,282255,21.540499244417465,-85.37605875480075,,,
680,679,,,130.64931927276717,259,True,False,True,False,success,0.44506844878196716,,,ou_noise,0,287513,282514,282514,26.71254783753723,-85.09006995123787,,,
681,680,,,137.00145376224768,211,True,False,True,False,success,0.4515683352947235,,,ou_noise,0,287724,282725,282725,29.701509530510382,-85.2303735091223,,,
682,681,,,-63.4752747215636,109,False,True,True,False,collision,3.4274258613586426,,,ou_noise,0,287833,282834,282834,22.879346283203965,-85.17502048037468,,,
683,682,,,165.53517941924758,139,True,False,True,False,success,0.47091642022132874,,,ou_noise,0,287972,282973,282973,28.407909688332097,-84.9709624146386,,,
684,683,,,135.36854984679707,266,True,False,True,False,success,0.47037866711616516,,,ou_noise,0,288238,283239,283239,25.384993014927197,-85.21519742693219,,,
685,684,,,-246.6230353700527,451,False,True,True,False,collision,4.898990631103516,,,ou_noise,0,288689,283690,283690,26.966631256556035,-85.13055863137255,,,
686,685,,,171.18844137399162,127,True,False,True,False,success,0.43999922275543213,,,ou_noise,0,288816,283817,283817,26.807161838050902,-85.07093108169676,,,
687,686,,,170.60069784591687,127,True,False,True,False,success,0.4732359051704407,,,ou_noise,0,288943,283944,283944,29.844011926275538,-85.03238113283173,,,
688,687,,,-65.98182048486782,137,False,True,True,False,collision,2.8121485710144043,,,ou_noise,0,289080,284081,284081,28.601636850050767,-85.07542642189638,,,
689,688,,,154.50046740858866,174,True,False,True,False,success,0.49856650829315186,,,ou_noise,0,289254,284255,284255,19.96271850322855,-85.01719319135293,,,
690,689,,,130.6687509477639,233,True,False,True,False,success,0.44188007712364197,,,ou_noise,0,289487,284488,284488,24.781215713771115,-85.10037820840598,,,
691,690,,,154.32721186548926,174,True,False,True,False,success,0.491959810256958,,,ou_noise,0,289661,284662,284662,31.63636688117323,-85.04729448515793,,,
692,691,,,47.653986627943084,472,True,False,True,False,success,0.4934982359409332,,,ou_noise,0,290133,285134,285134,25.706560607683862,-85.1983880511785,,,
693,692,,,-98.04738043137286,38,False,True,True,False,collision,9.136698722839355,,,ou_noise,0,290171,285172,285172,14.61224909832603,-85.3865513048674,,,
694,693,,,161.74811852095428,159,True,False,True,False,success,0.4197756052017212,,,ou_noise,0,290330,285331,285331,25.64285685881129,-85.3266118367513,,,
695,694,,,-65.73644959430085,77,False,True,True,False,collision,5.258718490600586,,,ou_noise,0,290407,285408,285408,26.46399594901444,-85.24504079447163,,,
696,695,,,162.16020600229518,145,True,False,True,False,success,0.4537431001663208,,,ou_noise,0,290552,285553,285553,28.538264171008407,-85.00812341098128,,,
697,696,,,-88.3977757433633,123,False,True,True,False,collision,5.149746417999268,,,ou_noise,0,290675,285676,285676,23.797278417804378,-84.95563103900692,,,
698,697,,,-288.3774743836352,753,False,True,True,False,collision,3.207669973373413,,,ou_noise,0,291428,286429,286429,27.74656528938972,-85.17728027911141,,,
699,698,,,-75.33313869131395,126,False,True,True,False,collision,3.92020583152771,,,ou_noise,0,291554,286555,286555,23.106281689235143,-85.02596391950335,,,
700,699,,,-108.51485510521613,184,False,True,True,False,collision,4.479732513427734,,,ou_noise,0,291738,286739,286739,26.27394133547078,-85.18300296949303,,,
701,700,,,160.6859493917995,150,True,False,True,False,success,0.4896828830242157,,,ou_noise,0,291888,286889,286889,24.971202284495035,-85.24410344441732,,,
702,701,,,161.58647067019098,163,True,False,True,False,success,0.48839133977890015,,,ou_noise,0,292051,287052,287052,30.70281669844879,-85.20435983856763,,,
703,702,,,128.21006112363244,263,True,False,True,False,success,0.48664650321006775,,,ou_noise,0,292314,287315,287315,23.962483149517624,-85.16403148926709,,,
704,703,,,171.51880154495035,131,True,False,True,False,success,0.4754273295402527,,,ou_noise,0,292445,287446,287446,26.149237831130282,-85.10011547758378,,,
705,704,,,-99.38288673381098,43,False,True,True,False,collision,9.096321105957031,,,ou_noise,0,292488,287489,287489,30.153627378996028,-85.39005705367687,,,
706,705,,,-58.62797013430467,109,False,True,True,False,collision,3.5028512477874756,,,ou_noise,0,292597,287598,287598,30.30138589920254,-85.1441460005734,,,
707,706,,,152.8067522239531,166,True,False,True,False,success,0.49397706985473633,,,ou_noise,0,292763,287764,287764,30.1434668632875,-85.25560043518801,,,
708,707,,,-72.00456125149191,60,False,True,True,False,collision,6.2855000495910645,,,ou_noise,0,292823,287824,287824,20.710020860036213,-85.32239977518718,,,
709,708,,,-86.8420470097749,130,False,True,True,False,collision,4.9392852783203125,,,ou_noise,0,292953,287954,287954,21.92435732988211,-85.20351421649639,,,
710,709,,,169.2410120490252,130,True,False,True,False,success,0.4217451214790344,,,ou_noise,0,293083,288084,288084,21.21554834659283,-85.06877770057092,,,
711,710,,,158.76093134875768,153,True,False,True,False,success,0.4907275438308716,,,ou_noise,0,293236,288237,288237,28.1655056476593,-85.28529896455653,,,
712,711,,,-203.87340073114714,1000,False,False,False,True,cutoff,5.922754764556885,,,ou_noise,0,294236,289237,289237,27.011551712274553,-85.18016870880128,,,
713,712,,,153.99760029200735,169,True,False,True,False,success,0.4765184223651886,,,ou_noise,0,294405,289406,289406,23.68066472696835,-85.24409128222945,,,
714,713,,,152.20780726996585,176,True,False,True,False,success,0.48866358399391174,,,ou_noise,0,294581,289582,289582,31.75442948801951,-85.13210786472668,,,
715,714,,,156.83805736796558,195,True,False,True,False,success,0.46693429350852966,,,ou_noise,0,294776,289777,289777,22.80224538093958,-85.0987291384966,,,
716,715,,,158.74724717836366,153,True,False,True,False,success,0.44874465465545654,,,ou_noise,0,294929,289930,289930,27.56740934396881,-85.25381629295599,,,
717,716,,,-62.44423087963461,123,False,True,True,False,collision,2.9569103717803955,,,ou_noise,0,295052,290053,290053,29.249780970860304,-85.17382421726134,,,
718,717,,,-79.56726647389391,127,False,True,True,False,collision,4.93688440322876,,,ou_noise,0,295179,290180,290180,29.31844655547555,-85.19689256562961,,,
719,718,,,2.4902096872708483,888,True,False,True,False,success,0.49912744760513306,,,ou_noise,0,296067,291068,291068,24.923049132968927,-85.33133112417686,,,
720,719,,,-72.15508246138026,92,False,True,True,False,collision,4.9421234130859375,,,ou_noise,0,296159,291160,291160,25.342760986608006,-85.50791093577509,,,
721,720,,,11.217775863774008,586,True,False,True,False,success,0.4913777709007263,,,ou_noise,0,296745,291746,291746,27.87022607196313,-85.34871137182867,,,
722,721,,,149.26921237485405,179,True,False,True,False,success,0.466619610786438,,,ou_noise,0,296924,291925,291925,33.99697618511136,-85.22627420265582,,,
723,722,,,172.1546225349009,116,True,False,True,False,success,0.4327884614467621,,,ou_noise,0,297040,292041,292041,25.705656646654525,-85.19336220313762,,,
724,723,,,-98.61543833433674,37,False,True,True,False,collision,9.251248359680176,,,ou_noise,0,297077,292078,292078,18.28652657689275,-85.32055334142737,,,
725,724,,,160.82235468488764,154,True,False,True,False,success,0.48590317368507385,,,ou_noise,0,297231,292232,292232,29.089480141540626,-85.33152909712358,,,
726,725,,,-106.00024602510311,213,False,True,True,False,collision,4.125743865966797,,,ou_noise,0,297444,292445,292445,29.618468083126444,-85.4410777562101,,,
727,726,,,-119.5457945799759,74,False,True,True,False,collision,9.364434242248535,,,ou_noise,0,297518,292519,292519,21.154134801916175,-85.28647943445154,,,
728,727,,,155.8353253806199,182,True,False,True,False,success,0.4750560224056244,,,ou_noise,0,297700,292701,292701,31.727989515105445,-85.31880531730232,,,
729,728,,,132.81780440915327,277,True,False,True,False,success,0.41919830441474915,,,ou_noise,0,297977,292978,292978,31.091117554192937,-85.42373166962221,,,
730,729,,,-131.08702257425182,251,False,True,True,False,collision,3.7651941776275635,,,ou_noise,0,298228,293229,293229,26.162268135177186,-85.63345479775235,,,
731,730,,,142.79123935628684,234,True,False,True,False,success,0.4936203956604004,,,ou_noise,0,298462,293463,293463,28.213188581996494,-85.60339945605678,,,
732,731,,,160.16077767505035,151,True,False,True,False,success,0.45837998390197754,,,ou_noise,0,298613,293614,293614,21.728394213101723,-85.581724558445,,,
733,732,,,-349.3044428046279,1000,False,False,False,True,cutoff,3.793067693710327,,,ou_noise,0,299613,294614,294614,27.452779849767683,-85.46570568847656,,,
734,733,,,160.9954930135257,149,True,False,True,False,success,0.4757184684276581,,,ou_noise,0,299762,294763,294763,32.165672167835616,-85.60187689249948,,,
735,734,,,172.12853877780327,126,True,False,True,False,success,0.4359230101108551,,,ou_noise,0,299888,294889,294889,22.311936798549834,-85.43156778244744,,,
736,735,,,142.76537899850612,212,True,False,True,False,success,0.47483471035957336,,,ou_noise,0,300100,295101,295101,24.113549828529358,-85.62832868324136,,,
737,736,,,85.1256608383575,522,True,False,True,False,success,0.4967779219150543,,,ou_noise,0,300622,295623,295623,28.0283396029381,-85.57256593375371,,,
738,737,,,160.6297195727679,152,True,False,True,False,success,0.41754111647605896,,,ou_noise,0,300774,295775,295775,21.546161965319985,-85.5501954430028,,,
739,738,,,-197.4530414349434,1000,False,False,False,True,cutoff,5.782284736633301,,,ou_noise,0,301774,296775,296775,24.743838503837587,-85.63353759765624,,,
740,739,,,-368.7790373773335,852,False,True,True,False,collision,3.5232994556427,,,ou_noise,0,302626,297627,297627,24.68572002985108,-85.7508490029635,,,
741,740,,,88.6063977062428,343,True,False,True,False,success,0.4991222023963928,,,ou_noise,0,302969,297970,297970,33.053330844067276,-85.63152041866202,,,
742,741,,,164.21640830861463,141,True,False,True,False,success,0.43746429681777954,,,ou_noise,0,303110,298111,298111,25.869988960577242,-85.67142600201547,,,
743,742,,,165.40816174918018,143,True,False,True,False,success,0.4231674373149872,,,ou_noise,0,303253,298254,298254,19.829324954039567,-85.7168272325209,,,
744,743,,,149.7557997673743,181,True,False,True,False,success,0.41555505990982056,,,ou_noise,0,303434,298435,298435,24.1882674061791,-85.83334034450804,,,
745,744,,,-212.01285168070598,643,False,True,True,False,collision,4.6745100021362305,,,ou_noise,0,304077,299078,299078,24.952459564846745,-85.78237260073934,,,
746,745,,,159.27020491136187,149,True,False,True,False,success,0.4469261169433594,,,ou_noise,0,304226,299227,299227,22.769590188992904,-85.8659475441747,,,
747,746,,,-129.07550069623375,250,False,True,True,False,collision,4.862513542175293,,,ou_noise,0,304476,299477,299477,22.753727889060976,-85.90456521606446,,,
748,747,,,164.20351950771908,135,True,False,True,False,success,0.47389641404151917,,,ou_noise,0,304611,299612,299612,27.407305546160096,-85.88098461009838,,,
749,748,,,164.10783287526348,151,True,False,True,False,success,0.42763715982437134,,,ou_noise,0,304762,299763,299763,28.144446909822374,-85.95339541403663,,,
750,749,,,125.27009689435262,261,True,False,True,False,success,0.4932152330875397,,,ou_noise,0,305023,300024,300024,25.81284348444007,-85.91377644155217,,,
751,750,,,-70.88327746213383,80,False,True,True,False,collision,5.4871649742126465,,,ou_noise,0,305103,300104,300104,26.661815124750138,-85.92322454452514,,,
752,751,,,162.54003065461714,141,True,False,True,False,success,0.4719456732273102,,,ou_noise,0,305244,300245,300245,29.92135297153013,-85.90052568151596,,,
753,752,,,-255.53086275863583,1000,False,False,False,True,cutoff,3.0418336391448975,,,ou_noise,0,306244,301245,301245,23.51189324736595,-86.13124332427978,,,
754,753,,,154.25896974709002,165,True,False,True,False,success,0.4163933992385864,,,ou_noise,0,306409,301410,301410,21.050258460189358,-86.23182497891513,,,
755,754,,,-218.6168261797031,1000,False,False,False,True,cutoff,3.982574939727783,,,ou_noise,0,307409,302410,302410,26.855670433521272,-86.27195043182373,,,
756,755,,,170.40018302811802,124,True,False,True,False,success,0.43651720881462097,,,ou_noise,0,307533,302534,302534,21.830262676362068,-86.38060778956259,,,
757,756,,,161.60947271302223,149,True,False,True,False,success,0.4451786279678345,,,ou_noise,0,307682,302683,302683,19.473602223716327,-86.32701766250918,,,
758,757,,,170.18394256444782,128,True,False,True,False,success,0.4774840474128723,,,ou_noise,0,307810,302811,302811,26.933269063010812,-86.12809610366821,,,
759,758,,,-67.29760564491434,133,False,True,True,False,collision,2.8498525619506836,,,ou_noise,0,307943,302944,302944,25.672878618527175,-86.20899263539708,,,
760,759,,,161.6177781815284,150,True,False,True,False,success,0.49394240975379944,,,ou_noise,0,308093,303094,303094,20.58607034365336,-86.26088536580404,,,
761,760,,,169.74236177003172,125,True,False,True,False,success,0.49437740445137024,,,ou_noise,0,308218,303219,303219,31.942036939620973,-86.2429546508789,,,
762,761,,,170.57613338224186,127,True,False,True,False,success,0.47186562418937683,,,ou_noise,0,308345,303346,303346,22.496964215293644,-86.53113910344642,,,
763,762,,,166.46677619668557,133,True,False,True,False,success,0.44420868158340454,,,ou_noise,0,308478,303479,303479,27.3375051200838,-86.40874463992012,,,
764,763,,,170.36494655656918,124,True,False,True,False,success,0.4496963322162628,,,ou_noise,0,308602,303603,303603,22.685045053881982,-86.24379102645382,,,
765,764,,,174.15974126302376,117,True,False,True,False,success,0.46938076615333557,,,ou_noise,0,308719,303720,303720,16.788099260411713,-86.45201117360693,,,
766,765,,,163.5889963408897,146,True,False,True,False,success,0.48708364367485046,,,ou_noise,0,308865,303866,303866,23.791220481265082,-86.39705438483251,,,
767,766,,,163.80804796315243,144,True,False,True,False,success,0.45893508195877075,,,ou_noise,0,309009,304010,304010,30.658395670354366,-86.45209089914958,,,
768,767,,,-196.5844837724952,1000,False,False,False,True,cutoff,3.3641369342803955,,,ou_noise,0,310009,305010,305010,23.90677706694603,-86.5077124862671,,,
769,768,,,174.41510168097082,112,True,False,True,False,success,0.48411107063293457,,,ou_noise,0,310121,305122,305122,24.17925366865737,-86.53276797703334,,,
770,769,,,-261.2662203279028,1000,False,False,False,True,cutoff,10.857586860656738,,,ou_noise,0,311121,306122,306122,22.99099794781208,-86.59287758636475,,,
771,770,,,171.12970822905424,131,True,False,True,False,success,0.45417025685310364,,,ou_noise,0,311252,306253,306253,25.139511877343853,-86.77926862876834,,,
772,771,,,-347.67923923419755,1000,False,False,False,True,cutoff,5.046145915985107,,,ou_noise,0,312252,307253,307253,23.944747592687605,-86.71239400482177,,,
773,772,,,163.6607756370896,139,True,False,True,False,success,0.4960259199142456,,,ou_noise,0,312391,307392,307392,19.738139205699344,-86.59815402682737,,,
774,773,,,164.21129706475645,140,True,False,True,False,success,0.4843306541442871,,,ou_noise,0,312531,307532,307532,21.706142052582333,-86.73949252537318,,,
775,774,,,167.34420372802424,130,True,False,True,False,success,0.43384361267089844,,,ou_noise,0,312661,307662,307662,29.23164741717852,-86.74682934100811,,,
776,775,,,160.56103167022562,155,True,False,True,False,success,0.46229130029678345,,,ou_noise,0,312816,307817,307817,22.48988779898613,-86.63826741864604,,,
777,776,,,162.79103016657893,144,True,False,True,False,success,0.4910629987716675,,,ou_noise,0,312960,307961,307961,26.176081956260735,-87.01800621880426,,,
778,777,,,173.05789351427998,118,True,False,True,False,success,0.46223682165145874,,,ou_noise,0,313078,308079,308079,24.06765866380627,-86.77442899800964,,,
779,778,,,155.10279974629015,163,True,False,True,False,success,0.4688262343406677,,,ou_noise,0,313241,308242,308242,19.48820917884265,-86.86779181357542,,,
780,779,,,120.96348259353184,260,True,False,True,False,success,0.4671654999256134,,,ou_noise,0,313501,308502,308502,25.41168414262625,-86.84257970956655,,,
781,780,,,157.83410723964855,160,True,False,True,False,success,0.44405630230903625,,,ou_noise,0,313661,308662,308662,26.33189737573266,-86.79505939483643,,,
782,781,,,123.00285210607599,323,True,False,True,False,success,0.40854278206825256,,,ou_noise,0,313984,308985,308985,22.76580968656038,-86.78053125434616,,,
783,782,,,157.64412976929864,157,True,False,True,False,success,0.46628695726394653,,,ou_noise,0,314141,309142,309142,20.40229036018347,-86.97922943503994,,,
784,783,,,163.36053994319226,141,True,False,True,False,success,0.4437269866466522,,,ou_noise,0,314282,309283,309283,18.71847758563698,-86.90863486215578,,,
785,784,,,160.79983290715,151,True,False,True,False,success,0.49942371249198914,,,ou_noise,0,314433,309434,309434,20.975792983509848,-86.9258167191057,,,
786,785,,,173.77951748091863,115,True,False,True,False,success,0.4690208435058594,,,ou_noise,0,314548,309549,309549,22.01683374695156,-86.86622427235478,,,
787,786,,,166.22348318561492,132,True,False,True,False,success,0.42833831906318665,,,ou_noise,0,314680,309681,309681,29.59374158310168,-87.03909931760846,,,
788,787,,,161.5203929302504,151,True,False,True,False,success,0.4210463762283325,,,ou_noise,0,314831,309832,309832,25.68236231093375,-86.9810856699154,,,
789,788,,,165.8115698384711,134,True,False,True,False,success,0.48596054315567017,,,ou_noise,0,314965,309966,309966,27.791084711231402,-86.98594756624591,,,
790,789,,,163.46704600094606,136,True,False,True,False,success,0.44996216893196106,,,ou_noise,0,315101,310102,310102,24.19234512045103,-86.92724126927993,,,
791,790,,,-218.09514699539318,1000,False,False,False,True,cutoff,4.564691066741943,,,ou_noise,0,316101,311102,311102,20.63393536400795,-87.10955256652832,,,
792,791,,,66.87809873317228,444,True,False,True,False,success,0.4464220106601715,,,ou_noise,0,316545,311546,311546,23.60677360333838,-87.08181992951815,,,
793,792,,,-252.34869205765483,1000,False,False,False,True,cutoff,4.014869689941406,,,ou_noise,0,317545,312546,312546,25.55879682779312,-87.0098641204834,,,
794,793,,,-186.8332660620456,1000,False,False,False,True,cutoff,3.05553936958313,,,ou_noise,0,318545,313546,313546,28.165758831620217,-86.94757793426514,,,
795,794,,,-264.38388251173416,1000,False,False,False,True,cutoff,4.241321563720703,,,ou_noise,0,319545,314546,314546,24.89155952358246,-86.9201364440918,,,
796,795,,,-69.02265640817903,97,False,True,True,False,collision,4.377693176269531,,,ou_noise,0,319642,314643,314643,27.860921848680555,-86.88260752884383,,,
797,796,,,168.33877194164523,135,True,False,True,False,success,0.495723694562912,,,ou_noise,0,319777,314778,314778,18.518888595369127,-86.85780159279152,,,
798,797,,,163.11489237112067,142,True,False,True,False,success,0.49575871229171753,,,ou_noise,0,319919,314920,314920,23.582701568032654,-86.9158928562218,,,
799,798,,,159.54548292280103,150,True,False,True,False,success,0.4974781572818756,,,ou_noise,0,320069,315070,315070,25.83860062281291,-86.92345876057942,,,
800,799,,,-203.1715754970912,1000,False,False,False,True,cutoff,3.4186043739318848,,,ou_noise,0,321069,316070,316070,22.053245855093003,-86.8303722076416,,,
801,800,,,162.83196152414084,130,True,False,True,False,success,0.4411237835884094,,,ou_noise,0,321199,316200,316200,22.23298140305739,-86.8588495694674,,,
802,801,,,160.15086399603547,152,True,False,True,False,success,0.4532037079334259,,,ou_noise,0,321351,316352,316352,23.976880222558975,-86.80115062312076,,,
803,802,,,165.43028135675644,143,True,False,True,False,success,0.45402947068214417,,,ou_noise,0,321494,316495,316495,23.48027074003553,-86.60431233652822,,,
804,803,,,173.35408648211944,115,True,False,True,False,success,0.45741960406303406,,,ou_noise,0,321609,316610,316610,22.592245515533115,-86.80449079430622,,,
805,804,,,170.69509124129678,132,True,False,True,False,success,0.4422704577445984,,,ou_noise,0,321741,316742,316742,27.50486245841691,-86.75856399536133,,,
806,805,,,155.68644557101362,159,True,False,True,False,success,0.4951426386833191,,,ou_noise,0,321900,316901,316901,26.059341861017096,-86.66566356922846,,,
807,806,,,-250.88121433115882,1000,False,False,False,True,cutoff,3.9911844730377197,,,ou_noise,0,322900,317901,317901,22.666216149687767,-86.6856583404541,,,
808,807,,,164.91903465772782,139,True,False,True,False,success,0.47454833984375,,,ou_noise,0,323039,318040,318040,19.3737621470321,-86.66244397060477,,,
809,808,,,154.45926418483586,177,True,False,True,False,success,0.48473891615867615,,,ou_noise,0,323216,318217,318217,17.70127946104707,-86.68081436588265,,,
810,809,,,-254.20017164414986,1000,False,False,False,True,cutoff,9.992424964904785,,,ou_noise,0,324216,319217,319217,24.05708685994148,-86.57713208770753,,,
811,810,,,-275.86728680167266,1000,False,False,False,True,cutoff,3.745565176010132,,,ou_noise,0,325216,320217,320217,23.437669578075408,-86.53750103759765,,,
812,811,,,168.32286512003708,127,True,False,True,False,success,0.4826802909374237,,,ou_noise,0,325343,320344,320344,28.60487371448457,-86.40770006555272,,,
813,812,,,-276.09189641786264,1000,False,False,False,True,cutoff,4.519856929779053,,,ou_noise,0,326343,321344,321344,23.57218013560772,-86.39524980926514,,,
814,813,,,159.50556036156337,155,True,False,True,False,success,0.4339785575866699,,,ou_noise,0,326498,321499,321499,31.904024420246,-86.39110245243195,,,
815,814,,,-217.52319133701567,1000,False,False,False,True,cutoff,5.923243999481201,,,ou_noise,0,327498,322499,322499,22.580687203526498,-86.39807188415527,,,
816,815,,,-177.9773122453594,1000,False,False,False,True,cutoff,3.714416027069092,,,ou_noise,0,328498,323499,323499,21.745587776780127,-86.26130331420899,,,
817,816,,,161.57989576518685,161,True,False,True,False,success,0.4720646142959595,,,ou_noise,0,328659,323660,323660,21.527312324654243,-86.2083211863263,,,
818,817,,,161.4357494003189,150,True,False,True,False,success,0.4195118546485901,,,ou_noise,0,328809,323810,323810,17.475999115308127,-86.35459228515624,,,
819,818,,,158.70562890152544,141,True,False,True,False,success,0.47552230954170227,,,ou_noise,0,328950,323951,323951,13.75275247316834,-86.30311276050324,,,
820,819,,,161.71788771238766,149,True,False,True,False,success,0.4655982553958893,,,ou_noise,0,329099,324100,324100,21.12944932832014,-86.21134528857749,,,
821,820,,,-367.9282759999955,1000,False,False,False,True,cutoff,9.528971672058105,,,ou_noise,0,330099,325100,325100,23.706485725164413,-86.23550659942627,,,
822,821,,,-79.00650134727822,75,False,True,True,False,collision,5.848807334899902,,,ou_noise,0,330174,325175,325175,22.10728760401408,-86.20257934570313,,,
823,822,,,-204.0791955984954,1000,False,False,False,True,cutoff,5.285379409790039,,,ou_noise,0,331174,326175,326175,24.272825680255888,-86.19579313659668,,,
824,823,,,-281.3049651111938,1000,False,False,False,True,cutoff,9.016291618347168,,,ou_noise,0,332174,327175,327175,24.8825664652586,-86.12380798339844,,,
825,824,,,-252.8546338195517,1000,False,False,False,True,cutoff,9.751144409179688,,,ou_noise,0,333174,328175,328175,22.189566329002382,-86.12466282653808,,,
826,825,,,152.05876243749773,172,True,False,True,False,success,0.49311721324920654,,,ou_noise,0,333346,328347,328347,25.179812217174575,-86.02863613394804,,,
827,826,,,165.64642032976406,130,True,False,True,False,success,0.42711833119392395,,,ou_noise,0,333476,328477,328477,21.362345226911398,-86.16095270010142,,,
828,827,,,9.80738970942862,721,True,False,True,False,success,0.4312005639076233,,,ou_noise,0,334197,329198,329198,24.263718195827924,-86.16969534229803,,,
829,828,,,152.549521800166,172,True,False,True,False,success,0.48567211627960205,,,ou_noise,0,334369,329370,329370,21.27142691057782,-86.16765567868255,,,
830,829,,,147.11097248464557,194,True,False,True,False,success,0.46062663197517395,,,ou_noise,0,334563,329564,329564,24.23580718470603,-86.17033991862819,,,
831,830,,,146.83540017618506,178,True,False,True,False,success,0.44837456941604614,,,ou_noise,0,334741,329742,329742,23.870371955164362,-86.29998063505366,,,
832,831,,,161.77190661124934,143,True,False,True,False,success,0.4666171073913574,,,ou_noise,0,334884,329885,329885,19.98039542711698,-86.22416505613528,,,
833,832,,,171.16214010166362,117,True,False,True,False,success,0.44032466411590576,,,ou_noise,0,335001,330002,330002,18.297975905940064,-86.11624960614066,,,
834,833,,,-71.85312573270694,40,False,True,True,False,collision,6.932415008544922,,,ou_noise,0,335041,330042,330042,17.46220455169678,-86.26404914855956,,,
835,834,,,28.350708254027012,643,True,False,True,False,success,0.4974548816680908,,,ou_noise,0,335684,330685,330685,22.296882984426862,-86.26877514496562,,,
836,835,,,-281.45050221909105,1000,False,False,False,True,cutoff,9.730963706970215,,,ou_noise,0,336684,331685,331685,21.659891332507133,-86.28470748138427,,,
837,836,,,158.71455871383245,152,True,False,True,False,success,0.4741561710834503,,,ou_noise,0,336836,331837,331837,20.536840012199,-86.33514685379832,,,
838,837,,,167.00528026156684,131,True,False,True,False,success,0.4340435564517975,,,ou_noise,0,336967,331968,331968,18.022868671490034,-86.39697917909113,,,
839,838,,,-117.38046985557091,244,False,True,True,False,collision,5.107116222381592,,,ou_noise,0,337211,332212,332212,17.72273853763205,-86.31300113240226,,,
840,839,,,-209.64673439827396,1000,False,False,False,True,cutoff,6.543842792510986,,,ou_noise,0,338211,333212,333212,22.163444923400878,-86.36887564849853,,,
841,840,,,169.50169723633456,124,True,False,True,False,success,0.4563855528831482,,,ou_noise,0,338335,333336,333336,25.192628271156742,-86.31430410569713,,,
842,841,,,-230.94632044211227,1000,False,False,False,True,cutoff,4.0733866691589355,,,ou_noise,0,339335,334336,334336,21.51933788537979,-86.3575784072876,,,
843,842,,,152.796590056709,178,True,False,True,False,success,0.42163658142089844,,,ou_noise,0,339513,334514,334514,22.613822563310688,-86.33407665638441,,,
844,843,,,63.90967177652053,471,True,False,True,False,success,0.461787611246109,,,ou_noise,0,339984,334985,334985,22.539325844963138,-86.35262970813014,,,
845,844,,,-74.51403031013665,166,False,True,True,False,collision,3.1975743770599365,,,ou_noise,0,340150,335151,335151,23.81273679776364,-86.45017573345139,,,
846,845,,,-268.54430230063315,1000,False,False,False,True,cutoff,9.194880485534668,,,ou_noise,0,341150,336151,336151,26.18474117898941,-86.39725074768066,,,
847,846,,,86.28318962425321,479,True,False,True,False,success,0.44363877177238464,,,ou_noise,0,341629,336630,336630,20.843563162956954,-86.49257849452391,,,
848,847,,,160.96414604966964,144,True,False,True,False,success,0.4533505439758301,,,ou_noise,0,341773,336774,336774,15.63499079975817,-86.45092953575983,,,
849,848,,,-71.30553473306936,50,False,True,True,False,collision,6.250195503234863,,,ou_noise,0,341823,336824,336824,10.899355583190918,-86.60053070068359,,,
850,849,,,162.35786097108485,137,True,False,True,False,success,0.417451411485672,,,ou_noise,0,341960,336961,336961,30.297880360679905,-86.53745876785612,,,
851,850,,,161.98808196251187,141,True,False,True,False,success,0.4848368167877197,,,ou_noise,0,342101,337102,337102,19.39082967558651,-86.56293260290268,,,
852,851,,,126.10922261063995,274,True,False,True,False,success,0.49517494440078735,,,ou_noise,0,342375,337376,337376,22.210930324383895,-86.55769061346123,,,
853,852,,,-220.80342933077787,1000,False,False,False,True,cutoff,4.307885646820068,,,ou_noise,0,343375,338376,338376,21.268142091989517,-86.63672651672363,,,
854,853,,,-261.68583929750775,1000,False,False,False,True,cutoff,9.88683795928955,,,ou_noise,0,344375,339376,339376,20.234267037391664,-86.75341185760497,,,
855,854,,,-281.7417675649798,1000,False,False,False,True,cutoff,9.37112045288086,,,ou_noise,0,345375,340376,340376,18.882433480978012,-86.79133617401124,,,
856,855,,,-195.57063705302033,612,False,True,True,False,collision,4.5779805183410645,,,ou_noise,0,345987,340988,340988,19.932690012299158,-86.89944525326,,,
857,856,,,144.67761084291527,193,True,False,True,False,success,0.47259122133255005,,,ou_noise,0,346180,341181,341181,21.671574739594533,-86.75416869326577,,,
858,857,,,140.95730196557267,225,True,False,True,False,success,0.40263429284095764,,,ou_noise,0,346405,341406,341406,18.540495306120977,-86.90718190511068,,,
859,858,,,164.76437734951378,141,True,False,True,False,success,0.49050042033195496,,,ou_noise,0,346546,341547,341547,22.634895609625687,-86.74432546196255,,,
860,859,,,162.13576142650697,145,True,False,True,False,success,0.4011610746383667,,,ou_noise,0,346691,341692,341692,19.371283804137132,-86.83509647764009,,,
861,860,,,146.97058930302916,180,True,False,True,False,success,0.4970390796661377,,,ou_noise,0,346871,341872,341872,20.36628413995107,-86.79307412041558,,,
862,861,,,-74.94676966573746,149,False,True,True,False,collision,2.5396409034729004,,,ou_noise,0,347020,342021,342021,17.90847765119284,-86.85894355517905,,,
863,862,,,-274.7294880396514,1000,False,False,False,True,cutoff,6.4274396896362305,,,ou_noise,0,348020,343021,343021,25.057293749809265,-86.89348488616943,,,
864,863,,,-281.72303189412906,1000,False,False,False,True,cutoff,9.993265151977539,,,ou_noise,0,349020,344021,344021,21.897636283397674,-86.9846160736084,,,
865,864,,,157.04569888684688,163,True,False,True,False,success,0.49080386757850647,,,ou_noise,0,349183,344184,344184,18.30128622786399,-86.99606533869644,,,
866,865,,,163.57517429818526,141,True,False,True,False,success,0.4504193663597107,,,ou_noise,0,349324,344325,344325,19.551169999947785,-86.9722131499162,,,
867,866,,,155.83651105529833,167,True,False,True,False,success,0.4461207091808319,,,ou_noise,0,349491,344492,344492,21.03318776056438,-86.96809222741041,,,
868,867,,,149.43064774754646,199,True,False,True,False,success,0.4309963881969452,,,ou_noise,0,349690,344691,344691,15.85843582968017,-87.07531592594319,,,
869,868,,,-299.28151058991307,1000,False,False,False,True,cutoff,9.49544906616211,,,ou_noise,0,350690,345691,345691,22.657608027219773,-87.12281412506104,,,
870,869,,,-65.91032830135387,120,False,True,True,False,collision,3.796224594116211,,,ou_noise,0,350810,345811,345811,22.817627574006718,-87.1866294225057,,,
871,870,,,163.10344394186447,135,True,False,True,False,success,0.4815891981124878,,,ou_noise,0,350945,345946,345946,19.78372294991105,-87.16727340133102,,,
872,871,,,160.39694810654038,151,True,False,True,False,success,0.49944204092025757,,,ou_noise,0,351096,346097,346097,19.003945425646194,-87.11107822443476,,,
873,872,,,164.8743732014416,144,True,False,True,False,success,0.44024068117141724,,,ou_noise,0,351240,346241,346241,18.70429730084207,-87.25743590460883,,,
874,873,,,-174.27017436872413,1000,False,False,False,True,cutoff,3.5277674198150635,,,ou_noise,0,352240,347241,347241,20.26140830433369,-87.26836834716796,,,
875,874,,,-244.11166772602346,1000,False,False,False,True,cutoff,5.67429256439209,,,ou_noise,0,353240,348241,348241,19.031111515760422,-87.34896975708008,,,
876,875,,,164.04234045500374,144,True,False,True,False,success,0.43003490567207336,,,ou_noise,0,353384,348385,348385,19.862181794312264,-87.42177687750922,,,
877,876,,,-260.8413800419007,1000,False,False,False,True,cutoff,4.205954074859619,,,ou_noise,0,354384,349385,349385,20.070818391442298,-87.42707942962646,,,
878,877,,,146.86774606448176,201,True,False,True,False,success,0.46876704692840576,,,ou_noise,0,354585,349586,349586,21.565281690056644,-87.49413584239447,,,
879,878,,,95.90016486910758,394,True,False,True,False,success,0.48339352011680603,,,ou_noise,0,354979,349980,349980,21.820776685542867,-87.54661254108255,,,
880,879,,,84.84248551689424,435,True,False,True,False,success,0.4714864194393158,,,ou_noise,0,355414,350415,350415,18.08522673064265,-87.61572868961028,,,
881,880,,,112.26634435156664,322,True,False,True,False,success,0.4930940866470337,,,ou_noise,0,355736,350737,350737,24.829524461527047,-87.50753919234187,,,
882,881,,,160.97598420049363,151,True,False,True,False,success,0.44419190287590027,,,ou_noise,0,355887,350888,350888,13.78421410740606,-87.57144210512276,,,
883,882,,,-300.23148649853607,1000,False,False,False,True,cutoff,9.501434326171875,,,ou_noise,0,356887,351888,351888,21.31698488998413,-87.63563641357422,,,
884,883,,,-299.16101378184993,1000,False,False,False,True,cutoff,9.2389497756958,,,ou_noise,0,357887,352888,352888,18.89695201802254,-87.80514770507813,,,
885,884,,,172.0124952964506,120,True,False,True,False,success,0.45002198219299316,,,ou_noise,0,358007,353008,353008,16.87569281856219,-87.79229246775309,,,
886,885,,,171.53067673953728,122,True,False,True,False,success,0.4497903883457184,,,ou_noise,0,358129,353130,353130,21.22300074041867,-87.91767989612016,,,
887,886,,,-87.95855140526507,969,True,False,True,False,success,0.45052725076675415,,,ou_noise,0,359098,354099,354099,21.37832446388662,-87.90080380907246,,,
888,887,,,-177.8833190641326,229,False,True,True,False,collision,9.897408485412598,,,ou_noise,0,359327,354328,354328,22.617209678654067,-87.90886944766649,,,
889,888,,,-147.61277772346654,235,False,True,True,False,collision,8.416752815246582,,,ou_noise,0,359562,354563,354563,24.8924695679482,-87.98076681583485,,,
890,889,,,165.14690488339923,140,True,False,True,False,success,0.42641645669937134,,,ou_noise,0,359702,354703,354703,21.852318399293083,-88.00105405535017,,,
891,890,,,167.19433559408304,134,True,False,True,False,success,0.43315190076828003,,,ou_noise,0,359836,354837,354837,27.15206477090494,-87.93162542314671,,,
892,891,,,165.22626076594537,145,True,False,True,False,success,0.430867075920105,,,ou_noise,0,359981,354982,354982,24.748917726812692,-88.05885998956089,,,
893,892,,,160.73856831404638,159,True,False,True,False,success,0.42184028029441833,,,ou_noise,0,360140,355141,355141,16.664523728238713,-88.03085739807513,,,
894,893,,,168.6940299853249,131,True,False,True,False,success,0.45329535007476807,,,ou_noise,0,360271,355272,355272,23.507739946132396,-88.03596618885302,,,
895,894,,,139.76010634293826,221,True,False,True,False,success,0.47879818081855774,,,ou_noise,0,360492,355493,355493,27.332673845247985,-88.08397115301763,,,
896,895,,,162.69439769892958,152,True,False,True,False,success,0.44392943382263184,,,ou_noise,0,360644,355645,355645,15.291751587077192,-88.06040638371518,,,
897,896,,,168.87868433383414,127,True,False,True,False,success,0.4544317424297333,,,ou_noise,0,360771,355772,355772,16.21341957632951,-88.10151450089582,,,
898,897,,,170.3376477447137,127,True,False,True,False,success,0.42944470047950745,,,ou_noise,0,360898,355899,355899,26.497846090887474,-88.14984124851978,,,
899,898,,,176.13571569505598,107,True,False,True,False,success,0.4973035156726837,,,ou_noise,0,361005,356006,356006,13.668661700230892,-88.20880904153128,,,
900,899,,,174.13430803440292,114,True,False,True,False,success,0.45833733677864075,,,ou_noise,0,361119,356120,356120,19.54849282795923,-88.3864641022264,,,
901,900,,,-220.70008104287948,446,False,True,True,False,collision,8.087989807128906,,,ou_noise,0,361565,356566,356566,22.373854707442057,-88.18127272054218,,,
902,901,,,170.74196596291014,123,True,False,True,False,success,0.4593942165374756,,,ou_noise,0,361688,356689,356689,22.134766276289778,-88.2778578347307,,,
903,902,,,164.2252636116948,142,True,False,True,False,success,0.4983813464641571,,,ou_noise,0,361830,356831,356831,19.015950647877975,-88.45580872011857,,,
904,903,,,-370.4627089768236,1000,False,False,False,True,cutoff,6.656721115112305,,,ou_noise,0,362830,357831,357831,20.62899334526062,-88.39944816589356,,,
905,904,,,-466.8598289178195,1000,False,False,False,True,cutoff,7.108714580535889,,,ou_noise,0,363830,358831,358831,20.1305076700449,-88.50749999237061,,,
906,905,,,-142.33509822337606,380,False,True,True,False,collision,3.9095492362976074,,,ou_noise,0,364210,359211,359211,19.665035588176625,-88.6425823613217,,,
907,906,,,176.28955153898713,110,True,False,True,False,success,0.45037150382995605,,,ou_noise,0,364320,359321,359321,23.97934959043156,-88.60390930175781,,,
908,907,,,-69.3241405301294,97,False,True,True,False,collision,4.6186418533325195,,,ou_noise,0,364417,359418,359418,16.352514831061217,-88.62216729232945,,,
909,908,,,171.2778718686856,125,True,False,True,False,success,0.40550240874290466,,,ou_noise,0,364542,359543,359543,23.654519040107726,-88.71367541503906,,,
910,909,,,168.8553004143767,126,True,False,True,False,success,0.46933040022850037,,,ou_noise,0,364668,359669,359669,18.797388457116625,-88.72161986335875,,,
911,910,,,101.80447300305838,396,True,False,True,False,success,0.4948044419288635,,,ou_noise,0,365064,360065,360065,21.898188442292838,-88.7593656019731,,,
912,911,,,167.19659789330677,139,True,False,True,False,success,0.448169082403183,,,ou_noise,0,365203,360204,360204,26.39296808174188,-88.76797018805854,,,
913,912,,,173.04419319005228,117,True,False,True,False,success,0.43528082966804504,,,ou_noise,0,365320,360321,360321,27.60510344790597,-88.77711356399406,,,
914,913,,,-280.94365497748606,1000,False,False,False,True,cutoff,10.009573936462402,,,ou_noise,0,366320,361321,361321,19.545683042287827,-88.86502020263671,,,
915,914,,,167.9363766643374,124,True,False,True,False,success,0.4538502097129822,,,ou_noise,0,366444,361445,361445,18.912933898548925,-89.03620381509104,,,
916,915,,,162.06085419652055,144,True,False,True,False,success,0.4770950675010681,,,ou_noise,0,366588,361589,361589,25.04806345452865,-88.93392483393352,,,
917,916,,,168.6255634319752,127,True,False,True,False,success,0.44733762741088867,,,ou_noise,0,366715,361716,361716,22.013452808688005,-89.05569115586168,,,
918,917,,,163.3510956006014,146,True,False,True,False,success,0.4625055491924286,,,ou_noise,0,366861,361862,361862,21.178154320749517,-88.94401545067356,,,
919,918,,,166.7640804768934,132,True,False,True,False,success,0.4058972895145416,,,ou_noise,0,366993,361994,361994,22.2933110007734,-89.08926674813935,,,
920,919,,,161.32783768876286,150,True,False,True,False,success,0.45037907361984253,,,ou_noise,0,367143,362144,362144,19.52920316696167,-89.18356796264648,,,
921,920,,,154.46611835547435,173,True,False,True,False,success,0.4365558922290802,,,ou_noise,0,367316,362317,362317,25.976859552322786,-89.10841709203113,,,
922,921,,,-273.4237881869818,767,False,True,True,False,collision,6.0129780769348145,,,ou_noise,0,368083,363084,363084,20.513004852708967,-89.19651245355917,,,
923,922,,,-317.45804624887,1000,False,False,False,True,cutoff,3.65341854095459,,,ou_noise,0,369083,364084,364084,21.658287457585335,-89.25333655548096,,,
924,923,,,170.70690793183942,128,True,False,True,False,success,0.4964093863964081,,,ou_noise,0,369211,364212,364212,20.220697852782905,-89.31357127428055,,,
925,924,,,173.38860612712165,120,True,False,True,False,success,0.46921035647392273,,,ou_noise,0,369331,364332,364332,33.196387351552644,-89.18736731211344,,,
926,925,,,168.46274007573095,134,True,False,True,False,success,0.4718689024448395,,,ou_noise,0,369465,364466,364466,24.984152148908645,-89.37856178853049,,,
927,926,,,-215.84139419236914,424,False,True,True,False,collision,5.576665878295898,,,ou_noise,0,369889,364890,364890,23.658417582793057,-89.41861298399151,,,
928,927,,,-128.7097009896329,86,False,True,True,False,collision,9.397010803222656,,,ou_noise,0,369975,364976,364976,14.978919382705245,-89.28745349617891,,,
929,928,,,165.17878988809701,135,True,False,True,False,success,0.45750850439071655,,,ou_noise,0,370110,365111,365111,21.875209079848396,-89.4542896412037,,,
930,929,,,167.98208613735505,126,True,False,True,False,success,0.4559060037136078,,,ou_noise,0,370236,365237,365237,18.11585732774129,-89.5317523895748,,,
931,930,,,166.49054826590194,139,True,False,True,False,success,0.4557524621486664,,,ou_noise,0,370375,365376,365376,15.302089750337943,-89.52379410558467,,,
932,931,,,172.23039081662563,118,True,False,True,False,success,0.4826534688472748,,,ou_noise,0,370493,365494,365494,24.78150590092449,-89.5323097746251,,,
933,932,,,85.28326786844775,419,True,False,True,False,success,0.4720790982246399,,,ou_noise,0,370912,365913,365913,23.167078684224148,-89.52937586381498,,,
934,933,,,166.78132229157052,133,True,False,True,False,success,0.4995574653148651,,,ou_noise,0,371045,366046,366046,20.82885049966941,-89.57564011193756,,,
935,934,,,-367.6821847979072,1000,False,False,False,True,cutoff,6.2007551193237305,,,ou_noise,0,372045,367046,367046,21.27818401634693,-89.66799752807617,,,
936,935,,,-88.6145594730808,96,False,True,True,False,collision,6.24039888381958,,,ou_noise,0,372141,367142,367142,9.146362956613302,-89.71540101369222,,,
937,936,,,-369.74306821557985,1000,False,False,False,True,cutoff,6.196887969970703,,,ou_noise,0,373141,368142,368142,19.81945575582981,-89.84900356292725,,,
938,937,,,-45.44725325436112,138,False,True,True,False,collision,1.3740034103393555,,,ou_noise,0,373279,368280,368280,19.531138456386067,-89.92883051996645,,,
939,938,,,172.3249450794695,120,True,False,True,False,success,0.49607521295547485,,,ou_noise,0,373399,368400,368400,21.254536473751067,-89.98173344930014,,,
940,939,,,173.6667928528005,119,True,False,True,False,success,0.4508912265300751,,,ou_noise,0,373518,368519,368519,28.786057148660934,-89.94422899775144,,,
941,940,,,171.1635069252587,123,True,False,True,False,success,0.44914883375167847,,,ou_noise,0,373641,368642,368642,18.330596643734754,-90.06036997229103,,,
942,941,,,173.32657492031706,114,True,False,True,False,success,0.4309999942779541,,,ou_noise,0,373755,368756,368756,21.401303409484395,-90.01535984507778,,,
943,942,,,-360.50269285013223,698,False,True,True,False,collision,5.9674224853515625,,,ou_noise,0,374453,369454,369454,19.735079850542512,-90.02406002798872,,,
944,943,,,171.88877587542683,121,True,False,True,False,success,0.49859803915023804,,,ou_noise,0,374574,369575,369575,19.159128562477996,-90.15992440468024,,,
945,944,,,166.41245725583366,134,True,False,True,False,success,0.48865363001823425,,,ou_noise,0,374708,369709,369709,24.588460419605028,-90.18281560869359,,,
946,945,,,161.1239305342738,139,True,False,True,False,success,0.49459347128868103,,,ou_noise,0,374847,369848,369848,14.933327851535605,-90.1559963089099,,,
947,946,,,-98.99233606318414,73,False,True,True,False,collision,8.023541450500488,,,ou_noise,0,374920,369921,369921,13.613006720804188,-90.19284465214977,,,
948,947,,,-70.90282820516012,81,False,True,True,False,collision,5.280449867248535,,,ou_noise,0,375001,370002,370002,27.186939370485,-90.16151993362992,,,
949,948,,,167.18105201975047,134,True,False,True,False,success,0.4782867431640625,,,ou_noise,0,375135,370136,370136,17.15152563176938,-90.23938631655565,,,
950,949,,,171.45550756204986,121,True,False,True,False,success,0.4620349705219269,,,ou_noise,0,375256,370257,370257,25.598554369831874,-90.25527746027166,,,
951,950,,,-356.7726039256612,1000,False,False,False,True,cutoff,6.961307048797607,,,ou_noise,0,376256,371257,371257,21.510519384026527,-90.28860147857667,,,
952,951,,,173.42465576269302,120,True,False,True,False,success,0.4710559844970703,,,ou_noise,0,376376,371377,371377,24.119382491707803,-90.19032198588053,,,
953,952,,,-331.23521751625276,1000,False,False,False,True,cutoff,7.195071220397949,,,ou_noise,0,377376,372377,372377,18.965113705277442,-90.36980238342285,,,
954,953,,,-250.78248728447443,1000,False,False,False,True,cutoff,6.6083502769470215,,,ou_noise,0,378376,373377,373377,20.723251214146615,-90.52028427886962,,,
955,954,,,170.36403720919282,124,True,False,True,False,success,0.4864714741706848,,,ou_noise,0,378500,373501,373501,19.02164739370346,-90.5466537475586,,,
956,955,,,-270.59066405574026,1000,False,False,False,True,cutoff,7.320499897003174,,,ou_noise,0,379500,374501,374501,21.969571952581404,-90.60370676422119,,,
957,956,,,167.77593999026521,140,True,False,True,False,success,0.445736825466156,,,ou_noise,0,379640,374641,374641,24.52411570549011,-90.66556440080915,,,
958,957,,,-260.58771321638073,1000,False,False,False,True,cutoff,7.013333320617676,,,ou_noise,0,380640,375641,375641,18.717153574466707,-90.79644457244873,,,
959,958,,,168.68552819017947,133,True,False,True,False,success,0.4508592188358307,,,ou_noise,0,380773,375774,375774,24.60815533211357,-90.81599816343838,,,
960,959,,,-246.29808604522924,1000,False,False,False,True,cutoff,4.2545166015625,,,ou_noise,0,381773,376774,376774,21.093605389475822,-90.89165155792236,,,
961,960,,,-235.10286772159108,1000,False,False,False,True,cutoff,6.81989860534668,,,ou_noise,0,382773,377774,377774,20.08474018394947,-90.95046461486817,,,
962,961,,,160.03473893171767,159,True,False,True,False,success,0.48952192068099976,,,ou_noise,0,382932,377933,377933,18.17029948504466,-90.9747614830545,,,
963,962,,,-31.303583376533567,757,True,False,True,False,success,0.45588716864585876,,,ou_noise,0,383689,378690,378690,21.328708225386304,-91.03004012114148,,,
964,963,,,-237.04014415402617,1000,False,False,False,True,cutoff,6.812266826629639,,,ou_noise,0,384689,379690,379690,22.167688554644585,-91.12305308532714,,,
965,964,,,66.03647500126434,476,True,False,True,False,success,0.46313002705574036,,,ou_noise,0,385165,380166,380166,22.993679325871106,-91.19962934285653,,,
966,965,,,-248.54759423577545,1000,False,False,False,True,cutoff,6.57450008392334,,,ou_noise,0,386165,381166,381166,19.295183621287347,-91.31566275024414,,,
967,966,,,-232.61779387828665,1000,False,False,False,True,cutoff,7.173198699951172,,,ou_noise,0,387165,382166,382166,20.45638823890686,-91.42833116149902,,,
968,967,,,170.1297934371998,128,True,False,True,False,success,0.4680843651294708,,,ou_noise,0,387293,382294,382294,20.66270854510367,-91.4803050160408,,,
969,968,,,170.83417272418507,129,True,False,True,False,success,0.4142758846282959,,,ou_noise,0,387422,382423,382423,18.737597933111264,-91.4491458271825,,,
970,969,,,159.58295477594123,134,True,False,True,False,success,0.4741186499595642,,,ou_noise,0,387556,382557,382557,17.405898777406605,-91.59973321032169,,,
971,970,,,172.0369755437876,122,True,False,True,False,success,0.46483445167541504,,,ou_noise,0,387678,382679,382679,21.02741514659319,-91.49961340231974,,,
972,971,,,-217.95370024667153,1000,False,False,False,True,cutoff,7.023789405822754,,,ou_noise,0,388678,383679,383679,19.411984307169913,-91.57212399291993,,,
973,972,,,170.57662069493858,124,True,False,True,False,success,0.4949537515640259,,,ou_noise,0,388802,383803,383803,17.247527259972788,-91.69262240009922,,,
974,973,,,170.24085071765006,127,True,False,True,False,success,0.47485873103141785,,,ou_noise,0,388929,383930,383930,21.133608718556683,-91.68026541161724,,,
975,974,,,-363.2655787869175,1000,False,False,False,True,cutoff,3.5302162170410156,,,ou_noise,0,389929,384930,384930,20.271155031442643,-91.7929195098877,,,
976,975,,,-218.91585519871097,1000,False,False,False,True,cutoff,7.5994110107421875,,,ou_noise,0,390929,385930,385930,18.195808195352555,-91.90133584594727,,,
977,976,,,170.38651031146813,126,True,False,True,False,success,0.4486216604709625,,,ou_noise,0,391055,386056,386056,15.424057120368595,-91.91441569252619,,,
978,977,,,-312.8273710440112,1000,False,False,False,True,cutoff,3.5596723556518555,,,ou_noise,0,392055,387056,387056,21.540113970160483,-91.99867363739014,,,
979,978,,,172.2198447503572,123,True,False,True,False,success,0.49111342430114746,,,ou_noise,0,392178,387179,387179,15.358849017600702,-92.08330021059611,,,
980,979,,,-273.55976238731296,1000,False,False,False,True,cutoff,7.193173408508301,,,ou_noise,0,393178,388179,388179,19.753480798840524,-92.10704775238037,,,
981,980,,,164.15695284250734,139,True,False,True,False,success,0.4469650983810425,,,ou_noise,0,393317,388318,388318,19.501070736123502,-92.15583252392227,,,
982,981,,,169.4076790799694,133,True,False,True,False,success,0.49851253628730774,,,ou_noise,0,393450,388451,388451,17.267001848471793,-92.18017090532116,,,
983,982,,,168.58159058396353,135,True,False,True,False,success,0.4165094494819641,,,ou_noise,0,393585,388586,388586,14.494471914679917,-92.32543114556206,,,
984,983,,,171.54965317254096,122,True,False,True,False,success,0.4961150288581848,,,ou_noise,0,393707,388708,388708,14.724976195663702,-92.27099553092582,,,
985,984,,,-230.44508514537534,1000,False,False,False,True,cutoff,7.456127643585205,,,ou_noise,0,394707,389708,389708,18.916083096504213,-92.3552367401123,,,
986,985,,,-280.2399428815123,1000,False,False,False,True,cutoff,7.103723526000977,,,ou_noise,0,395707,390708,390708,20.146199711561202,-92.48652923583984,,,
987,986,,,-237.83392142570457,1000,False,False,False,True,cutoff,6.848252773284912,,,ou_noise,0,396707,391708,391708,18.107159121394158,-92.5744610900879,,,
988,987,,,166.03542461052763,132,True,False,True,False,success,0.40170857310295105,,,ou_noise,0,396839,391840,391840,16.161228368679684,-92.46583239237468,,,
989,988,,,167.44071629206547,135,True,False,True,False,success,0.4645841717720032,,,ou_noise,0,396974,391975,391975,23.725154950000622,-92.60621236165365,,,
990,989,,,168.69886838606527,128,True,False,True,False,success,0.4582430422306061,,,ou_noise,0,397102,392103,392103,20.760510095395148,-92.7161038517952,,,
991,990,,,-257.28297860304764,1000,False,False,False,True,cutoff,7.2235212326049805,,,ou_noise,0,398102,393103,393103,18.391459989368915,-92.67943417358399,,,
992,991,,,170.58846803354598,122,True,False,True,False,success,0.4237556457519531,,,ou_noise,0,398224,393225,393225,22.88013818322635,-92.76099170622278,,,
993,992,,,168.3740207996218,131,True,False,True,False,success,0.4651985466480255,,,ou_noise,0,398355,393356,393356,28.10683805341939,-92.72134894451112,,,
994,993,,,-244.06111518000287,1000,False,False,False,True,cutoff,7.271811485290527,,,ou_noise,0,399355,394356,394356,17.017014644801616,-92.73946866607666,,,
995,994,,,167.28192088033717,126,True,False,True,False,success,0.49844175577163696,,,ou_noise,0,399481,394482,394482,18.417962116854532,-92.80126172020321,,,
996,995,,,-249.5381042532337,1000,False,False,False,True,cutoff,7.469518661499023,,,ou_noise,0,400481,395482,395482,19.148983159065246,-92.83214243316651,,,
997,996,,,-238.57063628198492,1000,False,False,False,True,cutoff,7.522287845611572,,,ou_noise,0,401481,396482,396482,16.91862421500683,-92.84084111022949,,,
998,997,,,165.49783935415863,138,True,False,True,False,success,0.4835529625415802,,,ou_noise,0,401619,396620,396620,16.175967262274977,-92.94090298638828,,,
999,998,,,163.09664471557528,140,True,False,True,False,success,0.4983276426792145,,,ou_noise,0,401759,396760,396760,19.508861424241747,-92.95081056867328,,,
1000,999,,,163.90039997245626,138,True,False,True,False,success,0.4873829483985901,,,ou_noise,0,401897,396898,396898,29.44540294788886,-92.9167738099029,,,
1001,1000,,,-290.65718031252345,1000,False,False,False,True,cutoff,4.6182966232299805,,,ou_noise,0,402897,397898,397898,20.41838279980421,-92.88630855560302,,,
1002,1001,,,171.64591565384137,128,True,False,True,False,success,0.4197678565979004,,,ou_noise,0,403025,398026,398026,19.147345477715135,-92.92019432783127,,,
1003,1002,,,-248.30027025529895,1000,False,False,False,True,cutoff,7.136452674865723,,,ou_noise,0,404025,399026,399026,16.43780488675833,-92.93773059082031,,,
1004,1003,,,-228.20577549287825,1000,False,False,False,True,cutoff,7.1259260177612305,,,ou_noise,0,405025,400026,400026,18.577405122220515,-92.8929656829834,,,
1005,1004,,,-248.0417001449151,1000,False,False,False,True,cutoff,6.7669758796691895,,,ou_noise,0,406025,401026,401026,19.018786067605017,-92.86553942108154,,,
1006,1005,,,-231.6279372338201,1000,False,False,False,True,cutoff,7.292407035827637,,,ou_noise,0,407025,402026,402026,20.31117057675123,-92.84301323699951,,,
1007,1006,,,-237.89729200290296,1000,False,False,False,True,cutoff,7.521224021911621,,,ou_noise,0,408025,403026,403026,19.027715619683267,-92.84490208435058,,,
1008,1007,,,-219.6678542798341,1000,False,False,False,True,cutoff,7.020921230316162,,,ou_noise,0,409025,404026,404026,20.97794197523594,-92.71242011260986,,,
1009,1008,,,-222.46256215516217,1000,False,False,False,True,cutoff,7.486839771270752,,,ou_noise,0,410025,405026,405026,16.658423921108245,-92.78568423461914,,,
1010,1009,,,-224.99099338226227,1000,False,False,False,True,cutoff,7.629931449890137,,,ou_noise,0,411025,406026,406026,21.040412654221058,-92.6665377960205,,,
1011,1010,,,-205.68383957938852,1000,False,False,False,True,cutoff,7.053184509277344,,,ou_noise,0,412025,407026,407026,20.718787805557252,-92.5435313796997,,,
1012,1011,,,-226.63276060296948,1000,False,False,False,True,cutoff,7.43955659866333,,,ou_noise,0,413025,408026,408026,18.40471310132742,-92.4088201675415,,,
1013,1012,,,-225.5382415584284,1000,False,False,False,True,cutoff,7.397887229919434,,,ou_noise,0,414025,409026,409026,19.00911872780323,-92.30930599212647,,,
1014,1013,,,-253.83436746121714,1000,False,False,False,True,cutoff,4.1415324211120605,,,ou_noise,0,415025,410026,410026,16.176584273517133,-92.24397197723388,,,
1015,1014,,,146.32039558497183,199,True,False,True,False,success,0.450116902589798,,,ou_noise,0,415224,410225,410225,21.677374094275375,-92.17681528216032,,,
1016,1015,,,-220.6906725819066,1000,False,False,False,True,cutoff,7.490647315979004,,,ou_noise,0,416224,411225,411225,15.207706731081009,-92.09108716583252,,,
1017,1016,,,-248.57132653376874,1000,False,False,False,True,cutoff,7.242988109588623,,,ou_noise,0,417224,412225,412225,17.83131533783674,-91.87242896270752,,,
1018,1017,,,-73.08052572652464,54,False,True,True,False,collision,6.296806335449219,,,ou_noise,0,417278,412279,412279,10.426721239531481,-91.88307288840964,,,
1019,1018,,,174.24068075919848,114,True,False,True,False,success,0.4372686445713043,,,ou_noise,0,417392,412393,412393,19.169906557129142,-91.79525455675628,,,
1020,1019,,,-208.24582998986617,1000,False,False,False,True,cutoff,7.206790447235107,,,ou_noise,0,418392,413393,413393,21.17457967543602,-91.73144162750245,,,
1021,1020,,,171.18724843563672,130,True,False,True,False,success,0.45059818029403687,,,ou_noise,0,418522,413523,413523,27.311841055063102,-91.67761441744291,,,
1022,1021,,,-253.7601895828521,1000,False,False,False,True,cutoff,6.500486850738525,,,ou_noise,0,419522,414523,414523,18.057079162538052,-91.58020665740966,,,
1023,1022,,,-262.04510934771406,1000,False,False,False,True,cutoff,6.786379337310791,,,ou_noise,0,420522,415523,415523,21.05801302975416,-91.43763739776611,,,
1024,1023,,,-265.41394618669744,1000,False,False,False,True,cutoff,6.638633728027344,,,ou_noise,0,421522,416523,416523,20.634755878031253,-91.27874382781982,,,
1025,1024,,,-385.57763456074804,1000,False,False,False,True,cutoff,7.850857734680176,,,ou_noise,0,422522,417523,417523,19.975524669766425,-91.05416954040527,,,
1026,1025,,,172.96638176839656,116,True,False,True,False,success,0.4808703064918518,,,ou_noise,0,422638,417639,417639,14.42654966434528,-91.03262039710735,,,
1027,1026,,,-364.432725152318,1000,False,False,False,True,cutoff,8.105497360229492,,,ou_noise,0,423638,418639,418639,15.629743847906589,-90.97409967041015,,,
1028,1027,,,-234.37202090513534,1000,False,False,False,True,cutoff,6.752141952514648,,,ou_noise,0,424638,419639,419639,17.124695770323278,-90.80889629364013,,,
1029,1028,,,162.51359274151588,149,True,False,True,False,success,0.4863795042037964,,,ou_noise,0,424787,419788,419788,17.226141932426682,-90.84352173261195,,,
1030,1029,,,170.21783534193938,125,True,False,True,False,success,0.45631980895996094,,,ou_noise,0,424912,419913,419913,20.17168628025055,-90.80721551513672,,,
1031,1030,,,-217.04010494558187,1000,False,False,False,True,cutoff,7.075862884521484,,,ou_noise,0,425912,420913,420913,17.25349952697754,-90.65276856994629,,,
1032,1031,,,172.8010289315279,122,True,False,True,False,success,0.4142519533634186,,,ou_noise,0,426034,421035,421035,18.345812897213168,-90.5213146522397,,,
1033,1032,,,167.422452035137,138,True,False,True,False,success,0.40366432070732117,,,ou_noise,0,426172,421173,421173,22.01196349617364,-90.67788320347883,,,
1034,1033,,,-82.75032040980128,91,False,True,True,False,collision,6.531680583953857,,,ou_noise,0,426263,421264,421264,21.36038401755658,-90.52364927857786,,,
1035,1034,,,175.90121829681019,109,True,False,True,False,success,0.4845848083496094,,,ou_noise,0,426372,421373,421373,27.137488165032973,-90.54031309075312,,,
1036,1035,,,-285.4724685349671,1000,False,False,False,True,cutoff,6.692587375640869,,,ou_noise,0,427372,422373,422373,17.880734033465384,-90.47147710418702,,,
1037,1036,,,-257.6982021393262,558,False,True,True,False,collision,6.518832683563232,,,ou_noise,0,427930,422931,422931,18.083213307951514,-90.39971562867524,,,
1038,1037,,,-281.27827170906767,1000,False,False,False,True,cutoff,6.658631801605225,,,ou_noise,0,428930,423931,423931,19.49139974462986,-90.30926197814941,,,
1039,1038,,,-283.84010605618573,728,False,True,True,False,collision,6.533230304718018,,,ou_noise,0,429658,424659,424659,18.217375530073276,-90.19211721944285,,,
1040,1039,,,164.1952937251022,142,True,False,True,False,success,0.4777684509754181,,,ou_noise,0,429800,424801,424801,14.038988334192357,-90.14544865782831,,,
1041,1040,,,144.3637667893154,181,True,False,True,False,success,0.47211793065071106,,,ou_noise,0,429981,424982,424982,15.71491900399245,-90.1561446216225,,,
1042,1041,,,170.14688658067354,125,True,False,True,False,success,0.4691486656665802,,,ou_noise,0,430106,425107,425107,13.565817744255066,-89.96890081787109,,,
1043,1042,,,-247.33790131254162,1000,False,False,False,True,cutoff,7.633939266204834,,,ou_noise,0,431106,426107,426107,16.676935060977936,-89.98227827453613,,,
1044,1043,,,-244.57691384273772,1000,False,False,False,True,cutoff,7.961513996124268,,,ou_noise,0,432106,427107,427107,19.306210467100144,-89.82757873535157,,,
1045,1044,,,-252.04360603824796,1000,False,False,False,True,cutoff,6.842952251434326,,,ou_noise,0,433106,428107,428107,17.744957275033,-89.606270362854,,,
1046,1045,,,170.92092075481474,126,True,False,True,False,success,0.4267893135547638,,,ou_noise,0,433232,428233,428233,14.701329410076141,-89.55498165554471,,,
1047,1046,,,-260.34564727175524,1000,False,False,False,True,cutoff,7.420486927032471,,,ou_noise,0,434232,429233,429233,18.087660070300103,-89.46635662078857,,,
1048,1047,,,-182.60410306253615,1000,False,False,False,True,cutoff,5.351656913757324,,,ou_noise,0,435232,430233,430233,16.34054609453678,-89.27681243133544,,,
1049,1048,,,-177.33108715391953,1000,False,False,False,True,cutoff,4.377142429351807,,,ou_noise,0,436232,431233,431233,15.81260092383623,-89.13328119659424,,,
1050,1049,,,-242.01325933370418,1000,False,False,False,True,cutoff,7.753082275390625,,,ou_noise,0,437232,432233,432233,16.6979802262187,-88.99297983551025,,,
1051,1050,,,166.13952790561984,136,True,False,True,False,success,0.4469854235649109,,,ou_noise,0,437368,432369,432369,12.24871071822503,-88.87907061857335,,,
1052,1051,,,-22.303043072198804,852,True,False,True,False,success,0.4531203508377075,,,ou_noise,0,438220,433221,433221,17.07525433404065,-88.65360678193714,,,
1053,1052,,,-262.0766166808208,1000,False,False,False,True,cutoff,7.682836532592773,,,ou_noise,0,439220,434221,434221,17.451798524796963,-88.50528520202637,,,
1054,1053,,,167.70643879878463,144,True,False,True,False,success,0.4562818706035614,,,ou_noise,0,439364,434365,434365,22.750271699494785,-88.31533818774753,,,
1055,1054,,,154.85844595585195,146,True,False,True,False,success,0.4906740188598633,,,ou_noise,0,439510,434511,434511,14.389241150797229,-88.2544483028046,,,
1056,1055,,,-203.17666179150956,1000,False,False,False,True,cutoff,6.749934196472168,,,ou_noise,0,440510,435511,435511,16.23422640401125,-88.17105154418945,,,
1057,1056,,,174.50150489618377,113,True,False,True,False,success,0.42460206151008606,,,ou_noise,0,440623,435624,435624,15.596594163801818,-88.20314532254649,,,
1058,1057,,,-239.51080028505152,1000,False,False,False,True,cutoff,7.736602306365967,,,ou_noise,0,441623,436624,436624,16.229167300343512,-88.0101877975464,,,
1059,1058,,,-234.03951393114667,1000,False,False,False,True,cutoff,7.9936299324035645,,,ou_noise,0,442623,437624,437624,18.78166954612732,-87.84487602233887,,,
1060,1059,,,168.9541097223917,127,True,False,True,False,success,0.4336759150028229,,,ou_noise,0,442750,437751,437751,19.347168217493792,-87.69164738692636,,,
1061,1060,,,162.78302442794904,145,True,False,True,False,success,0.4874996542930603,,,ou_noise,0,442895,437896,437896,17.630404149252794,-87.62225447029903,,,
1062,1061,,,168.29024078185284,131,True,False,True,False,success,0.4699680805206299,,,ou_noise,0,443026,438027,438027,20.530802872344736,-87.63696347302152,,,
1063,1062,,,-194.50451808495822,1000,False,False,False,True,cutoff,4.288186550140381,,,ou_noise,0,444026,439027,439027,19.92100170791149,-87.59874616241456,,,
1064,1063,,,166.7968156009305,133,True,False,True,False,success,0.4542637765407562,,,ou_noise,0,444159,439160,439160,25.43366399384979,-87.54129900251117,,,
1065,1064,,,-88.7144241552684,48,False,True,True,False,collision,7.747918605804443,,,ou_noise,0,444207,439208,439208,20.690935634076595,-87.66104904810588,,,
1066,1065,,,171.6334814134903,122,True,False,True,False,success,0.46555769443511963,,,ou_noise,0,444329,439330,439330,16.347100248102283,-87.45589790969599,,,
1067,1066,,,173.92905721479406,117,True,False,True,False,success,0.41481366753578186,,,ou_noise,0,444446,439447,439447,20.867260622163105,-87.36436658027844,,,
1068,1067,,,-111.96065401709942,295,False,True,True,False,collision,2.5246269702911377,,,ou_noise,0,444741,439742,439742,15.093851309711651,-87.48877278990665,,,
1069,1068,,,172.61212796408074,124,True,False,True,False,success,0.4529295265674591,,,ou_noise,0,444865,439866,439866,21.77272782402654,-87.43580676663306,,,
1070,1069,,,150.76595101180462,181,True,False,True,False,success,0.4343772232532501,,,ou_noise,0,445046,440047,440047,21.022626739839165,-87.41564760155441,,,
1071,1070,,,153.72604159715556,158,True,False,True,False,success,0.4749646484851837,,,ou_noise,0,445204,440205,440205,15.615977635866479,-87.35266122938711,,,
1072,1071,,,-223.74955866421945,1000,False,False,False,True,cutoff,7.17898416519165,,,ou_noise,0,446204,441205,441205,17.351913616418837,-87.26439121246338,,,
1073,1072,,,169.99391002078045,124,True,False,True,False,success,0.46811339259147644,,,ou_noise,0,446328,441329,441329,20.66551692639628,-87.26153379870999,,,
1074,1073,,,155.77893275614198,157,True,False,True,False,success,0.446906179189682,,,ou_noise,0,446485,441486,441486,14.063881957606904,-87.26440259605457,,,
1075,1074,,,155.7392331562585,159,True,False,True,False,success,0.4986749291419983,,,ou_noise,0,446644,441645,441645,22.62918443274948,-87.12921852735603,,,
1076,1075,,,168.67547368415222,136,True,False,True,False,success,0.4522956907749176,,,ou_noise,0,446780,441781,441781,13.652561899493723,-87.00453808728386,,,
1077,1076,,,158.5718439700882,154,True,False,True,False,success,0.49710574746131897,,,ou_noise,0,446934,441935,441935,24.833935064154787,-87.07191531689136,,,
1078,1077,,,169.73254799603112,132,True,False,True,False,success,0.48489877581596375,,,ou_noise,0,447066,442067,442067,20.71766529299996,-87.2373937549013,,,
1079,1078,,,167.3555359717403,137,True,False,True,False,success,0.44992968440055847,,,ou_noise,0,447203,442204,442204,18.68825317125251,-87.19371684276274,,,
1080,1079,,,165.3851987818939,145,True,False,True,False,success,0.47564783692359924,,,ou_noise,0,447348,442349,442349,18.211771253881782,-87.06030631229795,,,
1081,1080,,,165.7973581607069,133,True,False,True,False,success,0.4428371489048004,,,ou_noise,0,447481,442482,442482,17.751454045001726,-87.05628709147747,,,
1082,1081,,,-198.32497779985994,1000,False,False,False,True,cutoff,4.305517196655273,,,ou_noise,0,448481,443482,443482,16.92807567036152,-86.97591233062744,,,
1083,1082,,,170.96207089764195,119,True,False,True,False,success,0.48583129048347473,,,ou_noise,0,448600,443601,443601,13.031477900112376,-86.95824265680393,,,
1084,1083,,,170.5557117701484,131,True,False,True,False,success,0.4426197409629822,,,ou_noise,0,448731,443732,443732,26.532872598589833,-86.84685021320372,,,
1085,1084,,,174.61642245141292,116,True,False,True,False,success,0.4275452494621277,,,ou_noise,0,448847,443848,443848,24.0371902389773,-86.92128872049265,,,
1086,1085,,,172.8897134288735,111,True,False,True,False,success,0.49046018719673157,,,ou_noise,0,448958,443959,443959,20.586930285702955,-86.89846100678315,,,
1087,1086,,,162.01906655532702,146,True,False,True,False,success,0.4646788537502289,,,ou_noise,0,449104,444105,444105,20.515361289455466,-86.91353931165722,,,
1088,1087,,,167.93073154669918,132,True,False,True,False,success,0.4223273694515228,,,ou_noise,0,449236,444237,444237,14.16365072311777,-87.01395572315563,,,
1089,1088,,,-197.44956827320692,1000,False,False,False,True,cutoff,4.343657493591309,,,ou_noise,0,450236,445237,445237,16.322867718458177,-86.90663800048829,,,
1090,1089,,,135.55440200732988,232,True,False,True,False,success,0.4934445023536682,,,ou_noise,0,450468,445469,445469,22.370136158733533,-86.81464918728533,,,
1091,1090,,,169.10829939975906,119,True,False,True,False,success,0.4870817959308624,,,ou_noise,0,450587,445588,445588,12.030645655984639,-86.82444763183594,,,
1092,1091,,,-239.89549534203638,679,False,True,True,False,collision,6.341782569885254,,,ou_noise,0,451266,446267,446267,15.491664770074376,-86.71921799986984,,,
1093,1092,,,153.77393231589116,161,True,False,True,False,success,0.42477792501449585,,,ou_noise,0,451427,446428,446428,16.93838499865917,-86.77612371030061,,,
1094,1093,,,168.4534518571303,125,True,False,True,False,success,0.4891962707042694,,,ou_noise,0,451552,446553,446553,14.453309084892274,-86.60133349609374,,,
1095,1094,,,-295.27452457498435,1000,False,False,False,True,cutoff,6.689992427825928,,,ou_noise,0,452552,447553,447553,20.11281289887428,-86.55912752532959,,,
1096,1095,,,169.87379022260438,127,True,False,True,False,success,0.4950380325317383,,,ou_noise,0,452679,447680,447680,10.500268399246096,-86.41877386138195,,,
1097,1096,,,177.82154687171342,106,True,False,True,False,success,0.4551202356815338,,,ou_noise,0,452785,447786,447786,23.037214085740864,-86.56485208475365,,,
1098,1097,,,-87.00345561606035,241,False,True,True,False,collision,3.0054025650024414,,,ou_noise,0,453026,448027,448027,15.203889344243093,-86.6028988153608,,,
1099,1098,,,166.86235653070258,136,True,False,True,False,success,0.4900270402431488,,,ou_noise,0,453162,448163,448163,13.143452651360455,-86.46956769157859,,,
1100,1099,,,158.23431906506391,147,True,False,True,False,success,0.43990567326545715,,,ou_noise,0,453309,448310,448310,16.749895938399696,-86.4958238147554,,,
1101,1100,,,-225.19917205601922,1000,False,False,False,True,cutoff,6.557299613952637,,,ou_noise,0,454309,449310,449310,18.017029577732085,-86.38244228363037,,,
1102,1101,,,154.2395433839035,160,True,False,True,False,success,0.4576963186264038,,,ou_noise,0,454469,449470,449470,25.344093868881465,-86.46294407844543,,,
1103,1102,,,-207.67662330628445,1000,False,False,False,True,cutoff,6.2987165451049805,,,ou_noise,0,455469,450470,450470,20.409817390441894,-86.25917485809326,,,
1104,1103,,,-286.32439355657027,686,False,True,True,False,collision,2.77138614654541,,,ou_noise,0,456155,451156,451156,18.94280241182177,-86.26824698712318,,,
1105,1104,,,-357.4526232968681,1000,False,False,False,True,cutoff,9.187318801879883,,,ou_noise,0,457155,452156,452156,18.248673471331596,-86.19318025970459,,,
1106,1105,,,-118.26122394959705,290,False,True,True,False,collision,3.921966791152954,,,ou_noise,0,457445,452446,452446,16.344051155550726,-85.93969450325801,,,
1107,1106,,,170.9581188113055,122,True,False,True,False,success,0.4499931335449219,,,ou_noise,0,457567,452568,452568,14.087835608935746,-86.239423595491,,,
1108,1107,,,170.12613193720188,128,True,False,True,False,success,0.45061925053596497,,,ou_noise,0,457695,452696,452696,13.739512892439961,-86.09993362426758,,,
1109,1108,,,-205.9803512340401,1000,False,False,False,True,cutoff,4.715574264526367,,,ou_noise,0,458695,453696,453696,19.494506514787673,-86.0246296005249,,,
1110,1109,,,-258.1093543854688,1000,False,False,False,True,cutoff,6.3466339111328125,,,ou_noise,0,459695,454696,454696,19.778877190470695,-85.91732514190674,,,
1111,1110,,,170.27223855074794,131,True,False,True,False,success,0.4526076912879944,,,ou_noise,0,459826,454827,454827,22.512596237750454,-85.7645994579519,,,
1112,1111,,,156.65082834120642,176,True,False,True,False,success,0.47632721066474915,,,ou_noise,0,460002,455003,455003,23.384584520350803,-85.89489212903109,,,
1113,1112,,,173.21796898350476,114,True,False,True,False,success,0.4546668529510498,,,ou_noise,0,460116,455117,455117,14.329230962092417,-85.83541756345515,,,
1114,1113,,,170.7213553603168,132,True,False,True,False,success,0.4942375123500824,,,ou_noise,0,460248,455249,455249,19.26648493969079,-85.71668405243845,,,
1115,1114,,,-372.24324992501573,1000,False,False,False,True,cutoff,9.16092300415039,,,ou_noise,0,461248,456249,456249,17.4761052339077,-85.77562425994873,,,
1116,1115,,,-387.49529891384896,1000,False,False,False,True,cutoff,9.341531753540039,,,ou_noise,0,462248,457249,457249,19.459989813327788,-85.73232844543458,,,
1117,1116,,,173.0212773520119,113,True,False,True,False,success,0.4969591498374939,,,ou_noise,0,462361,457362,457362,15.27727685565442,-85.66369959738402,,,
1118,1117,,,-218.84480347340238,1000,False,False,False,True,cutoff,5.841125011444092,,,ou_noise,0,463361,458362,458362,13.469930688619614,-85.61613606262208,,,
1119,1118,,,-382.3561629809244,1000,False,False,False,True,cutoff,9.399699211120605,,,ou_noise,0,464361,459362,459362,15.505642071127891,-85.52023148345947,,,
1120,1119,,,-267.8424226961143,1000,False,False,False,True,cutoff,4.674424171447754,,,ou_noise,0,465361,460362,460362,17.902438737511634,-85.42524723052979,,,
1121,1120,,,-388.56797929974704,1000,False,False,False,True,cutoff,9.599038124084473,,,ou_noise,0,466361,461362,461362,16.55093326973915,-85.26607496643066,,,
1122,1121,,,123.56103418685672,286,True,False,True,False,success,0.49622905254364014,,,ou_noise,0,466647,461648,461648,19.01526214151116,-85.18882175258823,,,
1123,1122,,,160.63978094022082,151,True,False,True,False,success,0.4832819998264313,,,ou_noise,0,466798,461799,461799,15.023074666395882,-85.19738663427087,,,
1124,1123,,,-390.4041611586156,1000,False,False,False,True,cutoff,9.533595085144043,,,ou_noise,0,467798,462799,462799,18.90144760584831,-85.10322122192383,,,
1125,1124,,,158.89017813352342,154,True,False,True,False,success,0.4546167254447937,,,ou_noise,0,467952,462953,462953,19.152647721302973,-85.1809788493367,,,
1126,1125,,,173.62328736607185,118,True,False,True,False,success,0.4264109134674072,,,ou_noise,0,468070,463071,463071,10.176461426888482,-85.00299356751523,,,
1127,1126,,,-397.74770935315297,1000,False,False,False,True,cutoff,9.006509780883789,,,ou_noise,0,469070,464071,464071,19.16689062714577,-85.04850116729736,,,
1128,1127,,,171.95396124778796,117,True,False,True,False,success,0.4886457622051239,,,ou_noise,0,469187,464188,464188,17.519767791796955,-84.95746208256126,,,
1129,1128,,,168.50795629934268,126,True,False,True,False,success,0.4518263638019562,,,ou_noise,0,469313,464314,464314,16.93262417354281,-84.8801646762424,,,
1130,1129,,,-235.93584985210086,1000,False,False,False,True,cutoff,4.62815523147583,,,ou_noise,0,470313,465314,465314,16.03425369131565,-84.82524005126953,,,
1131,1130,,,-61.54623070683129,117,False,True,True,False,collision,3.1596739292144775,,,ou_noise,0,470430,465431,465431,7.905467694641178,-84.68226714827057,,,
1132,1131,,,174.17867423787294,114,True,False,True,False,success,0.40354588627815247,,,ou_noise,0,470544,465545,465545,19.22028559864613,-84.81168071010657,,,
1133,1132,,,-114.64912470981682,904,True,False,True,False,success,0.46141672134399414,,,ou_noise,0,471448,466449,466449,14.434734204042273,-84.70693150241819,,,
1134,1133,,,173.9975179118507,112,True,False,True,False,success,0.4693410396575928,,,ou_noise,0,471560,466561,466561,18.5687889658979,-84.57529667445591,,,
1135,1134,,,-226.14820682946194,1000,False,False,False,True,cutoff,4.720563888549805,,,ou_noise,0,472560,467561,467561,16.83126381969452,-84.59566664123535,,,
1136,1135,,,169.46000260807693,137,True,False,True,False,success,0.4864627718925476,,,ou_noise,0,472697,467698,467698,22.225551948060083,-84.34840075639042,,,
1137,1136,,,175.64146354882016,111,True,False,True,False,success,0.47777849435806274,,,ou_noise,0,472808,467809,467809,15.838734033945444,-84.66744259671049,,,
1138,1137,,,166.63933184210077,137,True,False,True,False,success,0.44470471143722534,,,ou_noise,0,472945,467946,467946,19.458345146074784,-84.42185350404169,,,
1139,1138,,,167.63895815109464,133,True,False,True,False,success,0.42424729466438293,,,ou_noise,0,473078,468079,468079,18.648415283152932,-84.56800199809827,,,
1140,1139,,,-65.45102047993541,121,False,True,True,False,collision,3.463311195373535,,,ou_noise,0,473199,468200,468200,18.966121834171705,-84.58032863396258,,,
1141,1140,,,152.3213414563513,163,True,False,True,False,success,0.4342760443687439,,,ou_noise,0,473362,468363,468363,25.275385066044112,-84.40758757796024,,,
1142,1141,,,149.1378924662348,183,True,False,True,False,success,0.46883299946784973,,,ou_noise,0,473545,468546,468546,19.186143130552573,-84.5349691839166,,,
1143,1142,,,-132.07115756232633,157,False,True,True,False,collision,7.151721000671387,,,ou_noise,0,473702,468703,468703,23.38879883441196,-84.39273479485968,,,
1144,1143,,,167.71198879132862,132,True,False,True,False,success,0.4525623619556427,,,ou_noise,0,473834,468835,468835,18.142958342125922,-84.41941347989169,,,
1145,1144,,,167.36599039984947,133,True,False,True,False,success,0.4789133369922638,,,ou_noise,0,473967,468968,468968,19.713888560022628,-84.42455773604543,,,
1146,1145,,,170.65147883084634,121,True,False,True,False,success,0.4477686583995819,,,ou_noise,0,474088,469089,469089,22.139506020821816,-84.1958570874427,,,
1147,1146,,,-54.70801671780475,99,False,True,True,False,collision,3.429332971572876,,,ou_noise,0,474187,469188,469188,24.01927408425495,-84.27009312793462,,,
1148,1147,,,167.8378000471127,129,True,False,True,False,success,0.4841827154159546,,,ou_noise,0,474316,469317,469317,11.688846837642581,-84.3209078884864,,,
1149,1148,,,169.1446752060569,130,True,False,True,False,success,0.41375309228897095,,,ou_noise,0,474446,469447,469447,15.167320164350363,-84.46787279569186,,,
1150,1149,,,169.96572939369327,126,True,False,True,False,success,0.4527628421783447,,,ou_noise,0,474572,469573,469573,30.68228288018514,-84.3579813639323,,,
1151,1150,,,-260.20666237133184,1000,False,False,False,True,cutoff,5.964609146118164,,,ou_noise,0,475572,470573,470573,17.92907430100441,-84.27050099945069,,,
1152,1151,,,-319.2546238697401,1000,False,False,False,True,cutoff,3.714836835861206,,,ou_noise,0,476572,471573,471573,18.289340148210524,-84.09582007598877,,,
1153,1152,,,75.04246212935456,349,True,False,True,False,success,0.43050023913383484,,,ou_noise,0,476921,471922,471922,17.079715058933356,-83.99536040997437,,,
1154,1153,,,-175.5598208369551,278,False,True,True,False,collision,5.879865646362305,,,ou_noise,0,477199,472200,472200,22.373724938296586,-83.91054611754932,,,
1155,1154,,,-56.99376734175566,91,False,True,True,False,collision,3.4346046447753906,,,ou_noise,0,477290,472291,472291,22.605172842413513,-83.82239884596605,,,
1156,1155,,,165.42784622039255,131,True,False,True,False,success,0.4883449971675873,,,ou_noise,0,477421,472422,472422,15.87557809498474,-83.71581489621228,,,
1157,1156,,,172.27837868540325,127,True,False,True,False,success,0.47074398398399353,,,ou_noise,0,477548,472549,472549,15.235576865241283,-83.89343171607791,,,
1158,1157,,,-239.72457144709904,1000,False,False,False,True,cutoff,5.31510066986084,,,ou_noise,0,478548,473549,473549,21.1554018586874,-83.83167704772949,,,
1159,1158,,,136.6953288052485,206,True,False,True,False,success,0.49109673500061035,,,ou_noise,0,478754,473755,473755,20.136649680369107,-83.68007619172624,,,
1160,1159,,,164.41157388790427,139,True,False,True,False,success,0.49966946244239807,,,ou_noise,0,478893,473894,473894,17.810652016735762,-83.70060005462427,,,
1161,1160,,,155.3275909805635,163,True,False,True,False,success,0.4431675672531128,,,ou_noise,0,479056,474057,474057,19.410542074156684,-83.68061360552267,,,
1162,1161,,,170.75214519142895,130,True,False,True,False,success,0.4030301868915558,,,ou_noise,0,479186,474187,474187,23.854848095086904,-83.59702782264122,,,
1163,1162,,,-235.45851560470862,1000,False,False,False,True,cutoff,3.6790854930877686,,,ou_noise,0,480186,475187,475187,18.127135660409927,-83.6986783065796,,,
1164,1163,,,168.81772914489764,128,True,False,True,False,success,0.4138236939907074,,,ou_noise,0,480314,475315,475315,20.610682297497988,-83.42771488428116,,,
1165,1164,,,168.82877564406124,129,True,False,True,False,success,0.4833199679851532,,,ou_noise,0,480443,475444,475444,17.93824063253033,-83.61236820664517,,,
1166,1165,,,171.7366913086044,121,True,False,True,False,success,0.4446123540401459,,,ou_noise,0,480564,475565,475565,18.644662274802027,-83.50242501250969,,,
1167,1166,,,171.7286069030937,120,True,False,True,False,success,0.46551817655563354,,,ou_noise,0,480684,475685,475685,25.016204491257668,-83.45584570566812,,,
1168,1167,,,172.63147922704317,119,True,False,True,False,success,0.43700385093688965,,,ou_noise,0,480803,475804,475804,13.529779105627236,-83.48214554987034,,,
1169,1168,,,170.83629350094145,122,True,False,True,False,success,0.4390726685523987,,,ou_noise,0,480925,475926,475926,17.905395542989012,-83.60464946559217,,,
1170,1169,,,165.52040637502938,138,True,False,True,False,success,0.4726839065551758,,,ou_noise,0,481063,476064,476064,17.777945996194646,-83.4910576308983,,,
1171,1170,,,162.76821242735645,148,True,False,True,False,success,0.4385013282299042,,,ou_noise,0,481211,476212,476212,18.39928080181818,-83.5550057179219,,,
1172,1171,,,172.62864671093934,117,True,False,True,False,success,0.4972686469554901,,,ou_noise,0,481328,476329,476329,21.415546912413376,-83.330810025207,,,
1173,1172,,,171.5362903631876,117,True,False,True,False,success,0.4269952178001404,,,ou_noise,0,481445,476446,476446,10.381879673044907,-83.66919030083551,,,
1174,1173,,,168.32939388473784,132,True,False,True,False,success,0.4232642650604248,,,ou_noise,0,481577,476578,476578,19.25427665674325,-83.33478153113163,,,
1175,1174,,,171.35203477055177,122,True,False,True,False,success,0.4380788207054138,,,ou_noise,0,481699,476700,476700,17.80614823591514,-83.54596941588355,,,
1176,1175,,,-80.49221836012742,151,False,True,True,False,collision,3.418911933898926,,,ou_noise,0,481850,476851,476851,23.32628264569289,-83.36604490974881,,,
1177,1176,,,167.08212094440057,133,True,False,True,False,success,0.45328694581985474,,,ou_noise,0,481983,476984,476984,13.423487050192696,-83.51043477452787,,,
1178,1177,,,159.6160553037882,163,True,False,True,False,success,0.426906555891037,,,ou_noise,0,482146,477147,477147,17.187419856252845,-83.5850569836201,,,
1179,1178,,,162.4195138841642,137,True,False,True,False,success,0.49166589975357056,,,ou_noise,0,482283,477284,477284,15.522767232282318,-83.41134743794908,,,
1180,1179,,,167.60168854907056,128,True,False,True,False,success,0.48195305466651917,,,ou_noise,0,482411,477412,477412,17.999354600906372,-83.52746480703354,,,
1181,1180,,,164.34286710792856,145,True,False,True,False,success,0.4651772379875183,,,ou_noise,0,482556,477557,477557,15.363363371224239,-83.41900640027276,,,
1182,1181,,,165.07822833817633,142,True,False,True,False,success,0.4952049255371094,,,ou_noise,0,482698,477699,477699,19.631696932752366,-83.64075018654407,,,
1183,1182,,,168.97713350570842,128,True,False,True,False,success,0.44563210010528564,,,ou_noise,0,482826,477827,477827,17.513432097621262,-83.6290757060051,,,
1184,1183,,,159.8540428687354,151,True,False,True,False,success,0.46967560052871704,,,ou_noise,0,482977,477978,477978,23.629261264737867,-83.61020311772428,,,
1185,1184,,,170.76411144123392,125,True,False,True,False,success,0.486715167760849,,,ou_noise,0,483102,478103,478103,8.825688591003418,-83.58784533691406,,,
1186,1185,,,-227.9142439586605,1000,False,False,False,True,cutoff,4.6999192237854,,,ou_noise,0,484102,479103,479103,18.005250129818915,-83.49295420074463,,,
1187,1186,,,156.2315231736031,160,True,False,True,False,success,0.45811736583709717,,,ou_noise,0,484262,479263,479263,26.923058535158635,-83.52425637245179,,,
1188,1187,,,169.8707874062668,128,True,False,True,False,success,0.4680249094963074,,,ou_noise,0,484390,479391,479391,19.585862869396806,-83.30749171972275,,,
1189,1188,,,164.94300257519416,140,True,False,True,False,success,0.4896707534790039,,,ou_noise,0,484530,479531,479531,13.685767600366047,-83.35641283307757,,,
1190,1189,,,168.10402473991218,129,True,False,True,False,success,0.4714570641517639,,,ou_noise,0,484659,479660,479660,22.045777228451513,-83.23901503215464,,,
1191,1190,,,173.04486207070977,117,True,False,True,False,success,0.42058345675468445,,,ou_noise,0,484776,479777,479777,22.302480751632626,-83.49340416019798,,,
1192,1191,,,167.4666103001353,130,True,False,True,False,success,0.4903601408004761,,,ou_noise,0,484906,479907,479907,23.851572265074804,-83.28439137385442,,,
1193,1192,,,169.92072239976113,127,True,False,True,False,success,0.48206520080566406,,,ou_noise,0,485033,480034,480034,19.64333276204237,-83.48852064478116,,,
1194,1193,,,165.0323045883622,142,True,False,True,False,success,0.42382991313934326,,,ou_noise,0,485175,480176,480176,19.30384850418064,-83.37043563412948,,,
1195,1194,,,-206.4108657629655,537,False,True,True,False,collision,4.93255615234375,,,ou_noise,0,485712,480713,480713,20.670162669551218,-83.34966410205351,,,
1196,1195,,,173.4928786692572,120,True,False,True,False,success,0.4125777781009674,,,ou_noise,0,485832,480833,480833,10.877596062421798,-83.30424302419027,,,
1197,1196,,,-440.3885717449507,856,False,True,True,False,collision,3.5888967514038086,,,ou_noise,0,486688,481689,481689,17.28657334931543,-83.33307724355537,,,
1198,1197,,,-210.0979041869885,1000,False,False,False,True,cutoff,4.334894180297852,,,ou_noise,0,487688,482689,482689,20.279063706040382,-83.25414867401123,,,
1199,1198,,,168.564187692292,133,True,False,True,False,success,0.4506540596485138,,,ou_noise,0,487821,482822,482822,17.899244857013674,-83.2531101542308,,,
1200,1199,,,173.07049610338854,119,True,False,True,False,success,0.4817037284374237,,,ou_noise,0,487940,482941,482941,13.886767548673292,-83.30127632718127,,,
1201,1200,,,-243.29298468561714,1000,False,False,False,True,cutoff,5.05291748046875,,,ou_noise,0,488940,483941,483941,18.979823602437975,-83.18442305755615,,,
1202,1201,,,170.2067945223672,127,True,False,True,False,success,0.49524787068367004,,,ou_noise,0,489067,484068,484068,15.419376012847179,-83.31053516057533,,,
1203,1202,,,166.16802783531813,142,True,False,True,False,success,0.451907217502594,,,ou_noise,0,489209,484210,484210,23.304659655396367,-83.12569062138947,,,
1204,1203,,,162.45090876723532,143,True,False,True,False,success,0.48985669016838074,,,ou_noise,0,489352,484353,484353,20.29831109597133,-83.25963928649476,,,
1205,1204,,,-182.34648708508718,1000,False,False,False,True,cutoff,4.428642272949219,,,ou_noise,0,490352,485353,485353,18.019294264435768,-83.17795096588135,,,
1206,1205,,,171.49266440310765,125,True,False,True,False,success,0.4534650146961212,,,ou_noise,0,490477,485478,485478,14.920707667350769,-83.28055950927734,,,
1207,1206,,,165.41326372942694,140,True,False,True,False,success,0.4177820384502411,,,ou_noise,0,490617,485618,485618,22.15978831223079,-83.19252946036202,,,
1208,1207,,,166.0067248861846,137,True,False,True,False,success,0.464874804019928,,,ou_noise,0,490754,485755,485755,21.131809456505046,-83.14335131123119,,,
1209,1208,,,-176.5232896861842,1000,False,False,False,True,cutoff,4.109504222869873,,,ou_noise,0,491754,486755,486755,17.909378799796105,-83.13533738708496,,,
1210,1209,,,163.11494269052912,146,True,False,True,False,success,0.4213310182094574,,,ou_noise,0,491900,486901,486901,20.530919884982175,-83.22556012297329,,,
1211,1210,,,168.03056048957205,133,True,False,True,False,success,0.48961713910102844,,,ou_noise,0,492033,487034,487034,15.273251096108803,-83.27961490028783,,,
1212,1211,,,171.47919849496628,120,True,False,True,False,success,0.4924893081188202,,,ou_noise,0,492153,487154,487154,18.843141016364097,-83.13222910563151,,,
1213,1212,,,168.710590496834,129,True,False,True,False,success,0.4526907205581665,,,ou_noise,0,492282,487283,487283,19.56713229833647,-83.13931534641473,,,
1214,1213,,,-226.9786775649781,1000,False,False,False,True,cutoff,5.789681911468506,,,ou_noise,0,493282,488283,488283,20.811062968254088,-83.18406275177001,,,
1215,1214,,,168.97250105009363,125,True,False,True,False,success,0.4984617233276367,,,ou_noise,0,493407,488408,488408,16.44259889793396,-83.02396697998047,,,
1216,1215,,,-90.08476527558628,48,False,True,True,False,collision,8.177872657775879,,,ou_noise,0,493455,488456,488456,9.268996680776278,-82.97567256291707,,,
1217,1216,,,164.6594997375488,142,True,False,True,False,success,0.4685707986354828,,,ou_noise,0,493597,488598,488598,17.377037600732187,-83.1461801663251,,,
1218,1217,,,170.6422892174996,121,True,False,True,False,success,0.49316197633743286,,,ou_noise,0,493718,488719,488719,16.42969498062922,-83.16467556283493,,,
1219,1218,,,169.62944794371128,129,True,False,True,False,success,0.48334988951683044,,,ou_noise,0,493847,488848,488848,14.890844963317694,-83.2582560103069,,,
1220,1219,,,-240.31627330334982,1000,False,False,False,True,cutoff,6.746011734008789,,,ou_noise,0,494847,489848,489848,18.225599796891213,-83.15845658111573,,,
1221,1220,,,167.6450209762625,130,True,False,True,False,success,0.47315743565559387,,,ou_noise,0,494977,489978,489978,16.666670743318704,-82.97401557335486,,,
1222,1221,,,169.6173570298748,133,True,False,True,False,success,0.47945094108581543,,,ou_noise,0,495110,490111,490111,16.45222576937281,-83.28059874799915,,,
1223,1222,,,169.16705620216877,125,True,False,True,False,success,0.4789697825908661,,,ou_noise,0,495235,490236,490236,13.615935570716857,-83.26842413330078,,,
1224,1223,,,166.64006285329847,137,True,False,True,False,success,0.4834766685962677,,,ou_noise,0,495372,490373,490373,16.813672766198206,-83.26549340686658,,,
1225,1224,,,168.4988576557504,129,True,False,True,False,success,0.4232374131679535,,,ou_noise,0,495501,490502,490502,11.700148304303488,-83.18614250005677,,,
1226,1225,,,168.31613264830983,126,True,False,True,False,success,0.4838706851005554,,,ou_noise,0,495627,490628,490628,12.89157709148195,-83.19991066342308,,,
1227,1226,,,169.4525957020967,131,True,False,True,False,success,0.4188246428966522,,,ou_noise,0,495758,490759,490759,23.320919348993375,-83.24813277848804,,,
1228,1227,,,-210.7449208191079,1000,False,False,False,True,cutoff,7.836484432220459,,,ou_noise,0,496758,491759,491759,18.540493204951286,-83.22720863342285,,,
1229,1228,,,166.1116419845282,132,True,False,True,False,success,0.43360453844070435,,,ou_noise,0,496890,491891,491891,13.741290631619366,-83.27880454785895,,,
1230,1229,,,-86.50760878702967,56,False,True,True,False,collision,7.609007835388184,,,ou_noise,0,496946,491947,491947,16.216557200465882,-83.03991508483887,,,
1231,1230,,,168.830683305942,125,True,False,True,False,success,0.49549877643585205,,,ou_noise,0,497071,492072,492072,16.252021991729737,-83.15882958984375,,,
1232,1231,,,166.96523642562366,138,True,False,True,False,success,0.49075478315353394,,,ou_noise,0,497209,492210,492210,15.002132584219394,-83.2774135755456,,,
1233,1232,,,169.6598950404711,131,True,False,True,False,success,0.4751604497432709,,,ou_noise,0,497340,492341,492341,18.845796171035474,-83.14604565569462,,,
1234,1233,,,-234.87293650611952,1000,False,False,False,True,cutoff,3.9319968223571777,,,ou_noise,0,498340,493341,493341,13.72321361708641,-83.04803980255127,,,
1235,1234,,,167.95861810596915,130,True,False,True,False,success,0.4425840377807617,,,ou_noise,0,498470,493471,493471,15.88636624629681,-83.01410510723407,,,
1236,1235,,,153.4090959503365,170,True,False,True,False,success,0.4335798919200897,,,ou_noise,0,498640,493641,493641,10.460604265858146,-82.94159860049977,,,
1237,1236,,,157.0829743096656,168,True,False,True,False,success,0.48077592253685,,,ou_noise,0,498808,493809,493809,17.97945881954261,-83.14120465233212,,,
1238,1237,,,167.60702097274503,131,True,False,True,False,success,0.4639967381954193,,,ou_noise,0,498939,493940,493940,13.122756515750448,-83.00210769303882,,,
1239,1238,,,168.3255794928694,147,True,False,True,False,success,0.47875574231147766,,,ou_noise,0,499086,494087,494087,21.512611081811034,-83.08019287732182,,,
1240,1239,,,-212.34806630131422,1000,False,False,False,True,cutoff,3.261218547821045,,,ou_noise,0,500086,495087,495087,18.429587538599968,-83.01675668334961,,,
1241,1240,,,165.872486708435,136,True,False,True,False,success,0.42796480655670166,,,ou_noise,0,500222,495223,495223,15.9507736370844,-82.83462064406451,,,
1242,1241,,,168.29098458231587,127,True,False,True,False,success,0.46524474024772644,,,ou_noise,0,500349,495350,495350,17.96681743813312,-82.9264377984475,,,
1243,1242,,,161.74250989148743,146,True,False,True,False,success,0.490383118391037,,,ou_noise,0,500495,495496,495496,17.371566331549868,-82.99008581083115,,,
1244,1243,,,155.68133820883173,162,True,False,True,False,success,0.4869309365749359,,,ou_noise,0,500657,495658,495658,20.278352083983243,-82.94491247483242,,,
1245,1244,,,160.7585376460994,149,True,False,True,False,success,0.46451833844184875,,,ou_noise,0,500806,495807,495807,26.07891956111729,-82.80079978584443,,,
1246,1245,,,136.4620724632758,220,True,False,True,False,success,0.4215987026691437,,,ou_noise,0,501026,496027,496027,18.991296819665216,-82.99045916470614,,,
1247,1246,,,173.44121702960354,115,True,False,True,False,success,0.46561214327812195,,,ou_noise,0,501141,496142,496142,19.480084149733834,-82.83592940620754,,,
1248,1247,,,157.48090602722843,163,True,False,True,False,success,0.47352445125579834,,,ou_noise,0,501304,496305,496305,14.589362315605023,-82.87413633381662,,,
1249,1248,,,165.03145427000044,139,True,False,True,False,success,0.48265340924263,,,ou_noise,0,501443,496444,496444,22.18912649068901,-83.03712188940254,,,
1250,1249,,,162.8681547443673,145,True,False,True,False,success,0.44820713996887207,,,ou_noise,0,501588,496589,496589,17.134550915093257,-83.03245618096713,,,
1251,1250,,,171.82243703217813,124,True,False,True,False,success,0.45503318309783936,,,ou_noise,0,501712,496713,496713,13.720625819698457,-83.01664943079794,,,
1252,1251,,,-91.13832696172318,62,False,True,True,False,collision,7.783782482147217,,,ou_noise,0,501774,496775,496775,19.004673425228365,-82.89903923772997,,,
1253,1252,,,165.45743421713638,142,True,False,True,False,success,0.4905025362968445,,,ou_noise,0,501916,496917,496917,20.130160178097203,-82.95597833982656,,,
1254,1253,,,-269.6659729412338,1000,False,False,False,True,cutoff,3.045955181121826,,,ou_noise,0,502916,497917,497917,17.150238999724387,-82.99133818054199,,,
1255,1254,,,-89.3175511955679,55,False,True,True,False,collision,7.825688362121582,,,ou_noise,0,502971,497972,497972,18.687786808880894,-83.0738471291282,,,
1256,1255,,,163.364396317233,141,True,False,True,False,success,0.465084969997406,,,ou_noise,0,503112,498113,498113,22.32163192448041,-82.7855007631559,,,
1257,1256,,,158.3370352317803,164,True,False,True,False,success,0.49293187260627747,,,ou_noise,0,503276,498277,498277,15.321808190607443,-82.87698908549983,,,
1258,1257,,,-264.31327415483037,1000,False,False,False,True,cutoff,9.123940467834473,,,ou_noise,0,504276,499277,499277,18.079097729802132,-82.96066076660156,,,
1259,1258,,,-179.48204797237256,1000,False,False,False,True,cutoff,4.157291412353516,,,ou_noise,0,505276,500277,500277,14.91863035440445,-82.82226509094238,,,
1260,1259,,,166.74388403950226,135,True,False,True,False,success,0.4696931540966034,,,ou_noise,0,505411,500412,500412,18.25497110419803,-82.78624290183738,,,
1261,1260,,,168.17631043457254,124,True,False,True,False,success,0.47037917375564575,,,ou_noise,0,505535,500536,500536,20.441185084081464,-82.87706110554356,,,
1262,1261,,,163.61933657963837,152,True,False,True,False,success,0.4010595679283142,,,ou_noise,0,505687,500688,500688,16.244334479695873,-82.725299433658,,,
1263,1262,,,172.81402994112494,120,True,False,True,False,success,0.4626665711402893,,,ou_noise,0,505807,500808,500808,15.044548378388088,-82.73831297556559,,,
1264,1263,,,167.44434763507945,133,True,False,True,False,success,0.4633753001689911,,,ou_noise,0,505940,500941,500941,14.421746867939941,-82.94747431475417,,,
1265,1264,,,172.72746210682834,124,True,False,True,False,success,0.45520249009132385,,,ou_noise,0,506064,501065,501065,18.818776757486404,-82.82343206098002,,,
1266,1265,,,-204.8422023977191,1000,False,False,False,True,cutoff,5.6113457679748535,,,ou_noise,0,507064,502065,502065,18.972380890130996,-82.81463612365722,,,
1267,1266,,,-219.17703881738217,1000,False,False,False,True,cutoff,5.043477535247803,,,ou_noise,0,508064,503065,503065,16.627688386201857,-82.84037725830078,,,
1268,1267,,,-91.24829751707927,66,False,True,True,False,collision,7.811432838439941,,,ou_noise,0,508130,503131,503131,15.66035264007973,-82.83439035126658,,,
1269,1268,,,161.09580313478276,156,True,False,True,False,success,0.4914921224117279,,,ou_noise,0,508286,503287,503287,18.88879625690289,-82.70622331668169,,,
1270,1269,,,170.50232212864415,122,True,False,True,False,success,0.46396398544311523,,,ou_noise,0,508408,503409,503409,14.828815896002972,-82.8787953110992,,,
1271,1270,,,170.62756995276777,121,True,False,True,False,success,0.4814358055591583,,,ou_noise,0,508529,503530,503530,19.874000666555293,-82.91307692094283,,,
1272,1271,,,173.12031358267936,118,True,False,True,False,success,0.4696245789527893,,,ou_noise,0,508647,503648,503648,13.07001860768108,-82.82014070931127,,,
1273,1272,,,171.95085954973598,120,True,False,True,False,success,0.4441837668418884,,,ou_noise,0,508767,503768,503768,18.62244955599308,-82.99674377441406,,,
1274,1273,,,-63.108320716339314,84,False,True,True,False,collision,4.8270487785339355,,,ou_noise,0,508851,503852,503852,20.126449587799254,-82.75381406148274,,,
1275,1274,,,165.69516577553887,140,True,False,True,False,success,0.43007931113243103,,,ou_noise,0,508991,503992,503992,18.208186206647326,-83.0619329724993,,,
1276,1275,,,158.51974909986617,157,True,False,True,False,success,0.4638897776603699,,,ou_noise,0,509148,504149,504149,26.936753395256723,-82.9070985636134,,,
1277,1276,,,123.37259764598541,265,True,False,True,False,success,0.46848365664482117,,,ou_noise,0,509413,504414,504414,21.79653569302469,-82.96868870573223,,,
1278,1277,,,165.97843406151685,133,True,False,True,False,success,0.46928244829177856,,,ou_noise,0,509546,504547,504547,14.610102905366654,-83.02094171280251,,,
1279,1278,,,-214.9032972298632,332,False,True,True,False,collision,11.487555503845215,,,ou_noise,0,509878,504879,504879,16.504596338214643,-82.97525026712073,,,
1280,1279,,,166.9722691042994,136,True,False,True,False,success,0.47217682003974915,,,ou_noise,0,510014,505015,505015,13.519734833170386,-83.0019214293536,,,
1281,1280,,,168.59062347168214,136,True,False,True,False,success,0.4708470106124878,,,ou_noise,0,510150,505151,505151,23.600867734235877,-83.20683468089385,,,
1282,1281,,,167.23890590485445,128,True,False,True,False,success,0.4498753547668457,,,ou_noise,0,510278,505279,505279,11.91029950696975,-82.95642465353012,,,
1283,1282,,,-84.34535677920738,150,False,True,True,False,collision,4.470879554748535,,,ou_noise,0,510428,505429,505429,20.19731969197591,-82.95278004964193,,,
1284,1283,,,170.34090894072943,123,True,False,True,False,success,0.43608924746513367,,,ou_noise,0,510551,505552,505552,15.920023936566299,-83.02069048377557,,,
1285,1284,,,118.64160885090708,304,True,False,True,False,success,0.43928173184394836,,,ou_noise,0,510855,505856,505856,14.431483307167104,-82.9720953389218,,,
1286,1285,,,164.28835475958982,145,True,False,True,False,success,0.48765698075294495,,,ou_noise,0,511000,506001,506001,17.45144572833489,-83.31794928188981,,,
1287,1286,,,160.09245171136675,146,True,False,True,False,success,0.4639490246772766,,,ou_noise,0,511146,506147,506147,16.467035071490564,-83.06571181832928,,,
1288,1287,,,174.91320366082795,111,True,False,True,False,success,0.44053781032562256,,,ou_noise,0,511257,506258,506258,16.964536275949563,-82.95420741175747,,,
1289,1288,,,158.80070241853366,152,True,False,True,False,success,0.4668683707714081,,,ou_noise,0,511409,506410,506410,20.26791111654357,-83.25373248050087,,,
1290,1289,,,168.16195387329867,132,True,False,True,False,success,0.43355920910835266,,,ou_noise,0,511541,506542,506542,19.075033750497933,-83.12372409936154,,,
1291,1290,,,171.16480475217426,128,True,False,True,False,success,0.4499366581439972,,,ou_noise,0,511669,506670,506670,12.398641678504646,-83.16311168670654,,,
1292,1291,,,-90.30475874228414,63,False,True,True,False,collision,7.75430154800415,,,ou_noise,0,511732,506733,506733,18.36847134052761,-83.02623772999597,,,
1293,1292,,,168.17242949916783,131,True,False,True,False,success,0.4220092296600342,,,ou_noise,0,511863,506864,506864,14.681283107240692,-82.97128767639626,,,
1294,1293,,,168.8529537912121,130,True,False,True,False,success,0.41100063920021057,,,ou_noise,0,511993,506994,506994,17.285674110742715,-83.3959355867826,,,
1295,1294,,,110.96027161276643,311,True,False,True,False,success,0.45809924602508545,,,ou_noise,0,512304,507305,507305,18.08293420785493,-83.16572033554029,,,
1296,1295,,,163.39420145662302,142,True,False,True,False,success,0.42439839243888855,,,ou_noise,0,512446,507447,507447,13.875687519429436,-83.29920868134835,,,
1297,1296,,,165.76225760066194,137,True,False,True,False,success,0.43880826234817505,,,ou_noise,0,512583,507584,507584,13.338229630115258,-83.20550520402672,,,
1298,1297,,,156.15607897032774,159,True,False,True,False,success,0.44201433658599854,,,ou_noise,0,512742,507743,507743,15.857785572795748,-83.29155870353651,,,
1299,1298,,,163.22045062593466,143,True,False,True,False,success,0.48031389713287354,,,ou_noise,0,512885,507886,507886,15.658799077247407,-83.1794680081881,,,
1300,1299,,,171.35752427770933,118,True,False,True,False,success,0.48306334018707275,,,ou_noise,0,513003,508004,508004,13.91578457517139,-83.3805951263945,,,
1301,1300,,,154.99843043079957,158,True,False,True,False,success,0.4761973023414612,,,ou_noise,0,513161,508162,508162,12.935603930980344,-83.14096243170243,,,
1302,1301,,,166.80772582659972,127,True,False,True,False,success,0.4870617389678955,,,ou_noise,0,513288,508289,508289,14.330060502675575,-83.22924678532158,,,
1303,1302,,,173.31813424618437,115,True,False,True,False,success,0.48518243432044983,,,ou_noise,0,513403,508404,508404,12.726914688815242,-83.37226774796196,,,
1304,1303,,,171.40241925260102,118,True,False,True,False,success,0.44551119208335876,,,ou_noise,0,513521,508522,508522,22.539848698397815,-83.14582107026698,,,
1305,1304,,,164.03122365978126,146,True,False,True,False,success,0.4759715497493744,,,ou_noise,0,513667,508668,508668,16.29345348273238,-83.22141312899655,,,
1306,1305,,,169.97828172929434,122,True,False,True,False,success,0.4812614917755127,,,ou_noise,0,513789,508790,508790,19.459456888378643,-83.332745598965,,,
1307,1306,,,30.448524052197456,592,True,False,True,False,success,0.4922178089618683,,,ou_noise,0,514381,509382,509382,15.777196926039618,-83.29556465148926,,,
1308,1307,,,173.14790104456284,121,True,False,True,False,success,0.43719685077667236,,,ou_noise,0,514502,509503,509503,11.788260678614467,-83.4380351295156,,,
1309,1308,,,168.70891780905288,131,True,False,True,False,success,0.47463953495025635,,,ou_noise,0,514633,509634,509634,18.640279200240855,-83.17071218708999,,,
1310,1309,,,163.22932328653394,145,True,False,True,False,success,0.41966119408607483,,,ou_noise,0,514778,509779,509779,18.851039193416465,-83.40602585365032,,,
1311,1310,,,160.88454357247488,149,True,False,True,False,success,0.46132194995880127,,,ou_noise,0,514927,509928,509928,22.547528966161227,-83.26350781741559,,,
1312,1311,,,171.71414694880758,125,True,False,True,False,success,0.43452367186546326,,,ou_noise,0,515052,510053,510053,15.085679698944093,-83.44570281982422,,,
1313,1312,,,159.32628122503357,148,True,False,True,False,success,0.49849024415016174,,,ou_noise,0,515200,510201,510201,23.92371632521217,-83.44187117911675,,,
1314,1313,,,160.5823289702376,153,True,False,True,False,success,0.46174371242523193,,,ou_noise,0,515353,510354,510354,22.592607281566444,-83.48641982733035,,,
1315,1314,,,166.2817301259849,140,True,False,True,False,success,0.42053356766700745,,,ou_noise,0,515493,510494,510494,15.483767760651451,-83.54166853768486,,,
1316,1315,,,168.19563439319987,133,True,False,True,False,success,0.49762752652168274,,,ou_noise,0,515626,510627,510627,12.325447869480104,-83.55959681460732,,,
1317,1316,,,151.6104992380044,161,True,False,True,False,success,0.4745609760284424,,,ou_noise,0,515787,510788,510788,20.232115029548265,-83.52086592016754,,,
1318,1317,,,-197.66952174496924,1000,False,False,False,True,cutoff,3.3562090396881104,,,ou_noise,0,516787,511788,511788,16.61668869626522,-83.60124091339111,,,
1319,1318,,,173.07716903294104,115,True,False,True,False,success,0.45407983660697937,,,ou_noise,0,516902,511903,511903,16.28599082387012,-83.6913710884426,,,
1320,1319,,,165.04212936144685,140,True,False,True,False,success,0.48916882276535034,,,ou_noise,0,517042,512043,512043,19.211590699638638,-83.60140288216728,,,
1321,1320,,,136.47884817481025,213,True,False,True,False,success,0.4946553707122803,,,ou_noise,0,517255,512256,512256,17.844521295296754,-83.65618978867508,,,
1322,1321,,,170.96604762357777,124,True,False,True,False,success,0.4293079376220703,,,ou_noise,0,517379,512380,512380,14.838948343069323,-83.5497373150241,,,
1323,1322,,,-203.00641766310213,1000,False,False,False,True,cutoff,7.83057975769043,,,ou_noise,0,518379,513380,513380,18.397516843676566,-83.65040971374512,,,
1324,1323,,,169.52799880514078,124,True,False,True,False,success,0.43828538060188293,,,ou_noise,0,518503,513504,513504,20.34182024290485,-83.59679394383585,,,
1325,1324,,,162.97652444372483,147,True,False,True,False,success,0.4686912000179291,,,ou_noise,0,518650,513651,513651,14.297171049377544,-83.71478972143056,,,
1326,1325,,,-95.65819323902663,138,False,True,True,False,collision,6.811450481414795,,,ou_noise,0,518788,513789,513789,10.896032513051793,-83.73352371436962,,,
1327,1326,,,-189.79089529217524,1000,False,False,False,True,cutoff,3.924999952316284,,,ou_noise,0,519788,514789,514789,16.749813504457475,-83.7227417678833,,,
1328,1327,,,161.873146456547,147,True,False,True,False,success,0.47031429409980774,,,ou_noise,0,519935,514936,514936,21.527181183399797,-83.76924486225154,,,
1329,1328,,,158.21516232169137,167,True,False,True,False,success,0.4794878661632538,,,ou_noise,0,520102,515103,515103,13.007726665028555,-83.6889551128456,,,
1330,1329,,,166.9155998581012,130,True,False,True,False,success,0.4558299481868744,,,ou_noise,0,520232,515233,515233,14.662787044965304,-83.83751960167518,,,
1331,1330,,,169.18301808862952,123,True,False,True,False,success,0.4971282184123993,,,ou_noise,0,520355,515356,515356,15.283387183173884,-83.79865357933974,,,
1332,1331,,,-207.64146706323893,1000,False,False,False,True,cutoff,4.032383441925049,,,ou_noise,0,521355,516356,516356,15.628421439170838,-83.79967546844482,,,
1333,1332,,,165.89819787364738,138,True,False,True,False,success,0.48769059777259827,,,ou_noise,0,521493,516494,516494,14.575198726377625,-83.59419311302295,,,
1334,1333,,,151.63267758250538,196,True,False,True,False,success,0.4745379388332367,,,ou_noise,0,521689,516690,516690,16.257738477721507,-83.67777645344637,,,
1335,1334,,,171.6958311073658,124,True,False,True,False,success,0.46552759408950806,,,ou_noise,0,521813,516814,516814,11.290674681625058,-83.78950721986833,,,
1336,1335,,,167.47036866939624,130,True,False,True,False,success,0.48841962218284607,,,ou_noise,0,521943,516944,516944,16.433597915906173,-83.80093260544997,,,
1337,1336,,,-91.54472436259712,62,False,True,True,False,collision,7.864135265350342,,,ou_noise,0,522005,517006,517006,17.58799986685476,-83.43593043665732,,,
1338,1337,,,-322.13478880783987,794,False,True,True,False,collision,7.355162620544434,,,ou_noise,0,522799,517800,517800,18.52651708567473,-83.81510924332088,,,
1339,1338,,,166.5148064665014,134,True,False,True,False,success,0.49897170066833496,,,ou_noise,0,522933,517934,517934,13.965182773212888,-83.8008264000736,,,
1340,1339,,,-324.1997130663525,1000,False,False,False,True,cutoff,9.533646583557129,,,ou_noise,0,523933,518934,518934,15.875769369840622,-83.74737772369384,,,
1341,1340,,,73.81316532806404,491,True,False,True,False,success,0.4598015546798706,,,ou_noise,0,524424,519425,519425,17.383917576183855,-83.85776549298505,,,
1342,1341,,,161.7960057614007,149,True,False,True,False,success,0.41085106134414673,,,ou_noise,0,524573,519574,519574,15.147119687707633,-84.0418950535307,,,
1343,1342,,,168.14542473003343,139,True,False,True,False,success,0.4929977357387543,,,ou_noise,0,524712,519713,519713,18.758892012157027,-83.75776392435856,,,
1344,1343,,,161.31878090764252,143,True,False,True,False,success,0.47392842173576355,,,ou_noise,0,524855,519856,519856,20.53583485429937,-83.96630485908135,,,
1345,1344,,,163.93427922223,142,True,False,True,False,success,0.4325259327888489,,,ou_noise,0,524997,519998,519998,15.464316928890389,-83.69019194052252,,,
1346,1345,,,154.6372811010204,163,True,False,True,False,success,0.4734804034233093,,,ou_noise,0,525160,520161,520161,12.707876852684958,-83.89364385312321,,,
1347,1346,,,170.12751308696141,125,True,False,True,False,success,0.44121626019477844,,,ou_noise,0,525285,520286,520286,16.492627485275268,-83.69501068115234,,,
1348,1347,,,163.8594741059621,138,True,False,True,False,success,0.4419928193092346,,,ou_noise,0,525423,520424,520424,11.282007308973782,-83.71543563621631,,,
1349,1348,,,-105.70248575944402,195,False,True,True,False,collision,5.4478535652160645,,,ou_noise,0,525618,520619,520619,11.44069910966433,-83.80063668275491,,,
1350,1349,,,163.51287795181537,146,True,False,True,False,success,0.42871201038360596,,,ou_noise,0,525764,520765,520765,16.536531101350914,-83.75557870734228,,,
1351,1350,,,-214.7040536085224,1000,False,False,False,True,cutoff,1.3096109628677368,,,ou_noise,0,526764,521765,521765,16.951068494200708,-83.69374690246582,,,
1352,1351,,,92.05351842006144,307,True,False,True,False,success,0.4539489448070526,,,ou_noise,0,527071,522072,522072,14.360465128181035,-83.59596411490674,,,
1353,1352,,,171.66008825625016,116,True,False,True,False,success,0.48371219635009766,,,ou_noise,0,527187,522188,522188,13.635499397228504,-83.7336452089507,,,
1354,1353,,,164.49109025957785,145,True,False,True,False,success,0.47864291071891785,,,ou_noise,0,527332,522333,522333,12.584281664881212,-83.64877745529701,,,
1355,1354,,,169.24612887391802,131,True,False,True,False,success,0.4993627965450287,,,ou_noise,0,527463,522464,522464,14.992601183534578,-83.74756395179807,,,
1356,1355,,,-287.13547259169746,1000,False,False,False,True,cutoff,9.55200481414795,,,ou_noise,0,528463,523464,523464,14.94013388812542,-83.60250764465331,,,
1357,1356,,,163.64134564106473,141,True,False,True,False,success,0.4750188887119293,,,ou_noise,0,528604,523605,523605,18.770474471944443,-83.57705450396166,,,
1358,1357,,,161.05670622263872,145,True,False,True,False,success,0.489886611700058,,,ou_noise,0,528749,523750,523750,19.014917442716403,-83.36861935319571,,,
1359,1358,,,-287.44830494232644,1000,False,False,False,True,cutoff,9.984159469604492,,,ou_noise,0,529749,524750,524750,15.182516359090805,-83.51431342315674,,,
1360,1359,,,91.21199280920126,316,True,False,True,False,success,0.4136214554309845,,,ou_noise,0,530065,525066,525066,15.83821261193179,-83.50509440747997,,,
1361,1360,,,-343.0359223465811,1000,False,False,False,True,cutoff,1.0751227140426636,,,ou_noise,0,531065,526066,526066,12.007848102092742,-83.4523233795166,,,
1362,1361,,,-299.39216941273634,1000,False,False,False,True,cutoff,6.727988243103027,,,ou_noise,0,532065,527066,527066,14.589281874775887,-83.39921810913086,,,
1363,1362,,,165.68883308981802,140,True,False,True,False,success,0.4454387426376343,,,ou_noise,0,532205,527206,527206,15.768201912300928,-83.27934979030064,,,
1364,1363,,,169.30905331065551,131,True,False,True,False,success,0.4279133081436157,,,ou_noise,0,532336,527337,527337,10.603919934680444,-83.22145628019143,,,
1365,1364,,,167.6324948380531,130,True,False,True,False,success,0.4694417119026184,,,ou_noise,0,532466,527467,527467,15.532792730514819,-83.37748753474308,,,
1366,1365,,,161.8845330075385,148,True,False,True,False,success,0.4982134997844696,,,ou_noise,0,532614,527615,527615,14.462842333961177,-83.44215465236354,,,
1367,1366,,,172.31349182932473,119,True,False,True,False,success,0.48149004578590393,,,ou_noise,0,532733,527734,527734,13.382674440616318,-83.29587631866711,,,
1368,1367,,,-298.1684213520103,1000,False,False,False,True,cutoff,0.5808058381080627,,,ou_noise,0,533733,528734,528734,14.357829159975052,-83.30300791168213,,,
1369,1368,,,-279.5471636124835,758,False,True,True,False,collision,5.831718444824219,,,ou_noise,0,534491,529492,529492,16.000174405706904,-83.07832984622361,,,
1370,1369,,,117.03656883505641,264,True,False,True,False,success,0.49983513355255127,,,ou_noise,0,534755,529756,529756,15.062408233682314,-83.04141917373195,,,
1371,1370,,,159.67904047894692,156,True,False,True,False,success,0.4494450092315674,,,ou_noise,0,534911,529912,529912,17.452407616071213,-83.06979306538899,,,
1372,1371,,,163.00308798355263,142,True,False,True,False,success,0.45259520411491394,,,ou_noise,0,535053,530054,530054,12.795860113392413,-83.01260032116527,,,
1373,1372,,,166.23424667522846,135,True,False,True,False,success,0.4754367768764496,,,ou_noise,0,535188,530189,530189,17.173405375304046,-83.1253184000651,,,
1374,1373,,,160.33874921263313,155,True,False,True,False,success,0.4495767056941986,,,ou_noise,0,535343,530344,530344,17.232442387457816,-83.07301645586567,,,
1375,1374,,,167.85275840604098,129,True,False,True,False,success,0.4790908694267273,,,ou_noise,0,535472,530473,530473,11.80617245870043,-83.23934102612873,,,
1376,1375,,,162.97161702067632,144,True,False,True,False,success,0.4133410155773163,,,ou_noise,0,535616,530617,530617,14.56090864787499,-83.11515606774225,,,
1377,1376,,,166.06631192147546,130,True,False,True,False,success,0.47571825981140137,,,ou_noise,0,535746,530747,530747,16.66796233837421,-83.21301134549654,,,
1378,1377,,,170.45938086626467,124,True,False,True,False,success,0.4946414828300476,,,ou_noise,0,535870,530871,530871,14.50584985556141,-83.10321863235966,,,
1379,1378,,,161.1466281058009,146,True,False,True,False,success,0.48443883657455444,,,ou_noise,0,536016,531017,531017,15.599748331390016,-83.07638152658123,,,
1380,1379,,,172.54764719695993,114,True,False,True,False,success,0.4123583436012268,,,ou_noise,0,536130,531131,531131,20.848730002578936,-83.15192928648831,,,
1381,1380,,,173.07494560607816,117,True,False,True,False,success,0.46051082015037537,,,ou_noise,0,536247,531248,531248,17.274255726072525,-83.13870623987964,,,
1382,1381,,,174.63806137752357,110,True,False,True,False,success,0.4395780861377716,,,ou_noise,0,536357,531358,531358,10.375421622666446,-83.01227784590287,,,
1383,1382,,,120.26517324438349,284,True,False,True,False,success,0.46039319038391113,,,ou_noise,0,536641,531642,531642,13.728153685868627,-83.26260889080208,,,
1384,1383,,,155.53403099339664,189,True,False,True,False,success,0.48988983035087585,,,ou_noise,0,536830,531831,531831,14.859263285127266,-83.19070818058397,,,
1385,1384,,,149.01913255748516,185,True,False,True,False,success,0.4949154257774353,,,ou_noise,0,537015,532016,532016,13.220803713798523,-83.00312693827861,,,
1386,1385,,,-193.07870455949146,1000,False,False,False,True,cutoff,4.102540969848633,,,ou_noise,0,538015,533016,533016,12.877929391980171,-83.048707862854,,,
1387,1386,,,163.5744744443759,150,True,False,True,False,success,0.4541175067424774,,,ou_noise,0,538165,533166,533166,16.603472097714743,-82.75872161865234,,,
1388,1387,,,161.25907601447682,149,True,False,True,False,success,0.4578588902950287,,,ou_noise,0,538314,533315,533315,14.177491502473819,-82.83849360318791,,,
1389,1388,,,166.00038148072667,137,True,False,True,False,success,0.4230087101459503,,,ou_noise,0,538451,533452,533452,16.564632383576274,-82.9282670403919,,,
1390,1389,,,128.2772544825973,259,True,False,True,False,success,0.49007856845855713,,,ou_noise,0,538710,533711,533711,9.629841338713657,-82.81948664013483,,,
1391,1390,,,173.32835259713173,123,True,False,True,False,success,0.4220786392688751,,,ou_noise,0,538833,533834,533834,15.751428095305839,-82.80199754916555,,,
1392,1391,,,169.079985183269,129,True,False,True,False,success,0.4952016770839691,,,ou_noise,0,538962,533963,533963,10.645191775735958,-83.0721497055172,,,
1393,1392,,,164.14702913456205,136,True,False,True,False,success,0.4895830452442169,,,ou_noise,0,539098,534099,534099,15.81470996755011,-82.94168685464298,,,
1394,1393,,,171.32116382487823,124,True,False,True,False,success,0.49077293276786804,,,ou_noise,0,539222,534223,534223,12.437547792350092,-82.87850195361722,,,
1395,1394,,,170.27612347987076,127,True,False,True,False,success,0.4220018982887268,,,ou_noise,0,539349,534350,534350,18.559278666503786,-82.82952352208416,,,
1396,1395,,,165.380094049295,138,True,False,True,False,success,0.4709373116493225,,,ou_noise,0,539487,534488,534488,13.682242337344348,-82.70797038423842,,,
1397,1396,,,146.59928454736774,193,True,False,True,False,success,0.4675171673297882,,,ou_noise,0,539680,534681,534681,13.425766780586441,-82.79745937999667,,,
1398,1397,,,170.52221406661144,122,True,False,True,False,success,0.4720468521118164,,,ou_noise,0,539802,534803,534803,9.342492388897254,-82.80771737020524,,,
1399,1398,,,110.89031027511909,369,True,False,True,False,success,0.4950951337814331,,,ou_noise,0,540171,535172,535172,11.659901182179851,-82.78526717602075,,,
1400,1399,,,169.40158101371895,129,True,False,True,False,success,0.422962486743927,,,ou_noise,0,540300,535301,535301,16.29477613194044,-82.61391803830169,,,
1401,1400,,,165.58742535294354,134,True,False,True,False,success,0.4805106222629547,,,ou_noise,0,540434,535435,535435,18.201527608864343,-82.77519601850368,,,
1402,1401,,,171.64883851861546,124,True,False,True,False,success,0.48222070932388306,,,ou_noise,0,540558,535559,535559,12.917047688076574,-82.85433037050309,,,
1403,1402,,,165.24707134214702,138,True,False,True,False,success,0.46569162607192993,,,ou_noise,0,540696,535697,535697,17.62526523721391,-82.72871531610903,,,
1404,1403,,,160.72645937125384,148,True,False,True,False,success,0.48006001114845276,,,ou_noise,0,540844,535845,535845,9.20581667004405,-82.89047354620857,,,
1405,1404,,,163.8444633731902,141,True,False,True,False,success,0.47589248418807983,,,ou_noise,0,540985,535986,535986,14.653108357537723,-82.85404497511844,,,
1406,1405,,,161.6130365411928,144,True,False,True,False,success,0.473778635263443,,,ou_noise,0,541129,536130,536130,10.616572143303024,-82.71531332863702,,,
1407,1406,,,53.516789280159315,477,True,False,True,False,success,0.4747331440448761,,,ou_noise,0,541606,536607,536607,11.619524733075556,-82.7743500843488,,,
1408,1407,,,-216.7374416235749,1000,False,False,False,True,cutoff,4.793349742889404,,,ou_noise,0,542606,537607,537607,12.631714710354805,-82.80319863128662,,,
1409,1408,,,-86.02366468831327,55,False,True,True,False,collision,7.712403297424316,,,ou_noise,0,542661,537662,537662,7.86255926435644,-82.73156086314808,,,
1410,1409,,,170.11637843101602,121,True,False,True,False,success,0.46895265579223633,,,ou_noise,0,542782,537783,537783,13.830932288130454,-82.73298449555705,,,
1411,1410,,,166.92307795900928,132,True,False,True,False,success,0.4791768193244934,,,ou_noise,0,542914,537915,537915,15.564388528014675,-82.76275536508271,,,
1412,1411,,,169.72469330707213,121,True,False,True,False,success,0.4831547737121582,,,ou_noise,0,543035,538036,538036,12.367428967775393,-82.85474490331224,,,
1413,1412,,,160.9319128806128,146,True,False,True,False,success,0.48576119542121887,,,ou_noise,0,543181,538182,538182,17.668750743343406,-82.68319200489618,,,
1414,1413,,,172.91510064449892,113,True,False,True,False,success,0.4565654695034027,,,ou_noise,0,543294,538295,538295,14.459831320079028,-82.65167702193808,,,
1415,1414,,,-191.88041155587337,1000,False,False,False,True,cutoff,4.466597080230713,,,ou_noise,0,544294,539295,539295,13.582484624624252,-82.72324319458008,,,
1416,1415,,,163.33514292554074,144,True,False,True,False,success,0.42703336477279663,,,ou_noise,0,544438,539439,539439,14.728396402464973,-82.6552562183804,,,
1417,1416,,,-81.95086949570359,155,False,True,True,False,collision,4.400477886199951,,,ou_noise,0,544593,539594,539594,10.322702739315648,-82.58645693871283,,,
1418,1417,,,157.40947858212223,159,True,False,True,False,success,0.47346001863479614,,,ou_noise,0,544752,539753,539753,16.6084309381509,-82.41341328171065,,,
1419,1418,,,158.37535466227547,175,True,False,True,False,success,0.4865098297595978,,,ou_noise,0,544927,539928,539928,8.747059965133667,-82.66322043282645,,,
1420,1419,,,-368.17529944383455,956,False,True,True,False,collision,5.4923481941223145,,,ou_noise,0,545883,540884,540884,11.13785509310008,-82.59198144888778,,,
1421,1420,,,163.54872185114206,142,True,False,True,False,success,0.48049041628837585,,,ou_noise,0,546025,541026,541026,16.87223407080476,-82.62550359376719,,,
1422,1421,,,-82.90123920361816,199,False,True,True,False,collision,3.0957753658294678,,,ou_noise,0,546224,541225,541225,13.451111111808661,-82.56299464546855,,,
1423,1422,,,151.79540244879374,175,True,False,True,False,success,0.45412135124206543,,,ou_noise,0,546399,541400,541400,8.913105342047555,-82.64006356375558,,,
1424,1423,,,154.6166239374278,177,True,False,True,False,success,0.4428337514400482,,,ou_noise,0,546576,541577,541577,11.12817838165046,-82.50505113332285,,,
1425,1424,,,159.44921551084343,153,True,False,True,False,success,0.43103399872779846,,,ou_noise,0,546729,541730,541730,13.045072567229177,-82.61296395694508,,,
1426,1425,,,158.63219480487393,157,True,False,True,False,success,0.48653551936149597,,,ou_noise,0,546886,541887,541887,19.073884269993776,-82.61956675341175,,,
1427,1426,,,162.72845240752957,146,True,False,True,False,success,0.46016228199005127,,,ou_noise,0,547032,542033,542033,17.428645295639562,-82.75841051911655,,,
1428,1427,,,159.82571062462253,160,True,False,True,False,success,0.4447596073150635,,,ou_noise,0,547192,542193,542193,16.223071747273206,-82.514244556427,,,
1429,1428,,,169.02773704524037,131,True,False,True,False,success,0.48943740129470825,,,ou_noise,0,547323,542324,542324,10.353205082070737,-82.36539645595406,,,
1430,1429,,,163.5472165869141,151,True,False,True,False,success,0.4887942671775818,,,ou_noise,0,547474,542475,542475,12.047172906382984,-82.5702524248338,,,
1431,1430,,,-224.11020910972903,1000,False,False,False,True,cutoff,8.812654495239258,,,ou_noise,0,548474,543475,543475,11.51373435676098,-82.59220124053955,,,
1432,1431,,,-31.546045244654408,718,True,False,True,False,success,0.4468461573123932,,,ou_noise,0,549192,544193,544193,10.491895925035715,-82.6918213506927,,,
1433,1432,,,169.04490450101332,128,True,False,True,False,success,0.4568879008293152,,,ou_noise,0,549320,544321,544321,10.967291614040732,-82.65892159938812,,,
1434,1433,,,157.7937957398778,160,True,False,True,False,success,0.46369248628616333,,,ou_noise,0,549480,544481,544481,9.685232503712177,-82.55526213645935,,,
1435,1434,,,165.80084807470593,134,True,False,True,False,success,0.48495298624038696,,,ou_noise,0,549614,544615,544615,11.952579406659995,-82.57730706058331,,,
1436,1435,,,171.3055566798498,125,True,False,True,False,success,0.4355180859565735,,,ou_noise,0,549739,544740,544740,10.988452553749084,-82.71303851318359,,,
1437,1436,,,-90.3170292038676,49,False,True,True,False,collision,8.279376983642578,,,ou_noise,0,549788,544789,544789,11.590408215717394,-82.76834293287628,,,
1438,1437,,,163.43219776126836,142,True,False,True,False,success,0.44461748003959656,,,ou_noise,0,549930,544931,544931,10.210814005052539,-82.65075995216907,,,
1439,1438,,,160.6417753904309,163,True,False,True,False,success,0.4498857259750366,,,ou_noise,0,550093,545094,545094,14.552884188897771,-82.68756150321727,,,
1440,1439,,,169.9214518840899,127,True,False,True,False,success,0.4210216701030731,,,ou_noise,0,550220,545221,545221,5.324340636335958,-82.70240255040447,,,
1441,1440,,,167.01419331100803,134,True,False,True,False,success,0.4847593307495117,,,ou_noise,0,550354,545355,545355,5.219958527764278,-82.8437096894677,,,
1442,1441,,,170.93522324556267,118,True,False,True,False,success,0.47428423166275024,,,ou_noise,0,550472,545473,545473,10.724121806985242,-82.66890522585076,,,
1443,1442,,,172.44981431311163,119,True,False,True,False,success,0.4818878471851349,,,ou_noise,0,550591,545592,545592,8.8859992117441,-82.64745350044315,,,
1444,1443,,,164.94748104527352,153,True,False,True,False,success,0.4550272524356842,,,ou_noise,0,550744,545745,545745,8.099728387944838,-82.55800917880987,,,
1445,1444,,,153.9982371360394,168,True,False,True,False,success,0.49244141578674316,,,ou_noise,0,550912,545913,545913,12.94510762819222,-82.80473736354283,,,
1446,1445,,,165.64574504397766,144,True,False,True,False,success,0.47952231764793396,,,ou_noise,0,551056,546057,546057,10.372001526256403,-82.68006621466742,,,
1447,1446,,,165.68272333386665,143,True,False,True,False,success,0.4900912344455719,,,ou_noise,0,551199,546200,546200,14.303448080182909,-82.65046249069535,,,
1448,1447,,,166.52144883018067,135,True,False,True,False,success,0.4485499858856201,,,ou_noise,0,551334,546335,546335,13.615182248751323,-82.61021632441768,,,
1449,1448,,,168.29170337230704,128,True,False,True,False,success,0.4956605136394501,,,ou_noise,0,551462,546463,546463,5.873301899060607,-82.49128067493439,,,
1450,1449,,,-83.499116788946,45,False,True,True,False,collision,7.688748836517334,,,ou_noise,0,551507,546508,546508,7.0072421391805015,-82.63378516303169,,,
1451,1450,,,162.50406465914233,140,True,False,True,False,success,0.45650067925453186,,,ou_noise,0,551647,546648,546648,17.27531882865088,-82.67687072753907,,,
1452,1451,,,173.7779870329055,115,True,False,True,False,success,0.41123154759407043,,,ou_noise,0,551762,546763,546763,11.384705115401227,-82.74974484650986,,,
1453,1452,,,133.06229601582697,254,True,False,True,False,success,0.49777406454086304,,,ou_noise,0,552016,547017,547017,10.128613272051172,-82.7808683800885,,,
1454,1453,,,172.40581411005672,119,True,False,True,False,success,0.46403974294662476,,,ou_noise,0,552135,547136,547136,8.427990482634858,-82.62731241178112,,,
1455,1454,,,-89.2868450371141,42,False,True,True,False,collision,8.296708106994629,,,ou_noise,0,552177,547178,547178,23.12353508529209,-82.828306833903,,,
1456,1455,,,167.15885296112356,131,True,False,True,False,success,0.4338446855545044,,,ou_noise,0,552308,547309,547309,11.334894057448583,-82.75963406162407,,,
1457,1456,,,-85.73036039068462,49,False,True,True,False,collision,7.831536293029785,,,ou_noise,0,552357,547358,547358,22.04194035578747,-82.71410852549027,,,
1458,1457,,,-89.20494985343072,55,False,True,True,False,collision,7.915225982666016,,,ou_noise,0,552412,547413,547413,7.021545004844666,-82.9902782093395,,,
1459,1458,,,153.33323512399267,185,True,False,True,False,success,0.4356899559497833,,,ou_noise,0,552597,547598,547598,12.718806363440848,-83.0599129341744,,,
1460,1459,,,165.07049852345222,146,True,False,True,False,success,0.44483670592308044,,,ou_noise,0,552743,547744,547744,18.756679373244715,-82.74195010041538,,,
1461,1460,,,173.08329518724128,118,True,False,True,False,success,0.4479465186595917,,,ou_noise,0,552861,547862,547862,18.963938262503024,-82.873615588172,,,
1462,1461,,,-235.67006123481806,1000,False,False,False,True,cutoff,9.230555534362793,,,ou_noise,0,553861,548862,548862,11.986609494686126,-82.91476683807373,,,
1463,1462,,,171.21370882044965,128,True,False,True,False,success,0.4436971843242645,,,ou_noise,0,553989,548990,548990,18.420482529327273,-82.85329854488373,,,
1464,1463,,,165.33725700455432,139,True,False,True,False,success,0.4883683919906616,,,ou_noise,0,554128,549129,549129,6.811924784303569,-83.24527625214282,,,
1465,1464,,,165.5961311958833,135,True,False,True,False,success,0.464301735162735,,,ou_noise,0,554263,549264,549264,18.21122748233654,-82.90260693585431,,,
1466,1465,,,172.6758342240021,114,True,False,True,False,success,0.42939937114715576,,,ou_noise,0,554377,549378,549378,16.100647162972834,-83.06128217462907,,,
1467,1466,,,160.7479939245848,154,True,False,True,False,success,0.4614342153072357,,,ou_noise,0,554531,549532,549532,14.892063051849217,-82.84989869749391,,,
1468,1467,,,166.53095703087394,133,True,False,True,False,success,0.4344249367713928,,,ou_noise,0,554664,549665,549665,9.90366436216168,-82.83619506377026,,,
1469,1468,,,-242.40073694361791,1000,False,False,False,True,cutoff,4.609457969665527,,,ou_noise,0,555664,550665,550665,13.604093688845634,-82.96899611663818,,,
1470,1469,,,158.7519555160938,162,True,False,True,False,success,0.4956747889518738,,,ou_noise,0,555826,550827,550827,11.525488356749216,-82.83716253586758,,,
1471,1470,,,163.9934794570715,146,True,False,True,False,success,0.4932423532009125,,,ou_noise,0,555972,550973,550973,13.066580237591104,-83.05548445819176,,,
1472,1471,,,166.2042805764438,140,True,False,True,False,success,0.4576381742954254,,,ou_noise,0,556112,551113,551113,12.61243423649243,-82.74202221461705,,,
1473,1472,,,168.64670374371082,131,True,False,True,False,success,0.48196524381637573,,,ou_noise,0,556243,551244,551244,12.168440972575704,-83.04109419029177,,,
1474,1473,,,-67.89435397608273,136,False,True,True,False,collision,3.205075740814209,,,ou_noise,0,556379,551380,551380,7.8957099949612335,-83.00330352783203,,,
1475,1474,,,165.42426718650262,138,True,False,True,False,success,0.45524734258651733,,,ou_noise,0,556517,551518,551518,13.395675909691963,-83.12718665081522,,,
1476,1475,,,163.53915390518765,141,True,False,True,False,success,0.4707707464694977,,,ou_noise,0,556658,551659,551659,17.95752542069618,-83.14883590590024,,,
1477,1476,,,171.7464889850405,120,True,False,True,False,success,0.44973301887512207,,,ou_noise,0,556778,551779,551779,12.563004384438196,-83.02960510253907,,,
1478,1477,,,171.2636575714712,118,True,False,True,False,success,0.49560025334358215,,,ou_noise,0,556896,551897,551897,12.239043100405548,-82.82010204509153,,,
1479,1478,,,-260.58577539935294,1000,False,False,False,True,cutoff,8.128351211547852,,,ou_noise,0,557896,552897,552897,11.947280041575432,-83.01938657379151,,,
1480,1479,,,164.10187396966532,149,True,False,True,False,success,0.42873290181159973,,,ou_noise,0,558045,553046,553046,12.913882659585685,-82.96852951561844,,,
1481,1480,,,174.94182702302948,113,True,False,True,False,success,0.4908653795719147,,,ou_noise,0,558158,553159,553159,15.021270362676772,-82.92939866327606,,,
1482,1481,,,-236.74653680523642,1000,False,False,False,True,cutoff,7.111667633056641,,,ou_noise,0,559158,554159,554159,11.88305005824566,-83.02130059051514,,,
1483,1482,,,168.68397614604527,129,True,False,True,False,success,0.4380165934562683,,,ou_noise,0,559287,554288,554288,20.765977634940036,-83.1645788739818,,,
1484,1483,,,168.72378329791277,126,True,False,True,False,success,0.4891769289970398,,,ou_noise,0,559413,554414,554414,13.836458797492678,-83.1146361941383,,,
1485,1484,,,171.74851650885935,123,True,False,True,False,success,0.4904482662677765,,,ou_noise,0,559536,554537,554537,9.082444356708992,-83.08478744630891,,,
1486,1485,,,-84.55688762780984,46,False,True,True,False,collision,7.728254795074463,,,ou_noise,0,559582,554583,554583,5.637091398239136,-82.77522476859714,,,
1487,1486,,,150.3903947240563,176,True,False,True,False,success,0.4717186689376831,,,ou_noise,0,559758,554759,554759,10.932072872465307,-83.18296259099787,,,
1488,1487,,,-227.96621735929912,1000,False,False,False,True,cutoff,7.133107662200928,,,ou_noise,0,560758,555759,555759,11.672109853744507,-83.26150549316407,,,
1489,1488,,,165.97036615362777,139,True,False,True,False,success,0.4865797460079193,,,ou_noise,0,560897,555898,555898,15.27427762875454,-82.93565544293081,,,
1490,1489,,,164.99746474836687,141,True,False,True,False,success,0.47771063446998596,,,ou_noise,0,561038,556039,556039,10.03502870028746,-83.37419361087447,,,
1491,1490,,,161.14579437933932,153,True,False,True,False,success,0.49819839000701904,,,ou_noise,0,561191,556192,556192,9.328746859544243,-83.26696508071002,,,
1492,1491,,,-87.85341538549025,60,False,True,True,False,collision,7.691972732543945,,,ou_noise,0,561251,556252,556252,19.35307814280192,-83.42847061157227,,,
1493,1492,,,165.56372749751597,133,True,False,True,False,success,0.48898133635520935,,,ou_noise,0,561384,556385,556385,13.629441583963265,-83.29506740713478,,,
1494,1493,,,166.42140335911796,135,True,False,True,False,success,0.4598785638809204,,,ou_noise,0,561519,556520,556520,8.735334098780596,-83.32030843098958,,,
1495,1494,,,165.16208339333818,143,True,False,True,False,success,0.4250093996524811,,,ou_noise,0,561662,556663,556663,15.585086451543795,-83.21935314898724,,,
1496,1495,,,171.68601484895146,118,True,False,True,False,success,0.4840939939022064,,,ou_noise,0,561780,556781,556781,4.146073458558422,-83.43525398383706,,,
1497,1496,,,151.66128789313282,187,True,False,True,False,success,0.49028265476226807,,,ou_noise,0,561967,556968,556968,9.035724905722919,-83.18906728979101,,,
1498,1497,,,170.94620851552904,121,True,False,True,False,success,0.4574336111545563,,,ou_noise,0,562088,557089,557089,7.724157825974394,-83.21189508359295,,,
1499,1498,,,-100.49698624020098,108,False,True,True,False,collision,7.798919677734375,,,ou_noise,0,562196,557197,557197,14.417653975663361,-83.39869605170355,,,
1500,1499,,,171.774111332544,123,True,False,True,False,success,0.4407133162021637,,,ou_noise,0,562319,557320,557320,12.237009031016653,-83.17103564254637,,,
1501,1500,,,-91.38202163643561,47,False,True,True,False,collision,8.300204277038574,,,ou_noise,0,562366,557367,557367,9.200400048113885,-83.0061992888755,,,
1502,1501,,,-84.98263831199768,55,False,True,True,False,collision,7.586606502532959,,,ou_noise,0,562421,557422,557422,18.14068523753773,-83.19817171963778,,,
1503,1502,,,169.09383786229404,128,True,False,True,False,success,0.43901684880256653,,,ou_noise,0,562549,557550,557550,18.052502213045955,-83.43994551897049,,,
1504,1503,,,168.1639797688875,129,True,False,True,False,success,0.4534509778022766,,,ou_noise,0,562678,557679,557679,6.683969421904217,-83.18409403719643,,,
1505,1504,,,168.33005182781903,130,True,False,True,False,success,0.45088011026382446,,,ou_noise,0,562808,557809,557809,12.57017561197281,-83.34402688833383,,,
1506,1505,,,-307.48532107004183,1000,False,True,True,False,collision,3.966582775115967,,,ou_noise,0,563808,558809,558809,13.456673547506332,-83.44204196166991,,,
1507,1506,,,161.94242438727895,149,True,False,True,False,success,0.480784147977829,,,ou_noise,0,563957,558958,558958,12.873912288838586,-83.41561613146891,,,
1508,1507,,,170.1020504275777,121,True,False,True,False,success,0.4664057195186615,,,ou_noise,0,564078,559079,559079,12.796570547356094,-83.05867994324235,,,
1509,1508,,,-86.25921531381702,48,False,True,True,False,collision,7.890749454498291,,,ou_noise,0,564126,559127,559127,26.644544919331867,-83.07671165466309,,,
1510,1509,,,162.27493653659974,152,True,False,True,False,success,0.45567089319229126,,,ou_noise,0,564278,559279,559279,6.255805666509428,-83.34277087763736,,,
1511,1510,,,172.76864872554705,115,True,False,True,False,success,0.4832107722759247,,,ou_noise,0,564393,559394,559394,12.034000898444134,-83.55906863005265,,,
1512,1511,,,-90.36171824653478,47,False,True,True,False,collision,8.157416343688965,,,ou_noise,0,564440,559441,559441,14.510724158997231,-83.40883847500416,,,
1513,1512,,,167.04655148023448,135,True,False,True,False,success,0.48569566011428833,,,ou_noise,0,564575,559576,559576,15.107014332877265,-83.39421923602069,,,
1514,1513,,,167.30080857742269,130,True,False,True,False,success,0.4498228430747986,,,ou_noise,0,564705,559706,559706,8.657558254095225,-83.35176456157978,,,
1515,1514,,,170.13408794251848,128,True,False,True,False,success,0.4767945110797882,,,ou_noise,0,564833,559834,559834,13.401162802241743,-83.31232368946075,,,
1516,1515,,,169.47245646431185,129,True,False,True,False,success,0.41362854838371277,,,ou_noise,0,564962,559963,559963,13.538421167883762,-83.28895592504693,,,
1517,1516,,,164.28553736999692,139,True,False,True,False,success,0.49063676595687866,,,ou_noise,0,565101,560102,560102,14.967579694960614,-83.40727425993775,,,
1518,1517,,,-89.04499445260937,59,False,True,True,False,collision,7.849249839782715,,,ou_noise,0,565160,560161,560161,12.82954297631474,-83.88300245899265,,,
1519,1518,,,-89.83431282617703,60,False,True,True,False,collision,7.939869403839111,,,ou_noise,0,565220,560221,560221,12.879248384634653,-83.3639897664388,,,
1520,1519,,,-90.71965925660774,40,False,True,True,False,collision,8.458171844482422,,,ou_noise,0,565260,560261,560261,15.030752182006836,-83.6640817642212,,,
1521,1520,,,-214.53134819011802,1000,False,False,False,True,cutoff,7.730105876922607,,,ou_noise,0,566260,561261,561261,14.294393694519997,-83.53327352142334,,,
1522,1521,,,168.34287920395656,131,True,False,True,False,success,0.45499691367149353,,,ou_noise,0,566391,561392,561392,17.198721151315528,-83.3117888355983,,,
1523,1522,,,166.31948579156762,140,True,False,True,False,success,0.47680121660232544,,,ou_noise,0,566531,561532,561532,18.10270988856043,-83.5884635925293,,,
1524,1523,,,168.84671761771995,132,True,False,True,False,success,0.4204893410205841,,,ou_noise,0,566663,561664,561664,16.23353350072196,-83.4381678610137,,,
1525,1524,,,171.82429709301425,121,True,False,True,False,success,0.42768681049346924,,,ou_noise,0,566784,561785,561785,5.165319543239499,-83.68055781845219,,,
1526,1525,,,-266.0877560925746,1000,False,False,False,True,cutoff,7.583401679992676,,,ou_noise,0,567784,562785,562785,14.142699443340302,-83.52664350128174,,,
1527,1526,,,169.1861154688629,130,True,False,True,False,success,0.4294856786727905,,,ou_noise,0,567914,562915,562915,13.45549418926239,-83.56413662250225,,,
1528,1527,,,160.56908967337276,155,True,False,True,False,success,0.48292967677116394,,,ou_noise,0,568069,563070,563070,20.102728706021463,-83.25177745203818,,,
1529,1528,,,171.27936284611107,120,True,False,True,False,success,0.4328990578651428,,,ou_noise,0,568189,563190,563190,9.889206261436145,-83.32896836598714,,,
1530,1529,,,50.58029013907677,438,True,False,True,False,success,0.49993085861206055,,,ou_noise,0,568627,563628,563628,13.116075721233402,-83.5669871116882,,,
1531,1530,,,173.57509916988437,114,True,False,True,False,success,0.4829115867614746,,,ou_noise,0,568741,563742,563742,14.536916613578796,-83.53334828426964,,,
1532,1531,,,-234.5064786842721,1000,False,False,False,True,cutoff,7.335815906524658,,,ou_noise,0,569741,564742,564742,13.320652876734734,-83.58347580718994,,,
1533,1532,,,-61.30219966955097,79,False,True,True,False,collision,4.779243469238281,,,ou_noise,0,569820,564821,564821,12.186271249493466,-83.6567807740803,,,
1534,1533,,,-94.01560281022314,47,False,True,True,False,collision,8.489129066467285,,,ou_noise,0,569867,564868,564868,16.05507156950362,-83.70238916924659,,,
1535,1534,,,169.6808532570808,124,True,False,True,False,success,0.4736454486846924,,,ou_noise,0,569991,564992,564992,9.711334450590995,-83.62857203329763,,,
1536,1535,,,170.82678822984727,123,True,False,True,False,success,0.4770872890949249,,,ou_noise,0,570114,565115,565115,12.772505853234268,-83.72537560191581,,,
1537,1536,,,168.95753310795408,126,True,False,True,False,success,0.46317318081855774,,,ou_noise,0,570240,565241,565241,12.872130036354065,-83.55212372068375,,,
1538,1537,,,-97.57003963497772,829,True,False,True,False,success,0.49954095482826233,,,ou_noise,0,571069,566070,566070,12.256865562949738,-83.57770401203446,,,
1539,1538,,,162.96511579426135,146,True,False,True,False,success,0.47037798166275024,,,ou_noise,0,571215,566216,566216,13.143108974580896,-83.6642144608171,,,
1540,1539,,,-244.71976579188038,1000,False,False,False,True,cutoff,7.8184685707092285,,,ou_noise,0,572215,567216,567216,14.042295767784118,-83.65002838134765,,,
1541,1540,,,169.56420205145366,126,True,False,True,False,success,0.44534438848495483,,,ou_noise,0,572341,567342,567342,16.94542009868319,-83.58562209114196,,,
1542,1541,,,170.01130391273017,128,True,False,True,False,success,0.4939114451408386,,,ou_noise,0,572469,567470,567470,9.996217015199363,-83.65931713581085,,,
1543,1542,,,171.59306934236355,124,True,False,True,False,success,0.42462754249572754,,,ou_noise,0,572593,567594,567594,18.083124704899326,-83.56540858361029,,,
1544,1543,,,167.07351888713782,138,True,False,True,False,success,0.4475182294845581,,,ou_noise,0,572731,567732,567732,8.618848081948101,-83.74555112313533,,,
1545,1544,,,-247.84269708640537,1000,False,False,False,True,cutoff,6.33683443069458,,,ou_noise,0,573731,568732,568732,11.05447299683094,-83.64579905700684,,,
1546,1545,,,162.02223376511017,138,True,False,True,False,success,0.4784567952156067,,,ou_noise,0,573869,568870,568870,7.628307262192601,-83.816882589589,,,
1547,1546,,,166.51337858849996,133,True,False,True,False,success,0.49146878719329834,,,ou_noise,0,574002,569003,569003,11.191951714063945,-83.75271881791882,,,
1548,1547,,,166.17072544607748,131,True,False,True,False,success,0.4956109821796417,,,ou_noise,0,574133,569134,569134,14.048655408029338,-83.71219425347014,,,
1549,1548,,,167.21926593802988,130,True,False,True,False,success,0.4198710322380066,,,ou_noise,0,574263,569264,569264,12.853707242012025,-83.8637918325571,,,
1550,1549,,,134.24998111925441,251,True,False,True,False,success,0.45401549339294434,,,ou_noise,0,574514,569515,569515,9.461279567494335,-83.74547461399519,,,
1551,1550,,,177.5971292359399,106,True,False,True,False,success,0.4156832993030548,,,ou_noise,0,574620,569621,569621,9.03611018072884,-83.8623311744546,,,
1552,1551,,,149.26638498281523,174,True,False,True,False,success,0.4966021478176117,,,ou_noise,0,574794,569795,569795,18.70371586084366,-83.83381170513987,,,
1553,1552,,,171.5599602034547,118,True,False,True,False,success,0.4794871211051941,,,ou_noise,0,574912,569913,569913,16.15315859600649,-83.79021369804771,,,
1554,1553,,,170.05569969414347,125,True,False,True,False,success,0.4132857024669647,,,ou_noise,0,575037,570038,570038,9.282123397827148,-83.6868408203125,,,
1555,1554,,,164.30770541590044,145,True,False,True,False,success,0.48842477798461914,,,ou_noise,0,575182,570183,570183,7.881412927035628,-83.6735896669585,,,
1556,1555,,,172.42303124723142,120,True,False,True,False,success,0.4740789234638214,,,ou_noise,0,575302,570303,570303,7.736301361521085,-83.68871383666992,,,
1557,1556,,,167.73967272305725,132,True,False,True,False,success,0.47016599774360657,,,ou_noise,0,575434,570435,570435,10.49135500012022,-83.85783056779341,,,
1558,1557,,,170.59428405770743,126,True,False,True,False,success,0.47508475184440613,,,ou_noise,0,575560,570561,570561,10.979691304857768,-83.84688374352834,,,
1559,1558,,,160.86136178946592,140,True,False,True,False,success,0.4900272786617279,,,ou_noise,0,575700,570701,570701,14.597873945747104,-83.65480466570173,,,
1560,1559,,,168.49261839637967,127,True,False,True,False,success,0.4910931885242462,,,ou_noise,0,575827,570828,570828,14.523683419377784,-83.79961016797644,,,
1561,1560,,,168.32279349989352,123,True,False,True,False,success,0.49271002411842346,,,ou_noise,0,575950,570951,570951,14.283359482036374,-83.93414511331697,,,
1562,1561,,,165.3272392096559,144,True,False,True,False,success,0.4841287434101105,,,ou_noise,0,576094,571095,571095,22.106238171458244,-83.7480959892273,,,
1563,1562,,,167.61480571665555,129,True,False,True,False,success,0.48742684721946716,,,ou_noise,0,576223,571224,571224,9.696835787721383,-83.76735639941785,,,
1564,1563,,,169.40201843439215,128,True,False,True,False,success,0.43484926223754883,,,ou_noise,0,576351,571352,571352,13.125110832974315,-83.99459791183472,,,
1565,1564,,,138.6064381356321,212,True,False,True,False,success,0.49846580624580383,,,ou_noise,0,576563,571564,571564,8.29443873380715,-83.92929246290674,,,
1566,1565,,,172.07765061326074,122,True,False,True,False,success,0.4821939170360565,,,ou_noise,0,576685,571686,571686,15.89718075951592,-84.00409979898421,,,
1567,1566,,,174.9348463706304,112,True,False,True,False,success,0.4543057382106781,,,ou_noise,0,576797,571798,571798,15.627886579505034,-83.98655959538051,,,
1568,1567,,,169.22604669268355,134,True,False,True,False,success,0.419538676738739,,,ou_noise,0,576931,571932,571932,17.62966493261394,-83.94047330030754,,,
1569,1568,,,167.30309814506455,128,True,False,True,False,success,0.4869547188282013,,,ou_noise,0,577059,572060,572060,17.443686683662236,-83.80563294887543,,,
1570,1569,,,-87.94792369662042,42,False,True,True,False,collision,8.068031311035156,,,ou_noise,0,577101,572102,572102,7.370850719156719,-83.70108359200614,,,
1571,1570,,,166.64957186491029,132,True,False,True,False,success,0.4973081052303314,,,ou_noise,0,577233,572234,572234,10.293787502881253,-83.91547359119762,,,
1572,1571,,,165.8847155062021,132,True,False,True,False,success,0.48367249965667725,,,ou_noise,0,577365,572366,572366,11.382692135644682,-83.74447065411192,,,
1573,1572,,,161.8482471762468,149,True,False,True,False,success,0.46596723794937134,,,ou_noise,0,577514,572515,572515,22.093647421606434,-84.05444479308673,,,
1574,1573,,,173.7035323295541,117,True,False,True,False,success,0.48019716143608093,,,ou_noise,0,577631,572632,572632,14.098845548099941,-84.08633468497513,,,
1575,1574,,,162.99585973460387,146,True,False,True,False,success,0.49073588848114014,,,ou_noise,0,577777,572778,572778,15.530639004217436,-83.963338146471,,,
1576,1575,,,-207.1762832590005,1000,False,False,False,True,cutoff,0.8985838294029236,,,ou_noise,0,578777,573778,573778,13.512347518205642,-84.0476935043335,,,
1577,1576,,,152.3955144801868,178,True,False,True,False,success,0.4491513669490814,,,ou_noise,0,578955,573956,573956,13.953435881753986,-83.98745748969947,,,
1578,1577,,,167.3803172822312,132,True,False,True,False,success,0.46976980566978455,,,ou_noise,0,579087,574088,574088,8.949060242284428,-83.98750854260993,,,
1579,1578,,,168.0206637830465,132,True,False,True,False,success,0.44231706857681274,,,ou_noise,0,579219,574220,574220,14.570087424733423,-84.10496625033292,,,
1580,1579,,,165.1653338480168,138,True,False,True,False,success,0.4887950122356415,,,ou_noise,0,579357,574358,574358,10.6662754787915,-84.05871858458588,,,
1581,1580,,,169.45362109281643,125,True,False,True,False,success,0.4953925907611847,,,ou_noise,0,579482,574483,574483,9.02188540840149,-84.17476794433594,,,
1582,1581,,,165.3130466183219,137,True,False,True,False,success,0.43533381819725037,,,ou_noise,0,579619,574620,574620,11.25314759425003,-83.95746306259267,,,
1583,1582,,,163.37607609630982,147,True,False,True,False,success,0.4912612736225128,,,ou_noise,0,579766,574767,574767,11.20073240225007,-84.03149725466358,,,
1584,1583,,,165.2617762155566,140,True,False,True,False,success,0.49811071157455444,,,ou_noise,0,579906,574907,574907,11.967865277188166,-84.1107842036656,,,
1585,1584,,,171.90003180367057,125,True,False,True,False,success,0.42861077189445496,,,ou_noise,0,580031,575032,575032,13.30270226764679,-84.19301055908203,,,
1586,1585,,,168.93070298098203,130,True,False,True,False,success,0.43726086616516113,,,ou_noise,0,580161,575162,575162,12.673556674443759,-84.21121655977689,,,
1587,1586,,,166.94244875783565,137,True,False,True,False,success,0.4781581163406372,,,ou_noise,0,580298,575299,575299,14.676969196674598,-84.39761463917085,,,
1588,1587,,,164.94392166831972,140,True,False,True,False,success,0.48745325207710266,,,ou_noise,0,580438,575439,575439,12.215015744311469,-84.2949456351144,,,
1589,1588,,,173.99156942900515,111,True,False,True,False,success,0.4846497178077698,,,ou_noise,0,580549,575550,575550,8.915138360616323,-84.0607064736856,,,
1590,1589,,,170.5565791062252,119,True,False,True,False,success,0.4851008653640747,,,ou_noise,0,580668,575669,575669,6.777435105387904,-84.15284113523339,,,
1591,1590,,,-228.98998254811153,1000,False,False,False,True,cutoff,7.932084560394287,,,ou_noise,0,581668,576669,576669,12.92109719824791,-84.15921880340576,,,
1592,1591,,,163.03247023276435,149,True,False,True,False,success,0.4242236912250519,,,ou_noise,0,581817,576818,576818,6.962300013375763,-84.19590385488216,,,
1593,1592,,,173.16791349354236,118,True,False,True,False,success,0.4518726170063019,,,ou_noise,0,581935,576936,576936,10.014234840869904,-84.3131977016643,,,
1594,1593,,,168.9094150749113,129,True,False,True,False,success,0.4676345884799957,,,ou_noise,0,582064,577065,577065,10.406958392424176,-84.30996094932851,,,
1595,1594,,,172.41219886458663,114,True,False,True,False,success,0.45855775475502014,,,ou_noise,0,582178,577179,577179,11.331564962863922,-84.14708649484734,,,
1596,1595,,,-202.21884054750979,1000,False,False,False,True,cutoff,6.7702107429504395,,,ou_noise,0,583178,578179,578179,14.413885857343674,-84.20854374694824,,,
1597,1596,,,168.1398473930439,125,True,False,True,False,success,0.4458082914352417,,,ou_noise,0,583303,578304,578304,16.126752546310424,-84.09609887695312,,,
1598,1597,,,167.37407681662557,130,True,False,True,False,success,0.4969707727432251,,,ou_noise,0,583433,578434,578434,8.249086084732642,-84.04114057100736,,,
1599,1598,,,166.3664322722961,135,True,False,True,False,success,0.4214801490306854,,,ou_noise,0,583568,578569,578569,11.334126373573586,-84.33685393156829,,,
1600,1599,,,169.8082449766717,127,True,False,True,False,success,0.42820146679878235,,,ou_noise,0,583695,578696,578696,11.285732587491433,-84.39593355674444,,,
1601,1600,,,166.0008176309576,134,True,False,True,False,success,0.48226118087768555,,,ou_noise,0,583829,578830,578830,11.753648880702347,-84.35790098958941,,,
1602,1601,,,165.8768070179855,133,True,False,True,False,success,0.46728625893592834,,,ou_noise,0,583962,578963,578963,14.265485342283894,-84.31144811874046,,,
1603,1602,,,-88.34960064195623,229,False,True,True,False,collision,2.8720321655273438,,,ou_noise,0,584191,579192,579192,15.560482974656285,-84.24340926924127,,,
1604,1603,,,-93.13917311221755,51,False,True,True,False,collision,8.0883150100708,,,ou_noise,0,584242,579243,579243,21.845786592539618,-84.24400823256549,,,
1605,1604,,,132.2651427157477,257,True,False,True,False,success,0.4187223017215729,,,ou_noise,0,584499,579500,579500,15.827031782165111,-84.44258135487597,,,
1606,1605,,,156.8922611935485,169,True,False,True,False,success,0.4958718717098236,,,ou_noise,0,584668,579669,579669,12.486663145426462,-84.1542383227828,,,
1607,1606,,,167.77361851139148,131,True,False,True,False,success,0.47689446806907654,,,ou_noise,0,584799,579800,579800,13.300166754322198,-84.13001990864295,,,
1608,1607,,,170.02031140503408,130,True,False,True,False,success,0.48967447876930237,,,ou_noise,0,584929,579930,579930,10.47659072784277,-84.3249028132512,,,
1609,1608,,,166.75343191956674,138,True,False,True,False,success,0.4300374984741211,,,ou_noise,0,585067,580068,580068,14.597774000271507,-84.16828758129175,,,
1610,1609,,,166.80730702352804,132,True,False,True,False,success,0.4822015166282654,,,ou_noise,0,585199,580200,580200,17.284630577672612,-83.92900917746805,,,
1611,1610,,,168.1053716715369,131,True,False,True,False,success,0.4599435031414032,,,ou_noise,0,585330,580331,580331,10.32977914082185,-84.66202457806536,,,
1612,1611,,,169.37209694596737,119,True,False,True,False,success,0.4693167805671692,,,ou_noise,0,585449,580450,580450,11.8503374221946,-84.35882594004399,,,
1613,1612,,,164.67953823633815,137,True,False,True,False,success,0.4829615652561188,,,ou_noise,0,585586,580587,580587,15.918074411197301,-84.21024005082401,,,
1614,1613,,,168.350175743253,130,True,False,True,False,success,0.43294045329093933,,,ou_noise,0,585716,580717,580717,10.903643630101131,-84.35570749136117,,,
1615,1614,,,-102.65794205360865,157,False,True,True,False,collision,5.661914825439453,,,ou_noise,0,585873,580874,580874,7.711389400397136,-84.49218618793851,,,
1616,1615,,,-229.8654199751938,1000,False,False,False,True,cutoff,6.8924689292907715,,,ou_noise,0,586873,581874,581874,12.971982734918594,-84.2358067779541,,,
1617,1616,,,-212.1992309082678,550,False,True,True,False,collision,8.203984260559082,,,ou_noise,0,587423,582424,582424,14.151562967300414,-84.25038277365945,,,
1618,1617,,,158.32743012635297,178,True,False,True,False,success,0.45115453004837036,,,ou_noise,0,587601,582602,582602,12.48152479495895,-84.34236749370446,,,
1619,1618,,,167.26081354079577,136,True,False,True,False,success,0.46509528160095215,,,ou_noise,0,587737,582738,582738,9.207846634528217,-84.34015274047852,,,
1620,1619,,,167.82376807720252,134,True,False,True,False,success,0.4529174268245697,,,ou_noise,0,587871,582872,582872,15.090615307217213,-84.10682547270362,,,
1621,1620,,,161.32565605472558,153,True,False,True,False,success,0.4111299216747284,,,ou_noise,0,588024,583025,583025,22.04188854398291,-84.06103016971763,,,
1622,1621,,,168.6345243749442,129,True,False,True,False,success,0.43892624974250793,,,ou_noise,0,588153,583154,583154,11.596145669619242,-83.96458180745442,,,
1623,1622,,,166.80040256486086,133,True,False,True,False,success,0.4990037679672241,,,ou_noise,0,588286,583287,583287,16.850274920463562,-84.23824367666603,,,
1624,1623,,,165.77554322087218,143,True,False,True,False,success,0.4724867343902588,,,ou_noise,0,588429,583430,583430,9.260803905400364,-84.3130588131351,,,
1625,1624,,,166.3666853734191,137,True,False,True,False,success,0.4906786382198334,,,ou_noise,0,588566,583567,583567,9.853161190548082,-84.3416813203018,,,
1626,1625,,,105.74971741699295,358,True,False,True,False,success,0.4695686101913452,,,ou_noise,0,588924,583925,583925,13.837966746791116,-84.41397512425257,,,
1627,1626,,,166.29377207341227,133,True,False,True,False,success,0.46114686131477356,,,ou_noise,0,589057,584058,584058,11.780331784621216,-84.39198182758533,,,
1628,1627,,,168.9286108883599,127,True,False,True,False,success,0.48269179463386536,,,ou_noise,0,589184,584185,584185,8.762987706604905,-84.59261370080662,,,
1629,1628,,,168.04608406253058,131,True,False,True,False,success,0.42958950996398926,,,ou_noise,0,589315,584316,584316,12.050781909746068,-84.43350318733972,,,
1630,1629,,,-137.46947692653822,222,False,True,True,False,collision,6.532876968383789,,,ou_noise,0,589537,584538,584538,9.150206564245996,-84.54395768449113,,,
1631,1630,,,167.93814576109853,131,True,False,True,False,success,0.465591162443161,,,ou_noise,0,589668,584669,584669,14.356341837926676,-84.3431225842192,,,
1632,1631,,,170.01295596551847,126,True,False,True,False,success,0.4692533612251282,,,ou_noise,0,589794,584795,584795,8.76891144873604,-84.40035477895586,,,
1633,1632,,,169.68403784675638,123,True,False,True,False,success,0.48779186606407166,,,ou_noise,0,589917,584918,584918,11.356863784596202,-84.30404793343892,,,
1634,1633,,,165.76078756666305,139,True,False,True,False,success,0.42556074261665344,,,ou_noise,0,590056,585057,585057,7.87055437942203,-84.24367342063849,,,
1635,1634,,,-338.5876018494745,761,False,True,True,False,collision,6.797651767730713,,,ou_noise,0,590817,585818,585818,12.249350353546744,-84.46570672374831,,,
1636,1635,,,-276.0064896597765,1000,False,False,False,True,cutoff,7.0951433181762695,,,ou_noise,0,591817,586818,586818,13.896292877435684,-84.5731824874878,,,
1637,1636,,,-234.58157092874194,1000,False,False,False,True,cutoff,6.821916103363037,,,ou_noise,0,592817,587818,587818,13.080262297630311,-84.64842551422119,,,
1638,1637,,,161.87525383458475,146,True,False,True,False,success,0.4327731728553772,,,ou_noise,0,592963,587964,587964,10.888550963303814,-84.61819510263939,,,
1639,1638,,,165.55922974877933,137,True,False,True,False,success,0.49867692589759827,,,ou_noise,0,593100,588101,588101,15.622604484975772,-84.8576037553105,,,
1640,1639,,,165.14714603133183,134,True,False,True,False,success,0.4767930209636688,,,ou_noise,0,593234,588235,588235,17.2357227695522,-84.61754556912095,,,
1641,1640,,,138.05270037250972,235,True,False,True,False,success,0.4718916118144989,,,ou_noise,0,593469,588470,588470,7.949504052324498,-84.81517850185962,,,
1642,1641,,,155.12663258940304,169,True,False,True,False,success,0.4752376973628998,,,ou_noise,0,593638,588639,588639,9.399472701478992,-84.68726118640787,,,
1643,1642,,,-194.1256613864927,1000,False,False,False,True,cutoff,4.5198774337768555,,,ou_noise,0,594638,589639,589639,11.239231615185737,-84.77199104309082,,,
1644,1643,,,171.0854918291569,120,True,False,True,False,success,0.49974581599235535,,,ou_noise,0,594758,589759,589759,9.393466129899025,-84.71829992930094,,,
1645,1644,,,168.57013753778762,128,True,False,True,False,success,0.4878063201904297,,,ou_noise,0,594886,589887,589887,10.72043201327324,-84.62441700696945,,,
1646,1645,,,-210.3202155207772,1000,False,False,False,True,cutoff,8.55174446105957,,,ou_noise,0,595886,590887,590887,12.723977719187737,-84.78748838806152,,,
1647,1646,,,165.91042204163654,136,True,False,True,False,success,0.4894786477088928,,,ou_noise,0,596022,591023,591023,12.448408324928845,-84.86224325965432,,,
1648,1647,,,172.16676370527426,122,True,False,True,False,success,0.4953603744506836,,,ou_noise,0,596144,591145,591145,15.383827571009027,-84.85738291505908,,,
1649,1648,,,168.69015332525962,131,True,False,True,False,success,0.43933552503585815,,,ou_noise,0,596275,591276,591276,7.885831501647716,-84.91068687147767,,,
1650,1649,,,170.12223530650968,122,True,False,True,False,success,0.49048590660095215,,,ou_noise,0,596397,591398,591398,14.161585153126326,-84.99777828279089,,,
1651,1650,,,-195.85296516110196,1000,False,False,False,True,cutoff,8.096633911132812,,,ou_noise,0,597397,592398,592398,12.54414578616619,-84.85926063537597,,,
1652,1651,,,-90.96239959365947,51,False,True,True,False,collision,7.933994293212891,,,ou_noise,0,597448,592449,592449,4.633619584289252,-84.8734177234126,,,
1653,1652,,,170.6283845548146,121,True,False,True,False,success,0.41636472940444946,,,ou_noise,0,597569,592570,592570,10.237461799432424,-84.67786438997126,,,
1654,1653,,,35.934831730036876,501,True,False,True,False,success,0.4120435118675232,,,ou_noise,0,598070,593071,593071,12.461129752223838,-84.91241981978426,,,
1655,1654,,,160.68504169810387,156,True,False,True,False,success,0.44513341784477234,,,ou_noise,0,598226,593227,593227,11.926953288225027,-85.06517258668558,,,
1656,1655,,,173.31286558797427,120,True,False,True,False,success,0.4371494948863983,,,ou_noise,0,598346,593347,593347,10.174450960755347,-84.9918783823649,,,
1657,1656,,,-212.19040258054324,1000,False,False,False,True,cutoff,8.837087631225586,,,ou_noise,0,599346,594347,594347,12.173086455464363,-85.04829759216308,,,
1658,1657,,,173.026527800746,122,True,False,True,False,success,0.44220495223999023,,,ou_noise,0,599468,594469,594469,12.541432357225261,-85.20702243242107,,,
1659,1658,,,173.20705747281897,120,True,False,True,False,success,0.4074411392211914,,,ou_noise,0,599588,594589,594589,14.830523605147997,-85.15612042744955,,,
1660,1659,,,72.54870122686614,566,True,False,True,False,success,0.45959481596946716,,,ou_noise,0,600154,595155,595155,10.51997813761445,-85.20103257789208,,,
1661,1660,,,172.18492122162428,125,True,False,True,False,success,0.4447045922279358,,,ou_noise,0,600279,595280,595280,13.930194000244141,-85.43060809326172,,,
1662,1661,,,166.602100197009,137,True,False,True,False,success,0.47670778632164,,,ou_noise,0,600416,595417,595417,13.813968874242184,-85.15914109501526,,,
1663,1662,,,164.58172128291494,138,True,False,True,False,success,0.4812692105770111,,,ou_noise,0,600554,595555,595555,10.79043777179027,-85.38390040743178,,,
1664,1663,,,168.95181807929725,128,True,False,True,False,success,0.45971599221229553,,,ou_noise,0,600682,595683,595683,10.072152296081185,-85.39531135559082,,,
1665,1664,,,168.0356489891906,139,True,False,True,False,success,0.4282751977443695,,,ou_noise,0,600821,595822,595822,10.024304902810844,-85.33841908406868,,,
1666,1665,,,168.16705219825985,134,True,False,True,False,success,0.48850369453430176,,,ou_noise,0,600955,595956,595956,12.22575049791763,-85.31629414344901,,,
1667,1666,,,-92.00346167650834,54,False,True,True,False,collision,8.068143844604492,,,ou_noise,0,601009,596010,596010,12.466072060443738,-85.2984152899848,,,
1668,1667,,,169.27844474494668,129,True,False,True,False,success,0.45247939229011536,,,ou_noise,0,601138,596139,596139,10.83426076404808,-85.31896257030871,,,
1669,1668,,,147.1493328447382,230,True,False,True,False,success,0.42945241928100586,,,ou_noise,0,601368,596369,596369,9.74425167363623,-85.24685864655868,,,
1670,1669,,,169.4124071930696,126,True,False,True,False,success,0.47094476222991943,,,ou_noise,0,601494,596495,596495,15.363729486389765,-85.43142506432912,,,
1671,1670,,,-244.5374983691218,1000,False,False,False,True,cutoff,7.633866786956787,,,ou_noise,0,602494,597495,597495,12.76829142832756,-85.4192705001831,,,
1672,1671,,,-93.61949810402203,38,False,True,True,False,collision,8.435537338256836,,,ou_noise,0,602532,597533,597533,15.092140756155315,-85.24329576994243,,,
1673,1672,,,165.86241527243757,132,True,False,True,False,success,0.43536603450775146,,,ou_noise,0,602664,597665,597665,14.258183312235456,-85.44530654676032,,,
1674,1673,,,169.45688387276448,127,True,False,True,False,success,0.4208270311355591,,,ou_noise,0,602791,597792,597792,10.485284115385822,-85.55148489644208,,,
1675,1674,,,163.58039176371278,144,True,False,True,False,success,0.4819446802139282,,,ou_noise,0,602935,597936,597936,14.775334353248278,-85.44539255566067,,,
1676,1675,,,155.2226835084403,165,True,False,True,False,success,0.45735588669776917,,,ou_noise,0,603100,598101,598101,13.19391578616518,-85.62146407618667,,,
1677,1676,,,166.4001930150863,137,True,False,True,False,success,0.4997675120830536,,,ou_noise,0,603237,598238,598238,10.92414646775183,-85.43603175922031,,,
1678,1677,,,164.186994013345,147,True,False,True,False,success,0.47738099098205566,,,ou_noise,0,603384,598385,598385,8.082213164186802,-85.42882465180897,,,
1679,1678,,,171.36275718873577,131,True,False,True,False,success,0.4469868540763855,,,ou_noise,0,603515,598516,598516,9.271132655726134,-85.47765280454213,,,
1680,1679,,,170.47594426119656,125,True,False,True,False,success,0.49356698989868164,,,ou_noise,0,603640,598641,598641,5.8945190744400024,-85.65356500244141,,,
1681,1680,,,166.1788291258398,127,True,False,True,False,success,0.4286049008369446,,,ou_noise,0,603767,598768,598768,15.010380886671111,-85.75294897124523,,,
1682,1681,,,-197.39404152691876,1000,False,False,False,True,cutoff,3.843245029449463,,,ou_noise,0,604767,599768,599768,14.725476759433747,-85.60392922973632,,,
1683,1682,,,150.57645620079435,151,True,False,True,False,success,0.4742153286933899,,,ou_noise,0,604918,599919,599919,10.16116297166079,-85.65489686877523,,,
1684,1683,,,163.36918422339932,145,True,False,True,False,success,0.43771931529045105,,,ou_noise,0,605063,600064,600064,14.588342536728957,-85.35985854576374,,,
1685,1684,,,168.2931260535995,131,True,False,True,False,success,0.4876346290111542,,,ou_noise,0,605194,600195,600195,10.98289940557407,-85.66800841120363,,,
1686,1685,,,-170.97997710210916,1000,False,False,False,True,cutoff,5.056345462799072,,,ou_noise,0,606194,601195,601195,11.277634935975074,-85.8026139755249,,,
1687,1686,,,166.96819136150864,135,True,False,True,False,success,0.41090235114097595,,,ou_noise,0,606329,601330,601330,12.066296825585543,-85.68977921097367,,,
1688,1687,,,-197.76540299158773,1000,False,False,False,True,cutoff,4.498593330383301,,,ou_noise,0,607329,602330,602330,11.786299040317536,-85.90149494171142,,,
1689,1688,,,165.00750783552002,126,True,False,True,False,success,0.4815344214439392,,,ou_noise,0,607455,602456,602456,13.303765482372707,-86.00645713200645,,,
1690,1689,,,159.88543839022202,154,True,False,True,False,success,0.4890173077583313,,,ou_noise,0,607609,602610,602610,13.593017391570204,-85.94688063782532,,,
1691,1690,,,165.04496297704202,138,True,False,True,False,success,0.44036009907722473,,,ou_noise,0,607747,602748,602748,18.768372925295346,-85.82282152037689,,,
1692,1691,,,167.30639999528313,133,True,False,True,False,success,0.45775631070137024,,,ou_noise,0,607880,602881,602881,14.00843460219247,-85.84799854020427,,,
1693,1692,,,164.34164791486384,143,True,False,True,False,success,0.4474756419658661,,,ou_noise,0,608023,603024,603024,13.687080239916181,-85.94975755598162,,,
1694,1693,,,-225.5934058484309,1000,False,False,False,True,cutoff,8.336987495422363,,,ou_noise,0,609023,604024,604024,12.426226853132247,-85.9050311203003,,,
1695,1694,,,-205.79864340704194,1000,False,False,False,True,cutoff,7.779218673706055,,,ou_noise,0,610023,605024,605024,9.987304641842842,-86.02588346862792,,,
1696,1695,,,161.3998392835722,148,True,False,True,False,success,0.48530277609825134,,,ou_noise,0,610171,605172,605172,12.377824570681598,-85.9666205225764,,,
1697,1696,,,171.6316268124947,126,True,False,True,False,success,0.4219129681587219,,,ou_noise,0,610297,605298,605298,15.406826503693111,-86.08866391863141,,,
1698,1697,,,168.6592395631429,133,True,False,True,False,success,0.48192182183265686,,,ou_noise,0,610430,605431,605431,11.539809081787453,-85.81828440042366,,,
1699,1698,,,-77.05589425325822,126,False,True,True,False,collision,4.990796089172363,,,ou_noise,0,610556,605557,605557,17.032912242034126,-86.05112548101516,,,
1700,1699,,,166.00697514633714,137,True,False,True,False,success,0.4397429823875427,,,ou_noise,0,610693,605694,605694,13.763372181105789,-86.14537944932924,,,
1701,1700,,,166.1302800909677,135,True,False,True,False,success,0.4291546940803528,,,ou_noise,0,610828,605829,605829,9.254373626355772,-86.14254760742188,,,
1702,1701,,,-185.00236299061282,1000,False,False,False,True,cutoff,3.86910343170166,,,ou_noise,0,611828,606829,606829,12.416700743913651,-86.19922159576416,,,
1703,1702,,,164.8013635648639,146,True,False,True,False,success,0.4956362843513489,,,ou_noise,0,611974,606975,606975,11.314112562022798,-86.18705446426182,,,
1704,1703,,,-174.41302676104112,1000,False,False,False,True,cutoff,3.272012948989868,,,ou_noise,0,612974,607975,607975,12.435340881109237,-86.20088899230957,,,
1705,1704,,,-259.78629111495525,1000,False,False,False,True,cutoff,6.642785549163818,,,ou_noise,0,613974,608975,608975,11.8946483669281,-86.25872334289551,,,
1706,1705,,,166.1308085190804,137,True,False,True,False,success,0.4800912141799927,,,ou_noise,0,614111,609112,609112,14.390250288657029,-86.4125672500499,,,
1707,1706,,,166.66614935057493,137,True,False,True,False,success,0.4246056377887726,,,ou_noise,0,614248,609249,609249,11.017773450726141,-86.2436568545599,,,
1708,1707,,,160.1548241781635,150,True,False,True,False,success,0.4604335427284241,,,ou_noise,0,614398,609399,609399,12.701739207903545,-86.13674336751302,,,
1709,1708,,,165.37512871589382,138,True,False,True,False,success,0.49967536330223083,,,ou_noise,0,614536,609537,609537,13.232119507547738,-86.1207507589589,,,
1710,1709,,,160.24277801024016,153,True,False,True,False,success,0.44301897287368774,,,ou_noise,0,614689,609690,609690,12.2876702882106,-86.45182795306437,,,
1711,1710,,,-247.65036100807598,1000,False,False,False,True,cutoff,5.96293306350708,,,ou_noise,0,615689,610690,610690,13.380376579523087,-86.36660041809083,,,
1712,1711,,,-214.11192172652284,1000,False,False,False,True,cutoff,9.503096580505371,,,ou_noise,0,616689,611690,611690,13.035113936305047,-86.32396634674072,,,
1713,1712,,,137.11343789750256,221,True,False,True,False,success,0.48873472213745117,,,ou_noise,0,616910,611911,611911,13.336868832553673,-86.37795136740844,,,
1714,1713,,,164.93441558026328,140,True,False,True,False,success,0.44769856333732605,,,ou_noise,0,617050,612051,612051,16.302070562328613,-86.40147993905204,,,
1715,1714,,,159.4310261478392,154,True,False,True,False,success,0.4976329505443573,,,ou_noise,0,617204,612205,612205,10.5788839869685,-86.58931251624962,,,
1716,1715,,,-190.06085908341237,1000,False,False,False,True,cutoff,5.608159065246582,,,ou_noise,0,618204,613205,613205,10.967626677274705,-86.55475375366211,,,
1717,1716,,,158.47577397762285,160,True,False,True,False,success,0.43951207399368286,,,ou_noise,0,618364,613365,613365,11.88678071424365,-86.63926649093628,,,
1718,1717,,,93.00575196415005,440,True,False,True,False,success,0.4432404339313507,,,ou_noise,0,618804,613805,613805,11.873751129074531,-86.62242279052734,,,
1719,1718,,,-196.75439277407835,1000,False,False,False,True,cutoff,5.0744309425354,,,ou_noise,0,619804,614805,614805,11.946770462393761,-86.72107834625244,,,
1720,1719,,,-287.2385862582474,1000,False,False,False,True,cutoff,6.505303382873535,,,ou_noise,0,620804,615805,615805,9.863059647679329,-86.75644981384278,,,
1721,1720,,,-178.2981000038218,193,False,True,True,False,collision,10.283160209655762,,,ou_noise,0,620997,615998,615998,11.105281713095353,-86.78238381499453,,,
1722,1721,,,159.52581029318492,151,True,False,True,False,success,0.49976468086242676,,,ou_noise,0,621148,616149,616149,14.421670628699246,-86.85511779785156,,,
1723,1722,,,155.89751329857694,164,True,False,True,False,success,0.4519997835159302,,,ou_noise,0,621312,616313,616313,11.96661593710504,-86.83695188382777,,,
1724,1723,,,164.83899500471352,139,True,False,True,False,success,0.41313600540161133,,,ou_noise,0,621451,616452,616452,5.441386040166128,-87.1113665464113,,,
1725,1724,,,6.175880980465138,512,True,False,True,False,success,0.44036686420440674,,,ou_noise,0,621963,616964,616964,12.564678861061111,-86.927195250988,,,
1726,1725,,,-211.28830883531703,311,False,True,True,False,collision,9.161063194274902,,,ou_noise,0,622274,617275,617275,15.97257421484331,-86.8894942795732,,,
1727,1726,,,-278.7662952098759,415,False,True,True,False,collision,9.537205696105957,,,ou_noise,0,622689,617690,617690,12.2250383779227,-87.01866280429334,,,
1728,1727,,,-265.3600844171996,412,False,True,True,False,collision,9.316971778869629,,,ou_noise,0,623101,618102,618102,11.810622383957927,-87.00388541730862,,,
1729,1728,,,169.9233213681547,120,True,False,True,False,success,0.4508054554462433,,,ou_noise,0,623221,618222,618222,13.830434226989746,-86.91805953979492,,,
1730,1729,,,-171.27909347678053,195,False,True,True,False,collision,9.250409126281738,,,ou_noise,0,623416,618417,618417,14.283323129018148,-87.18671342898638,,,
1731,1730,,,-183.46637347114853,235,False,True,True,False,collision,8.841236114501953,,,ou_noise,0,623651,618652,618652,9.510758422283416,-87.24263890043218,,,
1732,1731,,,-303.27022393642505,422,False,True,True,False,collision,9.52032470703125,,,ou_noise,0,624073,619074,619074,12.708529194949362,-87.27631669247884,,,
1733,1732,,,-119.03673470193044,68,False,True,True,False,collision,9.66975212097168,,,ou_noise,0,624141,619142,619142,12.573659041348625,-87.32910279666676,,,
1734,1733,,,-120.71991310554273,80,False,True,True,False,collision,9.547552108764648,,,ou_noise,0,624221,619222,619222,14.939136363565922,-87.51172075271606,,,
1735,1734,,,-174.07295549968495,216,False,True,True,False,collision,8.780949592590332,,,ou_noise,0,624437,619438,619438,11.969451588613016,-87.1919196093524,,,
1736,1735,,,-117.24775943548072,54,False,True,True,False,collision,9.847334861755371,,,ou_noise,0,624491,619492,619492,5.0863381955358715,-87.26418064258716,,,
1737,1736,,,-112.61731164734452,50,False,True,True,False,collision,9.65842342376709,,,ou_noise,0,624541,619542,619542,23.89730518579483,-87.30130126953125,,,
1738,1737,,,-74.34585443152375,46,False,True,True,False,collision,6.875524997711182,,,ou_noise,0,624587,619588,619588,17.834709113058835,-87.43019352788511,,,
1739,1738,,,-110.26490095977483,54,False,True,True,False,collision,9.592938423156738,,,ou_noise,0,624641,619642,619642,22.57756492826674,-87.63460018016674,,,
1740,1739,,,-141.2916325457849,135,False,True,True,False,collision,8.920831680297852,,,ou_noise,0,624776,619777,619777,15.231405644946628,-87.39428920039424,,,
1741,1740,,,-126.69889908310368,73,False,True,True,False,collision,9.695551872253418,,,ou_noise,0,624849,619850,619850,9.481406358823385,-87.39468143410879,,,
1742,1741,,,-92.47449177311431,40,False,True,True,False,collision,8.513139724731445,,,ou_noise,0,624889,619890,619890,15.602049380540848,-87.33630752563477,,,
1743,1742,,,-99.40604991633546,31,False,True,True,False,collision,9.414895057678223,,,ou_noise,0,624920,619921,619921,19.509822249412537,-87.20037817185924,,,
1744,1743,,,-394.79002946713456,830,False,True,True,False,collision,10.33278751373291,,,ou_noise,0,625750,620751,620751,17.641588292208063,-87.4306899564812,,,
1745,1744,,,-161.66423494144388,168,False,True,True,False,collision,9.585165023803711,,,ou_noise,0,625918,620919,620919,21.57072770311719,-87.49151602245513,,,
1746,1745,,,-359.8645423065911,1000,False,False,False,True,cutoff,7.850243091583252,,,ou_noise,0,626918,621919,621919,15.202166117548943,-87.60464019012451,,,
1747,1746,,,-41.53472795526446,693,True,False,True,False,success,0.4416724443435669,,,ou_noise,0,627611,622612,622612,15.732779743179442,-87.74215796224311,,,
1748,1747,,,-385.5450920005102,1000,False,False,False,True,cutoff,8.036698341369629,,,ou_noise,0,628611,623612,623612,16.142335195660593,-87.90101775360107,,,
1749,1748,,,169.66883202992562,125,True,False,True,False,success,0.4585863947868347,,,ou_noise,0,628736,623737,623737,12.323385004997254,-87.99287420654296,,,
1750,1749,,,169.75638706476084,128,True,False,True,False,success,0.49364855885505676,,,ou_noise,0,628864,623865,623865,11.938869667239487,-87.75720775127411,,,
1751,1750,,,172.51977043177087,118,True,False,True,False,success,0.4927758574485779,,,ou_noise,0,628982,623983,623983,8.342796538845967,-88.03336347159693,,,
1752,1751,,,-105.05728626652403,61,False,True,True,False,collision,8.896425247192383,,,ou_noise,0,629043,624044,624044,17.582626514747496,-87.74536057769275,,,
1753,1752,,,-367.68634050182817,1000,False,False,False,True,cutoff,7.071599006652832,,,ou_noise,0,630043,625044,625044,14.23695139169693,-87.91519640350342,,,
1754,1753,,,-307.6788121688317,615,False,True,True,False,collision,9.015547752380371,,,ou_noise,0,630658,625659,625659,14.513048349163396,-87.9857934843234,,,
1755,1754,,,-249.56420561265676,737,False,True,True,False,collision,4.344301700592041,,,ou_noise,0,631395,626396,626396,15.101176769309646,-88.00047685268615,,,
1756,1755,,,127.59215259717715,224,True,False,True,False,success,0.45203930139541626,,,ou_noise,0,631619,626620,626620,12.86678542249969,-88.07673730169024,,,
1757,1756,,,-348.228474191634,1000,False,False,False,True,cutoff,8.453845024108887,,,ou_noise,0,632619,627620,627620,16.070759992599488,-88.05082628631592,,,
1758,1757,,,88.10866534707951,344,True,False,True,False,success,0.4662081003189087,,,ou_noise,0,632963,627964,627964,12.76235231237356,-88.09242075543071,,,
1759,1758,,,159.21715492435126,153,True,False,True,False,success,0.4507124423980713,,,ou_noise,0,633116,628117,628117,18.424857373331108,-87.8403826944189,,,
1760,1759,,,-128.59842241044075,362,False,True,True,False,collision,3.9775195121765137,,,ou_noise,0,633478,628479,628479,15.440637287184678,-88.14596456453945,,,
1761,1760,,,-74.03439769083283,176,False,True,True,False,collision,2.5164010524749756,,,ou_noise,0,633654,628655,628655,14.749984355812723,-88.07147771661931,,,
1762,1761,,,156.97058297426875,166,True,False,True,False,success,0.43291810154914856,,,ou_noise,0,633820,628821,628821,18.24168145584773,-88.07617454069207,,,
1763,1762,,,105.2582703994026,369,True,False,True,False,success,0.4126332402229309,,,ou_noise,0,634189,629190,629190,18.017362884389676,-88.1220428756259,,,
1764,1763,,,-387.50997584790235,1000,False,False,False,True,cutoff,7.479340076446533,,,ou_noise,0,635189,630190,630190,16.762556700110437,-88.14951766967773,,,
1765,1764,,,159.27257990111445,144,True,False,True,False,success,0.46678024530410767,,,ou_noise,0,635333,630334,630334,13.60067134267754,-88.24260542127821,,,
1766,1765,,,166.09250642010824,131,True,False,True,False,success,0.43678122758865356,,,ou_noise,0,635464,630465,630465,8.520650466889826,-88.084977885239,,,
1767,1766,,,157.12013890929464,152,True,False,True,False,success,0.44274839758872986,,,ou_noise,0,635616,630617,630617,16.321530065254162,-88.30241675125926,,,
1768,1767,,,161.99766856053006,152,True,False,True,False,success,0.48885461688041687,,,ou_noise,0,635768,630769,630769,23.041894738611422,-88.08444344369988,,,
1769,1768,,,151.23442121354987,184,True,False,True,False,success,0.4897620677947998,,,ou_noise,0,635952,630953,630953,19.66191899906034,-88.19516007796578,,,
1770,1769,,,164.15220527721658,140,True,False,True,False,success,0.43174585700035095,,,ou_noise,0,636092,631093,631093,12.74342613049916,-88.26604287283762,,,
1771,1770,,,167.20767187329784,135,True,False,True,False,success,0.4599435329437256,,,ou_noise,0,636227,631228,631228,13.052928495407105,-88.23836449517144,,,
1772,1771,,,131.56786584994413,264,True,False,True,False,success,0.4867514669895172,,,ou_noise,0,636491,631492,631492,16.067896644274395,-88.16239593968247,,,
1773,1772,,,162.01323171129152,145,True,False,True,False,success,0.4494965672492981,,,ou_noise,0,636636,631637,631637,13.136897214527789,-88.16207570043103,,,
1774,1773,,,171.72103939473567,124,True,False,True,False,success,0.4893515706062317,,,ou_noise,0,636760,631761,631761,13.047410079548436,-88.15177634454542,,,
1775,1774,,,170.71498573702894,124,True,False,True,False,success,0.4973050355911255,,,ou_noise,0,636884,631885,631885,15.764921555596013,-88.2147790847286,,,
1776,1775,,,159.73186680688335,146,True,False,True,False,success,0.47885662317276,,,ou_noise,0,637030,632031,632031,12.74741007938777,-88.2353692250709,,,
1777,1776,,,163.6412277908196,138,True,False,True,False,success,0.4979185163974762,,,ou_noise,0,637168,632169,632169,12.552290822284808,-88.42095449696417,,,
1778,1777,,,-178.17509490129387,355,False,True,True,False,collision,8.317992210388184,,,ou_noise,0,637523,632524,632524,16.306000378098286,-88.22010018791951,,,
1779,1778,,,164.75461114801038,136,True,False,True,False,success,0.45266056060791016,,,ou_noise,0,637659,632660,632660,16.193338065462953,-88.36826975205365,,,
1780,1779,,,-310.65954935150006,1000,False,False,False,True,cutoff,8.587159156799316,,,ou_noise,0,638659,633660,633660,13.750270358085633,-88.31489349365235,,,
1781,1780,,,169.047080148799,131,True,False,True,False,success,0.48705512285232544,,,ou_noise,0,638790,633791,633791,16.174024588279142,-88.35375102967707,,,
1782,1781,,,159.09206501258075,146,True,False,True,False,success,0.4326361119747162,,,ou_noise,0,638936,633937,633937,12.392965109380958,-88.49936717830292,,,
1783,1782,,,166.33853284374177,135,True,False,True,False,success,0.4871548116207123,,,ou_noise,0,639071,634072,634072,14.268089732417353,-88.36639924225983,,,
1784,1783,,,169.92112929372098,123,True,False,True,False,success,0.4535881578922272,,,ou_noise,0,639194,634195,634195,16.513030523207128,-88.44229144584841,,,
1785,1784,,,163.205772960603,139,True,False,True,False,success,0.48647168278694153,,,ou_noise,0,639333,634334,634334,13.316789824327977,-88.22683155965461,,,
1786,1785,,,117.22447041312661,258,True,False,True,False,success,0.47578924894332886,,,ou_noise,0,639591,634592,634592,12.458626311878826,-88.49304539288661,,,
1787,1786,,,163.32367321772566,138,True,False,True,False,success,0.4957026243209839,,,ou_noise,0,639729,634730,634730,15.393135992513187,-88.46767552693684,,,
1788,1787,,,6.439908807752772,503,True,False,True,False,success,0.4489482343196869,,,ou_noise,0,640232,635233,635233,14.71331843561965,-88.4851570508589,,,
1789,1788,,,-137.53283802776295,363,False,True,True,False,collision,2.6419026851654053,,,ou_noise,0,640595,635596,635596,13.032158403028799,-88.47157340141696,,,
1790,1789,,,163.9388218089714,135,True,False,True,False,success,0.4354666471481323,,,ou_noise,0,640730,635731,635731,19.245847599594683,-88.45041097005209,,,
1791,1790,,,157.48448316844383,157,True,False,True,False,success,0.4692718982696533,,,ou_noise,0,640887,635888,635888,8.907472766129075,-88.43304783523462,,,
1792,1791,,,136.3263542375035,201,True,False,True,False,success,0.4592386484146118,,,ou_noise,0,641088,636089,636089,14.923058027058692,-88.33024730018123,,,
1793,1792,,,164.90315992240582,132,True,False,True,False,success,0.47809213399887085,,,ou_noise,0,641220,636221,636221,16.125249197085697,-88.56764648899888,,,
1794,1793,,,162.18623479674577,148,True,False,True,False,success,0.4343222379684448,,,ou_noise,0,641368,636369,636369,25.763090629835386,-88.56397128749538,,,
1795,1794,,,168.7901553843278,135,True,False,True,False,success,0.42473137378692627,,,ou_noise,0,641503,636504,636504,18.695552672280204,-88.48711581759983,,,
1796,1795,,,154.5515547049945,157,True,False,True,False,success,0.46735572814941406,,,ou_noise,0,641660,636661,636661,16.50194544549201,-88.5202414154247,,,
1797,1796,,,164.75570087386217,139,True,False,True,False,success,0.43571335077285767,,,ou_noise,0,641799,636800,636800,20.992240729091836,-88.39395888074696,,,
1798,1797,,,171.86116486926153,113,True,False,True,False,success,0.4788866639137268,,,ou_noise,0,641912,636913,636913,20.34220741702392,-88.57262879768304,,,
1799,1798,,,67.91329570253153,499,True,False,True,False,success,0.4709499776363373,,,ou_noise,0,642411,637412,637412,18.566258925235342,-88.56287325933606,,,
1800,1799,,,-4.236101974503029,809,True,False,True,False,success,0.4962277114391327,,,ou_noise,0,643220,638221,638221,14.487049532761826,-88.61236567550301,,,
1801,1800,,,167.63014843886714,134,True,False,True,False,success,0.4296484887599945,,,ou_noise,0,643354,638355,638355,9.38476425320355,-88.68325862599842,,,
1802,1801,,,-205.65205637185377,1000,False,False,False,True,cutoff,7.194529056549072,,,ou_noise,0,644354,639355,639355,13.637728482365608,-88.67782389831542,,,
1803,1802,,,-145.5280887991104,324,False,True,True,False,collision,6.772723197937012,,,ou_noise,0,644678,639679,639679,15.176107598307691,-88.67188444255311,,,
1804,1803,,,171.29864525449386,117,True,False,True,False,success,0.49884170293807983,,,ou_noise,0,644795,639796,639796,20.3462954983752,-88.96106491740952,,,
1805,1804,,,157.97743268695876,146,True,False,True,False,success,0.4538410007953644,,,ou_noise,0,644941,639942,639942,19.27455414076374,-88.71580583755284,,,
1806,1805,,,163.10788110839542,143,True,False,True,False,success,0.4600241482257843,,,ou_noise,0,645084,640085,640085,17.100169865401476,-88.69839045384548,,,
1807,1806,,,160.43243826580783,144,True,False,True,False,success,0.4340258538722992,,,ou_noise,0,645228,640229,640229,13.917407669126987,-88.60907740063138,,,
1808,1807,,,167.29350266729506,128,True,False,True,False,success,0.49764201045036316,,,ou_noise,0,645356,640357,640357,17.097161952406168,-88.62949061393738,,,
1809,1808,,,171.45732750968438,120,True,False,True,False,success,0.49791133403778076,,,ou_noise,0,645476,640477,640477,20.044970082243285,-88.84468065897623,,,
1810,1809,,,166.12285036660353,137,True,False,True,False,success,0.4560333788394928,,,ou_noise,0,645613,640614,640614,15.150115985939973,-88.77375141895601,,,
1811,1810,,,172.72815860194063,125,True,False,True,False,success,0.40690112113952637,,,ou_noise,0,645738,640739,640739,12.146844793319703,-88.87187939453125,,,
1812,1811,,,166.6555540436818,133,True,False,True,False,success,0.4419400990009308,,,ou_noise,0,645871,640872,640872,13.720150131928293,-88.62339994961158,,,
1813,1812,,,168.52602508242626,132,True,False,True,False,success,0.45373526215553284,,,ou_noise,0,646003,641004,641004,16.158131256248012,-88.83530790155584,,,
1814,1813,,,146.8564568173146,174,True,False,True,False,success,0.4506700932979584,,,ou_noise,0,646177,641178,641178,17.41095421985648,-88.65810999377021,,,
1815,1814,,,-194.87689440121815,1000,False,False,False,True,cutoff,4.936623573303223,,,ou_noise,0,647177,642178,642178,15.344074900627136,-88.79755438232422,,,
1816,1815,,,162.1568157277269,141,True,False,True,False,success,0.45113950967788696,,,ou_noise,0,647318,642319,642319,13.752200290666405,-88.90227367861051,,,
1817,1816,,,163.271354040069,134,True,False,True,False,success,0.493606835603714,,,ou_noise,0,647452,642453,642453,19.736553220606563,-88.59858908582089,,,
1818,1817,,,172.185716741682,123,True,False,True,False,success,0.4964042901992798,,,ou_noise,0,647575,642576,642576,13.28166364654293,-88.85182661351149,,,
1819,1818,,,172.89336030668755,118,True,False,True,False,success,0.43043553829193115,,,ou_noise,0,647693,642694,642694,14.050274215512356,-88.91791786581783,,,
1820,1819,,,160.64356043502156,148,True,False,True,False,success,0.4757162034511566,,,ou_noise,0,647841,642842,642842,12.525531858205795,-88.91794560406659,,,
1821,1820,,,155.73443291140111,158,True,False,True,False,success,0.49728938937187195,,,ou_noise,0,647999,643000,643000,20.824840255930454,-88.88835506197772,,,
1822,1821,,,-78.090881289634,182,False,True,True,False,collision,2.975493907928467,,,ou_noise,0,648181,643182,643182,14.349474386854487,-88.96725950136289,,,
1823,1822,,,164.47126695318786,141,True,False,True,False,success,0.47008562088012695,,,ou_noise,0,648322,643323,643323,17.533950827645917,-88.89864084230247,,,
1824,1823,,,151.8246343629039,170,True,False,True,False,success,0.4273180365562439,,,ou_noise,0,648492,643493,643493,12.631098226939931,-89.07696627448587,,,
1825,1824,,,160.19312148890685,145,True,False,True,False,success,0.49325382709503174,,,ou_noise,0,648637,643638,643638,16.049655370054573,-89.03507422085465,,,
1826,1825,,,170.536065040511,126,True,False,True,False,success,0.43631061911582947,,,ou_noise,0,648763,643764,643764,13.980487378816756,-89.1594508337596,,,
1827,1826,,,170.40709954476986,120,True,False,True,False,success,0.4945933222770691,,,ou_noise,0,648883,643884,643884,12.97897938589255,-88.8519391377767,,,
1828,1827,,,133.95573716433194,205,True,False,True,False,success,0.47431665658950806,,,ou_noise,0,649088,644089,644089,15.176289854398588,-88.91204539973562,,,
1829,1828,,,162.68536103894837,163,True,False,True,False,success,0.41088369488716125,,,ou_noise,0,649251,644252,644252,13.756343137267177,-88.94984094350616,,,
1830,1829,,,171.60966368579182,123,True,False,True,False,success,0.47262948751449585,,,ou_noise,0,649374,644375,644375,14.796026222104949,-88.94653097013148,,,
1831,1830,,,170.13137844886867,122,True,False,True,False,success,0.46257686614990234,,,ou_noise,0,649496,644497,644497,15.697983009893386,-89.01146610447618,,,
1832,1831,,,174.38482617430037,112,True,False,True,False,success,0.43518397212028503,,,ou_noise,0,649608,644609,644609,14.919620330844607,-88.92417110715594,,,
1833,1832,,,162.04873669136035,141,True,False,True,False,success,0.49308520555496216,,,ou_noise,0,649749,644750,644750,16.63872335565851,-89.23398384473002,,,
1834,1833,,,159.49226014039328,141,True,False,True,False,success,0.4602155089378357,,,ou_noise,0,649890,644891,644891,17.781397971701114,-88.99978632284395,,,
1835,1834,,,169.38993193205516,131,True,False,True,False,success,0.46172189712524414,,,ou_noise,0,650021,645022,645022,14.987333334129275,-89.11209036557729,,,
1836,1835,,,161.377421434199,134,True,False,True,False,success,0.4890594184398651,,,ou_noise,0,650155,645156,645156,18.68357081911457,-89.03905783126604,,,
1837,1836,,,168.1911881721038,130,True,False,True,False,success,0.4920273721218109,,,ou_noise,0,650285,645286,645286,14.502553009986878,-89.21080492459811,,,
1838,1837,,,164.31477583354945,138,True,False,True,False,success,0.4159611165523529,,,ou_noise,0,650423,645424,645424,13.789042485796887,-88.99248720251995,,,
1839,1838,,,160.38832747256453,150,True,False,True,False,success,0.49896565079689026,,,ou_noise,0,650573,645574,645574,8.53028718551,-89.07175827026367,,,
1840,1839,,,169.94859179429687,125,True,False,True,False,success,0.47345760464668274,,,ou_noise,0,650698,645699,645699,9.13557444858551,-89.22326281738282,,,
1841,1840,,,175.42931114124292,110,True,False,True,False,success,0.4146469533443451,,,ou_noise,0,650808,645809,645809,23.106529718095604,-88.94914210926403,,,
1842,1841,,,168.26945286098308,127,True,False,True,False,success,0.4923272132873535,,,ou_noise,0,650935,645936,645936,15.44241563260086,-88.98295070618157,,,
1843,1842,,,169.12713991450357,123,True,False,True,False,success,0.43800315260887146,,,ou_noise,0,651058,646059,646059,15.548151877837453,-88.99175250045653,,,
1844,1843,,,169.92116925805794,124,True,False,True,False,success,0.4455370306968689,,,ou_noise,0,651182,646183,646183,9.313670990928527,-89.07698243664157,,,
1845,1844,,,-229.20792618084855,1000,False,False,False,True,cutoff,6.411055564880371,,,ou_noise,0,652182,647183,647183,13.664174500584602,-89.07298920440674,,,
1846,1845,,,164.58842079534026,134,True,False,True,False,success,0.4592088758945465,,,ou_noise,0,652316,647317,647317,11.75942883651648,-89.18714716897082,,,
1847,1846,,,172.55137036256517,122,True,False,True,False,success,0.45070114731788635,,,ou_noise,0,652438,647439,647439,20.850290386403195,-88.98393249511719,,,
1848,1847,,,168.04213856914595,124,True,False,True,False,success,0.49409690499305725,,,ou_noise,0,652562,647563,647563,14.827474934439506,-88.9781670724192,,,
1849,1848,,,164.26404928491814,135,True,False,True,False,success,0.42165496945381165,,,ou_noise,0,652697,647698,647698,11.886946022069013,-89.11100373444734,,,
1850,1849,,,-29.624986154948402,928,True,False,True,False,success,0.4791561961174011,,,ou_noise,0,653625,648626,648626,14.43206955312655,-89.16265471228238,,,
1851,1850,,,161.05647261871596,146,True,False,True,False,success,0.4282856583595276,,,ou_noise,0,653771,648772,648772,11.67543132664406,-89.34848278515959,,,
1852,1851,,,163.25680653018716,138,True,False,True,False,success,0.47187215089797974,,,ou_noise,0,653909,648910,648910,17.295932721400607,-89.22577556665392,,,
1853,1852,,,165.35496076443607,136,True,False,True,False,success,0.4217614531517029,,,ou_noise,0,654045,649046,649046,9.747706268640126,-89.14490194881664,,,
1854,1853,,,157.21438180684325,142,True,False,True,False,success,0.47196683287620544,,,ou_noise,0,654187,649188,649188,16.897385074219233,-89.21650497006698,,,
1855,1854,,,166.22182137884414,132,True,False,True,False,success,0.47686392068862915,,,ou_noise,0,654319,649320,649320,9.892359390403286,-89.62456853461988,,,
1856,1855,,,161.0553090194343,157,True,False,True,False,success,0.4035455584526062,,,ou_noise,0,654476,649477,649477,12.342672839286221,-89.5047985004012,,,
1857,1856,,,168.42273362740482,126,True,False,True,False,success,0.47020354866981506,,,ou_noise,0,654602,649603,649603,14.892475151826465,-89.56075135488359,,,
1858,1857,,,172.29492657253866,119,True,False,True,False,success,0.4055074155330658,,,ou_noise,0,654721,649722,649722,8.707833440363908,-89.2034816581662,,,
1859,1858,,,162.58293105017617,141,True,False,True,False,success,0.44468122720718384,,,ou_noise,0,654862,649863,649863,15.665326411842454,-89.31979445870041,,,
1860,1859,,,168.75495849794368,125,True,False,True,False,success,0.4566461145877838,,,ou_noise,0,654987,649988,649988,8.128002355575562,-89.55793286132813,,,
1861,1860,,,-257.3673970518623,1000,False,False,False,True,cutoff,3.013547897338867,,,ou_noise,0,655987,650988,650988,14.818251548647881,-89.45794496917725,,,
1862,1861,,,166.8571250542654,131,True,False,True,False,success,0.46452459692955017,,,ou_noise,0,656118,651119,651119,18.248330876117443,-89.4819426208962,,,
1863,1862,,,-92.28308184889619,42,False,True,True,False,collision,8.329839706420898,,,ou_noise,0,656160,651161,651161,9.367775769460769,-89.26255743844169,,,
1864,1863,,,-270.26124554160026,1000,False,False,False,True,cutoff,5.5936455726623535,,,ou_noise,0,657160,652161,652161,13.965996928334237,-89.356771194458,,,
1865,1864,,,-274.07012132903316,1000,False,False,False,True,cutoff,7.420628547668457,,,ou_noise,0,658160,653161,653161,14.754352456450462,-89.31433464813233,,,
1866,1865,,,168.95256003205756,130,True,False,True,False,success,0.42413055896759033,,,ou_noise,0,658290,653291,653291,11.057044528997862,-89.42735490065354,,,
1867,1866,,,167.80865183354487,124,True,False,True,False,success,0.4938954710960388,,,ou_noise,0,658414,653415,653415,14.99976358202196,-89.37459884151336,,,
1868,1867,,,-268.6431614898393,1000,False,False,False,True,cutoff,5.317012310028076,,,ou_noise,0,659414,654415,654415,14.547912123560906,-89.38718499755859,,,
1869,1868,,,162.06021668404307,145,True,False,True,False,success,0.4402524530887604,,,ou_noise,0,659559,654560,654560,13.739499305034506,-89.14610779860924,,,
1870,1869,,,163.8130656143051,134,True,False,True,False,success,0.4809475243091583,,,ou_noise,0,659693,654694,654694,19.198163996881515,-89.37601584818826,,,
1871,1870,,,149.19503288781445,170,True,False,True,False,success,0.4834737777709961,,,ou_noise,0,659863,654864,654864,24.646720687080833,-89.28076777738683,,,
1872,1871,,,166.60556442263396,134,True,False,True,False,success,0.4709472060203552,,,ou_noise,0,659997,654998,654998,21.585523757471968,-89.307293564526,,,
1873,1872,,,163.43904722845576,141,True,False,True,False,success,0.41663336753845215,,,ou_noise,0,660138,655139,655139,18.559713628275176,-89.32871316679827,,,
1874,1873,,,162.1702038764492,142,True,False,True,False,success,0.46694839000701904,,,ou_noise,0,660280,655281,655281,11.244469660268702,-89.0373248248033,,,
1875,1874,,,-314.75058359937157,797,False,True,True,False,collision,7.180914402008057,,,ou_noise,0,661077,656078,656078,15.335708235557584,-89.23575996963712,,,
1876,1875,,,144.96508481921407,190,True,False,True,False,success,0.4378771483898163,,,ou_noise,0,661267,656268,656268,13.85028306434029,-89.07109045731394,,,
1877,1876,,,167.0180557362395,130,True,False,True,False,success,0.4577135443687439,,,ou_noise,0,661397,656398,656398,18.015691295036902,-89.1873779296875,,,
1878,1877,,,157.47047050368317,147,True,False,True,False,success,0.4840058982372284,,,ou_noise,0,661544,656545,656545,12.609200970656207,-89.18922678629558,,,
1879,1878,,,169.1664165228156,124,True,False,True,False,success,0.4539734423160553,,,ou_noise,0,661668,656669,656669,17.605655288504018,-89.09325833474436,,,
1880,1879,,,166.31463307673525,129,True,False,True,False,success,0.49272891879081726,,,ou_noise,0,661797,656798,656798,12.950686031533767,-89.13973703310471,,,
1881,1880,,,-243.73404041982621,1000,False,False,False,True,cutoff,6.700047969818115,,,ou_noise,0,662797,657798,657798,16.54437920475006,-89.2549368057251,,,
1882,1881,,,164.35036445187495,132,True,False,True,False,success,0.4680556654930115,,,ou_noise,0,662929,657930,657930,14.032439266190384,-89.17659406950979,,,
1883,1882,,,161.01501370268284,139,True,False,True,False,success,0.48861438035964966,,,ou_noise,0,663068,658069,658069,22.630031491355073,-89.27411948005073,,,
1884,1883,,,168.98026141126317,132,True,False,True,False,success,0.46079182624816895,,,ou_noise,0,663200,658201,658201,15.335929204117168,-89.38577241608591,,,
1885,1884,,,140.9770578602472,198,True,False,True,False,success,0.46013379096984863,,,ou_noise,0,663398,658399,658399,10.572741940768077,-89.516171156758,,,
1886,1885,,,-21.531126866201035,739,True,False,True,False,success,0.4912264347076416,,,ou_noise,0,664137,659138,659138,14.49652640229149,-89.35280114613947,,,
1887,1886,,,162.53473430564853,141,True,False,True,False,success,0.48360785841941833,,,ou_noise,0,664278,659279,659279,8.129457300436412,-89.48583194380956,,,
1888,1887,,,169.189868977523,131,True,False,True,False,success,0.43737438321113586,,,ou_noise,0,664409,659410,659410,8.319412724662373,-89.44266370234598,,,
1889,1888,,,171.80621392946603,126,True,False,True,False,success,0.414230078458786,,,ou_noise,0,664535,659536,659536,14.056340054860192,-89.44590474688817,,,
1890,1889,,,155.04747709214672,158,True,False,True,False,success,0.45675137639045715,,,ou_noise,0,664693,659694,659694,15.419575598420977,-89.48698029337051,,,
1891,1890,,,-93.02936407930827,47,False,True,True,False,collision,8.175118446350098,,,ou_noise,0,664740,659741,659741,15.795100752343522,-89.35100977471534,,,
1892,1891,,,-220.05908552437734,1000,False,False,False,True,cutoff,9.095059394836426,,,ou_noise,0,665740,660741,660741,12.050410604357719,-89.42490990447997,,,
1893,1892,,,160.6900766031119,150,True,False,True,False,success,0.4943520426750183,,,ou_noise,0,665890,660891,660891,17.23466091632843,-89.30915506998699,,,
1894,1893,,,163.95057658132959,145,True,False,True,False,success,0.48756468296051025,,,ou_noise,0,666035,661036,661036,12.553703582697901,-89.22352710592335,,,
1895,1894,,,-227.3913353571329,1000,False,False,False,True,cutoff,6.92108154296875,,,ou_noise,0,667035,662036,662036,12.943889292478561,-89.40117356872558,,,
1896,1895,,,153.16778930295357,167,True,False,True,False,success,0.439895361661911,,,ou_noise,0,667202,662203,662203,13.044359075095125,-89.38580367950622,,,
1897,1896,,,173.28069708547076,114,True,False,True,False,success,0.4381757080554962,,,ou_noise,0,667316,662317,662317,22.115134121033183,-89.2257434108801,,,
1898,1897,,,167.4254520056242,127,True,False,True,False,success,0.40894439816474915,,,ou_noise,0,667443,662444,662444,12.604377449028135,-89.34237052136518,,,
1899,1898,,,161.9857478894546,153,True,False,True,False,success,0.49950259923934937,,,ou_noise,0,667596,662597,662597,12.265143384341322,-89.27407068988077,,,
1900,1899,,,170.19330563296265,118,True,False,True,False,success,0.4888383746147156,,,ou_noise,0,667714,662715,662715,19.379877110659066,-89.3602482423944,,,
1901,1900,,,168.04082749676888,126,True,False,True,False,success,0.4513452649116516,,,ou_noise,0,667840,662841,662841,13.336343895821344,-89.29101144699823,,,
1902,1901,,,166.53663215814137,133,True,False,True,False,success,0.4838668704032898,,,ou_noise,0,667973,662974,662974,12.209498085473713,-89.21676050630727,,,
1903,1902,,,173.54624358829147,113,True,False,True,False,success,0.4918500483036041,,,ou_noise,0,668086,663087,663087,16.783027471694272,-89.43555133110654,,,
1904,1903,,,169.93498368598506,120,True,False,True,False,success,0.45534414052963257,,,ou_noise,0,668206,663207,663207,12.153035102287928,-89.22972145080567,,,
1905,1904,,,106.06756660930775,336,True,False,True,False,success,0.49542883038520813,,,ou_noise,0,668542,663543,663543,12.908509283548309,-89.47316153844197,,,
1906,1905,,,156.63192582237545,149,True,False,True,False,success,0.46359527111053467,,,ou_noise,0,668691,663692,663692,11.773382351702491,-89.54852689192599,,,
1907,1906,,,158.33864407181227,152,True,False,True,False,success,0.41490694880485535,,,ou_noise,0,668843,663844,663844,14.631391072743817,-89.38067280618768,,,
1908,1907,,,167.43663344592454,132,True,False,True,False,success,0.4623739421367645,,,ou_noise,0,668975,663976,663976,9.299809869491693,-89.38231121410023,,,
1909,1908,,,152.1804613383694,168,True,False,True,False,success,0.47229617834091187,,,ou_noise,0,669143,664144,664144,11.851471641943569,-89.36641456967308,,,
1910,1909,,,169.66787153132947,122,True,False,True,False,success,0.47183921933174133,,,ou_noise,0,669265,664266,664266,15.278253440974188,-89.44917040965596,,,
1911,1910,,,124.70951575907667,276,True,False,True,False,success,0.4877505898475647,,,ou_noise,0,669541,664542,664542,10.167262599951979,-89.54941553309344,,,
1912,1911,,,162.25223234654652,142,True,False,True,False,success,0.454889714717865,,,ou_noise,0,669683,664684,664684,11.149078833385252,-89.58117579070615,,,
1913,1912,,,169.2918964770625,125,True,False,True,False,success,0.46163350343704224,,,ou_noise,0,669808,664809,664809,14.552577010154724,-89.53394598388672,,,
1914,1913,,,157.2765081551467,160,True,False,True,False,success,0.47636210918426514,,,ou_noise,0,669968,664969,664969,14.172494113445282,-89.4474515914917,,,
1915,1914,,,160.35764135775398,149,True,False,True,False,success,0.49300599098205566,,,ou_noise,0,670117,665118,665118,16.669990272329958,-89.63154125853673,,,
1916,1915,,,164.59951360532222,136,True,False,True,False,success,0.42209765315055847,,,ou_noise,0,670253,665254,665254,14.662161886692047,-89.60659251493566,,,
1917,1916,,,168.6332755525438,125,True,False,True,False,success,0.4089484214782715,,,ou_noise,0,670378,665379,665379,8.721292541503907,-89.55261547851562,,,
1918,1917,,,167.51204195373842,129,True,False,True,False,success,0.47461768984794617,,,ou_noise,0,670507,665508,665508,9.590641648270363,-89.55945918356726,,,
1919,1918,,,159.30185035801534,146,True,False,True,False,success,0.48689454793930054,,,ou_noise,0,670653,665654,665654,14.356893557391755,-89.65447621802761,,,
1920,1919,,,168.84880563701216,121,True,False,True,False,success,0.4985467791557312,,,ou_noise,0,670774,665775,665775,14.82794212014222,-89.4745305589408,,,
1921,1920,,,166.75259087364014,129,True,False,True,False,success,0.427887886762619,,,ou_noise,0,670903,665904,665904,24.236860616262568,-89.3774853491968,,,
1922,1921,,,165.39203964238655,132,True,False,True,False,success,0.47008460760116577,,,ou_noise,0,671035,666036,666036,14.607571518782413,-89.8005002339681,,,
1923,1922,,,154.4167157730818,161,True,False,True,False,success,0.4713557958602905,,,ou_noise,0,671196,666197,666197,13.46509920143933,-89.59911479120669,,,
1924,1923,,,150.9171612168784,178,True,False,True,False,success,0.4807584285736084,,,ou_noise,0,671374,666375,666375,9.344436073571108,-89.47143001770705,,,
1925,1924,,,-216.56910636259477,1000,False,False,False,True,cutoff,6.765782356262207,,,ou_noise,0,672374,667375,667375,12.744168492674827,-89.64595236968994,,,
1926,1925,,,159.50359201115208,142,True,False,True,False,success,0.47073808312416077,,,ou_noise,0,672516,667517,667517,19.37578427959496,-89.73960586332939,,,
1927,1926,,,155.34980722845194,158,True,False,True,False,success,0.4036461114883423,,,ou_noise,0,672674,667675,667675,13.89876536704317,-89.71559191353714,,,
1928,1927,,,-27.677701270377185,701,True,False,True,False,success,0.4665584862232208,,,ou_noise,0,673375,668376,668376,14.20486420401493,-89.68198941131462,,,
1929,1928,,,162.45040973755815,150,True,False,True,False,success,0.478335440158844,,,ou_noise,0,673525,668526,668526,15.02901730855306,-89.61895177205403,,,
1930,1929,,,160.811749022097,143,True,False,True,False,success,0.4908815622329712,,,ou_noise,0,673668,668669,668669,10.028910742773043,-89.66587392100088,,,
1931,1930,,,171.76490583441668,120,True,False,True,False,success,0.42373648285865784,,,ou_noise,0,673788,668789,668789,11.60604060192903,-89.72563794453939,,,
1932,1931,,,168.96071053721448,126,True,False,True,False,success,0.4879952371120453,,,ou_noise,0,673914,668915,668915,15.17682851685418,-89.83357335650732,,,
1933,1932,,,160.41068525781893,147,True,False,True,False,success,0.4495790898799896,,,ou_noise,0,674061,669062,669062,12.253719136828469,-89.61091598199339,,,
1934,1933,,,155.73505559526507,159,True,False,True,False,success,0.43576306104660034,,,ou_noise,0,674220,669221,669221,16.392869270072794,-89.62226987634814,,,
1935,1934,,,164.673331671793,132,True,False,True,False,success,0.4873446822166443,,,ou_noise,0,674352,669353,669353,21.880875196420785,-89.83453871987082,,,
1936,1935,,,167.6674464806918,124,True,False,True,False,success,0.4417667090892792,,,ou_noise,0,674476,669477,669477,21.95602194436135,-89.9263046018539,,,
1937,1936,,,157.32462794355803,152,True,False,True,False,success,0.49685993790626526,,,ou_noise,0,674628,669629,669629,19.294485029421356,-89.6857960851569,,,
1938,1937,,,162.1156081760297,143,True,False,True,False,success,0.499708890914917,,,ou_noise,0,674771,669772,669772,17.19636490545073,-89.91802930498457,,,
1939,1938,,,156.18405953789875,156,True,False,True,False,success,0.4791160523891449,,,ou_noise,0,674927,669928,669928,16.41730340398275,-89.75275372236203,,,
1940,1939,,,168.44623549014142,127,True,False,True,False,success,0.4654485285282135,,,ou_noise,0,675054,670055,670055,9.638260289440005,-89.95881448580523,,,
1941,1940,,,33.154217498331064,702,True,False,True,False,success,0.437346875667572,,,ou_noise,0,675756,670757,670757,14.964896271371433,-89.8240845835107,,,
1942,1941,,,-201.90499604903465,1000,False,False,False,True,cutoff,4.903183937072754,,,ou_noise,0,676756,671757,671757,15.078632031440735,-89.88329752349854,,,
1943,1942,,,161.77713292333448,140,True,False,True,False,success,0.43850547075271606,,,ou_noise,0,676896,671897,671897,17.67091897896358,-90.12183788844517,,,
1944,1943,,,143.93169025623348,191,True,False,True,False,success,0.4647047221660614,,,ou_noise,0,677087,672088,672088,17.226371589755512,-90.06511136998681,,,
1945,1944,,,159.84775152778593,148,True,False,True,False,success,0.49257102608680725,,,ou_noise,0,677235,672236,672236,15.513981942389462,-90.0754902298386,,,
1946,1945,,,170.56349303381404,121,True,False,True,False,success,0.46547237038612366,,,ou_noise,0,677356,672357,672357,13.358403453156967,-90.25608813073025,,,
1947,1946,,,165.06155031787063,138,True,False,True,False,success,0.4914820194244385,,,ou_noise,0,677494,672495,672495,10.45994516213735,-90.1038074216981,,,
1948,1947,,,165.29432768254208,138,True,False,True,False,success,0.4481058120727539,,,ou_noise,0,677632,672633,672633,12.840545160183009,-89.90263471741608,,,
1949,1948,,,166.31472713178664,128,True,False,True,False,success,0.4845971465110779,,,ou_noise,0,677760,672761,672761,12.811990959569812,-90.0211141705513,,,
1950,1949,,,169.68269528607345,126,True,False,True,False,success,0.4807778596878052,,,ou_noise,0,677886,672887,672887,14.177369208562942,-90.00015119522337,,,
1951,1950,,,157.92105663294143,159,True,False,True,False,success,0.48721843957901,,,ou_noise,0,678045,673046,673046,9.441393423380342,-90.09422839662564,,,
1952,1951,,,151.7302779572285,169,True,False,True,False,success,0.4463866055011749,,,ou_noise,0,678214,673215,673215,17.799333846780677,-90.14982564350557,,,
1953,1952,,,162.1520301808677,139,True,False,True,False,success,0.4602859914302826,,,ou_noise,0,678353,673354,673354,10.966247834747644,-90.24220220991175,,,
1954,1953,,,-98.68826293802749,218,False,True,True,False,collision,3.128014087677002,,,ou_noise,0,678571,673572,673572,12.888682633364967,-90.21380261762427,,,
1955,1954,,,167.52149559237802,129,True,False,True,False,success,0.46512678265571594,,,ou_noise,0,678700,673701,673701,22.408958064493284,-90.11038332207258,,,
1956,1955,,,161.67002324820868,144,True,False,True,False,success,0.4540194571018219,,,ou_noise,0,678844,673845,673845,12.903446863094965,-90.20658837424384,,,
1957,1956,,,147.53924982638506,182,True,False,True,False,success,0.4880768358707428,,,ou_noise,0,679026,674027,674027,12.23050155547949,-90.22133988600511,,,
1958,1957,,,168.84848748926407,122,True,False,True,False,success,0.43528157472610474,,,ou_noise,0,679148,674149,674149,11.14435691716241,-90.38131157296603,,,
1959,1958,,,158.0865050693657,148,True,False,True,False,success,0.46232038736343384,,,ou_noise,0,679296,674297,674297,16.07514070820164,-90.16596685873496,,,
1960,1959,,,-213.05381451491806,1000,False,False,False,True,cutoff,6.344997882843018,,,ou_noise,0,680296,675297,675297,13.800583995819093,-90.36521286773682,,,
1961,1960,,,162.48059939543833,144,True,False,True,False,success,0.4315820634365082,,,ou_noise,0,680440,675441,675441,10.100900683138105,-90.18742174572415,,,
1962,1961,,,167.2479913866478,127,True,False,True,False,success,0.4752578139305115,,,ou_noise,0,680567,675568,675568,15.300238649676166,-90.42230723223348,,,
1963,1962,,,152.18430115317597,167,True,False,True,False,success,0.4764615595340729,,,ou_noise,0,680734,675735,675735,10.906761245813199,-90.47226381587411,,,
1964,1963,,,168.769300627669,125,True,False,True,False,success,0.43632495403289795,,,ou_noise,0,680859,675860,675860,10.2107345495224,-90.38112438964843,,,
1965,1964,,,-49.63583279361242,112,False,True,True,False,collision,2.2478206157684326,,,ou_noise,0,680971,675972,675972,12.421945635761533,-90.5158943448748,,,
1966,1965,,,163.60708313620916,139,True,False,True,False,success,0.4921194314956665,,,ou_noise,0,681110,676111,676111,14.692372797204436,-90.32764890382616,,,
1967,1966,,,168.39279295622686,127,True,False,True,False,success,0.4875197112560272,,,ou_noise,0,681237,676238,676238,7.904116280435577,-90.437079902709,,,
1968,1967,,,170.7816862236169,122,True,False,True,False,success,0.49064019322395325,,,ou_noise,0,681359,676360,676360,22.884160178606628,-90.46636456348857,,,
1969,1968,,,169.1611676748428,128,True,False,True,False,success,0.4609225392341614,,,ou_noise,0,681487,676488,676488,17.488069814629853,-90.50576460361481,,,
1970,1969,,,165.69165774611915,135,True,False,True,False,success,0.4836074411869049,,,ou_noise,0,681622,676623,676623,14.126927493236684,-90.37172263816551,,,
1971,1970,,,164.07206904692544,140,True,False,True,False,success,0.49068138003349304,,,ou_noise,0,681762,676763,676763,17.11051933169365,-90.45298941476004,,,
1972,1971,,,-243.0775089507004,1000,False,False,False,True,cutoff,4.765068054199219,,,ou_noise,0,682762,677763,677763,15.077358204126359,-90.53812615966797,,,
1973,1972,,,164.43260846642835,141,True,False,True,False,success,0.4392026662826538,,,ou_noise,0,682903,677904,677904,9.886597832889422,-90.55795293496855,,,
1974,1973,,,-252.52964692718908,636,False,True,True,False,collision,5.197463512420654,,,ou_noise,0,683539,678540,678540,12.18149416589137,-90.53669180960026,,,
1975,1974,,,168.0590564113906,124,True,False,True,False,success,0.4668840765953064,,,ou_noise,0,683663,678664,678664,17.55651010332569,-90.53832675564674,,,
1976,1975,,,158.1390470790273,166,True,False,True,False,success,0.4841839075088501,,,ou_noise,0,683829,678830,678830,15.728959931666592,-90.4165073532656,,,
1977,1976,,,52.85685160468483,436,True,False,True,False,success,0.49018651247024536,,,ou_noise,0,684265,679266,679266,15.22865751112273,-90.4885509210989,,,
1978,1977,,,155.676634291249,157,True,False,True,False,success,0.4932591915130615,,,ou_noise,0,684422,679423,679423,16.64205791312418,-90.52918821687152,,,
1979,1978,,,167.9334026835376,130,True,False,True,False,success,0.46347081661224365,,,ou_noise,0,684552,679553,679553,11.836956515678992,-90.79209313025841,,,
1980,1979,,,159.4421592027034,152,True,False,True,False,success,0.4707537293434143,,,ou_noise,0,684704,679705,679705,16.947271593307192,-90.52281249196906,,,
1981,1980,,,101.93519298252703,316,True,False,True,False,success,0.46001046895980835,,,ou_noise,0,685020,680021,680021,13.180772734593742,-90.65753572198409,,,
1982,1981,,,-93.2137476244586,44,False,True,True,False,collision,8.229525566101074,,,ou_noise,0,685064,680065,680065,9.30211952599612,-90.50738698785955,,,
1983,1982,,,163.69778478320467,147,True,False,True,False,success,0.4484155476093292,,,ou_noise,0,685211,680212,680212,14.031078482160764,-90.55252033674797,,,
1984,1983,,,142.31681920353816,195,True,False,True,False,success,0.4811845123767853,,,ou_noise,0,685406,680407,680407,11.173446114246662,-90.6080575796274,,,
1985,1984,,,-93.11870890728592,42,False,True,True,False,collision,8.29712200164795,,,ou_noise,0,685448,680449,680449,9.501147131125132,-90.57281784784226,,,
1986,1985,,,24.973142160324514,573,True,False,True,False,success,0.4640768766403198,,,ou_noise,0,686021,681022,681022,13.843925610678774,-90.69714603124488,,,
1987,1986,,,144.40564506994852,188,True,False,True,False,success,0.44041988253593445,,,ou_noise,0,686209,681210,681210,10.141506628153172,-90.98104002120647,,,
1988,1987,,,145.28737761730923,184,True,False,True,False,success,0.4710675776004791,,,ou_noise,0,686393,681394,681394,13.400478135632431,-90.79303094615106,,,
1989,1988,,,165.77726064574318,132,True,False,True,False,success,0.477445513010025,,,ou_noise,0,686525,681526,681526,11.985591089183634,-90.75942860227643,,,
1990,1989,,,-79.05723930122807,213,False,True,True,False,collision,1.918134331703186,,,ou_noise,0,686738,681739,681739,15.979627718388194,-90.7335014880543,,,
1991,1990,,,172.0147819755943,112,True,False,True,False,success,0.47167065739631653,,,ou_noise,0,686850,681851,681851,15.444408318826131,-90.88673176084247,,,
1992,1991,,,162.2539577343035,139,True,False,True,False,success,0.45935332775115967,,,ou_noise,0,686989,681990,681990,15.270806243093752,-90.7678842887604,,,
1993,1992,,,147.70036734697254,181,True,False,True,False,success,0.46507787704467773,,,ou_noise,0,687170,682171,682171,16.598425086690575,-90.88795968577348,,,
1994,1993,,,166.68000255287163,134,True,False,True,False,success,0.48163941502571106,,,ou_noise,0,687304,682305,682305,11.130347162040312,-90.93928357024691,,,
1995,1994,,,166.2646506310266,129,True,False,True,False,success,0.43038204312324524,,,ou_noise,0,687433,682434,682434,7.755556673042534,-90.96642037325127,,,
1996,1995,,,94.37402944787117,432,True,False,True,False,success,0.4963654577732086,,,ou_noise,0,687865,682866,682866,15.34593677410373,-90.95482753824305,,,
1997,1996,,,168.33412426494928,129,True,False,True,False,success,0.4755084216594696,,,ou_noise,0,687994,682995,682995,12.03156521616056,-90.78674860518107,,,
1998,1997,,,164.4405478248184,137,True,False,True,False,success,0.4490864872932434,,,ou_noise,0,688131,683132,683132,16.718925163693672,-91.05613658375984,,,
1999,1998,,,166.6769397629492,133,True,False,True,False,success,0.45000922679901123,,,ou_noise,0,688264,683265,683265,11.895006610038585,-90.98581064554085,,,
2000,1999,,,155.89726778978263,158,True,False,True,False,success,0.4576292634010315,,,ou_noise,0,688422,683423,683423,16.44077499078799,-91.01101351387894,,,
2001,2000,,,167.98661130339815,128,True,False,True,False,success,0.41374480724334717,,,ou_noise,0,688550,683551,683551,21.066109128296375,-90.96952265501022,,,
2002,2001,,,170.19146231162892,116,True,False,True,False,success,0.4497246742248535,,,ou_noise,0,688666,683667,683667,17.20279170726908,-90.86231205381196,,,
2003,2002,,,173.25934147179163,117,True,False,True,False,success,0.46189960837364197,,,ou_noise,0,688783,683784,683784,15.27957785842765,-90.89268545819144,,,
2004,2003,,,165.30386751619932,132,True,False,True,False,success,0.447170227766037,,,ou_noise,0,688915,683916,683916,10.111360390981039,-90.95840685295336,,,
2005,2004,,,-250.43409589042804,1000,False,False,False,True,cutoff,6.359920501708984,,,ou_noise,0,689915,684916,684916,13.398954889655114,-91.05959329223633,,,
2006,2005,,,-113.83111139199663,34,False,True,True,False,collision,10.63536262512207,,,ou_noise,0,689949,684950,684950,9.31458007588106,-90.83505091947667,,,
2007,2006,,,160.51365922888914,143,True,False,True,False,success,0.4821303188800812,,,ou_noise,0,690092,685093,685093,16.93185441810768,-91.14499274834053,,,
2008,2007,,,148.95609873894747,197,True,False,True,False,success,0.45843109488487244,,,ou_noise,0,690289,685290,685290,16.63844467419658,-91.22110783146118,,,
2009,2008,,,166.12776342280122,141,True,False,True,False,success,0.45460090041160583,,,ou_noise,0,690430,685431,685431,13.648396799750362,-91.36361093724028,,,
2010,2009,,,164.7781069323347,136,True,False,True,False,success,0.48890888690948486,,,ou_noise,0,690566,685567,685567,19.5546086123761,-91.18422233357148,,,
2011,2010,,,164.02685905700906,134,True,False,True,False,success,0.471512109041214,,,ou_noise,0,690700,685701,685701,18.905105752731437,-91.27738741974332,,,
2012,2011,,,166.56469750052753,132,True,False,True,False,success,0.4543007016181946,,,ou_noise,0,690832,685833,685833,10.78901863910935,-91.26204086072516,,,
2013,2012,,,156.72286339538448,161,True,False,True,False,success,0.43955615162849426,,,ou_noise,0,690993,685994,685994,12.695363072875123,-91.33794545238803,,,
2014,2013,,,141.035112197332,201,True,False,True,False,success,0.47575998306274414,,,ou_noise,0,691194,686195,686195,12.440332714597977,-91.36018493045029,,,
2015,2014,,,-271.4534784586101,1000,False,False,False,True,cutoff,4.099225044250488,,,ou_noise,0,692194,687195,687195,14.631381664276123,-91.2715032043457,,,
2016,2015,,,-279.50075307863153,1000,False,False,False,True,cutoff,7.260663986206055,,,ou_noise,0,693194,688195,688195,17.116006076812745,-91.3935110321045,,,
2017,2016,,,166.73758733002603,130,True,False,True,False,success,0.45640042424201965,,,ou_noise,0,693324,688325,688325,9.866877704400283,-91.26267964289738,,,
2018,2017,,,-350.7480892144405,703,False,True,True,False,collision,10.782681465148926,,,ou_noise,0,694027,689028,689028,14.624899050758708,-91.54145644772612,,,
2019,2018,,,170.28489768882199,117,True,False,True,False,success,0.47629550099372864,,,ou_noise,0,694144,689145,689145,21.11369304983025,-91.51482450045071,,,
2020,2019,,,168.80520861647938,121,True,False,True,False,success,0.4431721270084381,,,ou_noise,0,694265,689266,689266,13.219082812632411,-91.63139910737345,,,
2021,2020,,,162.49472125356064,143,True,False,True,False,success,0.4759649932384491,,,ou_noise,0,694408,689409,689409,12.968286435087244,-91.53974108929401,,,
2022,2021,,,-227.38871789224152,1000,False,False,False,True,cutoff,4.30442476272583,,,ou_noise,0,695408,690409,690409,13.703783355355263,-91.50148394012452,,,
2023,2022,,,152.9301123881743,160,True,False,True,False,success,0.4958379566669464,,,ou_noise,0,695568,690569,690569,12.953455627709626,-91.42252922058105,,,
2024,2023,,,154.35182003649183,160,True,False,True,False,success,0.48447346687316895,,,ou_noise,0,695728,690729,690729,17.69154811874032,-91.55392837524414,,,
2025,2024,,,-176.34407886531494,496,False,True,True,False,collision,2.6462950706481934,,,ou_noise,0,696224,691225,691225,15.642026950995769,-91.57035692276493,,,
2026,2025,,,-360.8834668216619,1000,False,False,False,True,cutoff,10.970209121704102,,,ou_noise,0,697224,692225,692225,15.161431891679763,-91.63985889434815,,,
2027,2026,,,-61.07930268949677,140,False,True,True,False,collision,2.350860357284546,,,ou_noise,0,697364,692365,692365,14.139234957524708,-91.92077189854213,,,
2028,2027,,,151.87910422996202,164,True,False,True,False,success,0.48279696702957153,,,ou_noise,0,697528,692529,692529,16.067123872477833,-91.70306117360185,,,
2029,2028,,,162.26768253762,145,True,False,True,False,success,0.4291423559188843,,,ou_noise,0,697673,692674,692674,12.911234267004605,-91.76315823259024,,,
2030,2029,,,-72.4328427713387,92,False,True,True,False,collision,5.04953145980835,,,ou_noise,0,697765,692766,692766,15.520281770954961,-91.59893143695334,,,
2031,2030,,,166.5242779508725,129,True,False,True,False,success,0.43966785073280334,,,ou_noise,0,697894,692895,692895,16.45388551091039,-91.85690739358118,,,
2032,2031,,,159.36712288295968,151,True,False,True,False,success,0.497310608625412,,,ou_noise,0,698045,693046,693046,9.567470036595074,-91.92923064579237,,,
2033,2032,,,168.61398505237526,132,True,False,True,False,success,0.46464818716049194,,,ou_noise,0,698177,693178,693178,17.642916829297036,-91.87187298861417,,,
2034,2033,,,158.48978022604868,157,True,False,True,False,success,0.4797648787498474,,,ou_noise,0,698334,693335,693335,23.412002951476225,-91.93680285800035,,,
2035,2034,,,166.30881011164018,132,True,False,True,False,success,0.4159020483493805,,,ou_noise,0,698466,693467,693467,13.340307121927088,-91.69850673097552,,,
2036,2035,,,158.0250861482662,160,True,False,True,False,success,0.4139963686466217,,,ou_noise,0,698626,693627,693627,10.813690850138665,-91.97067365646362,,,
2037,2036,,,150.54651483415321,178,True,False,True,False,success,0.4649790823459625,,,ou_noise,0,698804,693805,693805,18.18710164943438,-91.8989655569698,,,
2038,2037,,,165.87058179563905,131,True,False,True,False,success,0.45062512159347534,,,ou_noise,0,698935,693936,693936,13.15703010741081,-91.96211761008692,,,
2039,2038,,,172.88163579797217,114,True,False,True,False,success,0.4396326243877411,,,ou_noise,0,699049,694050,694050,19.541989052504825,-91.85841443245872,,,
2040,2039,,,168.25944656263357,121,True,False,True,False,success,0.46001166105270386,,,ou_noise,0,699170,694171,694171,7.968540894098519,-91.8297535919946,,,
2041,2040,,,170.47264778981656,122,True,False,True,False,success,0.4731943905353546,,,ou_noise,0,699292,694293,694293,10.583457433786549,-91.88272620029137,,,
2042,2041,,,168.6143292778236,133,True,False,True,False,success,0.4634946584701538,,,ou_noise,0,699425,694426,694426,12.992422774322051,-91.9324711390904,,,
2043,2042,,,164.37058589735562,134,True,False,True,False,success,0.44226622581481934,,,ou_noise,0,699559,694560,694560,13.652022691804971,-91.87612408310619,,,
2044,2043,,,166.41475320650994,138,True,False,True,False,success,0.48803064227104187,,,ou_noise,0,699697,694698,694698,11.357445854207743,-91.86100382044695,,,
2045,2044,,,166.02157395704918,137,True,False,True,False,success,0.4498128592967987,,,ou_noise,0,699834,694835,694835,14.58708022545724,-91.83869382760821,,,
2046,2045,,,170.457518892162,118,True,False,True,False,success,0.4868277311325073,,,ou_noise,0,699952,694953,694953,20.531382783994836,-91.76143652705822,,,
2047,2046,,,-241.74241266362802,1000,False,False,False,True,cutoff,4.348508834838867,,,ou_noise,0,700952,695953,695953,15.487795311570167,-91.89501148223877,,,
2048,2047,,,166.6705201241981,139,True,False,True,False,success,0.48203015327453613,,,ou_noise,0,701091,696092,696092,12.607914663047241,-91.85830139599258,,,
2049,2048,,,-81.44656920503519,165,False,True,True,False,collision,3.74455189704895,,,ou_noise,0,701256,696257,696257,19.391904263062912,-91.9098896373402,,,
2050,2049,,,-90.7299354939932,45,False,True,True,False,collision,7.92996883392334,,,ou_noise,0,701301,696302,696302,27.6840525203281,-91.89032253689236,,,
2051,2050,,,171.64840135680578,121,True,False,True,False,success,0.4810912609100342,,,ou_noise,0,701422,696423,696423,13.438670774136693,-91.9345116102991,,,
2052,2051,,,170.38047554844124,120,True,False,True,False,success,0.46046683192253113,,,ou_noise,0,701542,696543,696543,16.796033613880475,-92.02647953033447,,,
2053,2052,,,163.8785480255611,141,True,False,True,False,success,0.43330028653144836,,,ou_noise,0,701683,696684,696684,11.816461176736981,-92.29187201100883,,,
2054,2053,,,163.92234319345604,141,True,False,True,False,success,0.499213844537735,,,ou_noise,0,701824,696825,696825,21.022658819002462,-91.95009558927929,,,
2055,2054,,,161.9163318015793,150,True,False,True,False,success,0.43862417340278625,,,ou_noise,0,701974,696975,696975,20.64522453546524,-91.88103022257486,,,
2056,2055,,,166.93130002952282,130,True,False,True,False,success,0.4305683672428131,,,ou_noise,0,702104,697105,697105,13.143181994328131,-91.93513629619892,,,
2057,2056,,,162.32449005720468,141,True,False,True,False,success,0.47050097584724426,,,ou_noise,0,702245,697246,697246,20.374630814748453,-92.10999801311087,,,
2058,2057,,,160.40637312905955,154,True,False,True,False,success,0.4950956702232361,,,ou_noise,0,702399,697400,697400,14.57044294592622,-92.10591645674272,,,
2059,2058,,,-73.04290468698552,39,False,True,True,False,collision,6.971992015838623,,,ou_noise,0,702438,697439,697439,6.964739677233574,-91.94965166923328,,,
2060,2059,,,144.4230973550265,178,True,False,True,False,success,0.44727009534835815,,,ou_noise,0,702616,697617,697617,19.730801859598483,-92.11534778723556,,,
2061,2060,,,22.148673210878925,548,True,False,True,False,success,0.43508145213127136,,,ou_noise,0,703164,698165,698165,17.314655765564773,-92.10193585305318,,,
2062,2061,,,161.3344333420483,146,True,False,True,False,success,0.4545268416404724,,,ou_noise,0,703310,698311,698311,9.14083711415121,-92.1257685308587,,,
2063,2062,,,90.70377420496516,350,True,False,True,False,success,0.4545561969280243,,,ou_noise,0,703660,698661,698661,14.430900521959577,-92.18140500749861,,,
2064,2063,,,-228.3469667065001,1000,False,False,False,True,cutoff,5.97679328918457,,,ou_noise,0,704660,699661,699661,15.957677392363548,-92.24117890930175,,,
2065,2064,,,173.24358837394507,113,True,False,True,False,success,0.4667204022407532,,,ou_noise,0,704773,699774,699774,15.141785480279838,-92.22515551811826,,,
2066,2065,,,164.04378358024445,144,True,False,True,False,success,0.47547030448913574,,,ou_noise,0,704917,699918,699918,17.74083512690332,-92.31321679221259,,,
2067,2066,,,-305.37783025436795,1000,False,False,False,True,cutoff,3.2638375759124756,,,ou_noise,0,705917,700918,700918,13.842055277943611,-92.23237599182129,,,
2068,2067,,,162.46133349455175,147,True,False,True,False,success,0.47807979583740234,,,ou_noise,0,706064,701065,701065,11.686161175066111,-92.2403586251395,,,
2069,2068,,,162.5238338738869,151,True,False,True,False,success,0.43273380398750305,,,ou_noise,0,706215,701216,701216,22.824038036611697,-92.33504945868688,,,
2070,2069,,,-305.64361090324917,1000,False,False,False,True,cutoff,8.668346405029297,,,ou_noise,0,707215,702216,702216,15.534064041495323,-92.33888029479981,,,
2071,2070,,,162.33291793646544,142,True,False,True,False,success,0.41996482014656067,,,ou_noise,0,707357,702358,702358,10.136466765067947,-92.32883824093241,,,
2072,2071,,,169.3917791938643,119,True,False,True,False,success,0.4243585467338562,,,ou_noise,0,707476,702477,702477,11.239573481704006,-92.40391636696182,,,
2073,2072,,,163.72304190134008,136,True,False,True,False,success,0.42047205567359924,,,ou_noise,0,707612,702613,702613,13.155953115400147,-92.36992045009838,,,
2074,2073,,,163.12791855867445,142,True,False,True,False,success,0.47729068994522095,,,ou_noise,0,707754,702755,702755,12.303528862939753,-92.48018065976424,,,
2075,2074,,,147.21090899062568,174,True,False,True,False,success,0.49684783816337585,,,ou_noise,0,707928,702929,702929,15.705060975304965,-92.27121357534124,,,
2076,2075,,,161.20303945860155,147,True,False,True,False,success,0.45644089579582214,,,ou_noise,0,708075,703076,703076,14.806293709748456,-92.21734982445126,,,
2077,2076,,,159.45340906454518,152,True,False,True,False,success,0.42751216888427734,,,ou_noise,0,708227,703228,703228,20.58880245842432,-92.41698777048211,,,
2078,2077,,,167.3203354540223,126,True,False,True,False,success,0.4955655336380005,,,ou_noise,0,708353,703354,703354,10.614668467688182,-92.39480826968239,,,
2079,2078,,,166.74810108462,137,True,False,True,False,success,0.42239513993263245,,,ou_noise,0,708490,703491,703491,15.42413633583236,-92.44358396878208,,,
2080,2079,,,166.74005324608663,130,True,False,True,False,success,0.493366539478302,,,ou_noise,0,708620,703621,703621,16.18672679571005,-92.26525714580829,,,
2081,2080,,,163.8642362828867,137,True,False,True,False,success,0.450347363948822,,,ou_noise,0,708757,703758,703758,9.185543189953714,-92.67011144039405,,,
2082,2081,,,153.91595110798053,169,True,False,True,False,success,0.4983442425727844,,,ou_noise,0,708926,703927,703927,17.40427863668408,-92.49369152904262,,,
2083,2082,,,165.56643394553487,137,True,False,True,False,success,0.46982458233833313,,,ou_noise,0,709063,704064,704064,11.712676657377369,-92.49283683387033,,,
2084,2083,,,95.99425727056814,338,True,False,True,False,success,0.43064403533935547,,,ou_noise,0,709401,704402,704402,13.640675601521894,-92.55900149373613,,,
2085,2084,,,171.18713131466416,123,True,False,True,False,success,0.4133988618850708,,,ou_noise,0,709524,704525,704525,10.043398740814954,-92.50321966651978,,,
2086,2085,,,-265.4532815507789,1000,False,False,False,True,cutoff,6.5875654220581055,,,ou_noise,0,710524,705525,705525,17.916008805513382,-92.59677542114258,,,
2087,2086,,,20.024670443613516,673,True,False,True,False,success,0.483651340007782,,,ou_noise,0,711197,706198,706198,15.170336487211763,-92.60992051871358,,,
2088,2087,,,171.47396458231157,122,True,False,True,False,success,0.45146259665489197,,,ou_noise,0,711319,706320,706320,16.54220160499948,-92.65418312197826,,,
2089,2088,,,162.87883728555312,137,True,False,True,False,success,0.47658535838127136,,,ou_noise,0,711456,706457,706457,10.736565716075201,-92.7470015922602,,,
2090,2089,,,153.4315765039791,164,True,False,True,False,success,0.49055004119873047,,,ou_noise,0,711620,706621,706621,11.489190865580628,-92.72266397243592,,,
2091,2090,,,168.8122269514879,128,True,False,True,False,success,0.49487847089767456,,,ou_noise,0,711748,706749,706749,15.781715583056211,-92.59613287448883,,,
2092,2091,,,165.44984912992666,130,True,False,True,False,success,0.49282366037368774,,,ou_noise,0,711878,706879,706879,11.631749702416933,-92.57060288649339,,,
2093,2092,,,170.17482412135348,124,True,False,True,False,success,0.47000959515571594,,,ou_noise,0,712002,707003,707003,12.12014120913321,-92.71254336449408,,,
2094,2093,,,171.41320012987677,121,True,False,True,False,success,0.48556169867515564,,,ou_noise,0,712123,707124,707124,19.686448455842072,-92.73642093879133,,,
2095,2094,,,-274.76758878520906,1000,False,False,False,True,cutoff,9.25241470336914,,,ou_noise,0,713123,708124,708124,15.446922073483467,-92.78837823486329,,,
2096,2095,,,171.74330364664212,121,True,False,True,False,success,0.47285252809524536,,,ou_noise,0,713244,708245,708245,19.722642620732962,-92.91482682661577,,,
2097,2096,,,163.53219585278538,140,True,False,True,False,success,0.4660801887512207,,,ou_noise,0,713384,708385,708385,21.254586931637355,-93.00310314723424,,,
2098,2097,,,167.98654325214193,127,True,False,True,False,success,0.44648638367652893,,,ou_noise,0,713511,708512,708512,16.720199437591972,-92.84237262395423,,,
2099,2098,,,164.84288653700764,140,True,False,True,False,success,0.45022085309028625,,,ou_noise,0,713651,708652,708652,16.446123482499804,-92.94092053004674,,,
2100,2099,,,170.2625102060454,118,True,False,True,False,success,0.46753227710723877,,,ou_noise,0,713769,708770,708770,13.322378812199933,-92.77637617466813,,,
2101,2100,,,164.33941006862455,138,True,False,True,False,success,0.4727562367916107,,,ou_noise,0,713907,708908,708908,14.90872820045637,-92.85331123462622,,,
2102,2101,,,-106.31722184727032,89,False,True,True,False,collision,7.856095314025879,,,ou_noise,0,713996,708997,708997,13.46591464053379,-92.94051481096932,,,
2103,2102,,,-259.7790299292945,1000,False,False,False,True,cutoff,9.688865661621094,,,ou_noise,0,714996,709997,709997,17.284008916020394,-92.88908432006836,,,
2104,2103,,,161.4594175038622,140,True,False,True,False,success,0.49528759717941284,,,ou_noise,0,715136,710137,710137,8.075767374038696,-92.90244413103376,,,
2105,2104,,,-73.76706491714535,54,False,True,True,False,collision,6.6920390129089355,,,ou_noise,0,715190,710191,710191,14.3008552480627,-92.8575272736726,,,
2106,2105,,,170.78824651483512,117,True,False,True,False,success,0.43699726462364197,,,ou_noise,0,715307,710308,710308,16.308870770992378,-92.93472113976112,,,
2107,2106,,,160.21043727467247,153,True,False,True,False,success,0.45837923884391785,,,ou_noise,0,715460,710461,710461,7.128031010721244,-92.91712378208933,,,
2108,2107,,,148.8197424369625,172,True,False,True,False,success,0.43934616446495056,,,ou_noise,0,715632,710633,710633,16.36272188882495,-92.9010268366614,,,
2109,2108,,,169.95041261930203,120,True,False,True,False,success,0.42299845814704895,,,ou_noise,0,715752,710753,710753,20.785616878668467,-92.95814558664958,,,
2110,2109,,,152.52142393098694,162,True,False,True,False,success,0.4734121859073639,,,ou_noise,0,715914,710915,710915,24.458629314546233,-93.05777236561717,,,
2111,2110,,,168.96384593023566,125,True,False,True,False,success,0.4631221294403076,,,ou_noise,0,716039,711040,711040,15.828313303947448,-93.02548803710937,,,
2112,2111,,,166.2060388798181,141,True,False,True,False,success,0.42733854055404663,,,ou_noise,0,716180,711181,711181,16.26243285338084,-93.05738522144074,,,
2113,2112,,,157.15358247641626,151,True,False,True,False,success,0.4671485126018524,,,ou_noise,0,716331,711332,711332,14.821366625905826,-93.15074688235656,,,
2114,2113,,,170.93159629675995,116,True,False,True,False,success,0.47551649808883667,,,ou_noise,0,716447,711448,711448,18.833877031145423,-92.97017991953882,,,
2115,2114,,,168.8327007303866,125,True,False,True,False,success,0.4275226294994354,,,ou_noise,0,716572,711573,711573,11.074073702812194,-93.09388586425781,,,
2116,2115,,,143.80195367935693,186,True,False,True,False,success,0.4609178304672241,,,ou_noise,0,716758,711759,711759,19.93044542112658,-93.29341006535356,,,
2117,2116,,,99.7625966893798,290,True,False,True,False,success,0.4011226296424866,,,ou_noise,0,717048,712049,712049,15.982405359580598,-93.05134679860082,,,
2118,2117,,,155.0069616023716,166,True,False,True,False,success,0.4935588836669922,,,ou_noise,0,717214,712215,712215,19.57017711989851,-93.05123216560088,,,
2119,2118,,,158.36330412161198,154,True,False,True,False,success,0.4750702381134033,,,ou_noise,0,717368,712369,712369,13.690394329560267,-93.02753230503627,,,
2120,2119,,,147.82109544112035,180,True,False,True,False,success,0.4908299446105957,,,ou_noise,0,717548,712549,712549,22.48733056783676,-93.15948689778646,,,
2121,2120,,,167.11228651102303,128,True,False,True,False,success,0.408979594707489,,,ou_noise,0,717676,712677,712677,15.610149724408984,-93.11539179086685,,,
2122,2121,,,172.0551914959541,117,True,False,True,False,success,0.4686109125614166,,,ou_noise,0,717793,712794,712794,23.441034286450115,-93.07694518260466,,,
2123,2122,,,133.28988607435588,211,True,False,True,False,success,0.4155837297439575,,,ou_noise,0,718004,713005,713005,12.749800950430016,-93.11929484001269,,,
2124,2123,,,160.30715748857205,148,True,False,True,False,success,0.4811399579048157,,,ou_noise,0,718152,713153,713153,13.7503202855587,-93.22798234063225,,,
2125,2124,,,168.65788095215754,129,True,False,True,False,success,0.44413238763809204,,,ou_noise,0,718281,713282,713282,16.88700725126636,-93.07889675169952,,,
2126,2125,,,159.43205996615222,152,True,False,True,False,success,0.4737442433834076,,,ou_noise,0,718433,713434,713434,18.67063787814818,-93.21990520075748,,,
2127,2126,,,150.54192854331149,185,True,False,True,False,success,0.49149781465530396,,,ou_noise,0,718618,713619,713619,11.971235772725699,-93.19717192778717,,,
2128,2127,,,122.78541004998361,324,True,False,True,False,success,0.49559903144836426,,,ou_noise,0,718942,713943,713943,12.283655099294803,-93.19718975490994,,,
2129,2128,,,165.49560698482128,138,True,False,True,False,success,0.49381688237190247,,,ou_noise,0,719080,714081,714081,15.570347823958466,-93.1354828433714,,,
2130,2129,,,172.0670446050234,119,True,False,True,False,success,0.4992027282714844,,,ou_noise,0,719199,714200,714200,12.758127387832193,-93.32425420424518,,,
2131,2130,,,159.69270940829142,156,True,False,True,False,success,0.41601815819740295,,,ou_noise,0,719355,714356,714356,13.681786159674326,-93.03089821644319,,,
2132,2131,,,158.44341949305675,145,True,False,True,False,success,0.46381425857543945,,,ou_noise,0,719500,714501,714501,18.19166295281772,-93.358700824606,,,
2133,2132,,,165.71049744124716,135,True,False,True,False,success,0.4668671488761902,,,ou_noise,0,719635,714636,714636,17.663896495324593,-93.25963914659289,,,
2134,2133,,,13.427419247739536,693,True,False,True,False,success,0.40278133749961853,,,ou_noise,0,720328,715329,715329,16.707318055165278,-93.36152786541123,,,
2135,2134,,,170.16280596743258,121,True,False,True,False,success,0.46056726574897766,,,ou_noise,0,720449,715450,715450,24.4747257212962,-93.36572019718895,,,
2136,2135,,,170.97284427477626,115,True,False,True,False,success,0.4450952708721161,,,ou_noise,0,720564,715565,715565,11.76364063490992,-93.36996400252633,,,
2137,2136,,,170.26542854393585,122,True,False,True,False,success,0.42117738723754883,,,ou_noise,0,720686,715687,715687,12.182057853604926,-93.4534254855797,,,
2138,2137,,,165.65413400062556,132,True,False,True,False,success,0.42078709602355957,,,ou_noise,0,720818,715819,715819,12.488439997037252,-93.4588943828236,,,
2139,2138,,,163.27209780918653,142,True,False,True,False,success,0.44050419330596924,,,ou_noise,0,720960,715961,715961,15.211565180563591,-93.40970611572266,,,
2140,2139,,,169.0905424874098,125,True,False,True,False,success,0.47260963916778564,,,ou_noise,0,721085,716086,716086,10.88283019065857,-93.43621954345703,,,
2141,2140,,,164.65113122947008,139,True,False,True,False,success,0.4131477475166321,,,ou_noise,0,721224,716225,716225,15.640004933309212,-93.24228102869267,,,
2142,2141,,,162.4568408590928,141,True,False,True,False,success,0.4761205017566681,,,ou_noise,0,721365,716366,716366,26.37899998739256,-93.42220111603433,,,
2143,2142,,,162.41507306711804,141,True,False,True,False,success,0.45949769020080566,,,ou_noise,0,721506,716507,716507,19.31479164894591,-93.40101894081062,,,
2144,2143,,,-229.00471322346732,1000,False,False,False,True,cutoff,6.01542854309082,,,ou_noise,0,722506,717507,717507,15.979290704131126,-93.49307897949218,,,
2145,2144,,,167.93520897493153,123,True,False,True,False,success,0.4783926010131836,,,ou_noise,0,722629,717630,717630,14.778053423253501,-93.43995040025169,,,
2146,2145,,,171.48147743681275,118,True,False,True,False,success,0.4993867576122284,,,ou_noise,0,722747,717748,717748,17.231671018115545,-93.46748875763457,,,
2147,2146,,,161.8584667439049,141,True,False,True,False,success,0.4949464201927185,,,ou_noise,0,722888,717889,717889,10.486705797783872,-93.41884861939343,,,
2148,2147,,,162.37815792327933,137,True,False,True,False,success,0.4239809215068817,,,ou_noise,0,723025,718026,718026,12.943470210054494,-93.3716727486492,,,
2149,2148,,,27.958438003268427,433,True,False,True,False,success,0.48347365856170654,,,ou_noise,0,723458,718459,718459,18.668126216110952,-93.55089022876484,,,
2150,2149,,,164.4227488250027,134,True,False,True,False,success,0.4857681095600128,,,ou_noise,0,723592,718593,718593,14.507444719770062,-93.59587865801,,,
2151,2150,,,165.46265136701297,145,True,False,True,False,success,0.4894159436225891,,,ou_noise,0,723737,718738,718738,9.25522429203165,-93.50688950111126,,,
2152,2151,,,142.4805774750015,211,True,False,True,False,success,0.48944708704948425,,,ou_noise,0,723948,718949,718949,18.463930459384105,-93.52266515939722,,,
2153,2152,,,-74.49841305274843,158,False,True,True,False,collision,2.4083220958709717,,,ou_noise,0,724106,719107,719107,10.541956836664223,-93.404568684252,,,
2154,2153,,,-232.99968916737632,1000,False,False,False,True,cutoff,5.442654609680176,,,ou_noise,0,725106,720107,720107,17.33769114971161,-93.47993486785889,,,
2155,2154,,,161.27613043569252,157,True,False,True,False,success,0.4871782660484314,,,ou_noise,0,725263,720264,720264,16.628997520276695,-93.49159872455961,,,
2156,2155,,,163.12337815129894,141,True,False,True,False,success,0.4165727198123932,,,ou_noise,0,725404,720405,720405,10.974467140562991,-93.4560970008796,,,
2157,2156,,,142.3548946071107,200,True,False,True,False,success,0.4575190246105194,,,ou_noise,0,725604,720605,720605,13.98724302828312,-93.46635944366454,,,
2158,2157,,,168.04772334507123,130,True,False,True,False,success,0.49681392312049866,,,ou_noise,0,725734,720735,720735,14.962774511484,-93.62584615854117,,,
2159,2158,,,168.13539369159605,129,True,False,True,False,success,0.49006056785583496,,,ou_noise,0,725863,720864,720864,11.197836329770643,-93.67079227654509,,,
2160,2159,,,168.0758434053764,127,True,False,True,False,success,0.42644497752189636,,,ou_noise,0,725990,720991,720991,18.491922455509815,-93.40890118456262,,,
2161,2160,,,161.05243748639356,153,True,False,True,False,success,0.4416337013244629,,,ou_noise,0,726143,721144,721144,12.778450605136896,-93.48100146125344,,,
2162,2161,,,171.70538588603463,126,True,False,True,False,success,0.4046262800693512,,,ou_noise,0,726269,721270,721270,15.888089976613484,-93.60348874046689,,,
2163,2162,,,166.95156608452294,128,True,False,True,False,success,0.42347365617752075,,,ou_noise,0,726397,721398,721398,16.347577448002994,-93.58118391036987,,,
2164,2163,,,166.6402647006106,133,True,False,True,False,success,0.4480617344379425,,,ou_noise,0,726530,721531,721531,8.103726193420869,-93.69885385843148,,,
2165,2164,,,165.1776836830306,133,True,False,True,False,success,0.4300900995731354,,,ou_noise,0,726663,721664,721664,23.664913985962258,-93.82225581577846,,,
2166,2165,,,170.68819770497743,124,True,False,True,False,success,0.44891664385795593,,,ou_noise,0,726787,721788,721788,17.977631674658866,-93.62119594697029,,,
2167,2166,,,147.51442652370648,188,True,False,True,False,success,0.4112502336502075,,,ou_noise,0,726975,721976,721976,17.71535268616169,-93.67666646267506,,,
2168,2167,,,-118.50844251809924,52,False,True,True,False,collision,10.204638481140137,,,ou_noise,0,727027,722028,722028,15.512567919034224,-93.68207285954402,,,
2169,2168,,,169.23434871737592,119,True,False,True,False,success,0.4792037010192871,,,ou_noise,0,727146,722147,722147,12.669152824818587,-93.71842007677094,,,
2170,2169,,,172.12861176483216,125,True,False,True,False,success,0.4732503294944763,,,ou_noise,0,727271,722272,722272,14.575798357009887,-93.66330676269531,,,
2171,2170,,,-231.69260326125766,653,False,True,True,False,collision,4.577367782592773,,,ou_noise,0,727924,722925,722925,12.912948717749686,-93.70039954192788,,,
2172,2171,,,163.51701267821596,143,True,False,True,False,success,0.4951072335243225,,,ou_noise,0,728067,723068,723068,12.09846810027436,-93.74825313541439,,,
2173,2172,,,165.87986718652678,131,True,False,True,False,success,0.4464500844478607,,,ou_noise,0,728198,723199,723199,17.075998646612387,-93.68960454809756,,,
2174,2173,,,172.78030084661185,117,True,False,True,False,success,0.42757678031921387,,,ou_noise,0,728315,723316,723316,19.709966535242195,-93.64239488911424,,,
2175,2174,,,160.00144638184756,152,True,False,True,False,success,0.46955427527427673,,,ou_noise,0,728467,723468,723468,19.1363529594321,-93.68500709533691,,,
2176,2175,,,166.6916740153173,129,True,False,True,False,success,0.457408607006073,,,ou_noise,0,728596,723597,723597,8.30906276739845,-93.67008292028146,,,
2177,2176,,,139.00200764705608,211,True,False,True,False,success,0.49377793073654175,,,ou_noise,0,728807,723808,723808,11.996906034754351,-93.74944638075986,,,
2178,2177,,,166.11848711314582,129,True,False,True,False,success,0.4800763726234436,,,ou_noise,0,728936,723937,723937,17.543760216513345,-93.95643071610799,,,
2179,2178,,,158.62349571238838,152,True,False,True,False,success,0.47938281297683716,,,ou_noise,0,729088,724089,724089,22.732783493242767,-93.68947832207931,,,
2180,2179,,,167.98749138571787,127,True,False,True,False,success,0.4447304308414459,,,ou_noise,0,729215,724216,724216,10.783647430224681,-93.84136103832816,,,
2181,2180,,,163.28773175050702,142,True,False,True,False,success,0.45545634627342224,,,ou_noise,0,729357,724358,724358,20.366557136387893,-93.78377962784029,,,
2182,2181,,,160.91227060575898,143,True,False,True,False,success,0.486678808927536,,,ou_noise,0,729500,724501,724501,8.590234936534108,-93.79910139604048,,,
2183,2182,,,153.41392372293834,167,True,False,True,False,success,0.47758832573890686,,,ou_noise,0,729667,724668,724668,19.632028021498353,-93.79599496989907,,,
2184,2183,,,166.63132867604355,129,True,False,True,False,success,0.4586160480976105,,,ou_noise,0,729796,724797,724797,16.49686089597007,-93.98613987412564,,,
2185,2184,,,168.06042810867012,122,True,False,True,False,success,0.4605800211429596,,,ou_noise,0,729918,724919,724919,15.109730065846053,-93.8438871414935,,,
2186,2185,,,149.0885567609808,196,True,False,True,False,success,0.49345117807388306,,,ou_noise,0,730114,725115,725115,18.837254061990855,-93.84609413146973,,,
2187,2186,,,161.0321187845601,148,True,False,True,False,success,0.4706437885761261,,,ou_noise,0,730262,725263,725263,21.075863923575426,-93.79436028970254,,,
2188,2187,,,162.55061087069913,134,True,False,True,False,success,0.4495200216770172,,,ou_noise,0,730396,725397,725397,14.693993258832107,-93.96505253350557,,,
2189,2188,,,163.97173695591638,139,True,False,True,False,success,0.49542856216430664,,,ou_noise,0,730535,725536,725536,19.008442082851055,-93.88250770843287,,,
2190,2189,,,174.02399332077036,112,True,False,True,False,success,0.42557451128959656,,,ou_noise,0,730647,725648,725648,20.668632666979516,-93.69327306747437,,,
2191,2190,,,168.307290661722,129,True,False,True,False,success,0.4244033098220825,,,ou_noise,0,730776,725777,725777,22.16221171016841,-94.01744558644849,,,
2192,2191,,,167.1939170198147,129,True,False,True,False,success,0.488299161195755,,,ou_noise,0,730905,725906,725906,22.1121992639793,-93.90273911823598,,,
2193,2192,,,159.22998289689858,158,True,False,True,False,success,0.42582574486732483,,,ou_noise,0,731063,726064,726064,17.43549353487884,-94.16925097115433,,,
2194,2193,,,172.96778566456203,111,True,False,True,False,success,0.4865027666091919,,,ou_noise,0,731174,726175,726175,12.754087603843963,-93.97119333078196,,,
2195,2194,,,171.38769331553712,119,True,False,True,False,success,0.415279358625412,,,ou_noise,0,731293,726294,726294,13.925882986613683,-94.03162614838416,,,
2196,2195,,,169.08016973902528,125,True,False,True,False,success,0.45647552609443665,,,ou_noise,0,731418,726419,726419,13.451213668823241,-93.85569549560547,,,
2197,2196,,,170.18814514404121,127,True,False,True,False,success,0.46632304787635803,,,ou_noise,0,731545,726546,726546,18.346622838748722,-93.89768849770854,,,
2198,2197,,,171.4372071632392,117,True,False,True,False,success,0.47607091069221497,,,ou_noise,0,731662,726663,726663,11.046105909551311,-93.83109055217514,,,
2199,2198,,,170.79063665477554,118,True,False,True,False,success,0.4396410882472992,,,ou_noise,0,731780,726781,726781,11.450424840894796,-93.84985500271037,,,
2200,2199,,,-378.6364052450624,1000,False,False,False,True,cutoff,9.354736328125,,,ou_noise,0,732780,727781,727781,13.556758909583092,-93.98009212493896,,,
2201,2200,,,158.2006275323592,153,True,False,True,False,success,0.43171146512031555,,,ou_noise,0,732933,727934,727934,19.063908865249235,-93.9901372872147,,,
2202,2201,,,167.6502395731444,127,True,False,True,False,success,0.48076534271240234,,,ou_noise,0,733060,728061,728061,19.369960075288308,-93.91582825427919,,,
2203,2202,,,164.632500628426,136,True,False,True,False,success,0.45851245522499084,,,ou_noise,0,733196,728197,728197,17.541976479923022,-93.92909728779512,,,
2204,2203,,,161.51554771702993,141,True,False,True,False,success,0.4685327410697937,,,ou_noise,0,733337,728338,728338,12.29412919747914,-93.81030262615664,,,
2205,2204,,,168.96875452165722,129,True,False,True,False,success,0.47138479351997375,,,ou_noise,0,733466,728467,728467,17.509707559910854,-94.0714470915092,,,
2206,2205,,,-11.291947473460013,584,True,False,True,False,success,0.43615031242370605,,,ou_noise,0,734050,729051,729051,16.640269457681537,-94.02980884133953,,,
2207,2206,,,-230.2419695930237,1000,False,False,False,True,cutoff,4.308554172515869,,,ou_noise,0,735050,730051,730051,16.832042958855627,-93.9464342956543,,,
2208,2207,,,170.16476942085473,122,True,False,True,False,success,0.4889851212501526,,,ou_noise,0,735172,730173,730173,10.93626498003475,-93.86760298932185,,,
2209,2208,,,172.42316597512962,117,True,False,True,False,success,0.43585309386253357,,,ou_noise,0,735289,730290,730290,22.767324123627102,-93.95780057988615,,,
2210,2209,,,164.65837506976249,134,True,False,True,False,success,0.45957130193710327,,,ou_noise,0,735423,730424,730424,17.311793215239227,-94.02236705039864,,,
2211,2210,,,168.63083823045628,126,True,False,True,False,success,0.40863722562789917,,,ou_noise,0,735549,730550,730550,13.274395459228092,-94.1333243960426,,,
2212,2211,,,-312.5873021794802,1000,False,False,False,True,cutoff,3.7301559448242188,,,ou_noise,0,736549,731550,731550,14.447672356128693,-93.9821990737915,,,
2213,2212,,,170.62172505986322,122,True,False,True,False,success,0.40761512517929077,,,ou_noise,0,736671,731672,731672,15.581941644676396,-93.9512155876785,,,
2214,2213,,,167.96373482274353,128,True,False,True,False,success,0.4331423342227936,,,ou_noise,0,736799,731800,731800,20.20837032236159,-94.00518441200256,,,
2215,2214,,,164.01562017374715,129,True,False,True,False,success,0.47393232583999634,,,ou_noise,0,736928,731929,731929,14.296712126842765,-94.01250357221264,,,
2216,2215,,,170.56151641344695,123,True,False,True,False,success,0.4652128517627716,,,ou_noise,0,737051,732052,732052,16.066339304776697,-94.11785597142165,,,
2217,2216,,,167.27472419422315,135,True,False,True,False,success,0.4834940433502197,,,ou_noise,0,737186,732187,732187,14.82885165391145,-94.1304832175926,,,
2218,2217,,,168.85042481091853,126,True,False,True,False,success,0.4904583990573883,,,ou_noise,0,737312,732313,732313,19.25153854536632,-94.04695874168759,,,
2219,2218,,,155.74485447148064,153,True,False,True,False,success,0.49744629859924316,,,ou_noise,0,737465,732466,732466,21.16505890266568,-94.20470343695746,,,
2220,2219,,,169.74747829897316,127,True,False,True,False,success,0.4736155867576599,,,ou_noise,0,737592,732593,732593,21.23802715399134,-93.9635935505544,,,
2221,2220,,,159.64141641550395,147,True,False,True,False,success,0.443706750869751,,,ou_noise,0,737739,732740,732740,10.382448900313605,-93.8916857972437,,,
2222,2221,,,167.89703040943226,132,True,False,True,False,success,0.4504304528236389,,,ou_noise,0,737871,732872,732872,15.845477917880723,-94.04123803341028,,,
2223,2222,,,160.92683856729275,155,True,False,True,False,success,0.44312795996665955,,,ou_noise,0,738026,733027,733027,12.93458664494176,-93.98812442902596,,,
2224,2223,,,162.04692819780928,148,True,False,True,False,success,0.4155133366584778,,,ou_noise,0,738174,733175,733175,18.915339395001126,-94.15334289138382,,,
2225,2224,,,171.1292903486019,118,True,False,True,False,success,0.42688652873039246,,,ou_noise,0,738292,733293,733293,20.209748486341056,-94.06652243662688,,,
2226,2225,,,-159.1759567632094,228,False,True,True,False,collision,8.551859855651855,,,ou_noise,0,738520,733521,733521,15.952017724514008,-94.05587199696323,,,
2227,2226,,,162.2888861418628,155,True,False,True,False,success,0.4603523015975952,,,ou_noise,0,738675,733676,733676,13.180612589466957,-94.03628653249433,,,
2228,2227,,,169.27229802304862,123,True,False,True,False,success,0.43279772996902466,,,ou_noise,0,738798,733799,733799,7.226282916417936,-94.09257854678766,,,
2229,2228,,,171.45989604602192,118,True,False,True,False,success,0.46959012746810913,,,ou_noise,0,738916,733917,733917,16.258113986354765,-94.01029438083455,,,
2230,2229,,,159.2615284932911,148,True,False,True,False,success,0.46637579798698425,,,ou_noise,0,739064,734065,734065,14.564880056961163,-94.0080979321454,,,
2231,2230,,,174.1253236512809,113,True,False,True,False,success,0.4523753821849823,,,ou_noise,0,739177,734178,734178,15.642236260186255,-94.01908314122564,,,
2232,2231,,,167.1274591320271,129,True,False,True,False,success,0.4832448661327362,,,ou_noise,0,739306,734307,734307,16.9614480290302,-93.88996603322583,,,
2233,2232,,,164.9647275880501,135,True,False,True,False,success,0.48761245608329773,,,ou_noise,0,739441,734442,734442,13.717511186776338,-94.12198599356192,,,
2234,2233,,,162.0663886352939,144,True,False,True,False,success,0.4540153741836548,,,ou_noise,0,739585,734586,734586,15.65485638131698,-94.13299979103937,,,
2235,2234,,,-65.78443304746165,135,False,True,True,False,collision,2.845827341079712,,,ou_noise,0,739720,734721,734721,13.660753968909935,-94.07386570683232,,,
2236,2235,,,168.59698658958172,130,True,False,True,False,success,0.42013439536094666,,,ou_noise,0,739850,734851,734851,25.878653078812818,-94.36950096717247,,,
2237,2236,,,158.4501898161826,153,True,False,True,False,success,0.48197928071022034,,,ou_noise,0,740003,735004,735004,18.30673649420146,-94.0915333866294,,,
2238,2237,,,172.1619645201149,115,True,False,True,False,success,0.4418084919452667,,,ou_noise,0,740118,735119,735119,15.784845078509786,-94.17155330492102,,,
2239,2238,,,171.0947408529854,119,True,False,True,False,success,0.46902114152908325,,,ou_noise,0,740237,735238,735238,15.448904939058448,-93.96835775936351,,,
2240,2239,,,-356.6903596657215,1000,False,False,False,True,cutoff,8.646934509277344,,,ou_noise,0,741237,736238,736238,16.89965853226185,-94.11687769317626,,,
2241,2240,,,162.66885786345028,152,True,False,True,False,success,0.464923620223999,,,ou_noise,0,741389,736390,736390,20.33382114140611,-94.0293944007472,,,
2242,2241,,,136.61742836620087,225,True,False,True,False,success,0.429362416267395,,,ou_noise,0,741614,736615,736615,16.76694749938117,-94.11545216878255,,,
2243,2242,,,167.53711327176615,141,True,False,True,False,success,0.4407649040222168,,,ou_noise,0,741755,736756,736756,17.973116839185675,-94.02412544412816,,,
2244,2243,,,163.41224646800248,140,True,False,True,False,success,0.48594602942466736,,,ou_noise,0,741895,736896,736896,17.828272109372275,-94.03452333722795,,,
2245,2244,,,171.73662432238268,113,True,False,True,False,success,0.44464245438575745,,,ou_noise,0,742008,737009,737009,17.519429428387532,-94.07069059388827,,,
2246,2245,,,171.1222599165193,122,True,False,True,False,success,0.45362013578414917,,,ou_noise,0,742130,737131,737131,12.527401908499296,-93.98072302146036,,,
2247,2246,,,168.96434095775317,121,True,False,True,False,success,0.4155097007751465,,,ou_noise,0,742251,737252,737252,14.525523605425496,-94.02296504501469,,,
2248,2247,,,161.7720542922399,144,True,False,True,False,success,0.4137108623981476,,,ou_noise,0,742395,737396,737396,13.549150364266502,-94.05234983232286,,,
2249,2248,,,155.25186728069647,158,True,False,True,False,success,0.42231717705726624,,,ou_noise,0,742553,737554,737554,8.436664822735365,-94.23139567314824,,,
2250,2249,,,172.5082481068119,117,True,False,True,False,success,0.45121121406555176,,,ou_noise,0,742670,737671,737671,26.74599077966478,-94.17472721980168,,,
2251,2250,,,162.62220160895373,143,True,False,True,False,success,0.42146414518356323,,,ou_noise,0,742813,737814,737814,10.851452554856147,-94.2990969677905,,,
2252,2251,,,170.23435679533958,125,True,False,True,False,success,0.42831185460090637,,,ou_noise,0,742938,737939,737939,15.445169752120972,-94.01381506347656,,,
2253,2252,,,162.2629733962116,142,True,False,True,False,success,0.44401293992996216,,,ou_noise,0,743080,738081,738081,16.707567330817103,-94.25144539416677,,,
2254,2253,,,161.0956216915154,142,True,False,True,False,success,0.4577316641807556,,,ou_noise,0,743222,738223,738223,13.607157502375857,-94.11695415872923,,,
2255,2254,,,163.53309477234342,140,True,False,True,False,success,0.4368215501308441,,,ou_noise,0,743362,738363,738363,19.69547321796417,-94.00812323434012,,,
2256,2255,,,129.18658779115532,264,True,False,True,False,success,0.46110066771507263,,,ou_noise,0,743626,738627,738627,20.443496119795423,-94.12507955955736,,,
2257,2256,,,170.72302065097224,120,True,False,True,False,success,0.47149816155433655,,,ou_noise,0,743746,738747,738747,19.41657347480456,-94.20597349802652,,,
2258,2257,,,-133.51808818198612,338,False,True,True,False,collision,4.622228145599365,,,ou_noise,0,744084,739085,739085,16.135032258442873,-94.1931634485369,,,
2259,2258,,,165.5703139753016,129,True,False,True,False,success,0.4833688735961914,,,ou_noise,0,744213,739214,739214,16.80754961246668,-94.16420225394789,,,
2260,2259,,,170.73775919863687,115,True,False,True,False,success,0.4704165458679199,,,ou_noise,0,744328,739329,739329,19.606465694178706,-94.10845549210258,,,
2261,2260,,,163.60879226732635,143,True,False,True,False,success,0.45455220341682434,,,ou_noise,0,744471,739472,739472,17.20863664233601,-94.25880693555712,,,
2262,2261,,,166.88423990465463,128,True,False,True,False,success,0.44909295439720154,,,ou_noise,0,744599,739600,739600,12.452470648102462,-94.24225717782974,,,
2263,2262,,,164.76502781160286,142,True,False,True,False,success,0.41940444707870483,,,ou_noise,0,744741,739742,739742,18.940530479793818,-94.09684962957678,,,
2264,2263,,,168.6848843350757,124,True,False,True,False,success,0.48422232270240784,,,ou_noise,0,744865,739866,739866,15.088352436019528,-94.23339111574235,,,
2265,2264,,,-79.44391648452383,88,False,True,True,False,collision,6.184581279754639,,,ou_noise,0,744953,739954,739954,15.095232679085298,-94.33410601182418,,,
2266,2265,,,158.8784847523587,155,True,False,True,False,success,0.48466408252716064,,,ou_noise,0,745108,740109,740109,18.883280268023093,-94.08098302041331,,,
2267,2266,,,171.69679621035434,121,True,False,True,False,success,0.4910166561603546,,,ou_noise,0,745229,740230,740230,17.619956861842763,-94.15698065639528,,,
2268,2267,,,168.2065121238972,129,True,False,True,False,success,0.42782512307167053,,,ou_noise,0,745358,740359,740359,18.301636304042137,-94.18000036431837,,,
2269,2268,,,172.9227339354191,114,True,False,True,False,success,0.44915613532066345,,,ou_noise,0,745472,740473,740473,19.011877005560358,-93.99012294568513,,,
2270,2269,,,163.0237768833037,141,True,False,True,False,success,0.4513349235057831,,,ou_noise,0,745613,740614,740614,19.546705888518204,-94.07218202631525,,,
2271,2270,,,163.26221225461433,137,True,False,True,False,success,0.49578458070755005,,,ou_noise,0,745750,740751,740751,22.776007389500194,-94.02567268984161,,,
2272,2271,,,165.69341007327097,130,True,False,True,False,success,0.4768734574317932,,,ou_noise,0,745880,740881,740881,12.230773823077863,-94.15066909790039,,,
2273,2272,,,-245.8327695277812,1000,False,False,False,True,cutoff,5.130822658538818,,,ou_noise,0,746880,741881,741881,16.841478643178938,-94.13609765625,,,
2274,2273,,,168.0568185245366,133,True,False,True,False,success,0.4835253655910492,,,ou_noise,0,747013,742014,742014,16.295688733122404,-94.2284933104551,,,
2275,2274,,,148.090613461552,203,True,False,True,False,success,0.4961276054382324,,,ou_noise,0,747216,742217,742217,13.522717351396683,-94.01557587872585,,,
2276,2275,,,172.55381956794054,115,True,False,True,False,success,0.44538620114326477,,,ou_noise,0,747331,742332,742332,17.35668588306593,-94.03164228356403,,,
2277,2276,,,163.97934154209625,135,True,False,True,False,success,0.48251715302467346,,,ou_noise,0,747466,742467,742467,10.757435265293827,-94.02328988534433,,,
2278,2277,,,170.70250050388773,130,True,False,True,False,success,0.4211130440235138,,,ou_noise,0,747596,742597,742597,14.308814553114084,-94.02029090294471,,,
2279,2278,,,165.4228971048026,135,True,False,True,False,success,0.44837355613708496,,,ou_noise,0,747731,742732,742732,14.052872816721598,-93.95528310139974,,,
2280,2279,,,-345.501477116203,1000,False,False,False,True,cutoff,8.91972827911377,,,ou_noise,0,748731,743732,743732,16.60465187203884,-94.1188462524414,,,
2281,2280,,,169.99043590465527,121,True,False,True,False,success,0.45515599846839905,,,ou_noise,0,748852,743853,743853,10.445356540443484,-93.72665398968152,,,
2282,2281,,,158.6218715026813,147,True,False,True,False,success,0.47879210114479065,,,ou_noise,0,748999,744000,744000,15.637060815785206,-94.04223082665683,,,
2283,2282,,,170.4289934976821,122,True,False,True,False,success,0.4923389256000519,,,ou_noise,0,749121,744122,744122,16.517512520805735,-94.0036512906434,,,
2284,2283,,,170.01179386553423,121,True,False,True,False,success,0.43809303641319275,,,ou_noise,0,749242,744243,744243,21.64715739715198,-94.12062318660011,,,
2285,2284,,,162.28580344359926,144,True,False,True,False,success,0.43197736144065857,,,ou_noise,0,749386,744387,744387,15.030377192629707,-94.1016091770596,,,
2286,2285,,,167.30880578344562,130,True,False,True,False,success,0.41879627108573914,,,ou_noise,0,749516,744517,744517,14.365809541482191,-93.90975030752328,,,
2287,2286,,,164.14210109988005,136,True,False,True,False,success,0.4274068772792816,,,ou_noise,0,749652,744653,744653,20.404409625950983,-94.00801675459918,,,
2288,2287,,,164.46533070972887,137,True,False,True,False,success,0.4104032814502716,,,ou_noise,0,749789,744790,744790,18.87200625273433,-94.1079290905138,,,
2289,2288,,,164.59525545231844,136,True,False,True,False,success,0.47292572259902954,,,ou_noise,0,749925,744926,744926,14.849988840958652,-94.05276663163129,,,
2290,2289,,,-274.59592115527846,1000,False,False,False,True,cutoff,4.524148941040039,,,ou_noise,0,750925,745926,745926,16.282415205717086,-94.07545413970948,,,
2291,2290,,,160.13636341775552,156,True,False,True,False,success,0.49698367714881897,,,ou_noise,0,751081,746082,746082,18.05760772105975,-94.0066416813777,,,
2292,2291,,,159.06135386532688,150,True,False,True,False,success,0.4727548360824585,,,ou_noise,0,751231,746232,746232,16.606818629105884,-93.96554300944011,,,
2293,2292,,,162.73678052681134,143,True,False,True,False,success,0.4409792125225067,,,ou_noise,0,751374,746375,746375,10.002747483186788,-94.15096693772536,,,
2294,2293,,,-95.61720840838345,60,False,True,True,False,collision,8.087800025939941,,,ou_noise,0,751434,746435,746435,17.538975314299265,-93.98127822875976,,,
2295,2294,,,-99.18168107290903,193,False,True,True,False,collision,5.131135940551758,,,ou_noise,0,751627,746628,746628,20.987232840740617,-94.00529642055689,,,
2296,2295,,,49.71066700320326,452,True,False,True,False,success,0.4629886746406555,,,ou_noise,0,752079,747080,747080,16.658390148551064,-94.09229962171706,,,
2297,2296,,,165.48498180536998,129,True,False,True,False,success,0.4981582760810852,,,ou_noise,0,752208,747209,747209,16.21431189544441,-94.14401795143304,,,
2298,2297,,,173.61333184847427,112,True,False,True,False,success,0.4720478355884552,,,ou_noise,0,752320,747321,747321,20.18028228410653,-94.29632684162685,,,
2299,2298,,,170.15184179289952,118,True,False,True,False,success,0.4607105851173401,,,ou_noise,0,752438,747439,747439,21.23026806823278,-94.15873873435845,,,
2300,2299,,,159.25355009249108,156,True,False,True,False,success,0.4537600874900818,,,ou_noise,0,752594,747595,747595,14.653365959723791,-94.19911056909805,,,
2301,2300,,,167.6638624448035,132,True,False,True,False,success,0.4627382457256317,,,ou_noise,0,752726,747727,747727,14.192821551452983,-94.2206099539092,,,
2302,2301,,,-47.08420999443703,855,True,False,True,False,success,0.486796110868454,,,ou_noise,0,753581,748582,748582,17.165790114068148,-94.05263846771062,,,
2303,2302,,,-93.34607262243385,53,False,True,True,False,collision,7.805516242980957,,,ou_noise,0,753634,748635,748635,22.18634600909251,-93.80098177352042,,,
2304,2303,,,170.77013848677115,116,True,False,True,False,success,0.47084158658981323,,,ou_noise,0,753750,748751,748751,9.241406689430105,-93.98978766079607,,,
2305,2304,,,164.77791117419156,137,True,False,True,False,success,0.46794044971466064,,,ou_noise,0,753887,748888,748888,12.722341535735305,-93.80344463264855,,,
2306,2305,,,167.66068649980826,124,True,False,True,False,success,0.48973003029823303,,,ou_noise,0,754011,749012,749012,22.203261900332667,-94.09961878868842,,,
2307,2306,,,151.8217206886746,181,True,False,True,False,success,0.488293319940567,,,ou_noise,0,754192,749193,749193,17.35232560410684,-94.11275608631787,,,
2308,2307,,,163.12484315302106,137,True,False,True,False,success,0.4332098960876465,,,ou_noise,0,754329,749330,749330,19.700808791348535,-94.18746530574603,,,
2309,2308,,,164.7955689290331,135,True,False,True,False,success,0.4553999602794647,,,ou_noise,0,754464,749465,749465,13.448643645533808,-94.24341204607929,,,
2310,2309,,,169.71785820966517,130,True,False,True,False,success,0.44617781043052673,,,ou_noise,0,754594,749595,749595,15.487896785369287,-93.98711230938251,,,
2311,2310,,,-90.38682076399787,86,False,True,True,False,collision,6.473649978637695,,,ou_noise,0,754680,749681,749681,24.692439120869302,-94.25963698985964,,,
2312,2311,,,167.38890644524886,122,True,False,True,False,success,0.49074631929397583,,,ou_noise,0,754802,749803,749803,14.484307101515473,-94.16707042006196,,,
2313,2312,,,-63.69146057813761,99,False,True,True,False,collision,4.138493537902832,,,ou_noise,0,754901,749902,749902,18.146014745789344,-94.2547993515477,,,
2314,2313,,,163.68473452452457,139,True,False,True,False,success,0.48727986216545105,,,ou_noise,0,755040,750041,750041,18.34777476204385,-94.11210917740416,,,
2315,2314,,,164.57463708051077,139,True,False,True,False,success,0.4163208603858948,,,ou_noise,0,755179,750180,750180,14.857395327348502,-94.2483781224532,,,
2316,2315,,,158.8166651136866,148,True,False,True,False,success,0.48238837718963623,,,ou_noise,0,755327,750328,750328,15.708623288451014,-94.33971714329076,,,
2317,2316,,,170.6734567138693,123,True,False,True,False,success,0.4090934693813324,,,ou_noise,0,755450,750451,750451,15.866851418968139,-94.39477700334254,,,
2318,2317,,,170.45746892529746,127,True,False,True,False,success,0.47478100657463074,,,ou_noise,0,755577,750578,750578,16.5518608299766,-94.3826605128491,,,
2319,2318,,,131.05594172647224,274,True,False,True,False,success,0.45237812399864197,,,ou_noise,0,755851,750852,750852,16.442506548261992,-94.25191731696582,,,
2320,2319,,,-119.33018284689342,99,False,True,True,False,collision,9.390068054199219,,,ou_noise,0,755950,750951,750951,25.23981706542198,-94.09512776076191,,,
2321,2320,,,161.53237600769359,137,True,False,True,False,success,0.4854103624820709,,,ou_noise,0,756087,751088,751088,15.92369970962079,-94.29130520785812,,,
2322,2321,,,162.56870135967387,139,True,False,True,False,success,0.4567546546459198,,,ou_noise,0,756226,751227,751227,22.563721718548013,-94.31538978411997,,,
2323,2322,,,-219.59825236905257,1000,False,False,False,True,cutoff,5.406290531158447,,,ou_noise,0,757226,752227,752227,16.92309780883789,-94.16952918243408,,,
2324,2323,,,159.85990889361807,147,True,False,True,False,success,0.45972514152526855,,,ou_noise,0,757373,752374,752374,19.133476275165066,-94.18815031505767,,,
2325,2324,,,170.2034289571206,117,True,False,True,False,success,0.47857439517974854,,,ou_noise,0,757490,752491,752491,12.952924076308552,-94.10702768961589,,,
2326,2325,,,-278.30769293509985,1000,False,False,False,True,cutoff,2.473924398422241,,,ou_noise,0,758490,753491,753491,16.715374036073683,-94.11950650024414,,,
2327,2326,,,171.25301691214293,117,True,False,True,False,success,0.46304523944854736,,,ou_noise,0,758607,753608,753608,16.45230080327417,-94.18436275384364,,,
2328,2327,,,169.09805045593833,127,True,False,True,False,success,0.43770846724510193,,,ou_noise,0,758734,753735,753735,22.149021472517898,-94.36349265030988,,,
2329,2328,,,168.50111179276593,130,True,False,True,False,success,0.4487816393375397,,,ou_noise,0,758864,753865,753865,8.854717736977797,-94.08566014216497,,,
2330,2329,,,166.9776649373639,130,True,False,True,False,success,0.46529367566108704,,,ou_noise,0,758994,753995,753995,18.686674035512485,-94.32958720280574,,,
2331,2330,,,166.9236905453693,135,True,False,True,False,success,0.4537839889526367,,,ou_noise,0,759129,754130,754130,15.152164631419712,-94.13000177454066,,,
2332,2331,,,114.19162285012872,308,True,False,True,False,success,0.48264506459236145,,,ou_noise,0,759437,754438,754438,18.051818325148,-94.231426932595,,,
2333,2332,,,-110.63545644322024,254,False,True,True,False,collision,2.4714040756225586,,,ou_noise,0,759691,754692,754692,12.297954540553055,-94.17980917983168,,,
2334,2333,,,170.1637579997647,121,True,False,True,False,success,0.46908310055732727,,,ou_noise,0,759812,754813,754813,13.211308491131492,-94.0112283249532,,,
2335,2334,,,-149.13306376137876,394,False,True,True,False,collision,2.548518657684326,,,ou_noise,0,760206,755207,755207,18.886592057150633,-94.15853808252945,,,
2336,2335,,,-64.51191783727006,76,False,True,True,False,collision,4.654381275177002,,,ou_noise,0,760282,755283,755283,18.742935971209878,-94.13022272210372,,,
2337,2336,,,170.3571935254065,121,True,False,True,False,success,0.4841760993003845,,,ou_noise,0,760403,755404,755404,21.16455554765118,-94.33570445667614,,,
2338,2337,,,167.17938859861397,133,True,False,True,False,success,0.4456258714199066,,,ou_noise,0,760536,755537,755537,11.677819633842411,-94.19241292853104,,,
2339,2338,,,166.10522440085484,129,True,False,True,False,success,0.45679426193237305,,,ou_noise,0,760665,755666,755666,22.884979246198668,-94.33586836230847,,,
2340,2339,,,166.15692930649038,129,True,False,True,False,success,0.46200427412986755,,,ou_noise,0,760794,755795,755795,16.83052046908889,-93.85131096655084,,,
2341,2340,,,162.12273466326923,138,True,False,True,False,success,0.44056007266044617,,,ou_noise,0,760932,755933,755933,15.803225833436716,-94.32369945360267,,,
2342,2341,,,168.2879186650684,124,True,False,True,False,success,0.43188175559043884,,,ou_noise,0,761056,756057,756057,13.692232738579474,-94.15879969443044,,,
2343,2342,,,169.6515605200184,120,True,False,True,False,success,0.48438307642936707,,,ou_noise,0,761176,756177,756177,14.632049280405045,-94.27785549163818,,,
2344,2343,,,169.5569246832672,122,True,False,True,False,success,0.4531897306442261,,,ou_noise,0,761298,756299,756299,22.35365801170224,-94.09537537371526,,,
2345,2344,,,-227.04560403003882,1000,False,False,False,True,cutoff,5.2978668212890625,,,ou_noise,0,762298,757299,757299,15.067332263827323,-94.07618099212647,,,
2346,2345,,,160.85568006048993,150,True,False,True,False,success,0.4773089587688446,,,ou_noise,0,762448,757449,757449,15.665484344959259,-94.03035634358724,,,
2347,2346,,,161.9721209653458,141,True,False,True,False,success,0.49767231941223145,,,ou_noise,0,762589,757590,757590,17.466508564374127,-94.09861295443055,,,
2348,2347,,,160.76754244834598,145,True,False,True,False,success,0.4087677001953125,,,ou_noise,0,762734,757735,757735,14.95162053848135,-94.16091245453933,,,
2349,2348,,,155.42706013790772,165,True,False,True,False,success,0.4097279906272888,,,ou_noise,0,762899,757900,757900,12.036477645238241,-94.08084684429747,,,
2350,2349,,,161.67761443683358,142,True,False,True,False,success,0.44748595356941223,,,ou_noise,0,763041,758042,758042,15.82531327428952,-94.18835099985901,,,
2351,2350,,,170.45512081847068,127,True,False,True,False,success,0.41830191016197205,,,ou_noise,0,763168,758169,758169,10.577859895435845,-93.97135258471872,,,
2352,2351,,,167.65596737656873,125,True,False,True,False,success,0.4342944622039795,,,ou_noise,0,763293,758294,758294,17.709533784866334,-94.15867327880859,,,
2353,2352,,,167.514709412247,128,True,False,True,False,success,0.4500379264354706,,,ou_noise,0,763421,758422,758422,13.485378913581371,-94.21314811706543,,,
2354,2353,,,167.17300364239094,124,True,False,True,False,success,0.49569419026374817,,,ou_noise,0,763545,758546,758546,16.50920299560793,-94.13736823297316,,,
2355,2354,,,164.61470440365326,134,True,False,True,False,success,0.49285197257995605,,,ou_noise,0,763679,758680,758680,15.434280217583499,-94.08836968265362,,,
2356,2355,,,-200.0658045264592,1000,False,False,False,True,cutoff,5.279621124267578,,,ou_noise,0,764679,759680,759680,16.572854701280594,-94.17040587615966,,,
2357,2356,,,164.9471342617012,136,True,False,True,False,success,0.40819767117500305,,,ou_noise,0,764815,759816,759816,11.027656712952782,-94.08591118980857,,,
2358,2357,,,165.2372440950465,130,True,False,True,False,success,0.49446529150009155,,,ou_noise,0,764945,759946,759946,14.52742383480072,-94.02322634183443,,,
2359,2358,,,-180.35746463703518,401,False,True,True,False,collision,5.274326801300049,,,ou_noise,0,765346,760347,760347,20.34939955951567,-94.33521795867387,,,
2360,2359,,,155.08753734803767,161,True,False,True,False,success,0.46197766065597534,,,ou_noise,0,765507,760508,760508,13.323192018899858,-94.15375367158688,,,
2361,2360,,,-221.85103654175717,1000,False,False,False,True,cutoff,5.277078151702881,,,ou_noise,0,766507,761508,761508,17.49412260353565,-94.20266288757324,,,
2362,2361,,,170.4734634149193,122,True,False,True,False,success,0.4577361047267914,,,ou_noise,0,766629,761630,761630,17.811575299403707,-94.04139434314165,,,
2363,2362,,,165.01118775922248,134,True,False,True,False,success,0.49378901720046997,,,ou_noise,0,766763,761764,761764,17.74079609273085,-94.05388328210631,,,
2364,2363,,,164.40245347889382,133,True,False,True,False,success,0.44080519676208496,,,ou_noise,0,766896,761897,761897,12.619061258502473,-94.0191701444468,,,
2365,2364,,,170.25979338096116,124,True,False,True,False,success,0.4891117215156555,,,ou_noise,0,767020,762021,762021,13.004472967117064,-94.04010132820376,,,
2366,2365,,,168.75504408886354,127,True,False,True,False,success,0.46958744525909424,,,ou_noise,0,767147,762148,762148,17.772468283420473,-93.95979879784771,,,
2367,2366,,,161.50003535484223,147,True,False,True,False,success,0.4849414825439453,,,ou_noise,0,767294,762295,762295,14.115165559612976,-93.99076236024194,,,
2368,2367,,,157.01481757303918,155,True,False,True,False,success,0.483108252286911,,,ou_noise,0,767449,762450,762450,19.169615708628008,-94.24175287062123,,,
2369,2368,,,166.55909542721182,136,True,False,True,False,success,0.4735316038131714,,,ou_noise,0,767585,762586,762586,12.834809985230951,-94.16814523584702,,,
2370,2369,,,164.25048912907954,134,True,False,True,False,success,0.49803629517555237,,,ou_noise,0,767719,762720,762720,18.02739909691597,-93.98639257630306,,,
2371,2370,,,169.10089720538505,129,True,False,True,False,success,0.43387889862060547,,,ou_noise,0,767848,762849,762849,18.513077009555904,-94.15899983487388,,,
2372,2371,,,168.4924766597981,128,True,False,True,False,success,0.4691786468029022,,,ou_noise,0,767976,762977,762977,19.80486384406686,-94.25694817304611,,,
2373,2372,,,-95.64694893400318,43,False,True,True,False,collision,8.214248657226562,,,ou_noise,0,768019,763020,763020,17.403601064238437,-94.18526653910793,,,
2374,2373,,,-49.44559526813697,716,True,False,True,False,success,0.49433889985084534,,,ou_noise,0,768735,763736,763736,15.376037817927045,-94.08724942553643,,,
2375,2374,,,121.6178022007847,291,True,False,True,False,success,0.47420787811279297,,,ou_noise,0,769026,764027,764027,14.977998066603933,-94.12650165361228,,,
2376,2375,,,162.9582092871212,142,True,False,True,False,success,0.42466920614242554,,,ou_noise,0,769168,764169,764169,24.24800981770099,-93.97471978630819,,,
2377,2376,,,166.5199233397566,135,True,False,True,False,success,0.4592263698577881,,,ou_noise,0,769303,764304,764304,21.736977937486436,-94.07662511754918,,,
2378,2377,,,162.9998725176616,142,True,False,True,False,success,0.4773285686969757,,,ou_noise,0,769445,764446,764446,12.685712891565242,-93.93542131235901,,,
2379,2378,,,163.26092216585113,143,True,False,True,False,success,0.40706783533096313,,,ou_noise,0,769588,764589,764589,15.340478615327315,-93.96514828555233,,,
2380,2379,,,170.62613550740122,128,True,False,True,False,success,0.4415013790130615,,,ou_noise,0,769716,764717,764717,19.542264096438885,-93.96570640802383,,,
2381,2380,,,162.25052540937747,141,True,False,True,False,success,0.4308956265449524,,,ou_noise,0,769857,764858,764858,17.59435622827381,-94.15585765432805,,,
2382,2381,,,165.67131895614534,130,True,False,True,False,success,0.49492374062538147,,,ou_noise,0,769987,764988,764988,17.190572887200574,-94.31467349712665,,,
2383,2382,,,162.61474763867784,140,True,False,True,False,success,0.49340468645095825,,,ou_noise,0,770127,765128,765128,15.346284413337708,-94.21285847255162,,,
2384,2383,,,170.1168280823835,119,True,False,True,False,success,0.4665476977825165,,,ou_noise,0,770246,765247,765247,14.944616236606565,-94.21999852797565,,,
2385,2384,,,-44.374104556078855,104,False,True,True,False,collision,2.2554337978363037,,,ou_noise,0,770350,765351,765351,26.850873935681122,-94.2134855710543,,,
2386,2385,,,164.18952912815453,134,True,False,True,False,success,0.4791649580001831,,,ou_noise,0,770484,765485,765485,17.914977408167143,-94.17201625767039,,,
2387,2386,,,159.4695218114634,146,True,False,True,False,success,0.4710552394390106,,,ou_noise,0,770630,765631,765631,15.572114844844766,-94.14367759391052,,,
2388,2387,,,165.46069652193808,140,True,False,True,False,success,0.4224483370780945,,,ou_noise,0,770770,765771,765771,18.819450867176055,-94.18547390529088,,,
2389,2388,,,165.7912436916672,135,True,False,True,False,success,0.46266600489616394,,,ou_noise,0,770905,765906,765906,20.08684089978536,-94.16123747649016,,,
2390,2389,,,-63.05692941257781,71,False,True,True,False,collision,4.937536239624023,,,ou_noise,0,770976,765977,765977,19.089350273911382,-94.37233422507703,,,
2391,2390,,,163.36706165568293,149,True,False,True,False,success,0.4530481696128845,,,ou_noise,0,771125,766126,766126,18.48858105896303,-94.15072053230848,,,
2392,2391,,,165.85244060084796,133,True,False,True,False,success,0.45614805817604065,,,ou_noise,0,771258,766259,766259,19.16041943005153,-94.2947046380294,,,
2393,2392,,,172.04672679726303,118,True,False,True,False,success,0.4998266398906708,,,ou_noise,0,771376,766377,766377,12.952933828709488,-94.23640972072795,,,
2394,2393,,,162.46641736501095,146,True,False,True,False,success,0.40308722853660583,,,ou_noise,0,771522,766523,766523,13.548851280996244,-94.14883391497887,,,
2395,2394,,,168.7959479196615,126,True,False,True,False,success,0.4822956621646881,,,ou_noise,0,771648,766649,766649,17.44453212949965,-94.17090340266152,,,
2396,2395,,,161.65066789250585,141,True,False,True,False,success,0.4706684350967407,,,ou_noise,0,771789,766790,766790,17.59167121234515,-94.2102293731473,,,
2397,2396,,,167.5436855173638,130,True,False,True,False,success,0.45145905017852783,,,ou_noise,0,771919,766920,766920,11.966690584329458,-94.49513872586763,,,
2398,2397,,,163.78735674534187,138,True,False,True,False,success,0.44310465455055237,,,ou_noise,0,772057,767058,767058,12.648010943246925,-94.24041969188745,,,
2399,2398,,,167.16887601676132,132,True,False,True,False,success,0.4483661651611328,,,ou_noise,0,772189,767190,767190,15.134836054209506,-94.4626338265159,,,
2400,2399,,,169.81069410389682,126,True,False,True,False,success,0.42802348732948303,,,ou_noise,0,772315,767316,767316,17.126017663213943,-94.3298701331729,,,
2401,2400,,,172.49576843881255,124,True,False,True,False,success,0.4347449243068695,,,ou_noise,0,772439,767440,767440,24.461405175347483,-94.30602233640609,,,
2402,2401,,,166.5834613604053,128,True,False,True,False,success,0.4380577504634857,,,ou_noise,0,772567,767568,767568,16.42523011751473,-94.40098464488983,,,
2403,2402,,,168.03029292302818,124,True,False,True,False,success,0.44033339619636536,,,ou_noise,0,772691,767692,767692,16.84584097131606,-94.4415551462481,,,
2404,2403,,,166.45861894441947,135,True,False,True,False,success,0.4762645661830902,,,ou_noise,0,772826,767827,767827,17.865479232646802,-94.36051110161675,,,
2405,2404,,,171.5090546996081,117,True,False,True,False,success,0.4491198658943176,,,ou_noise,0,772943,767944,767944,15.35345405798692,-94.40462487375635,,,
2406,2405,,,157.35558354435628,158,True,False,True,False,success,0.47540852427482605,,,ou_noise,0,773101,768102,768102,14.594037028807628,-94.2489512962631,,,
2407,2406,,,172.15678637588718,113,True,False,True,False,success,0.4715367555618286,,,ou_noise,0,773214,768215,768215,12.970334430711459,-94.28114663183162,,,
2408,2407,,,168.7895793844969,123,True,False,True,False,success,0.44151413440704346,,,ou_noise,0,773337,768338,768338,13.333348597937484,-94.31946867655932,,,
2409,2408,,,165.7113921812279,133,True,False,True,False,success,0.4621061384677887,,,ou_noise,0,773470,768471,768471,14.495707354151216,-94.38493720033115,,,
2410,2409,,,162.644387003989,144,True,False,True,False,success,0.4691692888736725,,,ou_noise,0,773614,768615,768615,19.633713831504185,-94.36560503641765,,,
2411,2410,,,165.1278529825894,134,True,False,True,False,success,0.4778767228126526,,,ou_noise,0,773748,768749,768749,14.896241405116978,-94.48768963030915,,,
2412,2411,,,169.64014522033375,128,True,False,True,False,success,0.4420853555202484,,,ou_noise,0,773876,768877,768877,14.011661319993436,-94.46668601036072,,,
2413,2412,,,154.41641639840338,159,True,False,True,False,success,0.48533618450164795,,,ou_noise,0,774035,769036,769036,15.635203488967704,-94.36057396654813,,,
2414,2413,,,165.39613457755837,134,True,False,True,False,success,0.47129911184310913,,,ou_noise,0,774169,769170,769170,15.739425990118908,-94.24919037320721,,,
2415,2414,,,169.2834471590495,129,True,False,True,False,success,0.48641517758369446,,,ou_noise,0,774298,769299,769299,14.502845738285272,-94.38432613638945,,,
2416,2415,,,166.37930761199718,130,True,False,True,False,success,0.47897520661354065,,,ou_noise,0,774428,769429,769429,8.043937129240769,-94.19434386033278,,,
2417,2416,,,163.99019877832123,139,True,False,True,False,success,0.4435611963272095,,,ou_noise,0,774567,769568,769568,18.22261557476126,-94.07362365722656,,,
2418,2417,,,172.51192624343366,115,True,False,True,False,success,0.48584192991256714,,,ou_noise,0,774682,769683,769683,12.134967175773951,-94.44541771930197,,,
2419,2418,,,171.7911453143471,113,True,False,True,False,success,0.47182032465934753,,,ou_noise,0,774795,769796,769796,20.975315201598985,-94.34959836976718,,,
2420,2419,,,162.0573733152981,138,True,False,True,False,success,0.4571142792701721,,,ou_noise,0,774933,769934,769934,17.538760036662005,-94.44917612490447,,,
2421,2420,,,170.63177408956415,120,True,False,True,False,success,0.46162673830986023,,,ou_noise,0,775053,770054,770054,18.781863870223365,-94.38661753336588,,,
2422,2421,,,166.5550994817268,128,True,False,True,False,success,0.4128935933113098,,,ou_noise,0,775181,770182,770182,12.75387760065496,-94.51426541805267,,,
2423,2422,,,164.70822385837656,133,True,False,True,False,success,0.4162262976169586,,,ou_noise,0,775314,770315,770315,24.877994060516357,-94.49781799316406,,,
2424,2423,,,108.70083903188953,330,True,False,True,False,success,0.4891834855079651,,,ou_noise,0,775644,770645,770645,14.96392449465665,-94.55814585830225,,,
2425,2424,,,-233.19666084324356,1000,False,False,False,True,cutoff,4.8587775230407715,,,ou_noise,0,776644,771645,771645,16.90020395386219,-94.49208512115479,,,
2426,2425,,,162.42284051684788,139,True,False,True,False,success,0.459642618894577,,,ou_noise,0,776783,771784,771784,19.490177238587854,-94.45565889207579,,,
2427,2426,,,170.75215183910458,126,True,False,True,False,success,0.4182131588459015,,,ou_noise,0,776909,771910,771910,21.40331883089883,-94.64650102645632,,,
2428,2427,,,159.1304706717153,150,True,False,True,False,success,0.4960983097553253,,,ou_noise,0,777059,772060,772060,17.214572755495706,-94.52183497111002,,,
2429,2428,,,165.9054980278347,134,True,False,True,False,success,0.43789204955101013,,,ou_noise,0,777193,772194,772194,19.636936849622582,-94.57827417174381,,,
2430,2429,,,171.1253158975925,116,True,False,True,False,success,0.44413790106773376,,,ou_noise,0,777309,772310,772310,16.66744395987741,-94.65906965321508,,,
2431,2430,,,165.14549173992177,133,True,False,True,False,success,0.4392719864845276,,,ou_noise,0,777442,772443,772443,13.832583183632757,-94.56836482456752,,,
2432,2431,,,167.50581804227744,130,True,False,True,False,success,0.4630146026611328,,,ou_noise,0,777572,772573,772573,18.92511023374704,-94.67857038057767,,,
2433,2432,,,167.98313342242554,124,True,False,True,False,success,0.4859573245048523,,,ou_noise,0,777696,772697,772697,20.489484117877097,-94.73138200083086,,,
2434,2433,,,160.16119374884698,149,True,False,True,False,success,0.4891812801361084,,,ou_noise,0,777845,772846,772846,14.12488544627324,-94.66862098642643,,,
2435,2434,,,163.72893473354708,134,True,False,True,False,success,0.4963299632072449,,,ou_noise,0,777979,772980,772980,17.361305783044045,-94.54277847062296,,,
2436,2435,,,167.8928056414863,130,True,False,True,False,success,0.45481520891189575,,,ou_noise,0,778109,773110,773110,19.784446492561926,-94.55835688664364,,,
2437,2436,,,166.93357275938047,135,True,False,True,False,success,0.4898487329483032,,,ou_noise,0,778244,773245,773245,14.221288050545587,-94.67626314516421,,,
2438,2437,,,164.81410076978142,131,True,False,True,False,success,0.4630419611930847,,,ou_noise,0,778375,773376,773376,13.3046602838822,-94.8167454959782,,,
2439,2438,,,159.67616584941786,149,True,False,True,False,success,0.47238409519195557,,,ou_noise,0,778524,773525,773525,20.36318350638319,-94.69342619620714,,,
2440,2439,,,169.5733269047627,125,True,False,True,False,success,0.47904205322265625,,,ou_noise,0,778649,773650,773650,14.214758028030396,-94.62419506835937,,,
2441,2440,,,168.54324615826243,126,True,False,True,False,success,0.4560581147670746,,,ou_noise,0,778775,773776,773776,14.924991711737617,-94.70006633940197,,,
2442,2441,,,174.4432449081279,112,True,False,True,False,success,0.45747387409210205,,,ou_noise,0,778887,773888,773888,14.253019914031029,-94.73244885035923,,,
2443,2442,,,-78.51733744228983,80,False,True,True,False,collision,5.860464572906494,,,ou_noise,0,778967,773968,773968,17.90577502846718,-94.88987665176391,,,
2444,2443,,,172.0820502858516,119,True,False,True,False,success,0.4980822801589966,,,ou_noise,0,779086,774087,774087,13.305146105149213,-94.71954268768054,,,
2445,2444,,,164.51517858551503,134,True,False,True,False,success,0.44120803475379944,,,ou_noise,0,779220,774221,774221,14.30781292203647,-94.80037820161279,,,
2446,2445,,,164.38234722267157,133,True,False,True,False,success,0.45798686146736145,,,ou_noise,0,779353,774354,774354,9.578858477728707,-94.72446292504333,,,
2447,2446,,,166.0529773062454,128,True,False,True,False,success,0.44960853457450867,,,ou_noise,0,779481,774482,774482,18.325580574572086,-94.64468520879745,,,
2448,2447,,,170.0749204683774,120,True,False,True,False,success,0.48806095123291016,,,ou_noise,0,779601,774602,774602,17.41339334845543,-94.7776507059733,,,
2449,2448,,,157.61176005027926,155,True,False,True,False,success,0.46550998091697693,,,ou_noise,0,779756,774757,774757,29.40534534915801,-94.76606105681388,,,
2450,2449,,,168.4137020032747,125,True,False,True,False,success,0.47837841510772705,,,ou_noise,0,779881,774882,774882,14.61666619682312,-94.75236779785156,,,
2451,2450,,,160.7942351118078,149,True,False,True,False,success,0.44087716937065125,,,ou_noise,0,780030,775031,775031,15.346196915479315,-94.83216985920131,,,
2452,2451,,,162.8799483662003,138,True,False,True,False,success,0.4745900630950928,,,ou_noise,0,780168,775169,775169,7.892513821954313,-95.05165464981742,,,
2453,2452,,,165.74652761199093,129,True,False,True,False,success,0.4545992910861969,,,ou_noise,0,780297,775298,775298,10.589597587437593,-95.07206465846808,,,
2454,2453,,,159.02290908017375,152,True,False,True,False,success,0.4860684275627136,,,ou_noise,0,780449,775450,775450,18.083472077783785,-94.774337417201,,,
2455,2454,,,168.22298818956938,129,True,False,True,False,success,0.4790193438529968,,,ou_noise,0,780578,775579,775579,13.097232099651366,-95.0117406919021,,,
2456,2455,,,166.94953596234345,130,True,False,True,False,success,0.44803085923194885,,,ou_noise,0,780708,775709,775709,21.42409429916969,-94.84991061870869,,,
2457,2456,,,161.1255906025741,139,True,False,True,False,success,0.47299641370773315,,,ou_noise,0,780847,775848,775848,15.785450300724387,-94.84126473845338,,,
2458,2457,,,164.19931312097953,138,True,False,True,False,success,0.4965604543685913,,,ou_noise,0,780985,775986,775986,16.85731581846873,-94.93188620304716,,,
2459,2458,,,169.7873612750526,117,True,False,True,False,success,0.48874345421791077,,,ou_noise,0,781102,776103,776103,10.129988992316092,-94.92667747562767,,,
2460,2459,,,169.43406693830337,124,True,False,True,False,success,0.4190293550491333,,,ou_noise,0,781226,776227,776227,15.68826041683074,-94.85191037577968,,,
2461,2460,,,166.5824060560575,131,True,False,True,False,success,0.4218249022960663,,,ou_noise,0,781357,776358,776358,18.50522485398154,-94.88301511575247,,,
2462,2461,,,170.22056376193774,114,True,False,True,False,success,0.4844445288181305,,,ou_noise,0,781471,776472,776472,14.67092031554172,-94.6001608999152,,,
2463,2462,,,161.1250259649388,148,True,False,True,False,success,0.43704232573509216,,,ou_noise,0,781619,776620,776620,21.74055401698963,-94.84289803376069,,,
2464,2463,,,163.01797322117315,135,True,False,True,False,success,0.4824080169200897,,,ou_noise,0,781754,776755,776755,16.53774708112081,-94.90599941677517,,,
2465,2464,,,170.19783089243617,117,True,False,True,False,success,0.4922730326652527,,,ou_noise,0,781871,776872,776872,15.917732662624783,-94.96334825825487,,,
2466,2465,,,170.13736025637755,119,True,False,True,False,success,0.4297190308570862,,,ou_noise,0,781990,776991,776991,19.93985590413839,-95.0469914284073,,,
2467,2466,,,162.24080540588005,147,True,False,True,False,success,0.49052053689956665,,,ou_noise,0,782137,777138,777138,12.868916015235746,-94.88449122630009,,,
2468,2467,,,-59.54860241369495,91,False,True,True,False,collision,4.12161111831665,,,ou_noise,0,782228,777229,777229,10.3568793626932,-95.02322111024961,,,
2469,2468,,,161.69284228884834,141,True,False,True,False,success,0.4486154317855835,,,ou_noise,0,782369,777370,777370,16.76451741042712,-94.74242806941905,,,
2470,2469,,,164.94069397030097,133,True,False,True,False,success,0.4545718729496002,,,ou_noise,0,782502,777503,777503,18.389826663454674,-94.89709988931068,,,
2471,2470,,,-40.81599627329096,126,False,True,True,False,collision,1.097840666770935,,,ou_noise,0,782628,777629,777629,13.188004720778693,-94.87950576297821,,,
2472,2471,,,162.08430727947663,145,True,False,True,False,success,0.47591403126716614,,,ou_noise,0,782773,777774,777774,24.10313592450372,-94.95674007021148,,,
2473,2472,,,163.52772529965281,136,True,False,True,False,success,0.4786655604839325,,,ou_noise,0,782909,777910,777910,19.026039145448628,-94.92126700457405,,,
2474,2473,,,164.50803969735117,143,True,False,True,False,success,0.4602065980434418,,,ou_noise,0,783052,778053,778053,12.419733247556886,-95.00071166778778,,,
2475,2474,,,155.77773241548306,160,True,False,True,False,success,0.49217525124549866,,,ou_noise,0,783212,778213,778213,15.531925870478153,-94.8918071269989,,,
2476,2475,,,157.15750629860315,162,True,False,True,False,success,0.44265085458755493,,,ou_noise,0,783374,778375,778375,16.23912964779654,-94.91839533676335,,,
2477,2476,,,27.783095851253947,568,True,False,True,False,success,0.43811023235321045,,,ou_noise,0,783942,778943,778943,16.23187206580605,-94.97820158407721,,,
2478,2477,,,168.69259846876065,127,True,False,True,False,success,0.48577988147735596,,,ou_noise,0,784069,779070,779070,18.511104765839463,-94.90027468223272,,,
2479,2478,,,164.43316674676487,137,True,False,True,False,success,0.43344050645828247,,,ou_noise,0,784206,779207,779207,9.5523378709807,-95.0030602225422,,,
2480,2479,,,164.05581549058917,137,True,False,True,False,success,0.4981200098991394,,,ou_noise,0,784343,779344,779344,16.961383295755315,-95.06180316340314,,,
2481,2480,,,166.94701629219176,131,True,False,True,False,success,0.4750376045703888,,,ou_noise,0,784474,779475,779475,12.529228543507234,-94.96100319432848,,,
2482,2481,,,172.30458861819972,117,True,False,True,False,success,0.48724034428596497,,,ou_noise,0,784591,779592,779592,20.25487260736971,-94.82155361338559,,,
2483,2482,,,-70.97401863901965,71,False,True,True,False,collision,5.604562759399414,,,ou_noise,0,784662,779663,779663,12.158364275811424,-95.08643975056393,,,
2484,2483,,,169.03743206526127,123,True,False,True,False,success,0.49318841099739075,,,ou_noise,0,784785,779786,779786,15.883528942015113,-95.04605077728023,,,
2485,2484,,,169.78160160236501,119,True,False,True,False,success,0.4374485909938812,,,ou_noise,0,784904,779905,779905,17.472872369429645,-94.90194157191685,,,
2486,2485,,,163.05092808563538,140,True,False,True,False,success,0.471434086561203,,,ou_noise,0,785044,780045,780045,19.067506211144583,-95.10827756609235,,,
2487,2486,,,161.43905674235177,142,True,False,True,False,success,0.49237769842147827,,,ou_noise,0,785186,780187,780187,13.721403895969122,-95.00775404379401,,,
2488,2487,,,164.67359072015375,140,True,False,True,False,success,0.4298151135444641,,,ou_noise,0,785326,780327,780327,25.60328633104052,-95.17774107796805,,,
2489,2488,,,159.0680441654378,148,True,False,True,False,success,0.4948461353778839,,,ou_noise,0,785474,780475,780475,22.0949292875625,-94.97579038465345,,,
2490,2489,,,166.6157111292455,129,True,False,True,False,success,0.4853573143482208,,,ou_noise,0,785603,780604,780604,14.380903839140899,-95.01235831800358,,,
2491,2490,,,165.39180055524184,135,True,False,True,False,success,0.4237504303455353,,,ou_noise,0,785738,780739,780739,18.470849492814807,-95.02591377540871,,,
2492,2491,,,165.56467722582056,131,True,False,True,False,success,0.4572996199131012,,,ou_noise,0,785869,780870,780870,20.0760925926325,-95.28305863242113,,,
2493,2492,,,158.91039516363642,146,True,False,True,False,success,0.42424383759498596,,,ou_noise,0,786015,781016,781016,22.486929037799573,-95.01096871781023,,,
2494,2493,,,173.09111082657907,112,True,False,True,False,success,0.48111477494239807,,,ou_noise,0,786127,781128,781128,13.565460249781609,-94.94961888449532,,,
2495,2494,,,161.74663509800536,143,True,False,True,False,success,0.4981858432292938,,,ou_noise,0,786270,781271,781271,14.29917548252986,-94.94454507894449,,,
2496,2495,,,114.88237602851407,318,True,False,True,False,success,0.49835464358329773,,,ou_noise,0,786588,781589,781589,18.3005781709773,-94.94976151664302,,,
2497,2496,,,160.39853029405884,148,True,False,True,False,success,0.47649434208869934,,,ou_noise,0,786736,781737,781737,16.093927111174608,-95.04294745986526,,,
2498,2497,,,170.0148293474155,121,True,False,True,False,success,0.413479208946228,,,ou_noise,0,786857,781858,781858,18.685791512166173,-95.11106544683787,,,
2499,2498,,,-137.61219410585267,250,False,True,True,False,collision,5.878695011138916,,,ou_noise,0,787107,782108,782108,18.810923909187316,-95.05577828979492,,,
2500,2499,,,165.78555691113647,127,True,False,True,False,success,0.44469040632247925,,,ou_noise,0,787234,782235,782235,15.065083974928367,-95.11221085195466,,,
2501,2500,,,170.3385203874156,123,True,False,True,False,success,0.4752413034439087,,,ou_noise,0,787357,782358,782358,20.352875792883275,-95.0317438017062,,,
2502,2501,,,168.16534652508756,128,True,False,True,False,success,0.4436015784740448,,,ou_noise,0,787485,782486,782486,17.596549186855555,-95.15989208221436,,,
2503,2502,,,169.52726638742377,120,True,False,True,False,success,0.46950411796569824,,,ou_noise,0,787605,782606,782606,18.221000373363495,-94.93371022542318,,,
2504,2503,,,161.88802735786254,139,True,False,True,False,success,0.42159304022789,,,ou_noise,0,787744,782745,782745,13.926792045291378,-95.20846656415102,,,
2505,2504,,,162.5625112781662,133,True,False,True,False,success,0.4507240355014801,,,ou_noise,0,787877,782878,782878,17.21917460108162,-95.27289334634193,,,
2506,2505,,,159.87959745425601,145,True,False,True,False,success,0.4094504415988922,,,ou_noise,0,788022,783023,783023,21.660438415921966,-95.1685081218851,,,
2507,2506,,,166.39994238066566,130,True,False,True,False,success,0.42087849974632263,,,ou_noise,0,788152,783153,783153,21.394189605346092,-95.26079547588643,,,
2508,2507,,,164.68400521032993,131,True,False,True,False,success,0.47398653626441956,,,ou_noise,0,788283,783284,783284,13.30333348266951,-95.14742581898929,,,
2509,2508,,,162.7221970684053,134,True,False,True,False,success,0.47414785623550415,,,ou_noise,0,788417,783418,783418,11.864766456297975,-95.14329039160884,,,
2510,2509,,,154.3671913138054,160,True,False,True,False,success,0.4616694152355194,,,ou_noise,0,788577,783578,783578,15.820623463392257,-95.23125944137573,,,
2511,2510,,,166.66639481985766,126,True,False,True,False,success,0.4255189001560211,,,ou_noise,0,788703,783704,783704,16.264006493583558,-95.22463510906886,,,
2512,2511,,,160.46097201518086,154,True,False,True,False,success,0.4332442581653595,,,ou_noise,0,788857,783858,783858,19.675241883698995,-95.09699853674158,,,
2513,2512,,,167.12895696960737,128,True,False,True,False,success,0.41094905138015747,,,ou_noise,0,788985,783986,783986,12.299416968598962,-95.33831036090851,,,
2514,2513,,,155.33607725739253,158,True,False,True,False,success,0.4403836131095886,,,ou_noise,0,789143,784144,784144,17.30607595473905,-95.29528007024452,,,
2515,2514,,,172.56206016758185,116,True,False,True,False,success,0.42406758666038513,,,ou_noise,0,789259,784260,784260,22.98193553295629,-95.25523823705213,,,
2516,2515,,,164.377313785895,135,True,False,True,False,success,0.49301832914352417,,,ou_noise,0,789394,784395,784395,24.984799425690262,-95.13347473144532,,,
2517,2516,,,164.03862859452283,139,True,False,True,False,success,0.45671355724334717,,,ou_noise,0,789533,784534,784534,16.351299134947414,-95.23910720056767,,,
2518,2517,,,161.67674322330333,139,True,False,True,False,success,0.48713037371635437,,,ou_noise,0,789672,784673,784673,12.790633757337392,-95.21601093758782,,,
2519,2518,,,171.45562031044915,120,True,False,True,False,success,0.47354811429977417,,,ou_noise,0,789792,784793,784793,14.492428739865622,-95.56725330352783,,,
2520,2519,,,165.57261559208075,131,True,False,True,False,success,0.4668910801410675,,,ou_noise,0,789923,784924,784924,22.530215920382783,-95.48020341014134,,,
2521,2520,,,163.53675206752058,137,True,False,True,False,success,0.4143235683441162,,,ou_noise,0,790060,785061,785061,11.430297421712945,-95.39301778974324,,,
2522,2521,,,163.6406453045921,140,True,False,True,False,success,0.4524979889392853,,,ou_noise,0,790200,785201,785201,16.025477526017596,-95.13578191484724,,,
2523,2522,,,172.61224227846594,114,True,False,True,False,success,0.42375144362449646,,,ou_noise,0,790314,785315,785315,10.05953047568338,-95.40035308034797,,,
2524,2523,,,171.26341660476135,118,True,False,True,False,success,0.4568924307823181,,,ou_noise,0,790432,785433,785433,23.125579442008068,-95.45727332163665,,,
2525,2524,,,168.6279916258036,128,True,False,True,False,success,0.45647796988487244,,,ou_noise,0,790560,785561,785561,16.86453808285296,-95.38331061601639,,,
2526,2525,,,-66.73340214206291,84,False,True,True,False,collision,5.006738662719727,,,ou_noise,0,790644,785645,785645,29.088848216193064,-95.07600511823382,,,
2527,2526,,,-226.38354124280696,1000,False,False,False,True,cutoff,3.957736015319824,,,ou_noise,0,791644,786645,786645,18.737934710502625,-95.35253390502929,,,
2528,2527,,,128.68471053157853,265,True,False,True,False,success,0.46987393498420715,,,ou_noise,0,791909,786910,786910,20.25290689198476,-95.37550526744914,,,
2529,2528,,,171.25569261243675,114,True,False,True,False,success,0.474096417427063,,,ou_noise,0,792023,787024,787024,22.28665520852072,-95.30138156288548,,,
2530,2529,,,170.58080340918093,121,True,False,True,False,success,0.4948757588863373,,,ou_noise,0,792144,787145,787145,25.0862894669052,-95.36265242395322,,,
2531,2530,,,167.6396097825005,126,True,False,True,False,success,0.4955333173274994,,,ou_noise,0,792270,787271,787271,17.441902236332968,-95.1634901137579,,,
2532,2531,,,164.06690520874673,134,True,False,True,False,success,0.48772192001342773,,,ou_noise,0,792404,787405,787405,18.646997030101605,-95.30558099319686,,,
2533,2532,,,171.05201025110682,120,True,False,True,False,success,0.47810646891593933,,,ou_noise,0,792524,787525,787525,21.209236317873,-95.31495927174886,,,
2534,2533,,,170.55954702008358,119,True,False,True,False,success,0.406055212020874,,,ou_noise,0,792643,787644,787644,21.042048203844985,-95.39779958003709,,,
2535,2534,,,160.30866635045265,150,True,False,True,False,success,0.4796407222747803,,,ou_noise,0,792793,787794,787794,10.324063159624735,-95.34383997599284,,,
2536,2535,,,163.54373918389138,139,True,False,True,False,success,0.4946999251842499,,,ou_noise,0,792932,787933,787933,17.266635433375406,-95.3973540162011,,,
2537,2536,,,163.49041302513854,139,True,False,True,False,success,0.4825635254383087,,,ou_noise,0,793071,788072,788072,12.412141012630874,-95.36826642811727,,,
2538,2537,,,163.66807414477884,132,True,False,True,False,success,0.4889349639415741,,,ou_noise,0,793203,788204,788204,21.410638438932825,-95.43273891102184,,,
2539,2538,,,169.33199291449233,126,True,False,True,False,success,0.4810730814933777,,,ou_noise,0,793329,788330,788330,20.37787525426774,-95.33833482530382,,,
2540,2539,,,170.65523552858934,119,True,False,True,False,success,0.4828302562236786,,,ou_noise,0,793448,788449,788449,19.66398318475034,-95.4759419545406,,,
2541,2540,,,163.81890087958416,138,True,False,True,False,success,0.43198516964912415,,,ou_noise,0,793586,788587,788587,15.848640935144562,-95.49281504534292,,,
2542,2541,,,169.1579589345872,123,True,False,True,False,success,0.4738868772983551,,,ou_noise,0,793709,788710,788710,21.02426633989908,-95.38791458005828,,,
2543,2542,,,170.15432450894403,117,True,False,True,False,success,0.4703584313392639,,,ou_noise,0,793826,788827,788827,15.74474030885941,-95.59724054581079,,,
2544,2543,,,170.13155291931892,122,True,False,True,False,success,0.4949199855327606,,,ou_noise,0,793948,788949,788949,12.262645883638351,-95.46835452220479,,,
2545,2544,,,164.18506710794117,136,True,False,True,False,success,0.4417918622493744,,,ou_noise,0,794084,789085,789085,12.909856892683926,-95.35835827098174,,,
2546,2545,,,166.88287917417006,138,True,False,True,False,success,0.4784998893737793,,,ou_noise,0,794222,789223,789223,21.765134598897852,-95.5684462837551,,,
2547,2546,,,166.12198502617974,131,True,False,True,False,success,0.4302147328853607,,,ou_noise,0,794353,789354,789354,19.07433279598032,-95.37959039120274,,,
2548,2547,,,172.06697799995078,117,True,False,True,False,success,0.4147370457649231,,,ou_noise,0,794470,789471,789471,16.479909407786835,-95.58490609715128,,,
2549,2548,,,160.34345503445786,146,True,False,True,False,success,0.4252171814441681,,,ou_noise,0,794616,789617,789617,14.881628412089936,-95.63611686393006,,,
2550,2549,,,165.8065378169565,130,True,False,True,False,success,0.45203959941864014,,,ou_noise,0,794746,789747,789747,21.566359501618606,-95.49758711594802,,,
2551,2550,,,162.04469509435114,138,True,False,True,False,success,0.46230143308639526,,,ou_noise,0,794884,789885,789885,23.297103596770246,-95.36942545572917,,,
2552,2551,,,168.13481538405313,129,True,False,True,False,success,0.4768989086151123,,,ou_noise,0,795013,790014,790014,15.182911082755687,-95.63042875777843,,,
2553,2552,,,163.95985475450408,133,True,False,True,False,success,0.4332832098007202,,,ou_noise,0,795146,790147,790147,18.084696303632924,-95.5483369181927,,,
2554,2553,,,161.56262425266445,146,True,False,True,False,success,0.4249509274959564,,,ou_noise,0,795292,790293,790293,17.533806568955722,-95.54536469341957,,,
2555,2554,,,168.4086727672318,126,True,False,True,False,success,0.4968249201774597,,,ou_noise,0,795418,790419,790419,14.291131975158812,-95.60750222584558,,,
2556,2555,,,169.7119598656463,125,True,False,True,False,success,0.45778876543045044,,,ou_noise,0,795543,790544,790544,15.123457394599914,-95.75369793701172,,,
2557,2556,,,169.41443114090262,126,True,False,True,False,success,0.46644434332847595,,,ou_noise,0,795669,790670,790670,13.485939782763284,-95.6694574507456,,,
2558,2557,,,151.14837076454666,174,True,False,True,False,success,0.4785209000110626,,,ou_noise,0,795843,790844,790844,19.38372142835595,-95.5567521281626,,,
2559,2558,,,157.36035252504496,157,True,False,True,False,success,0.42213451862335205,,,ou_noise,0,796000,791001,791001,17.295048450968068,-95.53469007941568,,,
2560,2559,,,163.86378107052627,138,True,False,True,False,success,0.47596776485443115,,,ou_noise,0,796138,791139,791139,20.816149290057197,-95.59508038949275,,,
2561,2560,,,167.02506018263136,129,True,False,True,False,success,0.469181090593338,,,ou_noise,0,796267,791268,791268,16.069119649340017,-95.70156038269516,,,
2562,2561,,,166.5899227941709,130,True,False,True,False,success,0.4332946836948395,,,ou_noise,0,796397,791398,791398,21.24747436780196,-95.52748119647686,,,
2563,2562,,,166.80389302470417,127,True,False,True,False,success,0.4713408052921295,,,ou_noise,0,796524,791525,791525,15.851204476957246,-95.57347275140717,,,
2564,2563,,,164.23146639122785,137,True,False,True,False,success,0.4137183725833893,,,ou_noise,0,796661,791662,791662,11.464621091411061,-95.64684523979243,,,
2565,2564,,,164.1244486187128,135,True,False,True,False,success,0.44399139285087585,,,ou_noise,0,796796,791797,791797,11.144208922209563,-95.73390904179325,,,
2566,2565,,,162.29389128643157,137,True,False,True,False,success,0.4603216350078583,,,ou_noise,0,796933,791934,791934,23.2559477569413,-95.70943256016196,,,
2567,2566,,,166.58694031742164,132,True,False,True,False,success,0.46440446376800537,,,ou_noise,0,797065,792066,792066,18.52502327164014,-95.683061541933,,,
2568,2567,,,159.92039694134888,147,True,False,True,False,success,0.44671139121055603,,,ou_noise,0,797212,792213,792213,20.886720256740546,-95.70302929521418,,,
2569,2568,,,161.512751419641,143,True,False,True,False,success,0.44950318336486816,,,ou_noise,0,797355,792356,792356,15.013428276235407,-95.72749419312377,,,
2570,2569,,,169.1561905553923,123,True,False,True,False,success,0.4895189106464386,,,ou_noise,0,797478,792479,792479,20.77687597856289,-95.5581737611352,,,
2571,2570,,,169.21215925464264,120,True,False,True,False,success,0.45301976799964905,,,ou_noise,0,797598,792599,792599,20.47367894053459,-95.64707196553549,,,
2572,2571,,,162.52265919771637,141,True,False,True,False,success,0.4534216821193695,,,ou_noise,0,797739,792740,792740,18.395686616288856,-95.67908185593625,,,
2573,2572,,,169.65106126754807,130,True,False,True,False,success,0.44613057374954224,,,ou_noise,0,797869,792870,792870,10.866104580805851,-95.74054706280049,,,
2574,2573,,,162.94637542029665,144,True,False,True,False,success,0.425648033618927,,,ou_noise,0,798013,793014,793014,13.475438555081686,-95.77813529968262,,,
2575,2574,,,165.80124548033814,128,True,False,True,False,success,0.4041881263256073,,,ou_noise,0,798141,793142,793142,16.38593609817326,-95.87797808647156,,,
2576,2575,,,162.3259887607681,140,True,False,True,False,success,0.49558398127555847,,,ou_noise,0,798281,793282,793282,21.338292913777487,-95.94035606384277,,,
2577,2576,,,165.6912781966476,129,True,False,True,False,success,0.496981680393219,,,ou_noise,0,798410,793411,793411,16.59581464390422,-95.89370390426281,,,
2578,2577,,,-238.20240331334216,1000,False,False,False,True,cutoff,7.798157215118408,,,ou_noise,0,799410,794411,794411,15.041200507283211,-95.8045743637085,,,
2579,2578,,,158.80467742465925,151,True,False,True,False,success,0.44092828035354614,,,ou_noise,0,799561,794562,794562,14.13110503455661,-95.79403979573028,,,
2580,2579,,,159.55063738543507,149,True,False,True,False,success,0.44049233198165894,,,ou_noise,0,799710,794711,794711,13.982876184002665,-95.86510790114434,,,
2581,2580,,,172.04992856229842,112,True,False,True,False,success,0.47968417406082153,,,ou_noise,0,799822,794823,794823,19.730880556362017,-95.72024359021869,,,
2582,2581,,,156.59990037782927,159,True,False,True,False,success,0.4545415937900543,,,ou_noise,0,799981,794982,794982,14.914247749736473,-95.95262793774874,,,
2583,2582,,,162.8306973831673,133,True,False,True,False,success,0.48085030913352966,,,ou_noise,0,800114,795115,795115,20.71893606867109,-95.89752879895661,,,
2584,2583,,,-115.77617318319093,271,False,True,True,False,collision,4.614257335662842,,,ou_noise,0,800385,795386,795386,21.87199704497503,-95.88689887127754,,,
2585,2584,,,169.2088254912702,126,True,False,True,False,success,0.42912885546684265,,,ou_noise,0,800511,795512,795512,15.728758842226059,-95.88821883428665,,,
2586,2585,,,-76.30882643222128,44,False,True,True,False,collision,7.066783428192139,,,ou_noise,0,800555,795556,795556,7.7023931470784275,-95.89690347151323,,,
2587,2586,,,169.03150576962577,126,True,False,True,False,success,0.4226510524749756,,,ou_noise,0,800681,795682,795682,9.186178014391945,-95.76564056154281,,,
2588,2587,,,163.28389796704698,139,True,False,True,False,success,0.47385749220848083,,,ou_noise,0,800820,795821,795821,16.025976494919483,-95.86857149412306,,,
2589,2588,,,162.30685646709497,136,True,False,True,False,success,0.46645694971084595,,,ou_noise,0,800956,795957,795957,11.454430646756116,-95.85485935211182,,,
2590,2589,,,171.13227108054775,117,True,False,True,False,success,0.4757845401763916,,,ou_noise,0,801073,796074,796074,13.113144042145493,-95.82782269339276,,,
2591,2590,,,139.6186819238681,203,True,False,True,False,success,0.4810984432697296,,,ou_noise,0,801276,796277,796277,18.388844731993277,-96.00779359563818,,,
2592,2591,,,172.7186866249336,119,True,False,True,False,success,0.4297361373901367,,,ou_noise,0,801395,796396,796396,17.640308496330967,-95.84052174031234,,,
2593,2592,,,-250.83263081490347,1000,False,False,False,True,cutoff,3.190077781677246,,,ou_noise,0,802395,797396,797396,15.93439447414875,-95.87735275268555,,,
2594,2593,,,169.52737589702014,118,True,False,True,False,success,0.48059284687042236,,,ou_noise,0,802513,797514,797514,21.170903135154205,-95.8653674368131,,,
2595,2594,,,165.1859130244021,133,True,False,True,False,success,0.45752647519111633,,,ou_noise,0,802646,797647,797647,15.497566029541474,-95.74782367218705,,,
2596,2595,,,159.28284307944742,148,True,False,True,False,success,0.46550124883651733,,,ou_noise,0,802794,797795,797795,15.571131250342807,-95.75275091222815,,,
2597,2596,,,162.0862506598647,143,True,False,True,False,success,0.4329240322113037,,,ou_noise,0,802937,797938,797938,15.773434857388477,-95.86896173437158,,,
2598,2597,,,161.8312291717874,139,True,False,True,False,success,0.47424036264419556,,,ou_noise,0,803076,798077,798077,12.89119267463684,-95.85034745031123,,,
2599,2598,,,162.24505349411882,143,True,False,True,False,success,0.4821990132331848,,,ou_noise,0,803219,798220,798220,13.61844738546785,-95.96060772875806,,,
2600,2599,,,165.45652993132188,134,True,False,True,False,success,0.4365312457084656,,,ou_noise,0,803353,798354,798354,15.965111559896327,-95.86231618852757,,,
2601,2600,,,168.23094940873793,126,True,False,True,False,success,0.4651213586330414,,,ou_noise,0,803479,798480,798480,9.221989605161879,-95.91490906003922,,,
2602,2601,,,163.81430580111046,137,True,False,True,False,success,0.41610187292099,,,ou_noise,0,803616,798617,798617,17.50509954194953,-95.84064762087634,,,
2603,2602,,,162.19940410141612,138,True,False,True,False,success,0.4776720702648163,,,ou_noise,0,803754,798755,798755,14.39791057507197,-96.03879044021386,,,
2604,2603,,,-91.49209325542687,34,False,True,True,False,collision,8.488873481750488,,,ou_noise,0,803788,798789,798789,30.170399960349588,-95.87554325776942,,,
2605,2604,,,167.86263251167946,127,True,False,True,False,success,0.43676143884658813,,,ou_noise,0,803915,798916,798916,19.63472778027452,-95.90213277020793,,,
2606,2605,,,174.77088815885986,110,True,False,True,False,success,0.4630969762802124,,,ou_noise,0,804025,799026,799026,12.799255711382086,-95.94257743141868,,,
2607,2606,,,167.0746177082504,133,True,False,True,False,success,0.48331743478775024,,,ou_noise,0,804158,799159,799159,17.519783654607327,-96.08506918312015,,,
2608,2607,,,163.20448946491814,136,True,False,True,False,success,0.40542617440223694,,,ou_noise,0,804294,799295,799295,15.802718493868323,-95.89436132767621,,,
2609,2608,,,161.410410607394,142,True,False,True,False,success,0.4432598352432251,,,ou_noise,0,804436,799437,799437,17.435546967345225,-96.00735473632812,,,
2610,2609,,,172.11589417397914,116,True,False,True,False,success,0.4739202857017517,,,ou_noise,0,804552,799553,799553,14.458539857946594,-96.12736721696525,,,
2611,2610,,,168.015655989724,132,True,False,True,False,success,0.44019797444343567,,,ou_noise,0,804684,799685,799685,18.13293471390551,-96.05762701323538,,,
2612,2611,,,165.66617827506343,142,True,False,True,False,success,0.4852398931980133,,,ou_noise,0,804826,799827,799827,24.58711267692942,-95.97465079938861,,,
2613,2612,,,-265.40846543726593,1000,False,False,False,True,cutoff,3.704721212387085,,,ou_noise,0,805826,800827,800827,18.188234782934188,-96.03492894744873,,,
2614,2613,,,153.4430252809583,165,True,False,True,False,success,0.4277915954589844,,,ou_noise,0,805991,800992,800992,11.908179463762226,-96.0638266361121,,,
2615,2614,,,166.52434832801944,128,True,False,True,False,success,0.4596954584121704,,,ou_noise,0,806119,801120,801120,11.566906593739986,-96.03790605068207,,,
2616,2615,,,171.4306026973121,116,True,False,True,False,success,0.4190124571323395,,,ou_noise,0,806235,801236,801236,20.825480940013097,-95.95011987357304,,,
2617,2616,,,162.39604864775617,138,True,False,True,False,success,0.4782005548477173,,,ou_noise,0,806373,801374,801374,19.97200626394023,-96.0304808685745,,,
2618,2617,,,170.7221304676675,116,True,False,True,False,success,0.46710214018821716,,,ou_noise,0,806489,801490,801490,16.105359309706195,-95.91042827737742,,,
2619,2618,,,167.00069123837898,126,True,False,True,False,success,0.4717782437801361,,,ou_noise,0,806615,801616,801616,15.048239719300042,-95.9922634306408,,,
2620,2619,,,164.590234489467,136,True,False,True,False,success,0.45598918199539185,,,ou_noise,0,806751,801752,801752,14.396173812010709,-96.08366483800552,,,
2621,2620,,,165.72635056407535,132,True,False,True,False,success,0.49553778767585754,,,ou_noise,0,806883,801884,801884,17.546730225736443,-96.05986600933653,,,
2622,2621,,,167.12021506253436,129,True,False,True,False,success,0.4470534920692444,,,ou_noise,0,807012,802013,802013,22.910547855288485,-96.13810120811758,,,
2623,2622,,,148.57374451854258,187,True,False,True,False,success,0.4974135160446167,,,ou_noise,0,807199,802200,802200,14.000049037729354,-96.15982679887252,,,
2624,2623,,,163.6832677985048,135,True,False,True,False,success,0.46709752082824707,,,ou_noise,0,807334,802335,802335,23.613277274590953,-96.15377428973163,,,
2625,2624,,,162.67409990572722,143,True,False,True,False,success,0.43705782294273376,,,ou_noise,0,807477,802478,802478,17.21168068572358,-96.16144369698904,,,
2626,2625,,,158.71074542236641,153,True,False,True,False,success,0.45692697167396545,,,ou_noise,0,807630,802631,802631,19.776486946866402,-96.23354534074372,,,
2627,2626,,,165.4173982976259,133,True,False,True,False,success,0.4876894950866699,,,ou_noise,0,807763,802764,802764,16.763490746792097,-96.03471374511719,,,
2628,2627,,,165.74932568928375,140,True,False,True,False,success,0.41886571049690247,,,ou_noise,0,807903,802904,802904,20.09961493611336,-96.27176306588309,,,
2629,2628,,,161.33424204556968,148,True,False,True,False,success,0.4091266691684723,,,ou_noise,0,808051,803052,803052,17.46830693934415,-96.21206680504051,,,
2630,2629,,,168.75114299825967,125,True,False,True,False,success,0.4206601083278656,,,ou_noise,0,808176,803177,803177,11.812695678710938,-96.26065441894531,,,
2631,2630,,,139.13314055509545,217,True,False,True,False,success,0.4077162742614746,,,ou_noise,0,808393,803394,803394,19.669345642564483,-96.28478437854397,,,
2632,2631,,,158.32780541675078,151,True,False,True,False,success,0.45434799790382385,,,ou_noise,0,808544,803545,803545,13.654834897312897,-96.23791215909237,,,
2633,2632,,,165.909916195245,137,True,False,True,False,success,0.4557982087135315,,,ou_noise,0,808681,803682,803682,12.641111362589537,-96.11945437688897,,,
2634,2633,,,166.52353887711206,127,True,False,True,False,success,0.45785191655158997,,,ou_noise,0,808808,803809,803809,18.927909642692626,-96.19501459316945,,,
2635,2634,,,-69.18195700668537,105,False,True,True,False,collision,4.0779805183410645,,,ou_noise,0,808913,803914,803914,15.922427138828096,-96.06808013916016,,,
2636,2635,,,166.21929695115153,134,True,False,True,False,success,0.4524948000907898,,,ou_noise,0,809047,804048,804048,9.66322259315804,-96.2886119671722,,,
2637,2636,,,-252.09870719525486,1000,False,False,False,True,cutoff,3.23237943649292,,,ou_noise,0,810047,805048,805048,16.34394148170948,-96.19791434478759,,,
2638,2637,,,171.442954646473,118,True,False,True,False,success,0.4136814773082733,,,ou_noise,0,810165,805166,805166,14.582026418993028,-96.07182143906415,,,
2639,2638,,,-305.3059069133965,855,False,True,True,False,collision,3.0471301078796387,,,ou_noise,0,811020,806021,806021,14.635767223960475,-96.08194764789782,,,
2640,2639,,,155.41486917897328,152,True,False,True,False,success,0.4205693006515503,,,ou_noise,0,811172,806173,806173,14.90957627484673,-95.95885532780697,,,
2641,2640,,,-124.89040196469428,63,False,True,True,False,collision,10.843406677246094,,,ou_noise,0,811235,806236,806236,22.17358480559455,-96.05759672134641,,,
2642,2641,,,161.85398960533345,143,True,False,True,False,success,0.49402496218681335,,,ou_noise,0,811378,806379,806379,24.069653451025903,-95.96894564328494,,,
2643,2642,,,160.05554902383167,154,True,False,True,False,success,0.44161614775657654,,,ou_noise,0,811532,806533,806533,11.826980203777165,-96.18373231763964,,,
2644,2643,,,-188.38167356111873,459,False,True,True,False,collision,3.1784303188323975,,,ou_noise,0,811991,806992,806992,15.782520107454204,-96.08613707764735,,,
2645,2644,,,167.42015670879326,128,True,False,True,False,success,0.42384272813796997,,,ou_noise,0,812119,807120,807120,13.345829224213958,-96.1099151968956,,,
2646,2645,,,166.79777108671368,128,True,False,True,False,success,0.46638721227645874,,,ou_noise,0,812247,807248,807248,16.839743938297033,-96.05150085687637,,,
2647,2646,,,-94.9902635918568,188,False,True,True,False,collision,3.839496612548828,,,ou_noise,0,812435,807436,807436,22.51701058859521,-96.0092619226334,,,
2648,2647,,,170.48996227527758,121,True,False,True,False,success,0.44596028327941895,,,ou_noise,0,812556,807557,807557,10.77233329095131,-96.09494958042113,,,
2649,2648,,,164.16804607524352,138,True,False,True,False,success,0.4276493787765503,,,ou_noise,0,812694,807695,807695,21.155902187029522,-95.9492675670679,,,
2650,2649,,,171.32833576453544,117,True,False,True,False,success,0.455616295337677,,,ou_noise,0,812811,807812,807812,17.451698773946518,-96.02051120334201,,,
2651,2650,,,163.93071570706215,128,True,False,True,False,success,0.45451620221138,,,ou_noise,0,812939,807940,807940,14.871841929852962,-96.2276062965393,,,
2652,2651,,,167.46987390541653,127,True,False,True,False,success,0.4368404746055603,,,ou_noise,0,813066,808067,808067,13.46886761169734,-95.98741215983713,,,
2653,2652,,,157.24134086715588,139,True,False,True,False,success,0.4936845302581787,,,ou_noise,0,813205,808206,808206,10.353316413412848,-96.11557561202015,,,
2654,2653,,,168.83002061392258,118,True,False,True,False,success,0.49882856011390686,,,ou_noise,0,813323,808324,808324,13.202053435778213,-96.08286084967145,,,
2655,2654,,,170.097391335841,119,True,False,True,False,success,0.49845370650291443,,,ou_noise,0,813442,808443,808443,20.354519209941895,-95.83803577583377,,,
2656,2655,,,169.67797802627447,123,True,False,True,False,success,0.4674721956253052,,,ou_noise,0,813565,808566,808566,12.865450263992559,-95.86642226552576,,,
2657,2656,,,163.17059721651765,135,True,False,True,False,success,0.4568430781364441,,,ou_noise,0,813700,808701,808701,17.19287596102114,-95.91171383327908,,,
2658,2657,,,159.47688327241016,148,True,False,True,False,success,0.49468132853507996,,,ou_noise,0,813848,808849,808849,16.780159782718968,-96.03376656609612,,,
2659,2658,,,166.33648094368002,127,True,False,True,False,success,0.4994129240512848,,,ou_noise,0,813975,808976,808976,15.961688053889537,-96.03976158082016,,,
2660,2659,,,164.4696446419411,134,True,False,True,False,success,0.42078450322151184,,,ou_noise,0,814109,809110,809110,20.97844269560344,-96.10012834463546,,,
2661,2660,,,172.37132972983932,113,True,False,True,False,success,0.4681830406188965,,,ou_noise,0,814222,809223,809223,12.570096904197625,-96.10761598570157,,,
2662,2661,,,167.29490130126027,127,True,False,True,False,success,0.44526201486587524,,,ou_noise,0,814349,809350,809350,22.669491807306844,-96.13907088632659,,,
2663,2662,,,165.61233660392588,136,True,False,True,False,success,0.46877601742744446,,,ou_noise,0,814485,809486,809486,19.231107390978757,-96.04147473503562,,,
2664,2663,,,169.36867920432806,120,True,False,True,False,success,0.4640202224254608,,,ou_noise,0,814605,809606,809606,16.84307958483696,-96.17654342651367,,,
2665,2664,,,167.0792369484862,129,True,False,True,False,success,0.44943130016326904,,,ou_noise,0,814734,809735,809735,15.028032191964083,-95.93993750283884,,,
2666,2665,,,170.7432010823943,116,True,False,True,False,success,0.43577128648757935,,,ou_noise,0,814850,809851,809851,11.316300817604724,-95.89320906277361,,,
2667,2666,,,-158.44068969099118,374,False,True,True,False,collision,3.1832938194274902,,,ou_noise,0,815224,810225,810225,16.28844055294353,-96.03613530123297,,,
2668,2667,,,-206.65328825806904,1000,False,False,False,True,cutoff,6.059910297393799,,,ou_noise,0,816224,811225,811225,16.151709569334983,-95.99164159393311,,,
2669,2668,,,167.1277051325611,131,True,False,True,False,success,0.428826242685318,,,ou_noise,0,816355,811356,811356,18.740421868462597,-95.94091395021395,,,
2670,2669,,,162.7474888496631,145,True,False,True,False,success,0.42012521624565125,,,ou_noise,0,816500,811501,811501,16.5922674573701,-96.03224087419181,,,
2671,2670,,,161.56277449598747,142,True,False,True,False,success,0.44488880038261414,,,ou_noise,0,816642,811643,811643,11.600260578410726,-95.97730668833557,,,
2672,2671,,,161.14146967521043,141,True,False,True,False,success,0.48048463463783264,,,ou_noise,0,816783,811784,811784,16.494263258386166,-96.18601757076615,,,
2673,2672,,,166.1239300451076,136,True,False,True,False,success,0.4543362855911255,,,ou_noise,0,816919,811920,811920,15.897704045562183,-96.17462831384995,,,
2674,2673,,,158.33018597790198,143,True,False,True,False,success,0.421756386756897,,,ou_noise,0,817062,812063,812063,11.409979185024342,-95.92049066503564,,,
2675,2674,,,163.55967000277136,140,True,False,True,False,success,0.4730682373046875,,,ou_noise,0,817202,812203,812203,11.657849037647248,-96.14396525791713,,,
2676,2675,,,-65.39922297990353,62,False,True,True,False,collision,5.426866054534912,,,ou_noise,0,817264,812265,812265,18.933640283922994,-95.79988824167559,,,
2677,2676,,,159.2908266345999,144,True,False,True,False,success,0.49967819452285767,,,ou_noise,0,817408,812409,812409,14.08941722744041,-96.22469732496474,,,
2678,2677,,,166.60546338731805,130,True,False,True,False,success,0.42974522709846497,,,ou_noise,0,817538,812539,812539,18.221259494928212,-96.05122844989484,,,
2679,2678,,,168.32018639005207,128,True,False,True,False,success,0.4726727604866028,,,ou_noise,0,817666,812667,812667,18.946454234421253,-96.17466396093369,,,
2680,2679,,,163.77480124893762,140,True,False,True,False,success,0.44572994112968445,,,ou_noise,0,817806,812807,812807,14.756805651528495,-96.07403678894043,,,
2681,2680,,,-51.128716913110715,87,False,True,True,False,collision,3.356844425201416,,,ou_noise,0,817893,812894,812894,15.125728067310376,-95.9362169463059,,,
2682,2681,,,170.6807965160109,128,True,False,True,False,success,0.41100558638572693,,,ou_noise,0,818021,813022,813022,11.070248680189252,-96.24499410390854,,,
2683,2682,,,162.6432300856952,143,True,False,True,False,success,0.4033403694629669,,,ou_noise,0,818164,813165,813165,13.841892675919967,-95.99280969579736,,,
2684,2683,,,167.07632636176706,123,True,False,True,False,success,0.4298064410686493,,,ou_noise,0,818287,813288,813288,16.9093187533743,-96.1270154627358,,,
2685,2684,,,166.39660700833596,134,True,False,True,False,success,0.496798574924469,,,ou_noise,0,818421,813422,813422,9.579875412271983,-96.23065510080822,,,
2686,2685,,,169.478152616977,121,True,False,True,False,success,0.4482593834400177,,,ou_noise,0,818542,813543,813543,19.13324124753968,-96.0455971709953,,,
2687,2686,,,171.60271879780476,116,True,False,True,False,success,0.4997289478778839,,,ou_noise,0,818658,813659,813659,24.63711029291153,-96.08120352646401,,,
2688,2687,,,165.94694815888977,128,True,False,True,False,success,0.4471673369407654,,,ou_noise,0,818786,813787,813787,22.14529366977513,-96.26068258285522,,,
2689,2688,,,165.67828754250877,125,True,False,True,False,success,0.49330735206604004,,,ou_noise,0,818911,813912,813912,15.183476234436036,-96.14065850830079,,,
2690,2689,,,153.00022956422043,159,True,False,True,False,success,0.43976154923439026,,,ou_noise,0,819070,814071,814071,19.248693319236708,-96.09645320484474,,,
2691,2690,,,169.9493988339231,122,True,False,True,False,success,0.4676435887813568,,,ou_noise,0,819192,814193,814193,15.485133626421945,-96.20118926001376,,,
2692,2691,,,166.010653113787,131,True,False,True,False,success,0.4866722822189331,,,ou_noise,0,819323,814324,814324,14.13160185959503,-96.3261839888478,,,
2693,2692,,,168.31137812047245,119,True,False,True,False,success,0.4680614769458771,,,ou_noise,0,819442,814443,814443,17.773926600688647,-96.23206265233144,,,
2694,2693,,,166.37119655759017,129,True,False,True,False,success,0.4812869131565094,,,ou_noise,0,819571,814572,814572,21.721399350683818,-96.24122637371684,,,
2695,2694,,,167.07632593240405,126,True,False,True,False,success,0.4859342575073242,,,ou_noise,0,819697,814698,814698,18.37778820121099,-96.15248495434957,,,
2696,2695,,,165.95222660099813,133,True,False,True,False,success,0.4562806487083435,,,ou_noise,0,819830,814831,814831,17.846940551485336,-96.22483515918702,,,
2697,2696,,,169.41535702320277,124,True,False,True,False,success,0.48276662826538086,,,ou_noise,0,819954,814955,814955,10.449881490199797,-96.33273826106903,,,
2698,2697,,,166.97410663441684,128,True,False,True,False,success,0.48747244477272034,,,ou_noise,0,820082,815083,815083,10.384666942059994,-96.43145823478699,,,
2699,2698,,,169.83226156724115,124,True,False,True,False,success,0.40993961691856384,,,ou_noise,0,820206,815207,815207,17.717627944484835,-96.35158594192997,,,
2700,2699,,,165.12510547069905,133,True,False,True,False,success,0.4200049042701721,,,ou_noise,0,820339,815340,815340,12.127116613818291,-96.38013377942536,,,
2701,2700,,,158.17103427343574,151,True,False,True,False,success,0.446634978055954,,,ou_noise,0,820490,815491,815491,10.904752946057856,-96.29262512409134,,,
2702,2701,,,-71.90781880563192,70,False,True,True,False,collision,5.769418716430664,,,ou_noise,0,820560,815561,815561,15.652938321658544,-96.20230821881975,,,
2703,2702,,,158.42987262183942,155,True,False,True,False,success,0.4673813283443451,,,ou_noise,0,820715,815716,815716,16.745838068377587,-96.3639386576991,,,
2704,2703,,,167.57095422801711,127,True,False,True,False,success,0.44923099875450134,,,ou_noise,0,820842,815843,815843,13.014897763259768,-96.48514022226409,,,
2705,2704,,,165.65646851019687,129,True,False,True,False,success,0.4847221374511719,,,ou_noise,0,820971,815972,815972,18.68748882389808,-96.36739928962649,,,
2706,2705,,,171.78519767667729,120,True,False,True,False,success,0.46525683999061584,,,ou_noise,0,821091,816092,816092,15.7496035973231,-96.45776977539063,,,
2707,2706,,,-134.77115215419093,343,False,True,True,False,collision,3.5764107704162598,,,ou_noise,0,821434,816435,816435,11.934834509479757,-96.34871250964463,,,
2708,2707,,,162.00038549358706,139,True,False,True,False,success,0.47427111864089966,,,ou_noise,0,821573,816574,816574,17.74614194485781,-96.57295792394405,,,
2709,2708,,,171.03689477876196,122,True,False,True,False,success,0.49971339106559753,,,ou_noise,0,821695,816696,816696,17.34946645771871,-96.59151296146581,,,
2710,2709,,,166.51794973841862,129,True,False,True,False,success,0.4164048135280609,,,ou_noise,0,821824,816825,816825,18.992625500804696,-96.54063557469567,,,
2711,2710,,,168.4259279290889,121,True,False,True,False,success,0.474869042634964,,,ou_noise,0,821945,816946,816946,13.35749619460303,-96.5005887874887,,,
2712,2711,,,-104.00467448004434,175,False,True,True,False,collision,5.722233295440674,,,ou_noise,0,822120,817121,817121,12.107021308626447,-96.41550297328403,,,
2713,2712,,,171.957015410633,118,True,False,True,False,success,0.44072553515434265,,,ou_noise,0,822238,817239,817239,14.22256566306292,-96.56873412051443,,,
2714,2713,,,158.9698512277517,145,True,False,True,False,success,0.4066219925880432,,,ou_noise,0,822383,817384,817384,20.417705678117688,-96.54060237489898,,,
2715,2714,,,164.86828985904197,130,True,False,True,False,success,0.46199607849121094,,,ou_noise,0,822513,817514,817514,13.828052241985615,-96.44873803945688,,,
2716,2715,,,165.21428962480613,134,True,False,True,False,success,0.497254878282547,,,ou_noise,0,822647,817648,817648,11.52414703013292,-96.33763350301714,,,
2717,2716,,,162.15897111947976,148,True,False,True,False,success,0.4583330750465393,,,ou_noise,0,822795,817796,817796,17.017472502347584,-96.59244557973501,,,
2718,2717,,,169.92983088303015,117,True,False,True,False,success,0.4751977026462555,,,ou_noise,0,822912,817913,817913,19.718013984525307,-96.5490485949394,,,
2719,2718,,,154.71853901251555,152,True,False,True,False,success,0.47917690873146057,,,ou_noise,0,823064,818065,818065,16.001260468834325,-96.59766955124705,,,
2720,2719,,,171.64094771244112,112,True,False,True,False,success,0.4371154308319092,,,ou_noise,0,823176,818177,818177,15.011765690786499,-96.49408483505249,,,
2721,2720,,,165.63182793796938,130,True,False,True,False,success,0.4504838287830353,,,ou_noise,0,823306,818307,818307,15.228458394454076,-96.63003099881686,,,
2722,2721,,,165.04290625742573,130,True,False,True,False,success,0.47770488262176514,,,ou_noise,0,823436,818437,818437,17.103032909906826,-96.55593431912936,,,
2723,2722,,,162.6361532728941,142,True,False,True,False,success,0.437500536441803,,,ou_noise,0,823578,818579,818579,12.206027893952921,-96.74275889866789,,,
2724,2723,,,170.53291736673037,121,True,False,True,False,success,0.41683846712112427,,,ou_noise,0,823699,818700,818700,16.46983192380795,-96.53768719129326,,,
2725,2724,,,170.42621655301173,120,True,False,True,False,success,0.4356226921081543,,,ou_noise,0,823819,818820,818820,15.488681243856748,-96.57531286875407,,,
2726,2725,,,162.34668461083854,138,True,False,True,False,success,0.49745112657546997,,,ou_noise,0,823957,818958,818958,10.769578007684238,-96.62833542754684,,,
2727,2726,,,165.33985083854702,132,True,False,True,False,success,0.4873584508895874,,,ou_noise,0,824089,819090,819090,17.67337466911836,-96.67961756388347,,,
2728,2727,,,160.33481667174584,145,True,False,True,False,success,0.46068090200424194,,,ou_noise,0,824234,819235,819235,16.96931119787282,-96.61720470560009,,,
2729,2728,,,158.11285811405952,142,True,False,True,False,success,0.4728604555130005,,,ou_noise,0,824376,819377,819377,19.11959307966098,-96.51311315617092,,,
2730,2729,,,167.89413183107553,125,True,False,True,False,success,0.46637728810310364,,,ou_noise,0,824501,819502,819502,22.49222229862213,-96.79239825439453,,,
2731,2730,,,164.04528071776608,130,True,False,True,False,success,0.4651837646961212,,,ou_noise,0,824631,819632,819632,20.69030161637526,-96.4890140240009,,,
2732,2731,,,159.72190188746785,140,True,False,True,False,success,0.46321406960487366,,,ou_noise,0,824771,819772,819772,17.426955538988114,-96.65843669346401,,,
2733,2732,,,167.24541930830986,128,True,False,True,False,success,0.45007145404815674,,,ou_noise,0,824899,819900,819900,13.7349509652704,-96.50207614898682,,,
2734,2733,,,168.63784942396165,120,True,False,True,False,success,0.46861374378204346,,,ou_noise,0,825019,820020,820020,15.235464338461558,-96.5309996287028,,,
2735,2734,,,-364.36745046944986,984,False,True,True,False,collision,4.174041748046875,,,ou_noise,0,826003,821004,821004,16.522826696799054,-96.55658488544991,,,
2736,2735,,,165.80604087463087,132,True,False,True,False,success,0.4735574424266815,,,ou_noise,0,826135,821136,821136,14.726141136704069,-96.49922359350956,,,
2737,2736,,,157.56905786048026,151,True,False,True,False,success,0.4834083914756775,,,ou_noise,0,826286,821287,821287,13.896739962085194,-96.6525373648334,,,
2738,2737,,,166.4822583503592,127,True,False,True,False,success,0.4912738800048828,,,ou_noise,0,826413,821414,821414,20.40410454254451,-96.51772897074542,,,
2739,2738,,,-95.71187871580207,37,False,True,True,False,collision,8.552835464477539,,,ou_noise,0,826450,821451,821451,13.423109209215319,-96.70554289946685,,,
2740,2739,,,163.76785679463964,132,True,False,True,False,success,0.4654543399810791,,,ou_noise,0,826582,821583,821583,22.901331377751898,-96.58938818266897,,,
2741,2740,,,162.94013944014853,144,True,False,True,False,success,0.4649137854576111,,,ou_noise,0,826726,821727,821727,28.32541247788403,-96.68262110816107,,,
2742,2741,,,127.09374056867017,251,True,False,True,False,success,0.4864123463630676,,,ou_noise,0,826977,821978,821978,14.301406164093322,-96.58338712411098,,,
2743,2742,,,169.7163809758147,125,True,False,True,False,success,0.4321229159832001,,,ou_noise,0,827102,822103,822103,14.520678525924682,-96.48634747314453,,,
2744,2743,,,162.08989840772833,142,True,False,True,False,success,0.42488086223602295,,,ou_noise,0,827244,822245,822245,16.868490371905583,-96.63824908834108,,,
2745,2744,,,167.42284030741354,137,True,False,True,False,success,0.4716586172580719,,,ou_noise,0,827381,822382,822382,15.416199618882507,-96.46593948698391,,,
2746,2745,,,163.35063926084894,139,True,False,True,False,success,0.42527616024017334,,,ou_noise,0,827520,822521,822521,14.955601304555111,-96.46739257153847,,,
2747,2746,,,170.16945867688943,119,True,False,True,False,success,0.45553961396217346,,,ou_noise,0,827639,822640,822640,13.75511907729782,-96.46088069627265,,,
2748,2747,,,-233.4865461739416,1000,False,False,False,True,cutoff,3.340001106262207,,,ou_noise,0,828639,823640,823640,16.031862022161484,-96.57014314270019,,,
2749,2748,,,167.39490418957456,127,True,False,True,False,success,0.47539547085762024,,,ou_noise,0,828766,823767,823767,13.619734687129343,-96.66118093175213,,,
2750,2749,,,166.67145512055276,126,True,False,True,False,success,0.49814027547836304,,,ou_noise,0,828892,823893,823893,15.885283099280464,-96.65357171921502,,,
2751,2750,,,160.6562642050455,147,True,False,True,False,success,0.48003634810447693,,,ou_noise,0,829039,824040,824040,18.438886348893043,-96.47611973561398,,,
2752,2751,,,166.84928930253977,124,True,False,True,False,success,0.4833754897117615,,,ou_noise,0,829163,824164,824164,18.310060946210736,-96.78448418648013,,,
2753,2752,,,162.03144651081152,135,True,False,True,False,success,0.4618940055370331,,,ou_noise,0,829298,824299,824299,16.556483602523805,-96.62799072265625,,,
2754,2753,,,167.32114737629547,126,True,False,True,False,success,0.4434781074523926,,,ou_noise,0,829424,824425,824425,15.844129880269369,-96.51715717618427,,,
2755,2754,,,163.3507759560839,138,True,False,True,False,success,0.4659346044063568,,,ou_noise,0,829562,824563,824563,18.31053599499274,-96.4630384583404,,,
2756,2755,,,170.290412114059,117,True,False,True,False,success,0.4656165838241577,,,ou_noise,0,829679,824680,824680,20.514730235450287,-96.60097875350561,,,
2757,2756,,,170.8886333619817,115,True,False,True,False,success,0.46950486302375793,,,ou_noise,0,829794,824795,824795,24.000253030528192,-96.50968787151834,,,
2758,2757,,,161.8163230790596,147,True,False,True,False,success,0.43358391523361206,,,ou_noise,0,829941,824942,824942,14.369129229565056,-96.43870928498353,,,
2759,2758,,,166.60922238254744,133,True,False,True,False,success,0.46830132603645325,,,ou_noise,0,830074,825075,825075,14.425761396723582,-96.5721225021477,,,
2760,2759,,,169.67000419567438,123,True,False,True,False,success,0.4251650273799896,,,ou_noise,0,830197,825198,825198,16.370305181518802,-96.63819823226308,,,
2761,2760,,,170.29088536901492,115,True,False,True,False,success,0.4765756130218506,,,ou_noise,0,830312,825313,825313,14.3570246219635,-96.59226830523947,,,
2762,2761,,,171.91418872064529,112,True,False,True,False,success,0.4645735025405884,,,ou_noise,0,830424,825425,825425,17.848147460392543,-96.699736731393,,,
2763,2762,,,167.99188442208253,124,True,False,True,False,success,0.41091856360435486,,,ou_noise,0,830548,825549,825549,10.83311387223582,-96.4767046897642,,,
2764,2763,,,161.8092630125727,135,True,False,True,False,success,0.48538193106651306,,,ou_noise,0,830683,825684,825684,12.47307060736197,-96.5635807743779,,,
2765,2764,,,165.40417510313213,137,True,False,True,False,success,0.4581981301307678,,,ou_noise,0,830820,825821,825821,10.21587436129577,-96.66975441814338,,,
2766,2765,,,170.02388943547086,124,True,False,True,False,success,0.41352230310440063,,,ou_noise,0,830944,825945,825945,19.338884081571333,-96.74197215418661,,,
2767,2766,,,167.7635359047724,127,True,False,True,False,success,0.4998522698879242,,,ou_noise,0,831071,826072,826072,16.61908206601781,-96.76569066085214,,,
2768,2767,,,166.1659604491549,124,True,False,True,False,success,0.4589570462703705,,,ou_noise,0,831195,826196,826196,15.683502022297152,-96.68889261061146,,,
2769,2768,,,164.82129631187922,137,True,False,True,False,success,0.4445590376853943,,,ou_noise,0,831332,826333,826333,8.608763712165999,-96.76668665530907,,,
2770,2769,,,76.4314268947616,438,True,False,True,False,success,0.465714693069458,,,ou_noise,0,831770,826771,826771,20.12605615157515,-96.6565240137109,,,
2771,2770,,,168.3179456343838,121,True,False,True,False,success,0.4524989128112793,,,ou_noise,0,831891,826892,826892,11.28660915311703,-96.77161331807287,,,
2772,2771,,,160.36821040274475,143,True,False,True,False,success,0.498136967420578,,,ou_noise,0,832034,827035,827035,15.03119509370177,-96.71086376697033,,,
2773,2772,,,-95.72341790297894,48,False,True,True,False,collision,8.141530990600586,,,ou_noise,0,832082,827083,827083,19.78042596578598,-96.4843266805013,,,
2774,2773,,,166.55459430319524,129,True,False,True,False,success,0.4587578773498535,,,ou_noise,0,832211,827212,827212,13.879842795142832,-96.66264733602834,,,
2775,2774,,,166.03072530685893,127,True,False,True,False,success,0.45409348607063293,,,ou_noise,0,832338,827339,827339,12.624750345710694,-96.65031793549305,,,
2776,2775,,,169.90541117834732,116,True,False,True,False,success,0.44118696451187134,,,ou_noise,0,832454,827455,827455,20.019929216853505,-96.76133030858533,,,
2777,2776,,,161.27889860671672,142,True,False,True,False,success,0.4805198311805725,,,ou_noise,0,832596,827597,827597,22.786000096462143,-96.6386560252015,,,
2778,2777,,,169.29663571060925,120,True,False,True,False,success,0.45148178935050964,,,ou_noise,0,832716,827717,827717,21.334455960988997,-96.64648380279542,,,
2779,2778,,,156.10117937775257,156,True,False,True,False,success,0.48656371235847473,,,ou_noise,0,832872,827873,827873,12.686751682024736,-96.79372137020796,,,
2780,2779,,,166.1327841207148,130,True,False,True,False,success,0.4976893961429596,,,ou_noise,0,833002,828003,828003,16.49849724127696,-96.94389918400691,,,
2781,2780,,,164.61710888990376,136,True,False,True,False,success,0.4464075267314911,,,ou_noise,0,833138,828139,828139,16.51466104388237,-96.8272778006161,,,
2782,2781,,,165.37215051043125,132,True,False,True,False,success,0.48304933309555054,,,ou_noise,0,833270,828271,828271,13.9289243275469,-96.99560841647062,,,
2783,2782,,,168.56481093013346,123,True,False,True,False,success,0.44100603461265564,,,ou_noise,0,833393,828394,828394,19.670937299728394,-96.77088599476387,,,
2784,2783,,,165.42684821306437,128,True,False,True,False,success,0.4839347004890442,,,ou_noise,0,833521,828522,828522,12.930741213262081,-96.8172944188118,,,
2785,2784,,,162.20308239837107,142,True,False,True,False,success,0.47559279203414917,,,ou_noise,0,833663,828664,828664,15.360824665553134,-96.87844289860256,,,
2786,2785,,,164.00050167035448,136,True,False,True,False,success,0.4605753421783447,,,ou_noise,0,833799,828800,828800,16.328201435068074,-96.82537331300624,,,
2787,2786,,,156.70806572336724,145,True,False,True,False,success,0.4990760087966919,,,ou_noise,0,833944,828945,828945,16.9911726376106,-96.72153951710668,,,
2788,2787,,,164.6237496191274,133,True,False,True,False,success,0.42821449041366577,,,ou_noise,0,834077,829078,829078,16.562812876880617,-96.83130582651698,,,
2789,2788,,,169.1840112634835,126,True,False,True,False,success,0.4171433448791504,,,ou_noise,0,834203,829204,829204,13.513931437144203,-97.01155562627883,,,
2790,2789,,,168.20689777203944,120,True,False,True,False,success,0.4608384668827057,,,ou_noise,0,834323,829324,829324,15.00286939740181,-96.88475290934245,,,
2791,2790,,,168.49064484901615,123,True,False,True,False,success,0.49925968050956726,,,ou_noise,0,834446,829447,829447,14.75022272172013,-96.91258562289602,,,
2792,2791,,,163.46342642709288,139,True,False,True,False,success,0.481141597032547,,,ou_noise,0,834585,829586,829586,12.930304301728448,-96.76720022297592,,,
2793,2792,,,166.93861984160742,129,True,False,True,False,success,0.43896055221557617,,,ou_noise,0,834714,829715,829715,13.0721232355103,-96.80706887651783,,,
2794,2793,,,164.0606086457741,137,True,False,True,False,success,0.40279895067214966,,,ou_noise,0,834851,829852,829852,11.903208542914285,-96.96401704662908,,,
2795,2794,,,168.1805779438145,125,True,False,True,False,success,0.42459836602211,,,ou_noise,0,834976,829977,829977,5.872059110641479,-96.79883178710938,,,
2796,2795,,,166.32401877401531,131,True,False,True,False,success,0.4321484863758087,,,ou_noise,0,835107,830108,830108,10.56347647696051,-97.0362587266296,,,
2797,2796,,,160.1676756352379,141,True,False,True,False,success,0.49005943536758423,,,ou_noise,0,835248,830249,830249,17.2501553390043,-97.10996825306128,,,
2798,2797,,,167.45632940404275,131,True,False,True,False,success,0.4331086575984955,,,ou_noise,0,835379,830380,830380,13.042450031251398,-96.93230985685159,,,
2799,2798,,,160.77278971398178,141,True,False,True,False,success,0.4679906666278839,,,ou_noise,0,835520,830521,830521,16.60083921074022,-96.94581858317058,,,
2800,2799,,,165.69322348102878,127,True,False,True,False,success,0.48801425099372864,,,ou_noise,0,835647,830648,830648,19.69319522850157,-96.69824705349178,,,
2801,2800,,,168.89539498421334,118,True,False,True,False,success,0.4232748746871948,,,ou_noise,0,835765,830766,830766,15.515737631563413,-96.97585509995282,,,
2802,2801,,,144.1347393155995,215,True,False,True,False,success,0.424527645111084,,,ou_noise,0,835980,830981,830981,13.910254161302433,-96.99410244254179,,,
2803,2802,,,163.19820371437066,141,True,False,True,False,success,0.44063177704811096,,,ou_noise,0,836121,831122,831122,15.403459544722915,-96.96110312820326,,,
2804,2803,,,169.58192967939263,122,True,False,True,False,success,0.4709140956401825,,,ou_noise,0,836243,831244,831244,20.967461527371015,-96.97237465029858,,,
2805,2804,,,169.25077796046554,124,True,False,True,False,success,0.4092029333114624,,,ou_noise,0,836367,831368,831368,16.013666819180212,-96.95463752746582,,,
2806,2805,,,159.9372154858676,140,True,False,True,False,success,0.49498671293258667,,,ou_noise,0,836507,831508,831508,14.897608223131725,-97.08721705845424,,,
2807,2806,,,169.80547632335538,119,True,False,True,False,success,0.4333673119544983,,,ou_noise,0,836626,831627,831627,8.007283078522242,-96.97650492692195,,,
2808,2807,,,168.76209222491448,125,True,False,True,False,success,0.4866740107536316,,,ou_noise,0,836751,831752,831752,14.357435556411744,-96.93556280517578,,,
2809,2808,,,163.3563747233457,137,True,False,True,False,success,0.4306526482105255,,,ou_noise,0,836888,831889,831889,16.257277663606796,-96.93962475853245,,,
2810,2809,,,172.80576846998906,114,True,False,True,False,success,0.45641449093818665,,,ou_noise,0,837002,832003,832003,21.68497926310489,-96.86302238598205,,,
2811,2810,,,-20.419473630586737,738,True,False,True,False,success,0.49456942081451416,,,ou_noise,0,837740,832741,832741,15.439761650594592,-97.02119498524239,,,
2812,2811,,,161.85122773620404,144,True,False,True,False,success,0.40721774101257324,,,ou_noise,0,837884,832885,832885,16.598970115184784,-97.09414503309462,,,
2813,2812,,,159.50336063798898,145,True,False,True,False,success,0.4981234073638916,,,ou_noise,0,838029,833030,833030,19.006470843019155,-97.23524532975821,,,
2814,2813,,,167.80363016827704,125,True,False,True,False,success,0.43361401557922363,,,ou_noise,0,838154,833155,833155,13.556681001663208,-97.20823327636718,,,
2815,2814,,,162.7673459664353,136,True,False,True,False,success,0.4948621988296509,,,ou_noise,0,838290,833291,833291,17.40112392779659,-97.06424786062802,,,
2816,2815,,,162.68027534261773,138,True,False,True,False,success,0.4135885536670685,,,ou_noise,0,838428,833429,833429,11.422504511432372,-97.23901101817255,,,
2817,2816,,,161.02358483278658,135,True,False,True,False,success,0.4673101007938385,,,ou_noise,0,838563,833564,833564,16.086376124841195,-97.27197254322193,,,
2818,2817,,,168.5722844287411,127,True,False,True,False,success,0.4681626260280609,,,ou_noise,0,838690,833691,833691,18.990996795376454,-97.29148966871847,,,
2819,2818,,,162.9664582901675,144,True,False,True,False,success,0.4569254219532013,,,ou_noise,0,838834,833835,833835,18.157536778185104,-97.10161887274847,,,
2820,2819,,,171.66301609148843,115,True,False,True,False,success,0.41755595803260803,,,ou_noise,0,838949,833950,833950,14.691765121791674,-97.25692304528278,,,
2821,2820,,,164.85373443575833,131,True,False,True,False,success,0.4138530492782593,,,ou_noise,0,839080,834081,834081,19.22841131232167,-97.0603188085192,,,
2822,2821,,,171.2475670358167,123,True,False,True,False,success,0.4013865888118744,,,ou_noise,0,839203,834204,834204,11.370167685718071,-97.22935436217766,,,
2823,2822,,,-73.01278662552122,174,False,True,True,False,collision,2.257469892501831,,,ou_noise,0,839377,834378,834378,17.883615210823628,-97.03470155562478,,,
2824,2823,,,170.93188453255232,119,True,False,True,False,success,0.4418703019618988,,,ou_noise,0,839496,834497,834497,14.051818288674875,-97.26695495092568,,,
2825,2824,,,158.11927690261274,154,True,False,True,False,success,0.43450069427490234,,,ou_noise,0,839650,834651,834651,24.779125410240965,-97.1037316755815,,,
2826,2825,,,169.4918306354939,121,True,False,True,False,success,0.4279887080192566,,,ou_noise,0,839771,834772,834772,14.004564407443212,-97.27648503327173,,,
2827,2826,,,163.35680835105921,137,True,False,True,False,success,0.4346964359283447,,,ou_noise,0,839908,834909,834909,11.709852140315258,-97.16403883217025,,,
2828,2827,,,-209.77169977880553,1000,False,False,False,True,cutoff,4.03566837310791,,,ou_noise,0,840908,835909,835909,16.42728990662098,-97.10393283081055,,,
2829,2828,,,165.20725321315467,135,True,False,True,False,success,0.41085195541381836,,,ou_noise,0,841043,836044,836044,16.356592579241152,-97.20902054398148,,,
2830,2829,,,168.1462406494565,130,True,False,True,False,success,0.458194762468338,,,ou_noise,0,841173,836174,836174,17.49257885859563,-97.0856078514686,,,
2831,2830,,,158.54836988135037,150,True,False,True,False,success,0.4507279098033905,,,ou_noise,0,841323,836324,836324,19.579837191899617,-97.0110850016276,,,
2832,2831,,,164.43104534987515,132,True,False,True,False,success,0.4812387228012085,,,ou_noise,0,841455,836456,836456,16.888706359899405,-97.03235279430042,,,
2833,2832,,,169.15256012858538,121,True,False,True,False,success,0.42314255237579346,,,ou_noise,0,841576,836577,836577,15.784659202433815,-97.0133775443085,,,
2834,2833,,,169.17856955480246,124,True,False,True,False,success,0.42786478996276855,,,ou_noise,0,841700,836701,836701,16.99844273828691,-97.06515767497402,,,
2835,2834,,,157.36112963391557,155,True,False,True,False,success,0.4881097972393036,,,ou_noise,0,841855,836856,836856,12.465984738257623,-97.20336239722467,,,
2836,2835,,,170.29874899050566,120,True,False,True,False,success,0.45227816700935364,,,ou_noise,0,841975,836976,836976,22.053001379966737,-97.04334252675375,,,
2837,2836,,,-223.87178570470755,1000,False,False,False,True,cutoff,3.887875556945801,,,ou_noise,0,842975,837976,837976,16.60336522424221,-97.09019589233398,,,
2838,2837,,,171.88224549699498,116,True,False,True,False,success,0.4329584836959839,,,ou_noise,0,843091,838092,838092,12.36931674028265,-97.00462966129697,,,
2839,2838,,,166.9019105274381,124,True,False,True,False,success,0.43710988759994507,,,ou_noise,0,843215,838216,838216,17.639984105863878,-97.15876357786117,,,
2840,2839,,,168.3899722683771,126,True,False,True,False,success,0.4759235680103302,,,ou_noise,0,843341,838342,838342,13.282407473004053,-97.11827795846122,,,
2841,2840,,,166.0166665217818,132,True,False,True,False,success,0.4823288023471832,,,ou_noise,0,843473,838474,838474,12.82019228014079,-97.1275801225142,,,
2842,2841,,,169.17080090947007,121,True,False,True,False,success,0.4984029531478882,,,ou_noise,0,843594,838595,838595,21.24210394118443,-96.92054748535156,,,
2843,2842,,,173.08364851497993,109,True,False,True,False,success,0.48736387491226196,,,ou_noise,0,843703,838704,838704,10.514332881761254,-96.99908692246183,,,
2844,2843,,,167.73046326715837,122,True,False,True,False,success,0.49422237277030945,,,ou_noise,0,843825,838826,838826,16.415641507164377,-96.93479450413439,,,
2845,2844,,,168.04344308391416,120,True,False,True,False,success,0.4875927269458771,,,ou_noise,0,843945,838946,838946,14.660856113831203,-96.9393383026123,,,
2846,2845,,,162.7083360296188,139,True,False,True,False,success,0.44942542910575867,,,ou_noise,0,844084,839085,839085,13.167324757404465,-97.15039100921412,,,
2847,2846,,,165.65264868171232,136,True,False,True,False,success,0.44439443945884705,,,ou_noise,0,844220,839221,839221,13.276280307594467,-97.17816846510944,,,
2848,2847,,,-232.04493713901098,1000,False,False,False,True,cutoff,3.3020834922790527,,,ou_noise,0,845220,840221,840221,13.59836848461628,-97.06548580932618,,,
2849,2848,,,168.5917656956508,123,True,False,True,False,success,0.4386298954486847,,,ou_noise,0,845343,840344,840344,17.624822730940533,-96.95766083011782,,,
2850,2849,,,166.92081281173046,130,True,False,True,False,success,0.4396384358406067,,,ou_noise,0,845473,840474,840474,18.73364587013538,-96.87410055307241,,,
2851,2850,,,170.19732785758973,117,True,False,True,False,success,0.43260133266448975,,,ou_noise,0,845590,840591,840591,7.974834833389673,-96.93477258926782,,,
2852,2851,,,163.1900461696436,143,True,False,True,False,success,0.48484697937965393,,,ou_noise,0,845733,840734,840734,22.905484502965752,-97.07188484885476,,,
2853,2852,,,169.3005253225694,123,True,False,True,False,success,0.4475898742675781,,,ou_noise,0,845856,840857,840857,16.104356452701538,-96.98696452815358,,,
2854,2853,,,162.84671858932649,137,True,False,True,False,success,0.48247382044792175,,,ou_noise,0,845993,840994,840994,15.927490513690197,-97.12613494204778,,,
2855,2854,,,168.02054349266342,125,True,False,True,False,success,0.42701801657676697,,,ou_noise,0,846118,841119,841119,5.7078579454422,-97.19503198242188,,,
2856,2855,,,158.7542344568526,154,True,False,True,False,success,0.45830512046813965,,,ou_noise,0,846272,841273,841273,17.514662573863934,-97.13320541381836,,,
2857,2856,,,149.39424182040642,168,True,False,True,False,success,0.467844158411026,,,ou_noise,0,846440,841441,841441,13.757644446123214,-96.94666263035366,,,
2858,2857,,,162.9734845459892,136,True,False,True,False,success,0.43242982029914856,,,ou_noise,0,846576,841577,841577,17.89288232519346,-96.95153505661908,,,
2859,2858,,,166.83872581297658,130,True,False,True,False,success,0.41874706745147705,,,ou_noise,0,846706,841707,841707,15.526862261845515,-97.08006069476788,,,
2860,2859,,,169.8952144291887,117,True,False,True,False,success,0.4837881624698639,,,ou_noise,0,846823,841824,841824,15.672658194843521,-97.10171378372063,,,
2861,2860,,,170.3727062818296,116,True,False,True,False,success,0.49217844009399414,,,ou_noise,0,846939,841940,841940,10.941771598725483,-96.98412092800798,,,
2862,2861,,,161.48589985532197,135,True,False,True,False,success,0.47001582384109497,,,ou_noise,0,847074,842075,842075,16.973051853533143,-97.10499894883898,,,
2863,2862,,,167.9740372434795,124,True,False,True,False,success,0.48279279470443726,,,ou_noise,0,847198,842199,842199,12.997447075382356,-97.18575299170709,,,
2864,2863,,,167.63600790727898,125,True,False,True,False,success,0.47303804755210876,,,ou_noise,0,847323,842324,842324,11.31068452835083,-97.21974389648437,,,
2865,2864,,,164.53317919201484,139,True,False,True,False,success,0.4164355993270874,,,ou_noise,0,847462,842463,842463,13.766106623539821,-97.19155669726914,,,
2866,2865,,,-218.42840934122438,1000,False,False,False,True,cutoff,4.236634254455566,,,ou_noise,0,848462,843463,843463,11.901385742545127,-97.05910347747803,,,
2867,2866,,,-90.49833639116736,51,False,True,True,False,collision,7.800668716430664,,,ou_noise,0,848513,843514,843514,24.250175681768678,-96.83972003413182,,,
2868,2867,,,-210.46638791609723,1000,False,False,False,True,cutoff,3.56730055809021,,,ou_noise,0,849513,844514,844514,17.396266784310342,-96.96423040771484,,,
2869,2868,,,-133.3438435066199,286,False,True,True,False,collision,4.5074920654296875,,,ou_noise,0,849799,844800,844800,13.2486797962989,-96.86863185642483,,,
2870,2869,,,-213.16185131494083,1000,False,False,False,True,cutoff,3.585606813430786,,,ou_noise,0,850799,845800,845800,17.98860008907318,-96.76502874755859,,,
2871,2870,,,170.62188712476308,124,True,False,True,False,success,0.4484327733516693,,,ou_noise,0,850923,845924,845924,16.29083374719466,-96.63381484247023,,,
2872,2871,,,166.4992650546708,129,True,False,True,False,success,0.438238263130188,,,ou_noise,0,851052,846053,846053,21.643796975298446,-96.62188135191451,,,
2873,2872,,,164.96396192980387,133,True,False,True,False,success,0.4884856343269348,,,ou_noise,0,851185,846186,846186,14.380937516241145,-96.65062375176221,,,
2874,2873,,,-94.50720480569737,34,False,True,True,False,collision,8.589700698852539,,,ou_noise,0,851219,846220,846220,10.457136003410115,-96.43301234525792,,,
2875,2874,,,163.96066256071342,138,True,False,True,False,success,0.4644348919391632,,,ou_noise,0,851357,846358,846358,18.553678977316704,-96.84741625578508,,,
2876,2875,,,-75.45120568511722,81,False,True,True,False,collision,5.800223350524902,,,ou_noise,0,851438,846439,846439,18.82461846610646,-96.6771193139347,,,
2877,2876,,,-92.20405593027134,49,False,True,True,False,collision,8.025794982910156,,,ou_noise,0,851487,846488,846488,8.075420481818062,-96.71393476213727,,,
2878,2877,,,164.943387710826,134,True,False,True,False,success,0.47924232482910156,,,ou_noise,0,851621,846622,846622,13.839680326518728,-96.61280572236474,,,
2879,2878,,,164.99293018689787,132,True,False,True,False,success,0.421170175075531,,,ou_noise,0,851753,846754,846754,11.99137949221062,-96.63982911543413,,,
2880,2879,,,161.98155256178424,136,True,False,True,False,success,0.4308777153491974,,,ou_noise,0,851889,846890,846890,17.899084645159103,-96.58596807367661,,,
2881,2880,,,169.8805834920259,126,True,False,True,False,success,0.47021186351776123,,,ou_noise,0,852015,847016,847016,17.77466350699228,-96.74606577555339,,,
2882,2881,,,172.72002935487052,116,True,False,True,False,success,0.4118001163005829,,,ou_noise,0,852131,847132,847132,8.496330000203232,-96.63141737313106,,,
2883,2882,,,161.36555838061798,130,True,False,True,False,success,0.46060624718666077,,,ou_noise,0,852261,847262,847262,10.818210555956913,-96.68193030724159,,,
2884,2883,,,-98.39077605162691,51,False,True,True,False,collision,8.210789680480957,,,ou_noise,0,852312,847313,847313,20.965594876046275,-96.82758331298828,,,
2885,2884,,,167.2186690734276,122,True,False,True,False,success,0.48137280344963074,,,ou_noise,0,852434,847435,847435,15.390881030285945,-96.54862707169329,,,
2886,2885,,,166.81239671026574,124,True,False,True,False,success,0.49009883403778076,,,ou_noise,0,852558,847559,847559,12.973821715962503,-96.60119222825573,,,
2887,2886,,,158.12802719196418,151,True,False,True,False,success,0.4642196297645569,,,ou_noise,0,852709,847710,847710,18.91326544616396,-96.60917845467068,,,
2888,2887,,,163.17830636952138,140,True,False,True,False,success,0.448699027299881,,,ou_noise,0,852849,847850,847850,20.427519989865168,-96.78841231209891,,,
2889,2888,,,167.15348044082793,127,True,False,True,False,success,0.4839474856853485,,,ou_noise,0,852976,847977,847977,14.203301407220795,-96.5954660130298,,,
2890,2889,,,165.61800936489476,136,True,False,True,False,success,0.4821150004863739,,,ou_noise,0,853112,848113,848113,12.93042526262648,-96.56092368855195,,,
2891,2890,,,164.24531814839352,135,True,False,True,False,success,0.4492359757423401,,,ou_noise,0,853247,848248,848248,12.680780147623134,-96.57093070701316,,,
2892,2891,,,159.23263639573034,151,True,False,True,False,success,0.46628236770629883,,,ou_noise,0,853398,848399,848399,14.744414181898762,-96.7763461687707,,,
2893,2892,,,162.43605405672616,138,True,False,True,False,success,0.45415231585502625,,,ou_noise,0,853536,848537,848537,13.739225581936214,-96.828020012897,,,
2894,2893,,,-35.69817302408151,893,True,False,True,False,success,0.45329269766807556,,,ou_noise,0,854429,849430,849430,15.617545137346658,-96.56693303705197,,,
2895,2894,,,-228.41481383520784,1000,False,False,False,True,cutoff,3.595782518386841,,,ou_noise,0,855429,850430,850430,17.61841050195694,-96.55715895843505,,,
2896,2895,,,-49.39416510635199,109,False,True,True,False,collision,2.1271846294403076,,,ou_noise,0,855538,850539,850539,11.303601283545888,-96.5795906136889,,,
2897,2896,,,173.97713955890052,107,True,False,True,False,success,0.45270270109176636,,,ou_noise,0,855645,850646,850646,13.264627026620312,-96.49974131361347,,,
2898,2897,,,-294.36581850408913,715,False,True,True,False,collision,3.2158076763153076,,,ou_noise,0,856360,851361,851361,16.012415246363286,-96.52575891668147,,,
2899,2898,,,164.26804749947758,133,True,False,True,False,success,0.4883786141872406,,,ou_noise,0,856493,851494,851494,12.591558235928527,-96.49430158801545,,,
2900,2899,,,161.0361481021048,143,True,False,True,False,success,0.47123417258262634,,,ou_noise,0,856636,851637,851637,17.10124861443793,-96.43884805532602,,,
2901,2900,,,168.93706948574527,121,True,False,True,False,success,0.46864375472068787,,,ou_noise,0,856757,851758,851758,18.241752032406072,-96.64462633369382,,,
2902,2901,,,-265.1881592133729,1000,False,False,False,True,cutoff,3.3857643604278564,,,ou_noise,0,857757,852758,852758,16.830986411452294,-96.41267910766602,,,
2903,2902,,,165.63232297215598,128,True,False,True,False,success,0.45409488677978516,,,ou_noise,0,857885,852886,852886,18.116202894598246,-96.36270993947983,,,
2904,2903,,,168.40360003925207,122,True,False,True,False,success,0.440545916557312,,,ou_noise,0,858007,853008,853008,14.801793964182744,-96.48918439521164,,,
2905,2904,,,165.16953210413243,134,True,False,True,False,success,0.49917179346084595,,,ou_noise,0,858141,853142,853142,15.446978757630534,-96.48158947389517,,,
2906,2905,,,165.0001427923101,128,True,False,True,False,success,0.49359193444252014,,,ou_noise,0,858269,853270,853270,13.385784210637212,-96.51075255870819,,,
2907,2906,,,160.56384300477822,147,True,False,True,False,success,0.4861055910587311,,,ou_noise,0,858416,853417,853417,13.518014478034713,-96.50054085660143,,,
2908,2907,,,167.02374870716596,127,True,False,True,False,success,0.45371368527412415,,,ou_noise,0,858543,853544,853544,19.896008580688417,-96.23664783868264,,,
2909,2908,,,166.54440033017647,127,True,False,True,False,success,0.4355652928352356,,,ou_noise,0,858670,853671,853671,14.38114524638559,-96.60808839572697,,,
2910,2909,,,156.8881290433155,153,True,False,True,False,success,0.49908795952796936,,,ou_noise,0,858823,853824,853824,11.151153089174258,-96.57677748935674,,,
2911,2910,,,-266.94436636016826,1000,False,False,False,True,cutoff,0.7903802990913391,,,ou_noise,0,859823,854824,854824,13.917425372123718,-96.52445600128173,,,
2912,2911,,,166.66499920646544,124,True,False,True,False,success,0.45819076895713806,,,ou_noise,0,859947,854948,854948,18.558264388192086,-96.63933440177671,,,
2913,2912,,,171.9548317879033,113,True,False,True,False,success,0.47304245829582214,,,ou_noise,0,860060,855061,855061,19.542162098715792,-96.29592463400512,,,
2914,2913,,,168.5207239169659,119,True,False,True,False,success,0.4778251349925995,,,ou_noise,0,860179,855180,855180,15.033246261732918,-96.48817411791377,,,
2915,2914,,,-66.46128579620152,125,False,True,True,False,collision,3.0469772815704346,,,ou_noise,0,860304,855305,855305,17.986104522705077,-96.52733972167968,,,
2916,2915,,,166.20733734628163,129,True,False,True,False,success,0.4688125550746918,,,ou_noise,0,860433,855434,855434,16.521261071973992,-96.44873928099639,,,
2917,2916,,,168.4975124296697,122,True,False,True,False,success,0.4992387890815735,,,ou_noise,0,860555,855556,855556,15.444235349287752,-96.54421978309506,,,
2918,2917,,,-144.16693726851693,924,True,False,True,False,success,0.4976001977920532,,,ou_noise,0,861479,856480,856480,17.319317186420616,-96.52858424496341,,,
2919,2918,,,169.3310013987388,122,True,False,True,False,success,0.45144349336624146,,,ou_noise,0,861601,856602,856602,13.558119234491567,-96.73763794195456,,,
2920,2919,,,-278.38722151274277,1000,False,False,False,True,cutoff,0.8706238269805908,,,ou_noise,0,862601,857602,857602,16.58471923816204,-96.52814372253418,,,
2921,2920,,,160.82966645678678,145,True,False,True,False,success,0.49164626002311707,,,ou_noise,0,862746,857747,857747,15.989938513985996,-96.43221914357153,,,
2922,2921,,,-267.22043929171036,1000,False,False,False,True,cutoff,0.7209023833274841,,,ou_noise,0,863746,858747,858747,15.85704422724247,-96.47359837341308,,,
2923,2922,,,148.0801392981984,175,True,False,True,False,success,0.4722175598144531,,,ou_noise,0,863921,858922,858922,16.1590251159668,-96.54328726632255,,,
2924,2923,,,63.27965636891729,396,True,False,True,False,success,0.49632248282432556,,,ou_noise,0,864317,859318,859318,15.354410176024292,-96.45436679955685,,,
2925,2924,,,169.40360350678276,120,True,False,True,False,success,0.4025321900844574,,,ou_noise,0,864437,859438,859438,18.058346112569172,-96.55786685943603,,,
2926,2925,,,-86.35188386531487,865,True,False,True,False,success,0.4637662470340729,,,ou_noise,0,865302,860303,860303,11.697441018385694,-96.58945681180568,,,
2927,2926,,,-253.68544898278208,1000,False,False,False,True,cutoff,1.4296833276748657,,,ou_noise,0,866302,861303,861303,14.046332596063614,-96.6700636062622,,,
2928,2927,,,163.75631034283097,132,True,False,True,False,success,0.4744502604007721,,,ou_noise,0,866434,861435,861435,12.161306140097706,-96.81332611315179,,,
2929,2928,,,-92.32179949440004,35,False,True,True,False,collision,8.512883186340332,,,ou_noise,0,866469,861470,861470,19.17535584313529,-96.73695024762834,,,
2930,2929,,,-93.27728704503659,46,False,True,True,False,collision,8.426971435546875,,,ou_noise,0,866515,861516,861516,21.023264910863794,-96.46974165543266,,,
2931,2930,,,168.13245946201832,123,True,False,True,False,success,0.43057626485824585,,,ou_noise,0,866638,861639,861639,18.404873371124268,-96.7886680665055,,,
2932,2931,,,-248.82937762098575,1000,False,False,False,True,cutoff,1.3907573223114014,,,ou_noise,0,867638,862639,862639,14.635587702274323,-96.69210063171387,,,
2933,2932,,,162.17673597140475,135,True,False,True,False,success,0.49147936701774597,,,ou_noise,0,867773,862774,862774,8.22705118479552,-96.87902238633897,,,
2934,2933,,,169.57885138601137,121,True,False,True,False,success,0.41748690605163574,,,ou_noise,0,867894,862895,862895,14.691168367370102,-96.75426502070151,,,
2935,2934,,,-287.41746066122124,1000,False,False,False,True,cutoff,4.982764720916748,,,ou_noise,0,868894,863895,863895,13.120497004270554,-96.71702067565919,,,
2936,2935,,,-263.70688344358916,1000,False,False,False,True,cutoff,0.9576449990272522,,,ou_noise,0,869894,864895,864895,14.008499029040337,-96.66781996917724,,,
2937,2936,,,160.95486998099355,142,True,False,True,False,success,0.4956062436103821,,,ou_noise,0,870036,865037,865037,15.88680846422491,-96.58008935417928,,,
2938,2937,,,171.5256285094057,116,True,False,True,False,success,0.4481745660305023,,,ou_noise,0,870152,865153,865153,15.460063588002633,-96.60513049158557,,,
2939,2938,,,171.48284418691838,110,True,False,True,False,success,0.43568697571754456,,,ou_noise,0,870262,865263,865263,15.981487742337313,-96.65111638849432,,,
2940,2939,,,168.64019335993413,124,True,False,True,False,success,0.4212431311607361,,,ou_noise,0,870386,865387,865387,12.266457460580334,-96.91502361912882,,,
2941,2940,,,-92.9419656212591,43,False,True,True,False,collision,8.359700202941895,,,ou_noise,0,870429,865430,865430,19.875929272452066,-96.51200866699219,,,
2942,2941,,,-67.66939493472753,57,False,True,True,False,collision,5.710416793823242,,,ou_noise,0,870486,865487,865487,14.678100113283124,-96.69168586061711,,,
2943,2942,,,-235.82697036911998,1000,False,False,False,True,cutoff,1.3409384489059448,,,ou_noise,0,871486,866487,866487,14.205901530623436,-96.7202784500122,,,
2944,2943,,,-95.97136175869458,54,False,True,True,False,collision,8.188793182373047,,,ou_noise,0,871540,866541,866541,6.072231734240496,-96.56873406304254,,,
2945,2944,,,169.17238187396737,120,True,False,True,False,success,0.42274150252342224,,,ou_noise,0,871660,866661,866661,5.648395107189814,-96.7274435043335,,,
2946,2945,,,-276.80112767963027,1000,False,False,False,True,cutoff,1.0601818561553955,,,ou_noise,0,872660,867661,867661,14.901642446041107,-96.77210995483398,,,
2947,2946,,,-254.6064051534219,1000,False,False,False,True,cutoff,1.0363891124725342,,,ou_noise,0,873660,868661,868661,16.080372356653214,-96.70995495605469,,,
2948,2947,,,135.14499573278354,232,True,False,True,False,success,0.484191358089447,,,ou_noise,0,873892,868893,868893,12.875991134294148,-96.74498275230671,,,
2949,2948,,,-267.033131286999,1000,False,False,False,True,cutoff,0.8744544386863708,,,ou_noise,0,874892,869893,869893,12.634105194330216,-96.65715886688233,,,
2950,2949,,,163.22310181511247,138,True,False,True,False,success,0.489712119102478,,,ou_noise,0,875030,870031,870031,21.94549719924512,-96.82336923350458,,,
2951,2950,,,-258.04869091413246,1000,False,False,False,True,cutoff,4.3673319816589355,,,ou_noise,0,876030,871031,871031,13.382687836050987,-96.66313864898682,,,
2952,2951,,,-94.03601790476846,51,False,True,True,False,collision,8.010475158691406,,,ou_noise,0,876081,871082,871082,15.538871353747798,-96.68510840920841,,,
2953,2952,,,166.16159812810503,134,True,False,True,False,success,0.4137413501739502,,,ou_noise,0,876215,871216,871216,11.990805618798555,-96.59596508652416,,,
2954,2953,,,171.32697896319317,111,True,False,True,False,success,0.467123419046402,,,ou_noise,0,876326,871327,871327,10.534504798081544,-96.6435171591269,,,
2955,2954,,,169.08433019309967,116,True,False,True,False,success,0.4423999786376953,,,ou_noise,0,876442,871443,871443,12.528303572843814,-96.5688292404701,,,
2956,2955,,,162.61300926422612,139,True,False,True,False,success,0.4948204457759857,,,ou_noise,0,876581,871582,871582,16.983493223464745,-96.40764359947589,,,
2957,2956,,,170.5892676094064,116,True,False,True,False,success,0.4409777522087097,,,ou_noise,0,876697,871698,871698,17.380385487244048,-96.52119985120049,,,
2958,2957,,,-105.65822808331419,99,False,True,True,False,collision,8.027867317199707,,,ou_noise,0,876796,871797,871797,14.039011455545522,-96.4613625112206,,,
2959,2958,,,-280.243309333524,1000,False,False,False,True,cutoff,1.0336391925811768,,,ou_noise,0,877796,872797,872797,14.486983703017234,-96.48696572113037,,,
2960,2959,,,-277.8272436419172,1000,False,False,False,True,cutoff,6.183613300323486,,,ou_noise,0,878796,873797,873797,14.532352544665336,-96.39743040466308,,,
2961,2960,,,167.01385359916677,130,True,False,True,False,success,0.4517412781715393,,,ou_noise,0,878926,873927,873927,11.748975530954509,-96.26197920579176,,,
2962,2961,,,-97.08282963774447,199,False,True,True,False,collision,4.092199325561523,,,ou_noise,0,879125,874126,874126,12.293137996640038,-96.26244457762445,,,
2963,2962,,,-68.67320237987512,81,False,True,True,False,collision,4.978086471557617,,,ou_noise,0,879206,874207,874207,14.58206938667062,-96.48509903896002,,,
2964,2963,,,-94.48641858760223,39,False,True,True,False,collision,8.381799697875977,,,ou_noise,0,879245,874246,874246,12.766799391844334,-96.44385704627403,,,
2965,2964,,,167.28262417775187,126,True,False,True,False,success,0.43709638714790344,,,ou_noise,0,879371,874372,874372,11.730250418186188,-96.28876343984453,,,
2966,2965,,,159.7053995863552,135,True,False,True,False,success,0.4568431079387665,,,ou_noise,0,879506,874507,874507,19.692442611411767,-96.12078925238715,,,
2967,2966,,,168.02143640398037,125,True,False,True,False,success,0.42691248655319214,,,ou_noise,0,879631,874632,874632,22.93189381122589,-96.25838061523437,,,
2968,2967,,,167.21848485038817,128,True,False,True,False,success,0.43888992071151733,,,ou_noise,0,879759,874760,874760,12.396297497674823,-96.36473309993744,,,
2969,2968,,,-95.22213094776636,46,False,True,True,False,collision,8.24954605102539,,,ou_noise,0,879805,874806,874806,10.901824650557145,-96.31611931842306,,,
2970,2969,,,-87.86928393988006,38,False,True,True,False,collision,8.102802276611328,,,ou_noise,0,879843,874844,874844,10.503988378926328,-96.17131403872841,,,
2971,2970,,,-242.98255881444024,1000,False,False,False,True,cutoff,6.521942138671875,,,ou_noise,0,880843,875844,875844,16.79725158858299,-96.21945822906494,,,
2972,2971,,,105.97188693827601,273,True,False,True,False,success,0.4874977171421051,,,ou_noise,0,881116,876117,876117,15.251638431688805,-96.16003848344852,,,
2973,2972,,,164.4355094708555,132,True,False,True,False,success,0.459301620721817,,,ou_noise,0,881248,876249,876249,18.747922830509417,-96.24461474563137,,,
2974,2973,,,166.3089329375967,121,True,False,True,False,success,0.47338229417800903,,,ou_noise,0,881369,876370,876370,14.097058816389604,-96.12290683462601,,,
2975,2974,,,-92.16725513515449,44,False,True,True,False,collision,7.992130279541016,,,ou_noise,0,881413,876414,876414,20.94514443657615,-96.1393309506503,,,
2976,2975,,,-132.04514564001713,187,False,True,True,False,collision,8.360501289367676,,,ou_noise,0,881600,876601,876601,18.564623183745113,-96.17669751172397,,,
2977,2976,,,165.95127128349168,124,True,False,True,False,success,0.41333141922950745,,,ou_noise,0,881724,876725,876725,18.015141812063032,-96.0132318312122,,,
2978,2977,,,154.36556021348977,170,True,False,True,False,success,0.46373361349105835,,,ou_noise,0,881894,876895,876895,16.841935544855453,-96.33690719604492,,,
2979,2978,,,165.1053746075052,134,True,False,True,False,success,0.4925116300582886,,,ou_noise,0,882028,877029,877029,13.89795948676209,-96.14892458559862,,,
2980,2979,,,-95.11519508606341,53,False,True,True,False,collision,8.263568878173828,,,ou_noise,0,882081,877082,877082,20.275917840453815,-96.45313478865714,,,
2981,2980,,,163.67132596518306,135,True,False,True,False,success,0.4613516628742218,,,ou_noise,0,882216,877217,877217,19.9216502322091,-96.1333416974103,,,
2982,2981,,,166.06697390786522,129,True,False,True,False,success,0.4933679401874542,,,ou_noise,0,882345,877346,877346,12.704581087873887,-96.28163750227108,,,
2983,2982,,,145.43600377678956,181,True,False,True,False,success,0.435776948928833,,,ou_noise,0,882526,877527,877527,24.37116059677377,-96.06317926902139,,,
2984,2983,,,-262.8147834777616,1000,False,False,False,True,cutoff,6.7806572914123535,,,ou_noise,0,883526,878527,878527,15.130351725339889,-96.11075941467286,,,
2985,2984,,,70.43414754642521,384,True,False,True,False,success,0.4974878132343292,,,ou_noise,0,883910,878911,878911,19.175717934345204,-96.20988088846207,,,
2986,2985,,,104.19500391046435,311,True,False,True,False,success,0.4816268980503082,,,ou_noise,0,884221,879222,879222,15.488762509401205,-96.02841883226989,,,
2987,2986,,,169.53758550165827,117,True,False,True,False,success,0.44662895798683167,,,ou_noise,0,884338,879339,879339,14.02228209707472,-96.06979174491687,,,
2988,2987,,,165.8503816141096,131,True,False,True,False,success,0.44817665219306946,,,ou_noise,0,884469,879470,879470,26.657079551056142,-96.19646465505352,,,
2989,2988,,,167.89525115310056,121,True,False,True,False,success,0.49519386887550354,,,ou_noise,0,884590,879591,879591,23.31911801011109,-96.03965879077754,,,
2990,2989,,,162.7255973749358,139,True,False,True,False,success,0.4710043668746948,,,ou_noise,0,884729,879730,879730,21.001216051389846,-95.87509852347614,,,
2991,2990,,,-89.89626124385374,48,False,True,True,False,collision,7.900128364562988,,,ou_noise,0,884777,879778,879778,9.78719143072764,-96.2234567006429,,,
2992,2991,,,160.74667279581212,148,True,False,True,False,success,0.48463568091392517,,,ou_noise,0,884925,879926,879926,18.163071701655518,-96.12775158237767,,,
2993,2992,,,109.3759737515597,277,True,False,True,False,success,0.48457804322242737,,,ou_noise,0,885202,880203,880203,17.63401237162442,-96.07949853890209,,,
2994,2993,,,-91.34206220210226,32,False,True,True,False,collision,8.543988227844238,,,ou_noise,0,885234,880235,880235,11.274422861635685,-96.11526274681091,,,
2995,2994,,,-88.0662432130029,43,False,True,True,False,collision,7.7794060707092285,,,ou_noise,0,885277,880278,880278,13.893247806748679,-95.8686857001726,,,
2996,2995,,,166.07703539367262,130,True,False,True,False,success,0.46131783723831177,,,ou_noise,0,885407,880408,880408,20.729424417935885,-95.9968517596905,,,
2997,2996,,,167.53189876555805,119,True,False,True,False,success,0.4688515365123749,,,ou_noise,0,885526,880527,880527,11.66291802971303,-95.94104811724495,,,
2998,2997,,,-90.64667160728831,45,False,True,True,False,collision,8.095328330993652,,,ou_noise,0,885571,880572,880572,21.06810099813673,-96.04373813205295,,,
2999,2998,,,169.67357681645572,121,True,False,True,False,success,0.47552868723869324,,,ou_noise,0,885692,880693,880693,22.314034363455022,-96.03506816517223,,,
3000,2999,,,160.6686269630261,143,True,False,True,False,success,0.4949416518211365,,,ou_noise,0,885835,880836,880836,12.760883598060875,-95.94940793764341,,,
3001,3000,,,-269.61239699564834,1000,False,False,False,True,cutoff,5.297490119934082,,,ou_noise,0,886835,881836,881836,17.08867127585411,-96.0134208984375,,,
3002,3001,,,166.97402446629133,121,True,False,True,False,success,0.47789880633354187,,,ou_noise,0,886956,881957,881957,18.325002663391682,-95.90625308958953,,,
3003,3002,,,-89.9829420188368,54,False,True,True,False,collision,7.851492404937744,,,ou_noise,0,887010,882011,882011,12.642439948187935,-95.58550135294597,,,
3004,3003,,,93.90374711589871,320,True,False,True,False,success,0.48171085119247437,,,ou_noise,0,887330,882331,882331,16.904483015835286,-95.90627431869507,,,
3005,3004,,,167.64459758233664,120,True,False,True,False,success,0.4988100826740265,,,ou_noise,0,887450,882451,882451,20.775104482968647,-95.76033713022868,,,
3006,3005,,,152.92776522708272,168,True,False,True,False,success,0.464974045753479,,,ou_noise,0,887618,882619,882619,20.351742931774684,-96.1105302174886,,,
3007,3006,,,159.21871335285294,134,True,False,True,False,success,0.4634493291378021,,,ou_noise,0,887752,882753,882753,9.260677280710704,-95.97276197974361,,,
3008,3007,,,168.7957063828064,118,True,False,True,False,success,0.432721346616745,,,ou_noise,0,887870,882871,882871,21.211127689329246,-95.91123289981131,,,
3009,3008,,,169.84377283859016,112,True,False,True,False,success,0.4908704161643982,,,ou_noise,0,887982,882983,882983,11.922738584024566,-96.00626277923584,,,
3010,3009,,,168.3518793633421,123,True,False,True,False,success,0.40046826004981995,,,ou_noise,0,888105,883106,883106,14.211513554177634,-96.12118536476197,,,
3011,3010,,,-90.6261741740928,38,False,True,True,False,collision,8.185771942138672,,,ou_noise,0,888143,883144,883144,21.578023377217743,-95.81806223016036,,,
3012,3011,,,159.22454593141967,141,True,False,True,False,success,0.46509426832199097,,,ou_noise,0,888284,883285,883285,14.410008876881701,-95.92911540362851,,,
3013,3012,,,121.03172538570192,234,True,False,True,False,success,0.49430158734321594,,,ou_noise,0,888518,883519,883519,16.074149252003075,-95.7870376456497,,,
3014,3013,,,158.31949814021567,138,True,False,True,False,success,0.44960302114486694,,,ou_noise,0,888656,883657,883657,14.813718949539075,-95.67810760719189,,,
3015,3014,,,-235.31852436833097,1000,False,False,False,True,cutoff,6.890566349029541,,,ou_noise,0,889656,884657,884657,18.452012551784517,-95.74073892974853,,,
3016,3015,,,156.893391412644,140,True,False,True,False,success,0.44568634033203125,,,ou_noise,0,889796,884797,884797,16.182563619954244,-95.84203235081264,,,
3017,3016,,,-125.29330064071029,222,False,True,True,False,collision,5.371359825134277,,,ou_noise,0,890018,885019,885019,18.703663533872312,-95.97430303075292,,,
3018,3017,,,164.29777773058748,129,True,False,True,False,success,0.47079357504844666,,,ou_noise,0,890147,885148,885148,18.190089608347694,-95.87009696073311,,,
3019,3018,,,167.04923257255012,123,True,False,True,False,success,0.4911131262779236,,,ou_noise,0,890270,885271,885271,22.140124241511028,-95.55088799949584,,,
3020,3019,,,166.11482065745173,130,True,False,True,False,success,0.4405328929424286,,,ou_noise,0,890400,885401,885401,20.127917016469514,-95.6883432828463,,,
3021,3020,,,170.44540620960413,120,True,False,True,False,success,0.4987775683403015,,,ou_noise,0,890520,885521,885521,11.00539090037346,-95.68858350118002,,,
3022,3021,,,-92.50224293900361,40,False,True,True,False,collision,8.492704391479492,,,ou_noise,0,890560,885561,885561,15.770320624113083,-96.00317363739013,,,
3023,3022,,,-86.55770499088608,48,False,True,True,False,collision,7.793937683105469,,,ou_noise,0,890608,885609,885609,16.02823206782341,-95.82476917902629,,,
3024,3023,,,160.59822765909075,133,True,False,True,False,success,0.4794258177280426,,,ou_noise,0,890741,885742,885742,16.113668468661775,-95.57997314912036,,,
3025,3024,,,163.89512921497396,134,True,False,True,False,success,0.4324294626712799,,,ou_noise,0,890875,885876,885876,12.161948124864209,-95.79738571394735,,,
3026,3025,,,168.46028731139054,118,True,False,True,False,success,0.45127856731414795,,,ou_noise,0,890993,885994,885994,15.41146744913974,-95.7552521915759,,,
3027,3026,,,-291.20226783091533,1000,False,False,False,True,cutoff,6.847352504730225,,,ou_noise,0,891993,886994,886994,17.23025379908085,-95.60963993835449,,,
3028,3027,,,-92.03325715895448,43,False,True,True,False,collision,8.125731468200684,,,ou_noise,0,892036,887037,887037,10.028727919556374,-95.64651045688363,,,
3029,3028,,,-95.22463720464002,51,False,True,True,False,collision,8.100863456726074,,,ou_noise,0,892087,887088,887088,25.09669879371045,-95.50193801580691,,,
3030,3029,,,-77.806074619339,105,False,True,True,False,collision,5.241899013519287,,,ou_noise,0,892192,887193,887193,15.856047833533514,-95.61553831554595,,,
3031,3030,,,167.30105202438642,123,True,False,True,False,success,0.4516045153141022,,,ou_noise,0,892315,887316,887316,17.981281401665232,-95.59679090298289,,,
3032,3031,,,-97.41066131255415,54,False,True,True,False,collision,8.412064552307129,,,ou_noise,0,892369,887370,887370,10.500934252032527,-95.42545488145616,,,
3033,3032,,,-70.01103052311021,48,False,True,True,False,collision,6.373659610748291,,,ou_noise,0,892417,887418,887418,21.31481848905484,-95.31306918462117,,,
3034,3033,,,167.71595341666628,124,True,False,True,False,success,0.4409790635108948,,,ou_noise,0,892541,887542,887542,11.085732502322044,-95.68487031998173,,,
3035,3034,,,156.97266898286347,153,True,False,True,False,success,0.45728370547294617,,,ou_noise,0,892694,887695,887695,8.92138160911261,-95.68443572599125,,,
3036,3035,,,156.88493829925747,136,True,False,True,False,success,0.4732597768306732,,,ou_noise,0,892830,887831,887831,14.308869847479988,-95.68389443790211,,,
3037,3036,,,-75.72766500734252,79,False,True,True,False,collision,5.696915626525879,,,ou_noise,0,892909,887910,887910,17.747243588483787,-95.46098289006873,,,
3038,3037,,,169.38580430011982,120,True,False,True,False,success,0.43866291642189026,,,ou_noise,0,893029,888030,888030,21.237585097551346,-95.75658569335937,,,
3039,3038,,,159.35854357016893,137,True,False,True,False,success,0.4755074381828308,,,ou_noise,0,893166,888167,888167,16.206991340122084,-95.64396500413436,,,
3040,3039,,,165.3171395724069,131,True,False,True,False,success,0.48867809772491455,,,ou_noise,0,893297,888298,888298,21.957328739967053,-95.33561974445372,,,
3041,3040,,,167.22700113367137,123,True,False,True,False,success,0.47683268785476685,,,ou_noise,0,893420,888421,888421,16.721128275723963,-95.59346181978056,,,
3042,3041,,,158.0428106351125,141,True,False,True,False,success,0.4201749563217163,,,ou_noise,0,893561,888562,888562,23.440476392177825,-95.54809375519449,,,
3043,3042,,,163.66756019137398,128,True,False,True,False,success,0.42622053623199463,,,ou_noise,0,893689,888690,888690,16.218432552181184,-95.56199687719345,,,
3044,3043,,,-82.57575025187401,83,False,True,True,False,collision,6.063758373260498,,,ou_noise,0,893772,888773,888773,29.826613644519483,-95.51706594444182,,,
3045,3044,,,167.030748664496,126,True,False,True,False,success,0.447732537984848,,,ou_noise,0,893898,888899,888899,14.962965883905925,-95.75210250370087,,,
3046,3045,,,170.0672964662692,119,True,False,True,False,success,0.4721313714981079,,,ou_noise,0,894017,889018,889018,26.788442446404144,-95.59022925881779,,,
3047,3046,,,168.72465799940358,117,True,False,True,False,success,0.4879305958747864,,,ou_noise,0,894134,889135,889135,12.506443115381094,-95.57297092013889,,,
3048,3047,,,166.23748416052894,122,True,False,True,False,success,0.454639196395874,,,ou_noise,0,894256,889257,889257,18.488054802183246,-95.59989347614226,,,
3049,3048,,,165.71784924689769,125,True,False,True,False,success,0.4745088219642639,,,ou_noise,0,894381,889382,889382,23.47484268951416,-95.45632830810547,,,
3050,3049,,,168.4392395964884,116,True,False,True,False,success,0.4927492141723633,,,ou_noise,0,894497,889498,889498,14.962141002046652,-95.72629586581526,,,
3051,3050,,,165.49488726953064,135,True,False,True,False,success,0.43589654564857483,,,ou_noise,0,894632,889633,889633,22.520074044333565,-95.47890195493345,,,
3052,3051,,,155.65144704440564,150,True,False,True,False,success,0.46215900778770447,,,ou_noise,0,894782,889783,889783,14.571498832702638,-95.72390599568685,,,
3053,3052,,,-214.80120483254672,1000,False,False,False,True,cutoff,7.184758186340332,,,ou_noise,0,895782,890783,890783,15.355689746499062,-95.60605365753173,,,
3054,3053,,,-65.19200885312833,60,False,True,True,False,collision,5.611413955688477,,,ou_noise,0,895842,890843,890843,15.30752196709315,-95.62830085754395,,,
3055,3054,,,162.19220887261275,140,True,False,True,False,success,0.42485684156417847,,,ou_noise,0,895982,890983,890983,17.200035246780942,-95.36606129237583,,,
3056,3055,,,169.6415458089241,128,True,False,True,False,success,0.4370851218700409,,,ou_noise,0,896110,891111,891111,17.62504516914487,-95.58500248193741,,,
3057,3056,,,162.63007500677182,128,True,False,True,False,success,0.46636319160461426,,,ou_noise,0,896238,891239,891239,13.730530446395278,-95.6245242357254,,,
3058,3057,,,166.18078241827166,131,True,False,True,False,success,0.4884113669395447,,,ou_noise,0,896369,891370,891370,18.546818964353953,-95.3022611778201,,,
3059,3058,,,165.1840266467008,128,True,False,True,False,success,0.44710204005241394,,,ou_noise,0,896497,891498,891498,16.93581658322364,-95.52056813240051,,,
3060,3059,,,169.68853153185273,116,True,False,True,False,success,0.46087342500686646,,,ou_noise,0,896613,891614,891614,15.90464541727099,-95.40219675261399,,,
3061,3060,,,-66.32641401468933,137,False,True,True,False,collision,3.3142106533050537,,,ou_noise,0,896750,891751,891751,17.21941111383647,-95.53962507039091,,,
3062,3061,,,163.39141310016205,131,True,False,True,False,success,0.4454130530357361,,,ou_noise,0,896881,891882,891882,16.055008319498018,-95.44740609904282,,,
3063,3062,,,164.9881744199329,131,True,False,True,False,success,0.4777970314025879,,,ou_noise,0,897012,892013,892013,12.164567349521258,-95.60873220895083,,,
3064,3063,,,170.50903182237002,113,True,False,True,False,success,0.48809054493904114,,,ou_noise,0,897125,892126,892126,13.169306721307535,-95.58040753930015,,,
3065,3064,,,-73.61996822159739,78,False,True,True,False,collision,5.921781539916992,,,ou_noise,0,897203,892204,892204,19.326413903480923,-95.33123114170172,,,
3066,3065,,,159.47561726584104,145,True,False,True,False,success,0.46611133217811584,,,ou_noise,0,897348,892349,892349,21.91170582442448,-95.5397813994309,,,
3067,3066,,,153.6359162828984,162,True,False,True,False,success,0.43495962023735046,,,ou_noise,0,897510,892511,892511,18.170183683619086,-95.60369482158143,,,
3068,3067,,,170.8089753861899,111,True,False,True,False,success,0.4772520661354065,,,ou_noise,0,897621,892622,892622,12.720867998965153,-95.53176199423301,,,
3069,3068,,,158.6329085505893,137,True,False,True,False,success,0.4876525104045868,,,ou_noise,0,897758,892759,892759,16.232822005766153,-95.7718077610879,,,
3070,3069,,,165.0553968934814,130,True,False,True,False,success,0.48300448060035706,,,ou_noise,0,897888,892889,892889,19.706547018197867,-95.59259350116436,,,
3071,3070,,,165.0603925428897,127,True,False,True,False,success,0.46141475439071655,,,ou_noise,0,898015,893016,893016,23.345435867159384,-95.56664143960307,,,
3072,3071,,,169.41780131615656,117,True,False,True,False,success,0.46444761753082275,,,ou_noise,0,898132,893133,893133,12.295143351595627,-95.52110042735043,,,
3073,3072,,,-89.31725859220339,38,False,True,True,False,collision,8.15949535369873,,,ou_noise,0,898170,893171,893171,13.469658249302915,-95.14859470568206,,,
3074,3073,,,-60.747052961794594,66,False,True,True,False,collision,5.088291645050049,,,ou_noise,0,898236,893237,893237,17.034819118904345,-95.37626324277936,,,
3075,3074,,,169.71599291522068,116,True,False,True,False,success,0.4071809947490692,,,ou_noise,0,898352,893353,893353,13.671785464574551,-95.67536906538338,,,
3076,3075,,,170.28989115902635,113,True,False,True,False,success,0.498639851808548,,,ou_noise,0,898465,893466,893466,21.21376970594963,-95.47738195098607,,,
3077,3076,,,-110.01314608842644,171,False,True,True,False,collision,5.759251594543457,,,ou_noise,0,898636,893637,893637,20.640886547272665,-95.33551489400585,,,
3078,3077,,,160.8688314724384,138,True,False,True,False,success,0.4631049335002899,,,ou_noise,0,898774,893775,893775,12.861775004345438,-95.55974313487177,,,
3079,3078,,,166.2404722446671,123,True,False,True,False,success,0.4474000930786133,,,ou_noise,0,898897,893898,893898,15.882294873881147,-95.52592089893372,,,
3080,3079,,,-87.8696675767343,96,False,True,True,False,collision,5.879535675048828,,,ou_noise,0,898993,893994,893994,14.835942956308523,-95.53136769930522,,,
3081,3080,,,166.3143515214448,128,True,False,True,False,success,0.4659389853477478,,,ou_noise,0,899121,894122,894122,16.259890659712255,-95.6101815700531,,,
3082,3081,,,170.74978743838273,114,True,False,True,False,success,0.47256696224212646,,,ou_noise,0,899235,894236,894236,19.465081892515485,-95.38672015541478,,,
3083,3082,,,167.85884900942895,119,True,False,True,False,success,0.4400619566440582,,,ou_noise,0,899354,894355,894355,8.659066452699548,-95.57123398981174,,,
3084,3083,,,158.78623038704367,138,True,False,True,False,success,0.47935426235198975,,,ou_noise,0,899492,894493,894493,18.034182044043057,-95.46413747815119,,,
3085,3084,,,-66.64444376145522,74,False,True,True,False,collision,5.011540412902832,,,ou_noise,0,899566,894567,894567,18.331194507109153,-95.49663945790884,,,
3086,3085,,,-94.40073882558417,56,False,True,True,False,collision,7.932462692260742,,,ou_noise,0,899622,894623,894623,14.096378637211663,-95.50913156781878,,,
3087,3086,,,166.13142660916242,124,True,False,True,False,success,0.4406892657279968,,,ou_noise,0,899746,894747,894747,12.67674360928997,-95.56175428821194,,,
3088,3087,,,-208.7251247023182,479,False,True,True,False,collision,5.827194690704346,,,ou_noise,0,900225,895226,895226,18.438699312399226,-95.5234043702701,,,
3089,3088,,,152.84534057379022,148,True,False,True,False,success,0.440442830324173,,,ou_noise,0,900373,895374,895374,18.145378704006607,-95.4924705608471,,,
3090,3089,,,169.91890419422845,120,True,False,True,False,success,0.4773550033569336,,,ou_noise,0,900493,895494,895494,20.12205045024554,-95.24812615712484,,,
3091,3090,,,166.57164183211356,120,True,False,True,False,success,0.4954998195171356,,,ou_noise,0,900613,895614,895614,16.92565204103788,-95.54791094462077,,,
3092,3091,,,168.29750643031224,125,True,False,True,False,success,0.4795854687690735,,,ou_noise,0,900738,895739,895739,25.675039412498474,-95.50039526367188,,,
3093,3092,,,164.90996508361397,133,True,False,True,False,success,0.47807320952415466,,,ou_noise,0,900871,895872,895872,17.075325062400417,-95.49697744039665,,,
3094,3093,,,-105.63190764779723,123,False,True,True,False,collision,6.705483913421631,,,ou_noise,0,900994,895995,895995,16.688455261835237,-95.30635064598022,,,
3095,3094,,,162.20857709850927,137,True,False,True,False,success,0.4768940508365631,,,ou_noise,0,901131,896132,896132,14.107517344238115,-95.35740928928347,,,
3096,3095,,,163.27498157999042,130,True,False,True,False,success,0.48665687441825867,,,ou_noise,0,901261,896262,896262,12.632391131841219,-95.46312255859375,,,
3097,3096,,,166.3509436737787,125,True,False,True,False,success,0.4718114733695984,,,ou_noise,0,901386,896387,896387,13.980345878601074,-95.29250134277343,,,
3098,3097,,,-78.34483841459095,120,False,True,True,False,collision,4.599404811859131,,,ou_noise,0,901506,896507,896507,15.307912889122964,-95.37743371327718,,,
3099,3098,,,-243.25738887117828,1000,False,False,False,True,cutoff,7.179942607879639,,,ou_noise,0,902506,897507,897507,19.407359646439552,-95.43728031158447,,,
3100,3099,,,-65.41161011833063,107,False,True,True,False,collision,3.591996908187866,,,ou_noise,0,902613,897614,897614,19.02234497805622,-95.2106974236319,,,
3101,3100,,,-45.405479168998475,113,False,True,True,False,collision,2.2347774505615234,,,ou_noise,0,902726,897727,897727,17.905067780376534,-95.60247559674018,,,
3102,3101,,,-87.74003662848112,139,False,True,True,False,collision,5.1671319007873535,,,ou_noise,0,902865,897866,897866,12.689570132776987,-95.31865516497935,,,
3103,3102,,,164.7835366974794,129,True,False,True,False,success,0.4464845359325409,,,ou_noise,0,902994,897995,897995,14.87977904497191,-95.40887256001317,,,
3104,3103,,,162.02937211514936,139,True,False,True,False,success,0.4449321925640106,,,ou_noise,0,903133,898134,898134,18.182957223851044,-95.53953316228854,,,
3105,3104,,,-179.54429809615598,447,False,True,True,False,collision,5.772562503814697,,,ou_noise,0,903580,898581,898581,15.355957628629884,-95.42634741251901,,,
3106,3105,,,159.4907783075489,150,True,False,True,False,success,0.48537492752075195,,,ou_noise,0,903730,898731,898731,21.90926363627116,-95.29117706298828,,,
3107,3106,,,161.35015624044695,141,True,False,True,False,success,0.4720485210418701,,,ou_noise,0,903871,898872,898872,19.34162289369191,-95.25524096116952,,,
3108,3107,,,-69.68072496094709,119,False,True,True,False,collision,4.492369651794434,,,ou_noise,0,903990,898991,898991,14.982938283631782,-95.48410585547695,,,
3109,3108,,,-45.32071569319018,923,True,False,True,False,success,0.43709665536880493,,,ou_noise,0,904913,899914,899914,18.936435154044872,-95.41005364580248,,,
3110,3109,,,158.26763889495166,156,True,False,True,False,success,0.44394150376319885,,,ou_noise,0,905069,900070,900070,21.291909268269173,-95.39566925244453,,,
3111,3110,,,168.24708866261903,119,True,False,True,False,success,0.439667284488678,,,ou_noise,0,905188,900189,900189,18.310827223192742,-95.3572849305738,,,
3112,3111,,,-68.16160410117237,71,False,True,True,False,collision,5.225285530090332,,,ou_noise,0,905259,900260,900260,28.824970285657425,-95.34119426028829,,,
3113,3112,,,-93.30736997519436,37,False,True,True,False,collision,8.63078784942627,,,ou_noise,0,905296,900297,900297,18.410674578434712,-95.48678898166966,,,
3114,3113,,,-91.22668419968468,39,False,True,True,False,collision,8.31325912475586,,,ou_noise,0,905335,900336,900336,16.81117150722406,-95.35724366016878,,,
3115,3114,,,160.091501578926,144,True,False,True,False,success,0.44235679507255554,,,ou_noise,0,905479,900480,900480,19.931602651874226,-95.492126888699,,,
3116,3115,,,154.2469033677755,151,True,False,True,False,success,0.4526645243167877,,,ou_noise,0,905630,900631,900631,14.321646087217015,-95.3946004198087,,,
3117,3116,,,159.32134882711296,135,True,False,True,False,success,0.4923914670944214,,,ou_noise,0,905765,900766,900766,23.948739712326613,-95.6108016402633,,,
3118,3117,,,160.30550397046136,128,True,False,True,False,success,0.4621012508869171,,,ou_noise,0,905893,900894,900894,21.04446340352297,-95.49220579862595,,,
3119,3118,,,151.9606890513855,161,True,False,True,False,success,0.4526284337043762,,,ou_noise,0,906054,901055,901055,17.850335084133267,-95.39759504424859,,,
3120,3119,,,161.39818462987722,136,True,False,True,False,success,0.489383339881897,,,ou_noise,0,906190,901191,901191,14.423375580240698,-95.34369883817784,,,
3121,3120,,,-401.446003905137,935,False,True,True,False,collision,6.340492248535156,,,ou_noise,0,907125,902126,902126,19.10703860285448,-95.50874302501984,,,
3122,3121,,,163.85315658564156,135,True,False,True,False,success,0.4653380513191223,,,ou_noise,0,907260,902261,902261,18.35430032412211,-95.46191208450882,,,
3123,3122,,,160.59545164337567,140,True,False,True,False,success,0.4115990400314331,,,ou_noise,0,907400,902401,902401,17.281177978856224,-95.44007611955915,,,
3124,3123,,,-44.7498197450869,109,False,True,True,False,collision,2.3053572177886963,,,ou_noise,0,907509,902510,902510,17.14300427961787,-95.43556577350022,,,
3125,3124,,,-142.03527272228442,430,False,True,True,False,collision,3.601210355758667,,,ou_noise,0,907939,902940,902940,20.278489390639372,-95.41835133752157,,,
3126,3125,,,-84.54235752409417,45,False,True,True,False,collision,7.4755940437316895,,,ou_noise,0,907984,902985,902985,18.119392151302762,-95.54805162217882,,,
3127,3126,,,171.30335970476088,118,True,False,True,False,success,0.44694218039512634,,,ou_noise,0,908102,903103,903103,20.1113869234667,-95.46739649368544,,,
3128,3127,,,168.63262934555672,121,True,False,True,False,success,0.49421271681785583,,,ou_noise,0,908223,903224,903224,18.666711231893743,-95.40054970733391,,,
3129,3128,,,167.77422585955455,127,True,False,True,False,success,0.4301411807537079,,,ou_noise,0,908350,903351,903351,24.218073745412152,-95.29279321385181,,,
3130,3129,,,165.9486872275232,135,True,False,True,False,success,0.4795094132423401,,,ou_noise,0,908485,903486,903486,23.70575721882008,-95.75477198848019,,,
3131,3130,,,163.72415135551233,131,True,False,True,False,success,0.4016036093235016,,,ou_noise,0,908616,903617,903617,17.522535361406458,-95.50858644674753,,,
3132,3131,,,-62.291994669938425,93,False,True,True,False,collision,4.245327949523926,,,ou_noise,0,908709,903710,903710,25.073811823321925,-95.50176534345073,,,
3133,3132,,,170.45509335378154,112,True,False,True,False,success,0.43471473455429077,,,ou_noise,0,908821,903822,903822,20.386279280696595,-95.42380230767387,,,
3134,3133,,,155.68803664779227,153,True,False,True,False,success,0.47181135416030884,,,ou_noise,0,908974,903975,903975,19.832582007825764,-95.56215388478796,,,
3135,3134,,,-61.661906838280494,96,False,True,True,False,collision,4.39786958694458,,,ou_noise,0,909070,904071,904071,14.017635323107243,-95.52436375617981,,,
3136,3135,,,-85.15684290962014,213,False,True,True,False,collision,3.8590774536132812,,,ou_noise,0,909283,904284,904284,20.446837305462974,-95.54624394519789,,,
3137,3136,,,169.37622548855563,121,True,False,True,False,success,0.4271122217178345,,,ou_noise,0,909404,904405,904405,18.744532005846008,-95.60707659760783,,,
3138,3137,,,155.43975643245741,151,True,False,True,False,success,0.49095621705055237,,,ou_noise,0,909555,904556,904556,9.386930650433168,-95.61692239117149,,,
3139,3138,,,153.00070310140987,157,True,False,True,False,success,0.48960551619529724,,,ou_noise,0,909712,904713,904713,24.340495165745924,-95.47104406660529,,,
3140,3139,,,165.4993629755152,130,True,False,True,False,success,0.4601823389530182,,,ou_noise,0,909842,904843,904843,23.01785708757547,-95.54008701031024,,,
3141,3140,,,165.5939397564815,140,True,False,True,False,success,0.4256956875324249,,,ou_noise,0,909982,904983,904983,23.287175473145076,-95.6117508479527,,,
3142,3141,,,156.9385959038452,156,True,False,True,False,success,0.481480211019516,,,ou_noise,0,910138,905139,905139,29.132281311811546,-95.37139496436485,,,
3143,3142,,,166.31392305376247,134,True,False,True,False,success,0.4713924527168274,,,ou_noise,0,910272,905273,905273,18.451212939041763,-95.67727017758497,,,
3144,3143,,,-89.70153424363569,40,False,True,True,False,collision,8.176762580871582,,,ou_noise,0,910312,905313,905313,22.068546909093858,-95.84359550476074,,,
3145,3144,,,163.36801394086172,131,True,False,True,False,success,0.4912600517272949,,,ou_noise,0,910443,905444,905444,22.51609610419237,-95.5696640597045,,,
3146,3145,,,161.15142486069158,129,True,False,True,False,success,0.48518726229667664,,,ou_noise,0,910572,905573,905573,23.029692178548768,-95.53586702568586,,,
3147,3146,,,166.0654291991815,127,True,False,True,False,success,0.4728519022464752,,,ou_noise,0,910699,905700,905700,21.248355338892598,-95.62071270079124,,,
3148,3147,,,155.94631053197617,146,True,False,True,False,success,0.4693286418914795,,,ou_noise,0,910845,905846,905846,16.580421447753906,-95.39126905676437,,,
3149,3148,,,169.82023660736596,117,True,False,True,False,success,0.4556037485599518,,,ou_noise,0,910962,905963,905963,16.82446181672251,-95.58708314814119,,,
3150,3149,,,171.34151019756777,116,True,False,True,False,success,0.43971559405326843,,,ou_noise,0,911078,906079,906079,18.46569782701032,-95.21320612677212,,,
3151,3150,,,164.47742617966514,128,True,False,True,False,success,0.4388720393180847,,,ou_noise,0,911206,906207,906207,13.387738026678562,-95.57773119211197,,,
3152,3151,,,167.7816949173179,128,True,False,True,False,success,0.44260916113853455,,,ou_noise,0,911334,906335,906335,23.361370665952563,-95.52492827177048,,,
3153,3152,,,164.46852558982724,128,True,False,True,False,success,0.45361098647117615,,,ou_noise,0,911462,906463,906463,19.654717357829213,-95.61859023571014,,,
3154,3153,,,159.86089157100727,142,True,False,True,False,success,0.4538395404815674,,,ou_noise,0,911604,906605,906605,15.578359002798376,-95.64704599514813,,,
3155,3154,,,164.39092097605578,127,True,False,True,False,success,0.4313177764415741,,,ou_noise,0,911731,906732,906732,17.115313931712954,-95.55972049743171,,,
3156,3155,,,169.22116636343716,128,True,False,True,False,success,0.44767409563064575,,,ou_noise,0,911859,906860,906860,26.455433312803507,-95.83192729949951,,,
3157,3156,,,166.42891560166538,127,True,False,True,False,success,0.43626168370246887,,,ou_noise,0,911986,906987,906987,22.099519271550218,-95.76167183222734,,,
3158,3157,,,171.1050074702021,115,True,False,True,False,success,0.44422346353530884,,,ou_noise,0,912101,907102,907102,15.595318101800006,-95.77438135561735,,,
3159,3158,,,171.44064394776242,116,True,False,True,False,success,0.4719032943248749,,,ou_noise,0,912217,907218,907218,22.87786694847304,-95.70195224367339,,,
3160,3159,,,-199.74016683659255,467,False,True,True,False,collision,4.492220878601074,,,ou_noise,0,912684,907685,907685,21.84109190827519,-95.84743831397634,,,
3161,3160,,,157.93367323290207,146,True,False,True,False,success,0.49676284193992615,,,ou_noise,0,912830,907831,907831,20.862836558524876,-95.66918652678189,,,
3162,3161,,,162.66564062117163,135,True,False,True,False,success,0.45311760902404785,,,ou_noise,0,912965,907966,907966,28.585225589187058,-95.61806250678168,,,
3163,3162,,,161.93541696753735,133,True,False,True,False,success,0.44920453429222107,,,ou_noise,0,913098,908099,908099,14.82901970605205,-95.74435430541074,,,
3164,3163,,,164.20949639536644,132,True,False,True,False,success,0.4827905297279358,,,ou_noise,0,913230,908231,908231,20.535693582260247,-95.6679199103153,,,
3165,3164,,,164.86527005167812,125,True,False,True,False,success,0.4816861152648926,,,ou_noise,0,913355,908356,908356,18.86229528617859,-95.67614532470704,,,
3166,3165,,,170.82618648813087,117,True,False,True,False,success,0.4427618384361267,,,ou_noise,0,913472,908473,908473,17.700145947627533,-95.77034981230385,,,
3167,3166,,,165.4396547845982,124,True,False,True,False,success,0.4921971559524536,,,ou_noise,0,913596,908597,908597,15.934523222907897,-95.97772462906376,,,
3168,3167,,,168.6424212999582,121,True,False,True,False,success,0.41115841269493103,,,ou_noise,0,913717,908718,908718,20.7408041224992,-96.01494737104936,,,
3169,3168,,,161.07378557926825,141,True,False,True,False,success,0.4565400183200836,,,ou_noise,0,913858,908859,908859,20.837779234487115,-95.80300935785822,,,
3170,3169,,,166.6039607711538,126,True,False,True,False,success,0.4567851722240448,,,ou_noise,0,913984,908985,908985,24.562984610360765,-95.75024644155351,,,
3171,3170,,,159.30473236884416,143,True,False,True,False,success,0.4998440742492676,,,ou_noise,0,914127,909128,909128,22.614066879232446,-95.85904346812855,,,
3172,3171,,,172.29416819446897,118,True,False,True,False,success,0.43732404708862305,,,ou_noise,0,914245,909246,909246,12.530300435373338,-95.77383707337461,,,
3173,3172,,,162.42120633710164,132,True,False,True,False,success,0.48162841796875,,,ou_noise,0,914377,909378,909378,18.036783478476785,-95.83628273010254,,,
3174,3173,,,159.39962959752432,139,True,False,True,False,success,0.4197712540626526,,,ou_noise,0,914516,909517,909517,21.185598785071065,-95.96454521563413,,,
3175,3174,,,166.65585207844782,131,True,False,True,False,success,0.4990263879299164,,,ou_noise,0,914647,909648,909648,16.329931124476076,-96.05529738564528,,,
3176,3175,,,167.2509857059385,125,True,False,True,False,success,0.48456457257270813,,,ou_noise,0,914772,909773,909773,24.843736083984375,-95.97528033447266,,,
3177,3176,,,163.62635591765184,127,True,False,True,False,success,0.4645727574825287,,,ou_noise,0,914899,909900,909900,24.263545362968145,-95.95380371574342,,,
3178,3177,,,168.95917646464852,119,True,False,True,False,success,0.48222142457962036,,,ou_noise,0,915018,910019,910019,13.878299182202635,-95.6934447729287,,,
3179,3178,,,158.39418004532934,147,True,False,True,False,success,0.4614865481853485,,,ou_noise,0,915165,910166,910166,23.298801903821985,-96.01396391991855,,,
3180,3179,,,163.2613333306571,133,True,False,True,False,success,0.4851331412792206,,,ou_noise,0,915298,910299,910299,20.169329723021143,-95.9532693848574,,,
3181,3180,,,162.24748414804554,137,True,False,True,False,success,0.44891369342803955,,,ou_noise,0,915435,910436,910436,21.47401401770376,-95.8623664466134,,,
3182,3181,,,164.69496077395465,130,True,False,True,False,success,0.48640522360801697,,,ou_noise,0,915565,910566,910566,20.78493749361772,-96.03723942683293,,,
3183,3182,,,158.27053960459736,143,True,False,True,False,success,0.4786740839481354,,,ou_noise,0,915708,910709,910709,21.360502406433746,-96.18895086541876,,,
3184,3183,,,164.89209526245466,134,True,False,True,False,success,0.4570515751838684,,,ou_noise,0,915842,910843,910843,14.63544435643438,-96.01313109896076,,,
3185,3184,,,167.84335012196541,117,True,False,True,False,success,0.4354459047317505,,,ou_noise,0,915959,910960,910960,22.139618127773968,-95.80044516538962,,,
3186,3185,,,-77.5929532381559,123,False,True,True,False,collision,5.288246154785156,,,ou_noise,0,916082,911083,911083,17.948512597781857,-96.18106736594099,,,
3187,3186,,,168.32464102148472,124,True,False,True,False,success,0.4507797062397003,,,ou_noise,0,916206,911207,911207,20.735796584237008,-96.02805512951267,,,
3188,3187,,,165.76473136408993,130,True,False,True,False,success,0.41432344913482666,,,ou_noise,0,916336,911337,911337,23.115729702436006,-96.24348209087665,,,
3189,3188,,,156.86494297566068,138,True,False,True,False,success,0.43509870767593384,,,ou_noise,0,916474,911475,911475,20.157547162926715,-96.20212140290633,,,
3190,3189,,,166.18160925948197,123,True,False,True,False,success,0.4704510569572449,,,ou_noise,0,916597,911598,911598,14.49198800567689,-96.13359107040777,,,
3191,3190,,,-220.53295791469307,1000,False,False,False,True,cutoff,6.7795257568359375,,,ou_noise,0,917597,912598,912598,21.584418997764587,-96.10132188415527,,,
3192,3191,,,167.01602398831017,124,True,False,True,False,success,0.46548163890838623,,,ou_noise,0,917721,912722,912722,22.489273767317496,-96.03866103387648,,,
3193,3192,,,160.5470262421664,136,True,False,True,False,success,0.4833396077156067,,,ou_noise,0,917857,912858,912858,20.288384902126648,-95.95988178253174,,,
3194,3193,,,162.42555011739358,132,True,False,True,False,success,0.41293805837631226,,,ou_noise,0,917989,912990,912990,21.330801091410898,-95.99120787418249,,,
3195,3194,,,172.08148595928697,115,True,False,True,False,success,0.486330509185791,,,ou_noise,0,918104,913105,913105,11.690473175048828,-96.39662900178328,,,
3196,3195,,,166.25416373314914,128,True,False,True,False,success,0.4305843412876129,,,ou_noise,0,918232,913233,913233,17.878139963373542,-96.07959043979645,,,
3197,3196,,,163.73481840122597,135,True,False,True,False,success,0.4235697090625763,,,ou_noise,0,918367,913368,913368,23.952487844891017,-95.93634044505932,,,
3198,3197,,,165.01837337290414,136,True,False,True,False,success,0.4252840280532837,,,ou_noise,0,918503,913504,913504,16.59174381284153,-96.24994378931382,,,
3199,3198,,,163.61958029095288,133,True,False,True,False,success,0.4050927758216858,,,ou_noise,0,918636,913637,913637,20.965492568517988,-95.97272611919202,,,
3200,3199,,,166.70128124242424,130,True,False,True,False,success,0.4725727438926697,,,ou_noise,0,918766,913767,913767,13.674782017561105,-96.35521099384015,,,
3201,3200,,,166.90697540585288,130,True,False,True,False,success,0.4965968132019043,,,ou_noise,0,918896,913897,913897,20.10481824691479,-96.12337587796725,,,
3202,3201,,,156.93335393426477,149,True,False,True,False,success,0.41958239674568176,,,ou_noise,0,919045,914046,914046,17.072007008846974,-96.05893328365863,,,
3203,3202,,,158.8196205793626,150,True,False,True,False,success,0.4956393539905548,,,ou_noise,0,919195,914196,914196,14.364385172526042,-96.32927907307943,,,
3204,3203,,,-255.71720555481915,1000,False,False,False,True,cutoff,9.334526062011719,,,ou_noise,0,920195,915196,915196,21.075688423156738,-96.3539514465332,,,
3205,3204,,,152.7019140482627,156,True,False,True,False,success,0.4916377365589142,,,ou_noise,0,920351,915352,915352,21.573246823671536,-96.36287640302609,,,
3206,3205,,,159.2100371139586,149,True,False,True,False,success,0.45801326632499695,,,ou_noise,0,920500,915501,915501,19.8026075091138,-96.36901630171194,,,
3207,3206,,,160.45120557962596,144,True,False,True,False,success,0.4693465232849121,,,ou_noise,0,920644,915645,915645,21.744033453365166,-96.4074150191413,,,
3208,3207,,,160.59867237979157,143,True,False,True,False,success,0.42170029878616333,,,ou_noise,0,920787,915788,915788,21.535387657739065,-96.54369594333889,,,
3209,3208,,,168.76536501388142,125,True,False,True,False,success,0.4183971881866455,,,ou_noise,0,920912,915913,915913,16.03535171508789,-96.45292449951172,,,
3210,3209,,,169.04379897820664,122,True,False,True,False,success,0.4557153582572937,,,ou_noise,0,921034,916035,916035,18.17301788095568,-96.55856998631212,,,
3211,3210,,,165.83179046834437,138,True,False,True,False,success,0.4471970796585083,,,ou_noise,0,921172,916173,916173,19.568906051525172,-96.51441375068997,,,
3212,3211,,,-187.11979298028092,1000,False,False,False,True,cutoff,5.41221284866333,,,ou_noise,0,922172,917173,917173,18.44998248040676,-96.50680756378173,,,
3213,3212,,,167.88628118593397,121,True,False,True,False,success,0.47568678855895996,,,ou_noise,0,922293,917294,917294,26.210373413464254,-96.50928358598189,,,
3214,3213,,,169.57386833756027,119,True,False,True,False,success,0.43203166127204895,,,ou_noise,0,922412,917413,917413,15.503831464703344,-96.51550837925502,,,
3215,3214,,,167.58588405165654,122,True,False,True,False,success,0.48961904644966125,,,ou_noise,0,922534,917535,917535,17.510397866124013,-96.4687647585009,,,
3216,3215,,,165.39882572483248,136,True,False,True,False,success,0.4459548890590668,,,ou_noise,0,922670,917671,917671,21.21449801501106,-96.47378489550422,,,
3217,3216,,,159.5127876501043,149,True,False,True,False,success,0.40790462493896484,,,ou_noise,0,922819,917820,917820,24.096360299411238,-96.6717181109742,,,
3218,3217,,,162.66216975577865,135,True,False,True,False,success,0.49225613474845886,,,ou_noise,0,922954,917955,917955,10.9884053406892,-96.71706769024884,,,
3219,3218,,,163.33626393851674,137,True,False,True,False,success,0.4884124994277954,,,ou_noise,0,923091,918092,918092,16.500144579114703,-96.57945942008583,,,
3220,3219,,,164.31220716667292,138,True,False,True,False,success,0.4549385607242584,,,ou_noise,0,923229,918230,918230,18.668357849121094,-96.74113503055295,,,
3221,3220,,,157.67744868794804,142,True,False,True,False,success,0.47231605648994446,,,ou_noise,0,923371,918372,918372,20.48124274989249,-96.74187345907721,,,
3222,3221,,,167.83991602285067,119,True,False,True,False,success,0.4658883213996887,,,ou_noise,0,923490,918491,918491,18.6908682574745,-96.55317803390888,,,
3223,3222,,,166.73515906615552,128,True,False,True,False,success,0.4986325204372406,,,ou_noise,0,923618,918619,918619,16.48539381660521,-96.74543511867523,,,
3224,3223,,,169.85440058844347,115,True,False,True,False,success,0.49412626028060913,,,ou_noise,0,923733,918734,918734,27.51601697051007,-96.7283920288086,,,
3225,3224,,,159.40148683938457,140,True,False,True,False,success,0.45521169900894165,,,ou_noise,0,923873,918874,918874,23.01055176258087,-96.57864221845354,,,
3226,3225,,,168.7835357271598,122,True,False,True,False,success,0.4887482225894928,,,ou_noise,0,923995,918996,918996,17.00736306534439,-96.6212272644043,,,
3227,3226,,,162.40213193077682,141,True,False,True,False,success,0.4327009618282318,,,ou_noise,0,924136,919137,919137,20.656163425310282,-96.69554987697737,,,
3228,3227,,,159.99844662302195,146,True,False,True,False,success,0.4928681552410126,,,ou_noise,0,924282,919283,919283,17.83257244711053,-96.46859098460577,,,
3229,3228,,,159.58147683439515,145,True,False,True,False,success,0.41153836250305176,,,ou_noise,0,924427,919428,919428,22.871521290417377,-96.70284692172346,,,
3230,3229,,,166.57657721963602,129,True,False,True,False,success,0.42024755477905273,,,ou_noise,0,924556,919557,919557,22.44017994126608,-96.77018950706305,,,
3231,3230,,,169.89073874261368,118,True,False,True,False,success,0.4723423719406128,,,ou_noise,0,924674,919675,919675,23.977155331837928,-96.5502645848161,,,
3232,3231,,,162.5939385170621,133,True,False,True,False,success,0.48724058270454407,,,ou_noise,0,924807,919808,919808,17.179452720441315,-97.01601524639847,,,
3233,3232,,,153.80861874970964,161,True,False,True,False,success,0.4433839023113251,,,ou_noise,0,924968,919969,919969,23.313953928325486,-96.76566343129792,,,
3234,3233,,,160.387136852255,144,True,False,True,False,success,0.43852606415748596,,,ou_noise,0,925112,920113,920113,17.89388944539759,-96.7478977839152,,,
3235,3234,,,166.3083798107257,131,True,False,True,False,success,0.4358215034008026,,,ou_noise,0,925243,920244,920244,20.10028131681544,-96.6160476917529,,,
3236,3235,,,162.2026030394689,139,True,False,True,False,success,0.4544130265712738,,,ou_noise,0,925382,920383,920383,21.345533304077257,-96.68995260334701,,,
3237,3236,,,165.82338872431663,125,True,False,True,False,success,0.4335513412952423,,,ou_noise,0,925507,920508,920508,19.706215507507324,-96.66090057373047,,,
3238,3237,,,168.68432014271684,120,True,False,True,False,success,0.4814825654029846,,,ou_noise,0,925627,920628,920628,20.23989102244377,-96.87233810424804,,,
3239,3238,,,158.43806934045313,150,True,False,True,False,success,0.4371080994606018,,,ou_noise,0,925777,920778,920778,14.723148941198986,-96.75686731974284,,,
3240,3239,,,169.05743955616555,118,True,False,True,False,success,0.48912832140922546,,,ou_noise,0,925895,920896,920896,16.62099665302341,-96.82135197267694,,,
3241,3240,,,161.3214537530447,136,True,False,True,False,success,0.4525602161884308,,,ou_noise,0,926031,921032,921032,20.86447173269356,-96.69189498003792,,,
3242,3241,,,-68.88131614219526,57,False,True,True,False,collision,5.8335490226745605,,,ou_noise,0,926088,921089,921089,17.20732855796814,-96.95801718193188,,,
3243,3242,,,169.02879087061257,121,True,False,True,False,success,0.4485897719860077,,,ou_noise,0,926209,921210,921210,21.594149459492076,-96.69438139860296,,,
3244,3243,,,155.78522950360082,154,True,False,True,False,success,0.4780332148075104,,,ou_noise,0,926363,921364,921364,20.813905210464032,-96.74084259627702,,,
3245,3244,,,-243.83811744285836,1000,False,False,False,True,cutoff,8.375268936157227,,,ou_noise,0,927363,922364,922364,21.237973413825035,-96.70290223693847,,,
3246,3245,,,167.5936374312224,124,True,False,True,False,success,0.41611701250076294,,,ou_noise,0,927487,922488,922488,14.12889061916259,-96.75343778056484,,,
3247,3246,,,-212.30399224508434,1000,False,False,False,True,cutoff,7.847938537597656,,,ou_noise,0,928487,923488,923488,18.901616510272024,-96.79509516143798,,,
3248,3247,,,166.02433975306712,134,True,False,True,False,success,0.4594447612762451,,,ou_noise,0,928621,923622,923622,14.923056362280205,-96.80491216858822,,,
3249,3248,,,159.73694907474032,143,True,False,True,False,success,0.40754204988479614,,,ou_noise,0,928764,923765,923765,23.83085232264512,-96.76103173102533,,,
3250,3249,,,168.70815318749234,120,True,False,True,False,success,0.48940369486808777,,,ou_noise,0,928884,923885,923885,22.231860207517943,-97.04068228403727,,,
3251,3250,,,168.1820567899992,123,True,False,True,False,success,0.4522101581096649,,,ou_noise,0,929007,924008,924008,17.6328558611676,-96.77163733505621,,,
3252,3251,,,171.2337753759277,113,True,False,True,False,success,0.46677079796791077,,,ou_noise,0,929120,924121,924121,30.63707018742519,-96.76656773660035,,,
3253,3252,,,158.84353133496973,142,True,False,True,False,success,0.4904852509498596,,,ou_noise,0,929262,924263,924263,18.63585686347854,-96.79095050650584,,,
3254,3253,,,160.74116948674427,147,True,False,True,False,success,0.42689359188079834,,,ou_noise,0,929409,924410,924410,20.025677784770526,-96.76449896364795,,,
3255,3254,,,-287.0370233511314,1000,False,False,False,True,cutoff,8.211080551147461,,,ou_noise,0,930409,925410,925410,18.6904719312191,-96.90149564361572,,,
3256,3255,,,166.13857372689702,129,True,False,True,False,success,0.48501622676849365,,,ou_noise,0,930538,925539,925539,22.066023716630863,-96.9527517510939,,,
3257,3256,,,159.01677158352052,151,True,False,True,False,success,0.4961225092411041,,,ou_noise,0,930689,925690,925690,20.19048445587916,-96.86408850057235,,,
3258,3257,,,-226.6615212898732,1000,False,False,False,True,cutoff,9.109655380249023,,,ou_noise,0,931689,926690,926690,17.056558696269988,-96.94691260528565,,,
3259,3258,,,166.23580545910636,126,True,False,True,False,success,0.47257277369499207,,,ou_noise,0,931815,926816,926816,19.344670360050504,-96.9359604366242,,,
3260,3259,,,66.69940026596217,517,True,False,True,False,success,0.4821707308292389,,,ou_noise,0,932332,927333,927333,19.060048386483405,-96.94228950367675,,,
3261,3260,,,163.7709114752888,131,True,False,True,False,success,0.46505987644195557,,,ou_noise,0,932463,927464,927464,23.615140914916992,-96.80442967305656,,,
3262,3261,,,160.18684609780178,141,True,False,True,False,success,0.41502487659454346,,,ou_noise,0,932604,927605,927605,19.606798379979235,-96.89638567985372,,,
3263,3262,,,168.30327965824108,123,True,False,True,False,success,0.4744185507297516,,,ou_noise,0,932727,927728,927728,17.50104324216765,-96.93764477241331,,,
3264,3263,,,160.21762532525673,141,True,False,True,False,success,0.4338577091693878,,,ou_noise,0,932868,927869,927869,17.360225146543897,-96.95449542322903,,,
3265,3264,,,167.32273542620993,124,True,False,True,False,success,0.4820239245891571,,,ou_noise,0,932992,927993,927993,16.62053873654335,-97.05541739925262,,,
3266,3265,,,-111.03885006026346,297,False,True,True,False,collision,3.2202460765838623,,,ou_noise,0,933289,928290,928290,19.57310514056723,-97.16569475373034,,,
3267,3266,,,167.7438735379963,127,True,False,True,False,success,0.46366938948631287,,,ou_noise,0,933416,928417,928417,15.853866533970269,-97.0046404140202,,,
3268,3267,,,156.09066639623717,172,True,False,True,False,success,0.49247074127197266,,,ou_noise,0,933588,928589,928589,16.149034447448198,-97.06961591853651,,,
3269,3268,,,165.8426764500025,132,True,False,True,False,success,0.4595027565956116,,,ou_noise,0,933720,928721,928721,19.199624619700693,-97.00878900470155,,,
3270,3269,,,-80.24012720507393,60,False,True,True,False,collision,7.046350002288818,,,ou_noise,0,933780,928781,928781,17.17793856461843,-96.97397181193034,,,
3271,3270,,,161.05697124141503,145,True,False,True,False,success,0.49792158603668213,,,ou_noise,0,933925,928926,928926,13.027637514574774,-97.08427402890962,,,
3272,3271,,,161.8068194535963,139,True,False,True,False,success,0.4608186185359955,,,ou_noise,0,934064,929065,929065,22.303281509618966,-97.09727681111946,,,
3273,3272,,,170.99377813684748,115,True,False,True,False,success,0.49650734663009644,,,ou_noise,0,934179,929180,929180,24.97703417280446,-97.15318344779637,,,
3274,3273,,,168.88500719921444,128,True,False,True,False,success,0.4617190957069397,,,ou_noise,0,934307,929308,929308,14.950409658253193,-97.15717661380768,,,
3275,3274,,,168.7937887034289,133,True,False,True,False,success,0.49351540207862854,,,ou_noise,0,934440,929441,929441,18.41723648946088,-97.00664376854,,,
3276,3275,,,159.8924263991516,142,True,False,True,False,success,0.4976182281970978,,,ou_noise,0,934582,929583,929583,22.36064976369831,-97.14142979366679,,,
3277,3276,,,163.84750401215257,132,True,False,True,False,success,0.4670218229293823,,,ou_noise,0,934714,929715,929715,22.14738328619437,-97.17509310173266,,,
3278,3277,,,170.03704306392513,120,True,False,True,False,success,0.46038177609443665,,,ou_noise,0,934834,929835,929835,16.58645055492719,-97.05449619293213,,,
3279,3278,,,167.9728212941012,125,True,False,True,False,success,0.49468210339546204,,,ou_noise,0,934959,929960,929960,17.965496164321898,-97.15002239990234,,,
3280,3279,,,169.1162335091662,118,True,False,True,False,success,0.4923507273197174,,,ou_noise,0,935077,930078,930078,24.67501087512,-97.27948437706898,,,
3281,3280,,,162.1427585703293,135,True,False,True,False,success,0.44376251101493835,,,ou_noise,0,935212,930213,930213,16.88939555486043,-97.05709754096137,,,
3282,3281,,,161.93527375573672,137,True,False,True,False,success,0.43990933895111084,,,ou_noise,0,935349,930350,930350,11.948561892892322,-97.07606133231282,,,
3283,3282,,,168.83454503038575,122,True,False,True,False,success,0.4529415965080261,,,ou_noise,0,935471,930472,930472,21.983203874259697,-97.09132960585298,,,
3284,3283,,,157.88464617566362,156,True,False,True,False,success,0.42457491159439087,,,ou_noise,0,935627,930628,930628,15.419116526077955,-97.2227678543482,,,
3285,3284,,,170.42835868588122,120,True,False,True,False,success,0.4185243546962738,,,ou_noise,0,935747,930748,930748,16.68767112493515,-97.20444291432699,,,
3286,3285,,,95.6263663105214,384,True,False,True,False,success,0.48998668789863586,,,ou_noise,0,936131,931132,931132,19.075003633586068,-97.23862365881602,,,
3287,3286,,,-145.7733267336257,359,False,True,True,False,collision,5.967008113861084,,,ou_noise,0,936490,931491,931491,18.811118861758942,-97.25240952855697,,,
3288,3287,,,167.31672559127355,123,True,False,True,False,success,0.4610842168331146,,,ou_noise,0,936613,931614,931614,23.58021532423128,-97.14194116359803,,,
3289,3288,,,164.18231007145744,132,True,False,True,False,success,0.45490890741348267,,,ou_noise,0,936745,931746,931746,17.307740861719306,-97.3070498379794,,,
3290,3289,,,-74.14005528123815,76,False,True,True,False,collision,5.616466522216797,,,ou_noise,0,936821,931822,931822,15.866011588197006,-97.39225819236354,,,
3291,3290,,,-211.83840509135163,1000,False,False,False,True,cutoff,7.595006942749023,,,ou_noise,0,937821,932822,932822,19.252816965699196,-97.3190486907959,,,
3292,3291,,,163.19210481235356,134,True,False,True,False,success,0.4843679964542389,,,ou_noise,0,937955,932956,932956,15.774895910006851,-97.45333258785419,,,
3293,3292,,,164.32287404624213,140,True,False,True,False,success,0.47043126821517944,,,ou_noise,0,938095,933096,933096,18.325112645966666,-97.24982986450195,,,
3294,3293,,,163.76022661690004,131,True,False,True,False,success,0.42584413290023804,,,ou_noise,0,938226,933227,933227,14.83312541473913,-97.12119077726175,,,
3295,3294,,,-97.26520042394074,89,False,True,True,False,collision,7.47694730758667,,,ou_noise,0,938315,933316,933316,21.918964190429516,-97.31072560856852,,,
3296,3295,,,171.02987752414657,119,True,False,True,False,success,0.4435317814350128,,,ou_noise,0,938434,933435,933435,21.369085335931857,-97.28570607930672,,,
3297,3296,,,169.57243428096126,119,True,False,True,False,success,0.4419753849506378,,,ou_noise,0,938553,933554,933554,17.843440939398374,-97.22521261006844,,,
3298,3297,,,-192.74165498522856,1000,False,False,False,True,cutoff,5.890332221984863,,,ou_noise,0,939553,934554,934554,20.363959587097167,-97.28119526672363,,,
3299,3298,,,166.97123279973607,121,True,False,True,False,success,0.4967684745788574,,,ou_noise,0,939674,934675,934675,15.419550984358985,-97.24711054021662,,,
3300,3299,,,-228.16247945197833,1000,False,False,False,True,cutoff,8.013153076171875,,,ou_noise,0,940674,935675,935675,19.939306475281715,-97.32244390869141,,,
3301,3300,,,156.2844921351667,166,True,False,True,False,success,0.44958144426345825,,,ou_noise,0,940840,935841,935841,15.518428774483233,-97.38842226511025,,,
3302,3301,,,162.4119978293325,154,True,False,True,False,success,0.4575560986995697,,,ou_noise,0,940994,935995,935995,17.320579560546133,-97.33981595720563,,,
3303,3302,,,160.65495927673894,142,True,False,True,False,success,0.45578253269195557,,,ou_noise,0,941136,936137,936137,23.282280514777547,-97.33863884294537,,,
3304,3303,,,168.86381930238457,124,True,False,True,False,success,0.44567352533340454,,,ou_noise,0,941260,936261,936261,13.651109767536964,-97.30838172666488,,,
3305,3304,,,167.19634412688163,131,True,False,True,False,success,0.48664695024490356,,,ou_noise,0,941391,936392,936392,21.355883490948276,-97.41599943437649,,,
3306,3305,,,165.81445614949166,129,True,False,True,False,success,0.47436219453811646,,,ou_noise,0,941520,936521,936521,21.318167740060378,-97.28701587056004,,,
3307,3306,,,160.6009030305716,150,True,False,True,False,success,0.4289151430130005,,,ou_noise,0,941670,936671,936671,20.757189081509907,-97.3060454305013,,,
3308,3307,,,168.8538685134174,120,True,False,True,False,success,0.45065227150917053,,,ou_noise,0,941790,936791,936791,15.689497083425522,-97.31269213358561,,,
3309,3308,,,165.76530586708697,124,True,False,True,False,success,0.49552932381629944,,,ou_noise,0,941914,936915,936915,19.41150785453858,-97.3999262163716,,,
3310,3309,,,-228.88489118446742,1000,False,False,False,True,cutoff,6.037373065948486,,,ou_noise,0,942914,937915,937915,16.31672034597397,-97.4441231842041,,,
3311,3310,,,58.8643134026311,503,True,False,True,False,success,0.49878445267677307,,,ou_noise,0,943417,938418,938418,22.300775851217463,-97.28016515470168,,,
3312,3311,,,166.90993254817988,124,True,False,True,False,success,0.4459002614021301,,,ou_noise,0,943541,938542,938542,23.315473223886183,-97.14265804906046,,,
3313,3312,,,162.07889883517146,140,True,False,True,False,success,0.4254196584224701,,,ou_noise,0,943681,938682,938682,24.733463638169425,-97.28756833757673,,,
3314,3313,,,157.5823967688852,153,True,False,True,False,success,0.4857952892780304,,,ou_noise,0,943834,938835,938835,16.444430421380435,-97.30519502926497,,,
3315,3314,,,153.45580494857734,172,True,False,True,False,success,0.4137721061706543,,,ou_noise,0,944006,939007,939007,14.46691951017047,-97.23256164373353,,,
3316,3315,,,168.29724597825648,124,True,False,True,False,success,0.435290664434433,,,ou_noise,0,944130,939131,939131,17.147550204107837,-97.38250947767689,,,
3317,3316,,,-225.23927248576865,1000,False,False,False,True,cutoff,5.523622989654541,,,ou_noise,0,945130,940131,940131,18.67986213684082,-97.42415601348877,,,
3318,3317,,,155.96062978441628,159,True,False,True,False,success,0.48931336402893066,,,ou_noise,0,945289,940290,940290,18.766221281117613,-97.326397397983,,,
3319,3318,,,158.75793030047413,147,True,False,True,False,success,0.46925443410873413,,,ou_noise,0,945436,940437,940437,20.065358615245948,-97.41391209193638,,,
3320,3319,,,168.74525814260315,117,True,False,True,False,success,0.49300849437713623,,,ou_noise,0,945553,940554,940554,20.605844778892322,-97.3902126214443,,,
3321,3320,,,158.99068205370787,146,True,False,True,False,success,0.4908705949783325,,,ou_noise,0,945699,940700,940700,15.329127778745677,-97.22504210798708,,,
3322,3321,,,170.52845746018318,117,True,False,True,False,success,0.4319535195827484,,,ou_noise,0,945816,940817,940817,18.800674458854218,-97.41420432848808,,,
3323,3322,,,168.55965064161077,123,True,False,True,False,success,0.4864228665828705,,,ou_noise,0,945939,940940,940940,12.921463382922537,-97.33414899624461,,,
3324,3323,,,167.54652310053604,124,True,False,True,False,success,0.4859004318714142,,,ou_noise,0,946063,941064,941064,20.655664219010262,-97.19076950319352,,,
3325,3324,,,161.4980161951071,137,True,False,True,False,success,0.4199483394622803,,,ou_noise,0,946200,941201,941201,18.519137447767886,-97.27350031720461,,,
3326,3325,,,164.07943908095717,136,True,False,True,False,success,0.4827825129032135,,,ou_noise,0,946336,941337,941337,14.946097417789346,-97.3986717111924,,,
3327,3326,,,158.69987504667387,147,True,False,True,False,success,0.48147517442703247,,,ou_noise,0,946483,941484,941484,19.360056671155554,-97.44469488234748,,,
3328,3327,,,167.62438817697773,130,True,False,True,False,success,0.48547694087028503,,,ou_noise,0,946613,941614,941614,21.34210153543032,-97.3938836317796,,,
3329,3328,,,171.2348868426945,119,True,False,True,False,success,0.4376128613948822,,,ou_noise,0,946732,941733,941733,21.119884010122604,-97.45726936404445,,,
3330,3329,,,161.54295339420156,143,True,False,True,False,success,0.4806722402572632,,,ou_noise,0,946875,941876,941876,20.278341468397553,-97.48233699131679,,,
3331,3330,,,168.78982516382064,119,True,False,True,False,success,0.43442702293395996,,,ou_noise,0,946994,941995,941995,18.18238451000021,-97.64764712037159,,,
3332,3331,,,160.55797622151806,144,True,False,True,False,success,0.4847792685031891,,,ou_noise,0,947138,942139,942139,13.906383500330978,-97.53173202938504,,,
3333,3332,,,161.9018362362376,134,True,False,True,False,success,0.4742213785648346,,,ou_noise,0,947272,942273,942273,22.707481481246095,-97.47001756127202,,,
3334,3333,,,170.9229763178995,113,True,False,True,False,success,0.4717826545238495,,,ou_noise,0,947385,942386,942386,24.339296039226834,-97.46280764689487,,,
3335,3334,,,170.05185185029842,115,True,False,True,False,success,0.494669109582901,,,ou_noise,0,947500,942501,942501,13.981348278211511,-97.5209151558254,,,
3336,3335,,,165.7854844488245,136,True,False,True,False,success,0.4724143147468567,,,ou_noise,0,947636,942637,942637,15.198153282789622,-97.46522729537067,,,
3337,3336,,,162.23491210212967,138,True,False,True,False,success,0.48534640669822693,,,ou_noise,0,947774,942775,942775,13.952545444170633,-97.3868839982627,,,
3338,3337,,,161.37387538781167,135,True,False,True,False,success,0.49012765288352966,,,ou_noise,0,947909,942910,942910,16.334638337735775,-97.47049882676866,,,
3339,3338,,,157.77323717670953,154,True,False,True,False,success,0.490032821893692,,,ou_noise,0,948063,943064,943064,26.036557530427906,-97.40374433839476,,,
3340,3339,,,166.7178820837139,123,True,False,True,False,success,0.4850592613220215,,,ou_noise,0,948186,943187,943187,23.902908728374697,-97.31730844141022,,,
3341,3340,,,164.7598591032255,131,True,False,True,False,success,0.49381116032600403,,,ou_noise,0,948317,943318,943318,16.069256915390948,-97.52280618216246,,,
3342,3341,,,161.93265788401553,141,True,False,True,False,success,0.4694276452064514,,,ou_noise,0,948458,943459,943459,16.936161352387558,-97.26979010832225,,,
3343,3342,,,169.04758096258934,119,True,False,True,False,success,0.4790096580982208,,,ou_noise,0,948577,943578,943578,17.444325164586555,-97.34187810561237,,,
3344,3343,,,160.31719305716274,144,True,False,True,False,success,0.4764255881309509,,,ou_noise,0,948721,943722,943722,20.188629724913174,-97.74393500222101,,,
3345,3344,,,166.7949999341601,122,True,False,True,False,success,0.46655499935150146,,,ou_noise,0,948843,943844,943844,20.862729785872286,-97.56363108900727,,,
3346,3345,,,160.0506907853619,146,True,False,True,False,success,0.46478351950645447,,,ou_noise,0,948989,943990,943990,21.101744733444633,-97.36958940061804,,,
3347,3346,,,-132.86877460705705,334,False,True,True,False,collision,4.281522750854492,,,ou_noise,0,949323,944324,944324,14.677360865884198,-97.43088853573371,,,
3348,3347,,,165.05036049432084,128,True,False,True,False,success,0.41594067215919495,,,ou_noise,0,949451,944452,944452,23.8702041041106,-97.50811713933945,,,
3349,3348,,,153.12498725264768,170,True,False,True,False,success,0.45204198360443115,,,ou_noise,0,949621,944622,944622,16.9859980877708,-97.45819248872645,,,
3350,3349,,,164.2318968742677,135,True,False,True,False,success,0.45511481165885925,,,ou_noise,0,949756,944757,944757,17.75936483718731,-97.33117935745804,,,
3351,3350,,,162.43243748247323,139,True,False,True,False,success,0.45659902691841125,,,ou_noise,0,949895,944896,944896,13.921267723865647,-97.47765136279648,,,
3352,3351,,,162.66525499706717,137,True,False,True,False,success,0.4728793501853943,,,ou_noise,0,950032,945033,945033,27.97027790372389,-97.48478152978159,,,
3353,3352,,,-123.9999923893736,81,False,True,True,False,collision,8.854765892028809,,,ou_noise,0,950113,945114,945114,20.161366792372714,-97.56132799313392,,,
3354,3353,,,170.6399143000101,119,True,False,True,False,success,0.4777955412864685,,,ou_noise,0,950232,945233,945233,27.354762668369197,-97.42553063400653,,,
3355,3354,,,167.11309947829773,122,True,False,True,False,success,0.4800069332122803,,,ou_noise,0,950354,945355,945355,13.939225388354943,-97.60078317610945,,,
3356,3355,,,173.01960715085687,115,True,False,True,False,success,0.4080042243003845,,,ou_noise,0,950469,945470,945470,17.86152498929397,-97.4094467163086,,,
3357,3356,,,162.01433146777288,137,True,False,True,False,success,0.4581001400947571,,,ou_noise,0,950606,945607,945607,18.600098381947426,-97.50252833679644,,,
3358,3357,,,159.5101461454823,139,True,False,True,False,success,0.48503920435905457,,,ou_noise,0,950745,945746,945746,20.027567701374025,-97.32999420166016,,,
3359,3358,,,166.60839960621928,125,True,False,True,False,success,0.4700942039489746,,,ou_noise,0,950870,945871,945871,12.05539988899231,-97.68563214111329,,,
3360,3359,,,148.75815473845847,183,True,False,True,False,success,0.4800010323524475,,,ou_noise,0,951053,946054,946054,20.433131738438632,-97.45858051737801,,,
3361,3360,,,166.80583729932198,137,True,False,True,False,success,0.45319893956184387,,,ou_noise,0,951190,946191,946191,20.658013342070753,-97.43810851382513,,,
3362,3361,,,168.0094875849785,123,True,False,True,False,success,0.4812224507331848,,,ou_noise,0,951313,946314,946314,22.40573774992935,-97.20150099343401,,,
3363,3362,,,163.23103316198578,128,True,False,True,False,success,0.48301294445991516,,,ou_noise,0,951441,946442,946442,13.048832848668098,-97.23110067844391,,,
3364,3363,,,156.39699518367928,162,True,False,True,False,success,0.4807320833206177,,,ou_noise,0,951603,946604,946604,18.74784666079062,-97.37592584115488,,,
3365,3364,,,166.4595364614936,134,True,False,True,False,success,0.41956812143325806,,,ou_noise,0,951737,946738,946738,12.76983100442744,-97.46454233198024,,,
3366,3365,,,163.5402870754292,140,True,False,True,False,success,0.4689277708530426,,,ou_noise,0,951877,946878,946878,16.644898418017796,-97.50665637425014,,,
3367,3366,,,164.6198276849941,130,True,False,True,False,success,0.44563260674476624,,,ou_noise,0,952007,947008,947008,23.96883903650137,-97.56396120511569,,,
3368,3367,,,159.8871018658327,146,True,False,True,False,success,0.484480082988739,,,ou_noise,0,952153,947154,947154,16.883809791035848,-97.41303744381422,,,
3369,3368,,,148.72330532679382,210,True,False,True,False,success,0.49120086431503296,,,ou_noise,0,952363,947364,947364,16.08241032475517,-97.47270914713542,,,
3370,3369,,,165.99725588477776,128,True,False,True,False,success,0.45076465606689453,,,ou_noise,0,952491,947492,947492,22.72529033012688,-97.37888145446777,,,
3371,3370,,,-237.0551330072842,1000,False,False,False,True,cutoff,7.63899040222168,,,ou_noise,0,953491,948492,948492,19.28557647407055,-97.46603400421142,,,
3372,3371,,,166.43946640769826,128,True,False,True,False,success,0.436428427696228,,,ou_noise,0,953619,948620,948620,16.888504227623343,-97.51771974563599,,,
3373,3372,,,157.22351322507063,157,True,False,True,False,success,0.45944681763648987,,,ou_noise,0,953776,948777,948777,24.84417503350859,-97.34020476128644,,,
3374,3373,,,-90.87126203109588,39,False,True,True,False,collision,8.35165786743164,,,ou_noise,0,953815,948816,948816,16.501432534975883,-97.15558682955228,,,
3375,3374,,,167.11743375489635,131,True,False,True,False,success,0.48337140679359436,,,ou_noise,0,953946,948947,948947,24.287847655420084,-97.43973483020113,,,
3376,3375,,,170.8120322969329,116,True,False,True,False,success,0.47595492005348206,,,ou_noise,0,954062,949063,949063,22.807819206139136,-97.66903324784904,,,
3377,3376,,,165.54061616931222,136,True,False,True,False,success,0.4748665392398834,,,ou_noise,0,954198,949199,949199,17.755514618228464,-97.36687245088466,,,
3378,3377,,,163.99832248898474,133,True,False,True,False,success,0.44658851623535156,,,ou_noise,0,954331,949332,949332,17.41787530067272,-97.5301610616813,,,
3379,3378,,,169.30514758934177,121,True,False,True,False,success,0.45777615904808044,,,ou_noise,0,954452,949453,949453,17.379495547822685,-97.70459261807528,,,
3380,3379,,,167.68052094761993,127,True,False,True,False,success,0.43877890706062317,,,ou_noise,0,954579,949580,949580,20.19957326340863,-97.50195492721917,,,
3381,3380,,,163.16442394456377,134,True,False,True,False,success,0.48512300848960876,,,ou_noise,0,954713,949714,949714,16.891645433297796,-97.59763956781643,,,
3382,3381,,,167.58216232492566,126,True,False,True,False,success,0.47424569725990295,,,ou_noise,0,954839,949840,949840,19.10967885691022,-97.46703768533374,,,
3383,3382,,,171.5033526685395,120,True,False,True,False,success,0.46964094042778015,,,ou_noise,0,954959,949960,949960,24.140658249457676,-97.5044324239095,,,
3384,3383,,,168.76544834430754,120,True,False,True,False,success,0.43322044610977173,,,ou_noise,0,955079,950080,950080,18.755491535862287,-97.28115418752034,,,
3385,3384,,,169.24257476338573,121,True,False,True,False,success,0.4838133454322815,,,ou_noise,0,955200,950201,950201,19.515414187730837,-97.45604813000388,,,
3386,3385,,,166.26268413877153,124,True,False,True,False,success,0.4988238513469696,,,ou_noise,0,955324,950325,950325,21.007871239416062,-97.55878473097279,,,
3387,3386,,,162.64295572294736,133,True,False,True,False,success,0.4503013491630554,,,ou_noise,0,955457,950458,950458,19.562872932369547,-97.70564436374751,,,
3388,3387,,,163.97739047912148,129,True,False,True,False,success,0.48641225695610046,,,ou_noise,0,955586,950587,950587,8.008280890856602,-97.58661385469658,,,
3389,3388,,,159.70406704268078,149,True,False,True,False,success,0.44187164306640625,,,ou_noise,0,955735,950736,950736,19.055887331098518,-97.56793765893718,,,
3390,3389,,,155.50328337554447,153,True,False,True,False,success,0.40960413217544556,,,ou_noise,0,955888,950889,950889,16.431045638190376,-97.73639504426446,,,
3391,3390,,,167.89307586655497,123,True,False,True,False,success,0.42954403162002563,,,ou_noise,0,956011,951012,951012,24.73717417561911,-97.59868851328284,,,
3392,3391,,,169.06464584215507,122,True,False,True,False,success,0.48134151101112366,,,ou_noise,0,956133,951134,951134,11.81680232970441,-97.70962737036533,,,
3393,3392,,,171.6948342629758,113,True,False,True,False,success,0.4980109930038452,,,ou_noise,0,956246,951247,951247,24.69061735246034,-97.57895889957395,,,
3394,3393,,,152.4371066893891,171,True,False,True,False,success,0.49838244915008545,,,ou_noise,0,956417,951418,951418,28.545615957494366,-97.51916829605548,,,
3395,3394,,,162.61775111991975,135,True,False,True,False,success,0.4923016428947449,,,ou_noise,0,956552,951553,951553,18.445995349354213,-97.59091825132016,,,
3396,3395,,,157.16419142072243,159,True,False,True,False,success,0.4238066077232361,,,ou_noise,0,956711,951712,951712,16.21296767618671,-97.71064911848345,,,
3397,3396,,,-94.1544572005534,56,False,True,True,False,collision,8.086737632751465,,,ou_noise,0,956767,951768,951768,10.918939914022173,-97.64327539716449,,,
3398,3397,,,171.33765496629076,113,True,False,True,False,success,0.4604067802429199,,,ou_noise,0,956880,951881,951881,18.248508385852375,-97.73775603707912,,,
3399,3398,,,164.5971723501421,135,True,False,True,False,success,0.4791710376739502,,,ou_noise,0,957015,952016,952016,15.54439471386097,-97.818643923159,,,
3400,3399,,,165.22988346541024,127,True,False,True,False,success,0.4841855466365814,,,ou_noise,0,957142,952143,952143,25.50085608977971,-97.6884206937054,,,
3401,3400,,,-69.93908267916781,78,False,True,True,False,collision,5.085058212280273,,,ou_noise,0,957220,952221,952221,11.803779452275007,-97.6676543798202,,,
3402,3401,,,171.6852611969881,116,True,False,True,False,success,0.4060925841331482,,,ou_noise,0,957336,952337,952337,19.208190058839733,-97.80241847860403,,,
3403,3402,,,161.6939552942196,135,True,False,True,False,success,0.4805583357810974,,,ou_noise,0,957471,952472,952472,30.22126487096151,-97.61518961588541,,,
3404,3403,,,170.3247534850334,118,True,False,True,False,success,0.48883020877838135,,,ou_noise,0,957589,952590,952590,13.96048933974767,-97.93668552980584,,,
3405,3404,,,165.0761146447269,125,True,False,True,False,success,0.4455737769603729,,,ou_noise,0,957714,952715,952715,18.700709829330446,-97.71806567382812,,,
3406,3405,,,170.51136414975173,116,True,False,True,False,success,0.4737413227558136,,,ou_noise,0,957830,952831,952831,18.882058160058385,-97.80456332502693,,,
3407,3406,,,164.35234741956094,129,True,False,True,False,success,0.48463380336761475,,,ou_noise,0,957959,952960,952960,20.629897681317587,-97.8267558489659,,,
3408,3407,,,160.6985001407254,141,True,False,True,False,success,0.4695098102092743,,,ou_noise,0,958100,953101,953101,29.654340862382387,-97.82063531537428,,,
3409,3408,,,158.5557249384974,148,True,False,True,False,success,0.4321349859237671,,,ou_noise,0,958248,953249,953249,18.91825527597118,-97.67843715564625,,,
3410,3409,,,164.9878383367959,129,True,False,True,False,success,0.495577335357666,,,ou_noise,0,958377,953378,953378,20.815953040307807,-97.71235207254573,,,
3411,3410,,,169.06354289101213,121,True,False,True,False,success,0.46075335144996643,,,ou_noise,0,958498,953499,953499,23.167202532784014,-97.80471215366332,,,
3412,3411,,,164.10842319355737,134,True,False,True,False,success,0.4782203435897827,,,ou_noise,0,958632,953633,953633,26.307548287199506,-97.7466772278743,,,
3413,3412,,,167.21762146385285,125,True,False,True,False,success,0.46650874614715576,,,ou_noise,0,958757,953758,953758,19.62252898311615,-97.6704927368164,,,
3414,3413,,,163.43471689633975,135,True,False,True,False,success,0.42587587237358093,,,ou_noise,0,958892,953893,953893,17.245244565716497,-97.82553320990668,,,
3415,3414,,,164.75505033847628,132,True,False,True,False,success,0.4232593774795532,,,ou_noise,0,959024,954025,954025,26.987386802832287,-97.74779389121316,,,
3416,3415,,,66.72922753272753,597,True,False,True,False,success,0.4280950725078583,,,ou_noise,0,959621,954622,954622,20.4844554996171,-97.8916997478236,,,
3417,3416,,,168.84514976412478,125,True,False,True,False,success,0.45183104276657104,,,ou_noise,0,959746,954747,954747,17.87692445755005,-98.04225018310547,,,
3418,3417,,,165.97651130307833,128,True,False,True,False,success,0.4271967113018036,,,ou_noise,0,959874,954875,954875,18.747652545571327,-98.00417774915695,,,
3419,3418,,,168.46271350007527,122,True,False,True,False,success,0.4570535123348236,,,ou_noise,0,959996,954997,954997,25.68487551173226,-97.82197977284916,,,
3420,3419,,,162.5808388334401,130,True,False,True,False,success,0.49449604749679565,,,ou_noise,0,960126,955127,955127,18.40374269210375,-97.96644515991211,,,
3421,3420,,,164.24077953759212,130,True,False,True,False,success,0.4882599711418152,,,ou_noise,0,960256,955257,955257,17.31027067074409,-97.97841532780573,,,
3422,3421,,,169.73562578882309,116,True,False,True,False,success,0.4677443206310272,,,ou_noise,0,960372,955373,955373,23.924042424251294,-97.88594732613399,,,
3423,3422,,,167.58646242329667,126,True,False,True,False,success,0.47350868582725525,,,ou_noise,0,960498,955499,955499,22.859176674532513,-98.0006208268423,,,
3424,3423,,,165.72017321122752,129,True,False,True,False,success,0.42936229705810547,,,ou_noise,0,960627,955628,955628,20.234389571256415,-97.77352160076762,,,
3425,3424,,,169.42182139449244,124,True,False,True,False,success,0.46479636430740356,,,ou_noise,0,960751,955752,955752,22.286628894267544,-98.03454386803412,,,
3426,3425,,,165.92990069190458,125,True,False,True,False,success,0.47037315368652344,,,ou_noise,0,960876,955877,955877,20.688728239059447,-97.88241717529297,,,
3427,3426,,,-101.07956223022121,110,False,True,True,False,collision,7.515353202819824,,,ou_noise,0,960986,955987,955987,16.775620796463706,-98.09980482621627,,,
3428,3427,,,158.0080006685716,160,True,False,True,False,success,0.46349266171455383,,,ou_noise,0,961146,956147,956147,16.246609069406986,-97.9816556930542,,,
3429,3428,,,-225.37981683547628,1000,False,False,False,True,cutoff,6.18523645401001,,,ou_noise,0,962146,957147,957147,16.848969593405723,-97.94677043914795,,,
3430,3429,,,168.35448893468939,126,True,False,True,False,success,0.42603418231010437,,,ou_noise,0,962272,957273,957273,16.702785007537358,-97.73903280591207,,,
3431,3430,,,-87.50756879582434,126,False,True,True,False,collision,5.90261697769165,,,ou_noise,0,962398,957399,957399,27.40167785920794,-97.64525749569847,,,
3432,3431,,,159.73910189302217,148,True,False,True,False,success,0.41143378615379333,,,ou_noise,0,962546,957547,957547,22.401589974358274,-97.74622045980918,,,
3433,3432,,,168.74423148797075,117,True,False,True,False,success,0.4778120219707489,,,ou_noise,0,962663,957664,957664,16.796026478465805,-97.88070593939887,,,
3434,3433,,,169.02951381985113,118,True,False,True,False,success,0.42341065406799316,,,ou_noise,0,962781,957782,957782,27.938721998263215,-97.94268094078969,,,
3435,3434,,,166.17358038095318,127,True,False,True,False,success,0.43996527791023254,,,ou_noise,0,962908,957909,957909,19.75512483176284,-97.91444120632381,,,
3436,3435,,,160.03646781279824,142,True,False,True,False,success,0.4275009036064148,,,ou_noise,0,963050,958051,958051,22.5263932481618,-97.83182439669757,,,
3437,3436,,,162.0912471133048,139,True,False,True,False,success,0.49666523933410645,,,ou_noise,0,963189,958190,958190,21.146339717528804,-97.60435935919233,,,
3438,3437,,,163.5894929694363,136,True,False,True,False,success,0.4391954839229584,,,ou_noise,0,963325,958326,958326,19.16866667130414,-97.82901146832634,,,
3439,3438,,,164.9426657516903,128,True,False,True,False,success,0.4498516321182251,,,ou_noise,0,963453,958454,958454,10.75211425498128,-98.02577012777328,,,
3440,3439,,,162.67539708109015,138,True,False,True,False,success,0.49943676590919495,,,ou_noise,0,963591,958592,958592,13.80761243035828,-97.96241638625878,,,
3441,3440,,,-54.42167520180415,87,False,True,True,False,collision,3.706826686859131,,,ou_noise,0,963678,958679,958679,16.897032674701734,-97.82935412176724,,,
3442,3441,,,150.6795351004746,163,True,False,True,False,success,0.4646152853965759,,,ou_noise,0,963841,958842,958842,22.468047367283173,-97.98414237367595,,,
3443,3442,,,169.18077983404493,120,True,False,True,False,success,0.45017215609550476,,,ou_noise,0,963961,958962,958962,23.187263814608254,-98.08407071431478,,,
3444,3443,,,162.8493625333698,138,True,False,True,False,success,0.4803352653980255,,,ou_noise,0,964099,959100,959100,20.872941345408343,-98.03706000507742,,,
3445,3444,,,171.59857744613015,112,True,False,True,False,success,0.4619976282119751,,,ou_noise,0,964211,959212,959212,21.58932024879115,-97.87498044967651,,,
3446,3445,,,166.6261784723298,129,True,False,True,False,success,0.41522106528282166,,,ou_noise,0,964340,959341,959341,9.897512332413548,-97.94423705108406,,,
3447,3446,,,-208.24936232631478,1000,False,False,False,True,cutoff,5.74961519241333,,,ou_noise,0,965340,960341,960341,17.349439910650254,-97.9016601486206,,,
3448,3447,,,167.5537769608889,126,True,False,True,False,success,0.4910712242126465,,,ou_noise,0,965466,960467,960467,15.69978624109238,-97.89128161233569,,,
3449,3448,,,167.9698699818502,123,True,False,True,False,success,0.47254565358161926,,,ou_noise,0,965589,960590,960590,20.379873060598605,-97.77651369668604,,,
3450,3449,,,167.9821643117741,118,True,False,True,False,success,0.4974452555179596,,,ou_noise,0,965707,960708,960708,16.484707283771645,-97.87303374985517,,,
3451,3450,,,166.15036077982623,128,True,False,True,False,success,0.4301861524581909,,,ou_noise,0,965835,960836,960836,23.933115234598517,-98.01032185554504,,,
3452,3451,,,165.3341463098045,129,True,False,True,False,success,0.4573900103569031,,,ou_noise,0,965964,960965,960965,24.420389678127083,-97.95184148744096,,,
3453,3452,,,170.8210158191563,114,True,False,True,False,success,0.440207839012146,,,ou_noise,0,966078,961079,961079,10.643201981720171,-98.00160264132316,,,
3454,3453,,,165.74425145871035,128,True,False,True,False,success,0.44223812222480774,,,ou_noise,0,966206,961207,961207,22.140390674583614,-97.8311476111412,,,
3455,3454,,,167.45943027963733,125,True,False,True,False,success,0.48699963092803955,,,ou_noise,0,966331,961332,961332,21.631960956573486,-97.99169561767579,,,
3456,3455,,,-166.53736986757542,292,False,True,True,False,collision,6.856987476348877,,,ou_noise,0,966623,961624,961624,16.056295779469895,-97.802749607661,,,
3457,3456,,,156.46245457899948,179,True,False,True,False,success,0.4572489857673645,,,ou_noise,0,966802,961803,961803,19.263741441945125,-97.89908194941515,,,
3458,3457,,,165.2129388987481,136,True,False,True,False,success,0.4243316352367401,,,ou_noise,0,966938,961939,961939,18.403560123022864,-97.96216011047363,,,
3459,3458,,,165.7049649486346,130,True,False,True,False,success,0.46803393959999084,,,ou_noise,0,967068,962069,962069,15.726772350531357,-97.96409213726338,,,
3460,3459,,,169.7650027805945,126,True,False,True,False,success,0.4425794780254364,,,ou_noise,0,967194,962195,962195,20.251414811800398,-97.91869457184322,,,
3461,3460,,,158.15637501318923,152,True,False,True,False,success,0.4514378011226654,,,ou_noise,0,967346,962347,962347,17.282868873131903,-98.02658537814492,,,
3462,3461,,,167.51420876411507,122,True,False,True,False,success,0.4605933129787445,,,ou_noise,0,967468,962469,962469,16.215934645934183,-97.78372273679639,,,
3463,3462,,,168.83959319276272,120,True,False,True,False,success,0.4134692847728729,,,ou_noise,0,967588,962589,962589,18.61013403137525,-97.89642225901285,,,
3464,3463,,,165.05145778803177,126,True,False,True,False,success,0.4597860872745514,,,ou_noise,0,967714,962715,962715,18.51465832430219,-97.8055062066941,,,
3465,3464,,,163.54314199134035,129,True,False,True,False,success,0.4442223310470581,,,ou_noise,0,967843,962844,962844,23.796538186627764,-97.8487935029259,,,
3466,3465,,,-211.2896858967168,1000,False,False,False,True,cutoff,7.239360332489014,,,ou_noise,0,968843,963844,963844,17.445860717654227,-97.89677841186523,,,
3467,3466,,,167.47198884426362,125,True,False,True,False,success,0.4892406165599823,,,ou_noise,0,968968,963969,963969,24.696864585876465,-97.8938701171875,,,
3468,3467,,,158.8654621193288,154,True,False,True,False,success,0.4840642213821411,,,ou_noise,0,969122,964123,964123,15.79317852274164,-97.9172819063261,,,
3469,3468,,,165.546387861368,127,True,False,True,False,success,0.4723256528377533,,,ou_noise,0,969249,964250,964250,24.121080696113467,-97.85575392114835,,,
3470,3469,,,161.6386064804782,141,True,False,True,False,success,0.4911491572856903,,,ou_noise,0,969390,964391,964391,22.820334924028273,-97.87709770473182,,,
3471,3470,,,162.6101423963546,138,True,False,True,False,success,0.48609858751296997,,,ou_noise,0,969528,964529,964529,21.084102317042973,-97.82663572007331,,,
3472,3471,,,166.20322614951118,134,True,False,True,False,success,0.46092426776885986,,,ou_noise,0,969662,964663,964663,14.087007948711737,-97.92851263017796,,,
3473,3472,,,161.93571850082597,143,True,False,True,False,success,0.49644342064857483,,,ou_noise,0,969805,964806,964806,13.50427026181788,-97.90378586562363,,,
3474,3473,,,160.87279002697633,144,True,False,True,False,success,0.45427873730659485,,,ou_noise,0,969949,964950,964950,20.334936974777115,-97.89236778683133,,,
3475,3474,,,166.00683461380027,127,True,False,True,False,success,0.41958245635032654,,,ou_noise,0,970076,965077,965077,17.214316546447634,-97.98681160033219,,,
3476,3475,,,163.2057427966514,136,True,False,True,False,success,0.490692138671875,,,ou_noise,0,970212,965213,965213,22.574285666732226,-97.86181820140166,,,
3477,3476,,,163.35484289617196,137,True,False,True,False,success,0.46588605642318726,,,ou_noise,0,970349,965350,965350,17.266885450286587,-97.94514576710054,,,
3478,3477,,,162.92907453963022,137,True,False,True,False,success,0.41860729455947876,,,ou_noise,0,970486,965487,965487,20.2161230814718,-97.94211361181998,,,
3479,3478,,,169.06222773991067,124,True,False,True,False,success,0.4708382785320282,,,ou_noise,0,970610,965611,965611,19.468182388813265,-97.95792425832441,,,
3480,3479,,,168.511799618405,124,True,False,True,False,success,0.4566769003868103,,,ou_noise,0,970734,965735,965735,20.644837890901872,-97.9078925963371,,,
3481,3480,,,161.85895287041654,141,True,False,True,False,success,0.49056118726730347,,,ou_noise,0,970875,965876,965876,21.487522453281052,-97.83373715015168,,,
3482,3481,,,164.95253514431815,131,True,False,True,False,success,0.4749814569950104,,,ou_noise,0,971006,966007,966007,20.058061164754037,-97.90502469594242,,,
3483,3482,,,169.39905547793956,119,True,False,True,False,success,0.44303572177886963,,,ou_noise,0,971125,966126,966126,14.557606551827503,-97.67019146831096,,,
3484,3483,,,161.1155904356986,143,True,False,True,False,success,0.47283101081848145,,,ou_noise,0,971268,966269,966269,18.24250830220176,-98.00459983132102,,,
3485,3484,,,162.4100270893556,140,True,False,True,False,success,0.4771319329738617,,,ou_noise,0,971408,966409,966409,23.55944401877267,-97.66167711530413,,,
3486,3485,,,163.621122693514,136,True,False,True,False,success,0.42374640703201294,,,ou_noise,0,971544,966545,966545,18.459325867540695,-97.79882100049187,,,
3487,3486,,,166.59341041144336,130,True,False,True,False,success,0.42124101519584656,,,ou_noise,0,971674,966675,966675,14.05354411143523,-97.86799287062425,,,
3488,3487,,,162.5297704360943,138,True,False,True,False,success,0.47937023639678955,,,ou_noise,0,971812,966813,966813,14.625619148862535,-97.97303136189778,,,
3489,3488,,,162.49284012666038,136,True,False,True,False,success,0.45251187682151794,,,ou_noise,0,971948,966949,966949,21.03593422560131,-98.01006732267491,,,
3490,3489,,,159.90408418138026,147,True,False,True,False,success,0.4340724050998688,,,ou_noise,0,972095,967096,967096,22.922072668464818,-97.90909197541322,,,
3491,3490,,,162.5692086535936,134,True,False,True,False,success,0.480566143989563,,,ou_noise,0,972229,967230,967230,21.875165229413046,-98.04256610016324,,,
3492,3491,,,170.13181612141196,115,True,False,True,False,success,0.4970967769622803,,,ou_noise,0,972344,967345,967345,14.515915084921795,-98.07007718293563,,,
3493,3492,,,168.14471492766555,120,True,False,True,False,success,0.4447363615036011,,,ou_noise,0,972464,967465,967465,18.554423986872038,-97.68056825002034,,,
3494,3493,,,167.50114120382995,122,True,False,True,False,success,0.4850359857082367,,,ou_noise,0,972586,967587,967587,18.458274571622006,-97.94814431862753,,,
3495,3494,,,169.9354968355344,118,True,False,True,False,success,0.4226427972316742,,,ou_noise,0,972704,967705,967705,21.273410892082474,-97.79078435089629,,,
3496,3495,,,153.541682758445,158,True,False,True,False,success,0.4888419508934021,,,ou_noise,0,972862,967863,967863,14.909192908413802,-97.97228989420059,,,
3497,3496,,,163.00283319550857,131,True,False,True,False,success,0.4907201826572418,,,ou_noise,0,972993,967994,967994,12.859465133142836,-97.97733720386302,,,
3498,3497,,,163.70095770938957,133,True,False,True,False,success,0.479529470205307,,,ou_noise,0,973126,968127,968127,16.87399705370566,-98.026972949953,,,
3499,3498,,,164.79926455403736,138,True,False,True,False,success,0.451321005821228,,,ou_noise,0,973264,968265,968265,12.514190842276035,-98.05751501995584,,,
3500,3499,,,164.32377367322187,129,True,False,True,False,success,0.4900461733341217,,,ou_noise,0,973393,968394,968394,19.26658003089964,-97.99797785559366,,,
3501,3500,,,163.3703365719617,137,True,False,True,False,success,0.4366331100463867,,,ou_noise,0,973530,968531,968531,16.46945697112675,-97.9373410635621,,,
3502,3501,,,162.89853774447707,133,True,False,True,False,success,0.46862635016441345,,,ou_noise,0,973663,968664,968664,10.368714142562752,-98.10043834026595,,,
3503,3502,,,167.01205976586573,124,True,False,True,False,success,0.4324851632118225,,,ou_noise,0,973787,968788,968788,12.889838350396003,-98.00148305585307,,,
3504,3503,,,162.59828075565792,136,True,False,True,False,success,0.463299036026001,,,ou_noise,0,973923,968924,968924,15.30470708713812,-97.94143564560834,,,
3505,3504,,,169.92470058752548,116,True,False,True,False,success,0.43804019689559937,,,ou_noise,0,974039,969040,969040,23.02648955480806,-98.1045084328487,,,
3506,3505,,,162.75159095304934,135,True,False,True,False,success,0.4836406707763672,,,ou_noise,0,974174,969175,969175,15.8830699329023,-98.01206145109954,,,
3507,3506,,,159.1729247474329,147,True,False,True,False,success,0.46496617794036865,,,ou_noise,0,974321,969322,969322,20.053887241551664,-98.0204650463701,,,
3508,3507,,,168.41999373930796,124,True,False,True,False,success,0.46505066752433777,,,ou_noise,0,974445,969446,969446,14.252394753117715,-98.17149525303995,,,
3509,3508,,,163.37411210022552,137,True,False,True,False,success,0.42473259568214417,,,ou_noise,0,974582,969583,969583,22.72800530569397,-98.05596366938013,,,
3510,3509,,,162.579007645751,132,True,False,True,False,success,0.4673607051372528,,,ou_noise,0,974714,969715,969715,17.155600783499803,-97.98299806768244,,,
3511,3510,,,147.54544804626642,169,True,False,True,False,success,0.4592227041721344,,,ou_noise,0,974883,969884,969884,20.045135928328925,-97.95713815181213,,,
3512,3511,,,166.0024811444512,132,True,False,True,False,success,0.4112929105758667,,,ou_noise,0,975015,970016,970016,14.800135620615698,-97.86134240121552,,,
3513,3512,,,172.26915734927775,112,True,False,True,False,success,0.4192062318325043,,,ou_noise,0,975127,970128,970128,18.06968749846731,-97.84314714159284,,,
3514,3513,,,162.6241822484809,139,True,False,True,False,success,0.4431973993778229,,,ou_noise,0,975266,970267,970267,27.806561701589352,-98.00980805321564,,,
3515,3514,,,168.88967938194216,123,True,False,True,False,success,0.4236803650856018,,,ou_noise,0,975389,970390,970390,10.76933902550519,-98.05634469133082,,,
3516,3515,,,165.11929107732965,126,True,False,True,False,success,0.4327956736087799,,,ou_noise,0,975515,970516,970516,11.575054964375875,-98.15116434248667,,,
3517,3516,,,169.88045066712874,114,True,False,True,False,success,0.485697478055954,,,ou_noise,0,975629,970630,970630,18.192992034711335,-98.08876967848393,,,
3518,3517,,,164.73826119404188,136,True,False,True,False,success,0.45228198170661926,,,ou_noise,0,975765,970766,970766,22.953179478645325,-98.19120059293859,,,
3519,3518,,,170.39772690364106,114,True,False,True,False,success,0.48503929376602173,,,ou_noise,0,975879,970880,970880,20.648160632242238,-98.12851072612561,,,
3520,3519,,,-79.06269085431134,86,False,True,True,False,collision,5.730580806732178,,,ou_noise,0,975965,970966,970966,19.095868435016897,-98.0192642211914,,,
3521,3520,,,164.03609751989188,129,True,False,True,False,success,0.46205922961235046,,,ou_noise,0,976094,971095,971095,18.245051027268403,-97.89552035072977,,,
3522,3521,,,167.3761505975143,129,True,False,True,False,success,0.415408730506897,,,ou_noise,0,976223,971224,971224,15.230408476304639,-98.15948580956274,,,
3523,3522,,,166.57140837769947,127,True,False,True,False,success,0.44118544459342957,,,ou_noise,0,976350,971351,971351,16.85335264055748,-98.18992945152944,,,
3524,3523,,,168.21122413819234,120,True,False,True,False,success,0.48889976739883423,,,ou_noise,0,976470,971471,971471,17.59691949884097,-98.06281833648681,,,
3525,3524,,,167.85099546327032,124,True,False,True,False,success,0.44491514563560486,,,ou_noise,0,976594,971595,971595,22.937106497826115,-98.25574844114242,,,
3526,3525,,,156.4552879603187,151,True,False,True,False,success,0.49822816252708435,,,ou_noise,0,976745,971746,971746,18.29461776104984,-98.29045448555851,,,
3527,3526,,,161.8256147521929,142,True,False,True,False,success,0.43852701783180237,,,ou_noise,0,976887,971888,971888,24.662599522463033,-98.14789280421297,,,
3528,3527,,,166.41462570938563,134,True,False,True,False,success,0.44764524698257446,,,ou_noise,0,977021,972022,972022,20.976284644496975,-98.11666818874986,,,
3529,3528,,,170.60069189403077,116,True,False,True,False,success,0.40262356400489807,,,ou_noise,0,977137,972138,972138,13.665822308639001,-98.17100945834456,,,
3530,3529,,,164.72984426887814,137,True,False,True,False,success,0.49875128269195557,,,ou_noise,0,977274,972275,972275,20.493107144850015,-98.0510462740042,,,
3531,3530,,,170.10802369903897,116,True,False,True,False,success,0.43286484479904175,,,ou_noise,0,977390,972391,972391,19.87652297472132,-98.3534633373392,,,
3532,3531,,,153.52640167206607,158,True,False,True,False,success,0.4647504389286041,,,ou_noise,0,977548,972549,972549,15.83046892775765,-98.24764609035057,,,
3533,3532,,,168.64932331293096,120,True,False,True,False,success,0.47135716676712036,,,ou_noise,0,977668,972669,972669,27.65847849448522,-98.1924482345581,,,
3534,3533,,,-43.74807695932871,135,False,True,True,False,collision,1.383285641670227,,,ou_noise,0,977803,972804,972804,21.195258373684354,-98.1631921838831,,,
3535,3534,,,-205.01544769029806,1000,False,False,False,True,cutoff,4.399570465087891,,,ou_noise,0,978803,973804,973804,19.169786800265314,-98.1544263534546,,,
3536,3535,,,-95.97205254996435,58,False,True,True,False,collision,8.07201862335205,,,ou_noise,0,978861,973862,973862,17.895785816784564,-98.04583648155476,,,
3537,3536,,,168.12686645680952,123,True,False,True,False,success,0.438347727060318,,,ou_noise,0,978984,973985,973985,20.06609782358495,-98.07330588984296,,,
3538,3537,,,-99.67869019810684,65,False,True,True,False,collision,8.16580867767334,,,ou_noise,0,979049,974050,974050,12.241312327751746,-98.1969733605018,,,
3539,3538,,,156.53183622672202,153,True,False,True,False,success,0.46379905939102173,,,ou_noise,0,979202,974203,974203,17.062713476567488,-97.9439693276399,,,
3540,3539,,,160.50782237685146,150,True,False,True,False,success,0.46467289328575134,,,ou_noise,0,979352,974353,974353,20.65882796684901,-98.15150665283203,,,
3541,3540,,,168.644669773399,119,True,False,True,False,success,0.4361509680747986,,,ou_noise,0,979471,974472,974472,12.705113743533607,-98.01464176979385,,,
3542,3541,,,161.80486998347502,140,True,False,True,False,success,0.4842980206012726,,,ou_noise,0,979611,974612,974612,18.527476375443594,-98.03131283351354,,,
3543,3542,,,163.72972481727612,133,True,False,True,False,success,0.41344690322875977,,,ou_noise,0,979744,974745,974745,18.091996232369787,-98.10125239092605,,,
3544,3543,,,161.93730774715064,140,True,False,True,False,success,0.4564429223537445,,,ou_noise,0,979884,974885,974885,17.094598976203372,-98.1685729435512,,,
3545,3544,,,169.5251430923327,122,True,False,True,False,success,0.4245954751968384,,,ou_noise,0,980006,975007,975007,11.893326032357137,-97.98085247102331,,,
3546,3545,,,171.34391116048263,112,True,False,True,False,success,0.43430545926094055,,,ou_noise,0,980118,975119,975119,19.76838584457125,-98.35110582624164,,,
3547,3546,,,166.2516114501842,128,True,False,True,False,success,0.4414461851119995,,,ou_noise,0,980246,975247,975247,19.03758865687996,-98.10085916519165,,,
3548,3547,,,161.95443374774908,137,True,False,True,False,success,0.43792757391929626,,,ou_noise,0,980383,975384,975384,20.070291842857415,-98.33115481634209,,,
3549,3548,,,169.38186005685344,118,True,False,True,False,success,0.4926689863204956,,,ou_noise,0,980501,975502,975502,19.939204256413348,-98.24906151981678,,,
3550,3549,,,123.43712364464919,294,True,False,True,False,success,0.44619622826576233,,,ou_noise,0,980795,975796,975796,17.016382078735194,-98.22560944849131,,,
3551,3550,,,165.3382544400169,128,True,False,True,False,success,0.41730421781539917,,,ou_noise,0,980923,975924,975924,20.8038248475641,-98.2530437707901,,,
3552,3551,,,162.07841495569298,148,True,False,True,False,success,0.4529554843902588,,,ou_noise,0,981071,976072,976072,13.99787839038952,-98.04309210906158,,,
3553,3552,,,159.39870847820004,146,True,False,True,False,success,0.4540085196495056,,,ou_noise,0,981217,976218,976218,17.14352440997346,-98.25664896507786,,,
3554,3553,,,-177.75864001651968,436,False,True,True,False,collision,5.978224754333496,,,ou_noise,0,981653,976654,976654,20.895258356398397,-98.20094008839459,,,
3555,3554,,,160.03610789925705,147,True,False,True,False,success,0.4794670641422272,,,ou_noise,0,981800,976801,976801,14.227591608657319,-98.11104459178691,,,
3556,3555,,,163.34397886177763,138,True,False,True,False,success,0.4758196473121643,,,ou_noise,0,981938,976939,976939,15.44454056110935,-97.95136697741522,,,
3557,3556,,,168.336477409317,125,True,False,True,False,success,0.4263508915901184,,,ou_noise,0,982063,977064,977064,14.756376081466675,-98.24432537841797,,,
3558,3557,,,160.39785630118067,144,True,False,True,False,success,0.450119286775589,,,ou_noise,0,982207,977208,977208,17.55461065388388,-98.19045511881511,,,
3559,3558,,,158.16867575634936,149,True,False,True,False,success,0.4855344891548157,,,ou_noise,0,982356,977357,977357,16.716346440699276,-98.07633091459338,,,
3560,3559,,,165.40110287687665,132,True,False,True,False,success,0.4569282531738281,,,ou_noise,0,982488,977489,977489,17.171866671605542,-98.27229927525376,,,
3561,3560,,,164.3465278676261,140,True,False,True,False,success,0.47476765513420105,,,ou_noise,0,982628,977629,977629,18.513445221526283,-98.26458505902971,,,
3562,3561,,,165.25341100344042,132,True,False,True,False,success,0.40326163172721863,,,ou_noise,0,982760,977761,977761,15.751654736923449,-98.1328423239968,,,
3563,3562,,,166.5675956012892,131,True,False,True,False,success,0.4293431341648102,,,ou_noise,0,982891,977892,977892,24.049289878998096,-98.25479964627564,,,
3564,3563,,,169.88664966766322,114,True,False,True,False,success,0.41925883293151855,,,ou_noise,0,983005,978006,978006,18.466927671641635,-98.39136752747653,,,
3565,3564,,,50.27101222329093,484,True,False,True,False,success,0.4442955553531647,,,ou_noise,0,983489,978490,978490,18.884116222789466,-98.23249634041274,,,
3566,3565,,,162.26064941130088,135,True,False,True,False,success,0.48563912510871887,,,ou_noise,0,983624,978625,978625,22.51912524965074,-98.18842366536458,,,
3567,3566,,,164.4867174520205,132,True,False,True,False,success,0.4803366959095001,,,ou_noise,0,983756,978757,978757,21.04607589858951,-98.44989649454753,,,
3568,3567,,,169.06675649889357,119,True,False,True,False,success,0.48096126317977905,,,ou_noise,0,983875,978876,978876,18.365914828637067,-98.15423141607717,,,
3569,3568,,,162.45362929721506,144,True,False,True,False,success,0.49751147627830505,,,ou_noise,0,984019,979020,979020,28.73455536696646,-98.15520344840155,,,
3570,3569,,,162.99480480311425,135,True,False,True,False,success,0.4717429578304291,,,ou_noise,0,984154,979155,979155,17.372988319396974,-98.4972169664171,,,
3571,3570,,,161.49599745083447,137,True,False,True,False,success,0.4663704037666321,,,ou_noise,0,984291,979292,979292,24.55373781266874,-98.3513497679773,,,
3572,3571,,,165.44366780110704,142,True,False,True,False,success,0.4585592448711395,,,ou_noise,0,984433,979434,979434,16.944851784638956,-98.33623085559255,,,
3573,3572,,,166.91091021658326,126,True,False,True,False,success,0.4278802275657654,,,ou_noise,0,984559,979560,979560,18.480480309516665,-98.2267950754317,,,
3574,3573,,,161.9959911378719,141,True,False,True,False,success,0.48776036500930786,,,ou_noise,0,984700,979701,979701,18.765846373341606,-98.25624663440894,,,
3575,3574,,,165.84332743849177,134,True,False,True,False,success,0.4711044430732727,,,ou_noise,0,984834,979835,979835,21.030757077594302,-98.19067974944613,,,
3576,3575,,,-52.95064931834015,99,False,True,True,False,collision,3.0835978984832764,,,ou_noise,0,984933,979934,979934,16.623900601358123,-98.28029555503768,,,
3577,3576,,,165.89949185513018,125,True,False,True,False,success,0.47990724444389343,,,ou_noise,0,985058,980059,980059,26.187601724624635,-98.32740942382813,,,
3578,3577,,,156.64522851188855,159,True,False,True,False,success,0.43985840678215027,,,ou_noise,0,985217,980218,980218,15.849820461663061,-98.39730028836232,,,
3579,3578,,,164.96257633009452,129,True,False,True,False,success,0.46684595942497253,,,ou_noise,0,985346,980347,980347,24.12055140502693,-98.16916822093401,,,
3580,3579,,,168.3295735754226,120,True,False,True,False,success,0.47189101576805115,,,ou_noise,0,985466,980467,980467,24.77408007979393,-98.38692099253336,,,
3581,3580,,,165.1949240425868,125,True,False,True,False,success,0.43179208040237427,,,ou_noise,0,985591,980592,980592,15.33155546092987,-98.42068103027344,,,
3582,3581,,,161.27724424333528,141,True,False,True,False,success,0.4998069405555725,,,ou_noise,0,985732,980733,980733,20.638334560056105,-98.48620995054854,,,
3583,3582,,,167.93277093097873,120,True,False,True,False,success,0.45877915620803833,,,ou_noise,0,985852,980853,980853,19.514211560289066,-98.38946698506673,,,
3584,3583,,,154.01041365885553,153,True,False,True,False,success,0.45285266637802124,,,ou_noise,0,986005,981006,981006,25.76323359542423,-98.27364209742328,,,
3585,3584,,,165.81768529255888,127,True,False,True,False,success,0.41147366166114807,,,ou_noise,0,986132,981133,981133,19.07824760910094,-98.30317633921706,,,
3586,3585,,,165.22352395295349,133,True,False,True,False,success,0.42540958523750305,,,ou_noise,0,986265,981266,981266,13.51535249563088,-98.44472090642255,,,
3587,3586,,,164.1040138533058,133,True,False,True,False,success,0.46339452266693115,,,ou_noise,0,986398,981399,981399,26.29561960607543,-98.36612213823132,,,
3588,3587,,,165.20065427230628,131,True,False,True,False,success,0.44554269313812256,,,ou_noise,0,986529,981530,981530,13.714862836226253,-98.40908033065213,,,
3589,3588,,,162.89276562237148,138,True,False,True,False,success,0.4462824761867523,,,ou_noise,0,986667,981668,981668,15.442754251369532,-98.24345215507175,,,
3590,3589,,,161.73810195979976,139,True,False,True,False,success,0.4726453721523285,,,ou_noise,0,986806,981807,981807,14.23348560007356,-98.30991407435575,,,
3591,3590,,,165.86351087190044,126,True,False,True,False,success,0.49765545129776,,,ou_noise,0,986932,981933,981933,13.21841861047442,-98.2756839328342,,,
3592,3591,,,162.68756241904237,136,True,False,True,False,success,0.45626378059387207,,,ou_noise,0,987068,982069,982069,16.39742548851406,-98.35227079952465,,,
3593,3592,,,167.93549691705783,123,True,False,True,False,success,0.434658944606781,,,ou_noise,0,987191,982192,982192,20.70941630805411,-98.15056765176416,,,
3594,3593,,,166.62814695972395,125,True,False,True,False,success,0.49667274951934814,,,ou_noise,0,987316,982317,982317,29.33204867076874,-98.3467420654297,,,
3595,3594,,,159.34768923037956,145,True,False,True,False,success,0.4269748330116272,,,ou_noise,0,987461,982462,982462,16.81035572495954,-98.56210590231008,,,
3596,3595,,,160.73050446674813,138,True,False,True,False,success,0.453447163105011,,,ou_noise,0,987599,982600,982600,25.331203291381616,-98.21419845802197,,,
3597,3596,,,162.3686765666033,138,True,False,True,False,success,0.423300564289093,,,ou_noise,0,987737,982738,982738,20.17445611867352,-98.37969948588938,,,
3598,3597,,,166.9578636535833,125,True,False,True,False,success,0.46692928671836853,,,ou_noise,0,987862,982863,982863,26.540869779586792,-98.28110803222657,,,
3599,3598,,,167.87415452672292,127,True,False,True,False,success,0.40984782576560974,,,ou_noise,0,987989,982990,982990,19.605423287143857,-98.27667770986481,,,
3600,3599,,,166.50773441574376,131,True,False,True,False,success,0.41331300139427185,,,ou_noise,0,988120,983121,983121,22.131282486988386,-98.20107088744186,,,
3601,3600,,,165.57972402670845,131,True,False,True,False,success,0.4658059775829315,,,ou_noise,0,988251,983252,983252,16.5600271152176,-98.1803060051139,,,
3602,3601,,,138.79590933622893,185,True,False,True,False,success,0.49088719487190247,,,ou_noise,0,988436,983437,983437,19.71775700466053,-98.352098207216,,,
3603,3602,,,166.74866647932043,126,True,False,True,False,success,0.45994287729263306,,,ou_noise,0,988562,983563,983563,21.90906562502422,-98.45569755917504,,,
3604,3603,,,159.41067139171327,157,True,False,True,False,success,0.45659318566322327,,,ou_noise,0,988719,983720,983720,12.681110132272076,-98.3425741013448,,,
3605,3604,,,166.0755198986779,129,True,False,True,False,success,0.47636106610298157,,,ou_noise,0,988848,983849,983849,18.58361722147742,-98.33983570660732,,,
3606,3605,,,168.6676111491999,119,True,False,True,False,success,0.4610649049282074,,,ou_noise,0,988967,983968,983968,18.734898981927824,-98.36164541805492,,,
3607,3606,,,162.97219805546712,140,True,False,True,False,success,0.44407832622528076,,,ou_noise,0,989107,984108,984108,25.008681092943466,-98.40429153442383,,,
3608,3607,,,163.04555978394694,133,True,False,True,False,success,0.4509870409965515,,,ou_noise,0,989240,984241,984241,24.452718083123514,-98.26098506611989,,,
3609,3608,,,22.777622689230952,641,True,False,True,False,success,0.4298630356788635,,,ou_noise,0,989881,984882,984882,17.527655786359553,-98.36138674398295,,,
3610,3609,,,171.74705977235334,114,True,False,True,False,success,0.45672741532325745,,,ou_noise,0,989995,984996,984996,18.37493182274333,-98.3626494825932,,,
3611,3610,,,170.2468350186693,118,True,False,True,False,success,0.4507751762866974,,,ou_noise,0,990113,985114,985114,25.770970810267883,-98.50936611628129,,,
3612,3611,,,161.57305063708677,139,True,False,True,False,success,0.4650093615055084,,,ou_noise,0,990252,985253,985253,12.978554500092706,-98.4719277800416,,,
3613,3612,,,-96.585063733529,216,False,True,True,False,collision,2.8870954513549805,,,ou_noise,0,990468,985469,985469,24.113258487648434,-98.46554219281232,,,
3614,3613,,,168.24929686899378,124,True,False,True,False,success,0.4367625117301941,,,ou_noise,0,990592,985593,985593,20.274160223622477,-98.51552821743873,,,
3615,3614,,,164.2091112091555,137,True,False,True,False,success,0.48280763626098633,,,ou_noise,0,990729,985730,985730,10.744016167021146,-98.28897801977004,,,
3616,3615,,,167.07858254960524,123,True,False,True,False,success,0.4933088421821594,,,ou_noise,0,990852,985853,985853,20.7889936299828,-98.29513028772865,,,
3617,3616,,,165.89954496062705,128,True,False,True,False,success,0.4689580500125885,,,ou_noise,0,990980,985981,985981,16.335639785975218,-98.25084608793259,,,
3618,3617,,,142.50312128307658,224,True,False,True,False,success,0.48502323031425476,,,ou_noise,0,991204,986205,986205,21.569115010223218,-98.3159431729998,,,
3619,3618,,,170.26235676653303,122,True,False,True,False,success,0.4639427661895752,,,ou_noise,0,991326,986327,986327,18.88020951239789,-98.44781519155033,,,
3620,3619,,,164.08197246150533,132,True,False,True,False,success,0.4102562367916107,,,ou_noise,0,991458,986459,986459,18.671538717818983,-98.38305658282655,,,
3621,3620,,,153.81805372435156,178,True,False,True,False,success,0.49540993571281433,,,ou_noise,0,991636,986637,986637,21.820504080713466,-98.42788516269641,,,
3622,3621,,,156.27297616843134,180,True,False,True,False,success,0.4857591688632965,,,ou_noise,0,991816,986817,986817,17.3016442961163,-98.56076257493761,,,
3623,3622,,,162.6336677898136,138,True,False,True,False,success,0.4115449786186218,,,ou_noise,0,991954,986955,986955,21.364432562952455,-98.30942187101945,,,
3624,3623,,,164.61923681531215,130,True,False,True,False,success,0.45652079582214355,,,ou_noise,0,992084,987085,987085,17.50211519094614,-98.48984181330754,,,
3625,3624,,,167.97098478874156,127,True,False,True,False,success,0.4156101644039154,,,ou_noise,0,992211,987212,987212,27.642679336502795,-98.51367511899453,,,
3626,3625,,,168.84740980167373,121,True,False,True,False,success,0.48857519030570984,,,ou_noise,0,992332,987333,987333,18.983704689120458,-98.21721617643499,,,
3627,3626,,,164.24495687369898,128,True,False,True,False,success,0.4831729531288147,,,ou_noise,0,992460,987461,987461,16.74439592845738,-98.54486232995987,,,
3628,3627,,,167.06462709130741,128,True,False,True,False,success,0.42780742049217224,,,ou_noise,0,992588,987589,987589,14.273203499615192,-98.56333690881729,,,
3629,3628,,,166.29627135208284,126,True,False,True,False,success,0.45914238691329956,,,ou_noise,0,992714,987715,987715,20.108593405239166,-98.51488519093347,,,
3630,3629,,,172.58935431549236,113,True,False,True,False,success,0.4624885320663452,,,ou_noise,0,992827,987828,987828,29.568875941555056,-98.42726074488817,,,
3631,3630,,,-319.4560933800306,940,False,True,True,False,collision,3.335740327835083,,,ou_noise,0,993767,988768,988768,17.269877640744472,-98.60452986372277,,,
3632,3631,,,-91.55805631778848,40,False,True,True,False,collision,8.40669059753418,,,ou_noise,0,993807,988808,988808,12.163374316692352,-98.71678237915039,,,
3633,3632,,,171.66767811543232,114,True,False,True,False,success,0.49155426025390625,,,ou_noise,0,993921,988922,988922,15.838391433682357,-98.65630902742085,,,
3634,3633,,,160.14081013915037,162,True,False,True,False,success,0.4195820689201355,,,ou_noise,0,994083,989084,989084,13.684580562291321,-98.41159905327692,,,
3635,3634,,,166.9863302979768,131,True,False,True,False,success,0.4572562575340271,,,ou_noise,0,994214,989215,989215,22.25787033561532,-98.41281774389834,,,
3636,3635,,,159.3763513381183,142,True,False,True,False,success,0.4992370009422302,,,ou_noise,0,994356,989357,989357,21.432138868620697,-98.53868634935836,,,
3637,3636,,,160.11796754387535,144,True,False,True,False,success,0.46111735701560974,,,ou_noise,0,994500,989501,989501,21.501426249742508,-98.61814652548895,,,
3638,3637,,,161.8832108366604,140,True,False,True,False,success,0.4221774637699127,,,ou_noise,0,994640,989641,989641,17.527024384907314,-98.35486570085799,,,
3639,3638,,,162.5184857263889,148,True,False,True,False,success,0.46479532122612,,,ou_noise,0,994788,989789,989789,16.026129284420527,-98.45488280219001,,,
3640,3639,,,165.66147119150952,125,True,False,True,False,success,0.4564398527145386,,,ou_noise,0,994913,989914,989914,18.46394474983215,-98.584322265625,,,
3641,3640,,,170.2817827430684,118,True,False,True,False,success,0.46360063552856445,,,ou_noise,0,995031,990032,990032,21.13914443678775,-98.58859615002649,,,
3642,3641,,,171.02419768380543,114,True,False,True,False,success,0.49014851450920105,,,ou_noise,0,995145,990146,990146,21.87535028813178,-98.62417000218441,,,
3643,3642,,,164.42241266530436,131,True,False,True,False,success,0.4711296856403351,,,ou_noise,0,995276,990277,990277,18.535771369934082,-98.64314025412989,,,
3644,3643,,,166.7224225416573,123,True,False,True,False,success,0.4473814070224762,,,ou_noise,0,995399,990400,990400,16.065059764598445,-98.66676026631177,,,
3645,3644,,,164.163437417479,133,True,False,True,False,success,0.4170463979244232,,,ou_noise,0,995532,990533,990533,22.12877769667403,-98.8708803564086,,,
3646,3645,,,161.59331828700877,144,True,False,True,False,success,0.45772239565849304,,,ou_noise,0,995676,990677,990677,11.47719536970059,-98.64952331119113,,,
3647,3646,,,160.11373184057067,147,True,False,True,False,success,0.45448386669158936,,,ou_noise,0,995823,990824,990824,19.274023980510478,-98.72882936438735,,,
3648,3647,,,163.03586528221328,134,True,False,True,False,success,0.4322885572910309,,,ou_noise,0,995957,990958,990958,20.723458662851534,-98.93954570257841,,,
3649,3648,,,160.8474467318841,139,True,False,True,False,success,0.4543975293636322,,,ou_noise,0,996096,991097,991097,22.751693988017898,-98.67227551576903,,,
3650,3649,,,163.58620039473516,136,True,False,True,False,success,0.4473893642425537,,,ou_noise,0,996232,991233,991233,22.512587776955435,-98.84856285768397,,,
3651,3650,,,165.42718253758426,126,True,False,True,False,success,0.48781225085258484,,,ou_noise,0,996358,991359,991359,16.40087496099018,-98.80549052404979,,,
3652,3651,,,166.54847394032834,122,True,False,True,False,success,0.45413506031036377,,,ou_noise,0,996480,991481,991481,24.103966722722912,-98.75860139190173,,,
3653,3652,,,163.50925839361423,135,True,False,True,False,success,0.4721568524837494,,,ou_noise,0,996615,991616,991616,18.63451127299556,-98.84458245171442,,,
3654,3653,,,163.3345778274556,132,True,False,True,False,success,0.4878811538219452,,,ou_noise,0,996747,991748,991748,17.98747276537346,-98.68132510329738,,,
3655,3654,,,168.5176671950652,123,True,False,True,False,success,0.4494855999946594,,,ou_noise,0,996870,991871,991871,20.08821989753382,-98.67337966546779,,,
3656,3655,,,158.4095292119846,167,True,False,True,False,success,0.40980270504951477,,,ou_noise,0,997037,992038,992038,26.777010276645957,-98.81040762712855,,,
3657,3656,,,163.95965389569298,129,True,False,True,False,success,0.46594902873039246,,,ou_noise,0,997166,992167,992167,20.879477855771086,-98.82255577856256,,,
3658,3657,,,162.3456188754704,138,True,False,True,False,success,0.4752104580402374,,,ou_noise,0,997304,992305,992305,15.478533337945523,-98.82802747643512,,,
3659,3658,,,165.70996798883664,126,True,False,True,False,success,0.46986645460128784,,,ou_noise,0,997430,992431,992431,20.137187846123226,-98.83563093155149,,,
3660,3659,,,165.21245198050642,133,True,False,True,False,success,0.4783801734447479,,,ou_noise,0,997563,992564,992564,19.004087627382205,-98.81681961403754,,,
3661,3660,,,170.08897751310482,124,True,False,True,False,success,0.4808233976364136,,,ou_noise,0,997687,992688,992688,17.80934474256731,-98.7317441509616,,,
3662,3661,,,167.59786311443008,126,True,False,True,False,success,0.47277048230171204,,,ou_noise,0,997813,992814,992814,19.49161198593321,-98.6802460201203,,,
3663,3662,,,158.5513976345355,167,True,False,True,False,success,0.4595928192138672,,,ou_noise,0,997980,992981,992981,17.165190589642098,-98.76639730487754,,,
3664,3663,,,155.58894243099633,157,True,False,True,False,success,0.4850155711174011,,,ou_noise,0,998137,993138,993138,17.292384311651727,-98.68721256134616,,,
3665,3664,,,170.25528690488244,121,True,False,True,False,success,0.4188027083873749,,,ou_noise,0,998258,993259,993259,21.64046666838906,-98.71198600579885,,,
3666,3665,,,171.3232119544985,112,True,False,True,False,success,0.4458248019218445,,,ou_noise,0,998370,993371,993371,20.71530820429325,-98.7585712841579,,,
3667,3666,,,160.26698291052364,142,True,False,True,False,success,0.44591015577316284,,,ou_noise,0,998512,993513,993513,21.08521416489507,-98.88429416065485,,,
3668,3667,,,163.34775488405745,132,True,False,True,False,success,0.451004296541214,,,ou_noise,0,998644,993645,993645,16.982256173184425,-98.70835980502042,,,
3669,3668,,,159.30620645727146,145,True,False,True,False,success,0.4729439616203308,,,ou_noise,0,998789,993790,993790,16.925552365697662,-98.86728510363349,,,
3670,3669,,,-66.64786425336844,62,False,True,True,False,collision,5.597572326660156,,,ou_noise,0,998851,993852,993852,23.60597708532887,-98.94818878173828,,,
3671,3670,,,162.88949321475008,138,True,False,True,False,success,0.4271199107170105,,,ou_noise,0,998989,993990,993990,15.66276450779127,-98.82609099236088,,,
3672,3671,,,164.16950511718738,132,True,False,True,False,success,0.4529569447040558,,,ou_noise,0,999121,994122,994122,25.62996808868466,-98.66074088125518,,,
3673,3672,,,141.3114327752925,212,True,False,True,False,success,0.42252543568611145,,,ou_noise,0,999333,994334,994334,15.049185698887086,-98.86205871150179,,,
3674,3673,,,162.0101953562497,135,True,False,True,False,success,0.45468398928642273,,,ou_noise,0,999468,994469,994469,16.702019616409583,-98.82352091471354,,,
3675,3674,,,161.2118588927412,138,True,False,True,False,success,0.4738970100879669,,,ou_noise,0,999606,994607,994607,20.333349926748138,-98.76081837087438,,,
3676,3675,,,164.07466082389635,134,True,False,True,False,success,0.45429185032844543,,,ou_noise,0,999740,994741,994741,20.845226633014963,-98.90782245237436,,,
3677,3676,,,-189.6367722802304,1000,False,False,False,True,cutoff,5.379009246826172,,,ou_noise,0,1000740,995741,995741,17.823534922003745,-98.80982331848145,,,
3678,3677,,,167.18672570264582,132,True,False,True,False,success,0.4687616229057312,,,ou_noise,0,1000872,995873,995873,14.831226906993173,-98.94246552207254,,,
3679,3678,,,163.658565735756,132,True,False,True,False,success,0.477915495634079,,,ou_noise,0,1001004,996005,996005,14.898699922092034,-98.90854552297881,,,
3680,3679,,,165.33977365666857,128,True,False,True,False,success,0.47577646374702454,,,ou_noise,0,1001132,996133,996133,18.151738761924207,-98.82420605421066,,,
3681,3680,,,163.35827038345013,140,True,False,True,False,success,0.4853760600090027,,,ou_noise,0,1001272,996273,996273,13.569339718988964,-98.74529146466936,,,
3682,3681,,,165.90055721514096,126,True,False,True,False,success,0.4044451117515564,,,ou_noise,0,1001398,996399,996399,14.47869871154664,-98.90525321354941,,,
3683,3682,,,165.5860683258775,125,True,False,True,False,success,0.43279126286506653,,,ou_noise,0,1001523,996524,996524,21.674026962280273,-98.72612951660156,,,
3684,3683,,,165.1142127830414,130,True,False,True,False,success,0.49768581986427307,,,ou_noise,0,1001653,996654,996654,10.440479685710027,-98.95874768770658,,,
3685,3684,,,159.9668375344836,148,True,False,True,False,success,0.4754062592983246,,,ou_noise,0,1001801,996802,996802,19.15539881264841,-98.73897593730204,,,
3686,3685,,,156.24157941335784,157,True,False,True,False,success,0.4566888213157654,,,ou_noise,0,1001958,996959,996959,18.852427676225165,-98.84653268801938,,,
3687,3686,,,166.16071835615898,131,True,False,True,False,success,0.4387824833393097,,,ou_noise,0,1002089,997090,997090,23.31243322459796,-98.72171067099535,,,
3688,3687,,,166.36541605215075,127,True,False,True,False,success,0.436766654253006,,,ou_noise,0,1002216,997217,997217,13.29925716674234,-98.7553350493664,,,
3689,3688,,,169.7222578644894,117,True,False,True,False,success,0.4373305141925812,,,ou_noise,0,1002333,997334,997334,18.904665739108356,-98.93976932101779,,,
3690,3689,,,164.47030188835646,131,True,False,True,False,success,0.47170355916023254,,,ou_noise,0,1002464,997465,997465,19.50291324844797,-99.05314880837011,,,
3691,3690,,,126.19577053949887,313,True,False,True,False,success,0.4843290448188782,,,ou_noise,0,1002777,997778,997778,18.844240970124073,-98.87063211069321,,,
3692,3691,,,165.6463893764486,127,True,False,True,False,success,0.47593772411346436,,,ou_noise,0,1002904,997905,997905,29.78414263124541,-98.75453672634335,,,
3693,3692,,,170.14327979193945,118,True,False,True,False,success,0.4481664299964905,,,ou_noise,0,1003022,998023,998023,21.810417694560552,-98.77806440450378,,,
3694,3693,,,165.91440549082597,134,True,False,True,False,success,0.494910329580307,,,ou_noise,0,1003156,998157,998157,13.889416637705333,-98.7805127385837,,,
3695,3694,,,-227.63578601603177,1000,False,False,False,True,cutoff,5.710779666900635,,,ou_noise,0,1004156,999157,999157,19.350243408560754,-98.76566306304932,,,
3696,3695,,,167.3306623571395,119,True,False,True,False,success,0.44638413190841675,,,ou_noise,0,1004275,999276,999276,20.27798330683668,-98.80912678181625,,,
3697,3696,,,21.161621692805014,755,True,False,True,False,success,0.4795326888561249,,,ou_noise,0,1005030,1000031,1000031,17.359495004912876,-98.66791588991683,,,
3698,3697,,,164.19404429895928,131,True,False,True,False,success,0.4111478626728058,,,ou_noise,0,1005161,1000162,1000162,10.983657977053227,-98.7054202247212,,,
3699,3698,,,161.12008305963894,140,True,False,True,False,success,0.4519249200820923,,,ou_noise,0,1005301,1000302,1000302,11.267064727204186,-98.7646682194301,,,
3700,3699,,,165.38925291098099,128,True,False,True,False,success,0.467785507440567,,,ou_noise,0,1005429,1000430,1000430,14.584412839263678,-98.8688600063324,,,
3701,3700,,,167.40420025883185,121,True,False,True,False,success,0.4627080261707306,,,ou_noise,0,1005550,1000551,1000551,25.51903048625662,-98.85837548626355,,,
3702,3701,,,164.39544646539116,127,True,False,True,False,success,0.49462464451789856,,,ou_noise,0,1005677,1000678,1000678,14.358324931362482,-98.69545739842212,,,
3703,3702,,,-185.69620644705773,1000,False,False,False,True,cutoff,7.639042377471924,,,ou_noise,0,1006677,1001678,1001678,19.157645532369614,-98.85842858886718,,,
3704,3703,,,165.74612511170892,134,True,False,True,False,success,0.45183300971984863,,,ou_noise,0,1006811,1001812,1001812,24.93185036573837,-98.74633720739564,,,
3705,3704,,,-90.210980272279,41,False,True,True,False,collision,8.186003684997559,,,ou_noise,0,1006852,1001853,1001853,14.063378592816795,-98.8886177249071,,,
3706,3705,,,160.27390057705617,144,True,False,True,False,success,0.4848507046699524,,,ou_noise,0,1006996,1001997,1001997,21.302242120107014,-99.07345093621149,,,
3707,3706,,,164.59856986100294,134,True,False,True,False,success,0.40808895230293274,,,ou_noise,0,1007130,1002131,1002131,17.87012477063421,-98.69843850206973,,,
3708,3707,,,162.49455624039885,143,True,False,True,False,success,0.4385845959186554,,,ou_noise,0,1007273,1002274,1002274,14.8952105162027,-98.830368148697,,,
3709,3708,,,164.27055287967013,131,True,False,True,False,success,0.45947304368019104,,,ou_noise,0,1007404,1002405,1002405,14.163801417095971,-98.73244214239921,,,
3710,3709,,,165.18330490276162,130,True,False,True,False,success,0.4698014259338379,,,ou_noise,0,1007534,1002535,1002535,16.048110618958106,-98.82041579026442,,,
3711,3710,,,-248.71223320244528,1000,False,False,False,True,cutoff,3.6719603538513184,,,ou_noise,0,1008534,1003535,1003535,17.501621903538705,-98.81135222625733,,,
3712,3711,,,167.36932157849128,132,True,False,True,False,success,0.47632306814193726,,,ou_noise,0,1008666,1003667,1003667,23.316660077282876,-98.6745341907848,,,
3713,3712,,,160.13014603989285,148,True,False,True,False,success,0.4830418825149536,,,ou_noise,0,1008814,1003815,1003815,19.182679574231845,-98.67391931688464,,,
3714,3713,,,163.1034234489573,134,True,False,True,False,success,0.4306856393814087,,,ou_noise,0,1008948,1003949,1003949,17.03338074506219,-98.67352869973254,,,
3715,3714,,,169.90670852987103,119,True,False,True,False,success,0.4586281478404999,,,ou_noise,0,1009067,1004068,1004068,13.28222554872016,-98.97436626017594,,,
3716,3715,,,166.14314395320537,125,True,False,True,False,success,0.4662848114967346,,,ou_noise,0,1009192,1004193,1004193,23.139166679382324,-98.76120874023438,,,
3717,3716,,,172.02202782608362,117,True,False,True,False,success,0.448850154876709,,,ou_noise,0,1009309,1004310,1004310,23.469809686016834,-99.00141293778378,,,
3718,3717,,,166.66050626730782,126,True,False,True,False,success,0.4093630909919739,,,ou_noise,0,1009435,1004436,1004436,15.524568863331325,-98.75686118716285,,,
3719,3718,,,163.58481595102091,133,True,False,True,False,success,0.4649300277233124,,,ou_noise,0,1009568,1004569,1004569,21.884160185218754,-98.67182084850799,,,
3720,3719,,,161.30077000750234,130,True,False,True,False,success,0.49861106276512146,,,ou_noise,0,1009698,1004699,1004699,14.26278492303995,-98.64682171161358,,,
3721,3720,,,168.23772888318615,127,True,False,True,False,success,0.4947102963924408,,,ou_noise,0,1009825,1004826,1004826,22.654141754615964,-98.93439303420661,,,
3722,3721,,,169.63774908846892,117,True,False,True,False,success,0.47507885098457336,,,ou_noise,0,1009942,1004943,1004943,17.377647887947212,-98.74548111613998,,,
3723,3722,,,163.41755460877718,139,True,False,True,False,success,0.4313448667526245,,,ou_noise,0,1010081,1005082,1005082,17.392555867167687,-98.86096526221405,,,
3724,3723,,,171.9478005969985,112,True,False,True,False,success,0.4917396605014801,,,ou_noise,0,1010193,1005194,1005194,20.728717828435556,-98.72909470966884,,,
3725,3724,,,155.80337057919482,177,True,False,True,False,success,0.45246848464012146,,,ou_noise,0,1010370,1005371,1005371,18.09932157818207,-98.7838576580845,,,
3726,3725,,,166.38274329461333,126,True,False,True,False,success,0.4169820249080658,,,ou_noise,0,1010496,1005497,1005497,12.149770515305656,-98.76456875271268,,,
3727,3726,,,165.77472860481913,137,True,False,True,False,success,0.4890648424625397,,,ou_noise,0,1010633,1005634,1005634,17.197455187783625,-98.8986631518733,,,
3728,3727,,,168.78308274088744,121,True,False,True,False,success,0.47760114073753357,,,ou_noise,0,1010754,1005755,1005755,20.127021675267496,-98.63647284389528,,,
3729,3728,,,155.77866773363323,151,True,False,True,False,success,0.47672373056411743,,,ou_noise,0,1010905,1005906,1005906,14.297173025592274,-98.91851084121805,,,
3730,3729,,,166.9210728009794,127,True,False,True,False,success,0.4966144263744354,,,ou_noise,0,1011032,1006033,1006033,13.840568872887319,-98.90550213911402,,,
3731,3730,,,169.68218838832198,117,True,False,True,False,success,0.49480366706848145,,,ou_noise,0,1011149,1006150,1006150,16.66323179566962,-98.79714307214459,,,
3732,3731,,,160.74548779387393,149,True,False,True,False,success,0.48819634318351746,,,ou_noise,0,1011298,1006299,1006299,16.767399117450587,-98.82540611932741,,,
3733,3732,,,169.2305443212419,119,True,False,True,False,success,0.4548453986644745,,,ou_noise,0,1011417,1006418,1006418,13.415239023561238,-98.8326655796596,,,
3734,3733,,,162.51693043654254,135,True,False,True,False,success,0.4845882058143616,,,ou_noise,0,1011552,1006553,1006553,17.926427937436987,-98.89151040536386,,,
3735,3734,,,165.76295416518704,132,True,False,True,False,success,0.48743849992752075,,,ou_noise,0,1011684,1006685,1006685,16.26380319396655,-98.9564941290653,,,
3736,3735,,,164.18097159437556,129,True,False,True,False,success,0.49183428287506104,,,ou_noise,0,1011813,1006814,1006814,17.835411295410275,-98.94950038702913,,,
3737,3736,,,165.94885519410687,136,True,False,True,False,success,0.48592230677604675,,,ou_noise,0,1011949,1006950,1006950,15.835629256332622,-98.8859489104327,,,
3738,3737,,,167.65423563395933,122,True,False,True,False,success,0.46371930837631226,,,ou_noise,0,1012071,1007072,1007072,15.631100600860158,-98.927475163194,,,
3739,3738,,,165.4721451685426,130,True,False,True,False,success,0.4259054958820343,,,ou_noise,0,1012201,1007202,1007202,24.549894412664266,-99.05984772902269,,,
3740,3739,,,165.74106443297302,125,True,False,True,False,success,0.49712955951690674,,,ou_noise,0,1012326,1007327,1007327,19.7313244972229,-98.92125659179688,,,
3741,3740,,,-102.46821082511599,65,False,True,True,False,collision,8.419442176818848,,,ou_noise,0,1012391,1007392,1007392,17.99228097292093,-98.83058905968299,,,
3742,3741,,,133.26676251007933,191,True,False,True,False,success,0.4646030366420746,,,ou_noise,0,1012582,1007583,1007583,21.0763902614254,-98.97550021665883,,,
3743,3742,,,135.20875840209368,260,True,False,True,False,success,0.4351058900356293,,,ou_noise,0,1012842,1007843,1007843,14.18891201523634,-98.85296666071964,,,
3744,3743,,,165.13723107232244,129,True,False,True,False,success,0.4160871207714081,,,ou_noise,0,1012971,1007972,1007972,23.395292248836782,-98.98573468821917,,,
3745,3744,,,169.71334101641818,120,True,False,True,False,success,0.430589884519577,,,ou_noise,0,1013091,1008092,1008092,13.935011353095373,-98.94131247202556,,,
3746,3745,,,167.054302726283,130,True,False,True,False,success,0.416334331035614,,,ou_noise,0,1013221,1008222,1008222,18.902398069088274,-98.79640203622671,,,
3747,3746,,,158.81970213528203,148,True,False,True,False,success,0.4700165390968323,,,ou_noise,0,1013369,1008370,1008370,20.23743889219052,-98.92506135476602,,,
3748,3747,,,168.23109953822564,126,True,False,True,False,success,0.4348450303077698,,,ou_noise,0,1013495,1008496,1008496,18.237986363115766,-98.90397989182244,,,
3749,3748,,,156.0085393922899,152,True,False,True,False,success,0.47788506746292114,,,ou_noise,0,1013647,1008648,1008648,19.67994163930416,-98.89135521336605,,,
3750,3749,,,-71.23144429355297,49,False,True,True,False,collision,6.407283782958984,,,ou_noise,0,1013696,1008697,1008697,30.509679833237005,-98.86464333047672,,,
3751,3750,,,161.7970874932741,141,True,False,True,False,success,0.47318440675735474,,,ou_noise,0,1013837,1008838,1008838,27.84322776692979,-98.69327144758076,,,
3752,3751,,,169.80865157868357,120,True,False,True,False,success,0.4199099838733673,,,ou_noise,0,1013957,1008958,1008958,25.61366951862971,-98.95039304097493,,,
3753,3752,,,171.09145544820586,115,True,False,True,False,success,0.4206646680831909,,,ou_noise,0,1014072,1009073,1009073,21.433822061704554,-98.8345295118249,,,
3754,3753,,,-269.8982377498041,1000,False,False,False,True,cutoff,7.849602222442627,,,ou_noise,0,1015072,1010073,1010073,18.969712688207625,-98.8292314605713,,,
3755,3754,,,-246.94514633302563,1000,False,False,False,True,cutoff,7.521323204040527,,,ou_noise,0,1016072,1011073,1011073,17.39342046868801,-98.79304963684082,,,
3756,3755,,,169.18693644586904,121,True,False,True,False,success,0.45309415459632874,,,ou_noise,0,1016193,1011194,1011194,14.0945101099566,-98.7539169059312,,,
3757,3756,,,161.57407540970382,137,True,False,True,False,success,0.4349766969680786,,,ou_noise,0,1016330,1011331,1011331,21.05375805475416,-98.92679250675397,,,
3758,3757,,,165.50982970865056,127,True,False,True,False,success,0.4468347728252411,,,ou_noise,0,1016457,1011458,1011458,14.876048904704296,-98.62780455341489,,,
3759,3758,,,168.99209060329082,121,True,False,True,False,success,0.4692229628562927,,,ou_noise,0,1016578,1011579,1011579,21.878095599245434,-98.84646278570506,,,
3760,3759,,,172.59383891568172,110,True,False,True,False,success,0.4481925964355469,,,ou_noise,0,1016688,1011689,1011689,22.082723036679354,-98.8586218400435,,,
3761,3760,,,163.20623254306201,138,True,False,True,False,success,0.4875856637954712,,,ou_noise,0,1016826,1011827,1011827,21.666925295539524,-98.84360553907311,,,
3762,3761,,,167.440315076391,131,True,False,True,False,success,0.45632264018058777,,,ou_noise,0,1016957,1011958,1011958,15.741127934164673,-98.89954521819836,,,
3763,3762,,,162.0248601879762,141,True,False,True,False,success,0.4754296839237213,,,ou_noise,0,1017098,1012099,1012099,17.69703969634171,-98.86611933065645,,,
3764,3763,,,150.12592247447978,176,True,False,True,False,success,0.4569925367832184,,,ou_noise,0,1017274,1012275,1012275,20.572978336702693,-98.67241885445334,,,
3765,3764,,,163.26951606514336,135,True,False,True,False,success,0.42930278182029724,,,ou_noise,0,1017409,1012410,1012410,16.607940788622255,-98.76783407705801,,,
3766,3765,,,171.60342737389595,113,True,False,True,False,success,0.4896736443042755,,,ou_noise,0,1017522,1012523,1012523,17.551764114768105,-98.6784563317763,,,
3767,3766,,,159.3606361345132,149,True,False,True,False,success,0.4896664023399353,,,ou_noise,0,1017671,1012672,1012672,20.383420088147158,-98.8377425942645,,,
3768,3767,,,171.78311529660616,116,True,False,True,False,success,0.43537989258766174,,,ou_noise,0,1017787,1012788,1012788,20.0569204359219,-98.85225710375556,,,
3769,3768,,,161.03414243537014,139,True,False,True,False,success,0.4926849901676178,,,ou_noise,0,1017926,1012927,1012927,22.141058342062312,-99.0264209225881,,,
3770,3769,,,170.75276927203447,120,True,False,True,False,success,0.42511802911758423,,,ou_noise,0,1018046,1013047,1013047,11.593527378638585,-98.92786045074463,,,
3771,3770,,,154.7500728853163,157,True,False,True,False,success,0.43912091851234436,,,ou_noise,0,1018203,1013204,1013204,22.764823677433522,-98.94079895991429,,,
3772,3771,,,164.40490983430453,134,True,False,True,False,success,0.4298520088195801,,,ou_noise,0,1018337,1013338,1013338,14.093403674773317,-98.91513391750962,,,
3773,3772,,,-231.9502713872395,1000,False,False,False,True,cutoff,5.630025863647461,,,ou_noise,0,1019337,1014338,1014338,19.173170503139495,-98.84737928771973,,,
3774,3773,,,163.422509200002,135,True,False,True,False,success,0.47320282459259033,,,ou_noise,0,1019472,1014473,1014473,9.393091791647452,-98.8329180682147,,,
3775,3774,,,165.0052993862204,131,True,False,True,False,success,0.495902955532074,,,ou_noise,0,1019603,1014604,1014604,18.65522334775852,-98.82196737973744,,,
3776,3775,,,168.0636378741259,123,True,False,True,False,success,0.4325592517852783,,,ou_noise,0,1019726,1014727,1014727,22.243082186070882,-98.94209661716368,,,
3777,3776,,,158.09600402510733,153,True,False,True,False,success,0.4549281895160675,,,ou_noise,0,1019879,1014880,1014880,23.893588240629708,-98.9584084803762,,,
3778,3777,,,168.2814490981052,123,True,False,True,False,success,0.4184105694293976,,,ou_noise,0,1020002,1015003,1015003,14.76716071609559,-98.9271579525335,,,
3779,3778,,,165.33121153778785,134,True,False,True,False,success,0.498708575963974,,,ou_noise,0,1020136,1015137,1015137,27.254402133066264,-98.96780458137171,,,
3780,3779,,,163.73023356048003,139,True,False,True,False,success,0.46878862380981445,,,ou_noise,0,1020275,1015276,1015276,20.188557277480474,-98.75801207178789,,,
3781,3780,,,132.26714970917905,213,True,False,True,False,success,0.4738077223300934,,,ou_noise,0,1020488,1015489,1015489,22.44547423678385,-98.93412182588533,,,
3782,3781,,,-106.09081860152318,44,False,True,True,False,collision,9.567096710205078,,,ou_noise,0,1020532,1015533,1015533,26.63174500248649,-99.05878014998002,,,
3783,3782,,,162.16776180086322,145,True,False,True,False,success,0.4735601842403412,,,ou_noise,0,1020677,1015678,1015678,13.559399976401494,-99.00702756684402,,,
3784,3783,,,-238.44197174782278,778,False,True,True,False,collision,2.4713103771209717,,,ou_noise,0,1021455,1016456,1016456,18.295479675338324,-98.81469147983738,,,
3785,3784,,,-101.32000358556263,45,False,True,True,False,collision,9.139551162719727,,,ou_noise,0,1021500,1016501,1016501,12.828166969617207,-98.9104722764757,,,
3786,3785,,,163.28650044360302,133,True,False,True,False,success,0.4597938358783722,,,ou_noise,0,1021633,1016634,1016634,24.71326304109473,-98.8456015335886,,,
3787,3786,,,171.6515962427566,117,True,False,True,False,success,0.45886313915252686,,,ou_noise,0,1021750,1016751,1016751,19.582985040469048,-99.01161024305556,,,
3788,3787,,,163.84928459519168,137,True,False,True,False,success,0.4779902398586273,,,ou_noise,0,1021887,1016888,1016888,20.678101360362813,-98.9896653446838,,,
3789,3788,,,-84.2776279936707,184,False,True,True,False,collision,4.602693557739258,,,ou_noise,0,1022071,1017072,1017072,22.756260895210765,-98.9931699089382,,,
3790,3789,,,162.83208027323195,135,True,False,True,False,success,0.4733799397945404,,,ou_noise,0,1022206,1017207,1017207,16.05216671625773,-99.03063473171657,,,
3791,3790,,,165.1202975345048,131,True,False,True,False,success,0.43120405077934265,,,ou_noise,0,1022337,1017338,1017338,15.500994279184415,-98.96386742045861,,,
3792,3791,,,169.42752816918664,124,True,False,True,False,success,0.4908853769302368,,,ou_noise,0,1022461,1017462,1017462,12.7699042808625,-99.01134761687248,,,
3793,3792,,,166.60300608359836,137,True,False,True,False,success,0.48137909173965454,,,ou_noise,0,1022598,1017599,1017599,18.821544680282148,-99.1026028264178,,,
3794,3793,,,169.64582873616183,126,True,False,True,False,success,0.4321317970752716,,,ou_noise,0,1022724,1017725,1017725,19.08890013278477,-98.95095764644562,,,
3795,3794,,,163.8334042160771,132,True,False,True,False,success,0.40692922472953796,,,ou_noise,0,1022856,1017857,1017857,13.530977805455526,-98.90711772803104,,,
3796,3795,,,170.34310788207435,120,True,False,True,False,success,0.4400096833705902,,,ou_noise,0,1022976,1017977,1017977,26.41134733160337,-98.9833610534668,,,
3797,3796,,,162.7805655670926,137,True,False,True,False,success,0.4938816726207733,,,ou_noise,0,1023113,1018114,1018114,16.852300800546242,-99.03678894042969,,,
3798,3797,,,128.39351658320086,233,True,False,True,False,success,0.49566423892974854,,,ou_noise,0,1023346,1018347,1018347,16.41869911308452,-98.95856498751006,,,
3799,3798,,,171.63914621130732,121,True,False,True,False,success,0.45553937554359436,,,ou_noise,0,1023467,1018468,1018468,22.726720185319255,-99.00432006583726,,,
3800,3799,,,-193.6888032485287,1000,False,False,False,True,cutoff,5.162611484527588,,,ou_noise,0,1024467,1019468,1019468,16.728737664341928,-99.1382434463501,,,
3801,3800,,,165.39219926499197,134,True,False,True,False,success,0.48096123337745667,,,ou_noise,0,1024601,1019602,1019602,13.40091017822721,-99.2407292038647,,,
3802,3801,,,163.2970829327392,139,True,False,True,False,success,0.44646987318992615,,,ou_noise,0,1024740,1019741,1019741,19.106388160650678,-99.22393925069905,,,
3803,3802,,,167.00406753230703,126,True,False,True,False,success,0.41935497522354126,,,ou_noise,0,1024866,1019867,1019867,23.643192747282605,-99.0765607319181,,,
3804,3803,,,166.55801040248562,124,True,False,True,False,success,0.4943106770515442,,,ou_noise,0,1024990,1019991,1019991,28.2690534697425,-99.19253755384877,,,
3805,3804,,,166.53125666155609,124,True,False,True,False,success,0.46142759919166565,,,ou_noise,0,1025114,1020115,1020115,17.881086751337975,-99.28991889953613,,,
3806,3805,,,170.15208698610815,120,True,False,True,False,success,0.4421731233596802,,,ou_noise,0,1025234,1020235,1020235,24.60992549061775,-99.31565780639649,,,
3807,3806,,,167.01191954877237,126,True,False,True,False,success,0.4679047167301178,,,ou_noise,0,1025360,1020361,1020361,15.756857542764573,-99.2698488992358,,,
3808,3807,,,162.4507759352019,138,True,False,True,False,success,0.45485711097717285,,,ou_noise,0,1025498,1020499,1020499,25.14766790987789,-99.23446859829667,,,
3809,3808,,,164.28906650890883,134,True,False,True,False,success,0.4594356119632721,,,ou_noise,0,1025632,1020633,1020633,15.777511924950044,-99.33778609090777,,,
3810,3809,,,166.75927186734384,121,True,False,True,False,success,0.4296102523803711,,,ou_noise,0,1025753,1020754,1020754,20.10539910221888,-99.34650730101531,,,
3811,3810,,,170.42986277600605,115,True,False,True,False,success,0.48707419633865356,,,ou_noise,0,1025868,1020869,1020869,17.59289417059525,-99.11005786398182,,,
3812,3811,,,-76.91580995173845,45,False,True,True,False,collision,7.026247024536133,,,ou_noise,0,1025913,1020914,1020914,11.553331391016643,-99.36638861762152,,,
3813,3812,,,166.5625714787554,124,True,False,True,False,success,0.4489094913005829,,,ou_noise,0,1026037,1021038,1021038,24.448024064302444,-99.37122111166677,,,
3814,3813,,,159.17889692997045,149,True,False,True,False,success,0.495757132768631,,,ou_noise,0,1026186,1021187,1021187,13.269460975723778,-99.37788805865601,,,
3815,3814,,,169.8322027870173,122,True,False,True,False,success,0.4818134009838104,,,ou_noise,0,1026308,1021309,1021309,20.13795122650803,-99.44474723690846,,,
3816,3815,,,156.37958316337233,142,True,False,True,False,success,0.48872342705726624,,,ou_noise,0,1026450,1021451,1021451,18.253582146805776,-99.44684590084452,,,
3817,3816,,,160.97693138005116,145,True,False,True,False,success,0.49474823474884033,,,ou_noise,0,1026595,1021596,1021596,16.725633530781188,-99.35733416327115,,,
3818,3817,,,163.675612629763,135,True,False,True,False,success,0.46577733755111694,,,ou_noise,0,1026730,1021731,1021731,19.44077103756092,-99.35499668827764,,,
3819,3818,,,165.88331145706366,135,True,False,True,False,success,0.4846922755241394,,,ou_noise,0,1026865,1021866,1021866,15.420694960488213,-99.49483992965133,,,
3820,3819,,,171.4657766624266,116,True,False,True,False,success,0.49376893043518066,,,ou_noise,0,1026981,1021982,1021982,16.407878835653438,-99.39071201456004,,,
3821,3820,,,162.34798530801467,143,True,False,True,False,success,0.42222949862480164,,,ou_noise,0,1027124,1022125,1022125,23.017410040735363,-99.18888193410594,,,
3822,3821,,,157.86318026357918,143,True,False,True,False,success,0.43503040075302124,,,ou_noise,0,1027267,1022268,1022268,22.223726162543663,-99.30663747720786,,,
3823,3822,,,169.76192939414463,119,True,False,True,False,success,0.4567703306674957,,,ou_noise,0,1027386,1022387,1022387,19.10015253459706,-99.48649340717732,,,
3824,3823,,,162.0670831183325,140,True,False,True,False,success,0.49869319796562195,,,ou_noise,0,1027526,1022527,1022527,22.304950412682125,-99.35488929748536,,,
3825,3824,,,170.41580237196266,118,True,False,True,False,success,0.48220157623291016,,,ou_noise,0,1027644,1022645,1022645,26.84060094316127,-99.37235188888292,,,
3826,3825,,,-59.87576983789049,98,False,True,True,False,collision,3.6047701835632324,,,ou_noise,0,1027742,1022743,1022743,12.120107301643916,-99.60729287595166,,,
3827,3826,,,167.864523156164,126,True,False,True,False,success,0.46341079473495483,,,ou_noise,0,1027868,1022869,1022869,12.297633496541826,-99.57206132676866,,,
3828,3827,,,164.2601393196058,135,True,False,True,False,success,0.48590901494026184,,,ou_noise,0,1028003,1023004,1023004,16.815305091716624,-99.40242631700303,,,
3829,3828,,,166.19806867269546,126,True,False,True,False,success,0.494281530380249,,,ou_noise,0,1028129,1023130,1023130,10.971214384313614,-99.54012940421937,,,
3830,3829,,,165.26089320504772,134,True,False,True,False,success,0.42188215255737305,,,ou_noise,0,1028263,1023264,1023264,16.853156529255767,-99.62246880602481,,,
3831,3830,,,-228.41113753472638,1000,False,False,False,True,cutoff,6.0190110206604,,,ou_noise,0,1029263,1024264,1024264,15.793614194750786,-99.63796675109863,,,
3832,3831,,,159.64912640468964,147,True,False,True,False,success,0.461958646774292,,,ou_noise,0,1029410,1024411,1024411,19.47151664973927,-99.8437308486627,,,
3833,3832,,,162.1924345111374,138,True,False,True,False,success,0.4922856390476227,,,ou_noise,0,1029548,1024549,1024549,19.405674283919126,-99.90011817821558,,,
3834,3833,,,-196.9431879987232,1000,False,False,False,True,cutoff,6.944138050079346,,,ou_noise,0,1030548,1025549,1025549,17.807862215161325,-99.8399337387085,,,
3835,3834,,,168.29532947509867,119,True,False,True,False,success,0.4517151117324829,,,ou_noise,0,1030667,1025668,1025668,17.62378045390634,-99.81975279735917,,,
3836,3835,,,166.2804118985382,130,True,False,True,False,success,0.41789504885673523,,,ou_noise,0,1030797,1025798,1025798,24.392069668036243,-99.7407481266902,,,
3837,3836,,,166.48138519542144,133,True,False,True,False,success,0.4921804964542389,,,ou_noise,0,1030930,1025931,1025931,25.590624465081923,-99.68268378695151,,,
3838,3837,,,-62.30241967445618,81,False,True,True,False,collision,4.114269733428955,,,ou_noise,0,1031011,1026012,1026012,21.241888914579228,-99.85453570330584,,,
3839,3838,,,167.11653431613874,134,True,False,True,False,success,0.44472575187683105,,,ou_noise,0,1031145,1026146,1026146,16.304100982288816,-100.06439260226577,,,
3840,3839,,,-73.15077697424873,72,False,True,True,False,collision,5.858383655548096,,,ou_noise,0,1031217,1026218,1026218,27.040426365203327,-99.83977434370253,,,
3841,3840,,,163.6828433872162,139,True,False,True,False,success,0.4875507950782776,,,ou_noise,0,1031356,1026357,1026357,17.028650095994525,-99.78903758097039,,,
3842,3841,,,-44.97170114488446,625,True,False,True,False,success,0.4910230338573456,,,ou_noise,0,1031981,1026982,1026982,19.931549956703186,-99.94376166992187,,,
3843,3842,,,165.60745087966222,128,True,False,True,False,success,0.46754950284957886,,,ou_noise,0,1032109,1027110,1027110,11.280324318446219,-99.94503051042557,,,
3844,3843,,,164.92584847211066,133,True,False,True,False,success,0.42045629024505615,,,ou_noise,0,1032242,1027243,1027243,17.320512053661776,-100.08684677468207,,,
3845,3844,,,166.6918113306966,128,True,False,True,False,success,0.4940617084503174,,,ou_noise,0,1032370,1027371,1027371,18.14258040394634,-100.05860412120819,,,
3846,3845,,,164.00127898620764,130,True,False,True,False,success,0.4729773700237274,,,ou_noise,0,1032500,1027501,1027501,18.66383224083827,-100.15631854717549,,,
3847,3846,,,170.28542617996322,124,True,False,True,False,success,0.49018797278404236,,,ou_noise,0,1032624,1027625,1027625,20.716944338813907,-100.19798617209157,,,
3848,3847,,,169.13734966430206,124,True,False,True,False,success,0.4414709210395813,,,ou_noise,0,1032748,1027749,1027749,21.638594729285085,-100.17148220923639,,,
3849,3848,,,165.39015492539798,131,True,False,True,False,success,0.4448528289794922,,,ou_noise,0,1032879,1027880,1027880,17.52399750338256,-100.26406988478799,,,
3850,3849,,,164.51969039629458,135,True,False,True,False,success,0.4235559105873108,,,ou_noise,0,1033014,1028015,1028015,21.960312166920414,-100.10134441234447,,,
3851,3850,,,159.90383248854604,144,True,False,True,False,success,0.46385830640792847,,,ou_noise,0,1033158,1028159,1028159,17.43900851656993,-100.21917666329279,,,
3852,3851,,,167.11880391017473,130,True,False,True,False,success,0.48571377992630005,,,ou_noise,0,1033288,1028289,1028289,17.544410937566024,-100.43157201913687,,,
3853,3852,,,164.8961342772509,127,True,False,True,False,success,0.49557504057884216,,,ou_noise,0,1033415,1028416,1028416,22.18455236540066,-100.15695665014071,,,
3854,3853,,,166.07795740067243,131,True,False,True,False,success,0.45605236291885376,,,ou_noise,0,1033546,1028547,1028547,15.81386183327391,-100.30160755419548,,,
3855,3854,,,167.51001107574768,123,True,False,True,False,success,0.40584442019462585,,,ou_noise,0,1033669,1028670,1028670,23.607041085638652,-100.21947169110058,,,
3856,3855,,,169.51663272047944,121,True,False,True,False,success,0.49925222992897034,,,ou_noise,0,1033790,1028791,1028791,11.486579726550204,-100.20344247108649,,,
3857,3856,,,164.13204478777126,143,True,False,True,False,success,0.48194119334220886,,,ou_noise,0,1033933,1028934,1028934,18.109620202671397,-100.38998450432624,,,
3858,3857,,,166.26654395703488,131,True,False,True,False,success,0.43174704909324646,,,ou_noise,0,1034064,1029065,1029065,22.516213391573373,-100.35874170201426,,,
3859,3858,,,160.22650104454763,152,True,False,True,False,success,0.4290067255496979,,,ou_noise,0,1034216,1029217,1029217,15.021657916276078,-100.41059488999217,,,
3860,3859,,,-244.89115798076188,1000,False,False,False,True,cutoff,7.5069708824157715,,,ou_noise,0,1035216,1030217,1030217,18.111538447141648,-100.55627723693847,,,
3861,3860,,,164.29497631319708,134,True,False,True,False,success,0.46264803409576416,,,ou_noise,0,1035350,1030351,1030351,17.176913393967187,-100.83274949486577,,,
3862,3861,,,171.23975824450966,119,True,False,True,False,success,0.4764769375324249,,,ou_noise,0,1035469,1030470,1030470,14.977612741855012,-100.70281950365596,,,
3863,3862,,,164.0725709236857,134,True,False,True,False,success,0.40388238430023193,,,ou_noise,0,1035603,1030604,1030604,12.97999121537849,-100.78723947325749,,,
3864,3863,,,160.55830303722513,141,True,False,True,False,success,0.4609893262386322,,,ou_noise,0,1035744,1030745,1030745,29.051123975862,-100.73220451841964,,,
3865,3864,,,171.33947808054322,115,True,False,True,False,success,0.42572021484375,,,ou_noise,0,1035859,1030860,1030860,29.839563045294387,-100.7493372378142,,,
3866,3865,,,171.64925166869853,120,True,False,True,False,success,0.4647403061389923,,,ou_noise,0,1035979,1030980,1030980,26.87878063817819,-100.94760653177897,,,
3867,3866,,,166.75949867691202,125,True,False,True,False,success,0.43344956636428833,,,ou_noise,0,1036104,1031105,1031105,28.308626577377318,-100.78555920410156,,,
3868,3867,,,161.36226538593593,142,True,False,True,False,success,0.42536449432373047,,,ou_noise,0,1036246,1031247,1031247,17.65924356437065,-100.91590053934446,,,
3869,3868,,,167.3622479266991,124,True,False,True,False,success,0.45380765199661255,,,ou_noise,0,1036370,1031371,1031371,26.311315330766863,-100.87050013388357,,,
3870,3869,,,108.01858298243826,260,True,False,True,False,success,0.40417104959487915,,,ou_noise,0,1036630,1031631,1031631,21.074789462639735,-100.95738525390625,,,
3871,3870,,,166.8457280395368,128,True,False,True,False,success,0.495637983083725,,,ou_noise,0,1036758,1031759,1031759,18.697746062651277,-100.7307146191597,,,
3872,3871,,,168.8037080030806,120,True,False,True,False,success,0.44903647899627686,,,ou_noise,0,1036878,1031879,1031879,10.280485901236535,-100.95980637868246,,,
3873,3872,,,168.51243556003902,123,True,False,True,False,success,0.428449422121048,,,ou_noise,0,1037001,1032002,1032002,19.83311700724005,-101.12883876397358,,,
3874,3873,,,172.21119181482885,115,True,False,True,False,success,0.44426417350769043,,,ou_noise,0,1037116,1032117,1032117,23.195167281316674,-100.90791028893513,,,
3875,3874,,,161.278690353075,147,True,False,True,False,success,0.48525598645210266,,,ou_noise,0,1037263,1032264,1032264,18.046535681705084,-101.0016573951358,,,
3876,3875,,,167.44377334676793,123,True,False,True,False,success,0.4752252697944641,,,ou_noise,0,1037386,1032387,1032387,21.064790404909026,-101.0196530722021,,,
3877,3876,,,168.6577446229465,123,True,False,True,False,success,0.4088652729988098,,,ou_noise,0,1037509,1032510,1032510,15.679948761211179,-100.99770169141816,,,
3878,3877,,,166.65759522113382,132,True,False,True,False,success,0.42671629786491394,,,ou_noise,0,1037641,1032642,1032642,15.301015330986543,-101.11321299003832,,,
3879,3878,,,165.15515333941514,132,True,False,True,False,success,0.45346522331237793,,,ou_noise,0,1037773,1032774,1032774,17.034554253924977,-101.01843568050501,,,
3880,3879,,,-367.4596180423569,1000,False,False,False,True,cutoff,7.053455829620361,,,ou_noise,0,1038773,1033774,1033774,20.869289077162744,-101.1055237121582,,,
3881,3880,,,166.19908654688544,130,True,False,True,False,success,0.4679311215877533,,,ou_noise,0,1038903,1033904,1033904,15.948097306031448,-101.20523963341346,,,
3882,3881,,,171.40907671193435,118,True,False,True,False,success,0.46731331944465637,,,ou_noise,0,1039021,1034022,1034022,19.111548929901446,-101.12626214754783,,,
3883,3882,,,-77.03954449861627,161,False,True,True,False,collision,4.513500213623047,,,ou_noise,0,1039182,1034183,1034183,19.691482467680984,-101.19410942504125,,,
3884,3883,,,164.62188454121832,135,True,False,True,False,success,0.4105243384838104,,,ou_noise,0,1039317,1034318,1034318,16.210444423004432,-101.28532567907263,,,
3885,3884,,,160.21397353070202,142,True,False,True,False,success,0.4578551650047302,,,ou_noise,0,1039459,1034460,1034460,22.709410619567816,-101.23157039158781,,,
3886,3885,,,-74.28512787809805,61,False,True,True,False,collision,6.301472187042236,,,ou_noise,0,1039520,1034521,1034521,8.474651293676407,-101.36620355824955,,,
3887,3886,,,171.23247277274947,114,True,False,True,False,success,0.48147761821746826,,,ou_noise,0,1039634,1034635,1034635,18.581673891920794,-101.36456640143143,,,
3888,3887,,,164.33474988404402,135,True,False,True,False,success,0.4573889672756195,,,ou_noise,0,1039769,1034770,1034770,14.087648419097619,-101.30179635507089,,,
3889,3888,,,170.78784262128966,117,True,False,True,False,success,0.47266581654548645,,,ou_noise,0,1039886,1034887,1034887,21.218126760588753,-101.48207698724208,,,
3890,3889,,,165.01333703573658,134,True,False,True,False,success,0.48225876688957214,,,ou_noise,0,1040020,1035021,1035021,20.51237755835946,-101.29477833989841,,,
3891,3890,,,163.54820115387105,139,True,False,True,False,success,0.46503421664237976,,,ou_noise,0,1040159,1035160,1035160,14.633701330466236,-101.36093430553409,,,
3892,3891,,,167.03610930830055,126,True,False,True,False,success,0.429802268743515,,,ou_noise,0,1040285,1035286,1035286,11.149976705747937,-101.32849175589425,,,
3893,3892,,,166.4323622854413,126,True,False,True,False,success,0.4708641469478607,,,ou_noise,0,1040411,1035412,1035412,20.71320064484127,-101.39384260631743,,,
3894,3893,,,167.7051782943463,127,True,False,True,False,success,0.4699244499206543,,,ou_noise,0,1040538,1035539,1035539,12.939476167123148,-101.50208372581662,,,
3895,3894,,,170.10276791983938,116,True,False,True,False,success,0.464592844247818,,,ou_noise,0,1040654,1035655,1035655,14.805186319967795,-101.45776209337959,,,
3896,3895,,,170.8848255873848,121,True,False,True,False,success,0.4934603273868561,,,ou_noise,0,1040775,1035776,1035776,27.460215415836366,-101.58463526954336,,,
3897,3896,,,166.11671821760478,127,True,False,True,False,success,0.4614565372467041,,,ou_noise,0,1040902,1035903,1035903,22.230609512704564,-101.41010224349856,,,
3898,3897,,,-250.4326553104378,669,False,True,True,False,collision,8.211615562438965,,,ou_noise,0,1041571,1036572,1036572,20.372214946155236,-101.62850243949035,,,
3899,3898,,,168.75001126797827,127,True,False,True,False,success,0.4343569576740265,,,ou_noise,0,1041698,1036699,1036699,17.854488156911895,-101.61978143406665,,,
3900,3899,,,-102.87869228088118,30,False,True,True,False,collision,9.283507347106934,,,ou_noise,0,1041728,1036729,1036729,9.548198246955872,-101.7489870707194,,,
3901,3900,,,166.72592894185834,123,True,False,True,False,success,0.49759986996650696,,,ou_noise,0,1041851,1036852,1036852,21.1479267899583,-101.57816240264148,,,
3902,3901,,,165.2079782714086,132,True,False,True,False,success,0.48088711500167847,,,ou_noise,0,1041983,1036984,1036984,17.50703580451734,-101.76413368456292,,,
3903,3902,,,167.61874415302992,130,True,False,True,False,success,0.473754346370697,,,ou_noise,0,1042113,1037114,1037114,16.12678809074255,-101.50968352097732,,,
3904,3903,,,-43.054197573185206,583,True,False,True,False,success,0.43067294359207153,,,ou_noise,0,1042696,1037697,1037697,17.485494277489533,-101.72989756615247,,,
3905,3904,,,173.32840681864724,113,True,False,True,False,success,0.4774564206600189,,,ou_noise,0,1042809,1037810,1037810,21.100765398118348,-101.82510693305362,,,
3906,3905,,,-132.50168613311612,169,False,True,True,False,collision,7.9972944259643555,,,ou_noise,0,1042978,1037979,1037979,12.26247893705876,-101.76046509150217,,,
3907,3906,,,166.56153382196297,132,True,False,True,False,success,0.45145097374916077,,,ou_noise,0,1043110,1038111,1038111,18.0089603870204,-101.7322663971872,,,
3908,3907,,,167.71622025810817,124,True,False,True,False,success,0.4159453809261322,,,ou_noise,0,1043234,1038235,1038235,22.19941267467314,-101.87860962652391,,,
3909,3908,,,162.96548330011612,137,True,False,True,False,success,0.47137323021888733,,,ou_noise,0,1043371,1038372,1038372,17.341496712970038,-101.73109179865705,,,
3910,3909,,,169.59511366739878,125,True,False,True,False,success,0.4950825572013855,,,ou_noise,0,1043496,1038497,1038497,13.418510576248169,-101.78498272705077,,,
3911,3910,,,164.5798067822967,131,True,False,True,False,success,0.48467960953712463,,,ou_noise,0,1043627,1038628,1038628,18.1385056071609,-101.85300078646827,,,
3912,3911,,,164.64999434025015,136,True,False,True,False,success,0.41105732321739197,,,ou_noise,0,1043763,1038764,1038764,19.20816581652445,-101.99125250648049,,,
3913,3912,,,161.54333173672836,136,True,False,True,False,success,0.4976545572280884,,,ou_noise,0,1043899,1038900,1038900,20.42183191986645,-101.8215555303237,,,
3914,3913,,,-75.70879491172211,113,False,True,True,False,collision,4.646506309509277,,,ou_noise,0,1044012,1039013,1039013,19.114958605935087,-101.91861718101839,,,
3915,3914,,,170.57802871345103,124,True,False,True,False,success,0.42617014050483704,,,ou_noise,0,1044136,1039137,1039137,22.21793302220683,-101.92453759716403,,,
3916,3915,,,164.8617107766949,129,True,False,True,False,success,0.4471329152584076,,,ou_noise,0,1044265,1039266,1039266,19.52361463576324,-101.93270034198613,,,
3917,3916,,,166.42194003977272,130,True,False,True,False,success,0.4713793992996216,,,ou_noise,0,1044395,1039396,1039396,16.839256913845357,-101.92220529409555,,,
3918,3917,,,170.12148210980484,117,True,False,True,False,success,0.45442405343055725,,,ou_noise,0,1044512,1039513,1039513,18.650811414433342,-101.82033062796307,,,
3919,3918,,,154.90471847489403,154,True,False,True,False,success,0.45324966311454773,,,ou_noise,0,1044666,1039667,1039667,17.960424677892163,-101.89559708632432,,,
3920,3919,,,163.86464294537183,136,True,False,True,False,success,0.4562533497810364,,,ou_noise,0,1044802,1039803,1039803,21.981098818428375,-101.94661606059356,,,
3921,3920,,,162.84315528898503,140,True,False,True,False,success,0.4997082054615021,,,ou_noise,0,1044942,1039943,1039943,19.043279014314923,-101.97773497445243,,,
3922,3921,,,169.89311915138154,122,True,False,True,False,success,0.4327643811702728,,,ou_noise,0,1045064,1040065,1040065,21.356464919496755,-102.15955121399926,,,
3923,3922,,,170.31209002798988,117,True,False,True,False,success,0.47506725788116455,,,ou_noise,0,1045181,1040182,1040182,22.51607046677516,-101.96447173550598,,,
3924,3923,,,170.8559029725817,120,True,False,True,False,success,0.4372401237487793,,,ou_noise,0,1045301,1040302,1040302,18.625758765141168,-101.92383346557617,,,
3925,3924,,,-343.5719935250881,1000,False,False,False,True,cutoff,6.8644609451293945,,,ou_noise,0,1046301,1041302,1041302,17.743166367173195,-101.98308365631104,,,
3926,3925,,,170.2219919169098,120,True,False,True,False,success,0.42377969622612,,,ou_noise,0,1046421,1041422,1041422,18.562139734625816,-101.91496906280517,,,
3927,3926,,,170.0888352941546,118,True,False,True,False,success,0.48977264761924744,,,ou_noise,0,1046539,1041540,1041540,14.086863022739605,-102.07555660959018,,,
3928,3927,,,168.61726381320673,122,True,False,True,False,success,0.4580216407775879,,,ou_noise,0,1046661,1041662,1041662,12.721185857155284,-102.08484161877242,,,
3929,3928,,,165.48176027875053,131,True,False,True,False,success,0.4783725142478943,,,ou_noise,0,1046792,1041793,1041793,23.692458751547427,-102.03002947159396,,,
3930,3929,,,164.63445998992808,132,True,False,True,False,success,0.4477713406085968,,,ou_noise,0,1046924,1041925,1041925,16.456485452977095,-102.0651086171468,,,
3931,3930,,,168.23731912973597,127,True,False,True,False,success,0.45083343982696533,,,ou_noise,0,1047051,1042052,1042052,17.813518671538887,-102.0290733998216,,,
3932,3931,,,161.67204721497214,140,True,False,True,False,success,0.4933340549468994,,,ou_noise,0,1047191,1042192,1042192,18.281093685116087,-102.14021541050502,,,
3933,3932,,,166.31329697659925,121,True,False,True,False,success,0.4994961619377136,,,ou_noise,0,1047312,1042313,1042313,16.79881661194415,-102.17061173620303,,,
3934,3933,,,167.76124119042146,123,True,False,True,False,success,0.4759189486503601,,,ou_noise,0,1047435,1042436,1042436,18.90804794261126,-102.16879849317597,,,
3935,3934,,,166.7564587228589,129,True,False,True,False,success,0.41876518726348877,,,ou_noise,0,1047564,1042565,1042565,14.648673823637555,-102.20045240535292,,,
3936,3935,,,157.39788009480978,159,True,False,True,False,success,0.43940407037734985,,,ou_noise,0,1047723,1042724,1042724,18.855597857409304,-102.21646909893684,,,
3937,3936,,,164.65505252538003,137,True,False,True,False,success,0.49005693197250366,,,ou_noise,0,1047860,1042861,1042861,15.180942468399548,-102.1405911410812,,,
3938,3937,,,168.54850297575214,121,True,False,True,False,success,0.4693938195705414,,,ou_noise,0,1047981,1042982,1042982,21.36149461604347,-102.04706970719266,,,
3939,3938,,,-120.25798245699772,279,False,True,True,False,collision,4.681783676147461,,,ou_noise,0,1048260,1043261,1043261,19.630437454015123,-102.22030152898536,,,
3940,3939,,,-89.3186790031184,69,False,True,True,False,collision,7.488429546356201,,,ou_noise,0,1048329,1043330,1043330,16.71966778886491,-102.16512950952502,,,
3941,3940,,,159.73026647174106,148,True,False,True,False,success,0.4088582992553711,,,ou_noise,0,1048477,1043478,1043478,15.881181743499395,-102.2295514699575,,,
3942,3941,,,-72.74325032047808,92,False,True,True,False,collision,5.02990198135376,,,ou_noise,0,1048569,1043570,1043570,19.489861361358475,-102.3213239752728,,,
3943,3942,,,161.43255834536802,143,True,False,True,False,success,0.46451207995414734,,,ou_noise,0,1048712,1043713,1043713,21.865937975736763,-102.14216912543023,,,
3944,3943,,,-85.21043767747612,59,False,True,True,False,collision,7.374527454376221,,,ou_noise,0,1048771,1043772,1043772,16.600195044178072,-102.31275345107257,,,
3945,3944,,,168.2118208215386,124,True,False,True,False,success,0.42920801043510437,,,ou_noise,0,1048895,1043896,1043896,14.878135009158042,-102.17453359788463,,,
3946,3945,,,162.286929979681,129,True,False,True,False,success,0.498298704624176,,,ou_noise,0,1049024,1044025,1044025,19.418988450553066,-102.3475086300872,,,
3947,3946,,,164.68437921900733,134,True,False,True,False,success,0.4478353261947632,,,ou_noise,0,1049158,1044159,1044159,15.562512895954189,-102.35670801418931,,,
3948,3947,,,-209.9769104841483,1000,False,False,False,True,cutoff,6.841364860534668,,,ou_noise,0,1050158,1045159,1045159,16.870528948545456,-102.2187313079834,,,
3949,3948,,,-75.10238748613594,70,False,True,True,False,collision,5.918580055236816,,,ou_noise,0,1050228,1045229,1045229,15.454978605679104,-102.22164393833705,,,
3950,3949,,,166.88692210697766,132,True,False,True,False,success,0.49385249614715576,,,ou_noise,0,1050360,1045361,1045361,18.60652328350327,-102.32132772965865,,,
3951,3950,,,162.04488940487744,143,True,False,True,False,success,0.4567800760269165,,,ou_noise,0,1050503,1045504,1045504,13.464797927783085,-102.26978323342917,,,
3952,3951,,,168.12510312610976,122,True,False,True,False,success,0.43192151188850403,,,ou_noise,0,1050625,1045626,1045626,23.93096024384264,-102.27761940877946,,,
3953,3952,,,-74.86873994598096,95,False,True,True,False,collision,4.703615665435791,,,ou_noise,0,1050720,1045721,1045721,22.29318574604235,-102.24858462685033,,,
3954,3953,,,165.16312692004993,136,True,False,True,False,success,0.4623701274394989,,,ou_noise,0,1050856,1045857,1045857,15.770782763467116,-102.2692133959602,,,
3955,3954,,,-164.92011344679713,320,False,True,True,False,collision,6.222891807556152,,,ou_noise,0,1051176,1046177,1046177,15.612488733977079,-102.37284605503082,,,
3956,3955,,,161.9222979430842,143,True,False,True,False,success,0.4636022746562958,,,ou_noise,0,1051319,1046320,1046320,18.701226150239265,-102.31935925250286,,,
3957,3956,,,-107.54094591345005,131,False,True,True,False,collision,7.065719127655029,,,ou_noise,0,1051450,1046451,1046451,16.74226657670873,-102.18727816516207,,,
3958,3957,,,164.435918238279,137,True,False,True,False,success,0.4461445212364197,,,ou_noise,0,1051587,1046588,1046588,16.458785976806695,-102.30488747923914,,,
3959,3958,,,-373.4335598519192,819,False,True,True,False,collision,7.793910026550293,,,ou_noise,0,1052406,1047407,1047407,19.502861307508635,-102.31075558877835,,,
3960,3959,,,169.5619373956731,124,True,False,True,False,success,0.4524650573730469,,,ou_noise,0,1052530,1047531,1047531,19.63100548713438,-102.34768221455235,,,
3961,3960,,,-63.98167277693779,77,False,True,True,False,collision,5.011812210083008,,,ou_noise,0,1052607,1047608,1047608,24.38995361947394,-102.21081433977399,,,
3962,3961,,,163.42476160926344,144,True,False,True,False,success,0.44919633865356445,,,ou_noise,0,1052751,1047752,1047752,21.85019165939755,-102.29863739013672,,,
3963,3962,,,161.10475982766815,142,True,False,True,False,success,0.45766961574554443,,,ou_noise,0,1052893,1047894,1047894,17.44876320261351,-102.14005220440072,,,
3964,3963,,,171.02879564808651,120,True,False,True,False,success,0.4217291474342346,,,ou_noise,0,1053013,1048014,1048014,16.926336391766867,-102.32860094706217,,,
3965,3964,,,-274.673622490945,1000,False,False,False,True,cutoff,3.3012053966522217,,,ou_noise,0,1054013,1049014,1049014,18.465804449677467,-102.2725937423706,,,
3966,3965,,,163.82025561883154,134,True,False,True,False,success,0.429767370223999,,,ou_noise,0,1054147,1049148,1049148,16.27836755229466,-102.30046383302603,,,
3967,3966,,,170.5724053268665,115,True,False,True,False,success,0.44791272282600403,,,ou_noise,0,1054262,1049263,1049263,10.744229568605837,-102.37113959270975,,,
3968,3967,,,144.97976056770798,204,True,False,True,False,success,0.45391929149627686,,,ou_noise,0,1054466,1049467,1049467,18.61465648634761,-102.21263743381874,,,
3969,3968,,,-110.93785134530282,100,False,True,True,False,collision,8.29586410522461,,,ou_noise,0,1054566,1049567,1049567,17.060313341617583,-102.25694274902344,,,
3970,3969,,,159.41688802967062,146,True,False,True,False,success,0.47921666502952576,,,ou_noise,0,1054712,1049713,1049713,21.28294884913588,-102.30135841892191,,,
3971,3970,,,158.70409133853207,147,True,False,True,False,success,0.46972426772117615,,,ou_noise,0,1054859,1049860,1049860,9.09295763126036,-102.19854788228768,,,
3972,3971,,,-224.745462360446,1000,False,False,False,True,cutoff,8.40412425994873,,,ou_noise,0,1055859,1050860,1050860,17.268522743105887,-102.36139990234375,,,
3973,3972,,,-74.91496338139372,76,False,True,True,False,collision,5.729348659515381,,,ou_noise,0,1055935,1050936,1050936,22.05037506944255,-102.34361307244552,,,
3974,3973,,,161.06432635394665,144,True,False,True,False,success,0.4034101366996765,,,ou_noise,0,1056079,1051080,1051080,21.677488356000847,-102.29763142267863,,,
3975,3974,,,-226.8899408573144,1000,False,False,False,True,cutoff,7.338811874389648,,,ou_noise,0,1057079,1052080,1052080,17.973467341780662,-102.24409992980956,,,
3976,3975,,,-352.62729020096276,652,False,True,True,False,collision,7.274542808532715,,,ou_noise,0,1057731,1052732,1052732,16.08432057426751,-102.25457864304992,,,
3977,3976,,,-96.98879016886306,61,False,True,True,False,collision,8.12612247467041,,,ou_noise,0,1057792,1052793,1052793,28.727511312140795,-102.16327054383325,,,
3978,3977,,,165.534200898432,131,True,False,True,False,success,0.4639641046524048,,,ou_noise,0,1057923,1052924,1052924,14.518811151271558,-102.28536643690735,,,
3979,3978,,,-128.4141134951278,175,False,True,True,False,collision,7.4057464599609375,,,ou_noise,0,1058098,1053099,1053099,18.346880159378053,-102.16521641322545,,,
3980,3979,,,170.82714054676654,119,True,False,True,False,success,0.4098259210586548,,,ou_noise,0,1058217,1053218,1053218,27.82552215932798,-102.28975113299714,,,
3981,3980,,,170.25849034546013,123,True,False,True,False,success,0.48551422357559204,,,ou_noise,0,1058340,1053341,1053341,14.090957327586848,-102.21988777222673,,,
3982,3981,,,-60.96133239818715,90,False,True,True,False,collision,3.9753777980804443,,,ou_noise,0,1058430,1053431,1053431,19.66434829235077,-102.25716179741754,,,
3983,3982,,,-73.70376157531761,80,False,True,True,False,collision,5.3618903160095215,,,ou_noise,0,1058510,1053511,1053511,17.915653997659682,-102.17642879486084,,,
3984,3983,,,-126.0968766434529,188,False,True,True,False,collision,7.48308801651001,,,ou_noise,0,1058698,1053699,1053699,19.692773113225368,-102.22015701456273,,,
3985,3984,,,170.78237711389065,118,True,False,True,False,success,0.45429861545562744,,,ou_noise,0,1058816,1053817,1053817,22.133087951247976,-102.2197133080434,,,
3986,3985,,,172.28800029954215,114,True,False,True,False,success,0.4424973428249359,,,ou_noise,0,1058930,1053931,1053931,10.506324140649093,-102.1103341621265,,,
3987,3986,,,-103.14411146413147,87,False,True,True,False,collision,7.912698745727539,,,ou_noise,0,1059017,1054018,1054018,17.62357235776967,-102.234529604857,,,
3988,3987,,,168.75417479740491,124,True,False,True,False,success,0.49093881249427795,,,ou_noise,0,1059141,1054142,1054142,21.378869925775835,-102.16699754038164,,,
3989,3988,,,162.46217037295375,141,True,False,True,False,success,0.4847177565097809,,,ou_noise,0,1059282,1054283,1054283,20.670320130409078,-102.14217576912954,,,
3990,3989,,,157.39786751772135,144,True,False,True,False,success,0.47195616364479065,,,ou_noise,0,1059426,1054427,1054427,20.859933526979553,-102.18507920371161,,,
3991,3990,,,-190.63212915668012,1000,False,False,False,True,cutoff,4.008664608001709,,,ou_noise,0,1060426,1055427,1055427,19.534035881400108,-102.18483512878419,,,
3992,3991,,,172.4585141819968,109,True,False,True,False,success,0.4701979458332062,,,ou_noise,0,1060535,1055536,1055536,14.93300187259639,-102.102529473261,,,
3993,3992,,,171.24524145791378,117,True,False,True,False,success,0.4565885365009308,,,ou_noise,0,1060652,1055653,1055653,16.34999679805886,-102.25520781166533,,,
3994,3993,,,170.9940677365289,116,True,False,True,False,success,0.47400203347206116,,,ou_noise,0,1060768,1055769,1055769,14.858921852605096,-102.15800594461375,,,
3995,3994,,,-229.56111199429765,1000,False,False,False,True,cutoff,3.4952290058135986,,,ou_noise,0,1061768,1056769,1056769,19.995992810487746,-102.07949433898926,,,
3996,3995,,,168.76621950009041,124,True,False,True,False,success,0.4620801508426666,,,ou_noise,0,1061892,1056893,1056893,22.18778185113784,-102.06222866427514,,,
3997,3996,,,164.50909337155758,133,True,False,True,False,success,0.49242982268333435,,,ou_noise,0,1062025,1057026,1057026,18.809123693552234,-102.09567186169159,,,
3998,3997,,,167.9844486374389,129,True,False,True,False,success,0.454341322183609,,,ou_noise,0,1062154,1057155,1057155,24.065565958503605,-102.12119748610858,,,
3999,3998,,,169.0239886909323,123,True,False,True,False,success,0.4669943153858185,,,ou_noise,0,1062277,1057278,1057278,9.183364055021022,-102.10444219325616,,,
4000,3999,,,170.09272060958747,118,True,False,True,False,success,0.4647059738636017,,,ou_noise,0,1062395,1057396,1057396,15.737359562162625,-102.06925169088073,,,
4001,4000,,,161.96527465261119,147,True,False,True,False,success,0.4870699346065521,,,ou_noise,0,1062542,1057543,1057543,19.28607950243009,-102.06450440283535,,,
4002,4001,,,162.89261260740145,139,True,False,True,False,success,0.4448534846305847,,,ou_noise,0,1062681,1057682,1057682,17.721027642702886,-102.04056516139627,,,
4003,4002,,,165.41286894199732,132,True,False,True,False,success,0.4956165552139282,,,ou_noise,0,1062813,1057814,1057814,16.9402799263145,-102.0816856731068,,,
4004,4003,,,162.86797612468317,131,True,False,True,False,success,0.4936469793319702,,,ou_noise,0,1062944,1057945,1057945,14.254747924003892,-102.07531202476443,,,
4005,4004,,,154.68435599979634,147,True,False,True,False,success,0.44854632019996643,,,ou_noise,0,1063091,1058092,1058092,21.948532044482068,-102.17618752823395,,,
4006,4005,,,156.283666419623,150,True,False,True,False,success,0.4835052192211151,,,ou_noise,0,1063241,1058242,1058242,11.087478518486023,-102.18305796305339,,,
4007,4006,,,165.63224811407437,128,True,False,True,False,success,0.4534418284893036,,,ou_noise,0,1063369,1058370,1058370,20.03462745528668,-101.95287597179413,,,
4008,4007,,,164.54286157485194,136,True,False,True,False,success,0.4130958616733551,,,ou_noise,0,1063505,1058506,1058506,18.865704219130908,-102.19076229544247,,,
4009,4008,,,160.60708219583623,147,True,False,True,False,success,0.46695905923843384,,,ou_noise,0,1063652,1058653,1058653,15.45670464979548,-102.18531721465442,,,
4010,4009,,,153.9212257006327,162,True,False,True,False,success,0.4890087842941284,,,ou_noise,0,1063814,1058815,1058815,14.678570356633928,-102.08201043399764,,,
4011,4010,,,-230.81879190967484,1000,False,False,False,True,cutoff,8.191557884216309,,,ou_noise,0,1064814,1059815,1059815,19.885114373326303,-102.07773477172852,,,
4012,4011,,,162.5219688635534,139,True,False,True,False,success,0.4334309697151184,,,ou_noise,0,1064953,1059954,1059954,15.47048277134518,-102.12254992148858,,,
4013,4012,,,170.36843699080146,125,True,False,True,False,success,0.4908517599105835,,,ou_noise,0,1065078,1060079,1060079,19.74449856853485,-102.01442974853515,,,
4014,4013,,,-199.2815233608223,624,False,True,True,False,collision,4.498271465301514,,,ou_noise,0,1065702,1060703,1060703,18.960462094308475,-102.12459688920241,,,
4015,4014,,,163.77728073110802,131,True,False,True,False,success,0.48848509788513184,,,ou_noise,0,1065833,1060834,1060834,22.76218494477163,-102.10948513118365,,,
4016,4015,,,172.0980472854909,116,True,False,True,False,success,0.46533283591270447,,,ou_noise,0,1065949,1060950,1060950,14.350263709652014,-102.07804942953176,,,
4017,4016,,,164.99673892645225,133,True,False,True,False,success,0.48669183254241943,,,ou_noise,0,1066082,1061083,1061083,24.074767900588817,-102.1303961617606,,,
4018,4017,,,160.74189725911455,142,True,False,True,False,success,0.48059654235839844,,,ou_noise,0,1066224,1061225,1061225,19.15088767988581,-102.13383929830202,,,
4019,4018,,,162.58413015105515,136,True,False,True,False,success,0.452877014875412,,,ou_noise,0,1066360,1061361,1061361,17.323379262405282,-102.03290075414321,,,
4020,4019,,,169.9987834937748,118,True,False,True,False,success,0.487697035074234,,,ou_noise,0,1066478,1061479,1061479,24.578413263215857,-102.25761090294789,,,
4021,4020,,,171.7233788354608,115,True,False,True,False,success,0.4411400556564331,,,ou_noise,0,1066593,1061594,1061594,12.45217272406039,-102.1120153012483,,,
4022,4021,,,162.68980768958653,143,True,False,True,False,success,0.41798141598701477,,,ou_noise,0,1066736,1061737,1061737,12.79285284439167,-102.18376004945982,,,
4023,4022,,,170.94494927157518,122,True,False,True,False,success,0.4047749638557434,,,ou_noise,0,1066858,1061859,1061859,15.918293649055919,-102.1745008875112,,,
4024,4023,,,158.72740333653545,151,True,False,True,False,success,0.46611541509628296,,,ou_noise,0,1067009,1062010,1062010,27.194079781210185,-102.139981554044,,,
4025,4024,,,-220.14376747670659,1000,False,False,False,True,cutoff,5.289511680603027,,,ou_noise,0,1068009,1063010,1063010,16.34757868409157,-102.16501415252685,,,
4026,4025,,,167.2653876806585,129,True,False,True,False,success,0.4622512757778168,,,ou_noise,0,1068138,1063139,1063139,19.420828796172326,-102.2117595820464,,,
4027,4026,,,162.0199586947749,141,True,False,True,False,success,0.4425387978553772,,,ou_noise,0,1068279,1063280,1063280,16.739094461109623,-102.07225913189828,,,
4028,4027,,,-239.46872111659124,1000,False,False,False,True,cutoff,5.225416660308838,,,ou_noise,0,1069279,1064280,1064280,19.686036095023155,-102.02084341430664,,,
4029,4028,,,165.712866637815,129,True,False,True,False,success,0.42918193340301514,,,ou_noise,0,1069408,1064409,1064409,16.746402801469316,-102.04339309810668,,,
4030,4029,,,166.0630374818827,134,True,False,True,False,success,0.44892817735671997,,,ou_noise,0,1069542,1064543,1064543,15.861381726478463,-101.94943789581754,,,
4031,4030,,,160.9733267407643,149,True,False,True,False,success,0.4795991778373718,,,ou_noise,0,1069691,1064692,1064692,14.610441203085369,-101.93661944498152,,,
4032,4031,,,169.28790092078003,125,True,False,True,False,success,0.42131486535072327,,,ou_noise,0,1069816,1064817,1064817,13.1807079372406,-101.99760144042969,,,
4033,4032,,,163.0826115006595,140,True,False,True,False,success,0.4159708321094513,,,ou_noise,0,1069956,1064957,1064957,16.36154206608023,-101.95806677682059,,,
4034,4033,,,166.84782522790596,134,True,False,True,False,success,0.41116708517074585,,,ou_noise,0,1070090,1065091,1065091,20.894454793253942,-101.9128234635538,,,
4035,4034,,,-295.9901846258535,1000,False,False,False,True,cutoff,8.983104705810547,,,ou_noise,0,1071090,1066091,1066091,18.94820660161972,-101.92922392272949,,,
4036,4035,,,162.33071122852158,133,True,False,True,False,success,0.4927736222743988,,,ou_noise,0,1071223,1066224,1066224,23.316854548633547,-101.92587297482598,,,
4037,4036,,,157.78480464172776,156,True,False,True,False,success,0.4988206923007965,,,ou_noise,0,1071379,1066380,1066380,18.317832748095196,-101.83716974502954,,,
4038,4037,,,158.8931696666994,147,True,False,True,False,success,0.46091538667678833,,,ou_noise,0,1071526,1066527,1066527,17.463386183693295,-101.8417931381537,,,
4039,4038,,,160.76947101451736,147,True,False,True,False,success,0.4165765047073364,,,ou_noise,0,1071673,1066674,1066674,21.17498889829026,-101.9474580725845,,,
4040,4039,,,-69.52709714106051,76,False,True,True,False,collision,5.305983066558838,,,ou_noise,0,1071749,1066750,1066750,14.390043851576353,-101.9892608241031,,,
4041,4040,,,162.9587941311346,135,True,False,True,False,success,0.4833318293094635,,,ou_noise,0,1071884,1066885,1066885,18.108292463090685,-101.90337823938441,,,
4042,4041,,,162.55410388731067,137,True,False,True,False,success,0.47583743929862976,,,ou_noise,0,1072021,1067022,1067022,19.65176826323906,-101.91944890822808,,,
4043,4042,,,166.4968612197137,128,True,False,True,False,success,0.4417552947998047,,,ou_noise,0,1072149,1067150,1067150,20.53137454483658,-101.9420754313469,,,
4044,4043,,,161.73473222597852,146,True,False,True,False,success,0.45144882798194885,,,ou_noise,0,1072295,1067296,1067296,22.814876068944802,-101.78922010447882,,,
4045,4044,,,-67.58421277077511,81,False,True,True,False,collision,4.889734268188477,,,ou_noise,0,1072376,1067377,1067377,12.76816091272566,-101.80638913755064,,,
4046,4045,,,168.75144106947647,123,True,False,True,False,success,0.45649993419647217,,,ou_noise,0,1072499,1067500,1067500,13.90809322760357,-101.8706678064858,,,
4047,4046,,,-207.37276585909777,1000,False,False,False,True,cutoff,5.123708248138428,,,ou_noise,0,1073499,1068500,1068500,18.642024126052856,-101.83534023284912,,,
4048,4047,,,170.26622726101502,116,True,False,True,False,success,0.4974788725376129,,,ou_noise,0,1073615,1068616,1068616,14.966939316741351,-101.74820044945027,,,
4049,4048,,,162.65233109294957,142,True,False,True,False,success,0.45752593874931335,,,ou_noise,0,1073757,1068758,1068758,17.873708617519323,-101.87714885657942,,,
4050,4049,,,166.16448162858242,128,True,False,True,False,success,0.43085259199142456,,,ou_noise,0,1073885,1068886,1068886,10.863535209558904,-101.77327871322632,,,
4051,4050,,,168.2557366506124,135,True,False,True,False,success,0.4653491973876953,,,ou_noise,0,1074020,1069021,1069021,18.401691123291297,-101.85636557119864,,,
4052,4051,,,165.73109185448095,131,True,False,True,False,success,0.45300009846687317,,,ou_noise,0,1074151,1069152,1069152,13.87769119794132,-101.7463840164301,,,
4053,4052,,,162.63231008567195,141,True,False,True,False,success,0.4921722710132599,,,ou_noise,0,1074292,1069293,1069293,17.10353862901106,-101.76202387167207,,,
4054,4053,,,174.41566998869575,109,True,False,True,False,success,0.4253328740596771,,,ou_noise,0,1074401,1069402,1069402,14.0633212688866,-101.7983551725335,,,
4055,4054,,,166.87481978844474,129,True,False,True,False,success,0.45059770345687866,,,ou_noise,0,1074530,1069531,1069531,13.289443485958632,-101.72104780803355,,,
4056,4055,,,164.18508947000586,138,True,False,True,False,success,0.46018239855766296,,,ou_noise,0,1074668,1069669,1069669,14.703055547631305,-101.66475284963414,,,
4057,4056,,,165.2894734372057,132,True,False,True,False,success,0.4032384157180786,,,ou_noise,0,1074800,1069801,1069801,17.455901096264522,-101.74298350016277,,,
4058,4057,,,168.06396834133233,125,True,False,True,False,success,0.4700729250907898,,,ou_noise,0,1074925,1069926,1069926,19.811269253730774,-101.66945001220704,,,
4059,4058,,,165.01419034737918,130,True,False,True,False,success,0.4859178960323334,,,ou_noise,0,1075055,1070056,1070056,16.02972385103886,-101.68840273343599,,,
4060,4059,,,-61.10388297328877,90,False,True,True,False,collision,4.300784111022949,,,ou_noise,0,1075145,1070146,1070146,13.909309189849429,-101.7104734632704,,,
4061,4060,,,163.24107578908092,142,True,False,True,False,success,0.4749441146850586,,,ou_noise,0,1075287,1070288,1070288,16.768477434003856,-101.81228938572843,,,
4062,4061,,,164.0218465773915,133,True,False,True,False,success,0.4431022107601166,,,ou_noise,0,1075420,1070421,1070421,11.144983034384879,-101.69750202150273,,,
4063,4062,,,169.8699307812392,123,True,False,True,False,success,0.44123831391334534,,,ou_noise,0,1075543,1070544,1070544,17.334863917614385,-101.68847525992045,,,
4064,4063,,,170.0799992873857,122,True,False,True,False,success,0.41321253776550293,,,ou_noise,0,1075665,1070666,1070666,21.638108796760683,-101.76838396416336,,,
4065,4064,,,161.201958409467,145,True,False,True,False,success,0.48341992497444153,,,ou_noise,0,1075810,1070811,1070811,14.077919100892954,-101.6532703268117,,,
4066,4065,,,170.79692657854685,122,True,False,True,False,success,0.43173331022262573,,,ou_noise,0,1075932,1070933,1070933,23.920840031787996,-101.59858891221343,,,
4067,4066,,,171.6223770239159,115,True,False,True,False,success,0.4691676199436188,,,ou_noise,0,1076047,1071048,1071048,19.919755862070165,-101.70675181513248,,,
4068,4067,,,166.0173365327306,126,True,False,True,False,success,0.4940519630908966,,,ou_noise,0,1076173,1071174,1071174,21.703217505462586,-101.80569185529437,,,
4069,4068,,,156.76584741579313,149,True,False,True,False,success,0.4560839831829071,,,ou_noise,0,1076322,1071323,1071323,12.19970927542488,-101.74597889945011,,,
4070,4069,,,165.76392117111874,134,True,False,True,False,success,0.4645857810974121,,,ou_noise,0,1076456,1071457,1071457,13.264742857484675,-101.95056801411643,,,
4071,4070,,,-59.309536469873144,69,False,True,True,False,collision,4.735669136047363,,,ou_noise,0,1076525,1071526,1071526,26.336959714474887,-101.88707755268484,,,
4072,4071,,,169.9541152953438,119,True,False,True,False,success,0.4520694315433502,,,ou_noise,0,1076644,1071645,1071645,11.57500070183217,-101.70096562489742,,,
4073,4072,,,157.086639285324,151,True,False,True,False,success,0.4884398281574249,,,ou_noise,0,1076795,1071796,1071796,16.052173584502263,-101.71619056550082,,,
4074,4073,,,166.45684124507653,131,True,False,True,False,success,0.4821394085884094,,,ou_noise,0,1076926,1071927,1071927,21.71175480707911,-101.68721299499046,,,
4075,4074,,,166.4682724337193,127,True,False,True,False,success,0.4894624352455139,,,ou_noise,0,1077053,1072054,1072054,16.694957094868336,-101.81160700039601,,,
4076,4075,,,164.84599878934435,136,True,False,True,False,success,0.40283212065696716,,,ou_noise,0,1077189,1072190,1072190,17.6416726208785,-101.7434154398301,,,
4077,4076,,,163.37613931802204,143,True,False,True,False,success,0.4674481153488159,,,ou_noise,0,1077332,1072333,1072333,12.60244159181635,-101.78949150672325,,,
4078,4077,,,164.68386128333253,136,True,False,True,False,success,0.45926403999328613,,,ou_noise,0,1077468,1072469,1072469,20.637963806881626,-101.70257343965419,,,
4079,4078,,,-84.07011881238147,89,False,True,True,False,collision,6.001180648803711,,,ou_noise,0,1077557,1072558,1072558,21.289135294014148,-101.76545689614971,,,
4080,4079,,,168.01592587730016,129,True,False,True,False,success,0.4486558735370636,,,ou_noise,0,1077686,1072687,1072687,13.227954574333605,-101.80842134934063,,,
4081,4080,,,164.7131029050866,131,True,False,True,False,success,0.44903257489204407,,,ou_noise,0,1077817,1072818,1072818,24.9043097277634,-101.70219887303942,,,
4082,4081,,,163.57038902855598,140,True,False,True,False,success,0.4297528564929962,,,ou_noise,0,1077957,1072958,1072958,17.43097723850182,-101.8044312613351,,,
4083,4082,,,37.546315081855944,693,True,False,True,False,success,0.43590229749679565,,,ou_noise,0,1078650,1073651,1073651,18.673687228736767,-101.78201660552583,,,
4084,4083,,,168.35664011375792,124,True,False,True,False,success,0.464251846075058,,,ou_noise,0,1078774,1073775,1073775,20.365955830581726,-101.79504136116275,,,
4085,4084,,,166.41067996665558,126,True,False,True,False,success,0.49688470363616943,,,ou_noise,0,1078900,1073901,1073901,25.460851725131747,-101.685057382735,,,
4086,4085,,,168.47962707641676,124,True,False,True,False,success,0.47860968112945557,,,ou_noise,0,1079024,1074025,1074025,21.021525143615662,-101.70619939988659,,,
4087,4086,,,-187.38563708347343,1000,False,False,False,True,cutoff,5.796195983886719,,,ou_noise,0,1080024,1075025,1075025,17.450901452064514,-101.6564321975708,,,
4088,4087,,,169.29915628767407,123,True,False,True,False,success,0.4911680519580841,,,ou_noise,0,1080147,1075148,1075148,20.304712309100765,-101.60617400378716,,,
4089,4088,,,164.2192620757911,134,True,False,True,False,success,0.48718705773353577,,,ou_noise,0,1080281,1075282,1075282,17.91523220378961,-101.60998888158086,,,
4090,4089,,,161.86366810082828,139,True,False,True,False,success,0.4945279359817505,,,ou_noise,0,1080420,1075421,1075421,19.316394958564704,-101.55925311630578,,,
4091,4090,,,-209.50447085316776,1000,False,False,False,True,cutoff,8.383567810058594,,,ou_noise,0,1081420,1076421,1076421,17.645982075810434,-101.54848677062988,,,
4092,4091,,,168.20372656054786,121,True,False,True,False,success,0.42884331941604614,,,ou_noise,0,1081541,1076542,1076542,18.98322769925614,-101.60336965765835,,,
4093,4092,,,161.08975933861782,135,True,False,True,False,success,0.4551837146282196,,,ou_noise,0,1081676,1076677,1076677,22.106442910653573,-101.56883058901187,,,
4094,4093,,,163.78263554593067,139,True,False,True,False,success,0.4411907494068146,,,ou_noise,0,1081815,1076816,1076816,22.949745873753116,-101.51844041124522,,,
4095,4094,,,126.10212308998929,311,True,False,True,False,success,0.4675959050655365,,,ou_noise,0,1082126,1077127,1077127,18.100829697115245,-101.46609143812174,,,
4096,4095,,,168.64762675803098,125,True,False,True,False,success,0.4032966196537018,,,ou_noise,0,1082251,1077252,1077252,16.136594198226927,-101.48771600341797,,,
4097,4096,,,-188.85522167954656,1000,False,False,False,True,cutoff,6.849094867706299,,,ou_noise,0,1083251,1078252,1078252,20.69275972211361,-101.49481365966797,,,
4098,4097,,,-85.51426587937316,37,False,True,True,False,collision,8.058192253112793,,,ou_noise,0,1083288,1078289,1078289,17.347804285384512,-101.42549463220544,,,
4099,4098,,,159.83717939447638,144,True,False,True,False,success,0.45615214109420776,,,ou_noise,0,1083432,1078433,1078433,20.930069829854702,-101.44854344262018,,,
4100,4099,,,165.58988180295376,127,True,False,True,False,success,0.49641117453575134,,,ou_noise,0,1083559,1078560,1078560,17.213828292418654,-101.41486785167784,,,
4101,4100,,,164.46904711001787,138,True,False,True,False,success,0.432015985250473,,,ou_noise,0,1083697,1078698,1078698,17.06336977775546,-101.3726844234743,,,
4102,4101,,,167.80828149932992,127,True,False,True,False,success,0.40340062975883484,,,ou_noise,0,1083824,1078825,1078825,21.37849602924557,-101.63980180635227,,,
4103,4102,,,165.00520889155104,136,True,False,True,False,success,0.42492157220840454,,,ou_noise,0,1083960,1078961,1078961,16.827019873787375,-101.35624279695399,,,
4104,4103,,,170.9685944061848,116,True,False,True,False,success,0.4732755124568939,,,ou_noise,0,1084076,1079077,1079077,27.77041330316971,-101.38549245637039,,,
4105,4104,,,172.50976119977076,115,True,False,True,False,success,0.41768786311149597,,,ou_noise,0,1084191,1079192,1079192,18.249677435211513,-101.35405704664147,,,
4106,4105,,,162.2184761821712,141,True,False,True,False,success,0.48108285665512085,,,ou_noise,0,1084332,1079333,1079333,25.564388943902145,-101.51231249004391,,,
4107,4106,,,167.05646175590067,128,True,False,True,False,success,0.495188444852829,,,ou_noise,0,1084460,1079461,1079461,12.237927332520485,-101.38777166604996,,,
4108,4107,,,116.5696105799956,331,True,False,True,False,success,0.47746360301971436,,,ou_noise,0,1084791,1079792,1079792,19.96523319162271,-101.47090872681032,,,
4109,4108,,,168.23442774160537,121,True,False,True,False,success,0.4475495219230652,,,ou_noise,0,1084912,1079913,1079913,11.306304091264394,-101.45380136789369,,,
4110,4109,,,172.914811738332,114,True,False,True,False,success,0.41892993450164795,,,ou_noise,0,1085026,1080027,1080027,15.320165405147954,-101.38236738506116,,,
4111,4110,,,169.4749077048013,127,True,False,True,False,success,0.4663669466972351,,,ou_noise,0,1085153,1080154,1080154,20.911983981845886,-101.42360573115312,,,
4112,4111,,,122.66124577607683,329,True,False,True,False,success,0.409259557723999,,,ou_noise,0,1085482,1080483,1080483,15.273233348113063,-101.40441382040007,,,
4113,4112,,,170.56782035509553,115,True,False,True,False,success,0.42628780007362366,,,ou_noise,0,1085597,1080598,1080598,13.216514661001122,-101.28891608196756,,,
4114,4113,,,165.80291871728681,131,True,False,True,False,success,0.43143606185913086,,,ou_noise,0,1085728,1080729,1080729,17.038530532640355,-101.52799143318002,,,
4115,4114,,,170.90386551650346,112,True,False,True,False,success,0.46794286370277405,,,ou_noise,0,1085840,1080841,1080841,14.850288497550148,-101.45751483099801,,,
4116,4115,,,169.27848209108976,124,True,False,True,False,success,0.4693140983581543,,,ou_noise,0,1085964,1080965,1080965,15.106493648982816,-101.48028613675025,,,
4117,4116,,,162.98975419382947,139,True,False,True,False,success,0.4547733664512634,,,ou_noise,0,1086103,1081104,1081104,18.791237016375973,-101.21669132589436,,,
4118,4117,,,136.72144966421942,234,True,False,True,False,success,0.44631054997444153,,,ou_noise,0,1086337,1081338,1081338,19.986115746009045,-101.28093383658646,,,
4119,4118,,,164.88876673099867,135,True,False,True,False,success,0.4575822949409485,,,ou_noise,0,1086472,1081473,1081473,16.607556476416413,-101.35518482349536,,,
4120,4119,,,169.2622671188653,117,True,False,True,False,success,0.46354079246520996,,,ou_noise,0,1086589,1081590,1081590,21.421096013142513,-101.39617326524522,,,
4121,4120,,,-255.85819451005662,1000,False,False,False,True,cutoff,8.397505760192871,,,ou_noise,0,1087589,1082590,1082590,15.63632658112049,-101.39003384399415,,,
4122,4121,,,-95.16192729967987,49,False,True,True,False,collision,8.439105033874512,,,ou_noise,0,1087638,1082639,1082639,10.19683261793487,-101.27782066500917,,,
4123,4122,,,163.71079495442459,134,True,False,True,False,success,0.4410904049873352,,,ou_noise,0,1087772,1082773,1082773,17.446016753787426,-101.30951918416949,,,
4124,4123,,,163.97564975097038,127,True,False,True,False,success,0.4988853633403778,,,ou_noise,0,1087899,1082900,1082900,14.265671108651349,-101.3538352185347,,,
4125,4124,,,164.2634420695129,126,True,False,True,False,success,0.46928727626800537,,,ou_noise,0,1088025,1083026,1083026,14.0308886123082,-101.2360730246892,,,
4126,4125,,,165.18734821740685,132,True,False,True,False,success,0.4778596758842468,,,ou_noise,0,1088157,1083158,1083158,18.142898438554823,-101.36781952597879,,,
4127,4126,,,161.89217798981667,146,True,False,True,False,success,0.46728944778442383,,,ou_noise,0,1088303,1083304,1083304,19.557813160223503,-101.2618179321289,,,
4128,4127,,,160.94555701550019,145,True,False,True,False,success,0.4795266389846802,,,ou_noise,0,1088448,1083449,1083449,16.131339339552255,-101.41797580061288,,,
4129,4128,,,163.97450817548156,132,True,False,True,False,success,0.44792526960372925,,,ou_noise,0,1088580,1083581,1083581,26.075200223561488,-101.27535588813551,,,
4130,4129,,,161.83961647662682,147,True,False,True,False,success,0.43299078941345215,,,ou_noise,0,1088727,1083728,1083728,13.537146094704973,-101.3396149200647,,,
4131,4130,,,159.24006457765245,149,True,False,True,False,success,0.45745643973350525,,,ou_noise,0,1088876,1083877,1083877,20.18251426667975,-101.26718467353975,,,
4132,4131,,,162.17032902610944,141,True,False,True,False,success,0.4009934663772583,,,ou_noise,0,1089017,1084018,1084018,21.31941343114731,-101.37921472644129,,,
4133,4132,,,169.67453218835752,117,True,False,True,False,success,0.4353666305541992,,,ou_noise,0,1089134,1084135,1084135,21.441383141737717,-101.19558441944612,,,
4134,4133,,,160.9209426387979,144,True,False,True,False,success,0.4355817139148712,,,ou_noise,0,1089278,1084279,1084279,17.61270834836695,-101.34720632765028,,,
4135,4134,,,162.24737687343105,137,True,False,True,False,success,0.49621838331222534,,,ou_noise,0,1089415,1084416,1084416,15.388239404580888,-101.28650826781336,,,
4136,4135,,,164.54080336004375,132,True,False,True,False,success,0.45756590366363525,,,ou_noise,0,1089547,1084548,1084548,16.805936299490206,-101.12561624700373,,,
4137,4136,,,167.42171841504793,124,True,False,True,False,success,0.47383275628089905,,,ou_noise,0,1089671,1084672,1084672,19.28992216817794,-101.25771830158848,,,
4138,4137,,,166.07892646685144,128,True,False,True,False,success,0.4740237593650818,,,ou_noise,0,1089799,1084800,1084800,24.302495550364256,-101.25544399023056,,,
4139,4138,,,164.04386487055356,131,True,False,True,False,success,0.49431949853897095,,,ou_noise,0,1089930,1084931,1084931,20.506850562022844,-101.14720881804256,,,
4140,4139,,,163.857154584371,138,True,False,True,False,success,0.4177081882953644,,,ou_noise,0,1090068,1085069,1085069,15.255166258500969,-101.19101842244466,,,
4141,4140,,,170.3233302812963,120,True,False,True,False,success,0.4382842481136322,,,ou_noise,0,1090188,1085189,1085189,16.501732900738716,-101.16653213500976,,,
4142,4141,,,167.81498282173038,122,True,False,True,False,success,0.4939003884792328,,,ou_noise,0,1090310,1085311,1085311,16.67632738390907,-101.32978583163903,,,
4143,4142,,,164.2504106111765,137,True,False,True,False,success,0.4462146461009979,,,ou_noise,0,1090447,1085448,1085448,23.834079679781503,-101.26410998045093,,,
4144,4143,,,162.23466735597702,143,True,False,True,False,success,0.4866344928741455,,,ou_noise,0,1090590,1085591,1085591,18.964982685509263,-101.31057221739442,,,
4145,4144,,,164.64048893392047,135,True,False,True,False,success,0.4433915615081787,,,ou_noise,0,1090725,1085726,1085726,17.598720210569876,-101.23989037407769,,,
4146,4145,,,80.31133785948018,432,True,False,True,False,success,0.48647257685661316,,,ou_noise,0,1091157,1086158,1086158,22.76165357121715,-101.20579364564684,,,
4147,4146,,,169.88450043693558,122,True,False,True,False,success,0.4358164966106415,,,ou_noise,0,1091279,1086280,1086280,22.23695035742932,-101.29650384871687,,,
4148,4147,,,-57.88622252233278,91,False,True,True,False,collision,3.887864351272583,,,ou_noise,0,1091370,1086371,1086371,25.576603687726536,-101.32986341203961,,,
4149,4148,,,-170.06936115857033,1000,False,False,False,True,cutoff,3.372292995452881,,,ou_noise,0,1092370,1087371,1087371,15.691697382450103,-101.25051471710205,,,
4150,4149,,,166.70851802955377,126,True,False,True,False,success,0.43871164321899414,,,ou_noise,0,1092496,1087497,1087497,14.451222493534996,-101.26102108425565,,,
4151,4150,,,160.46611867166303,144,True,False,True,False,success,0.48579883575439453,,,ou_noise,0,1092640,1087641,1087641,18.856753711071278,-101.23624801635742,,,
4152,4151,,,166.27057654815727,125,True,False,True,False,success,0.4744638204574585,,,ou_noise,0,1092765,1087766,1087766,15.599190313339234,-101.07630059814453,,,
4153,4152,,,166.4027836874449,127,True,False,True,False,success,0.4263145625591278,,,ou_noise,0,1092892,1087893,1087893,21.32587612895515,-101.14092591052919,,,
4154,4153,,,166.9176702635403,131,True,False,True,False,success,0.46599456667900085,,,ou_noise,0,1093023,1088024,1088024,14.734089257152936,-101.29406458730917,,,
4155,4154,,,165.37496762356915,126,True,False,True,False,success,0.4863472282886505,,,ou_noise,0,1093149,1088150,1088150,18.506525691539522,-101.2561894371396,,,
4156,4155,,,171.3930149601976,117,True,False,True,False,success,0.4417284429073334,,,ou_noise,0,1093266,1088267,1088267,23.861181896975918,-101.20439767429971,,,
4157,4156,,,166.80717649375794,126,True,False,True,False,success,0.4963573217391968,,,ou_noise,0,1093392,1088393,1088393,18.650650771837388,-101.22596958705357,,,
4158,4157,,,156.39998430064884,155,True,False,True,False,success,0.44081833958625793,,,ou_noise,0,1093547,1088548,1088548,12.94242616699588,-101.18476355768018,,,
4159,4158,,,166.82486815882996,124,True,False,True,False,success,0.4438900351524353,,,ou_noise,0,1093671,1088672,1088672,20.435278451250447,-101.02763551281345,,,
4160,4159,,,170.2391846723503,118,True,False,True,False,success,0.4727535545825958,,,ou_noise,0,1093789,1088790,1088790,23.192883229861824,-101.09953857680499,,,
4161,4160,,,165.7388411589924,128,True,False,True,False,success,0.42876923084259033,,,ou_noise,0,1093917,1088918,1088918,17.76523702032864,-101.18540692329407,,,
4162,4161,,,164.33035078295552,133,True,False,True,False,success,0.42689061164855957,,,ou_noise,0,1094050,1089051,1089051,18.25910095075019,-101.1149739430363,,,
4163,4162,,,167.90329991358797,124,True,False,True,False,success,0.4773832857608795,,,ou_noise,0,1094174,1089175,1089175,15.868158697120604,-101.18631399831465,,,
4164,4163,,,168.3852445766342,120,True,False,True,False,success,0.4902693033218384,,,ou_noise,0,1094294,1089295,1089295,21.227384529511134,-101.1143918355306,,,
4165,4164,,,168.40650163644852,121,True,False,True,False,success,0.4342587888240814,,,ou_noise,0,1094415,1089416,1089416,15.615537364620808,-101.1029926016311,,,
4166,4165,,,164.87300487581757,142,True,False,True,False,success,0.47862735390663147,,,ou_noise,0,1094557,1089558,1089558,16.842937220150315,-101.16174010155906,,,
4167,4166,,,163.0255629344615,136,True,False,True,False,success,0.4063234031200409,,,ou_noise,0,1094693,1089694,1089694,13.967312768101692,-101.29057485917035,,,
4168,4167,,,166.06352532865083,131,True,False,True,False,success,0.47947773337364197,,,ou_noise,0,1094824,1089825,1089825,17.17518285030627,-101.33372951827886,,,
4169,4168,,,168.06670020628647,123,True,False,True,False,success,0.41924333572387695,,,ou_noise,0,1094947,1089948,1089948,18.009849050180698,-101.1365118259337,,,
4170,4169,,,166.09432578819587,132,True,False,True,False,success,0.45460978150367737,,,ou_noise,0,1095079,1090080,1090080,18.349732116316304,-101.06364365779993,,,
4171,4170,,,168.66157514745248,122,True,False,True,False,success,0.46559494733810425,,,ou_noise,0,1095201,1090202,1090202,28.278976770698048,-101.07128024492107,,,
4172,4171,,,168.17652171726866,128,True,False,True,False,success,0.4067847430706024,,,ou_noise,0,1095329,1090330,1090330,20.847453392110765,-101.26543790102005,,,
4173,4172,,,169.16444269024248,117,True,False,True,False,success,0.4875965714454651,,,ou_noise,0,1095446,1090447,1090447,17.017845744760628,-101.00029858972272,,,
4174,4173,,,161.5181194288757,144,True,False,True,False,success,0.4652048647403717,,,ou_noise,0,1095590,1090591,1090591,13.225152760744095,-101.04621357387967,,,
4175,4174,,,168.8562761282597,125,True,False,True,False,success,0.4571104943752289,,,ou_noise,0,1095715,1090716,1090716,20.570234888076783,-101.15014501953125,,,
4176,4175,,,161.98960288092007,147,True,False,True,False,success,0.42275211215019226,,,ou_noise,0,1095862,1090863,1090863,15.030939157317285,-100.97469729468936,,,
4177,4176,,,165.4267934024656,128,True,False,True,False,success,0.4696294069290161,,,ou_noise,0,1095990,1090991,1090991,16.571130227297544,-101.22157776355743,,,
4178,4177,,,163.43324366721754,138,True,False,True,False,success,0.4760511815547943,,,ou_noise,0,1096128,1091129,1091129,12.84651881110841,-101.1028397048729,,,
4179,4178,,,169.11189514430203,126,True,False,True,False,success,0.4590098559856415,,,ou_noise,0,1096254,1091255,1091255,22.384627080152907,-101.0335432991149,,,
4180,4179,,,169.29898374572332,125,True,False,True,False,success,0.44022995233535767,,,ou_noise,0,1096379,1091380,1091380,12.718404427528382,-101.08858898925781,,,
4181,4180,,,171.58414787919133,117,True,False,True,False,success,0.4675082564353943,,,ou_noise,0,1096496,1091497,1091497,14.160247375822475,-101.01565199631911,,,
4182,4181,,,165.49933184023263,128,True,False,True,False,success,0.45872142910957336,,,ou_noise,0,1096624,1091625,1091625,6.347565349191427,-101.11163634061813,,,
4183,4182,,,-71.0408734490016,118,False,True,True,False,collision,4.3238444328308105,,,ou_noise,0,1096742,1091743,1091743,13.009795859708625,-101.01967562659313,,,
4184,4183,,,164.8591095910272,133,True,False,True,False,success,0.4908830225467682,,,ou_noise,0,1096875,1091876,1091876,22.739790201187134,-101.18776416061516,,,
4185,4184,,,161.13565228266992,149,True,False,True,False,success,0.47872743010520935,,,ou_noise,0,1097024,1092025,1092025,19.8751530367256,-101.08981609984532,,,
4186,4185,,,163.30753372260676,132,True,False,True,False,success,0.49865856766700745,,,ou_noise,0,1097156,1092157,1092157,15.323512363614459,-101.10626145565149,,,
4187,4186,,,169.4376243193734,121,True,False,True,False,success,0.44710108637809753,,,ou_noise,0,1097277,1092278,1092278,16.669361471144622,-101.12630702247304,,,
4188,4187,,,160.59242192781744,135,True,False,True,False,success,0.4922226369380951,,,ou_noise,0,1097412,1092413,1092413,10.463024284221508,-101.04512227376303,,,
4189,4188,,,163.142800385528,138,True,False,True,False,success,0.47321903705596924,,,ou_noise,0,1097550,1092551,1092551,28.664874522582345,-101.13466152246447,,,
4190,4189,,,169.01248489569647,125,True,False,True,False,success,0.4230160415172577,,,ou_noise,0,1097675,1092676,1092676,16.412903557777405,-101.00357763671875,,,
4191,4190,,,-70.91881182485743,75,False,True,True,False,collision,5.207302570343018,,,ou_noise,0,1097750,1092751,1092751,18.50518199443817,-100.94283182779948,,,
4192,4191,,,166.2349885667977,123,True,False,True,False,success,0.4855942130088806,,,ou_noise,0,1097873,1092874,1092874,13.86599977229669,-100.97586648832491,,,
4193,4192,,,168.5264331438322,124,True,False,True,False,success,0.44247201085090637,,,ou_noise,0,1097997,1092998,1092998,9.917019618134345,-101.02755761915638,,,
4194,4193,,,164.86861375264573,131,True,False,True,False,success,0.42512744665145874,,,ou_noise,0,1098128,1093129,1093129,18.396015824252412,-101.02602229227547,,,
4195,4194,,,74.54771135543827,401,True,False,True,False,success,0.49043816328048706,,,ou_noise,0,1098529,1093530,1093530,14.623681467072922,-100.99307977766765,,,
4196,4195,,,-118.37819473098106,250,False,True,True,False,collision,4.093366622924805,,,ou_noise,0,1098779,1093780,1093780,20.402832282543184,-100.98841827392579,,,
4197,4196,,,162.5441656496124,140,True,False,True,False,success,0.46051642298698425,,,ou_noise,0,1098919,1093920,1093920,18.73779571737562,-101.09846371241979,,,
4198,4197,,,167.50744048737462,126,True,False,True,False,success,0.4568503797054291,,,ou_noise,0,1099045,1094046,1094046,19.327406691180336,-101.03932304987832,,,
4199,4198,,,169.57379652928284,123,True,False,True,False,success,0.4533371329307556,,,ou_noise,0,1099168,1094169,1094169,15.30647094366027,-101.20522395188246,,,
4200,4199,,,170.47401718905343,114,True,False,True,False,success,0.41716450452804565,,,ou_noise,0,1099282,1094283,1094283,18.513426397976122,-101.10231914854886,,,
4201,4200,,,172.34414792243163,113,True,False,True,False,success,0.44003400206565857,,,ou_noise,0,1099395,1094396,1094396,18.411388793877794,-100.96134145280956,,,
4202,4201,,,159.39287767822182,150,True,False,True,False,success,0.4313010573387146,,,ou_noise,0,1099545,1094546,1094546,14.286444862683615,-101.01196375528971,,,
4203,4202,,,158.78924024804866,145,True,False,True,False,success,0.4987168312072754,,,ou_noise,0,1099690,1094691,1094691,19.23586397582087,-101.04093375370421,,,
4204,4203,,,162.39987533045613,137,True,False,True,False,success,0.4405995011329651,,,ou_noise,0,1099827,1094828,1094828,10.557689848607474,-101.18733800066649,,,
4205,4204,,,161.95628171733503,139,True,False,True,False,success,0.41254714131355286,,,ou_noise,0,1099966,1094967,1094967,19.02719291765913,-101.0807021984951,,,
4206,4205,,,-211.0390476333168,1000,False,False,False,True,cutoff,3.4474878311157227,,,ou_noise,0,1100966,1095967,1095967,15.174890488803387,-101.01663116455079,,,
4207,4206,,,161.3313173759488,145,True,False,True,False,success,0.42733335494995117,,,ou_noise,0,1101111,1096112,1096112,16.65628362935165,-100.9432726103684,,,
4208,4207,,,169.16136888661373,123,True,False,True,False,success,0.44430097937583923,,,ou_noise,0,1101234,1096235,1096235,12.211070618978361,-100.97223421422447,,,
4209,4208,,,163.75066185873538,132,True,False,True,False,success,0.4825456142425537,,,ou_noise,0,1101366,1096367,1096367,23.776938650644187,-100.80281049554998,,,
4210,4209,,,166.06378639999565,132,True,False,True,False,success,0.4468172788619995,,,ou_noise,0,1101498,1096499,1096499,16.20968514319622,-100.9237948330966,,,
4211,4210,,,169.91115580503256,122,True,False,True,False,success,0.4953513443470001,,,ou_noise,0,1101620,1096621,1096621,17.57552545285616,-101.06290323226179,,,
4212,4211,,,159.9667853927901,143,True,False,True,False,success,0.4716057777404785,,,ou_noise,0,1101763,1096764,1096764,18.91791228397743,-101.01041823167067,,,
4213,4212,,,168.0939884461171,120,True,False,True,False,success,0.45513683557510376,,,ou_noise,0,1101883,1096884,1096884,26.05626693367958,-101.06227550506591,,,
4214,4213,,,-73.95949417739189,155,False,True,True,False,collision,3.399017095565796,,,ou_noise,0,1102038,1097039,1097039,16.618655683917385,-101.06125832834552,,,
4215,4214,,,161.42982391529497,130,True,False,True,False,success,0.446760356426239,,,ou_noise,0,1102168,1097169,1097169,15.965964585084182,-100.85211381178635,,,
4216,4215,,,162.34607422601414,137,True,False,True,False,success,0.42440104484558105,,,ou_noise,0,1102305,1097306,1097306,19.214353230747864,-101.0333216869048,,,
4217,4216,,,162.77404655657244,138,True,False,True,False,success,0.4079797565937042,,,ou_noise,0,1102443,1097444,1097444,19.085162129955016,-100.8812201126762,,,
4218,4217,,,166.91545098852117,130,True,False,True,False,success,0.4261591136455536,,,ou_noise,0,1102573,1097574,1097574,17.857408108161046,-100.988393167349,,,
4219,4218,,,167.81953108717147,125,True,False,True,False,success,0.45241352915763855,,,ou_noise,0,1102698,1097699,1097699,19.390237616539,-101.02007995605469,,,
4220,4219,,,164.93117096938698,129,True,False,True,False,success,0.4411744773387909,,,ou_noise,0,1102827,1097828,1097828,18.312604725822922,-101.02961316958879,,,
4221,4220,,,168.80244072769597,120,True,False,True,False,success,0.44424548745155334,,,ou_noise,0,1102947,1097948,1097948,26.481317179401717,-101.06778151194254,,,
4222,4221,,,158.0168798658139,145,True,False,True,False,success,0.4385356605052948,,,ou_noise,0,1103092,1098093,1098093,19.36892869061437,-100.94002396156048,,,
4223,4222,,,-212.02286206609847,1000,False,False,False,True,cutoff,6.443577766418457,,,ou_noise,0,1104092,1099093,1099093,17.812627943396567,-100.92512200164795,,,
4224,4223,,,168.64733853680514,127,True,False,True,False,success,0.47483018040657043,,,ou_noise,0,1104219,1099220,1099220,23.730616103945756,-100.71202736201249,,,
4225,4224,,,161.91586733825943,140,True,False,True,False,success,0.47579246759414673,,,ou_noise,0,1104359,1099360,1099360,22.148583717005593,-100.84824033464704,,,
4226,4225,,,166.19254803237627,124,True,False,True,False,success,0.4573974907398224,,,ou_noise,0,1104483,1099484,1099484,15.159855340757678,-100.8566703181113,,,
4227,4226,,,166.50922303083829,125,True,False,True,False,success,0.4984256625175476,,,ou_noise,0,1104608,1099609,1099609,19.979245289802552,-100.85286456298829,,,
4228,4227,,,169.89499183151392,122,True,False,True,False,success,0.4856783151626587,,,ou_noise,0,1104730,1099731,1099731,15.788574142534225,-100.76919868344166,,,
4229,4228,,,163.87206476243333,136,True,False,True,False,success,0.47431161999702454,,,ou_noise,0,1104866,1099867,1099867,10.86233336960568,-100.76481903300567,,,
4230,4229,,,-183.37468095685685,1000,False,False,False,True,cutoff,4.255189895629883,,,ou_noise,0,1105866,1100867,1100867,15.776490371465682,-100.88068720245361,,,
4231,4230,,,162.6329617791048,139,True,False,True,False,success,0.44940996170043945,,,ou_noise,0,1106005,1101006,1101006,15.837210525711663,-100.94006018329867,,,
4232,4231,,,167.29574086665397,129,True,False,True,False,success,0.4300040602684021,,,ou_noise,0,1106134,1101135,1101135,13.027720053066579,-100.84806220476017,,,
4233,4232,,,165.74713442941436,129,True,False,True,False,success,0.4353678524494171,,,ou_noise,0,1106263,1101264,1101264,21.123430987661198,-100.84676721853803,,,
4234,4233,,,50.10515266506296,563,True,False,True,False,success,0.4151199758052826,,,ou_noise,0,1106826,1101827,1101827,17.772214134251882,-100.82263054856188,,,
4235,4234,,,164.97046523008075,131,True,False,True,False,success,0.46611618995666504,,,ou_noise,0,1106957,1101958,1101958,18.80085607794405,-100.85873296606631,,,
4236,4235,,,167.86641143339955,122,True,False,True,False,success,0.4875214993953705,,,ou_noise,0,1107079,1102080,1102080,16.450086245771313,-100.80063829265657,,,
4237,4236,,,161.55237170465386,142,True,False,True,False,success,0.4175138771533966,,,ou_noise,0,1107221,1102222,1102222,20.77645725263676,-100.86868087338729,,,
4238,4237,,,166.9153037844692,131,True,False,True,False,success,0.4593380093574524,,,ou_noise,0,1107352,1102353,1102353,14.90244468477846,-100.83239291824458,,,
4239,4238,,,-217.1348714342302,1000,False,False,False,True,cutoff,5.724043846130371,,,ou_noise,0,1108352,1103353,1103353,20.360670398950578,-100.75636686706542,,,
4240,4239,,,171.23416297080135,118,True,False,True,False,success,0.4045712351799011,,,ou_noise,0,1108470,1103471,1103471,17.120693318924662,-100.5194046537755,,,
4241,4240,,,170.02480868251553,116,True,False,True,False,success,0.46622058749198914,,,ou_noise,0,1108586,1103587,1103587,24.123590987304162,-100.60564738306506,,,
4242,4241,,,166.2057641820086,129,True,False,True,False,success,0.41593098640441895,,,ou_noise,0,1108715,1103716,1103716,25.242916000905886,-100.65216200481089,,,
4243,4242,,,169.03179530140991,120,True,False,True,False,success,0.42910996079444885,,,ou_noise,0,1108835,1103836,1103836,11.217184467116992,-100.58694114685059,,,
4244,4243,,,171.75785043750201,112,True,False,True,False,success,0.4740068316459656,,,ou_noise,0,1108947,1103948,1103948,19.86170661662306,-100.69081551688058,,,
4245,4244,,,162.10680109005048,142,True,False,True,False,success,0.4006160795688629,,,ou_noise,0,1109089,1104090,1104090,15.20065276555612,-100.6475141283492,,,
4246,4245,,,169.17285836718634,122,True,False,True,False,success,0.4459102749824524,,,ou_noise,0,1109211,1104212,1104212,13.615204713383658,-100.61580013837971,,,
4247,4246,,,162.55009933058759,139,True,False,True,False,success,0.4172761142253876,,,ou_noise,0,1109350,1104351,1104351,20.04263545369073,-100.54885200116274,,,
4248,4247,,,167.8562122428811,122,True,False,True,False,success,0.4401862323284149,,,ou_noise,0,1109472,1104473,1104473,14.706956463759063,-100.55939170962475,,,
4249,4248,,,168.23668531886605,128,True,False,True,False,success,0.4254061281681061,,,ou_noise,0,1109600,1104601,1104601,15.23015319276601,-100.62998008728027,,,
4250,4249,,,-109.13264321199516,38,False,True,True,False,collision,10.119171142578125,,,ou_noise,0,1109638,1104639,1104639,10.684453619153876,-100.47990517867238,,,
4251,4250,,,169.63474776139338,119,True,False,True,False,success,0.48387306928634644,,,ou_noise,0,1109757,1104758,1104758,23.44267094535988,-100.65287428142643,,,
4252,4251,,,161.77510762868067,128,True,False,True,False,success,0.47925353050231934,,,ou_noise,0,1109885,1104886,1104886,19.680260384455323,-100.67013335227966,,,
4253,4252,,,173.26006765306687,111,True,False,True,False,success,0.47150373458862305,,,ou_noise,0,1109996,1104997,1104997,25.118934957830756,-100.7569657746736,,,
4254,4253,,,169.96247706905228,118,True,False,True,False,success,0.47929853200912476,,,ou_noise,0,1110114,1105115,1105115,18.934267478474116,-100.75904568171097,,,
4255,4254,,,157.76382076263332,151,True,False,True,False,success,0.4966515302658081,,,ou_noise,0,1110265,1105266,1105266,14.042388214180802,-100.78086312401373,,,
4256,4255,,,161.37257972225456,143,True,False,True,False,success,0.4283680021762848,,,ou_noise,0,1110408,1105409,1105409,14.557446254716886,-100.74056569346182,,,
4257,4256,,,169.4444140506704,121,True,False,True,False,success,0.46614113450050354,,,ou_noise,0,1110529,1105530,1105530,23.96536750931385,-100.75399332598221,,,
4258,4257,,,158.45352016469883,157,True,False,True,False,success,0.4591432213783264,,,ou_noise,0,1110686,1105687,1105687,17.895166659051444,-100.80742572371368,,,
4259,4258,,,161.27204063681535,140,True,False,True,False,success,0.44599586725234985,,,ou_noise,0,1110826,1105827,1105827,15.988211528744017,-100.84726971217565,,,
4260,4259,,,168.25044215214155,120,True,False,True,False,success,0.4219353497028351,,,ou_noise,0,1110946,1105947,1105947,16.194817353288332,-100.54588330586752,,,
4261,4260,,,-263.74167060041543,1000,False,False,False,True,cutoff,6.174899578094482,,,ou_noise,0,1111946,1106947,1106947,16.79155273628235,-100.80654263305664,,,
4262,4261,,,165.13881396932535,132,True,False,True,False,success,0.44309064745903015,,,ou_noise,0,1112078,1107079,1107079,19.53535903132323,-100.81597195249616,,,
4263,4262,,,164.38666234057777,128,True,False,True,False,success,0.4797840714454651,,,ou_noise,0,1112206,1107207,1107207,8.644141914322972,-100.7086329460144,,,
4264,4263,,,-224.89641695901346,1000,False,False,False,True,cutoff,3.9039533138275146,,,ou_noise,0,1113206,1108207,1108207,20.319968420386314,-100.70583645629883,,,
4265,4264,,,165.54198088815923,132,True,False,True,False,success,0.4532250463962555,,,ou_noise,0,1113338,1108339,1108339,19.140566031138103,-100.69008792530407,,,
4266,4265,,,167.00943052119243,129,True,False,True,False,success,0.4727035462856293,,,ou_noise,0,1113467,1108468,1108468,17.984337670858515,-100.7846345531848,,,
4267,4266,,,154.94279537524764,159,True,False,True,False,success,0.4822900593280792,,,ou_noise,0,1113626,1108627,1108627,20.254767046784455,-100.6324835243465,,,
4268,4267,,,166.57413459641884,125,True,False,True,False,success,0.4167932868003845,,,ou_noise,0,1113751,1108752,1108752,14.19001843738556,-100.48609832763673,,,
4269,4268,,,166.7193327758701,126,True,False,True,False,success,0.47640812397003174,,,ou_noise,0,1113877,1108878,1108878,17.19748243547621,-100.6598989698622,,,
4270,4269,,,165.1102756990749,129,True,False,True,False,success,0.4725303649902344,,,ou_noise,0,1114006,1109007,1109007,22.590902966122293,-100.6781674170679,,,
4271,4270,,,169.15185665206872,117,True,False,True,False,success,0.4216853082180023,,,ou_noise,0,1114123,1109124,1109124,18.45256786672478,-100.46504113613031,,,
4272,4271,,,-252.65077499276762,1000,False,False,False,True,cutoff,6.439272403717041,,,ou_noise,0,1115123,1110124,1110124,19.07676939880848,-100.5656110534668,,,
4273,4272,,,159.3526054073956,151,True,False,True,False,success,0.4925013482570648,,,ou_noise,0,1115274,1110275,1110275,17.883368651598495,-100.50868406990506,,,
4274,4273,,,163.52371234398004,134,True,False,True,False,success,0.4729751646518707,,,ou_noise,0,1115408,1110409,1110409,17.92319819286688,-100.56333860710485,,,
4275,4274,,,158.82856870394727,147,True,False,True,False,success,0.41695359349250793,,,ou_noise,0,1115555,1110556,1110556,18.362890132430458,-100.55721236248405,,,
4276,4275,,,159.9194447952666,146,True,False,True,False,success,0.4861581027507782,,,ou_noise,0,1115701,1110702,1110702,17.294318248964334,-100.62508183309477,,,
4277,4276,,,150.34654025714372,156,True,False,True,False,success,0.4947395622730255,,,ou_noise,0,1115857,1110858,1110858,16.837229024905426,-100.59883919740335,,,
4278,4277,,,168.19735860638585,121,True,False,True,False,success,0.47178080677986145,,,ou_noise,0,1115978,1110979,1110979,23.469270034269854,-100.51313472779329,,,
4279,4278,,,171.79895504629366,117,True,False,True,False,success,0.40384140610694885,,,ou_noise,0,1116095,1111096,1111096,16.48611699923491,-100.64572143554688,,,
4280,4279,,,163.70176136504773,129,True,False,True,False,success,0.4580974876880646,,,ou_noise,0,1116224,1111225,1111225,18.19485230778539,-100.73852065921754,,,
4281,4280,,,162.52671077374978,130,True,False,True,False,success,0.44693541526794434,,,ou_noise,0,1116354,1111355,1111355,14.564886474609375,-100.58793164766752,,,
4282,4281,,,164.74778980410736,132,True,False,True,False,success,0.46818608045578003,,,ou_noise,0,1116486,1111487,1111487,17.872926887237664,-100.63313287677187,,,
4283,4282,,,160.49788126467018,142,True,False,True,False,success,0.4396895170211792,,,ou_noise,0,1116628,1111629,1111629,17.29020915484764,-100.60036044053628,,,
4284,4283,,,-94.59574461364261,46,False,True,True,False,collision,8.294129371643066,,,ou_noise,0,1116674,1111675,1111675,7.434044151202492,-100.591029457424,,,
4285,4284,,,166.3940460910515,124,True,False,True,False,success,0.48044154047966003,,,ou_noise,0,1116798,1111799,1111799,21.014030945877874,-100.62264996190225,,,
4286,4285,,,166.5995068267255,124,True,False,True,False,success,0.4650349020957947,,,ou_noise,0,1116922,1111923,1111923,20.316058906816668,-100.6599638538976,,,
4287,4286,,,167.2520575653994,123,True,False,True,False,success,0.48213809728622437,,,ou_noise,0,1117045,1112046,1112046,20.17447510482819,-100.49944727207587,,,
4288,4287,,,170.15444560670477,121,True,False,True,False,success,0.47608405351638794,,,ou_noise,0,1117166,1112167,1112167,26.90066457188819,-100.468017578125,,,
4289,4288,,,159.73443694939505,145,True,False,True,False,success,0.4558020234107971,,,ou_noise,0,1117311,1112312,1112312,16.48359639397983,-100.45154340020541,,,
4290,4289,,,-250.90541755300984,1000,False,False,False,True,cutoff,6.092029094696045,,,ou_noise,0,1118311,1113312,1113312,19.377434886217117,-100.50799950408936,,,
4291,4290,,,162.22829192703833,128,True,False,True,False,success,0.4608761966228485,,,ou_noise,0,1118439,1113440,1113440,24.784642722457647,-100.3866063952446,,,
4292,4291,,,-48.8338283092068,101,False,True,True,False,collision,2.9114203453063965,,,ou_noise,0,1118540,1113541,1113541,17.865190108223718,-100.41415669658396,,,
4293,4292,,,170.77044083424653,114,True,False,True,False,success,0.48834332823753357,,,ou_noise,0,1118654,1113655,1113655,16.373985101256455,-100.39711406774688,,,
4294,4293,,,162.72247831151165,136,True,False,True,False,success,0.44546231627464294,,,ou_noise,0,1118790,1113791,1113791,17.862932155237477,-100.51568289364086,,,
4295,4294,,,164.06630337447208,132,True,False,True,False,success,0.48878249526023865,,,ou_noise,0,1118922,1113923,1113923,19.13377376668381,-100.34415776801832,,,
4296,4295,,,167.5625601607369,122,True,False,True,False,success,0.4685458242893219,,,ou_noise,0,1119044,1114045,1114045,13.679169403724982,-100.49220031988425,,,
4297,4296,,,157.5377844703211,144,True,False,True,False,success,0.4715820848941803,,,ou_noise,0,1119188,1114189,1114189,13.768348345326054,-100.3716139263577,,,
4298,4297,,,160.7075807998249,145,True,False,True,False,success,0.4924425184726715,,,ou_noise,0,1119333,1114334,1114334,11.086916801847261,-100.45461183745286,,,
4299,4298,,,164.8677618043487,142,True,False,True,False,success,0.43387478590011597,,,ou_noise,0,1119475,1114476,1114476,26.120831048824417,-100.45346864512268,,,
4300,4299,,,165.5359453518947,126,True,False,True,False,success,0.4696873426437378,,,ou_noise,0,1119601,1114602,1114602,18.41963699412724,-100.54203166658917,,,
4301,4300,,,-167.2365883627793,369,False,True,True,False,collision,3.767893075942993,,,ou_noise,0,1119970,1114971,1114971,20.810775452189976,-100.47188005731681,,,
4302,4301,,,-109.1750819795474,348,False,True,True,False,collision,2.290557861328125,,,ou_noise,0,1120318,1115319,1115319,17.968056531130582,-100.36561494586111,,,
4303,4302,,,165.83902204368368,127,True,False,True,False,success,0.481075257062912,,,ou_noise,0,1120445,1115446,1115446,18.244625112203163,-100.43612340491588,,,
4304,4303,,,-92.62685894951422,38,False,True,True,False,collision,8.516873359680176,,,ou_noise,0,1120483,1115484,1115484,13.994201390366806,-100.14728365446392,,,
4305,4304,,,105.42134138462198,335,True,False,True,False,success,0.4181567430496216,,,ou_noise,0,1120818,1115819,1115819,19.920599391567173,-100.34082076798624,,,
4306,4305,,,170.54888806680526,120,True,False,True,False,success,0.49427658319473267,,,ou_noise,0,1120938,1115939,1115939,19.25554919739564,-100.305042775472,,,
4307,4306,,,162.8916295852524,134,True,False,True,False,success,0.48963403701782227,,,ou_noise,0,1121072,1116073,1116073,18.329534657855532,-100.2667736793632,,,
4308,4307,,,165.04374051937933,130,True,False,True,False,success,0.4697067141532898,,,ou_noise,0,1121202,1116203,1116203,23.112845048537622,-100.28534023578351,,,
4309,4308,,,159.6333844344021,137,True,False,True,False,success,0.489077091217041,,,ou_noise,0,1121339,1116340,1116340,14.159288356774045,-100.32759177771798,,,
4310,4309,,,167.27244194756665,128,True,False,True,False,success,0.4100683331489563,,,ou_noise,0,1121467,1116468,1116468,19.355590078048408,-100.24436020851135,,,
4311,4310,,,163.88808794726077,131,True,False,True,False,success,0.48303306102752686,,,ou_noise,0,1121598,1116599,1116599,19.364471300867677,-100.38210547061367,,,
4312,4311,,,163.86586480924626,134,True,False,True,False,success,0.4635010361671448,,,ou_noise,0,1121732,1116733,1116733,14.62651990509745,-100.38186673975703,,,
4313,4312,,,163.5673208709399,134,True,False,True,False,success,0.4402938485145569,,,ou_noise,0,1121866,1116867,1116867,11.431633156626972,-100.41293938480206,,,
4314,4313,,,167.97727768102624,123,True,False,True,False,success,0.45263949036598206,,,ou_noise,0,1121989,1116990,1116990,13.067334994067991,-100.29667688385258,,,
4315,4314,,,169.6812892026116,120,True,False,True,False,success,0.4269845187664032,,,ou_noise,0,1122109,1117110,1117110,23.98766751984755,-100.204026222229,,,
4316,4315,,,161.31574139366745,135,True,False,True,False,success,0.4366372525691986,,,ou_noise,0,1122244,1117245,1117245,12.229274859251799,-100.32510087754991,,,
4317,4316,,,166.8276834413188,124,True,False,True,False,success,0.45888552069664,,,ou_noise,0,1122368,1117369,1117369,17.47833405002471,-100.30963460860714,,,
4318,4317,,,164.48661904815418,136,True,False,True,False,success,0.43527713418006897,,,ou_noise,0,1122504,1117505,1117505,22.27149926388965,-100.3060707765467,,,
4319,4318,,,165.83149958607737,126,True,False,True,False,success,0.489667147397995,,,ou_noise,0,1122630,1117631,1117631,23.352059187397124,-100.35543605259487,,,
4320,4319,,,166.8839045243006,130,True,False,True,False,success,0.4335509240627289,,,ou_noise,0,1122760,1117761,1117761,27.0201245032824,-100.23867252056415,,,
4321,4320,,,169.0628266071545,120,True,False,True,False,success,0.426539808511734,,,ou_noise,0,1122880,1117881,1117881,24.712540510296822,-100.30983549753824,,,
4322,4321,,,165.80498732390566,128,True,False,True,False,success,0.4476243555545807,,,ou_noise,0,1123008,1118009,1118009,20.991949416697025,-100.18967539072037,,,
4323,4322,,,169.25369849837062,120,True,False,True,False,success,0.4648924469947815,,,ou_noise,0,1123128,1118129,1118129,20.815858993927637,-100.39772446950276,,,
4324,4323,,,164.29571942732207,132,True,False,True,False,success,0.4512036144733429,,,ou_noise,0,1123260,1118261,1118261,26.20596787965659,-100.33653386433919,,,
4325,4324,,,165.80252824884218,127,True,False,True,False,success,0.4967886507511139,,,ou_noise,0,1123387,1118388,1118388,12.723372435006569,-100.32349479855515,,,
4326,4325,,,162.6860194227063,131,True,False,True,False,success,0.4961391091346741,,,ou_noise,0,1123518,1118519,1118519,13.145881875780702,-100.27232127881233,,,
4327,4326,,,164.26979854150204,128,True,False,True,False,success,0.4414733946323395,,,ou_noise,0,1123646,1118647,1118647,21.471094480715692,-100.20838677883148,,,
4328,4327,,,163.16861746938184,136,True,False,True,False,success,0.4698062837123871,,,ou_noise,0,1123782,1118783,1118783,22.168558353010347,-100.1578089209164,,,
4329,4328,,,169.9387068828133,124,True,False,True,False,success,0.4049444794654846,,,ou_noise,0,1123906,1118907,1118907,19.385965475151615,-100.21545939291677,,,
4330,4329,,,161.16225961412482,144,True,False,True,False,success,0.47731560468673706,,,ou_noise,0,1124050,1119051,1119051,18.94374059389035,-100.2499721315172,,,
4331,4330,,,171.24958062821915,114,True,False,True,False,success,0.47908473014831543,,,ou_noise,0,1124164,1119165,1119165,22.60421163366552,-100.26655103449235,,,
4332,4331,,,163.60382191043607,138,True,False,True,False,success,0.4578050971031189,,,ou_noise,0,1124302,1119303,1119303,22.366111238797505,-100.22176029371178,,,
4333,4332,,,162.8707071992282,136,True,False,True,False,success,0.4157535135746002,,,ou_noise,0,1124438,1119439,1119439,12.607149792068144,-100.16126139023724,,,
4334,4333,,,118.65508585365542,267,True,False,True,False,success,0.4527219533920288,,,ou_noise,0,1124705,1119706,1119706,19.44699081410183,-100.19046100516444,,,
4335,4334,,,165.19602053574238,136,True,False,True,False,success,0.4587402939796448,,,ou_noise,0,1124841,1119842,1119842,18.385039323393038,-100.11662528094124,,,
4336,4335,,,163.750020128958,131,True,False,True,False,success,0.45649057626724243,,,ou_noise,0,1124972,1119973,1119973,21.302844562603315,-100.04315960134258,,,
4337,4336,,,169.48843225515196,120,True,False,True,False,success,0.4898303747177124,,,ou_noise,0,1125092,1120093,1120093,22.685297417640687,-100.07344195048015,,,
4338,4337,,,169.29607927693456,121,True,False,True,False,success,0.44830039143562317,,,ou_noise,0,1125213,1120214,1120214,16.190106490426814,-100.15449139303412,,,
4339,4338,,,166.4882183619394,126,True,False,True,False,success,0.4329255521297455,,,ou_noise,0,1125339,1120340,1120340,11.692555869382526,-100.18860856313555,,,
4340,4339,,,164.81760013498683,132,True,False,True,False,success,0.40797677636146545,,,ou_noise,0,1125471,1120472,1120472,20.60862159819314,-100.20016392794523,,,
4341,4340,,,171.3757692481588,118,True,False,True,False,success,0.4374145567417145,,,ou_noise,0,1125589,1120590,1120590,19.313737134812243,-100.19569687924142,,,
4342,4341,,,-91.4892897395047,144,False,True,True,False,collision,5.9673357009887695,,,ou_noise,0,1125733,1120734,1120734,20.50521958122651,-100.16539875666301,,,
4343,4342,,,163.0046254595822,134,True,False,True,False,success,0.4426210820674896,,,ou_noise,0,1125867,1120868,1120868,16.89748582644249,-100.26184679856941,,,
4344,4343,,,-237.47446863209555,549,False,True,True,False,collision,5.546093463897705,,,ou_noise,0,1126416,1121417,1121417,17.027626244748227,-100.19577159777366,,,
4345,4344,,,149.2267178277877,171,True,False,True,False,success,0.49467378854751587,,,ou_noise,0,1126587,1121588,1121588,23.830600826363813,-100.2847478320027,,,
4346,4345,,,161.77445473744814,138,True,False,True,False,success,0.46523231267929077,,,ou_noise,0,1126725,1121726,1121726,25.529380577197973,-100.24667916781661,,,
4347,4346,,,-76.9078920713641,102,False,True,True,False,collision,5.1553955078125,,,ou_noise,0,1126827,1121828,1121828,19.60577121318555,-100.1272502225988,,,
4348,4347,,,143.88104471446843,187,True,False,True,False,success,0.4517883062362671,,,ou_noise,0,1127014,1122015,1122015,22.56375087901233,-100.169714086196,,,
4349,4348,,,170.85983565266577,117,True,False,True,False,success,0.46836650371551514,,,ou_noise,0,1127131,1122132,1122132,26.25842715328575,-100.17379278199286,,,
4350,4349,,,-199.7694792382395,1000,False,False,False,True,cutoff,5.738259792327881,,,ou_noise,0,1128131,1123132,1123132,19.645785477399826,-100.11067029571534,,,
4351,4350,,,165.73586391715554,128,True,False,True,False,success,0.41990339756011963,,,ou_noise,0,1128259,1123260,1123260,18.251932868734002,-100.23726093769073,,,
4352,4351,,,170.27166993864796,114,True,False,True,False,success,0.44641536474227905,,,ou_noise,0,1128373,1123374,1123374,7.415821218699739,-100.22229780230606,,,
4353,4352,,,-114.48507858607654,162,False,True,True,False,collision,7.395301342010498,,,ou_noise,0,1128535,1123536,1123536,15.56010068051609,-100.12616056277429,,,
4354,4353,,,167.71108439349337,125,True,False,True,False,success,0.43891918659210205,,,ou_noise,0,1128660,1123661,1123661,13.921241613388062,-100.1959541015625,,,
4355,4354,,,162.99774959181264,134,True,False,True,False,success,0.41446423530578613,,,ou_noise,0,1128794,1123795,1123795,20.234434926687783,-100.21112954438622,,,
4356,4355,,,165.58028050353994,133,True,False,True,False,success,0.40200579166412354,,,ou_noise,0,1128927,1123928,1123928,16.60530546195525,-100.25295005167337,,,
4357,4356,,,169.54561554849576,120,True,False,True,False,success,0.4090113937854767,,,ou_noise,0,1129047,1124048,1124048,20.58977037767569,-100.19849484761556,,,
4358,4357,,,161.48600047152922,137,True,False,True,False,success,0.457180380821228,,,ou_noise,0,1129184,1124185,1124185,21.362204506449455,-100.20883601947422,,,
4359,4358,,,167.25293440767993,125,True,False,True,False,success,0.43424364924430847,,,ou_noise,0,1129309,1124310,1124310,15.398507927894592,-100.17998254394531,,,
4360,4359,,,167.00545131751448,125,True,False,True,False,success,0.4993640184402466,,,ou_noise,0,1129434,1124435,1124435,16.52359671974182,-100.06752429199219,,,
4361,4360,,,164.08875133446787,140,True,False,True,False,success,0.4827662408351898,,,ou_noise,0,1129574,1124575,1124575,16.31299156631742,-100.25736400059291,,,
4362,4361,,,166.85096315083229,124,True,False,True,False,success,0.4680430293083191,,,ou_noise,0,1129698,1124699,1124699,18.86976721306001,-100.27044327028337,,,
4363,4362,,,158.37075742572515,148,True,False,True,False,success,0.49286308884620667,,,ou_noise,0,1129846,1124847,1124847,19.718958362534238,-100.29988938408928,,,
4364,4363,,,158.68628604841263,146,True,False,True,False,success,0.48006874322891235,,,ou_noise,0,1129992,1124993,1124993,19.235960557036204,-100.05506222868618,,,
4365,4364,,,166.02435675661167,131,True,False,True,False,success,0.4393795132637024,,,ou_noise,0,1130123,1125124,1125124,9.572516544174603,-100.3647421334536,,,
4366,4365,,,160.73196096317548,145,True,False,True,False,success,0.4354960322380066,,,ou_noise,0,1130268,1125269,1125269,15.272788998998445,-100.14026662892309,,,
4367,4366,,,-112.61509440677926,175,False,True,True,False,collision,6.2039079666137695,,,ou_noise,0,1130443,1125444,1125444,20.652684852055142,-100.24039672851562,,,
4368,4367,,,162.04012401396182,141,True,False,True,False,success,0.47089794278144836,,,ou_noise,0,1130584,1125585,1125585,14.515211637138474,-100.19453895514738,,,
4369,4368,,,-63.717414853176834,65,False,True,True,False,collision,4.855621814727783,,,ou_noise,0,1130649,1125650,1125650,12.64631785429441,-100.15898965688852,,,
4370,4369,,,168.4900051885043,122,True,False,True,False,success,0.43195196986198425,,,ou_noise,0,1130771,1125772,1125772,15.556985559033565,-100.20817916119685,,,
4371,4370,,,168.30742891515195,123,True,False,True,False,success,0.4454769790172577,,,ou_noise,0,1130894,1125895,1125895,16.594338865784124,-100.17036016200616,,,
4372,4371,,,160.0690393239276,147,True,False,True,False,success,0.44940006732940674,,,ou_noise,0,1131041,1126042,1126042,16.426186510494777,-100.16793423607236,,,
4373,4372,,,172.3725841805511,112,True,False,True,False,success,0.49745649099349976,,,ou_noise,0,1131153,1126154,1126154,19.05309229131256,-100.05117314202445,,,
4374,4373,,,171.50176430203857,118,True,False,True,False,success,0.49854087829589844,,,ou_noise,0,1131271,1126272,1126272,10.637328235779778,-100.15073452965687,,,
4375,4374,,,164.1033810949541,134,True,False,True,False,success,0.4385257959365845,,,ou_noise,0,1131405,1126406,1126406,21.725489004334406,-100.14766266096883,,,
4376,4375,,,169.54100225786993,120,True,False,True,False,success,0.4254496097564697,,,ou_noise,0,1131525,1126526,1126526,22.63810968399048,-100.13884150187174,,,
4377,4376,,,171.71881202150294,110,True,False,True,False,success,0.46000614762306213,,,ou_noise,0,1131635,1126636,1126636,16.36677848859267,-100.16573749889027,,,
4378,4377,,,168.30830788755608,117,True,False,True,False,success,0.4590676724910736,,,ou_noise,0,1131752,1126753,1126753,20.418342948978783,-100.24381223499266,,,
4379,4378,,,162.34756757976015,132,True,False,True,False,success,0.4254028797149658,,,ou_noise,0,1131884,1126885,1126885,12.977861170515869,-100.13004216280851,,,
4380,4379,,,165.36555262248203,127,True,False,True,False,success,0.4775053560733795,,,ou_noise,0,1132011,1127012,1127012,16.129380938575025,-100.07270650788556,,,
4381,4380,,,160.30407912705562,145,True,False,True,False,success,0.4390656054019928,,,ou_noise,0,1132156,1127157,1127157,19.38798086396579,-100.20340386752424,,,
4382,4381,,,161.80436693475139,131,True,False,True,False,success,0.45794421434402466,,,ou_noise,0,1132287,1127288,1127288,21.759374242702513,-100.14314456386421,,,
4383,4382,,,-98.10336820357159,60,False,True,True,False,collision,8.250551223754883,,,ou_noise,0,1132347,1127348,1127348,6.825347735484441,-100.1400370279948,,,
4384,4383,,,111.26759955431325,324,True,False,True,False,success,0.41369616985321045,,,ou_noise,0,1132671,1127672,1127672,17.48119224221618,-100.04699716450256,,,
4385,4384,,,169.04710403424556,122,True,False,True,False,success,0.4299587905406952,,,ou_noise,0,1132793,1127794,1127794,20.878492851726346,-100.1025520074563,,,
4386,4385,,,170.51331621858128,117,True,False,True,False,success,0.4697599709033966,,,ou_noise,0,1132910,1127911,1127911,14.748118912052904,-100.0601342356103,,,
4387,4386,,,172.30141725309727,108,True,False,True,False,success,0.49632200598716736,,,ou_noise,0,1133018,1128019,1128019,20.432610720396042,-100.02977222866483,,,
4388,4387,,,159.61602850291982,143,True,False,True,False,success,0.42539700865745544,,,ou_noise,0,1133161,1128162,1128162,19.30934862156848,-100.06277636548022,,,
4389,4388,,,158.395885411493,140,True,False,True,False,success,0.4230423867702484,,,ou_noise,0,1133301,1128302,1128302,16.82637965594019,-100.14389190673828,,,
4390,4389,,,161.72132284970954,144,True,False,True,False,success,0.4536221921443939,,,ou_noise,0,1133445,1128446,1128446,24.670153452290428,-100.04211849636502,,,
4391,4390,,,-177.05732178322606,389,False,True,True,False,collision,3.3102269172668457,,,ou_noise,0,1133834,1128835,1128835,18.110828148368697,-100.07510736852808,,,
4392,4391,,,166.34193171583493,122,True,False,True,False,success,0.4504960775375366,,,ou_noise,0,1133956,1128957,1128957,16.5541072057896,-100.01805983996782,,,
4393,4392,,,170.3021671896514,117,True,False,True,False,success,0.49149319529533386,,,ou_noise,0,1134073,1129074,1129074,21.78181701643854,-100.04004916981754,,,
4394,4393,,,164.34427588137012,125,True,False,True,False,success,0.4995568096637726,,,ou_noise,0,1134198,1129199,1129199,18.794470999717714,-100.0703724975586,,,
4395,4394,,,170.11748371455445,121,True,False,True,False,success,0.44127368927001953,,,ou_noise,0,1134319,1129320,1129320,23.931601509575017,-99.89539368684626,,,
4396,4395,,,171.60096337313257,117,True,False,True,False,success,0.45911267399787903,,,ou_noise,0,1134436,1129437,1129437,22.993609564936058,-100.03425682915582,,,
4397,4396,,,161.87708941936904,154,True,False,True,False,success,0.4477165639400482,,,ou_noise,0,1134590,1129591,1129591,20.30416615907248,-100.02137890109768,,,
4398,4397,,,160.16238398196913,138,True,False,True,False,success,0.45079752802848816,,,ou_noise,0,1134728,1129729,1129729,19.940571683040563,-100.05455973528433,,,
4399,4398,,,165.6648932461759,127,True,False,True,False,success,0.4719725549221039,,,ou_noise,0,1134855,1129856,1129856,20.530332163562925,-100.09315929262657,,,
4400,4399,,,164.92089077869142,130,True,False,True,False,success,0.44733986258506775,,,ou_noise,0,1134985,1129986,1129986,15.96154292363387,-99.96859213022086,,,
4401,4400,,,168.97267885523024,124,True,False,True,False,success,0.45771780610084534,,,ou_noise,0,1135109,1130110,1130110,23.62681373377,-99.9552379731209,,,
4402,4401,,,162.85742426263678,127,True,False,True,False,success,0.49793002009391785,,,ou_noise,0,1135236,1130237,1130237,20.715375867415602,-99.9245805515079,,,
4403,4402,,,-91.42608603214126,53,False,True,True,False,collision,7.937769412994385,,,ou_noise,0,1135289,1130290,1130290,23.624077185144966,-100.02442039633696,,,
4404,4403,,,170.64179017062588,115,True,False,True,False,success,0.4856337010860443,,,ou_noise,0,1135404,1130405,1130405,15.925708804959836,-99.93469284721043,,,
4405,4404,,,160.64340264224367,141,True,False,True,False,success,0.4125846326351166,,,ou_noise,0,1135545,1130546,1130546,20.598629590467358,-100.00464332526457,,,
4406,4405,,,-106.54188232880757,30,False,True,True,False,collision,10.053783416748047,,,ou_noise,0,1135575,1130576,1130576,19.692381834983827,-99.78362579345703,,,
4407,4406,,,162.87126276078837,140,True,False,True,False,success,0.41695287823677063,,,ou_noise,0,1135715,1130716,1130716,17.11717958535467,-99.89061404636928,,,
4408,4407,,,162.2909583394778,142,True,False,True,False,success,0.44037431478500366,,,ou_noise,0,1135857,1130858,1130858,23.750777286542974,-99.87435177010549,,,
4409,4408,,,166.63971372367195,135,True,False,True,False,success,0.4210452437400818,,,ou_noise,0,1135992,1130993,1130993,18.652468116195113,-99.91839384856047,,,
4410,4409,,,171.03241207634372,114,True,False,True,False,success,0.49445515871047974,,,ou_noise,0,1136106,1131107,1131107,28.996223155866588,-99.89102996023078,,,
4411,4410,,,166.5394011279811,132,True,False,True,False,success,0.49095970392227173,,,ou_noise,0,1136238,1131239,1131239,17.971940533681348,-100.05967741301565,,,
4412,4411,,,168.28590105905562,120,True,False,True,False,success,0.4888152480125427,,,ou_noise,0,1136358,1131359,1131359,18.719066893061,-99.98487599690755,,,
4413,4412,,,162.64110670223855,138,True,False,True,False,success,0.43302756547927856,,,ou_noise,0,1136496,1131497,1131497,13.917656905409219,-99.8528362771739,,,
4414,4413,,,163.91381798307344,131,True,False,True,False,success,0.4178757071495056,,,ou_noise,0,1136627,1131628,1131628,14.632336695685641,-100.03340137277851,,,
4415,4414,,,167.50429770604728,129,True,False,True,False,success,0.42123866081237793,,,ou_noise,0,1136756,1131757,1131757,24.234543882599173,-99.82649018043695,,,
4416,4415,,,166.29357405063854,123,True,False,True,False,success,0.466535747051239,,,ou_noise,0,1136879,1131880,1131880,22.156157444163068,-99.97632425199679,,,
4417,4416,,,169.23844623812298,119,True,False,True,False,success,0.44228318333625793,,,ou_noise,0,1136998,1131999,1131999,17.545090381838694,-100.12888387471688,,,
4418,4417,,,166.96811334042076,127,True,False,True,False,success,0.4220438599586487,,,ou_noise,0,1137125,1132126,1132126,19.25569336902438,-99.83181552436407,,,
4419,4418,,,165.50181622726865,131,True,False,True,False,success,0.4210518002510071,,,ou_noise,0,1137256,1132257,1132257,21.11593126158678,-100.01497952992679,,,
4420,4419,,,169.32453184052903,117,True,False,True,False,success,0.47098129987716675,,,ou_noise,0,1137373,1132374,1132374,16.018809791304108,-99.94041794996996,,,
4421,4420,,,167.52728525490934,125,True,False,True,False,success,0.4972726106643677,,,ou_noise,0,1137498,1132499,1132499,23.440652031898498,-99.96376458740234,,,
4422,4421,,,167.55221359163238,122,True,False,True,False,success,0.42670366168022156,,,ou_noise,0,1137620,1132621,1132621,26.388710780221906,-99.93598644068983,,,
4423,4422,,,164.24288763871368,131,True,False,True,False,success,0.46053072810173035,,,ou_noise,0,1137751,1132752,1132752,18.796695764738185,-100.05064077595718,,,
4424,4423,,,169.30537897033264,121,True,False,True,False,success,0.49058693647384644,,,ou_noise,0,1137872,1132873,1132873,20.134097589934168,-100.00074515855017,,,
4425,4424,,,165.92603803722716,126,True,False,True,False,success,0.4840964078903198,,,ou_noise,0,1137998,1132999,1132999,28.77061769318959,-99.92857633318219,,,
4426,4425,,,167.50992885795978,127,True,False,True,False,success,0.41274315118789673,,,ou_noise,0,1138125,1133126,1133126,22.752944883399124,-99.90465900090736,,,
4427,4426,,,159.17007702973265,150,True,False,True,False,success,0.4914679527282715,,,ou_noise,0,1138275,1133276,1133276,15.99749172925949,-99.96130259195964,,,
4428,4427,,,161.92245796821305,135,True,False,True,False,success,0.4389421045780182,,,ou_noise,0,1138410,1133411,1133411,20.331109891997443,-99.98496664541739,,,
4429,4428,,,165.0183730625708,136,True,False,True,False,success,0.411694198846817,,,ou_noise,0,1138546,1133547,1133547,24.321144884123523,-99.77218958910774,,,
4430,4429,,,136.01373882752154,259,True,False,True,False,success,0.44496244192123413,,,ou_noise,0,1138805,1133806,1133806,21.16390208387927,-99.905654288627,,,
4431,4430,,,165.1439784922385,129,True,False,True,False,success,0.44370514154434204,,,ou_noise,0,1138934,1133935,1133935,21.01980763627577,-99.90916496099427,,,
4432,4431,,,165.79778248122665,138,True,False,True,False,success,0.409204363822937,,,ou_noise,0,1139072,1134073,1134073,24.400083589381065,-99.92656757520592,,,
4433,4432,,,163.9090525679626,143,True,False,True,False,success,0.48287197947502136,,,ou_noise,0,1139215,1134216,1134216,24.128294986444754,-100.03545459667286,,,
4434,4433,,,-265.3124943238794,729,False,True,True,False,collision,3.57205867767334,,,ou_noise,0,1139944,1134945,1134945,23.82168661207165,-99.89648961824645,,,
4435,4434,,,163.73463235772235,136,True,False,True,False,success,0.4953326880931854,,,ou_noise,0,1140080,1135081,1135081,18.350645440466263,-99.98957600313075,,,
4436,4435,,,-56.54793989597283,126,False,True,True,False,collision,2.9188082218170166,,,ou_noise,0,1140206,1135207,1135207,15.030573320767235,-99.9811642964681,,,
4437,4436,,,35.47090942221675,725,True,False,True,False,success,0.44478821754455566,,,ou_noise,0,1140931,1135932,1135932,17.731769694788703,-99.81890507139009,,,
4438,4437,,,166.96666441153593,121,True,False,True,False,success,0.4966869652271271,,,ou_noise,0,1141052,1136053,1136053,18.24434714474954,-100.06358217601934,,,
4439,4438,,,152.4676601650433,193,True,False,True,False,success,0.43354418873786926,,,ou_noise,0,1141245,1136246,1136246,19.21788913783632,-100.00669121618715,,,
4440,4439,,,-104.28495949204022,80,False,True,True,False,collision,8.07442569732666,,,ou_noise,0,1141325,1136326,1136326,20.611119316518305,-99.80958166122437,,,
4441,4440,,,-96.56115178476864,59,False,True,True,False,collision,8.085424423217773,,,ou_noise,0,1141384,1136385,1136385,23.36644753763231,-99.921450728077,,,
4442,4441,,,164.91118493375296,131,True,False,True,False,success,0.4103544354438782,,,ou_noise,0,1141515,1136516,1136516,17.744273037400866,-99.87718090028254,,,
4443,4442,,,167.89837485927566,121,True,False,True,False,success,0.4567325711250305,,,ou_noise,0,1141636,1136637,1136637,17.7584928747051,-99.81313355501032,,,
4444,4443,,,170.7656589462054,118,True,False,True,False,success,0.43797245621681213,,,ou_noise,0,1141754,1136755,1136755,21.466788332341082,-99.80988971257614,,,
4445,4444,,,169.68818204021122,122,True,False,True,False,success,0.4464152455329895,,,ou_noise,0,1141876,1136877,1136877,16.707625607975192,-99.86857717545305,,,
4446,4445,,,170.94867159986154,111,True,False,True,False,success,0.48312437534332275,,,ou_noise,0,1141987,1136988,1136988,25.999463478724163,-99.83236385036159,,,
4447,4446,,,170.6484476661293,117,True,False,True,False,success,0.43226075172424316,,,ou_noise,0,1142104,1137105,1137105,17.801845488385258,-100.11727396647136,,,
4448,4447,,,160.2874784975983,133,True,False,True,False,success,0.46390101313591003,,,ou_noise,0,1142237,1137238,1137238,29.004590721058666,-99.85630792603457,,,
4449,4448,,,162.64718630778606,139,True,False,True,False,success,0.4377020001411438,,,ou_noise,0,1142376,1137377,1137377,20.19402313318184,-99.85497261980454,,,
4450,4449,,,158.3990949677982,150,True,False,True,False,success,0.4097960591316223,,,ou_noise,0,1142526,1137527,1137527,22.0320130332311,-100.06163803100586,,,
4451,4450,,,162.18792979705302,131,True,False,True,False,success,0.4220777750015259,,,ou_noise,0,1142657,1137658,1137658,18.474094574688046,-100.08145054242082,,,
4452,4451,,,164.47596615105368,134,True,False,True,False,success,0.4949670732021332,,,ou_noise,0,1142791,1137792,1137792,19.010475556352244,-99.96448511152126,,,
4453,4452,,,164.67639453599045,136,True,False,True,False,success,0.40899360179901123,,,ou_noise,0,1142927,1137928,1137928,16.402492961462805,-99.88788391562069,,,
4454,4453,,,170.735335102438,116,True,False,True,False,success,0.4293932020664215,,,ou_noise,0,1143043,1138044,1138044,24.32089590204173,-100.05991777880439,,,
4455,4454,,,164.43903039545285,134,True,False,True,False,success,0.40748330950737,,,ou_noise,0,1143177,1138178,1138178,21.1833791688307,-99.89383948027198,,,
4456,4455,,,163.73789920751375,139,True,False,True,False,success,0.4526498019695282,,,ou_noise,0,1143316,1138317,1138317,20.404213568289503,-100.13996629234698,,,
4457,4456,,,170.75013474148804,121,True,False,True,False,success,0.41035202145576477,,,ou_noise,0,1143437,1138438,1138438,20.239355327669255,-100.07251178331612,,,
4458,4457,,,164.49127739673128,137,True,False,True,False,success,0.47507837414741516,,,ou_noise,0,1143574,1138575,1138575,18.835125950131104,-99.97885026026816,,,
4459,4458,,,-87.77110449623879,36,False,True,True,False,collision,8.093579292297363,,,ou_noise,0,1143610,1138611,1138611,17.926335447364384,-100.14790386623807,,,
4460,4459,,,164.9166246006593,133,True,False,True,False,success,0.4321484863758087,,,ou_noise,0,1143743,1138744,1138744,18.478613200044272,-99.91491653327655,,,
4461,4460,,,161.5017262093336,141,True,False,True,False,success,0.43019843101501465,,,ou_noise,0,1143884,1138885,1138885,23.06251446321501,-99.99563041308248,,,
4462,4461,,,168.86551141188104,122,True,False,True,False,success,0.43895432353019714,,,ou_noise,0,1144006,1139007,1139007,21.310697343505797,-100.03523041772061,,,
4463,4462,,,167.77072396825054,128,True,False,True,False,success,0.41654226183891296,,,ou_noise,0,1144134,1139135,1139135,21.00708870589733,-99.95112651586533,,,
4464,4463,,,171.65098441313128,111,True,False,True,False,success,0.4740877151489258,,,ou_noise,0,1144245,1139246,1139246,17.207464321239573,-99.93131510416667,,,
4465,4464,,,165.66751573221785,126,True,False,True,False,success,0.48273855447769165,,,ou_noise,0,1144371,1139372,1139372,11.635799839383079,-100.16261769854833,,,
4466,4465,,,168.16869126077037,126,True,False,True,False,success,0.40618908405303955,,,ou_noise,0,1144497,1139498,1139498,17.087269142506614,-99.93863242013114,,,
4467,4466,,,164.17030356418053,129,True,False,True,False,success,0.4865567088127136,,,ou_noise,0,1144626,1139627,1139627,13.420616600864617,-100.11171935325446,,,
4468,4467,,,169.75271812296853,123,True,False,True,False,success,0.4348658621311188,,,ou_noise,0,1144749,1139750,1139750,21.724181152940766,-100.08920864942597,,,
4469,4468,,,-108.04409354261583,173,False,True,True,False,collision,6.2253522872924805,,,ou_noise,0,1144922,1139923,1139923,13.429092265967,-100.02090410001016,,,
4470,4469,,,165.88341367493086,135,True,False,True,False,success,0.4881080090999603,,,ou_noise,0,1145057,1140058,1140058,14.195703439359312,-100.04261791087963,,,
4471,4470,,,169.78638736003944,120,True,False,True,False,success,0.48475250601768494,,,ou_noise,0,1145177,1140178,1140178,16.013872826099394,-100.15999825795491,,,
4472,4471,,,161.96470736564493,141,True,False,True,False,success,0.4533781111240387,,,ou_noise,0,1145318,1140319,1140319,26.93047115227855,-100.10211013902163,,,
4473,4472,,,166.20078502423442,129,True,False,True,False,success,0.40228134393692017,,,ou_noise,0,1145447,1140448,1140448,16.330875741418943,-100.15471572284551,,,
4474,4473,,,168.07095585745793,127,True,False,True,False,success,0.4091269373893738,,,ou_noise,0,1145574,1140575,1140575,14.328829331660835,-100.0899957371509,,,
4475,4474,,,166.28242656328774,126,True,False,True,False,success,0.4863148331642151,,,ou_noise,0,1145700,1140701,1140701,17.793017440372044,-100.05684462047759,,,
4476,4475,,,168.80518235920078,126,True,False,True,False,success,0.43102675676345825,,,ou_noise,0,1145826,1140827,1140827,18.877081632614136,-100.10021766783699,,,
4477,4476,,,160.30121745772587,146,True,False,True,False,success,0.49993136525154114,,,ou_noise,0,1145972,1140973,1140973,12.476353971108999,-100.16991084895722,,,
4478,4477,,,-179.47763473647828,404,False,True,True,False,collision,5.0709309577941895,,,ou_noise,0,1146376,1141377,1141377,22.894739681246257,-100.07052466892961,,,
4479,4478,,,-91.14521958949707,31,False,True,True,False,collision,8.565422058105469,,,ou_noise,0,1146407,1141408,1141408,25.72802221775055,-99.69388974097467,,,
4480,4479,,,163.62254717518982,133,True,False,True,False,success,0.42683205008506775,,,ou_noise,0,1146540,1141541,1141541,18.22681994993884,-100.01816134345263,,,
4481,4480,,,172.16118434517148,113,True,False,True,False,success,0.4876581132411957,,,ou_noise,0,1146653,1141654,1141654,29.927886378448623,-100.05835609098452,,,
4482,4481,,,166.1312562032869,127,True,False,True,False,success,0.46358343958854675,,,ou_noise,0,1146780,1141781,1141781,24.290154758400803,-100.10227894219827,,,
4483,4482,,,167.2294223110859,122,True,False,True,False,success,0.49436154961586,,,ou_noise,0,1146902,1141903,1141903,28.99028574052404,-99.91170414158556,,,
4484,4483,,,165.2124837764772,133,True,False,True,False,success,0.4244685173034668,,,ou_noise,0,1147035,1142036,1142036,22.571120065854007,-100.07769167333618,,,
4485,4484,,,-106.14946600400697,88,False,True,True,False,collision,8.159917831420898,,,ou_noise,0,1147123,1142124,1142124,21.912562803788617,-100.09382690082897,,,
4486,4485,,,163.16019173282618,136,True,False,True,False,success,0.46437883377075195,,,ou_noise,0,1147259,1142260,1142260,25.45871321594014,-100.0490862902473,,,
4487,4486,,,-267.67615365128364,1000,False,False,False,True,cutoff,7.028140544891357,,,ou_noise,0,1148259,1143260,1143260,21.075095275521278,-100.01572625732422,,,
4488,4487,,,168.9683390342487,118,True,False,True,False,success,0.4706679582595825,,,ou_noise,0,1148377,1143378,1143378,19.290626774399968,-100.14452918101165,,,
4489,4488,,,167.5655121906342,121,True,False,True,False,success,0.46501773595809937,,,ou_noise,0,1148498,1143499,1143499,27.809026919120598,-99.95841122461745,,,
4490,4489,,,165.69010462151232,130,True,False,True,False,success,0.47604796290397644,,,ou_noise,0,1148628,1143629,1143629,18.435813966164222,-99.95772781372071,,,
4491,4490,,,163.0661666536093,131,True,False,True,False,success,0.43601182103157043,,,ou_noise,0,1148759,1143760,1143760,17.000938511986767,-100.09242201943434,,,
4492,4491,,,164.30600156688598,135,True,False,True,False,success,0.47712692618370056,,,ou_noise,0,1148894,1143895,1143895,21.75329592934361,-100.08128826000072,,,
4493,4492,,,168.74401827223255,120,True,False,True,False,success,0.437201589345932,,,ou_noise,0,1149014,1144015,1144015,18.04227642317613,-100.1164623896281,,,
4494,4493,,,167.83751830130586,122,True,False,True,False,success,0.4113941490650177,,,ou_noise,0,1149136,1144137,1144137,25.88627378666987,-100.13863547903593,,,
4495,4494,,,171.31845742464833,116,True,False,True,False,success,0.43261250853538513,,,ou_noise,0,1149252,1144253,1144253,15.184517116382205,-100.08100443872912,,,
4496,4495,,,165.27175578710774,137,True,False,True,False,success,0.4878441095352173,,,ou_noise,0,1149389,1144390,1144390,23.92234365261384,-100.15784309554275,,,
4497,4496,,,167.12298933211915,129,True,False,True,False,success,0.44315263628959656,,,ou_noise,0,1149518,1144519,1144519,19.07998994893806,-100.18368701786957,,,
4498,4497,,,169.1139951615661,120,True,False,True,False,success,0.4948073625564575,,,ou_noise,0,1149638,1144639,1144639,24.159488968054454,-100.17093022664388,,,
4499,4498,,,169.93750559938843,121,True,False,True,False,success,0.46941959857940674,,,ou_noise,0,1149759,1144760,1144760,24.631211962581666,-100.19019809439163,,,
4500,4499,,,168.97929859043586,125,True,False,True,False,success,0.46421563625335693,,,ou_noise,0,1149884,1144885,1144885,19.073034234046936,-100.2255659790039,,,
4501,4500,,,168.24610444486416,125,True,False,True,False,success,0.43319377303123474,,,ou_noise,0,1150009,1145010,1145010,15.576978592872619,-100.18649151611328,,,
4502,4501,,,164.83701623069578,133,True,False,True,False,success,0.43782129883766174,,,ou_noise,0,1150142,1145143,1145143,25.153381035740214,-100.25597117718002,,,
4503,4502,,,167.09578642471394,128,True,False,True,False,success,0.461845338344574,,,ou_noise,0,1150270,1145271,1145271,23.455049498938024,-100.22598248720169,,,
4504,4503,,,157.42509947978812,153,True,False,True,False,success,0.4888874292373657,,,ou_noise,0,1150423,1145424,1145424,19.099459133896172,-100.4065344816719,,,
4505,4504,,,163.59900121387474,140,True,False,True,False,success,0.4307490587234497,,,ou_noise,0,1150563,1145564,1145564,14.205511847564152,-100.34312422616141,,,
4506,4505,,,162.771223053131,137,True,False,True,False,success,0.4102979004383087,,,ou_noise,0,1150700,1145701,1145701,12.884215243541412,-100.31876356584313,,,
4507,4506,,,-110.64073777772767,114,False,True,True,False,collision,7.637225151062012,,,ou_noise,0,1150814,1145815,1145815,24.969643826024573,-100.33243199398643,,,
4508,4507,,,-97.68263497514752,69,False,True,True,False,collision,7.892114639282227,,,ou_noise,0,1150883,1145884,1145884,23.25759149979854,-100.29654538804206,,,
4509,4508,,,160.03870388518175,144,True,False,True,False,success,0.4905630648136139,,,ou_noise,0,1151027,1146028,1146028,21.929087498949634,-100.27484840816922,,,
4510,4509,,,165.90693911722772,123,True,False,True,False,success,0.4850171208381653,,,ou_noise,0,1151150,1146151,1146151,19.785465209464718,-100.44663939437245,,,
4511,4510,,,168.3917120640743,128,True,False,True,False,success,0.4812404215335846,,,ou_noise,0,1151278,1146279,1146279,17.544791793450713,-100.3881738781929,,,
4512,4511,,,162.04030507759614,144,True,False,True,False,success,0.4036249816417694,,,ou_noise,0,1151422,1146423,1146423,19.007207283543217,-100.36256456375122,,,
4513,4512,,,169.42697897705068,126,True,False,True,False,success,0.4621858298778534,,,ou_noise,0,1151548,1146549,1146549,21.708488273242164,-100.34853163219634,,,
4514,4513,,,167.90313382890335,126,True,False,True,False,success,0.41468894481658936,,,ou_noise,0,1151674,1146675,1146675,17.138474666883074,-100.29364594959077,,,
4515,4514,,,167.49619473351476,123,True,False,True,False,success,0.49973762035369873,,,ou_noise,0,1151797,1146798,1146798,18.94006305496867,-100.26818066108518,,,
4516,4515,,,171.28466525920294,116,True,False,True,False,success,0.4270799458026886,,,ou_noise,0,1151913,1146914,1146914,20.475732917415684,-100.32299923074656,,,
4517,4516,,,165.0868216916774,132,True,False,True,False,success,0.402553915977478,,,ou_noise,0,1152045,1147046,1147046,15.52949526093223,-100.32424805381082,,,
4518,4517,,,167.32563345838008,122,True,False,True,False,success,0.4762836992740631,,,ou_noise,0,1152167,1147168,1147168,17.29239676819473,-100.13186539196577,,,
4519,4518,,,167.88421804634064,122,True,False,True,False,success,0.47864821553230286,,,ou_noise,0,1152289,1147290,1147290,17.63160989128175,-100.4613199703029,,,
4520,4519,,,168.3550755109404,121,True,False,True,False,success,0.464821457862854,,,ou_noise,0,1152410,1147411,1147411,19.876198010996355,-100.20752381884363,,,
4521,4520,,,166.54045493799003,127,True,False,True,False,success,0.4751926362514496,,,ou_noise,0,1152537,1147538,1147538,15.350932749237602,-100.19955474372924,,,
4522,4521,,,163.93143142393956,136,True,False,True,False,success,0.4127047657966614,,,ou_noise,0,1152673,1147674,1147674,16.2538801501779,-100.36772486742805,,,
4523,4522,,,171.43438083386974,113,True,False,True,False,success,0.47854864597320557,,,ou_noise,0,1152786,1147787,1147787,14.354766181084962,-100.29759013758296,,,
4524,4523,,,-66.70810600334752,76,False,True,True,False,collision,4.995834827423096,,,ou_noise,0,1152862,1147863,1147863,15.745905802438134,-100.2835060922723,,,
4525,4524,,,170.27701380051514,118,True,False,True,False,success,0.4883308708667755,,,ou_noise,0,1152980,1147981,1147981,24.597914281537978,-100.36311864044707,,,
4526,4525,,,-90.98784798167564,48,False,True,True,False,collision,8.039554595947266,,,ou_noise,0,1153028,1148029,1148029,12.511892462770144,-100.2603276570638,,,
4527,4526,,,163.37372500652407,137,True,False,True,False,success,0.48266714811325073,,,ou_noise,0,1153165,1148166,1148166,21.189495091890766,-100.29339694280694,,,
4528,4527,,,165.8864868258046,125,True,False,True,False,success,0.4775277078151703,,,ou_noise,0,1153290,1148291,1148291,27.171334743499756,-100.32498736572266,,,
4529,4528,,,168.059086319628,129,True,False,True,False,success,0.49814891815185547,,,ou_noise,0,1153419,1148420,1148420,24.981665631597355,-100.21793253107589,,,
4530,4529,,,168.97811386957466,118,True,False,True,False,success,0.4911968410015106,,,ou_noise,0,1153537,1148538,1148538,15.074700117111206,-100.42066987894349,,,
4531,4530,,,160.60077401316403,142,True,False,True,False,success,0.4397061765193939,,,ou_noise,0,1153679,1148680,1148680,21.398667201189927,-100.28099790761169,,,
4532,4531,,,-91.13159491205386,37,False,True,True,False,collision,8.36428165435791,,,ou_noise,0,1153716,1148717,1148717,21.508609484981847,-100.34068339579814,,,
4533,4532,,,162.7529625964717,136,True,False,True,False,success,0.42698153853416443,,,ou_noise,0,1153852,1148853,1148853,18.87797306215062,-100.34359107298009,,,
4534,4533,,,164.64990511790208,132,True,False,True,False,success,0.4550115466117859,,,ou_noise,0,1153984,1148985,1148985,24.35152890194546,-100.33406673778187,,,
4535,4534,,,165.49362327647583,128,True,False,True,False,success,0.4898686408996582,,,ou_noise,0,1154112,1149113,1149113,16.361624418757856,-100.2836441397667,,,
4536,4535,,,162.08708392198508,131,True,False,True,False,success,0.47874611616134644,,,ou_noise,0,1154243,1149244,1149244,25.219920993761253,-100.39208565049499,,,
4537,4536,,,170.3960002390859,115,True,False,True,False,success,0.4412165582180023,,,ou_noise,0,1154358,1149359,1149359,13.951881194114685,-100.31060446034307,,,
4538,4537,,,-98.14056607616513,61,False,True,True,False,collision,8.092437744140625,,,ou_noise,0,1154419,1149420,1149420,23.89209143451003,-100.48647258320793,,,
4539,4538,,,162.31621220027856,135,True,False,True,False,success,0.4189443588256836,,,ou_noise,0,1154554,1149555,1149555,28.185214611336036,-100.39897777416088,,,
4540,4539,,,166.06734904134234,126,True,False,True,False,success,0.42261311411857605,,,ou_noise,0,1154680,1149681,1149681,21.837894112344774,-100.45380831521655,,,
4541,4540,,,165.32935478849092,133,True,False,True,False,success,0.42432403564453125,,,ou_noise,0,1154813,1149814,1149814,12.640224990091825,-100.41074755675811,,,
4542,4541,,,166.05960976715022,130,True,False,True,False,success,0.4184151589870453,,,ou_noise,0,1154943,1149944,1149944,23.041627791294683,-100.43502643291767,,,
4543,4542,,,166.78343892694977,116,True,False,True,False,success,0.4568158686161041,,,ou_noise,0,1155059,1150060,1150060,18.776334720438925,-100.45527800198259,,,
4544,4543,,,167.93621751987266,122,True,False,True,False,success,0.4381294250488281,,,ou_noise,0,1155181,1150182,1150182,20.153963260963316,-100.4174958526111,,,
4545,4544,,,165.96662769283495,125,True,False,True,False,success,0.44412919878959656,,,ou_noise,0,1155306,1150307,1150307,20.454639231681824,-100.36357641601562,,,
4546,4545,,,172.53958658273302,112,True,False,True,False,success,0.48998016119003296,,,ou_noise,0,1155418,1150419,1150419,21.59491010968174,-100.51952477863857,,,
4547,4546,,,162.86439116245236,140,True,False,True,False,success,0.45115914940834045,,,ou_noise,0,1155558,1150559,1150559,22.016023981571198,-100.33051599775042,,,
4548,4547,,,-95.6656833087581,61,False,True,True,False,collision,7.829816818237305,,,ou_noise,0,1155619,1150620,1150620,11.874750061113327,-100.60378215352043,,,
4549,4548,,,165.90630895868813,122,True,False,True,False,success,0.4936889708042145,,,ou_noise,0,1155741,1150742,1150742,18.49343008291526,-100.62205461595879,,,
4550,4549,,,163.13697573664706,135,True,False,True,False,success,0.486745685338974,,,ou_noise,0,1155876,1150877,1150877,17.668362896530716,-100.45959681758174,,,
4551,4550,,,167.1798531100664,123,True,False,True,False,success,0.4679996967315674,,,ou_noise,0,1155999,1151000,1151000,18.055464389847547,-100.57679984240028,,,
4552,4551,,,168.41421310904445,129,True,False,True,False,success,0.4466603994369507,,,ou_noise,0,1156128,1151129,1151129,26.413451035817463,-100.41374857111495,,,
4553,4552,,,168.8267823295563,121,True,False,True,False,success,0.45442888140678406,,,ou_noise,0,1156249,1151250,1151250,29.146208640957667,-100.30925706595428,,,
4554,4553,,,166.4108655555869,128,True,False,True,False,success,0.46935099363327026,,,ou_noise,0,1156377,1151378,1151378,25.808080721646547,-100.4405887722969,,,
4555,4554,,,-94.77179377421002,48,False,True,True,False,collision,8.329044342041016,,,ou_noise,0,1156425,1151426,1151426,16.32874010503292,-100.52874088287354,,,
4556,4555,,,-176.74573655389017,1000,False,False,False,True,cutoff,6.6797194480896,,,ou_noise,0,1157425,1152426,1152426,17.824814484357834,-100.50195306396485,,,
4557,4556,,,-93.43816886327147,41,False,True,True,False,collision,8.438384056091309,,,ou_noise,0,1157466,1152467,1152467,20.209899364448177,-100.53182425150057,,,
4558,4557,,,171.76160868561834,113,True,False,True,False,success,0.47323739528656006,,,ou_noise,0,1157579,1152580,1152580,19.754990689522398,-100.63616241185011,,,
4559,4558,,,169.28968756679353,126,True,False,True,False,success,0.44721999764442444,,,ou_noise,0,1157705,1152706,1152706,16.717388946858662,-100.55530172681051,,,
4560,4559,,,159.23614117594346,149,True,False,True,False,success,0.4600284993648529,,,ou_noise,0,1157854,1152855,1152855,15.450512362006526,-100.60181662540307,,,
4561,4560,,,167.47074435216916,124,True,False,True,False,success,0.4107903242111206,,,ou_noise,0,1157978,1152979,1152979,24.659068480614692,-100.71606026926348,,,
4562,4561,,,169.68073040383393,117,True,False,True,False,success,0.44911086559295654,,,ou_noise,0,1158095,1153096,1153096,11.520961083917536,-100.72924596020299,,,
4563,4562,,,171.05824808943743,113,True,False,True,False,success,0.41380059719085693,,,ou_noise,0,1158208,1153209,1153209,20.340394331290657,-100.56012435507985,,,
4564,4563,,,156.75376907408247,152,True,False,True,False,success,0.426778107881546,,,ou_noise,0,1158360,1153361,1153361,20.908687060600833,-100.5898195567884,,,
4565,4564,,,161.70857623136368,136,True,False,True,False,success,0.4309718608856201,,,ou_noise,0,1158496,1153497,1153497,16.76441576989258,-100.65272174162023,,,
4566,4565,,,156.6510242763287,156,True,False,True,False,success,0.4254595935344696,,,ou_noise,0,1158652,1153653,1153653,18.735917380222908,-100.64450004773262,,,
4567,4566,,,-193.32501894948686,1000,False,False,False,True,cutoff,6.023220062255859,,,ou_noise,0,1159652,1154653,1154653,20.052449171423913,-100.60538346099854,,,
4568,4567,,,164.49417422708558,132,True,False,True,False,success,0.4112839996814728,,,ou_noise,0,1159784,1154785,1154785,23.32339017318957,-100.46822836904815,,,
4569,4568,,,168.7609386650318,117,True,False,True,False,success,0.4130055904388428,,,ou_noise,0,1159901,1154902,1154902,31.398079828319386,-100.54356338631393,,,
4570,4569,,,160.89985958522982,164,True,False,True,False,success,0.44398537278175354,,,ou_noise,0,1160065,1155066,1155066,24.52334320981328,-100.49387596874702,,,
4571,4570,,,165.10398532763483,134,True,False,True,False,success,0.4990452229976654,,,ou_noise,0,1160199,1155200,1155200,28.43312849838342,-100.59388169245933,,,
4572,4571,,,164.23157444355573,135,True,False,True,False,success,0.45218175649642944,,,ou_noise,0,1160334,1155335,1155335,25.416304504429853,-100.53729236744068,,,
4573,4572,,,167.00332200359523,123,True,False,True,False,success,0.41436049342155457,,,ou_noise,0,1160457,1155458,1155458,25.54659983685346,-100.64392468212097,,,
4574,4573,,,156.86818840941214,159,True,False,True,False,success,0.44613391160964966,,,ou_noise,0,1160616,1155617,1155617,19.425134313181513,-100.69192821574661,,,
4575,4574,,,-62.70662012759014,88,False,True,True,False,collision,4.459656238555908,,,ou_noise,0,1160704,1155705,1155705,32.64796793189916,-100.74337993968616,,,
4576,4575,,,165.5012146581019,133,True,False,True,False,success,0.4467070698738098,,,ou_noise,0,1160837,1155838,1155838,20.531958154269628,-100.61848834044952,,,
4577,4576,,,159.55215762713746,141,True,False,True,False,success,0.4989805519580841,,,ou_noise,0,1160978,1155979,1155979,19.1749741194096,-100.57064310709636,,,
4578,4577,,,156.56648115428703,150,True,False,True,False,success,0.4913204312324524,,,ou_noise,0,1161128,1156129,1156129,21.670555226008098,-100.51072148640951,,,
4579,4578,,,166.3657747663205,133,True,False,True,False,success,0.4551050066947937,,,ou_noise,0,1161261,1156262,1156262,18.090783592453576,-100.59963817166206,,,
4580,4579,,,-50.957862321621,116,False,True,True,False,collision,2.070457696914673,,,ou_noise,0,1161377,1156378,1156378,26.64840965332656,-100.57065431002913,,,
4581,4580,,,168.70975378596208,122,True,False,True,False,success,0.4370447099208832,,,ou_noise,0,1161499,1156500,1156500,17.53064301072574,-100.69682856075099,,,
4582,4581,,,158.96661702292369,151,True,False,True,False,success,0.444534033536911,,,ou_noise,0,1161650,1156651,1156651,23.016027870557167,-100.53465033524873,,,
4583,4582,,,168.68381646954208,121,True,False,True,False,success,0.47471943497657776,,,ou_noise,0,1161771,1156772,1156772,16.877933116983776,-100.5812702021323,,,
4584,4583,,,158.11856687207012,147,True,False,True,False,success,0.4827059507369995,,,ou_noise,0,1161918,1156919,1156919,21.15684285212536,-100.5954993630753,,,
4585,4584,,,163.34998993429517,137,True,False,True,False,success,0.43280312418937683,,,ou_noise,0,1162055,1157056,1157056,19.993155363702424,-100.70537789894716,,,
4586,4585,,,-97.02372013684163,51,False,True,True,False,collision,8.396963119506836,,,ou_noise,0,1162106,1157107,1157107,30.514234112758263,-100.49865214029948,,,
4587,4586,,,161.70516273593756,143,True,False,True,False,success,0.43696412444114685,,,ou_noise,0,1162249,1157250,1157250,26.70671579304275,-100.65756316285034,,,
4588,4587,,,167.0260518112707,128,True,False,True,False,success,0.42996200919151306,,,ou_noise,0,1162377,1157378,1157378,15.505681832320988,-100.62016278505325,,,
4589,4588,,,169.85873102185144,114,True,False,True,False,success,0.48348233103752136,,,ou_noise,0,1162491,1157492,1157492,22.024931563619983,-100.61915400990269,,,
4590,4589,,,167.8610414338237,120,True,False,True,False,success,0.42912453413009644,,,ou_noise,0,1162611,1157612,1157612,19.495836770534517,-100.6004653930664,,,
4591,4590,,,163.51844620973083,136,True,False,True,False,success,0.4685265123844147,,,ou_noise,0,1162747,1157748,1157748,16.73294356114724,-100.71995763217701,,,
4592,4591,,,153.59131514201482,169,True,False,True,False,success,0.4553980231285095,,,ou_noise,0,1162916,1157917,1157917,18.907549436275776,-100.57933676454442,,,
4593,4592,,,160.3646720346464,142,True,False,True,False,success,0.4285068213939667,,,ou_noise,0,1163058,1158059,1158059,18.557495838319753,-100.64163003840916,,,
4594,4593,,,159.6674370372178,148,True,False,True,False,success,0.4594906270503998,,,ou_noise,0,1163206,1158207,1158207,22.32860182024337,-100.51930128561484,,,
4595,4594,,,164.70317481367556,132,True,False,True,False,success,0.43853312730789185,,,ou_noise,0,1163338,1158339,1158339,24.71631214654807,-100.81106654080477,,,
4596,4595,,,167.53446443773302,123,True,False,True,False,success,0.47506794333457947,,,ou_noise,0,1163461,1158462,1158462,19.322810384316174,-100.5126444498698,,,
4597,4596,,,167.2003267912874,124,True,False,True,False,success,0.4876777231693268,,,ou_noise,0,1163585,1158586,1158586,22.43412887857806,-100.59690789253482,,,
4598,4597,,,167.82315942571506,114,True,False,True,False,success,0.4956218898296356,,,ou_noise,0,1163699,1158700,1158700,24.78460275499444,-100.84321098996882,,,
4599,4598,,,164.26011027381992,135,True,False,True,False,success,0.4455164968967438,,,ou_noise,0,1163834,1158835,1158835,20.682367116433603,-100.53484785291883,,,
4600,4599,,,164.5741065416446,129,True,False,True,False,success,0.4674623906612396,,,ou_noise,0,1163963,1158964,1158964,21.791285509286926,-100.741493757381,,,
4601,4600,,,157.75952781372342,150,True,False,True,False,success,0.4199668765068054,,,ou_noise,0,1164113,1159114,1159114,15.687642291386922,-100.73848948160807,,,
4602,4601,,,159.99139369775264,147,True,False,True,False,success,0.45513787865638733,,,ou_noise,0,1164260,1159261,1159261,19.594556304062305,-100.65780125832072,,,
4603,4602,,,168.90734298824208,120,True,False,True,False,success,0.4432030916213989,,,ou_noise,0,1164380,1159381,1159381,22.381547101338704,-100.66660753885905,,,
4604,4603,,,161.6925042586855,139,True,False,True,False,success,0.4935985207557678,,,ou_noise,0,1164519,1159520,1159520,17.223621443021212,-100.7195228192446,,,
4605,4604,,,167.12228474911817,124,True,False,True,False,success,0.481375515460968,,,ou_noise,0,1164643,1159644,1159644,21.43843957493382,-100.72507809054467,,,
4606,4605,,,161.00460308784616,142,True,False,True,False,success,0.45522433519363403,,,ou_noise,0,1164785,1159786,1159786,24.77804266399061,-100.84112586437816,,,
4607,4606,,,168.16559736359994,121,True,False,True,False,success,0.44096240401268005,,,ou_noise,0,1164906,1159907,1159907,25.39265577261113,-100.80209092069263,,,
4608,4607,,,163.88678378915793,137,True,False,True,False,success,0.4154786169528961,,,ou_noise,0,1165043,1160044,1160044,24.614036788905626,-100.77643629756287,,,
4609,4608,,,166.85642173733163,132,True,False,True,False,success,0.43276098370552063,,,ou_noise,0,1165175,1160176,1160176,19.053781157190148,-100.69974789474949,,,
4610,4609,,,164.07858580545505,130,True,False,True,False,success,0.4029991924762726,,,ou_noise,0,1165305,1160306,1160306,23.20621676628406,-100.73942659818209,,,
4611,4610,,,162.9327736926198,136,True,False,True,False,success,0.42478224635124207,,,ou_noise,0,1165441,1160442,1160442,17.068811555995662,-100.74309848336613,,,
4612,4611,,,-134.49739056929576,263,False,True,True,False,collision,4.522543907165527,,,ou_noise,0,1165704,1160705,1160705,22.986861248433364,-100.72192455335262,,,
4613,4612,,,-196.57803092266215,1000,False,False,False,True,cutoff,2.1122443675994873,,,ou_noise,0,1166704,1161705,1161705,21.96738816475868,-100.669081199646,,,
4614,4613,,,167.54586297986359,129,True,False,True,False,success,0.48878273367881775,,,ou_noise,0,1166833,1161834,1161834,16.347087297328684,-100.66955548663472,,,
4615,4614,,,163.60683639659484,140,True,False,True,False,success,0.4631822407245636,,,ou_noise,0,1166973,1161974,1161974,15.11159993835858,-100.58731564113071,,,
4616,4615,,,165.859687658346,126,True,False,True,False,success,0.443630576133728,,,ou_noise,0,1167099,1162100,1162100,25.251743773619335,-100.58469687567816,,,
4617,4616,,,157.15657781517083,155,True,False,True,False,success,0.47398507595062256,,,ou_noise,0,1167254,1162255,1162255,22.8842202724949,-100.58113683885144,,,
4618,4617,,,169.61483563122073,117,True,False,True,False,success,0.43670108914375305,,,ou_noise,0,1167371,1162372,1162372,28.877005635163723,-100.57668017525958,,,
4619,4618,,,167.4626501927446,134,True,False,True,False,success,0.43697798252105713,,,ou_noise,0,1167505,1162506,1162506,19.069579525670008,-100.60228438875568,,,
4620,4619,,,163.5601046950888,133,True,False,True,False,success,0.45696544647216797,,,ou_noise,0,1167638,1162639,1162639,19.200166039897088,-100.79735737277153,,,
4621,4620,,,165.50499792808156,126,True,False,True,False,success,0.47846096754074097,,,ou_noise,0,1167764,1162765,1162765,12.233862682940467,-100.66663590688555,,,
4622,4621,,,163.35780884324794,133,True,False,True,False,success,0.4993968605995178,,,ou_noise,0,1167897,1162898,1162898,21.24937900475093,-100.5937124840299,,,
4623,4622,,,161.61093568732036,138,True,False,True,False,success,0.49691110849380493,,,ou_noise,0,1168035,1163036,1163036,26.337763300840404,-100.72045262654622,,,
4624,4623,,,-92.57039605409803,41,False,True,True,False,collision,8.421031951904297,,,ou_noise,0,1168076,1163077,1163077,24.27947387462709,-100.45493260825553,,,
4625,4624,,,162.62871836761957,139,True,False,True,False,success,0.45461511611938477,,,ou_noise,0,1168215,1163216,1163216,20.40195562513612,-100.69137348202493,,,
4626,4625,,,162.61389652025082,132,True,False,True,False,success,0.49352020025253296,,,ou_noise,0,1168347,1163348,1163348,16.24770642320315,-100.4774239280007,,,
4627,4626,,,160.01577824858228,146,True,False,True,False,success,0.4166296124458313,,,ou_noise,0,1168493,1163494,1163494,18.472767878068638,-100.81065154402224,,,
4628,4627,,,-93.19599730861816,47,False,True,True,False,collision,8.30659008026123,,,ou_noise,0,1168540,1163541,1163541,19.042623337278975,-100.55208149362117,,,
4629,4628,,,163.06433173864932,138,True,False,True,False,success,0.4386463761329651,,,ou_noise,0,1168678,1163679,1163679,19.381596497867417,-100.74821157040803,,,
4630,4629,,,151.67594892250213,165,True,False,True,False,success,0.484792023897171,,,ou_noise,0,1168843,1163844,1163844,26.430689185315913,-100.70362770774148,,,
4631,4630,,,160.19978596600782,140,True,False,True,False,success,0.4996078312397003,,,ou_noise,0,1168983,1163984,1163984,22.403029756035124,-100.72095009940011,,,
4632,4631,,,165.956010178079,127,True,False,True,False,success,0.4749428629875183,,,ou_noise,0,1169110,1164111,1164111,20.636525087469206,-100.88329411303903,,,
4633,4632,,,170.50631273118967,120,True,False,True,False,success,0.44557759165763855,,,ou_noise,0,1169230,1164231,1164231,23.819240603844325,-100.75711282094319,,,
4634,4633,,,170.95580881371887,117,True,False,True,False,success,0.4201107621192932,,,ou_noise,0,1169347,1164348,1164348,24.85828032554724,-100.81648260915381,,,
4635,4634,,,166.99391564758807,127,True,False,True,False,success,0.4618673026561737,,,ou_noise,0,1169474,1164475,1164475,11.862424823242849,-100.7531749094565,,,
4636,4635,,,-315.5858026788191,1000,False,False,False,True,cutoff,4.9338202476501465,,,ou_noise,0,1170474,1165475,1165475,17.692145110368728,-100.77894268035888,,,
4637,4636,,,161.81310190644058,135,True,False,True,False,success,0.4813743233680725,,,ou_noise,0,1170609,1165610,1165610,15.326336738798354,-100.66639421251085,,,
4638,4637,,,161.40653270826073,143,True,False,True,False,success,0.48107561469078064,,,ou_noise,0,1170752,1165753,1165753,22.052110853728713,-100.60445190643097,,,
4639,4638,,,-168.92108235496045,1000,False,False,False,True,cutoff,6.50552225112915,,,ou_noise,0,1171752,1166753,1166753,20.63194176721573,-100.72186859130859,,,
4640,4639,,,166.58375579546384,127,True,False,True,False,success,0.4439350664615631,,,ou_noise,0,1171879,1166880,1166880,21.52217678385457,-100.71651392658865,,,
4641,4640,,,164.3335042106005,137,True,False,True,False,success,0.4574172794818878,,,ou_noise,0,1172016,1167017,1167017,24.27137194323714,-100.5570083395408,,,
4642,4641,,,164.1167599587917,133,True,False,True,False,success,0.4287267029285431,,,ou_noise,0,1172149,1167150,1167150,22.54144055144231,-100.7558555316208,,,
4643,4642,,,168.15589107067893,121,True,False,True,False,success,0.4505319595336914,,,ou_noise,0,1172270,1167271,1167271,12.861447765807474,-100.7341199512324,,,
4644,4643,,,162.7338362757436,139,True,False,True,False,success,0.46436166763305664,,,ou_noise,0,1172409,1167410,1167410,21.79530531039341,-100.66660138685926,,,
4645,4644,,,-82.25570691194591,135,False,True,True,False,collision,4.300676345825195,,,ou_noise,0,1172544,1167545,1167545,23.493657642823678,-100.62837784378617,,,
4646,4645,,,160.5252814823129,143,True,False,True,False,success,0.4580567181110382,,,ou_noise,0,1172687,1167688,1167688,18.6856877445341,-100.74128189620438,,,
4647,4646,,,162.0887562285297,141,True,False,True,False,success,0.46452173590660095,,,ou_noise,0,1172828,1167829,1167829,16.209309481559917,-100.75179804808704,,,
4648,4647,,,-160.77034073803017,1000,False,False,False,True,cutoff,3.7134599685668945,,,ou_noise,0,1173828,1168829,1168829,19.384105536341668,-100.69526652526855,,,
4649,4648,,,164.02365444829144,133,True,False,True,False,success,0.4793857932090759,,,ou_noise,0,1173961,1168962,1168962,24.342200451327447,-100.5995553955996,,,
4650,4649,,,162.7344267046342,136,True,False,True,False,success,0.4747960865497589,,,ou_noise,0,1174097,1169098,1169098,14.123452328583774,-100.50231939203599,,,
4651,4650,,,158.33779274376036,151,True,False,True,False,success,0.4270091652870178,,,ou_noise,0,1174248,1169249,1169249,21.690083929245045,-100.64239173535479,,,
4652,4651,,,169.2126622869667,119,True,False,True,False,success,0.4822925627231598,,,ou_noise,0,1174367,1169368,1169368,26.39023496223097,-100.54048201617073,,,
4653,4652,,,167.33342946796063,125,True,False,True,False,success,0.4606194496154785,,,ou_noise,0,1174492,1169493,1169493,20.40911711883545,-100.60097906494141,,,
4654,4653,,,165.94259456961584,142,True,False,True,False,success,0.4984143078327179,,,ou_noise,0,1174634,1169635,1169635,12.706309929699964,-100.58492424118687,,,
4655,4654,,,167.86926349832936,126,True,False,True,False,success,0.45652616024017334,,,ou_noise,0,1174760,1169761,1169761,21.29085886289203,-100.6121809217665,,,
4656,4655,,,158.26148376497483,150,True,False,True,False,success,0.46367567777633667,,,ou_noise,0,1174910,1169911,1169911,20.279588944911957,-100.57992426554362,,,
4657,4656,,,170.17403277467963,118,True,False,True,False,success,0.4545019567012787,,,ou_noise,0,1175028,1170029,1170029,23.33030344268023,-100.61109581640211,,,
4658,4657,,,163.9847567766477,132,True,False,True,False,success,0.46697425842285156,,,ou_noise,0,1175160,1170161,1170161,15.22298349846493,-100.73882767648408,,,
4659,4658,,,-59.320908166338874,78,False,True,True,False,collision,4.490772247314453,,,ou_noise,0,1175238,1170239,1170239,20.264818027997627,-100.5844016441932,,,
4660,4659,,,158.05975680325128,148,True,False,True,False,success,0.42629775404930115,,,ou_noise,0,1175386,1170387,1170387,24.862429366723912,-100.6965118614403,,,
4661,4660,,,165.89710625757243,130,True,False,True,False,success,0.44756612181663513,,,ou_noise,0,1175516,1170517,1170517,21.881433476851537,-100.80438543466421,,,
4662,4661,,,167.9944061206752,121,True,False,True,False,success,0.4856284558773041,,,ou_noise,0,1175637,1170638,1170638,16.875313089898796,-100.63943159875791,,,
4663,4662,,,171.03496423879074,115,True,False,True,False,success,0.4818516671657562,,,ou_noise,0,1175752,1170753,1170753,14.122467830906743,-100.66171510115913,,,
4664,4663,,,169.09343510984684,120,True,False,True,False,success,0.4810384213924408,,,ou_noise,0,1175872,1170873,1170873,20.25874920686086,-100.71409905751547,,,
4665,4664,,,167.9736618000364,124,True,False,True,False,success,0.47935590147972107,,,ou_noise,0,1175996,1170997,1170997,21.197045156071262,-100.67943222292008,,,
4666,4665,,,161.12244159253117,135,True,False,True,False,success,0.4342309236526489,,,ou_noise,0,1176131,1171132,1171132,24.08593924663685,-100.75011800130208,,,
4667,4666,,,165.4310510461334,133,True,False,True,False,success,0.4299141764640808,,,ou_noise,0,1176264,1171265,1171265,23.732096085871074,-100.61186321516682,,,
4668,4667,,,158.240104328725,139,True,False,True,False,success,0.4861428737640381,,,ou_noise,0,1176403,1171404,1171404,13.028758557580359,-100.87411729551906,,,
4669,4668,,,165.40241713304505,131,True,False,True,False,success,0.4271283447742462,,,ou_noise,0,1176534,1171535,1171535,18.33036779174368,-100.78375290732347,,,
4670,4669,,,163.89172535086846,131,True,False,True,False,success,0.4715798497200012,,,ou_noise,0,1176665,1171666,1171666,20.498946891486188,-100.76496007788272,,,
4671,4670,,,168.17399641281725,125,True,False,True,False,success,0.43267154693603516,,,ou_noise,0,1176790,1171791,1171791,24.931209283828736,-100.75698895263672,,,
4672,4671,,,167.2285929240502,124,True,False,True,False,success,0.43490108847618103,,,ou_noise,0,1176914,1171915,1171915,18.83748763607394,-100.6728721741707,,,
4673,4672,,,167.09921281034804,126,True,False,True,False,success,0.4348398447036743,,,ou_noise,0,1177040,1172041,1172041,18.291070198255873,-100.73121776278057,,,
4674,4673,,,163.64386057670254,131,True,False,True,False,success,0.42050158977508545,,,ou_noise,0,1177171,1172172,1172172,19.70033564549366,-100.62991134992993,,,
4675,4674,,,169.87714929876392,120,True,False,True,False,success,0.415362149477005,,,ou_noise,0,1177291,1172292,1172292,17.13828154106935,-100.63638865152994,,,
4676,4675,,,163.12472738474727,128,True,False,True,False,success,0.42769914865493774,,,ou_noise,0,1177419,1172420,1172420,16.618655174039304,-100.71360266208649,,,
4677,4676,,,156.29049083610624,157,True,False,True,False,success,0.4931454658508301,,,ou_noise,0,1177576,1172577,1172577,19.50723577456869,-100.78981372808954,,,
4678,4677,,,167.09544512338465,123,True,False,True,False,success,0.4932969808578491,,,ou_noise,0,1177699,1172700,1172700,24.53156516416286,-100.66180947156457,,,
4679,4678,,,168.62991682819597,124,True,False,True,False,success,0.4442214071750641,,,ou_noise,0,1177823,1172824,1172824,17.335824219449872,-100.80521288225728,,,
4680,4679,,,-92.07661904399352,41,False,True,True,False,collision,8.256916999816895,,,ou_noise,0,1177864,1172865,1172865,20.676366055884014,-100.96290420904393,,,
4681,4680,,,168.92999622562832,124,True,False,True,False,success,0.48237258195877075,,,ou_noise,0,1177988,1172989,1172989,26.746569912279806,-100.61026831596128,,,
4682,4681,,,158.19712151881438,144,True,False,True,False,success,0.4591386020183563,,,ou_noise,0,1178132,1173133,1173133,22.39957913590802,-100.71321402655707,,,
4683,4682,,,168.49677564408125,122,True,False,True,False,success,0.41654571890830994,,,ou_noise,0,1178254,1173255,1173255,22.97545659639796,-100.77871247588611,,,
4684,4683,,,-84.86382838958951,43,False,True,True,False,collision,7.675724983215332,,,ou_noise,0,1178297,1173298,1173298,8.65395055538,-100.85242142788199,,,
4685,4684,,,161.66184232712698,139,True,False,True,False,success,0.486441045999527,,,ou_noise,0,1178436,1173437,1173437,21.727795307584802,-100.77281227386256,,,
4686,4685,,,-342.75657578385903,1000,False,False,False,True,cutoff,7.707002639770508,,,ou_noise,0,1179436,1174437,1174437,19.753896138191223,-100.73681664276123,,,
4687,4686,,,-96.77033567546331,58,False,True,True,False,collision,8.23048210144043,,,ou_noise,0,1179494,1174495,1174495,23.492402062333863,-100.66622477564319,,,
4688,4687,,,165.3086229655898,128,True,False,True,False,success,0.483708918094635,,,ou_noise,0,1179622,1174623,1174623,13.337720863521099,-100.76548832654953,,,
4689,4688,,,162.3157573135722,135,True,False,True,False,success,0.42605477571487427,,,ou_noise,0,1179757,1174758,1174758,19.054764237227264,-100.75392501265914,,,
4690,4689,,,167.470892550026,130,True,False,True,False,success,0.4708704948425293,,,ou_noise,0,1179887,1174888,1174888,16.457689145895152,-100.75708688589243,,,
4691,4690,,,168.24905225701994,121,True,False,True,False,success,0.48264017701148987,,,ou_noise,0,1180008,1175009,1175009,25.45316553509925,-100.62117300742914,,,
4692,4691,,,172.06927471835033,115,True,False,True,False,success,0.4365706145763397,,,ou_noise,0,1180123,1175124,1175124,22.720866474897964,-100.65776878025221,,,
4693,4692,,,-89.41319917705347,50,False,True,True,False,collision,7.858316421508789,,,ou_noise,0,1180173,1175174,1175174,26.928946375846863,-100.38037475585938,,,
4694,4693,,,162.46622130291672,138,True,False,True,False,success,0.4208761751651764,,,ou_noise,0,1180311,1175312,1175312,21.751966529998228,-100.65188543347345,,,
4695,4694,,,167.08995391890676,126,True,False,True,False,success,0.4991893470287323,,,ou_noise,0,1180437,1175438,1175438,14.518510832673027,-100.7333024040101,,,
4696,4695,,,67.33030342320637,387,True,False,True,False,success,0.45271599292755127,,,ou_noise,0,1180824,1175825,1175825,17.205568902868325,-100.82244291478041,,,
4697,4696,,,159.36189974838308,146,True,False,True,False,success,0.46524763107299805,,,ou_noise,0,1180970,1175971,1175971,11.823099706270924,-100.82872484808098,,,
4698,4697,,,164.0611236932209,135,True,False,True,False,success,0.481250524520874,,,ou_noise,0,1181105,1176106,1176106,26.52258074813419,-100.76704598885995,,,
4699,4698,,,164.4923779260926,129,True,False,True,False,success,0.44509437680244446,,,ou_noise,0,1181234,1176235,1176235,15.826458768327107,-100.86063532866248,,,
4700,4699,,,158.46397984746304,138,True,False,True,False,success,0.48309043049812317,,,ou_noise,0,1181372,1176373,1176373,17.909651655217875,-100.79481578218764,,,
4701,4700,,,170.9869400042213,118,True,False,True,False,success,0.4573228061199188,,,ou_noise,0,1181490,1176491,1176491,20.13882771690013,-100.77195319482836,,,
4702,4701,,,164.31673818764324,131,True,False,True,False,success,0.4522991180419922,,,ou_noise,0,1181621,1176622,1176622,19.146933557423015,-100.9581187590388,,,
4703,4702,,,166.50227324461702,127,True,False,True,False,success,0.4922340214252472,,,ou_noise,0,1181748,1176749,1176749,25.250745201674032,-100.74689123198742,,,
4704,4703,,,165.4981269888767,127,True,False,True,False,success,0.4771517217159271,,,ou_noise,0,1181875,1176876,1176876,19.567574964733573,-100.89576931450311,,,
4705,4704,,,163.92183346783816,138,True,False,True,False,success,0.42153453826904297,,,ou_noise,0,1182013,1177014,1177014,20.52695869881174,-100.84093807054603,,,
4706,4705,,,157.78154276897334,156,True,False,True,False,success,0.4762510061264038,,,ou_noise,0,1182169,1177170,1177170,18.564295136775726,-100.84559528644269,,,
4707,4706,,,161.94467855768974,140,True,False,True,False,success,0.46601495146751404,,,ou_noise,0,1182309,1177310,1177310,18.985015493631362,-100.98751411437988,,,
4708,4707,,,164.52963806986446,132,True,False,True,False,success,0.460316926240921,,,ou_noise,0,1182441,1177442,1177442,18.437504442352235,-100.78481229146321,,,
4709,4708,,,169.20814340228446,122,True,False,True,False,success,0.45565634965896606,,,ou_noise,0,1182563,1177564,1177564,21.643260709574964,-100.8625623984415,,,
4710,4709,,,165.4106864295697,131,True,False,True,False,success,0.43000954389572144,,,ou_noise,0,1182694,1177695,1177695,15.390407605935598,-100.82672404514925,,,
4711,4710,,,168.243623619456,123,True,False,True,False,success,0.4905186593532562,,,ou_noise,0,1182817,1177818,1177818,13.07331199956134,-100.78307063405107,,,
4712,4711,,,164.50593750473777,124,True,False,True,False,success,0.4342171847820282,,,ou_noise,0,1182941,1177942,1177942,23.752850044158198,-100.85120557969616,,,
4713,4712,,,-62.661321524887704,131,False,True,True,False,collision,2.8886795043945312,,,ou_noise,0,1183072,1178073,1178073,13.963503756595932,-100.96442937486954,,,
4714,4713,,,163.92637743490667,135,True,False,True,False,success,0.4367583990097046,,,ou_noise,0,1183207,1178208,1178208,22.140255175696478,-100.87955910011574,,,
4715,4714,,,165.35499730761768,134,True,False,True,False,success,0.4596026539802551,,,ou_noise,0,1183341,1178342,1178342,20.695335336585543,-100.87356442124096,,,
4716,4715,,,156.6764548428445,153,True,False,True,False,success,0.47769737243652344,,,ou_noise,0,1183494,1178495,1178495,22.46270311735814,-100.8092129277248,,,
4717,4716,,,169.8291157238326,119,True,False,True,False,success,0.42558997869491577,,,ou_noise,0,1183613,1178614,1178614,19.894573724570396,-100.96834096187303,,,
4718,4717,,,162.49639460409497,130,True,False,True,False,success,0.4785061478614807,,,ou_noise,0,1183743,1178744,1178744,14.168611509066361,-101.06368044339693,,,
4719,4718,,,160.77296400872663,130,True,False,True,False,success,0.4330708682537079,,,ou_noise,0,1183873,1178874,1178874,21.614804575993464,-100.96283933199369,,,
4720,4719,,,168.89933748596292,115,True,False,True,False,success,0.4876040518283844,,,ou_noise,0,1183988,1178989,1178989,20.18065170308818,-100.84624328613282,,,
4721,4720,,,163.19119895933548,138,True,False,True,False,success,0.4374021589756012,,,ou_noise,0,1184126,1179127,1179127,23.4066074827443,-100.86053853795148,,,
4722,4721,,,167.73018478918246,126,True,False,True,False,success,0.4105493426322937,,,ou_noise,0,1184252,1179253,1179253,17.669455929408,-100.8839486137269,,,
4723,4722,,,163.28659282753281,143,True,False,True,False,success,0.4794054925441742,,,ou_noise,0,1184395,1179396,1179396,25.997471729358594,-100.912450883772,,,
4724,4723,,,164.8062884487456,130,True,False,True,False,success,0.45923370122909546,,,ou_noise,0,1184525,1179526,1179526,24.005330377358657,-100.8949219923753,,,
4725,4724,,,-53.638909484338804,68,False,True,True,False,collision,4.390203952789307,,,ou_noise,0,1184593,1179594,1179594,14.772702071596594,-100.84355488945457,,,
4726,4725,,,168.93956406725258,123,True,False,True,False,success,0.4520280361175537,,,ou_noise,0,1184716,1179717,1179717,11.351416312582124,-100.90779268838526,,,
4727,4726,,,159.50431265447853,135,True,False,True,False,success,0.41882067918777466,,,ou_noise,0,1184851,1179852,1179852,21.743646815971093,-101.0417098433883,,,
4728,4727,,,171.02798464758382,124,True,False,True,False,success,0.4382343292236328,,,ou_noise,0,1184975,1179976,1179976,19.10067196719108,-100.91615350784794,,,
4729,4728,,,164.70150803742183,128,True,False,True,False,success,0.49096202850341797,,,ou_noise,0,1185103,1180104,1180104,16.57235644478351,-101.07681179046631,,,
4730,4729,,,165.2359325387922,130,True,False,True,False,success,0.46613287925720215,,,ou_noise,0,1185233,1180234,1180234,23.236129303161913,-100.79197839590219,,,
4731,4730,,,165.15289476163872,130,True,False,True,False,success,0.4414423406124115,,,ou_noise,0,1185363,1180364,1180364,17.944117131600013,-100.91756046001728,,,
4732,4731,,,167.21158396661187,123,True,False,True,False,success,0.47140392661094666,,,ou_noise,0,1185486,1180487,1180487,23.59538034113442,-100.8491240710747,,,
4733,4732,,,163.51169786775475,133,True,False,True,False,success,0.47611814737319946,,,ou_noise,0,1185619,1180620,1180620,27.092690372825565,-100.91675120188778,,,
4734,4733,,,169.430961940131,126,True,False,True,False,success,0.4292179048061371,,,ou_noise,0,1185745,1180746,1180746,15.862597243180351,-101.1141968378945,,,
4735,4734,,,158.5555786807436,146,True,False,True,False,success,0.492637038230896,,,ou_noise,0,1185891,1180892,1180892,22.890567659515224,-101.02828901107998,,,
4736,4735,,,164.2599048170818,126,True,False,True,False,success,0.48656898736953735,,,ou_noise,0,1186017,1181018,1181018,28.21707992705088,-100.90589305332729,,,
4737,4736,,,161.78184358351197,143,True,False,True,False,success,0.43072670698165894,,,ou_noise,0,1186160,1181161,1181161,15.450668367472561,-101.13441654018588,,,
4738,4737,,,167.23729302153106,126,True,False,True,False,success,0.4858018755912781,,,ou_noise,0,1186286,1181287,1181287,21.673855913063836,-101.04138020106724,,,
4739,4738,,,156.99041461940118,155,True,False,True,False,success,0.47049403190612793,,,ou_noise,0,1186441,1181442,1181442,14.499928176787591,-101.03338952833606,,,
4740,4739,,,160.63467929040496,141,True,False,True,False,success,0.4355389177799225,,,ou_noise,0,1186582,1181583,1181583,19.324857736310214,-101.18899904075244,,,
4741,4740,,,-476.9469680708393,928,False,True,True,False,collision,4.57943868637085,,,ou_noise,0,1187510,1182511,1182511,19.1221155751625,-101.04198371952978,,,
4742,4741,,,162.20962935346313,140,True,False,True,False,success,0.47833457589149475,,,ou_noise,0,1187650,1182651,1182651,19.43383878554617,-100.93464104788644,,,
4743,4742,,,167.70263944904332,128,True,False,True,False,success,0.48404186964035034,,,ou_noise,0,1187778,1182779,1182779,21.81926870997995,-100.85917091369629,,,
4744,4743,,,162.98469055743297,126,True,False,True,False,success,0.4767513573169708,,,ou_noise,0,1187904,1182905,1182905,21.113662429272182,-100.91683160691034,,,
4745,4744,,,170.41523219823364,117,True,False,True,False,success,0.43807780742645264,,,ou_noise,0,1188021,1183022,1183022,24.87269050748939,-100.95553908388838,,,
4746,4745,,,166.7382057091603,127,True,False,True,False,success,0.4916134774684906,,,ou_noise,0,1188148,1183149,1183149,21.098812636427994,-101.09929933322697,,,
4747,4746,,,165.9923487742078,136,True,False,True,False,success,0.4751715362071991,,,ou_noise,0,1188284,1183285,1183285,19.659789638484227,-101.04077653323903,,,
4748,4747,,,166.6217587554651,124,True,False,True,False,success,0.46003443002700806,,,ou_noise,0,1188408,1183409,1183409,11.76632206190017,-101.06727600097656,,,
4749,4748,,,164.08770235837028,130,True,False,True,False,success,0.4613463580608368,,,ou_noise,0,1188538,1183539,1183539,15.431532835960388,-101.07479699941781,,,
4750,4749,,,168.55944149835693,122,True,False,True,False,success,0.44201767444610596,,,ou_noise,0,1188660,1183661,1183661,15.224393194816152,-101.01947259121253,,,
4751,4750,,,156.30446934070483,151,True,False,True,False,success,0.4913245141506195,,,ou_noise,0,1188811,1183812,1183812,23.97895503517808,-101.00590606083144,,,
4752,4751,,,161.41773676950913,145,True,False,True,False,success,0.49264246225357056,,,ou_noise,0,1188956,1183957,1183957,15.011421664829912,-100.92364012619545,,,
4753,4752,,,163.10232182590983,141,True,False,True,False,success,0.41837504506111145,,,ou_noise,0,1189097,1184098,1184098,16.90620161624665,-101.01591870463486,,,
4754,4753,,,168.02521357834397,121,True,False,True,False,success,0.48354533314704895,,,ou_noise,0,1189218,1184219,1184219,14.81211810762232,-101.13337322897162,,,
4755,4754,,,166.97533298726538,126,True,False,True,False,success,0.4788973927497864,,,ou_noise,0,1189344,1184345,1184345,16.48911665072517,-101.23070374746172,,,
4756,4755,,,165.74565557426888,126,True,False,True,False,success,0.4698948860168457,,,ou_noise,0,1189470,1184471,1184471,20.336896108256447,-100.92054796975756,,,
4757,4756,,,-86.48773836972043,50,False,True,True,False,collision,7.41410493850708,,,ou_noise,0,1189520,1184521,1184521,11.330624105930328,-101.15336715698243,,,
4758,4757,,,-256.75233075087897,435,False,True,True,False,collision,7.291006565093994,,,ou_noise,0,1189955,1184956,1184956,14.862360490875682,-101.08067025370981,,,
4759,4758,,,170.37927342881932,118,True,False,True,False,success,0.49961766600608826,,,ou_noise,0,1190073,1185074,1185074,25.261979203102953,-101.15839819180763,,,
4760,4759,,,164.175260103955,138,True,False,True,False,success,0.42272451519966125,,,ou_noise,0,1190211,1185212,1185212,16.022057243015457,-101.07595239169356,,,
4761,4760,,,156.64280979482925,160,True,False,True,False,success,0.49354925751686096,,,ou_noise,0,1190371,1185372,1185372,15.63993181362748,-101.17991337776184,,,
4762,4761,,,-367.65651187788046,1000,False,False,False,True,cutoff,7.44067907333374,,,ou_noise,0,1191371,1186372,1186372,18.31385967338085,-101.032628074646,,,
4763,4762,,,164.69506937239285,137,True,False,True,False,success,0.4789097011089325,,,ou_noise,0,1191508,1186509,1186509,21.556198147091553,-101.00524562640781,,,
4764,4763,,,161.59129162730073,139,True,False,True,False,success,0.4760962724685669,,,ou_noise,0,1191647,1186648,1186648,17.669797665781253,-101.0424887567973,,,
4765,4764,,,161.7798120449515,139,True,False,True,False,success,0.4810846745967865,,,ou_noise,0,1191786,1186787,1186787,18.44020322158182,-101.06240680063371,,,
4766,4765,,,169.9372314417821,119,True,False,True,False,success,0.47381672263145447,,,ou_noise,0,1191905,1186906,1186906,18.92622260786906,-101.11279867476776,,,
4767,4766,,,171.74406861789902,112,True,False,True,False,success,0.49092918634414673,,,ou_noise,0,1192017,1187018,1187018,13.383885589029108,-101.03841209411621,,,
4768,4767,,,170.7068310876603,119,True,False,True,False,success,0.4796539545059204,,,ou_noise,0,1192136,1187137,1187137,19.423790688274288,-100.97460116859244,,,
4769,4768,,,163.3209504273905,141,True,False,True,False,success,0.40635308623313904,,,ou_noise,0,1192277,1187278,1187278,20.694122772690253,-101.0144457445077,,,
4770,4769,,,168.00743091211578,119,True,False,True,False,success,0.4963500499725342,,,ou_noise,0,1192396,1187397,1187397,17.10195836099256,-101.01066364961513,,,
4771,4770,,,165.59662230469814,128,True,False,True,False,success,0.46860116720199585,,,ou_noise,0,1192524,1187525,1187525,25.284396281465888,-100.97427833080292,,,
4772,4771,,,167.35199360790935,129,True,False,True,False,success,0.4521200656890869,,,ou_noise,0,1192653,1187654,1187654,22.578711735185728,-101.16032758609269,,,
4773,4772,,,165.11512373055245,131,True,False,True,False,success,0.484659880399704,,,ou_noise,0,1192784,1187785,1187785,21.986498453234898,-101.03276702647901,,,
4774,4773,,,164.80464212962985,133,True,False,True,False,success,0.4104241132736206,,,ou_noise,0,1192917,1187918,1187918,23.21674715576315,-101.19590501139935,,,
4775,4774,,,166.69582468727154,130,True,False,True,False,success,0.47275349497795105,,,ou_noise,0,1193047,1188048,1188048,27.937170362472536,-101.06128950852614,,,
4776,4775,,,164.18276702999503,142,True,False,True,False,success,0.4737977683544159,,,ou_noise,0,1193189,1188190,1188190,11.78800167835934,-101.09748937042666,,,
4777,4776,,,165.6842447303997,130,True,False,True,False,success,0.4877174198627472,,,ou_noise,0,1193319,1188320,1188320,17.224145809503703,-101.1272573030912,,,
4778,4777,,,-93.34595712473325,46,False,True,True,False,collision,8.303670883178711,,,ou_noise,0,1193365,1188366,1188366,17.802714956843335,-101.14868578703508,,,
4779,4778,,,-36.98269466251937,120,False,True,True,False,collision,1.1521267890930176,,,ou_noise,0,1193485,1188486,1188486,14.744960592190425,-101.00257835388183,,,
4780,4779,,,165.37804264799576,136,True,False,True,False,success,0.4627428650856018,,,ou_noise,0,1193621,1188622,1188622,16.523089413257207,-101.17031832302318,,,
4781,4780,,,-85.31962649059362,76,False,True,True,False,collision,6.763791084289551,,,ou_noise,0,1193697,1188698,1188698,20.842229338068712,-100.96527029338635,,,
4782,4781,,,165.10152444547737,135,True,False,True,False,success,0.4440358579158783,,,ou_noise,0,1193832,1188833,1188833,14.382725682082,-101.1040197301794,,,
4783,4782,,,166.61278088021842,132,True,False,True,False,success,0.4381813704967499,,,ou_noise,0,1193964,1188965,1188965,22.05781015573126,-101.07150384151575,,,
4784,4783,,,170.21315425358375,117,True,False,True,False,success,0.48931148648262024,,,ou_noise,0,1194081,1189082,1189082,16.70661777206975,-101.15721456413596,,,
4785,4784,,,-92.60042818877177,45,False,True,True,False,collision,8.278814315795898,,,ou_noise,0,1194126,1189127,1189127,17.607264590263366,-101.21992882622612,,,
4786,4785,,,163.96574162127104,135,True,False,True,False,success,0.4642103314399719,,,ou_noise,0,1194261,1189262,1189262,19.28883724565859,-101.12862317120587,,,
4787,4786,,,163.51161009079294,136,True,False,True,False,success,0.4564579725265503,,,ou_noise,0,1194397,1189398,1189398,22.57670746918987,-101.000997318941,,,
4788,4787,,,-101.37185357290232,58,False,True,True,False,collision,8.371767044067383,,,ou_noise,0,1194455,1189456,1189456,13.867315298524396,-101.16315657517006,,,
4789,4788,,,167.01166497813114,130,True,False,True,False,success,0.45395639538764954,,,ou_noise,0,1194585,1189586,1189586,18.058413492716276,-101.0175535935622,,,
4790,4789,,,172.53623719998666,111,True,False,True,False,success,0.45944705605506897,,,ou_noise,0,1194696,1189697,1189697,14.830890983074635,-101.13019506780951,,,
4791,4790,,,162.58003698550078,141,True,False,True,False,success,0.48724478483200073,,,ou_noise,0,1194837,1189838,1189838,14.28375515362895,-101.03131736593043,,,
4792,4791,,,-122.02314337719994,265,False,True,True,False,collision,3.7171998023986816,,,ou_noise,0,1195102,1190103,1190103,15.586258650275896,-101.16983199209537,,,
4793,4792,,,163.0272282315723,133,True,False,True,False,success,0.4005899131298065,,,ou_noise,0,1195235,1190236,1190236,19.510424927661294,-101.03714316231864,,,
4794,4793,,,162.06289926141363,143,True,False,True,False,success,0.47324517369270325,,,ou_noise,0,1195378,1190379,1190379,22.407150505306003,-101.04495735435219,,,
4795,4794,,,171.0085745046981,112,True,False,True,False,success,0.4601530432701111,,,ou_noise,0,1195490,1190491,1190491,25.207667928721225,-101.0020067351205,,,
4796,4795,,,-82.73063416635142,184,False,True,True,False,collision,3.016462564468384,,,ou_noise,0,1195674,1190675,1190675,16.518723261097204,-101.17183312125827,,,
4797,4796,,,156.79074370559422,153,True,False,True,False,success,0.4936414062976837,,,ou_noise,0,1195827,1190828,1190828,15.495697007459754,-101.13106671501609,,,
4798,4797,,,163.3484384289332,132,True,False,True,False,success,0.4889471232891083,,,ou_noise,0,1195959,1190960,1190960,19.59452052098332,-101.09459085175486,,,
4799,4798,,,159.89343620981953,147,True,False,True,False,success,0.464275598526001,,,ou_noise,0,1196106,1191107,1191107,18.964216203105693,-101.16013735816593,,,
4800,4799,,,168.70351183045614,127,True,False,True,False,success,0.46557676792144775,,,ou_noise,0,1196233,1191234,1191234,15.045490735159145,-101.15557332677166,,,
4801,4800,,,164.10600732589614,133,True,False,True,False,success,0.44430220127105713,,,ou_noise,0,1196366,1191367,1191367,22.933850053557777,-101.11053025095086,,,
4802,4801,,,165.6279167176083,133,True,False,True,False,success,0.40523669123649597,,,ou_noise,0,1196499,1191500,1191500,20.557087739607447,-101.1683885961547,,,
4803,4802,,,163.0146389328619,136,True,False,True,False,success,0.494933545589447,,,ou_noise,0,1196635,1191636,1191636,17.458076119422913,-101.02486952613381,,,
4804,4803,,,162.83320999456737,135,True,False,True,False,success,0.4973739981651306,,,ou_noise,0,1196770,1191771,1191771,18.504391369113215,-100.93335085268374,,,
4805,4804,,,168.49732852306693,124,True,False,True,False,success,0.4907873868942261,,,ou_noise,0,1196894,1191895,1191895,17.12851821991705,-101.12724088853405,,,
4806,4805,,,164.2420764834888,138,True,False,True,False,success,0.4345777630805969,,,ou_noise,0,1197032,1192033,1192033,17.86243586609329,-101.03933594192284,,,
4807,4806,,,163.03293482552294,138,True,False,True,False,success,0.4765649735927582,,,ou_noise,0,1197170,1192171,1192171,17.594907878101736,-101.19805969017139,,,
4808,4807,,,163.6676258877196,135,True,False,True,False,success,0.4477366805076599,,,ou_noise,0,1197305,1192306,1192306,18.839079789762145,-101.1618490713614,,,
4809,4808,,,163.2489356548703,139,True,False,True,False,success,0.49654871225357056,,,ou_noise,0,1197444,1192445,1192445,22.30556459221051,-100.98293326398452,,,
4810,4809,,,158.94339908204276,151,True,False,True,False,success,0.47245803475379944,,,ou_noise,0,1197595,1192596,1192596,7.598880148091853,-101.05710990855236,,,
4811,4810,,,163.21154037743844,137,True,False,True,False,success,0.48443081974983215,,,ou_noise,0,1197732,1192733,1192733,20.826467437465695,-101.02386101493,,,
4812,4811,,,166.11723866680842,141,True,False,True,False,success,0.41081950068473816,,,ou_noise,0,1197873,1192874,1192874,13.233765615639111,-101.07778827856619,,,
4813,4812,,,169.93792800137385,123,True,False,True,False,success,0.4956933259963989,,,ou_noise,0,1197996,1192997,1192997,18.044225503758685,-101.09228335744966,,,
4814,4813,,,168.93720134261432,123,True,False,True,False,success,0.49316146969795227,,,ou_noise,0,1198119,1193120,1193120,17.568413987392333,-100.9689886821964,,,
4815,4814,,,163.1043137008267,140,True,False,True,False,success,0.46674418449401855,,,ou_noise,0,1198259,1193260,1193260,16.98206759946687,-101.10324499947684,,,
4816,4815,,,167.3656019922737,127,True,False,True,False,success,0.4460600018501282,,,ou_noise,0,1198386,1193387,1193387,24.966423758371608,-101.0346134215828,,,
4817,4816,,,164.657411302755,140,True,False,True,False,success,0.45291149616241455,,,ou_noise,0,1198526,1193527,1193527,24.181281665393286,-101.0721450805664,,,
4818,4817,,,170.5601878997088,122,True,False,True,False,success,0.43144094944000244,,,ou_noise,0,1198648,1193649,1193649,12.872921737491108,-101.04073783999584,,,
4819,4818,,,172.830444383103,111,True,False,True,False,success,0.42842724919319153,,,ou_noise,0,1198759,1193760,1193760,23.556865121867204,-100.97377845832894,,,
4820,4819,,,152.71273696801092,166,True,False,True,False,success,0.4832061529159546,,,ou_noise,0,1198925,1193926,1193926,16.34835641283587,-101.21654942524002,,,
4821,4820,,,164.98154678593602,128,True,False,True,False,success,0.497004896402359,,,ou_noise,0,1199053,1194054,1194054,15.030190690420568,-101.00551682710648,,,
4822,4821,,,163.6818314330365,131,True,False,True,False,success,0.4944361448287964,,,ou_noise,0,1199184,1194185,1194185,13.385614458841221,-101.14169247459819,,,
4823,4822,,,162.26516321336408,133,True,False,True,False,success,0.49175509810447693,,,ou_noise,0,1199317,1194318,1194318,15.359973096309748,-101.01352548240719,,,
4824,4823,,,170.0758114592199,117,True,False,True,False,success,0.43735113739967346,,,ou_noise,0,1199434,1194435,1194435,17.39272233054169,-101.14491095909706,,,
4825,4824,,,-93.20964477105073,35,False,True,True,False,collision,8.667689323425293,,,ou_noise,0,1199469,1194470,1194470,11.281246723447527,-100.9747552054269,,,
4826,4825,,,164.0492789991505,127,True,False,True,False,success,0.4895283281803131,,,ou_noise,0,1199596,1194597,1194597,23.846182876684534,-101.1070079052542,,,
4827,4826,,,169.7265042148337,119,True,False,True,False,success,0.44810476899147034,,,ou_noise,0,1199715,1194716,1194716,9.728648374060622,-101.18690484311401,,,
4828,4827,,,161.1978952580614,141,True,False,True,False,success,0.45916277170181274,,,ou_noise,0,1199856,1194857,1194857,17.8792188378936,-100.9975408459386,,,
4829,4828,,,63.01332862946304,485,True,False,True,False,success,0.42286139726638794,,,ou_noise,0,1200341,1195342,1195342,14.139586697165498,-101.1250330502225,,,
4830,4829,,,169.52195197154833,116,True,False,True,False,success,0.49060672521591187,,,ou_noise,0,1200457,1195458,1195458,14.80978331689177,-100.96291765673408,,,
4831,4830,,,161.14401835235034,139,True,False,True,False,success,0.4403355121612549,,,ou_noise,0,1200596,1195597,1195597,16.88450153011212,-101.08834366832706,,,
4832,4831,,,162.38495547458305,145,True,False,True,False,success,0.40991586446762085,,,ou_noise,0,1200741,1195742,1195742,20.147900296901835,-101.17818040518925,,,
4833,4832,,,167.8045405483574,121,True,False,True,False,success,0.4482932984828949,,,ou_noise,0,1200862,1195863,1195863,11.569422681469563,-101.04528127622999,,,
4834,4833,,,164.72398972013406,133,True,False,True,False,success,0.40785419940948486,,,ou_noise,0,1200995,1195996,1195996,22.562803266639996,-101.05301127039401,,,
4835,4834,,,170.04438397507903,116,True,False,True,False,success,0.40901806950569153,,,ou_noise,0,1201111,1196112,1196112,21.1521988038359,-101.04196331418794,,,
4836,4835,,,161.5670652324327,142,True,False,True,False,success,0.460024893283844,,,ou_noise,0,1201253,1196254,1196254,19.55510917515822,-101.12075526277783,,,
4837,4836,,,166.853936078113,127,True,False,True,False,success,0.40159088373184204,,,ou_noise,0,1201380,1196381,1196381,16.267106853132173,-101.00236823615127,,,
4838,4837,,,165.7635987502403,127,True,False,True,False,success,0.48037999868392944,,,ou_noise,0,1201507,1196508,1196508,11.990288639631798,-101.18830120657373,,,
4839,4838,,,-194.54119009015014,495,False,True,True,False,collision,4.361506938934326,,,ou_noise,0,1202002,1197003,1197003,15.60946726654515,-101.12318563750296,,,
4840,4839,,,166.5980458692668,126,True,False,True,False,success,0.47813454270362854,,,ou_noise,0,1202128,1197129,1197129,24.311905839140454,-101.02010775369311,,,
4841,4840,,,159.73157541258763,145,True,False,True,False,success,0.4118014872074127,,,ou_noise,0,1202273,1197274,1197274,18.42227631848434,-101.02165085365033,,,
4842,4841,,,151.86825435590075,162,True,False,True,False,success,0.48994776606559753,,,ou_noise,0,1202435,1197436,1197436,16.079221105134046,-101.11069290726273,,,
4843,4842,,,61.11599666294417,440,True,False,True,False,success,0.43774884939193726,,,ou_noise,0,1202875,1197876,1197876,16.399766250090167,-101.14382195906205,,,
4844,4843,,,144.2205616616289,190,True,False,True,False,success,0.4617852568626404,,,ou_noise,0,1203065,1198066,1198066,19.808314224920775,-101.2105548657869,,,
4845,4844,,,-214.05375256541498,1000,False,False,False,True,cutoff,4.813125133514404,,,ou_noise,0,1204065,1199066,1199066,15.954495030760764,-101.0996640472412,,,
4846,4845,,,165.92778231951863,128,True,False,True,False,success,0.4816749095916748,,,ou_noise,0,1204193,1199194,1199194,21.404937149956822,-100.98047518730164,,,
4847,4846,,,153.77416342407085,168,True,False,True,False,success,0.46078726649284363,,,ou_noise,0,1204361,1199362,1199362,17.777136039166223,-101.08760956355503,,,
4848,4847,,,161.4457055460118,132,True,False,True,False,success,0.46703585982322693,,,ou_noise,0,1204493,1199494,1199494,15.205985046697386,-101.04979220303622,,,
4849,4848,,,167.98954252094182,120,True,False,True,False,success,0.4163503646850586,,,ou_noise,0,1204613,1199614,1199614,14.249645052353541,-101.03371728261313,,,
4850,4849,,,161.50552751023093,137,True,False,True,False,success,0.4703257083892822,,,ou_noise,0,1204750,1199751,1199751,12.474379699595653,-101.14969328720204,,,
4851,4850,,,163.37414306824934,137,True,False,True,False,success,0.4204694628715515,,,ou_noise,0,1204887,1199888,1199888,18.181577038590927,-101.1695497053383,,,
4852,4851,,,161.6636796489128,147,True,False,True,False,success,0.4227052628993988,,,ou_noise,0,1205034,1200035,1200035,12.041330683799018,-101.0762662303691,,,
4853,4852,,,164.98076169534622,135,True,False,True,False,success,0.43651819229125977,,,ou_noise,0,1205169,1200170,1200170,14.115604800648159,-101.09370478877315,,,
4854,4853,,,164.3913731672029,128,True,False,True,False,success,0.4418238699436188,,,ou_noise,0,1205297,1200298,1200298,15.634892852976918,-101.19541519880295,,,
4855,4854,,,-144.69565300885702,219,False,True,True,False,collision,7.473904132843018,,,ou_noise,0,1205516,1200517,1200517,15.121349667305271,-101.11981591350956,,,
4856,4855,,,168.58153855441824,117,True,False,True,False,success,0.4636649191379547,,,ou_noise,0,1205633,1200634,1200634,11.008974576607729,-101.1140400161091,,,
4857,4856,,,169.08542225953437,121,True,False,True,False,success,0.4386339783668518,,,ou_noise,0,1205754,1200755,1200755,23.127393438796368,-100.91377970797957,,,
4858,4857,,,172.21480766209694,108,True,False,True,False,success,0.4998883605003357,,,ou_noise,0,1205862,1200863,1200863,20.554888015543973,-100.96942032708063,,,
4859,4858,,,169.34643715844163,126,True,False,True,False,success,0.4366941452026367,,,ou_noise,0,1205988,1200989,1200989,21.39610445310199,-101.0975706917899,,,
4860,4859,,,162.20006254988735,132,True,False,True,False,success,0.45647287368774414,,,ou_noise,0,1206120,1201121,1201121,19.788917748313963,-101.16407290371981,,,
4861,4860,,,168.7282356936343,126,True,False,True,False,success,0.4408031702041626,,,ou_noise,0,1206246,1201247,1201247,19.318218356087094,-100.99253481910343,,,
4862,4861,,,170.4337063505404,114,True,False,True,False,success,0.47800061106681824,,,ou_noise,0,1206360,1201361,1201361,18.23276819158019,-101.04463423344127,,,
4863,4862,,,170.0440980719486,120,True,False,True,False,success,0.425073504447937,,,ou_noise,0,1206480,1201481,1201481,14.03681085705757,-101.13910814921061,,,
4864,4863,,,165.58670512668587,130,True,False,True,False,success,0.4376595616340637,,,ou_noise,0,1206610,1201611,1201611,13.928300010240996,-100.96007960392879,,,
4865,4864,,,156.32076983822492,155,True,False,True,False,success,0.4639042913913727,,,ou_noise,0,1206765,1201766,1201766,11.445720225764859,-101.03263471049647,,,
4866,4865,,,164.43260052241237,128,True,False,True,False,success,0.47984182834625244,,,ou_noise,0,1206893,1201894,1201894,24.442667187191546,-101.0306875705719,,,
4867,4866,,,167.32215869550652,123,True,False,True,False,success,0.4785872995853424,,,ou_noise,0,1207016,1202017,1202017,23.43865003818419,-101.08964749468052,,,
4868,4867,,,160.3519166664305,141,True,False,True,False,success,0.4854646623134613,,,ou_noise,0,1207157,1202158,1202158,17.786187975964648,-101.03128462987588,,,
4869,4868,,,171.6469038510445,116,True,False,True,False,success,0.4480254054069519,,,ou_noise,0,1207273,1202274,1202274,12.509421048493222,-100.98899315143454,,,
4870,4869,,,163.3914683169832,136,True,False,True,False,success,0.4115378260612488,,,ou_noise,0,1207409,1202410,1202410,13.832070466350107,-101.13416682972627,,,
4871,4870,,,165.36321317933218,132,True,False,True,False,success,0.4260830879211426,,,ou_noise,0,1207541,1202542,1202542,15.825995952794045,-101.05899331063935,,,
4872,4871,,,165.78599136572515,129,True,False,True,False,success,0.48250460624694824,,,ou_noise,0,1207670,1202671,1202671,20.677752171375953,-101.2599474884743,,,
4873,4872,,,162.27591822023643,140,True,False,True,False,success,0.42174455523490906,,,ou_noise,0,1207810,1202811,1202811,18.81751982484545,-101.0492231641497,,,
4874,4873,,,-188.33619114702353,1000,False,False,False,True,cutoff,5.723160743713379,,,ou_noise,0,1208810,1203811,1203811,17.7099733479023,-101.01796622467042,,,
4875,4874,,,166.1702898359335,128,True,False,True,False,success,0.4455024003982544,,,ou_noise,0,1208938,1203939,1203939,19.5079202093184,-101.12730252742767,,,
4876,4875,,,-57.26735746506935,74,False,True,True,False,collision,4.433782577514648,,,ou_noise,0,1209012,1204013,1204013,14.719137670220556,-101.10537812516496,,,
4877,4876,,,136.8330999508149,205,True,False,True,False,success,0.4523354470729828,,,ou_noise,0,1209217,1204218,1204218,15.349544005859189,-100.94618065066454,,,
4878,4877,,,-72.4343823775587,151,False,True,True,False,collision,3.5124361515045166,,,ou_noise,0,1209368,1204369,1204369,13.172276675306408,-101.03003904835278,,,
4879,4878,,,129.48126530022773,243,True,False,True,False,success,0.48521625995635986,,,ou_noise,0,1209611,1204612,1204612,16.67291134375113,-101.13039944495684,,,
4880,4879,,,159.76986789979637,149,True,False,True,False,success,0.4599801003932953,,,ou_noise,0,1209760,1204761,1204761,15.021768249121289,-100.97999070954803,,,
4881,4880,,,165.4766580354153,132,True,False,True,False,success,0.47566577792167664,,,ou_noise,0,1209892,1204893,1204893,12.246845243555127,-100.90060528841886,,,
4882,4881,,,167.93778226238368,123,True,False,True,False,success,0.4164471924304962,,,ou_noise,0,1210015,1205016,1205016,9.28169807476726,-100.94924070776963,,,
4883,4882,,,168.32152746762887,121,True,False,True,False,success,0.4704340100288391,,,ou_noise,0,1210136,1205137,1205137,15.410732928386404,-100.87297650802233,,,
4884,4883,,,169.37856845974238,119,True,False,True,False,success,0.4184250235557556,,,ou_noise,0,1210255,1205256,1205256,21.566297075327704,-100.97030235739315,,,
4885,4884,,,165.7192751527732,128,True,False,True,False,success,0.4064633250236511,,,ou_noise,0,1210383,1205384,1205384,8.03860666230321,-101.09050458669662,,,
4886,4885,,,160.47974491470674,143,True,False,True,False,success,0.4456963837146759,,,ou_noise,0,1210526,1205527,1205527,12.291665598229095,-101.0509084954962,,,
4887,4886,,,161.68804167667594,139,True,False,True,False,success,0.47622573375701904,,,ou_noise,0,1210665,1205666,1205666,18.196065486763878,-101.06749977825356,,,
4888,4887,,,170.54618029243605,116,True,False,True,False,success,0.4109923541545868,,,ou_noise,0,1210781,1205782,1205782,20.16536840899237,-101.0234695303029,,,
4889,4888,,,160.6774956204423,144,True,False,True,False,success,0.44616565108299255,,,ou_noise,0,1210925,1205926,1205926,20.710008907649254,-100.92828967836168,,,
4890,4889,,,169.72091077396232,124,True,False,True,False,success,0.48254942893981934,,,ou_noise,0,1211049,1206050,1206050,17.085895522948235,-101.08201463760868,,,
4891,4890,,,163.56688495188482,138,True,False,True,False,success,0.47359463572502136,,,ou_noise,0,1211187,1206188,1206188,19.493287469165914,-101.06189318670742,,,
4892,4891,,,164.8152569045829,129,True,False,True,False,success,0.4715690612792969,,,ou_noise,0,1211316,1206317,1206317,11.1811023100402,-101.04754289730575,,,
4893,4892,,,164.0459661573761,125,True,False,True,False,success,0.4893144369125366,,,ou_noise,0,1211441,1206442,1206442,18.21293051624298,-100.86469476318359,,,
4894,4893,,,167.7604712019633,123,True,False,True,False,success,0.44641247391700745,,,ou_noise,0,1211564,1206565,1206565,14.092069523121284,-101.02465950570455,,,
4895,4894,,,170.18058303109683,115,True,False,True,False,success,0.4755327105522156,,,ou_noise,0,1211679,1206680,1206680,16.705210922075356,-100.96415491518766,,,
4896,4895,,,166.5719193980721,125,True,False,True,False,success,0.4754561185836792,,,ou_noise,0,1211804,1206805,1206805,18.52401492023468,-100.98915057373047,,,
4897,4896,,,-68.6103392912595,105,False,True,True,False,collision,4.127121925354004,,,ou_noise,0,1211909,1206910,1206910,18.53282689934685,-100.96883552187965,,,
4898,4897,,,154.9243585208176,142,True,False,True,False,success,0.4570212662220001,,,ou_noise,0,1212051,1207052,1207052,13.889256678836446,-101.0720840239189,,,
4899,4898,,,156.29357338841737,151,True,False,True,False,success,0.4416651427745819,,,ou_noise,0,1212202,1207203,1207203,16.005082082274733,-101.14095988494671,,,
4900,4899,,,-92.16436061470988,33,False,True,True,False,collision,8.578842163085938,,,ou_noise,0,1212235,1207236,1207236,12.315568855314543,-100.77484639485677,,,
4901,4900,,,165.00674156307173,126,True,False,True,False,success,0.4948066473007202,,,ou_noise,0,1212361,1207362,1207362,16.40901849099568,-100.95418960329086,,,
4902,4901,,,166.2661801055359,126,True,False,True,False,success,0.4858820140361786,,,ou_noise,0,1212487,1207488,1207488,22.619420448939007,-101.07265853881836,,,
4903,4902,,,168.85177418514442,125,True,False,True,False,success,0.47352278232574463,,,ou_noise,0,1212612,1207613,1207613,15.149276512145995,-101.08898345947266,,,
4904,4903,,,-282.15132689666456,1000,False,False,False,True,cutoff,8.975127220153809,,,ou_noise,0,1213612,1208613,1208613,15.089583674907685,-100.98231929016113,,,
4905,4904,,,166.6325639880238,125,True,False,True,False,success,0.4356841444969177,,,ou_noise,0,1213737,1208738,1208738,14.050566908836364,-100.93507000732421,,,
4906,4905,,,161.91662020621413,142,True,False,True,False,success,0.49749118089675903,,,ou_noise,0,1213879,1208880,1208880,18.380737158614146,-101.00853756112112,,,
4907,4906,,,168.0569400398325,125,True,False,True,False,success,0.4133394658565521,,,ou_noise,0,1214004,1209005,1209005,11.711775512695313,-100.81785974121094,,,
4908,4907,,,162.96970050794351,134,True,False,True,False,success,0.49529579281806946,,,ou_noise,0,1214138,1209139,1209139,20.31502946899898,-100.95637557755656,,,
4909,4908,,,166.85333534282688,126,True,False,True,False,success,0.42740321159362793,,,ou_noise,0,1214264,1209265,1209265,23.299993486631486,-100.89635297987196,,,
4910,4909,,,-188.6282028317105,1000,False,False,False,True,cutoff,5.559619426727295,,,ou_noise,0,1215264,1210265,1210265,15.90733166527748,-100.82761078643799,,,
4911,4910,,,-122.3307984597397,124,False,True,True,False,collision,7.908341884613037,,,ou_noise,0,1215388,1210389,1210389,21.471045773836874,-100.78161781064925,,,
4912,4911,,,158.3435616367522,151,True,False,True,False,success,0.47612977027893066,,,ou_noise,0,1215539,1210540,1210540,18.26520855063634,-100.83266216555968,,,
4913,4912,,,170.0952498637238,118,True,False,True,False,success,0.4344399571418762,,,ou_noise,0,1215657,1210658,1210658,24.494543057377054,-100.79889245760643,,,
4914,4913,,,169.82427318600068,114,True,False,True,False,success,0.42079752683639526,,,ou_noise,0,1215771,1210772,1210772,15.339786021332992,-100.6859484890051,,,
4915,4914,,,166.05492866446798,133,True,False,True,False,success,0.4437483847141266,,,ou_noise,0,1215904,1210905,1210905,12.538555051151075,-100.71468181179878,,,
4916,4915,,,169.57258404799876,128,True,False,True,False,success,0.44809120893478394,,,ou_noise,0,1216032,1211033,1211033,19.868892952799797,-100.7749336361885,,,
4917,4916,,,163.32272125135728,136,True,False,True,False,success,0.42201220989227295,,,ou_noise,0,1216168,1211169,1211169,19.154150151154575,-100.65777851553524,,,
4918,4917,,,167.04273487522715,129,True,False,True,False,success,0.41769954562187195,,,ou_noise,0,1216297,1211298,1211298,15.28019406906394,-100.79084653632586,,,
4919,4918,,,173.505742673777,108,True,False,True,False,success,0.47004345059394836,,,ou_noise,0,1216405,1211406,1211406,17.237023381171404,-100.81016943189833,,,
4920,4919,,,157.6616814237198,148,True,False,True,False,success,0.48630064725875854,,,ou_noise,0,1216553,1211554,1211554,19.01993779153437,-100.73862823280129,,,
4921,4920,,,-165.76704858849308,371,False,True,True,False,collision,3.410999298095703,,,ou_noise,0,1216924,1211925,1211925,15.2919925473771,-100.70277624824298,,,
4922,4921,,,-92.98956799093867,33,False,True,True,False,collision,8.647430419921875,,,ou_noise,0,1216957,1211958,1211958,10.198756373289859,-100.9870508367365,,,
4923,4922,,,-113.54527439772487,123,False,True,True,False,collision,7.28874397277832,,,ou_noise,0,1217080,1212081,1212081,13.21971458923526,-100.64242870051686,,,
4924,4923,,,-92.5579350586058,42,False,True,True,False,collision,8.282441139221191,,,ou_noise,0,1217122,1212123,1212123,17.958916865644,-100.67178544544038,,,
4925,4924,,,171.18124561555464,113,True,False,True,False,success,0.4009310007095337,,,ou_noise,0,1217235,1212236,1212236,12.133957701446736,-100.84206039293677,,,
4926,4925,,,168.6364089529468,119,True,False,True,False,success,0.44488364458084106,,,ou_noise,0,1217354,1212355,1212355,21.762715015090816,-100.8147724696568,,,
4927,4926,,,168.45638563190766,119,True,False,True,False,success,0.45199668407440186,,,ou_noise,0,1217473,1212474,1212474,11.14053109713963,-100.76229723762063,,,
4928,4927,,,-207.87972104264156,1000,False,False,False,True,cutoff,5.125441074371338,,,ou_noise,0,1218473,1213474,1213474,14.889156029820443,-100.76592803955079,,,
4929,4928,,,164.1005450703346,135,True,False,True,False,success,0.43676501512527466,,,ou_noise,0,1218608,1213609,1213609,20.525703147605615,-100.6203928064417,,,
4930,4929,,,159.17698205157043,152,True,False,True,False,success,0.44130733609199524,,,ou_noise,0,1218760,1213761,1213761,16.522445704591902,-100.73875131105122,,,
4931,4930,,,167.1049450046948,126,True,False,True,False,success,0.46593931317329407,,,ou_noise,0,1218886,1213887,1213887,19.489214757132153,-100.73101497831799,,,
4932,4931,,,168.88887229574257,119,True,False,True,False,success,0.47847962379455566,,,ou_noise,0,1219005,1214006,1214006,13.085347991029755,-100.63722075133765,,,
4933,4932,,,-96.41135250366996,57,False,True,True,False,collision,8.226676940917969,,,ou_noise,0,1219062,1214063,1214063,25.287346239675557,-100.76204828630414,,,
4934,4933,,,164.67477838311584,132,True,False,True,False,success,0.4317006766796112,,,ou_noise,0,1219194,1214195,1214195,16.753045375600006,-100.69657291065563,,,
4935,4934,,,170.11075150195404,116,True,False,True,False,success,0.4297696352005005,,,ou_noise,0,1219310,1214311,1214311,10.258684303226142,-100.64562758084001,,,
4936,4935,,,165.01689025891955,135,True,False,True,False,success,0.4820498526096344,,,ou_noise,0,1219445,1214446,1214446,10.061537113896122,-100.68690552888093,,,
4937,4936,,,-101.44521925131173,72,False,True,True,False,collision,7.957362651824951,,,ou_noise,0,1219517,1214518,1214518,22.142906430694794,-100.57044209374322,,,
4938,4937,,,172.6531721460653,114,True,False,True,False,success,0.4468034505844116,,,ou_noise,0,1219631,1214632,1214632,12.26217677405006,-100.70560903716506,,,
4939,4938,,,162.74303870533532,137,True,False,True,False,success,0.47981536388397217,,,ou_noise,0,1219768,1214769,1214769,14.75672569588153,-100.78484322206818,,,
4940,4939,,,-64.9640855114554,91,False,True,True,False,collision,4.725837707519531,,,ou_noise,0,1219859,1214860,1214860,17.393648345391828,-100.68470521025606,,,
4941,4940,,,160.0426229480276,154,True,False,True,False,success,0.4472227096557617,,,ou_noise,0,1220013,1215014,1215014,16.522627388502094,-100.76511373148335,,,
4942,4941,,,171.2808535836087,116,True,False,True,False,success,0.4170073866844177,,,ou_noise,0,1220129,1215130,1215130,10.254818058219449,-100.82376683991531,,,
4943,4942,,,168.31482847073787,130,True,False,True,False,success,0.467681884765625,,,ou_noise,0,1220259,1215260,1215260,18.235423363172092,-100.58003387451171,,,
4944,4943,,,-103.0108648645204,73,False,True,True,False,collision,8.481194496154785,,,ou_noise,0,1220332,1215333,1215333,22.860276169972877,-100.72270505722256,,,
4945,4944,,,167.3383078334677,125,True,False,True,False,success,0.4695037603378296,,,ou_noise,0,1220457,1215458,1215458,19.71618131542206,-100.84345422363282,,,
4946,4945,,,166.42459131409174,127,True,False,True,False,success,0.48548275232315063,,,ou_noise,0,1220584,1215585,1215585,17.86480376194781,-100.77725177674782,,,
4947,4946,,,-73.65211646416651,77,False,True,True,False,collision,5.777774333953857,,,ou_noise,0,1220661,1215662,1215662,28.989278593620696,-100.66228812081474,,,
4948,4947,,,169.48121189761878,117,True,False,True,False,success,0.4953175187110901,,,ou_noise,0,1220778,1215779,1215779,16.00271356003916,-100.82430449917786,,,
4949,4948,,,-248.35311534835995,761,False,True,True,False,collision,2.9694080352783203,,,ou_noise,0,1221539,1216540,1216540,18.13519373250227,-100.73960542616173,,,
4950,4949,,,166.39952769234299,122,True,False,True,False,success,0.490766704082489,,,ou_noise,0,1221661,1216662,1216662,12.436032267867542,-100.7316122836754,,,
4951,4950,,,158.0254362375568,156,True,False,True,False,success,0.40181756019592285,,,ou_noise,0,1221817,1216818,1216818,15.633203955797049,-100.68720509455754,,,
4952,4951,,,167.36885246078714,133,True,False,True,False,success,0.45271146297454834,,,ou_noise,0,1221950,1216951,1216951,14.73866401310254,-100.70597575481673,,,
4953,4952,,,170.0204009462177,116,True,False,True,False,success,0.4361267387866974,,,ou_noise,0,1222066,1217067,1217067,18.83337212328253,-100.64698107489224,,,
4954,4953,,,160.26111238794783,147,True,False,True,False,success,0.43651166558265686,,,ou_noise,0,1222213,1217214,1217214,15.28585924745417,-100.71158179458307,,,
4955,4954,,,166.73526256839838,129,True,False,True,False,success,0.40857645869255066,,,ou_noise,0,1222342,1217343,1217343,18.624474841494894,-100.72645042478577,,,
4956,4955,,,165.85042828759947,129,True,False,True,False,success,0.4802635908126831,,,ou_noise,0,1222471,1217472,1217472,21.8533762961395,-100.74947197492733,,,
4957,4956,,,170.99007837209413,119,True,False,True,False,success,0.4625585377216339,,,ou_noise,0,1222590,1217591,1217591,15.652845045097736,-100.62373832894974,,,
4958,4957,,,149.38366140657033,168,True,False,True,False,success,0.42653512954711914,,,ou_noise,0,1222758,1217759,1217759,13.211334418682824,-100.50356769561768,,,
4959,4958,,,166.04149877319713,130,True,False,True,False,success,0.45778343081474304,,,ou_noise,0,1222888,1217889,1217889,15.292741380288051,-100.68493634737455,,,
4960,4959,,,165.04837417413614,133,True,False,True,False,success,0.40974393486976624,,,ou_noise,0,1223021,1218022,1218022,16.354057867724197,-100.72043013034907,,,
4961,4960,,,-264.5876415735315,1000,False,False,False,True,cutoff,4.276553153991699,,,ou_noise,0,1224021,1219022,1219022,18.849111417651176,-100.58832657623292,,,
4962,4961,,,164.5692651050555,129,True,False,True,False,success,0.43818604946136475,,,ou_noise,0,1224150,1219151,1219151,14.716483042221661,-100.56784672700158,,,
4963,4962,,,154.63650507676226,147,True,False,True,False,success,0.4531622529029846,,,ou_noise,0,1224297,1219298,1219298,16.916716405323573,-100.55512990108153,,,
4964,4963,,,168.76758858464166,120,True,False,True,False,success,0.4104946553707123,,,ou_noise,0,1224417,1219418,1219418,16.786703513065973,-100.6316255569458,,,
4965,4964,,,171.72338569259077,112,True,False,True,False,success,0.4129050672054291,,,ou_noise,0,1224529,1219530,1219530,24.122233328010356,-100.48980624335152,,,
4966,4965,,,172.2784331502722,111,True,False,True,False,success,0.49819448590278625,,,ou_noise,0,1224640,1219641,1219641,17.522127755053408,-100.62077716449359,,,
4967,4966,,,164.49337508581397,130,True,False,True,False,success,0.48128706216812134,,,ou_noise,0,1224770,1219771,1219771,18.28957836352862,-100.54344024658204,,,
4968,4967,,,167.0163935486867,124,True,False,True,False,success,0.4781983494758606,,,ou_noise,0,1224894,1219895,1219895,19.608904004096985,-100.4776501809397,,,
4969,4968,,,165.12992959208984,126,True,False,True,False,success,0.4521329998970032,,,ou_noise,0,1225020,1220021,1220021,13.663094382437448,-100.62415168398903,,,
4970,4969,,,170.43042826623514,119,True,False,True,False,success,0.4620664119720459,,,ou_noise,0,1225139,1220140,1220140,24.333894459139398,-100.50591169084821,,,
4971,4970,,,169.90195783742556,119,True,False,True,False,success,0.4368942975997925,,,ou_noise,0,1225258,1220259,1220259,15.96799517779791,-100.62633296421596,,,
4972,4971,,,-205.29538165288486,1000,False,False,False,True,cutoff,5.768675804138184,,,ou_noise,0,1226258,1221259,1221259,17.56201420879364,-100.50895282745361,,,
4973,4972,,,166.72546991342787,129,True,False,True,False,success,0.4023883640766144,,,ou_noise,0,1226387,1221388,1221388,15.131403862043868,-100.45358974249788,,,
4974,4973,,,167.9044526905961,128,True,False,True,False,success,0.41543763875961304,,,ou_noise,0,1226515,1221516,1221516,15.244928302243352,-100.41901659965515,,,
4975,4974,,,170.49085269486346,120,True,False,True,False,success,0.43502748012542725,,,ou_noise,0,1226635,1221636,1221636,11.356564475099246,-100.36854076385498,,,
4976,4975,,,-124.4045197190583,285,False,True,True,False,collision,4.348422050476074,,,ou_noise,0,1226920,1221921,1221921,15.730509861728601,-100.54421108312773,,,
4977,4976,,,163.7701035672669,133,True,False,True,False,success,0.4711398780345917,,,ou_noise,0,1227053,1222054,1222054,13.915302467525454,-100.51120700692772,,,
4978,4977,,,154.59168475655872,153,True,False,True,False,success,0.4811629056930542,,,ou_noise,0,1227206,1222207,1222207,18.79080302107568,-100.45988239961513,,,
4979,4978,,,169.34395244011498,119,True,False,True,False,success,0.49236929416656494,,,ou_noise,0,1227325,1222326,1222326,18.185932358773815,-100.48879254765872,,,
4980,4979,,,164.5146590322747,134,True,False,True,False,success,0.4344944953918457,,,ou_noise,0,1227459,1222460,1222460,13.319532256517837,-100.502984573592,,,
4981,4980,,,169.3643646764529,121,True,False,True,False,success,0.47778332233428955,,,ou_noise,0,1227580,1222581,1222581,13.393331270572567,-100.51149718229436,,,
4982,4981,,,158.56033355705438,142,True,False,True,False,success,0.4865944981575012,,,ou_noise,0,1227722,1222723,1222723,18.61687335329996,-100.51670418322927,,,
4983,4982,,,164.21259281279936,132,True,False,True,False,success,0.471743643283844,,,ou_noise,0,1227854,1222855,1222855,12.729325419122523,-100.46662232370088,,,
4984,4983,,,164.83875554172266,133,True,False,True,False,success,0.4936888813972473,,,ou_noise,0,1227987,1222988,1222988,18.375838248353254,-100.55772686721687,,,
4985,4984,,,164.4367029496412,128,True,False,True,False,success,0.46638619899749756,,,ou_noise,0,1228115,1223116,1223116,16.592654218897223,-100.48245877027512,,,
4986,4985,,,160.40696467820686,137,True,False,True,False,success,0.4852210581302643,,,ou_noise,0,1228252,1223253,1223253,23.8397906026701,-100.46083152381173,,,
4987,4986,,,157.07887383843007,134,True,False,True,False,success,0.4273679256439209,,,ou_noise,0,1228386,1223387,1223387,13.825250217274053,-100.51491683276731,,,
4988,4987,,,158.93147693105095,143,True,False,True,False,success,0.481686532497406,,,ou_noise,0,1228529,1223530,1223530,11.980404652915635,-100.61775159502363,,,
4989,4988,,,167.0039848957203,132,True,False,True,False,success,0.4979623854160309,,,ou_noise,0,1228661,1223662,1223662,20.972555076534096,-100.54364522298177,,,
4990,4989,,,169.69297234086412,117,True,False,True,False,success,0.445372611284256,,,ou_noise,0,1228778,1223779,1223779,18.761590337141968,-100.53403766338641,,,
4991,4990,,,170.40744714159655,123,True,False,True,False,success,0.46925902366638184,,,ou_noise,0,1228901,1223902,1223902,13.902020444714926,-100.49169872252922,,,
4992,4991,,,169.61765135631015,115,True,False,True,False,success,0.49055343866348267,,,ou_noise,0,1229016,1224017,1224017,19.158387968851173,-100.41697507111923,,,
4993,4992,,,-284.7838477658186,1000,False,False,False,True,cutoff,4.169570446014404,,,ou_noise,0,1230016,1225017,1225017,17.796551022410394,-100.48446856689453,,,
4994,4993,,,163.8943657367432,132,True,False,True,False,success,0.4703689515590668,,,ou_noise,0,1230148,1225149,1225149,15.670513499866832,-100.30911711490515,,,
4995,4994,,,162.5451115692443,145,True,False,True,False,success,0.4597148299217224,,,ou_noise,0,1230293,1225294,1225294,15.058113912878365,-100.36143020103718,,,
4996,4995,,,169.28204456970232,119,True,False,True,False,success,0.4703426957130432,,,ou_noise,0,1230412,1225413,1225413,21.806749528195677,-100.43148547260701,,,
4997,4996,,,169.73827247334333,124,True,False,True,False,success,0.4612078368663788,,,ou_noise,0,1230536,1225537,1225537,12.460675515474811,-100.43267453101373,,,
4998,4997,,,169.3361377483041,118,True,False,True,False,success,0.44655314087867737,,,ou_noise,0,1230654,1225655,1225655,10.352547934499837,-100.50186849044542,,,
4999,4998,,,163.15434330197112,130,True,False,True,False,success,0.45632073283195496,,,ou_noise,0,1230784,1225785,1225785,16.34188100924859,-100.39528468205378,,,
5000,4999,,,160.7323838990296,136,True,False,True,False,success,0.493377685546875,,,ou_noise,0,1230920,1225921,1225921,15.520844733890366,-100.45101104063146,,,
