episode,seed,algorithm,scenario,reward,length,success,collision,terminated,truncated,termination_reason,final_distance,flags_collected,epsilon,exploration_mode,random_action_steps,environment_steps,critic_updates,actor_updates,critic_loss,actor_loss,alpha_loss,alpha,td_error
1,0,,,-39.5,100,False,False,False,True,cutoff,,1,1.0,epsilon_greedy,,100,,,,,,,0.5836750000000004
2,1,,,-29.0,100,False,False,False,True,cutoff,,2,0.99981,epsilon_greedy,,200,,,,,,,0.6709450000000003
3,2,,,-29.0,100,False,False,False,True,cutoff,,2,0.99962,epsilon_greedy,,300,,,,,,,0.6782200000000002
4,3,,,-39.5,100,False,False,False,True,cutoff,,1,0.9994299999999999,epsilon_greedy,,400,,,,,,,0.5709455000000001
5,4,,,-39.5,100,False,False,False,True,cutoff,,1,0.9992399999999999,epsilon_greedy,,500,,,,,,,0.5719369050000004
6,5,,,-29.0,100,False,False,False,True,cutoff,,2,0.9990499999999999,epsilon_greedy,,600,,,,,,,0.6737139845000002
7,6,,,-29.0,100,False,False,False,True,cutoff,,2,0.9988599999999999,epsilon_greedy,,700,,,,,,,0.6544315000000003
8,7,,,-39.5,100,False,False,False,True,cutoff,,1,0.9986699999999998,epsilon_greedy,,800,,,,,,,0.5655050860500004
9,8,,,-18.5,100,False,False,False,True,cutoff,,3,0.9984799999999998,epsilon_greedy,,900,,,,,,,0.7686655750000001
10,9,,,-29.0,100,False,False,False,True,cutoff,,2,0.9982899999999998,epsilon_greedy,,1000,,,,,,,0.6552453024450005
11,10,,,-29.0,100,False,False,False,True,cutoff,,2,0.9980999999999998,epsilon_greedy,,1100,,,,,,,0.6709542647005001
12,11,,,-39.5,100,False,False,False,True,cutoff,,1,0.9979099999999997,epsilon_greedy,,1200,,,,,,,0.5821027500000001
13,12,,,-29.0,100,False,False,False,True,cutoff,,2,0.9977199999999997,epsilon_greedy,,1300,,,,,,,0.64135968073045
14,13,,,-39.5,100,False,False,False,True,cutoff,,1,0.9975299999999997,epsilon_greedy,,1400,,,,,,,0.5248323290490698
15,14,,,-39.5,100,False,False,False,True,cutoff,,1,0.9973399999999997,epsilon_greedy,,1500,,,,,,,0.5501338721825004
16,15,,,-39.5,100,False,False,False,True,cutoff,,1,0.9971499999999996,epsilon_greedy,,1600,,,,,,,0.5397515496892502
17,16,,,-39.5,100,False,False,False,True,cutoff,,1,0.9969599999999996,epsilon_greedy,,1700,,,,,,,0.5413320261203254
18,17,,,-29.0,100,False,False,False,True,cutoff,,2,0.9967699999999996,epsilon_greedy,,1800,,,,,,,0.5864121948517232
19,18,,,-29.0,100,False,False,False,True,cutoff,,2,0.9965799999999996,epsilon_greedy,,1900,,,,,,,0.6488594798932484
20,19,,,-39.5,100,False,False,False,True,cutoff,,1,0.9963899999999996,epsilon_greedy,,2000,,,,,,,0.5267290778948557
21,20,,,-29.0,100,False,False,False,True,cutoff,,2,0.9961999999999995,epsilon_greedy,,2100,,,,,,,0.6387302671225004
22,21,,,-29.0,100,False,False,False,True,cutoff,,2,0.9960099999999995,epsilon_greedy,,2200,,,,,,,0.6518236198534737
23,22,,,-39.5,100,False,False,False,True,cutoff,,1,0.9958199999999995,epsilon_greedy,,2300,,,,,,,0.49455745055757516
24,23,,,-39.5,100,False,False,False,True,cutoff,,1,0.9956299999999995,epsilon_greedy,,2400,,,,,,,0.49548543409710455
25,24,,,-39.5,100,False,False,False,True,cutoff,,1,0.9954399999999994,epsilon_greedy,,2500,,,,,,,0.4975320022317232
26,25,,,-39.5,100,False,False,False,True,cutoff,,1,0.9952499999999994,epsilon_greedy,,2600,,,,,,,0.5649600712651418
27,26,,,-39.5,100,False,False,False,True,cutoff,,1,0.9950599999999994,epsilon_greedy,,2700,,,,,,,0.5118018641552772
28,27,,,-29.0,100,False,False,False,True,cutoff,,2,0.9948699999999994,epsilon_greedy,,2800,,,,,,,0.6413738332018074
29,28,,,-29.0,100,False,False,False,True,cutoff,,2,0.9946799999999993,epsilon_greedy,,2900,,,,,,,0.6565826695931056
30,29,,,-29.0,100,False,False,False,True,cutoff,,2,0.9944899999999993,epsilon_greedy,,3000,,,,,,,0.6330474014930929
31,30,,,-39.5,100,False,False,False,True,cutoff,,1,0.9942999999999993,epsilon_greedy,,3100,,,,,,,0.4811464172154053
32,31,,,-39.5,100,False,False,False,True,cutoff,,1,0.9941099999999993,epsilon_greedy,,3200,,,,,,,0.48839865174988667
33,32,,,-29.0,100,False,False,False,True,cutoff,,2,0.9939199999999992,epsilon_greedy,,3300,,,,,,,0.6487662949300217
34,33,,,-29.0,100,False,False,False,True,cutoff,,2,0.9937299999999992,epsilon_greedy,,3400,,,,,,,0.6628330756670034
35,34,,,-29.0,100,False,False,False,True,cutoff,,2,0.9935399999999992,epsilon_greedy,,3500,,,,,,,0.600817541967166
36,35,,,-29.0,100,False,False,False,True,cutoff,,2,0.9933499999999992,epsilon_greedy,,3600,,,,,,,0.6076809227446133
37,36,,,-39.5,100,False,False,False,True,cutoff,,1,0.9931599999999992,epsilon_greedy,,3700,,,,,,,0.589003624474421
38,37,,,-39.5,100,False,False,False,True,cutoff,,1,0.9929699999999991,epsilon_greedy,,3800,,,,,,,0.5218217538525391
39,38,,,-39.5,100,False,False,False,True,cutoff,,1,0.9927799999999991,epsilon_greedy,,3900,,,,,,,0.5888382174902275
40,39,,,-29.0,100,False,False,False,True,cutoff,,2,0.9925899999999991,epsilon_greedy,,4000,,,,,,,0.6054792768490858
41,40,,,-29.0,100,False,False,False,True,cutoff,,2,0.9923999999999991,epsilon_greedy,,4100,,,,,,,0.6308300081191662
42,41,,,-29.0,100,False,False,False,True,cutoff,,2,0.992209999999999,epsilon_greedy,,4200,,,,,,,0.5892971265251726
43,42,,,-29.0,100,False,False,False,True,cutoff,,2,0.992019999999999,epsilon_greedy,,4300,,,,,,,0.6323783058390745
44,43,,,-29.0,100,False,False,False,True,cutoff,,2,0.991829999999999,epsilon_greedy,,4400,,,,,,,0.6519150758042859
45,44,,,-39.5,100,False,False,False,True,cutoff,,1,0.991639999999999,epsilon_greedy,,4500,,,,,,,0.556606051673685
46,45,,,-29.0,100,False,False,False,True,cutoff,,2,0.9914499999999989,epsilon_greedy,,4600,,,,,,,0.623471345537947
47,46,,,-39.5,100,False,False,False,True,cutoff,,1,0.9912599999999989,epsilon_greedy,,4700,,,,,,,0.4683130699708763
48,47,,,-29.0,100,False,False,False,True,cutoff,,2,0.9910699999999989,epsilon_greedy,,4800,,,,,,,0.6298960529395667
49,48,,,-39.5,100,False,False,False,True,cutoff,,1,0.9908799999999989,epsilon_greedy,,4900,,,,,,,0.5474597494726524
50,49,,,-18.5,100,False,False,False,True,cutoff,,3,0.9906899999999988,epsilon_greedy,,5000,,,,,,,0.6752426371566688
51,50,,,-39.5,100,False,False,False,True,cutoff,,1,0.9904999999999988,epsilon_greedy,,5100,,,,,,,0.4689800026144272
52,51,,,-39.5,100,False,False,False,True,cutoff,,1,0.9903099999999988,epsilon_greedy,,5200,,,,,,,0.5846985361159678
53,52,,,-29.0,100,False,False,False,True,cutoff,,2,0.9901199999999988,epsilon_greedy,,5300,,,,,,,0.655923828519327
54,53,,,-29.0,100,False,False,False,True,cutoff,,2,0.9899299999999988,epsilon_greedy,,5400,,,,,,,0.7101291245860133
55,54,,,-29.0,100,False,False,False,True,cutoff,,2,0.9897399999999987,epsilon_greedy,,5500,,,,,,,0.7099455132050018
56,55,,,-39.5,100,False,False,False,True,cutoff,,1,0.9895499999999987,epsilon_greedy,,5600,,,,,,,0.47647439783284995
57,56,,,-39.5,100,False,False,False,True,cutoff,,1,0.9893599999999987,epsilon_greedy,,5700,,,,,,,0.548344484968457
58,57,,,-39.5,100,False,False,False,True,cutoff,,1,0.9891699999999987,epsilon_greedy,,5800,,,,,,,0.45073443664682095
59,58,,,-39.5,100,False,False,False,True,cutoff,,1,0.9889799999999986,epsilon_greedy,,5900,,,,,,,0.660307233368932
60,59,,,-39.5,100,False,False,False,True,cutoff,,1,0.9887899999999986,epsilon_greedy,,6000,,,,,,,0.5871788113244896
61,60,,,-29.0,100,False,False,False,True,cutoff,,2,0.9885999999999986,epsilon_greedy,,6100,,,,,,,0.6693605458155493
62,61,,,-29.0,100,False,False,False,True,cutoff,,2,0.9884099999999986,epsilon_greedy,,6200,,,,,,,0.6843091203264522
63,62,,,-39.5,100,False,False,False,True,cutoff,,1,0.9882199999999985,epsilon_greedy,,6300,,,,,,,0.5522961720580052
64,63,,,-29.0,100,False,False,False,True,cutoff,,2,0.9880299999999985,epsilon_greedy,,6400,,,,,,,0.80595919054781
65,64,,,-39.5,100,False,False,False,True,cutoff,,1,0.9878399999999985,epsilon_greedy,,6500,,,,,,,0.46296040842787434
66,65,,,-39.5,100,False,False,False,True,cutoff,,1,0.9876499999999985,epsilon_greedy,,6600,,,,,,,0.5677541510017362
67,66,,,-39.5,100,False,False,False,True,cutoff,,1,0.9874599999999985,epsilon_greedy,,6700,,,,,,,0.606581528050621
68,67,,,-29.0,100,False,False,False,True,cutoff,,2,0.9872699999999984,epsilon_greedy,,6800,,,,,,,0.6175567090907569
69,68,,,-29.0,100,False,False,False,True,cutoff,,2,0.9870799999999984,epsilon_greedy,,6900,,,,,,,0.6714515169233786
70,69,,,-39.5,100,False,False,False,True,cutoff,,1,0.9868899999999984,epsilon_greedy,,7000,,,,,,,0.6689597561242597
71,70,,,-39.5,100,False,False,False,True,cutoff,,1,0.9866999999999984,epsilon_greedy,,7100,,,,,,,0.5354557042421689
72,71,,,-39.5,100,False,False,False,True,cutoff,,1,0.9865099999999983,epsilon_greedy,,7200,,,,,,,0.5352771462261864
73,72,,,-18.5,100,False,False,False,True,cutoff,,3,0.9863199999999983,epsilon_greedy,,7300,,,,,,,0.7443059685716018
74,73,,,-29.0,100,False,False,False,True,cutoff,,2,0.9861299999999983,epsilon_greedy,,7400,,,,,,,0.6414439075720992
75,74,,,-39.5,100,False,False,False,True,cutoff,,1,0.9859399999999983,epsilon_greedy,,7500,,,,,,,0.5758359591129751
76,75,,,-18.5,100,False,False,False,True,cutoff,,3,0.9857499999999982,epsilon_greedy,,7600,,,,,,,0.7198196679491844
77,76,,,-29.0,100,False,False,False,True,cutoff,,2,0.9855599999999982,epsilon_greedy,,7700,,,,,,,0.6544576110230325
78,77,,,-39.5,100,False,False,False,True,cutoff,,1,0.9853699999999982,epsilon_greedy,,7800,,,,,,,0.5771082218764356
79,78,,,-39.5,100,False,False,False,True,cutoff,,1,0.9851799999999982,epsilon_greedy,,7900,,,,,,,0.5907886579476991
80,79,,,-50.0,100,False,False,False,True,cutoff,,0,0.9849899999999981,epsilon_greedy,,8000,,,,,,,0.6275375120342312
81,80,,,-39.5,100,False,False,False,True,cutoff,,1,0.9847999999999981,epsilon_greedy,,8100,,,,,,,0.5389917640113213
82,81,,,-29.0,100,False,False,False,True,cutoff,,2,0.9846099999999981,epsilon_greedy,,8200,,,,,,,0.5664702256909429
83,82,,,-39.5,100,False,False,False,True,cutoff,,1,0.9844199999999981,epsilon_greedy,,8300,,,,,,,0.6130629557028672
84,83,,,-39.5,100,False,False,False,True,cutoff,,1,0.984229999999998,epsilon_greedy,,8400,,,,,,,0.5950758421467967
85,84,,,-39.5,100,False,False,False,True,cutoff,,1,0.984039999999998,epsilon_greedy,,8500,,,,,,,0.5281459379889891
86,85,,,-29.0,100,False,False,False,True,cutoff,,2,0.983849999999998,epsilon_greedy,,8600,,,,,,,0.6827500763324085
87,86,,,-18.5,100,False,False,False,True,cutoff,,3,0.983659999999998,epsilon_greedy,,8700,,,,,,,0.685655009505763
88,87,,,-39.5,100,False,False,False,True,cutoff,,1,0.983469999999998,epsilon_greedy,,8800,,,,,,,0.47921461457910014
89,88,,,-39.5,100,False,False,False,True,cutoff,,1,0.9832799999999979,epsilon_greedy,,8900,,,,,,,0.4965393025025411
90,89,,,-29.0,100,False,False,False,True,cutoff,,2,0.9830899999999979,epsilon_greedy,,9000,,,,,,,0.6362319422163779
91,90,,,-29.0,100,False,False,False,True,cutoff,,2,0.9828999999999979,epsilon_greedy,,9100,,,,,,,0.6294511082952479
92,91,,,-39.5,100,False,False,False,True,cutoff,,1,0.9827099999999979,epsilon_greedy,,9200,,,,,,,1.0576112557325323
93,92,,,-29.0,100,False,False,False,True,cutoff,,2,0.9825199999999978,epsilon_greedy,,9300,,,,,,,0.57081705858061
94,93,,,-39.5,100,False,False,False,True,cutoff,,1,0.9823299999999978,epsilon_greedy,,9400,,,,,,,0.6210521363288932
95,94,,,-18.5,100,False,False,False,True,cutoff,,3,0.9821399999999978,epsilon_greedy,,9500,,,,,,,0.7284478758771707
96,95,,,-39.5,100,False,False,False,True,cutoff,,1,0.9819499999999978,epsilon_greedy,,9600,,,,,,,0.5832913455430336
97,96,,,-39.5,100,False,False,False,True,cutoff,,1,0.9817599999999977,epsilon_greedy,,9700,,,,,,,0.5848006007925514
98,97,,,-29.0,100,False,False,False,True,cutoff,,2,0.9815699999999977,epsilon_greedy,,9800,,,,,,,0.7388929739280199
99,98,,,-29.0,100,False,False,False,True,cutoff,,2,0.9813799999999977,epsilon_greedy,,9900,,,,,,,0.6183479442295092
100,99,,,-29.0,100,False,False,False,True,cutoff,,2,0.9811899999999977,epsilon_greedy,,10000,,,,,,,0.658743914824461
101,100,,,-29.0,100,False,False,False,True,cutoff,,2,0.9809999999999977,epsilon_greedy,,10100,,,,,,,0.6545172333149274
102,101,,,-39.5,100,False,False,False,True,cutoff,,1,0.9808099999999976,epsilon_greedy,,10200,,,,,,,0.92768335679003
103,102,,,-50.0,100,False,False,False,True,cutoff,,0,0.9806199999999976,epsilon_greedy,,10300,,,,,,,0.9434665984177011
104,103,,,-29.0,100,False,False,False,True,cutoff,,2,0.9804299999999976,epsilon_greedy,,10400,,,,,,,0.7781994286275971
105,104,,,-18.5,100,False,False,False,True,cutoff,,3,0.9802399999999976,epsilon_greedy,,10500,,,,,,,0.6795426016346942
106,105,,,-39.5,100,False,False,False,True,cutoff,,1,0.9800499999999975,epsilon_greedy,,10600,,,,,,,0.4480274764934356
107,106,,,-39.5,100,False,False,False,True,cutoff,,1,0.9798599999999975,epsilon_greedy,,10700,,,,,,,0.7220232657043373
108,107,,,-29.0,100,False,False,False,True,cutoff,,2,0.9796699999999975,epsilon_greedy,,10800,,,,,,,0.7416749704975826
109,108,,,-29.0,100,False,False,False,True,cutoff,,2,0.9794799999999975,epsilon_greedy,,10900,,,,,,,0.7510517802679835
110,109,,,-18.5,100,False,False,False,True,cutoff,,3,0.9792899999999974,epsilon_greedy,,11000,,,,,,,0.8084371289430315
111,110,,,-18.5,100,False,False,False,True,cutoff,,3,0.9790999999999974,epsilon_greedy,,11100,,,,,,,0.70479535290395
112,111,,,-39.5,100,False,False,False,True,cutoff,,1,0.9789099999999974,epsilon_greedy,,11200,,,,,,,0.4411081552066918
113,112,,,-39.5,100,False,False,False,True,cutoff,,1,0.9787199999999974,epsilon_greedy,,11300,,,,,,,0.6298842882647455
114,113,,,-50.0,100,False,False,False,True,cutoff,,0,0.9785299999999973,epsilon_greedy,,11400,,,,,,,0.5972957168035188
115,114,,,-29.0,100,False,False,False,True,cutoff,,2,0.9783399999999973,epsilon_greedy,,11500,,,,,,,0.6987126151941845
116,115,,,-29.0,100,False,False,False,True,cutoff,,2,0.9781499999999973,epsilon_greedy,,11600,,,,,,,0.5886732635696194
117,116,,,-39.5,100,False,False,False,True,cutoff,,1,0.9779599999999973,epsilon_greedy,,11700,,,,,,,0.48892127092142496
118,117,,,-18.5,100,False,False,False,True,cutoff,,3,0.9777699999999973,epsilon_greedy,,11800,,,,,,,0.7200277341092237
119,118,,,-18.5,100,False,False,False,True,cutoff,,3,0.9775799999999972,epsilon_greedy,,11900,,,,,,,0.7912470922128447
120,119,,,-29.0,100,False,False,False,True,cutoff,,2,0.9773899999999972,epsilon_greedy,,12000,,,,,,,0.7492047313074511
121,120,,,-29.0,100,False,False,False,True,cutoff,,2,0.9771999999999972,epsilon_greedy,,12100,,,,,,,0.6871192485058465
122,121,,,-29.0,100,False,False,False,True,cutoff,,2,0.9770099999999972,epsilon_greedy,,12200,,,,,,,0.8603201459017537
123,122,,,-29.0,100,False,False,False,True,cutoff,,2,0.9768199999999971,epsilon_greedy,,12300,,,,,,,0.6314311866002782
124,123,,,-39.5,100,False,False,False,True,cutoff,,1,0.9766299999999971,epsilon_greedy,,12400,,,,,,,0.6840778179171626
125,124,,,-29.0,100,False,False,False,True,cutoff,,2,0.9764399999999971,epsilon_greedy,,12500,,,,,,,0.6437664373953812
126,125,,,-39.5,100,False,False,False,True,cutoff,,1,0.9762499999999971,epsilon_greedy,,12600,,,,,,,0.6981023762527709
127,126,,,-29.0,100,False,False,False,True,cutoff,,2,0.976059999999997,epsilon_greedy,,12700,,,,,,,0.6656596497355216
128,127,,,-29.0,100,False,False,False,True,cutoff,,2,0.975869999999997,epsilon_greedy,,12800,,,,,,,0.9319920871746301
129,128,,,-29.0,100,False,False,False,True,cutoff,,2,0.975679999999997,epsilon_greedy,,12900,,,,,,,0.8665014335422828
130,129,,,-29.0,100,False,False,False,True,cutoff,,2,0.975489999999997,epsilon_greedy,,13000,,,,,,,0.7968513974554797
131,130,,,-29.0,100,False,False,False,True,cutoff,,2,0.975299999999997,epsilon_greedy,,13100,,,,,,,0.5941543506578562
132,131,,,-18.5,100,False,False,False,True,cutoff,,3,0.9751099999999969,epsilon_greedy,,13200,,,,,,,0.7087220794240413
133,132,,,-39.5,100,False,False,False,True,cutoff,,1,0.9749199999999969,epsilon_greedy,,13300,,,,,,,0.9461250431900374
134,133,,,-39.5,100,False,False,False,True,cutoff,,1,0.9747299999999969,epsilon_greedy,,13400,,,,,,,0.694911524191106
135,134,,,-29.0,100,False,False,False,True,cutoff,,2,0.9745399999999969,epsilon_greedy,,13500,,,,,,,0.6989039877624088
136,135,,,-29.0,100,False,False,False,True,cutoff,,2,0.9743499999999968,epsilon_greedy,,13600,,,,,,,0.8258573317996771
137,136,,,-39.5,100,False,False,False,True,cutoff,,1,0.9741599999999968,epsilon_greedy,,13700,,,,,,,0.4773257233168491
138,137,,,-39.5,100,False,False,False,True,cutoff,,1,0.9739699999999968,epsilon_greedy,,13800,,,,,,,0.563971618787231
139,138,,,-39.5,100,False,False,False,True,cutoff,,1,0.9737799999999968,epsilon_greedy,,13900,,,,,,,0.5810826724038682
140,139,,,-39.5,100,False,False,False,True,cutoff,,1,0.9735899999999967,epsilon_greedy,,14000,,,,,,,0.7045488711697219
141,140,,,-29.0,100,False,False,False,True,cutoff,,2,0.9733999999999967,epsilon_greedy,,14100,,,,,,,0.6294329918054575
142,141,,,-29.0,100,False,False,False,True,cutoff,,2,0.9732099999999967,epsilon_greedy,,14200,,,,,,,0.8679396317895334
143,142,,,-29.0,100,False,False,False,True,cutoff,,2,0.9730199999999967,epsilon_greedy,,14300,,,,,,,0.8806618357628164
144,143,,,-39.5,100,False,False,False,True,cutoff,,1,0.9728299999999966,epsilon_greedy,,14400,,,,,,,0.5695351390083411
145,144,,,-39.5,100,False,False,False,True,cutoff,,1,0.9726399999999966,epsilon_greedy,,14500,,,,,,,0.6283718449537612
146,145,,,-39.5,100,False,False,False,True,cutoff,,1,0.9724499999999966,epsilon_greedy,,14600,,,,,,,0.7202397409099156
147,146,,,-29.0,100,False,False,False,True,cutoff,,2,0.9722599999999966,epsilon_greedy,,14700,,,,,,,0.7190355703102752
148,147,,,-39.5,100,False,False,False,True,cutoff,,1,0.9720699999999965,epsilon_greedy,,14800,,,,,,,0.894688162160824
149,148,,,-39.5,100,False,False,False,True,cutoff,,1,0.9718799999999965,epsilon_greedy,,14900,,,,,,,0.6990337283203452
150,149,,,-39.5,100,False,False,False,True,cutoff,,1,0.9716899999999965,epsilon_greedy,,15000,,,,,,,0.5465232228667491
151,150,,,-39.5,100,False,False,False,True,cutoff,,1,0.9714999999999965,epsilon_greedy,,15100,,,,,,,0.4864404139671311
152,151,,,-29.0,100,False,False,False,True,cutoff,,2,0.9713099999999965,epsilon_greedy,,15200,,,,,,,0.6547583078079002
153,152,,,-29.0,100,False,False,False,True,cutoff,,2,0.9711199999999964,epsilon_greedy,,15300,,,,,,,0.6047365373945348
154,153,,,-39.5,100,False,False,False,True,cutoff,,1,0.9709299999999964,epsilon_greedy,,15400,,,,,,,0.5065752507407812
155,154,,,-29.0,100,False,False,False,True,cutoff,,2,0.9707399999999964,epsilon_greedy,,15500,,,,,,,0.6654414645962058
156,155,,,-39.5,100,False,False,False,True,cutoff,,1,0.9705499999999964,epsilon_greedy,,15600,,,,,,,0.5256253468918074
157,156,,,-39.5,100,False,False,False,True,cutoff,,1,0.9703599999999963,epsilon_greedy,,15700,,,,,,,0.6250184295772273
158,157,,,-29.0,100,False,False,False,True,cutoff,,2,0.9701699999999963,epsilon_greedy,,15800,,,,,,,0.6458495576153911
159,158,,,-39.5,100,False,False,False,True,cutoff,,1,0.9699799999999963,epsilon_greedy,,15900,,,,,,,0.8801153543668072
160,159,,,-39.5,100,False,False,False,True,cutoff,,1,0.9697899999999963,epsilon_greedy,,16000,,,,,,,0.589966731027771
161,160,,,-29.0,100,False,False,False,True,cutoff,,2,0.9695999999999962,epsilon_greedy,,16100,,,,,,,0.5961095294845469
162,161,,,-39.5,100,False,False,False,True,cutoff,,1,0.9694099999999962,epsilon_greedy,,16200,,,,,,,0.9516021846485869
163,162,,,-29.0,100,False,False,False,True,cutoff,,2,0.9692199999999962,epsilon_greedy,,16300,,,,,,,0.5789119891307195
164,163,,,-29.0,100,False,False,False,True,cutoff,,2,0.9690299999999962,epsilon_greedy,,16400,,,,,,,1.1148622914193353
165,164,,,-50.0,100,False,False,False,True,cutoff,,0,0.9688399999999961,epsilon_greedy,,16500,,,,,,,0.8768280557841479
166,165,,,-29.0,100,False,False,False,True,cutoff,,2,0.9686499999999961,epsilon_greedy,,16600,,,,,,,0.9258628745226809
167,166,,,-29.0,100,False,False,False,True,cutoff,,2,0.9684599999999961,epsilon_greedy,,16700,,,,,,,0.6877764589225295
168,167,,,-29.0,100,False,False,False,True,cutoff,,2,0.9682699999999961,epsilon_greedy,,16800,,,,,,,0.6833774482627617
169,168,,,-18.5,100,False,False,False,True,cutoff,,3,0.968079999999996,epsilon_greedy,,16900,,,,,,,0.9220580820216737
170,169,,,-29.0,100,False,False,False,True,cutoff,,2,0.967889999999996,epsilon_greedy,,17000,,,,,,,0.6134467475931056
171,170,,,-29.0,100,False,False,False,True,cutoff,,2,0.967699999999996,epsilon_greedy,,17100,,,,,,,0.8163533765662482
172,171,,,-18.5,100,False,False,False,True,cutoff,,3,0.967509999999996,epsilon_greedy,,17200,,,,,,,0.9181351727184089
173,172,,,-29.0,100,False,False,False,True,cutoff,,2,0.967319999999996,epsilon_greedy,,17300,,,,,,,0.6883885374983076
174,173,,,-29.0,100,False,False,False,True,cutoff,,2,0.9671299999999959,epsilon_greedy,,17400,,,,,,,0.65002702034826
175,174,,,-50.0,100,False,False,False,True,cutoff,,0,0.9669399999999959,epsilon_greedy,,17500,,,,,,,0.8075303420743627
176,175,,,-29.0,100,False,False,False,True,cutoff,,2,0.9667499999999959,epsilon_greedy,,17600,,,,,,,0.7034154933257213
177,176,,,-39.5,100,False,False,False,True,cutoff,,1,0.9665599999999959,epsilon_greedy,,17700,,,,,,,0.7890471888027989
178,177,,,-29.0,100,False,False,False,True,cutoff,,2,0.9663699999999958,epsilon_greedy,,17800,,,,,,,0.6470899500656198
179,178,,,-39.5,100,False,False,False,True,cutoff,,1,0.9661799999999958,epsilon_greedy,,17900,,,,,,,0.7022983099459655
180,179,,,-29.0,100,False,False,False,True,cutoff,,2,0.9659899999999958,epsilon_greedy,,18000,,,,,,,0.7492172426883728
181,180,,,-39.5,100,False,False,False,True,cutoff,,1,0.9657999999999958,epsilon_greedy,,18100,,,,,,,0.7905606333862133
182,181,,,-29.0,100,False,False,False,True,cutoff,,2,0.9656099999999957,epsilon_greedy,,18200,,,,,,,0.9553479932513025
183,182,,,-29.0,100,False,False,False,True,cutoff,,2,0.9654199999999957,epsilon_greedy,,18300,,,,,,,0.5963508063490621
184,183,,,-29.0,100,False,False,False,True,cutoff,,2,0.9652299999999957,epsilon_greedy,,18400,,,,,,,0.7242638775349736
185,184,,,-39.5,100,False,False,False,True,cutoff,,1,0.9650399999999957,epsilon_greedy,,18500,,,,,,,0.40916739419675713
186,185,,,-39.5,100,False,False,False,True,cutoff,,1,0.9648499999999957,epsilon_greedy,,18600,,,,,,,0.8802385068126728
187,186,,,-18.5,100,False,False,False,True,cutoff,,3,0.9646599999999956,epsilon_greedy,,18700,,,,,,,0.6629740140810576
188,187,,,-39.5,100,False,False,False,True,cutoff,,1,0.9644699999999956,epsilon_greedy,,18800,,,,,,,0.6520277940337519
189,188,,,-29.0,100,False,False,False,True,cutoff,,2,0.9642799999999956,epsilon_greedy,,18900,,,,,,,0.6860342887446617
190,189,,,-29.0,100,False,False,False,True,cutoff,,2,0.9640899999999956,epsilon_greedy,,19000,,,,,,,0.9644627199207666
191,190,,,-39.5,100,False,False,False,True,cutoff,,1,0.9638999999999955,epsilon_greedy,,19100,,,,,,,0.7580307830584455
192,191,,,-29.0,100,False,False,False,True,cutoff,,2,0.9637099999999955,epsilon_greedy,,19200,,,,,,,0.8421808386265595
193,192,,,-39.5,100,False,False,False,True,cutoff,,1,0.9635199999999955,epsilon_greedy,,19300,,,,,,,0.9585488043222266
194,193,,,-18.5,100,False,False,False,True,cutoff,,3,0.9633299999999955,epsilon_greedy,,19400,,,,,,,0.662841102230727
195,194,,,-39.5,100,False,False,False,True,cutoff,,1,0.9631399999999954,epsilon_greedy,,19500,,,,,,,0.6834203049989316
196,195,,,-39.5,100,False,False,False,True,cutoff,,1,0.9629499999999954,epsilon_greedy,,19600,,,,,,,0.6922095411690923
197,196,,,-39.5,100,False,False,False,True,cutoff,,1,0.9627599999999954,epsilon_greedy,,19700,,,,,,,0.4199748372365894
198,197,,,-39.5,100,False,False,False,True,cutoff,,1,0.9625699999999954,epsilon_greedy,,19800,,,,,,,0.921750167445568
199,198,,,-18.5,100,False,False,False,True,cutoff,,3,0.9623799999999954,epsilon_greedy,,19900,,,,,,,0.7097224430451878
200,199,,,-39.5,100,False,False,False,True,cutoff,,1,0.9621899999999953,epsilon_greedy,,20000,,,,,,,0.7642809921462753
201,200,,,-39.5,100,False,False,False,True,cutoff,,1,0.9619999999999953,epsilon_greedy,,20100,,,,,,,1.0973734519989242
202,201,,,-39.5,100,False,False,False,True,cutoff,,1,0.9618099999999953,epsilon_greedy,,20200,,,,,,,0.9100733225943826
203,202,,,-39.5,100,False,False,False,True,cutoff,,1,0.9616199999999953,epsilon_greedy,,20300,,,,,,,0.7149775678026795
204,203,,,-39.5,100,False,False,False,True,cutoff,,1,0.9614299999999952,epsilon_greedy,,20400,,,,,,,0.6861412429348751
205,204,,,-39.5,100,False,False,False,True,cutoff,,1,0.9612399999999952,epsilon_greedy,,20500,,,,,,,0.5517667253384073
206,205,,,-29.0,100,False,False,False,True,cutoff,,2,0.9610499999999952,epsilon_greedy,,20600,,,,,,,0.7693506370146979
207,206,,,-29.0,100,False,False,False,True,cutoff,,2,0.9608599999999952,epsilon_greedy,,20700,,,,,,,0.7415650661070414
208,207,,,-29.0,100,False,False,False,True,cutoff,,2,0.9606699999999951,epsilon_greedy,,20800,,,,,,,1.0085513495732574
209,208,,,-29.0,100,False,False,False,True,cutoff,,2,0.9604799999999951,epsilon_greedy,,20900,,,,,,,0.6311075770539216
210,209,,,-29.0,100,False,False,False,True,cutoff,,2,0.9602899999999951,epsilon_greedy,,21000,,,,,,,0.7818105002795588
211,210,,,-50.0,100,False,False,False,True,cutoff,,0,0.9600999999999951,epsilon_greedy,,21100,,,,,,,1.5414262887512993
212,211,,,-39.5,100,False,False,False,True,cutoff,,1,0.959909999999995,epsilon_greedy,,21200,,,,,,,0.7071598917475171
213,212,,,-29.0,100,False,False,False,True,cutoff,,2,0.959719999999995,epsilon_greedy,,21300,,,,,,,0.6809580386206171
214,213,,,-39.5,100,False,False,False,True,cutoff,,1,0.959529999999995,epsilon_greedy,,21400,,,,,,,0.683513391899099
215,214,,,-39.5,100,False,False,False,True,cutoff,,1,0.959339999999995,epsilon_greedy,,21500,,,,,,,0.5875658057053579
216,215,,,-39.5,100,False,False,False,True,cutoff,,1,0.959149999999995,epsilon_greedy,,21600,,,,,,,0.6125882736878387
217,216,,,-29.0,100,False,False,False,True,cutoff,,2,0.9589599999999949,epsilon_greedy,,21700,,,,,,,1.0377263358113604
218,217,,,-18.5,100,False,False,False,True,cutoff,,3,0.9587699999999949,epsilon_greedy,,21800,,,,,,,1.0175563301480581
219,218,,,-39.5,100,False,False,False,True,cutoff,,1,0.9585799999999949,epsilon_greedy,,21900,,,,,,,0.4527403632125164
220,219,,,-39.5,100,False,False,False,True,cutoff,,1,0.9583899999999949,epsilon_greedy,,22000,,,,,,,1.1552208084326228
221,220,,,-29.0,100,False,False,False,True,cutoff,,2,0.9581999999999948,epsilon_greedy,,22100,,,,,,,0.6614118314802431
222,221,,,-29.0,100,False,False,False,True,cutoff,,2,0.9580099999999948,epsilon_greedy,,22200,,,,,,,0.666366625379383
223,222,,,-29.0,100,False,False,False,True,cutoff,,2,0.9578199999999948,epsilon_greedy,,22300,,,,,,,1.0036696849220952
224,223,,,-39.5,100,False,False,False,True,cutoff,,1,0.9576299999999948,epsilon_greedy,,22400,,,,,,,0.959707221541677
225,224,,,-29.0,100,False,False,False,True,cutoff,,2,0.9574399999999947,epsilon_greedy,,22500,,,,,,,0.903945153130873
226,225,,,-39.5,100,False,False,False,True,cutoff,,1,0.9572499999999947,epsilon_greedy,,22600,,,,,,,0.7563914033282916
227,226,,,-29.0,100,False,False,False,True,cutoff,,2,0.9570599999999947,epsilon_greedy,,22700,,,,,,,0.6951398571534187
228,227,,,-29.0,100,False,False,False,True,cutoff,,2,0.9568699999999947,epsilon_greedy,,22800,,,,,,,0.6585596429157871
229,228,,,-39.5,100,False,False,False,True,cutoff,,1,0.9566799999999946,epsilon_greedy,,22900,,,,,,,0.43818552757204193
230,229,,,-50.0,100,False,False,False,True,cutoff,,0,0.9564899999999946,epsilon_greedy,,23000,,,,,,,1.410999127665252
231,230,,,-8.0,100,False,False,False,True,cutoff,,4,0.9562999999999946,epsilon_greedy,,23100,,,,,,,0.9891519105159672
232,231,,,-39.5,100,False,False,False,True,cutoff,,1,0.9561099999999946,epsilon_greedy,,23200,,,,,,,1.2859901582579862
233,232,,,-50.0,100,False,False,False,True,cutoff,,0,0.9559199999999946,epsilon_greedy,,23300,,,,,,,1.3301394477356832
234,233,,,-29.0,100,False,False,False,True,cutoff,,2,0.9557299999999945,epsilon_greedy,,23400,,,,,,,0.6713534194258767
235,234,,,-39.5,100,False,False,False,True,cutoff,,1,0.9555399999999945,epsilon_greedy,,23500,,,,,,,0.629928687412364
236,235,,,-29.0,100,False,False,False,True,cutoff,,2,0.9553499999999945,epsilon_greedy,,23600,,,,,,,0.6680740132630915
237,236,,,-29.0,100,False,False,False,True,cutoff,,2,0.9551599999999945,epsilon_greedy,,23700,,,,,,,0.7245295866892002
238,237,,,-29.0,100,False,False,False,True,cutoff,,2,0.9549699999999944,epsilon_greedy,,23800,,,,,,,0.7026670958104294
239,238,,,-39.5,100,False,False,False,True,cutoff,,1,0.9547799999999944,epsilon_greedy,,23900,,,,,,,0.7838069308008361
240,239,,,-29.0,100,False,False,False,True,cutoff,,2,0.9545899999999944,epsilon_greedy,,24000,,,,,,,0.8176341012424282
241,240,,,-29.0,100,False,False,False,True,cutoff,,2,0.9543999999999944,epsilon_greedy,,24100,,,,,,,0.7525479027399556
242,241,,,-39.5,100,False,False,False,True,cutoff,,1,0.9542099999999943,epsilon_greedy,,24200,,,,,,,0.8978819642090072
243,242,,,-29.0,100,False,False,False,True,cutoff,,2,0.9540199999999943,epsilon_greedy,,24300,,,,,,,1.0645262894031127
244,243,,,-39.5,100,False,False,False,True,cutoff,,1,0.9538299999999943,epsilon_greedy,,24400,,,,,,,1.237252067755749
245,244,,,-29.0,100,False,False,False,True,cutoff,,2,0.9536399999999943,epsilon_greedy,,24500,,,,,,,1.0065191363076733
246,245,,,-29.0,100,False,False,False,True,cutoff,,2,0.9534499999999942,epsilon_greedy,,24600,,,,,,,1.0018185631573169
247,246,,,-29.0,100,False,False,False,True,cutoff,,2,0.9532599999999942,epsilon_greedy,,24700,,,,,,,1.0403236530797653
248,247,,,-39.5,100,False,False,False,True,cutoff,,1,0.9530699999999942,epsilon_greedy,,24800,,,,,,,0.7133488103058225
249,248,,,-29.0,100,False,False,False,True,cutoff,,2,0.9528799999999942,epsilon_greedy,,24900,,,,,,,0.525704273613938
250,249,,,-39.5,100,False,False,False,True,cutoff,,1,0.9526899999999942,epsilon_greedy,,25000,,,,,,,0.5455671117889939
251,250,,,-29.0,100,False,False,False,True,cutoff,,2,0.9524999999999941,epsilon_greedy,,25100,,,,,,,0.8681458290095285
252,251,,,-29.0,100,False,False,False,True,cutoff,,2,0.9523099999999941,epsilon_greedy,,25200,,,,,,,0.5675007526547993
253,252,,,-29.0,100,False,False,False,True,cutoff,,2,0.9521199999999941,epsilon_greedy,,25300,,,,,,,1.1358645078284961
254,253,,,-29.0,100,False,False,False,True,cutoff,,2,0.9519299999999941,epsilon_greedy,,25400,,,,,,,0.7612517133239477
255,254,,,-29.0,100,False,False,False,True,cutoff,,2,0.951739999999994,epsilon_greedy,,25500,,,,,,,0.5782208313969225
256,255,,,-39.5,100,False,False,False,True,cutoff,,1,0.951549999999994,epsilon_greedy,,25600,,,,,,,0.9348348281835561
257,256,,,-29.0,100,False,False,False,True,cutoff,,2,0.951359999999994,epsilon_greedy,,25700,,,,,,,1.1679886042083962
258,257,,,-18.5,100,False,False,False,True,cutoff,,3,0.951169999999994,epsilon_greedy,,25800,,,,,,,0.9448204921338409
259,258,,,-39.5,100,False,False,False,True,cutoff,,1,0.9509799999999939,epsilon_greedy,,25900,,,,,,,0.5246340357106967
260,259,,,-39.5,100,False,False,False,True,cutoff,,1,0.9507899999999939,epsilon_greedy,,26000,,,,,,,1.178606169223868
261,260,,,-29.0,100,False,False,False,True,cutoff,,2,0.9505999999999939,epsilon_greedy,,26100,,,,,,,0.7659312480703762
262,261,,,-39.5,100,False,False,False,True,cutoff,,1,0.9504099999999939,epsilon_greedy,,26200,,,,,,,1.1886469950097796
263,262,,,-39.5,100,False,False,False,True,cutoff,,1,0.9502199999999938,epsilon_greedy,,26300,,,,,,,0.812830965825479
264,263,,,-29.0,100,False,False,False,True,cutoff,,2,0.9500299999999938,epsilon_greedy,,26400,,,,,,,0.5235685302281455
265,264,,,-8.0,100,False,False,False,True,cutoff,,4,0.9498399999999938,epsilon_greedy,,26500,,,,,,,0.9170270874188717
266,265,,,-29.0,100,False,False,False,True,cutoff,,2,0.9496499999999938,epsilon_greedy,,26600,,,,,,,0.9799361838045317
267,266,,,-29.0,100,False,False,False,True,cutoff,,2,0.9494599999999938,epsilon_greedy,,26700,,,,,,,0.8639764554513536
268,267,,,-39.5,100,False,False,False,True,cutoff,,1,0.9492699999999937,epsilon_greedy,,26800,,,,,,,0.8859882874649614
269,268,,,-39.5,100,False,False,False,True,cutoff,,1,0.9490799999999937,epsilon_greedy,,26900,,,,,,,0.7594501236117687
270,269,,,-29.0,100,False,False,False,True,cutoff,,2,0.9488899999999937,epsilon_greedy,,27000,,,,,,,1.3426869378191162
271,270,,,-29.0,100,False,False,False,True,cutoff,,2,0.9486999999999937,epsilon_greedy,,27100,,,,,,,0.6882952934502778
272,271,,,-39.5,100,False,False,False,True,cutoff,,1,0.9485099999999936,epsilon_greedy,,27200,,,,,,,0.4875538729694353
273,272,,,-39.5,100,False,False,False,True,cutoff,,1,0.9483199999999936,epsilon_greedy,,27300,,,,,,,0.7935928953512288
274,273,,,-39.5,100,False,False,False,True,cutoff,,1,0.9481299999999936,epsilon_greedy,,27400,,,,,,,0.4039664881489669
275,274,,,-39.5,100,False,False,False,True,cutoff,,1,0.9479399999999936,epsilon_greedy,,27500,,,,,,,0.6506564135033872
276,275,,,-39.5,100,False,False,False,True,cutoff,,1,0.9477499999999935,epsilon_greedy,,27600,,,,,,,0.8820495444280426
277,276,,,-50.0,100,False,False,False,True,cutoff,,0,0.9475599999999935,epsilon_greedy,,27700,,,,,,,1.273176063318315
278,277,,,-18.5,100,False,False,False,True,cutoff,,3,0.9473699999999935,epsilon_greedy,,27800,,,,,,,0.6112914866174816
279,278,,,-39.5,100,False,False,False,True,cutoff,,1,0.9471799999999935,epsilon_greedy,,27900,,,,,,,0.5717718078621077
280,279,,,-18.5,100,False,False,False,True,cutoff,,3,0.9469899999999934,epsilon_greedy,,28000,,,,,,,1.0315779427106402
281,280,,,-29.0,100,False,False,False,True,cutoff,,2,0.9467999999999934,epsilon_greedy,,28100,,,,,,,0.8583195603170735
282,281,,,-29.0,100,False,False,False,True,cutoff,,2,0.9466099999999934,epsilon_greedy,,28200,,,,,,,0.7933115100129884
283,282,,,-39.5,100,False,False,False,True,cutoff,,1,0.9464199999999934,epsilon_greedy,,28300,,,,,,,1.4381383323273054
284,283,,,-18.5,100,False,False,False,True,cutoff,,3,0.9462299999999934,epsilon_greedy,,28400,,,,,,,0.7463774176344928
285,284,,,-39.5,100,False,False,False,True,cutoff,,1,0.9460399999999933,epsilon_greedy,,28500,,,,,,,0.9629072497491962
286,285,,,-29.0,100,False,False,False,True,cutoff,,2,0.9458499999999933,epsilon_greedy,,28600,,,,,,,0.5705743924172498
287,286,,,-29.0,100,False,False,False,True,cutoff,,2,0.9456599999999933,epsilon_greedy,,28700,,,,,,,0.692045002721424
288,287,,,-39.5,100,False,False,False,True,cutoff,,1,0.9454699999999933,epsilon_greedy,,28800,,,,,,,0.8554117381986259
289,288,,,-18.5,100,False,False,False,True,cutoff,,3,0.9452799999999932,epsilon_greedy,,28900,,,,,,,0.5928887921802193
290,289,,,-39.5,100,False,False,False,True,cutoff,,1,0.9450899999999932,epsilon_greedy,,29000,,,,,,,1.0385088573022287
291,290,,,-29.0,100,False,False,False,True,cutoff,,2,0.9448999999999932,epsilon_greedy,,29100,,,,,,,0.6275419124038671
292,291,,,-29.0,100,False,False,False,True,cutoff,,2,0.9447099999999932,epsilon_greedy,,29200,,,,,,,1.102143552701853
293,292,,,-8.0,100,False,False,False,True,cutoff,,4,0.9445199999999931,epsilon_greedy,,29300,,,,,,,0.8557716976636357
294,293,,,-29.0,100,False,False,False,True,cutoff,,2,0.9443299999999931,epsilon_greedy,,29400,,,,,,,0.7565153952676418
295,294,,,-39.5,100,False,False,False,True,cutoff,,1,0.9441399999999931,epsilon_greedy,,29500,,,,,,,0.8410825911720421
296,295,,,-39.5,100,False,False,False,True,cutoff,,1,0.9439499999999931,epsilon_greedy,,29600,,,,,,,0.8958986660885586
297,296,,,-29.0,100,False,False,False,True,cutoff,,2,0.943759999999993,epsilon_greedy,,29700,,,,,,,0.49220682672973354
298,297,,,-39.5,100,False,False,False,True,cutoff,,1,0.943569999999993,epsilon_greedy,,29800,,,,,,,0.8463191963841463
299,298,,,-18.5,100,False,False,False,True,cutoff,,3,0.943379999999993,epsilon_greedy,,29900,,,,,,,0.8625609180336133
300,299,,,-39.5,100,False,False,False,True,cutoff,,1,0.943189999999993,epsilon_greedy,,30000,,,,,,,0.7531615634755743
301,300,,,-18.5,100,False,False,False,True,cutoff,,3,0.942999999999993,epsilon_greedy,,30100,,,,,,,0.8695689587661972
302,301,,,-18.5,100,False,False,False,True,cutoff,,3,0.9428099999999929,epsilon_greedy,,30200,,,,,,,0.60090095905886
303,302,,,-39.5,100,False,False,False,True,cutoff,,1,0.9426199999999929,epsilon_greedy,,30300,,,,,,,0.8429214977039498
304,303,,,-18.5,100,False,False,False,True,cutoff,,3,0.9424299999999929,epsilon_greedy,,30400,,,,,,,0.7564127776264656
305,304,,,-18.5,100,False,False,False,True,cutoff,,3,0.9422399999999929,epsilon_greedy,,30500,,,,,,,0.6559970745270525
306,305,,,-39.5,100,False,False,False,True,cutoff,,1,0.9420499999999928,epsilon_greedy,,30600,,,,,,,0.5916922443590303
307,306,,,-39.5,100,False,False,False,True,cutoff,,1,0.9418599999999928,epsilon_greedy,,30700,,,,,,,0.7190454108317216
308,307,,,-29.0,100,False,False,False,True,cutoff,,2,0.9416699999999928,epsilon_greedy,,30800,,,,,,,0.7378780072296894
309,308,,,-39.5,100,False,False,False,True,cutoff,,1,0.9414799999999928,epsilon_greedy,,30900,,,,,,,0.6767577220822453
310,309,,,-18.5,100,False,False,False,True,cutoff,,3,0.9412899999999927,epsilon_greedy,,31000,,,,,,,0.7094122462774729
311,310,,,-29.0,100,False,False,False,True,cutoff,,2,0.9410999999999927,epsilon_greedy,,31100,,,,,,,0.5029160683814622
312,311,,,-29.0,100,False,False,False,True,cutoff,,2,0.9409099999999927,epsilon_greedy,,31200,,,,,,,0.8523016141721623
313,312,,,-29.0,100,False,False,False,True,cutoff,,2,0.9407199999999927,epsilon_greedy,,31300,,,,,,,0.907283814705801
314,313,,,-29.0,100,False,False,False,True,cutoff,,2,0.9405299999999926,epsilon_greedy,,31400,,,,,,,0.47322104879059756
315,314,,,-29.0,100,False,False,False,True,cutoff,,2,0.9403399999999926,epsilon_greedy,,31500,,,,,,,0.5135958813602478
316,315,,,-29.0,100,False,False,False,True,cutoff,,2,0.9401499999999926,epsilon_greedy,,31600,,,,,,,0.5910590280831164
317,316,,,-29.0,100,False,False,False,True,cutoff,,2,0.9399599999999926,epsilon_greedy,,31700,,,,,,,1.1768979991870445
318,317,,,-39.5,100,False,False,False,True,cutoff,,1,0.9397699999999926,epsilon_greedy,,31800,,,,,,,0.8302693136279696
319,318,,,-29.0,100,False,False,False,True,cutoff,,2,0.9395799999999925,epsilon_greedy,,31900,,,,,,,0.7541532564290722
320,319,,,-29.0,100,False,False,False,True,cutoff,,2,0.9393899999999925,epsilon_greedy,,32000,,,,,,,0.3993021908022555
321,320,,,-29.0,100,False,False,False,True,cutoff,,2,0.9391999999999925,epsilon_greedy,,32100,,,,,,,0.5603230279874164
322,321,,,-29.0,100,False,False,False,True,cutoff,,2,0.9390099999999925,epsilon_greedy,,32200,,,,,,,0.6838650495724863
323,322,,,-29.0,100,False,False,False,True,cutoff,,2,0.9388199999999924,epsilon_greedy,,32300,,,,,,,1.0315481494611651
324,323,,,-29.0,100,False,False,False,True,cutoff,,2,0.9386299999999924,epsilon_greedy,,32400,,,,,,,0.5367215846283522
325,324,,,-39.5,100,False,False,False,True,cutoff,,1,0.9384399999999924,epsilon_greedy,,32500,,,,,,,0.6657278101595517
326,325,,,-39.5,100,False,False,False,True,cutoff,,1,0.9382499999999924,epsilon_greedy,,32600,,,,,,,0.4080462093524889
327,326,,,-39.5,100,False,False,False,True,cutoff,,1,0.9380599999999923,epsilon_greedy,,32700,,,,,,,0.6576273574414715
328,327,,,-29.0,100,False,False,False,True,cutoff,,2,0.9378699999999923,epsilon_greedy,,32800,,,,,,,0.4607625292306967
329,328,,,-29.0,100,False,False,False,True,cutoff,,2,0.9376799999999923,epsilon_greedy,,32900,,,,,,,0.6279742533147094
330,329,,,-39.5,100,False,False,False,True,cutoff,,1,0.9374899999999923,epsilon_greedy,,33000,,,,,,,0.5149941306639189
331,330,,,-29.0,100,False,False,False,True,cutoff,,2,0.9372999999999923,epsilon_greedy,,33100,,,,,,,1.092517087750622
332,331,,,-29.0,100,False,False,False,True,cutoff,,2,0.9371099999999922,epsilon_greedy,,33200,,,,,,,0.475979154859817
333,332,,,-29.0,100,False,False,False,True,cutoff,,2,0.9369199999999922,epsilon_greedy,,33300,,,,,,,0.7231748585881388
334,333,,,-29.0,100,False,False,False,True,cutoff,,2,0.9367299999999922,epsilon_greedy,,33400,,,,,,,0.4770121706878985
335,334,,,-50.0,100,False,False,False,True,cutoff,,0,0.9365399999999922,epsilon_greedy,,33500,,,,,,,1.4356395515495257
336,335,,,-29.0,100,False,False,False,True,cutoff,,2,0.9363499999999921,epsilon_greedy,,33600,,,,,,,0.8390388362099932
337,336,,,-29.0,100,False,False,False,True,cutoff,,2,0.9361599999999921,epsilon_greedy,,33700,,,,,,,0.5863274397088134
338,337,,,-50.0,100,False,False,False,True,cutoff,,0,0.9359699999999921,epsilon_greedy,,33800,,,,,,,1.3796288810906807
339,338,,,-18.5,100,False,False,False,True,cutoff,,3,0.9357799999999921,epsilon_greedy,,33900,,,,,,,0.7461833451561708
340,339,,,-29.0,100,False,False,False,True,cutoff,,2,0.935589999999992,epsilon_greedy,,34000,,,,,,,0.5960392693799875
341,340,,,-29.0,100,False,False,False,True,cutoff,,2,0.935399999999992,epsilon_greedy,,34100,,,,,,,1.0196928960718123
342,341,,,-29.0,100,False,False,False,True,cutoff,,2,0.935209999999992,epsilon_greedy,,34200,,,,,,,0.5738061907446685
343,342,,,-39.5,100,False,False,False,True,cutoff,,1,0.935019999999992,epsilon_greedy,,34300,,,,,,,0.6359095011995431
344,343,,,-29.0,100,False,False,False,True,cutoff,,2,0.934829999999992,epsilon_greedy,,34400,,,,,,,0.8163491273410355
345,344,,,-39.5,100,False,False,False,True,cutoff,,1,0.9346399999999919,epsilon_greedy,,34500,,,,,,,1.1263533408525375
346,345,,,-39.5,100,False,False,False,True,cutoff,,1,0.9344499999999919,epsilon_greedy,,34600,,,,,,,1.0027947822229022
347,346,,,-39.5,100,False,False,False,True,cutoff,,1,0.9342599999999919,epsilon_greedy,,34700,,,,,,,1.0658706916134435
348,347,,,-39.5,100,False,False,False,True,cutoff,,1,0.9340699999999919,epsilon_greedy,,34800,,,,,,,0.8096889823101519
349,348,,,-29.0,100,False,False,False,True,cutoff,,2,0.9338799999999918,epsilon_greedy,,34900,,,,,,,0.5394308057528427
350,349,,,-29.0,100,False,False,False,True,cutoff,,2,0.9336899999999918,epsilon_greedy,,35000,,,,,,,0.940127111287159
351,350,,,-18.5,100,False,False,False,True,cutoff,,3,0.9334999999999918,epsilon_greedy,,35100,,,,,,,0.7064314460548397
352,351,,,-18.5,100,False,False,False,True,cutoff,,3,0.9333099999999918,epsilon_greedy,,35200,,,,,,,0.8240863696731262
353,352,,,-29.0,100,False,False,False,True,cutoff,,2,0.9331199999999917,epsilon_greedy,,35300,,,,,,,0.7826423731334095
354,353,,,-39.5,100,False,False,False,True,cutoff,,1,0.9329299999999917,epsilon_greedy,,35400,,,,,,,0.6681282059268275
355,354,,,-29.0,100,False,False,False,True,cutoff,,2,0.9327399999999917,epsilon_greedy,,35500,,,,,,,0.6345353022693508
356,355,,,-29.0,100,False,False,False,True,cutoff,,2,0.9325499999999917,epsilon_greedy,,35600,,,,,,,0.5057386080203001
357,356,,,-29.0,100,False,False,False,True,cutoff,,2,0.9323599999999916,epsilon_greedy,,35700,,,,,,,0.5260986696497453
358,357,,,-29.0,100,False,False,False,True,cutoff,,2,0.9321699999999916,epsilon_greedy,,35800,,,,,,,0.571650893562209
359,358,,,-18.5,100,False,False,False,True,cutoff,,3,0.9319799999999916,epsilon_greedy,,35900,,,,,,,0.67820294683999
360,359,,,-29.0,100,False,False,False,True,cutoff,,2,0.9317899999999916,epsilon_greedy,,36000,,,,,,,1.4930215098598356
361,360,,,-29.0,100,False,False,False,True,cutoff,,2,0.9315999999999915,epsilon_greedy,,36100,,,,,,,0.7479385479584402
362,361,,,-39.5,100,False,False,False,True,cutoff,,1,0.9314099999999915,epsilon_greedy,,36200,,,,,,,0.5694196102738064
363,362,,,-18.5,100,False,False,False,True,cutoff,,3,0.9312199999999915,epsilon_greedy,,36300,,,,,,,0.6987406395377601
364,363,,,-29.0,100,False,False,False,True,cutoff,,2,0.9310299999999915,epsilon_greedy,,36400,,,,,,,0.6146772886898859
365,364,,,-29.0,100,False,False,False,True,cutoff,,2,0.9308399999999915,epsilon_greedy,,36500,,,,,,,0.6668391029719142
366,365,,,-29.0,100,False,False,False,True,cutoff,,2,0.9306499999999914,epsilon_greedy,,36600,,,,,,,0.6752663677134602
367,366,,,-8.0,100,False,False,False,True,cutoff,,4,0.9304599999999914,epsilon_greedy,,36700,,,,,,,0.8375893916443035
368,367,,,-29.0,100,False,False,False,True,cutoff,,2,0.9302699999999914,epsilon_greedy,,36800,,,,,,,0.5482124325789339
369,368,,,-29.0,100,False,False,False,True,cutoff,,2,0.9300799999999914,epsilon_greedy,,36900,,,,,,,0.5446146611525291
370,369,,,-18.5,100,False,False,False,True,cutoff,,3,0.9298899999999913,epsilon_greedy,,37000,,,,,,,0.6383386891974285
371,370,,,-29.0,100,False,False,False,True,cutoff,,2,0.9296999999999913,epsilon_greedy,,37100,,,,,,,0.9683907633599753
372,371,,,-18.5,100,False,False,False,True,cutoff,,3,0.9295099999999913,epsilon_greedy,,37200,,,,,,,0.8207696464615141
373,372,,,-39.5,100,False,False,False,True,cutoff,,1,0.9293199999999913,epsilon_greedy,,37300,,,,,,,1.1700846117709822
374,373,,,-18.5,100,False,False,False,True,cutoff,,3,0.9291299999999912,epsilon_greedy,,37400,,,,,,,0.8508103350550732
375,374,,,-29.0,100,False,False,False,True,cutoff,,2,0.9289399999999912,epsilon_greedy,,37500,,,,,,,1.1914811944204573
376,375,,,-39.5,100,False,False,False,True,cutoff,,1,0.9287499999999912,epsilon_greedy,,37600,,,,,,,1.5693453176057175
377,376,,,-39.5,100,False,False,False,True,cutoff,,1,0.9285599999999912,epsilon_greedy,,37700,,,,,,,0.6972744487638474
378,377,,,-39.5,100,False,False,False,True,cutoff,,1,0.9283699999999911,epsilon_greedy,,37800,,,,,,,0.7851165853929656
379,378,,,-29.0,100,False,False,False,True,cutoff,,2,0.9281799999999911,epsilon_greedy,,37900,,,,,,,0.5812987147385837
380,379,,,-29.0,100,False,False,False,True,cutoff,,2,0.9279899999999911,epsilon_greedy,,38000,,,,,,,0.6724303789839187
381,380,,,-29.0,100,False,False,False,True,cutoff,,2,0.9277999999999911,epsilon_greedy,,38100,,,,,,,0.9164389355864003
382,381,,,-39.5,100,False,False,False,True,cutoff,,1,0.927609999999991,epsilon_greedy,,38200,,,,,,,0.7642166999155744
383,382,,,-29.0,100,False,False,False,True,cutoff,,2,0.927419999999991,epsilon_greedy,,38300,,,,,,,0.8240833045443964
384,383,,,-18.5,100,False,False,False,True,cutoff,,3,0.927229999999991,epsilon_greedy,,38400,,,,,,,0.7364871396403523
385,384,,,-29.0,100,False,False,False,True,cutoff,,2,0.927039999999991,epsilon_greedy,,38500,,,,,,,0.820018860763986
386,385,,,-29.0,100,False,False,False,True,cutoff,,2,0.926849999999991,epsilon_greedy,,38600,,,,,,,0.8042511655640768
387,386,,,-18.5,100,False,False,False,True,cutoff,,3,0.9266599999999909,epsilon_greedy,,38700,,,,,,,0.5915776178018445
388,387,,,-39.5,100,False,False,False,True,cutoff,,1,0.9264699999999909,epsilon_greedy,,38800,,,,,,,0.8583930495524283
389,388,,,-29.0,100,False,False,False,True,cutoff,,2,0.9262799999999909,epsilon_greedy,,38900,,,,,,,0.6284090145443662
390,389,,,-29.0,100,False,False,False,True,cutoff,,2,0.9260899999999909,epsilon_greedy,,39000,,,,,,,0.9032101422273578
391,390,,,-29.0,100,False,False,False,True,cutoff,,2,0.9258999999999908,epsilon_greedy,,39100,,,,,,,0.626080463854775
392,391,,,-29.0,100,False,False,False,True,cutoff,,2,0.9257099999999908,epsilon_greedy,,39200,,,,,,,0.6561952764132094
393,392,,,-29.0,100,False,False,False,True,cutoff,,2,0.9255199999999908,epsilon_greedy,,39300,,,,,,,0.6657516885366497
394,393,,,-18.5,100,False,False,False,True,cutoff,,3,0.9253299999999908,epsilon_greedy,,39400,,,,,,,0.8321833264485745
395,394,,,-29.0,100,False,False,False,True,cutoff,,2,0.9251399999999907,epsilon_greedy,,39500,,,,,,,0.5531853714202507
396,395,,,-29.0,100,False,False,False,True,cutoff,,2,0.9249499999999907,epsilon_greedy,,39600,,,,,,,0.8335921547615144
397,396,,,-29.0,100,False,False,False,True,cutoff,,2,0.9247599999999907,epsilon_greedy,,39700,,,,,,,0.7159116422057481
398,397,,,-29.0,100,False,False,False,True,cutoff,,2,0.9245699999999907,epsilon_greedy,,39800,,,,,,,0.8298934105901051
399,398,,,-29.0,100,False,False,False,True,cutoff,,2,0.9243799999999907,epsilon_greedy,,39900,,,,,,,1.059997683603334
400,399,,,-29.0,100,False,False,False,True,cutoff,,2,0.9241899999999906,epsilon_greedy,,40000,,,,,,,0.9625529765145431
401,400,,,-29.0,100,False,False,False,True,cutoff,,2,0.9239999999999906,epsilon_greedy,,40100,,,,,,,0.6388476333994473
402,401,,,-29.0,100,False,False,False,True,cutoff,,2,0.9238099999999906,epsilon_greedy,,40200,,,,,,,0.6860763662532606
403,402,,,-29.0,100,False,False,False,True,cutoff,,2,0.9236199999999906,epsilon_greedy,,40300,,,,,,,0.7783215351999043
404,403,,,-29.0,100,False,False,False,True,cutoff,,2,0.9234299999999905,epsilon_greedy,,40400,,,,,,,0.6953680253709674
405,404,,,-29.0,100,False,False,False,True,cutoff,,2,0.9232399999999905,epsilon_greedy,,40500,,,,,,,1.5897081129999149
406,405,,,-29.0,100,False,False,False,True,cutoff,,2,0.9230499999999905,epsilon_greedy,,40600,,,,,,,0.8883073480748139
407,406,,,-29.0,100,False,False,False,True,cutoff,,2,0.9228599999999905,epsilon_greedy,,40700,,,,,,,0.6932479319705294
408,407,,,-29.0,100,False,False,False,True,cutoff,,2,0.9226699999999904,epsilon_greedy,,40800,,,,,,,0.6358926789767818
409,408,,,-39.5,100,False,False,False,True,cutoff,,1,0.9224799999999904,epsilon_greedy,,40900,,,,,,,0.8154761023361736
410,409,,,-39.5,100,False,False,False,True,cutoff,,1,0.9222899999999904,epsilon_greedy,,41000,,,,,,,1.0311459558380447
411,410,,,-29.0,100,False,False,False,True,cutoff,,2,0.9220999999999904,epsilon_greedy,,41100,,,,,,,0.7500028451495038
412,411,,,-29.0,100,False,False,False,True,cutoff,,2,0.9219099999999903,epsilon_greedy,,41200,,,,,,,0.6730989437607832
413,412,,,-39.5,100,False,False,False,True,cutoff,,1,0.9217199999999903,epsilon_greedy,,41300,,,,,,,1.2399397203550868
414,413,,,-29.0,100,False,False,False,True,cutoff,,2,0.9215299999999903,epsilon_greedy,,41400,,,,,,,0.5365256515656669
415,414,,,-29.0,100,False,False,False,True,cutoff,,2,0.9213399999999903,epsilon_greedy,,41500,,,,,,,0.7430550931104467
416,415,,,-18.5,100,False,False,False,True,cutoff,,3,0.9211499999999903,epsilon_greedy,,41600,,,,,,,0.6239588389821316
417,416,,,-29.0,100,False,False,False,True,cutoff,,2,0.9209599999999902,epsilon_greedy,,41700,,,,,,,0.5681289683475275
418,417,,,-29.0,100,False,False,False,True,cutoff,,2,0.9207699999999902,epsilon_greedy,,41800,,,,,,,0.46575119302057
419,418,,,-39.5,100,False,False,False,True,cutoff,,1,0.9205799999999902,epsilon_greedy,,41900,,,,,,,0.6936401773866037
420,419,,,-18.5,100,False,False,False,True,cutoff,,3,0.9203899999999902,epsilon_greedy,,42000,,,,,,,0.7910607047759455
421,420,,,-29.0,100,False,False,False,True,cutoff,,2,0.9201999999999901,epsilon_greedy,,42100,,,,,,,0.48328710930739327
422,421,,,-39.5,100,False,False,False,True,cutoff,,1,0.9200099999999901,epsilon_greedy,,42200,,,,,,,0.8081693802362429
423,422,,,-18.5,100,False,False,False,True,cutoff,,3,0.9198199999999901,epsilon_greedy,,42300,,,,,,,0.7269837661794736
424,423,,,-39.5,100,False,False,False,True,cutoff,,1,0.9196299999999901,epsilon_greedy,,42400,,,,,,,0.746516952967553
425,424,,,-29.0,100,False,False,False,True,cutoff,,2,0.91943999999999,epsilon_greedy,,42500,,,,,,,0.7761780263335338
426,425,,,-39.5,100,False,False,False,True,cutoff,,1,0.91924999999999,epsilon_greedy,,42600,,,,,,,0.9616684576658726
427,426,,,-29.0,100,False,False,False,True,cutoff,,2,0.91905999999999,epsilon_greedy,,42700,,,,,,,0.9498940104500525
428,427,,,-39.5,100,False,False,False,True,cutoff,,1,0.91886999999999,epsilon_greedy,,42800,,,,,,,0.8028440711530459
429,428,,,-39.5,100,False,False,False,True,cutoff,,1,0.91867999999999,epsilon_greedy,,42900,,,,,,,0.7856599668165909
430,429,,,-29.0,100,False,False,False,True,cutoff,,2,0.9184899999999899,epsilon_greedy,,43000,,,,,,,0.8619415005041329
431,430,,,-29.0,100,False,False,False,True,cutoff,,2,0.9182999999999899,epsilon_greedy,,43100,,,,,,,0.5069119072406625
432,431,,,-29.0,100,False,False,False,True,cutoff,,2,0.9181099999999899,epsilon_greedy,,43200,,,,,,,0.5948682268400218
433,432,,,-39.5,100,False,False,False,True,cutoff,,1,0.9179199999999899,epsilon_greedy,,43300,,,,,,,1.345743280318228
434,433,,,-39.5,100,False,False,False,True,cutoff,,1,0.9177299999999898,epsilon_greedy,,43400,,,,,,,0.8265019644275523
435,434,,,-39.5,100,False,False,False,True,cutoff,,1,0.9175399999999898,epsilon_greedy,,43500,,,,,,,0.3834208199697386
436,435,,,-18.5,100,False,False,False,True,cutoff,,3,0.9173499999999898,epsilon_greedy,,43600,,,,,,,0.7137280909474832
437,436,,,-39.5,100,False,False,False,True,cutoff,,1,0.9171599999999898,epsilon_greedy,,43700,,,,,,,0.49101530902429574
438,437,,,-29.0,100,False,False,False,True,cutoff,,2,0.9169699999999897,epsilon_greedy,,43800,,,,,,,1.379851422719296
439,438,,,-29.0,100,False,False,False,True,cutoff,,2,0.9167799999999897,epsilon_greedy,,43900,,,,,,,0.4735484999841813
440,439,,,-29.0,100,False,False,False,True,cutoff,,2,0.9165899999999897,epsilon_greedy,,44000,,,,,,,0.4796869274060874
441,440,,,-18.5,100,False,False,False,True,cutoff,,3,0.9163999999999897,epsilon_greedy,,44100,,,,,,,0.9585125037850013
442,441,,,-29.0,100,False,False,False,True,cutoff,,2,0.9162099999999896,epsilon_greedy,,44200,,,,,,,0.9342654753201329
443,442,,,-29.0,100,False,False,False,True,cutoff,,2,0.9160199999999896,epsilon_greedy,,44300,,,,,,,0.5485948200302733
444,443,,,-29.0,100,False,False,False,True,cutoff,,2,0.9158299999999896,epsilon_greedy,,44400,,,,,,,1.0461405857186628
445,444,,,-39.5,100,False,False,False,True,cutoff,,1,0.9156399999999896,epsilon_greedy,,44500,,,,,,,0.8870958136841829
446,445,,,-39.5,100,False,False,False,True,cutoff,,1,0.9154499999999895,epsilon_greedy,,44600,,,,,,,1.1054752608331686
447,446,,,-29.0,100,False,False,False,True,cutoff,,2,0.9152599999999895,epsilon_greedy,,44700,,,,,,,0.6056797493718613
448,447,,,-39.5,100,False,False,False,True,cutoff,,1,0.9150699999999895,epsilon_greedy,,44800,,,,,,,0.8787603589340782
449,448,,,-29.0,100,False,False,False,True,cutoff,,2,0.9148799999999895,epsilon_greedy,,44900,,,,,,,0.44253891276468704
450,449,,,-29.0,100,False,False,False,True,cutoff,,2,0.9146899999999895,epsilon_greedy,,45000,,,,,,,0.4891631055603128
451,450,,,-29.0,100,False,False,False,True,cutoff,,2,0.9144999999999894,epsilon_greedy,,45100,,,,,,,0.49685680672671984
452,451,,,-29.0,100,False,False,False,True,cutoff,,2,0.9143099999999894,epsilon_greedy,,45200,,,,,,,0.49394930515116925
453,452,,,-29.0,100,False,False,False,True,cutoff,,2,0.9141199999999894,epsilon_greedy,,45300,,,,,,,0.5638846892300906
454,453,,,-18.5,100,False,False,False,True,cutoff,,3,0.9139299999999894,epsilon_greedy,,45400,,,,,,,0.6058169765553497
455,454,,,-18.5,100,False,False,False,True,cutoff,,3,0.9137399999999893,epsilon_greedy,,45500,,,,,,,0.8989185187877191
456,455,,,-29.0,100,False,False,False,True,cutoff,,2,0.9135499999999893,epsilon_greedy,,45600,,,,,,,0.6595394127425093
457,456,,,-18.5,100,False,False,False,True,cutoff,,3,0.9133599999999893,epsilon_greedy,,45700,,,,,,,0.7684587578398098
458,457,,,-29.0,100,False,False,False,True,cutoff,,2,0.9131699999999893,epsilon_greedy,,45800,,,,,,,0.7515716860967975
459,458,,,-18.5,100,False,False,False,True,cutoff,,3,0.9129799999999892,epsilon_greedy,,45900,,,,,,,0.7518610780987466
460,459,,,-29.0,100,False,False,False,True,cutoff,,2,0.9127899999999892,epsilon_greedy,,46000,,,,,,,0.797716562425638
461,460,,,-29.0,100,False,False,False,True,cutoff,,2,0.9125999999999892,epsilon_greedy,,46100,,,,,,,0.6927966296291299
462,461,,,-29.0,100,False,False,False,True,cutoff,,2,0.9124099999999892,epsilon_greedy,,46200,,,,,,,1.112655151392562
463,462,,,-29.0,100,False,False,False,True,cutoff,,2,0.9122199999999892,epsilon_greedy,,46300,,,,,,,0.7255116284988574
464,463,,,-29.0,100,False,False,False,True,cutoff,,2,0.9120299999999891,epsilon_greedy,,46400,,,,,,,0.5741680379771891
465,464,,,-39.5,100,False,False,False,True,cutoff,,1,0.9118399999999891,epsilon_greedy,,46500,,,,,,,1.0577128426604099
466,465,,,-29.0,100,False,False,False,True,cutoff,,2,0.9116499999999891,epsilon_greedy,,46600,,,,,,,0.5440321431968085
467,466,,,-39.5,100,False,False,False,True,cutoff,,1,0.9114599999999891,epsilon_greedy,,46700,,,,,,,1.070260534360101
468,467,,,-18.5,100,False,False,False,True,cutoff,,3,0.911269999999989,epsilon_greedy,,46800,,,,,,,0.5604332139063236
469,468,,,-29.0,100,False,False,False,True,cutoff,,2,0.911079999999989,epsilon_greedy,,46900,,,,,,,0.9751436223018192
470,469,,,-29.0,100,False,False,False,True,cutoff,,2,0.910889999999989,epsilon_greedy,,47000,,,,,,,0.5357210371134263
471,470,,,-29.0,100,False,False,False,True,cutoff,,2,0.910699999999989,epsilon_greedy,,47100,,,,,,,0.9895337796116305
472,471,,,-39.5,100,False,False,False,True,cutoff,,1,0.9105099999999889,epsilon_greedy,,47200,,,,,,,0.7851426678096627
473,472,,,-29.0,100,False,False,False,True,cutoff,,2,0.9103199999999889,epsilon_greedy,,47300,,,,,,,1.032634001930426
474,473,,,-39.5,100,False,False,False,True,cutoff,,1,0.9101299999999889,epsilon_greedy,,47400,,,,,,,0.9442174342242047
475,474,,,-39.5,100,False,False,False,True,cutoff,,1,0.9099399999999889,epsilon_greedy,,47500,,,,,,,1.1618474433456403
476,475,,,-18.5,100,False,False,False,True,cutoff,,3,0.9097499999999888,epsilon_greedy,,47600,,,,,,,0.6527315308888879
477,476,,,-29.0,100,False,False,False,True,cutoff,,2,0.9095599999999888,epsilon_greedy,,47700,,,,,,,0.6539961014328806
478,477,,,-29.0,100,False,False,False,True,cutoff,,2,0.9093699999999888,epsilon_greedy,,47800,,,,,,,0.6888479869034847
479,478,,,-29.0,100,False,False,False,True,cutoff,,2,0.9091799999999888,epsilon_greedy,,47900,,,,,,,0.682237452235476
480,479,,,-39.5,100,False,False,False,True,cutoff,,1,0.9089899999999888,epsilon_greedy,,48000,,,,,,,1.0979577552197883
481,480,,,-29.0,100,False,False,False,True,cutoff,,2,0.9087999999999887,epsilon_greedy,,48100,,,,,,,0.5236145127273564
482,481,,,-18.5,100,False,False,False,True,cutoff,,3,0.9086099999999887,epsilon_greedy,,48200,,,,,,,0.6478019788356981
483,482,,,-18.5,100,False,False,False,True,cutoff,,3,0.9084199999999887,epsilon_greedy,,48300,,,,,,,0.6757744235486765
484,483,,,-29.0,100,False,False,False,True,cutoff,,2,0.9082299999999887,epsilon_greedy,,48400,,,,,,,1.0511773228906838
485,484,,,-29.0,100,False,False,False,True,cutoff,,2,0.9080399999999886,epsilon_greedy,,48500,,,,,,,0.741745313014209
486,485,,,-39.5,100,False,False,False,True,cutoff,,1,0.9078499999999886,epsilon_greedy,,48600,,,,,,,0.6873503368635308
487,486,,,-29.0,100,False,False,False,True,cutoff,,2,0.9076599999999886,epsilon_greedy,,48700,,,,,,,0.8960458649289484
488,487,,,-18.5,100,False,False,False,True,cutoff,,3,0.9074699999999886,epsilon_greedy,,48800,,,,,,,0.8769156347937657
489,488,,,-29.0,100,False,False,False,True,cutoff,,2,0.9072799999999885,epsilon_greedy,,48900,,,,,,,0.6340218453513631
490,489,,,-29.0,100,False,False,False,True,cutoff,,2,0.9070899999999885,epsilon_greedy,,49000,,,,,,,0.587770260724296
491,490,,,-29.0,100,False,False,False,True,cutoff,,2,0.9068999999999885,epsilon_greedy,,49100,,,,,,,0.6889346991191313
492,491,,,-29.0,100,False,False,False,True,cutoff,,2,0.9067099999999885,epsilon_greedy,,49200,,,,,,,0.666633240175127
493,492,,,-29.0,100,False,False,False,True,cutoff,,2,0.9065199999999884,epsilon_greedy,,49300,,,,,,,1.032647564374905
494,493,,,-29.0,100,False,False,False,True,cutoff,,2,0.9063299999999884,epsilon_greedy,,49400,,,,,,,0.635580634990262
495,494,,,-18.5,100,False,False,False,True,cutoff,,3,0.9061399999999884,epsilon_greedy,,49500,,,,,,,1.0047132950513566
496,495,,,-39.5,100,False,False,False,True,cutoff,,1,0.9059499999999884,epsilon_greedy,,49600,,,,,,,0.8764850229340719
497,496,,,-29.0,100,False,False,False,True,cutoff,,2,0.9057599999999884,epsilon_greedy,,49700,,,,,,,0.8241098842660841
498,497,,,-29.0,100,False,False,False,True,cutoff,,2,0.9055699999999883,epsilon_greedy,,49800,,,,,,,0.5262354250051308
499,498,,,-39.5,100,False,False,False,True,cutoff,,1,0.9053799999999883,epsilon_greedy,,49900,,,,,,,0.9012051078632706
500,499,,,-29.0,100,False,False,False,True,cutoff,,2,0.9051899999999883,epsilon_greedy,,50000,,,,,,,0.5417306030105073
501,500,,,-39.5,100,False,False,False,True,cutoff,,1,0.9049999999999883,epsilon_greedy,,50100,,,,,,,0.8483603844402985
502,501,,,-18.5,100,False,False,False,True,cutoff,,3,0.9048099999999882,epsilon_greedy,,50200,,,,,,,0.8145463141734534
503,502,,,-29.0,100,False,False,False,True,cutoff,,2,0.9046199999999882,epsilon_greedy,,50300,,,,,,,0.5412024383670658
504,503,,,-39.5,100,False,False,False,True,cutoff,,1,0.9044299999999882,epsilon_greedy,,50400,,,,,,,0.8624439779608503
505,504,,,-39.5,100,False,False,False,True,cutoff,,1,0.9042399999999882,epsilon_greedy,,50500,,,,,,,0.7702402303845122
506,505,,,-39.5,100,False,False,False,True,cutoff,,1,0.9040499999999881,epsilon_greedy,,50600,,,,,,,0.7808885064777005
507,506,,,-29.0,100,False,False,False,True,cutoff,,2,0.9038599999999881,epsilon_greedy,,50700,,,,,,,1.0144129603212457
508,507,,,-18.5,100,False,False,False,True,cutoff,,3,0.9036699999999881,epsilon_greedy,,50800,,,,,,,0.8337261960647993
509,508,,,-18.5,100,False,False,False,True,cutoff,,3,0.9034799999999881,epsilon_greedy,,50900,,,,,,,0.5931403474929748
510,509,,,-29.0,100,False,False,False,True,cutoff,,2,0.903289999999988,epsilon_greedy,,51000,,,,,,,0.40122751885480723
511,510,,,-8.0,100,False,False,False,True,cutoff,,4,0.903099999999988,epsilon_greedy,,51100,,,,,,,0.8328244510224444
512,511,,,-39.5,100,False,False,False,True,cutoff,,1,0.902909999999988,epsilon_greedy,,51200,,,,,,,0.7067857718150228
513,512,,,-29.0,100,False,False,False,True,cutoff,,2,0.902719999999988,epsilon_greedy,,51300,,,,,,,0.5116923402572663
514,513,,,-18.5,100,False,False,False,True,cutoff,,3,0.902529999999988,epsilon_greedy,,51400,,,,,,,1.0808303071034235
515,514,,,-18.5,100,False,False,False,True,cutoff,,3,0.9023399999999879,epsilon_greedy,,51500,,,,,,,0.6639543942331199
516,515,,,-18.5,100,False,False,False,True,cutoff,,3,0.9021499999999879,epsilon_greedy,,51600,,,,,,,0.8938558835686874
517,516,,,-29.0,100,False,False,False,True,cutoff,,2,0.9019599999999879,epsilon_greedy,,51700,,,,,,,1.0804275635114684
518,517,,,-18.5,100,False,False,False,True,cutoff,,3,0.9017699999999879,epsilon_greedy,,51800,,,,,,,0.8877220840590684
519,518,,,-18.5,100,False,False,False,True,cutoff,,3,0.9015799999999878,epsilon_greedy,,51900,,,,,,,1.0534491291851866
520,519,,,-29.0,100,False,False,False,True,cutoff,,2,0.9013899999999878,epsilon_greedy,,52000,,,,,,,0.8655585825189156
521,520,,,-29.0,100,False,False,False,True,cutoff,,2,0.9011999999999878,epsilon_greedy,,52100,,,,,,,0.5209247793159928
522,521,,,-29.0,100,False,False,False,True,cutoff,,2,0.9010099999999878,epsilon_greedy,,52200,,,,,,,0.7653094927108313
523,522,,,-39.5,100,False,False,False,True,cutoff,,1,0.9008199999999877,epsilon_greedy,,52300,,,,,,,1.2742084816359158
524,523,,,-50.0,100,False,False,False,True,cutoff,,0,0.9006299999999877,epsilon_greedy,,52400,,,,,,,1.3684139612301116
525,524,,,-18.5,100,False,False,False,True,cutoff,,3,0.9004399999999877,epsilon_greedy,,52500,,,,,,,0.7409665678539813
526,525,,,-29.0,100,False,False,False,True,cutoff,,2,0.9002499999999877,epsilon_greedy,,52600,,,,,,,0.7379917906142854
527,526,,,-29.0,100,False,False,False,True,cutoff,,2,0.9000599999999876,epsilon_greedy,,52700,,,,,,,0.8490138388034133
528,527,,,-29.0,100,False,False,False,True,cutoff,,2,0.8998699999999876,epsilon_greedy,,52800,,,,,,,0.8397826843584668
529,528,,,-39.5,100,False,False,False,True,cutoff,,1,0.8996799999999876,epsilon_greedy,,52900,,,,,,,1.440023420506496
530,529,,,-39.5,100,False,False,False,True,cutoff,,1,0.8994899999999876,epsilon_greedy,,53000,,,,,,,0.5986033010694429
531,530,,,-29.0,100,False,False,False,True,cutoff,,2,0.8992999999999876,epsilon_greedy,,53100,,,,,,,0.5070264187008315
532,531,,,-29.0,100,False,False,False,True,cutoff,,2,0.8991099999999875,epsilon_greedy,,53200,,,,,,,0.8061017803771108
533,532,,,-18.5,100,False,False,False,True,cutoff,,3,0.8989199999999875,epsilon_greedy,,53300,,,,,,,0.7881199511324312
534,533,,,-39.5,100,False,False,False,True,cutoff,,1,0.8987299999999875,epsilon_greedy,,53400,,,,,,,1.5399000219582137
535,534,,,-29.0,100,False,False,False,True,cutoff,,2,0.8985399999999875,epsilon_greedy,,53500,,,,,,,0.9387587938951527
536,535,,,-29.0,100,False,False,False,True,cutoff,,2,0.8983499999999874,epsilon_greedy,,53600,,,,,,,0.5567702989642833
537,536,,,-39.5,100,False,False,False,True,cutoff,,1,0.8981599999999874,epsilon_greedy,,53700,,,,,,,1.0490774260222158
538,537,,,-29.0,100,False,False,False,True,cutoff,,2,0.8979699999999874,epsilon_greedy,,53800,,,,,,,0.5220577425287778
539,538,,,-18.5,100,False,False,False,True,cutoff,,3,0.8977799999999874,epsilon_greedy,,53900,,,,,,,1.0210616985165775
540,539,,,-29.0,100,False,False,False,True,cutoff,,2,0.8975899999999873,epsilon_greedy,,54000,,,,,,,0.5403690406181431
541,540,,,-39.5,100,False,False,False,True,cutoff,,1,0.8973999999999873,epsilon_greedy,,54100,,,,,,,1.148806152502333
542,541,,,-29.0,100,False,False,False,True,cutoff,,2,0.8972099999999873,epsilon_greedy,,54200,,,,,,,0.6813122053185289
543,542,,,-18.5,100,False,False,False,True,cutoff,,3,0.8970199999999873,epsilon_greedy,,54300,,,,,,,0.8641649301589343
544,543,,,-39.5,100,False,False,False,True,cutoff,,1,0.8968299999999872,epsilon_greedy,,54400,,,,,,,0.4841098447856652
545,544,,,-39.5,100,False,False,False,True,cutoff,,1,0.8966399999999872,epsilon_greedy,,54500,,,,,,,1.2717941368714936
546,545,,,-18.5,100,False,False,False,True,cutoff,,3,0.8964499999999872,epsilon_greedy,,54600,,,,,,,0.5467392021708604
547,546,,,-29.0,100,False,False,False,True,cutoff,,2,0.8962599999999872,epsilon_greedy,,54700,,,,,,,0.6736786383415135
548,547,,,-29.0,100,False,False,False,True,cutoff,,2,0.8960699999999872,epsilon_greedy,,54800,,,,,,,0.6435048717985006
549,548,,,-29.0,100,False,False,False,True,cutoff,,2,0.8958799999999871,epsilon_greedy,,54900,,,,,,,0.514459545776273
550,549,,,-39.5,100,False,False,False,True,cutoff,,1,0.8956899999999871,epsilon_greedy,,55000,,,,,,,0.8204794008076302
551,550,,,-29.0,100,False,False,False,True,cutoff,,2,0.8954999999999871,epsilon_greedy,,55100,,,,,,,0.8645714519827137
552,551,,,-29.0,100,False,False,False,True,cutoff,,2,0.8953099999999871,epsilon_greedy,,55200,,,,,,,0.5371949855160786
553,552,,,-29.0,100,False,False,False,True,cutoff,,2,0.895119999999987,epsilon_greedy,,55300,,,,,,,0.7889730341503228
554,553,,,-29.0,100,False,False,False,True,cutoff,,2,0.894929999999987,epsilon_greedy,,55400,,,,,,,0.8204481057690483
555,554,,,-39.5,100,False,False,False,True,cutoff,,1,0.894739999999987,epsilon_greedy,,55500,,,,,,,0.5297550453305857
556,555,,,-8.0,100,False,False,False,True,cutoff,,4,0.894549999999987,epsilon_greedy,,55600,,,,,,,0.8817486900933308
557,556,,,-29.0,100,False,False,False,True,cutoff,,2,0.8943599999999869,epsilon_greedy,,55700,,,,,,,1.057177398994031
558,557,,,-29.0,100,False,False,False,True,cutoff,,2,0.8941699999999869,epsilon_greedy,,55800,,,,,,,0.9308811173637155
559,558,,,-18.5,100,False,False,False,True,cutoff,,3,0.8939799999999869,epsilon_greedy,,55900,,,,,,,1.0561565085194429
560,559,,,-18.5,100,False,False,False,True,cutoff,,3,0.8937899999999869,epsilon_greedy,,56000,,,,,,,0.9144295401968853
561,560,,,-29.0,100,False,False,False,True,cutoff,,2,0.8935999999999868,epsilon_greedy,,56100,,,,,,,0.5816239346462493
562,561,,,-39.5,100,False,False,False,True,cutoff,,1,0.8934099999999868,epsilon_greedy,,56200,,,,,,,0.6709503037312783
563,562,,,-39.5,100,False,False,False,True,cutoff,,1,0.8932199999999868,epsilon_greedy,,56300,,,,,,,0.8463254322777971
564,563,,,-29.0,100,False,False,False,True,cutoff,,2,0.8930299999999868,epsilon_greedy,,56400,,,,,,,1.2864273528471204
565,564,,,-29.0,100,False,False,False,True,cutoff,,2,0.8928399999999868,epsilon_greedy,,56500,,,,,,,0.5035008741386174
566,565,,,-39.5,100,False,False,False,True,cutoff,,1,0.8926499999999867,epsilon_greedy,,56600,,,,,,,1.1371358716455788
567,566,,,-29.0,100,False,False,False,True,cutoff,,2,0.8924599999999867,epsilon_greedy,,56700,,,,,,,0.9118546373158849
568,567,,,-39.5,100,False,False,False,True,cutoff,,1,0.8922699999999867,epsilon_greedy,,56800,,,,,,,1.2370226497346253
569,568,,,-39.5,100,False,False,False,True,cutoff,,1,0.8920799999999867,epsilon_greedy,,56900,,,,,,,0.5894656869420682
570,569,,,-39.5,100,False,False,False,True,cutoff,,1,0.8918899999999866,epsilon_greedy,,57000,,,,,,,0.41118069731705903
571,570,,,-39.5,100,False,False,False,True,cutoff,,1,0.8916999999999866,epsilon_greedy,,57100,,,,,,,1.0267493477911906
572,571,,,-18.5,100,False,False,False,True,cutoff,,3,0.8915099999999866,epsilon_greedy,,57200,,,,,,,0.8667439162303066
573,572,,,-39.5,100,False,False,False,True,cutoff,,1,0.8913199999999866,epsilon_greedy,,57300,,,,,,,1.045564000659336
574,573,,,-29.0,100,False,False,False,True,cutoff,,2,0.8911299999999865,epsilon_greedy,,57400,,,,,,,1.100922780170111
575,574,,,-29.0,100,False,False,False,True,cutoff,,2,0.8909399999999865,epsilon_greedy,,57500,,,,,,,0.5542198054156647
576,575,,,-29.0,100,False,False,False,True,cutoff,,2,0.8907499999999865,epsilon_greedy,,57600,,,,,,,0.6914005508922887
577,576,,,-29.0,100,False,False,False,True,cutoff,,2,0.8905599999999865,epsilon_greedy,,57700,,,,,,,1.0766017513776265
578,577,,,-29.0,100,False,False,False,True,cutoff,,2,0.8903699999999865,epsilon_greedy,,57800,,,,,,,1.2640640910656316
579,578,,,-39.5,100,False,False,False,True,cutoff,,1,0.8901799999999864,epsilon_greedy,,57900,,,,,,,1.2369000420646434
580,579,,,-8.0,100,False,False,False,True,cutoff,,4,0.8899899999999864,epsilon_greedy,,58000,,,,,,,0.7784366698691787
581,580,,,-18.5,100,False,False,False,True,cutoff,,3,0.8897999999999864,epsilon_greedy,,58100,,,,,,,0.7701457949487837
582,581,,,-29.0,100,False,False,False,True,cutoff,,2,0.8896099999999864,epsilon_greedy,,58200,,,,,,,0.7399638221000966
583,582,,,-29.0,100,False,False,False,True,cutoff,,2,0.8894199999999863,epsilon_greedy,,58300,,,,,,,0.5818597833525297
584,583,,,-29.0,100,False,False,False,True,cutoff,,2,0.8892299999999863,epsilon_greedy,,58400,,,,,,,0.652383573024824
585,584,,,-18.5,100,False,False,False,True,cutoff,,3,0.8890399999999863,epsilon_greedy,,58500,,,,,,,0.7804165619938384
586,585,,,-29.0,100,False,False,False,True,cutoff,,2,0.8888499999999863,epsilon_greedy,,58600,,,,,,,0.7987004806085148
587,586,,,-18.5,100,False,False,False,True,cutoff,,3,0.8886599999999862,epsilon_greedy,,58700,,,,,,,0.7736532207763019
588,587,,,-39.5,100,False,False,False,True,cutoff,,1,0.8884699999999862,epsilon_greedy,,58800,,,,,,,1.3663669111540435
589,588,,,-18.5,100,False,False,False,True,cutoff,,3,0.8882799999999862,epsilon_greedy,,58900,,,,,,,0.9870837878551417
590,589,,,-29.0,100,False,False,False,True,cutoff,,2,0.8880899999999862,epsilon_greedy,,59000,,,,,,,0.7622183404794943
591,590,,,-18.5,100,False,False,False,True,cutoff,,3,0.8878999999999861,epsilon_greedy,,59100,,,,,,,0.826102354692793
592,591,,,-29.0,100,False,False,False,True,cutoff,,2,0.8877099999999861,epsilon_greedy,,59200,,,,,,,0.8118856062484351
593,592,,,-29.0,100,False,False,False,True,cutoff,,2,0.8875199999999861,epsilon_greedy,,59300,,,,,,,0.7754872594855303
594,593,,,-18.5,100,False,False,False,True,cutoff,,3,0.8873299999999861,epsilon_greedy,,59400,,,,,,,1.1200836028279515
595,594,,,-18.5,100,False,False,False,True,cutoff,,3,0.887139999999986,epsilon_greedy,,59500,,,,,,,0.6074151008545738
596,595,,,-18.5,100,False,False,False,True,cutoff,,3,0.886949999999986,epsilon_greedy,,59600,,,,,,,0.58468713421465
597,596,,,-29.0,100,False,False,False,True,cutoff,,2,0.886759999999986,epsilon_greedy,,59700,,,,,,,0.6300183870178624
598,597,,,-18.5,100,False,False,False,True,cutoff,,3,0.886569999999986,epsilon_greedy,,59800,,,,,,,0.679642094241455
599,598,,,-29.0,100,False,False,False,True,cutoff,,2,0.886379999999986,epsilon_greedy,,59900,,,,,,,1.066431361478531
600,599,,,-39.5,100,False,False,False,True,cutoff,,1,0.8861899999999859,epsilon_greedy,,60000,,,,,,,0.9610287650699886
601,600,,,-29.0,100,False,False,False,True,cutoff,,2,0.8859999999999859,epsilon_greedy,,60100,,,,,,,0.5345780542196773
602,601,,,-39.5,100,False,False,False,True,cutoff,,1,0.8858099999999859,epsilon_greedy,,60200,,,,,,,0.9164529774591732
603,602,,,-39.5,100,False,False,False,True,cutoff,,1,0.8856199999999859,epsilon_greedy,,60300,,,,,,,1.3194143034329506
604,603,,,-29.0,100,False,False,False,True,cutoff,,2,0.8854299999999858,epsilon_greedy,,60400,,,,,,,0.807898885371604
605,604,,,-18.5,100,False,False,False,True,cutoff,,3,0.8852399999999858,epsilon_greedy,,60500,,,,,,,0.7024255204878881
606,605,,,-18.5,100,False,False,False,True,cutoff,,3,0.8850499999999858,epsilon_greedy,,60600,,,,,,,0.725994066195422
607,606,,,-29.0,100,False,False,False,True,cutoff,,2,0.8848599999999858,epsilon_greedy,,60700,,,,,,,0.8925828215514169
608,607,,,-50.0,100,False,False,False,True,cutoff,,0,0.8846699999999857,epsilon_greedy,,60800,,,,,,,1.114694671246318
609,608,,,-39.5,100,False,False,False,True,cutoff,,1,0.8844799999999857,epsilon_greedy,,60900,,,,,,,0.9652259658879209
610,609,,,-18.5,100,False,False,False,True,cutoff,,3,0.8842899999999857,epsilon_greedy,,61000,,,,,,,0.7916662019672984
611,610,,,-29.0,100,False,False,False,True,cutoff,,2,0.8840999999999857,epsilon_greedy,,61100,,,,,,,1.1235357179425838
612,611,,,-29.0,100,False,False,False,True,cutoff,,2,0.8839099999999857,epsilon_greedy,,61200,,,,,,,0.9324734612689105
613,612,,,-29.0,100,False,False,False,True,cutoff,,2,0.8837199999999856,epsilon_greedy,,61300,,,,,,,1.040071796147806
614,613,,,-18.5,100,False,False,False,True,cutoff,,3,0.8835299999999856,epsilon_greedy,,61400,,,,,,,0.9269844844729548
615,614,,,-39.5,100,False,False,False,True,cutoff,,1,0.8833399999999856,epsilon_greedy,,61500,,,,,,,0.553263963501101
616,615,,,-39.5,100,False,False,False,True,cutoff,,1,0.8831499999999856,epsilon_greedy,,61600,,,,,,,1.3968749268263994
617,616,,,-29.0,100,False,False,False,True,cutoff,,2,0.8829599999999855,epsilon_greedy,,61700,,,,,,,0.5273857270177363
618,617,,,-8.0,100,False,False,False,True,cutoff,,4,0.8827699999999855,epsilon_greedy,,61800,,,,,,,1.2509252483360387
619,618,,,-39.5,100,False,False,False,True,cutoff,,1,0.8825799999999855,epsilon_greedy,,61900,,,,,,,1.429926423732064
620,619,,,-29.0,100,False,False,False,True,cutoff,,2,0.8823899999999855,epsilon_greedy,,62000,,,,,,,0.7644922960710072
621,620,,,-39.5,100,False,False,False,True,cutoff,,1,0.8821999999999854,epsilon_greedy,,62100,,,,,,,1.8259031530694392
622,621,,,-39.5,100,False,False,False,True,cutoff,,1,0.8820099999999854,epsilon_greedy,,62200,,,,,,,1.252696664990846
623,622,,,-29.0,100,False,False,False,True,cutoff,,2,0.8818199999999854,epsilon_greedy,,62300,,,,,,,0.6641154309371636
624,623,,,-18.5,100,False,False,False,True,cutoff,,3,0.8816299999999854,epsilon_greedy,,62400,,,,,,,0.6847320391143294
625,624,,,-39.5,100,False,False,False,True,cutoff,,1,0.8814399999999853,epsilon_greedy,,62500,,,,,,,1.1848656118292455
626,625,,,-29.0,100,False,False,False,True,cutoff,,2,0.8812499999999853,epsilon_greedy,,62600,,,,,,,0.6238090195823394
627,626,,,-18.5,100,False,False,False,True,cutoff,,3,0.8810599999999853,epsilon_greedy,,62700,,,,,,,0.7521259611171217
628,627,,,-29.0,100,False,False,False,True,cutoff,,2,0.8808699999999853,epsilon_greedy,,62800,,,,,,,0.7776357398319453
629,628,,,-18.5,100,False,False,False,True,cutoff,,3,0.8806799999999853,epsilon_greedy,,62900,,,,,,,0.6435240384036498
630,629,,,-29.0,100,False,False,False,True,cutoff,,2,0.8804899999999852,epsilon_greedy,,63000,,,,,,,0.5179366141701339
631,630,,,-29.0,100,False,False,False,True,cutoff,,2,0.8802999999999852,epsilon_greedy,,63100,,,,,,,1.2407871803369723
632,631,,,-29.0,100,False,False,False,True,cutoff,,2,0.8801099999999852,epsilon_greedy,,63200,,,,,,,0.8584102571922044
633,632,,,-29.0,100,False,False,False,True,cutoff,,2,0.8799199999999852,epsilon_greedy,,63300,,,,,,,0.5536027867808394
634,633,,,-18.5,100,False,False,False,True,cutoff,,3,0.8797299999999851,epsilon_greedy,,63400,,,,,,,0.5976439208672629
635,634,,,-29.0,100,False,False,False,True,cutoff,,2,0.8795399999999851,epsilon_greedy,,63500,,,,,,,0.7255221971819907
636,635,,,-39.5,100,False,False,False,True,cutoff,,1,0.8793499999999851,epsilon_greedy,,63600,,,,,,,1.1500103792612923
637,636,,,-29.0,100,False,False,False,True,cutoff,,2,0.8791599999999851,epsilon_greedy,,63700,,,,,,,0.7473829024305856
638,637,,,-18.5,100,False,False,False,True,cutoff,,3,0.878969999999985,epsilon_greedy,,63800,,,,,,,0.6956560354372432
639,638,,,-29.0,100,False,False,False,True,cutoff,,2,0.878779999999985,epsilon_greedy,,63900,,,,,,,1.552761130729862
640,639,,,-29.0,100,False,False,False,True,cutoff,,2,0.878589999999985,epsilon_greedy,,64000,,,,,,,0.865682379644083
641,640,,,-29.0,100,False,False,False,True,cutoff,,2,0.878399999999985,epsilon_greedy,,64100,,,,,,,0.7182393390787902
642,641,,,13.0,79,True,False,True,False,success,,5,0.878209999999985,epsilon_greedy,,64179,,,,,,,1.049215855116415
643,642,,,-18.5,100,False,False,False,True,cutoff,,3,0.8780199999999849,epsilon_greedy,,64279,,,,,,,0.6710097323975259
644,643,,,-29.0,100,False,False,False,True,cutoff,,2,0.8778299999999849,epsilon_greedy,,64379,,,,,,,0.5296660603931557
645,644,,,-18.5,100,False,False,False,True,cutoff,,3,0.8776399999999849,epsilon_greedy,,64479,,,,,,,0.9347239634214128
646,645,,,-29.0,100,False,False,False,True,cutoff,,2,0.8774499999999849,epsilon_greedy,,64579,,,,,,,0.623493289416861
647,646,,,-29.0,100,False,False,False,True,cutoff,,2,0.8772599999999848,epsilon_greedy,,64679,,,,,,,1.259047414690779
648,647,,,-29.0,100,False,False,False,True,cutoff,,2,0.8770699999999848,epsilon_greedy,,64779,,,,,,,0.8013101174251716
649,648,,,-8.0,100,False,False,False,True,cutoff,,4,0.8768799999999848,epsilon_greedy,,64879,,,,,,,1.0151515280287222
650,649,,,-8.0,100,False,False,False,True,cutoff,,4,0.8766899999999848,epsilon_greedy,,64979,,,,,,,0.9734741352240357
651,650,,,-18.5,100,False,False,False,True,cutoff,,3,0.8764999999999847,epsilon_greedy,,65079,,,,,,,0.8010910453188907
652,651,,,-18.5,100,False,False,False,True,cutoff,,3,0.8763099999999847,epsilon_greedy,,65179,,,,,,,1.0043380953743597
653,652,,,-18.5,100,False,False,False,True,cutoff,,3,0.8761199999999847,epsilon_greedy,,65279,,,,,,,0.7231765225957826
654,653,,,-18.5,100,False,False,False,True,cutoff,,3,0.8759299999999847,epsilon_greedy,,65379,,,,,,,1.2187102485259325
655,654,,,-39.5,100,False,False,False,True,cutoff,,1,0.8757399999999846,epsilon_greedy,,65479,,,,,,,1.2495196748335804
656,655,,,-39.5,100,False,False,False,True,cutoff,,1,0.8755499999999846,epsilon_greedy,,65579,,,,,,,1.1424620809638948
657,656,,,-18.5,100,False,False,False,True,cutoff,,3,0.8753599999999846,epsilon_greedy,,65679,,,,,,,0.8962357497596959
658,657,,,-29.0,100,False,False,False,True,cutoff,,2,0.8751699999999846,epsilon_greedy,,65779,,,,,,,1.0325847920074716
659,658,,,-18.5,100,False,False,False,True,cutoff,,3,0.8749799999999845,epsilon_greedy,,65879,,,,,,,1.2808294881622562
660,659,,,-29.0,100,False,False,False,True,cutoff,,2,0.8747899999999845,epsilon_greedy,,65979,,,,,,,0.5075523948771444
661,660,,,-29.0,100,False,False,False,True,cutoff,,2,0.8745999999999845,epsilon_greedy,,66079,,,,,,,0.641811215293279
662,661,,,-18.5,100,False,False,False,True,cutoff,,3,0.8744099999999845,epsilon_greedy,,66179,,,,,,,0.927748576020695
663,662,,,-29.0,100,False,False,False,True,cutoff,,2,0.8742199999999845,epsilon_greedy,,66279,,,,,,,0.8909171447443047
664,663,,,-29.0,100,False,False,False,True,cutoff,,2,0.8740299999999844,epsilon_greedy,,66379,,,,,,,0.7547458739012255
665,664,,,-18.5,100,False,False,False,True,cutoff,,3,0.8738399999999844,epsilon_greedy,,66479,,,,,,,1.1686594704736561
666,665,,,-18.5,100,False,False,False,True,cutoff,,3,0.8736499999999844,epsilon_greedy,,66579,,,,,,,1.2447236499417704
667,666,,,-18.5,100,False,False,False,True,cutoff,,3,0.8734599999999844,epsilon_greedy,,66679,,,,,,,1.0589375624391268
668,667,,,-18.5,100,False,False,False,True,cutoff,,3,0.8732699999999843,epsilon_greedy,,66779,,,,,,,0.7825548244768199
669,668,,,-18.5,100,False,False,False,True,cutoff,,3,0.8730799999999843,epsilon_greedy,,66879,,,,,,,0.5857550546223796
670,669,,,-29.0,100,False,False,False,True,cutoff,,2,0.8728899999999843,epsilon_greedy,,66979,,,,,,,1.546617152393309
671,670,,,-18.5,100,False,False,False,True,cutoff,,3,0.8726999999999843,epsilon_greedy,,67079,,,,,,,0.5955996897571894
672,671,,,-29.0,100,False,False,False,True,cutoff,,2,0.8725099999999842,epsilon_greedy,,67179,,,,,,,0.7982846707072779
673,672,,,-29.0,100,False,False,False,True,cutoff,,2,0.8723199999999842,epsilon_greedy,,67279,,,,,,,0.6771616334664836
674,673,,,-39.5,100,False,False,False,True,cutoff,,1,0.8721299999999842,epsilon_greedy,,67379,,,,,,,0.8708298479528166
675,674,,,-29.0,100,False,False,False,True,cutoff,,2,0.8719399999999842,epsilon_greedy,,67479,,,,,,,1.3383484641524312
676,675,,,-29.0,100,False,False,False,True,cutoff,,2,0.8717499999999841,epsilon_greedy,,67579,,,,,,,0.9537564563408252
677,676,,,-29.0,100,False,False,False,True,cutoff,,2,0.8715599999999841,epsilon_greedy,,67679,,,,,,,1.3592219070244438
678,677,,,-18.5,100,False,False,False,True,cutoff,,3,0.8713699999999841,epsilon_greedy,,67779,,,,,,,0.8558621873169037
679,678,,,-29.0,100,False,False,False,True,cutoff,,2,0.8711799999999841,epsilon_greedy,,67879,,,,,,,1.0820714696502785
680,679,,,-39.5,100,False,False,False,True,cutoff,,1,0.870989999999984,epsilon_greedy,,67979,,,,,,,0.9844635841441167
681,680,,,-29.0,100,False,False,False,True,cutoff,,2,0.870799999999984,epsilon_greedy,,68079,,,,,,,0.7933958882745208
682,681,,,-8.0,100,False,False,False,True,cutoff,,4,0.870609999999984,epsilon_greedy,,68179,,,,,,,0.7803652825705488
683,682,,,-29.0,100,False,False,False,True,cutoff,,2,0.870419999999984,epsilon_greedy,,68279,,,,,,,0.5665999932496658
684,683,,,-29.0,100,False,False,False,True,cutoff,,2,0.870229999999984,epsilon_greedy,,68379,,,,,,,0.6909363067989303
685,684,,,-29.0,100,False,False,False,True,cutoff,,2,0.8700399999999839,epsilon_greedy,,68479,,,,,,,0.5106754454946405
686,685,,,-18.5,100,False,False,False,True,cutoff,,3,0.8698499999999839,epsilon_greedy,,68579,,,,,,,0.7204273342695943
687,686,,,-29.0,100,False,False,False,True,cutoff,,2,0.8696599999999839,epsilon_greedy,,68679,,,,,,,0.8568661167051319
688,687,,,-29.0,100,False,False,False,True,cutoff,,2,0.8694699999999839,epsilon_greedy,,68779,,,,,,,0.9228228584771937
689,688,,,-29.0,100,False,False,False,True,cutoff,,2,0.8692799999999838,epsilon_greedy,,68879,,,,,,,0.8135811715120024
690,689,,,-18.5,100,False,False,False,True,cutoff,,3,0.8690899999999838,epsilon_greedy,,68979,,,,,,,1.0091502553189722
691,690,,,-29.0,100,False,False,False,True,cutoff,,2,0.8688999999999838,epsilon_greedy,,69079,,,,,,,1.3755199619161673
692,691,,,-39.5,100,False,False,False,True,cutoff,,1,0.8687099999999838,epsilon_greedy,,69179,,,,,,,1.0036133957039177
693,692,,,-18.5,100,False,False,False,True,cutoff,,3,0.8685199999999837,epsilon_greedy,,69279,,,,,,,0.6505246536671503
694,693,,,-39.5,100,False,False,False,True,cutoff,,1,0.8683299999999837,epsilon_greedy,,69379,,,,,,,0.9257987585519193
695,694,,,-29.0,100,False,False,False,True,cutoff,,2,0.8681399999999837,epsilon_greedy,,69479,,,,,,,1.108785974460269
696,695,,,20.5,64,True,False,True,False,success,,5,0.8679499999999837,epsilon_greedy,,69543,,,,,,,0.916061592541227
697,696,,,-29.0,100,False,False,False,True,cutoff,,2,0.8677599999999837,epsilon_greedy,,69643,,,,,,,0.9218850980873776
698,697,,,-29.0,100,False,False,False,True,cutoff,,2,0.8675699999999836,epsilon_greedy,,69743,,,,,,,1.0575756120042135
699,698,,,-39.5,100,False,False,False,True,cutoff,,1,0.8673799999999836,epsilon_greedy,,69843,,,,,,,0.7797667615846819
700,699,,,-39.5,100,False,False,False,True,cutoff,,1,0.8671899999999836,epsilon_greedy,,69943,,,,,,,0.6228606504052037
701,700,,,-8.0,100,False,False,False,True,cutoff,,4,0.8669999999999836,epsilon_greedy,,70043,,,,,,,0.7585945525419455
702,701,,,-39.5,100,False,False,False,True,cutoff,,1,0.8668099999999835,epsilon_greedy,,70143,,,,,,,0.9720921653017909
703,702,,,-29.0,100,False,False,False,True,cutoff,,2,0.8666199999999835,epsilon_greedy,,70243,,,,,,,0.6210964068690565
704,703,,,-39.5,100,False,False,False,True,cutoff,,1,0.8664299999999835,epsilon_greedy,,70343,,,,,,,1.5094935387864865
705,704,,,-29.0,100,False,False,False,True,cutoff,,2,0.8662399999999835,epsilon_greedy,,70443,,,,,,,0.5884184086981993
706,705,,,-18.5,100,False,False,False,True,cutoff,,3,0.8660499999999834,epsilon_greedy,,70543,,,,,,,1.002618532600164
707,706,,,-29.0,100,False,False,False,True,cutoff,,2,0.8658599999999834,epsilon_greedy,,70643,,,,,,,0.6650714813536028
708,707,,,-18.5,100,False,False,False,True,cutoff,,3,0.8656699999999834,epsilon_greedy,,70743,,,,,,,0.759301291997843
709,708,,,-18.5,100,False,False,False,True,cutoff,,3,0.8654799999999834,epsilon_greedy,,70843,,,,,,,0.7898258919171984
710,709,,,-39.5,100,False,False,False,True,cutoff,,1,0.8652899999999834,epsilon_greedy,,70943,,,,,,,0.9062644140084796
711,710,,,-29.0,100,False,False,False,True,cutoff,,2,0.8650999999999833,epsilon_greedy,,71043,,,,,,,1.1060593775935674
712,711,,,-18.5,100,False,False,False,True,cutoff,,3,0.8649099999999833,epsilon_greedy,,71143,,,,,,,0.5508441784706929
713,712,,,-29.0,100,False,False,False,True,cutoff,,2,0.8647199999999833,epsilon_greedy,,71243,,,,,,,1.3009709860844418
714,713,,,-18.5,100,False,False,False,True,cutoff,,3,0.8645299999999833,epsilon_greedy,,71343,,,,,,,1.029579939530944
715,714,,,-29.0,100,False,False,False,True,cutoff,,2,0.8643399999999832,epsilon_greedy,,71443,,,,,,,0.8303555451467541
716,715,,,-8.0,100,False,False,False,True,cutoff,,4,0.8641499999999832,epsilon_greedy,,71543,,,,,,,0.7987933262334912
717,716,,,-18.5,100,False,False,False,True,cutoff,,3,0.8639599999999832,epsilon_greedy,,71643,,,,,,,0.6076962859209827
718,717,,,-29.0,100,False,False,False,True,cutoff,,2,0.8637699999999832,epsilon_greedy,,71743,,,,,,,0.9933512514339646
719,718,,,-39.5,100,False,False,False,True,cutoff,,1,0.8635799999999831,epsilon_greedy,,71843,,,,,,,0.520072509124961
720,719,,,-18.5,100,False,False,False,True,cutoff,,3,0.8633899999999831,epsilon_greedy,,71943,,,,,,,0.9439110698077959
721,720,,,-18.5,100,False,False,False,True,cutoff,,3,0.8631999999999831,epsilon_greedy,,72043,,,,,,,0.6985868723784269
722,721,,,-39.5,100,False,False,False,True,cutoff,,1,0.8630099999999831,epsilon_greedy,,72143,,,,,,,1.0257196731906455
723,722,,,-29.0,100,False,False,False,True,cutoff,,2,0.862819999999983,epsilon_greedy,,72243,,,,,,,0.7319442738485766
724,723,,,-29.0,100,False,False,False,True,cutoff,,2,0.862629999999983,epsilon_greedy,,72343,,,,,,,0.9942125844130372
725,724,,,-29.0,100,False,False,False,True,cutoff,,2,0.862439999999983,epsilon_greedy,,72443,,,,,,,0.5505216748256468
726,725,,,-18.5,100,False,False,False,True,cutoff,,3,0.862249999999983,epsilon_greedy,,72543,,,,,,,1.181772127461421
727,726,,,-29.0,100,False,False,False,True,cutoff,,2,0.862059999999983,epsilon_greedy,,72643,,,,,,,0.7381538243490362
728,727,,,-29.0,100,False,False,False,True,cutoff,,2,0.8618699999999829,epsilon_greedy,,72743,,,,,,,0.45920453052372656
729,728,,,-29.0,100,False,False,False,True,cutoff,,2,0.8616799999999829,epsilon_greedy,,72843,,,,,,,0.803432951928128
730,729,,,-29.0,100,False,False,False,True,cutoff,,2,0.8614899999999829,epsilon_greedy,,72943,,,,,,,0.9913598310434857
731,730,,,-29.0,100,False,False,False,True,cutoff,,2,0.8612999999999829,epsilon_greedy,,73043,,,,,,,0.7508775467424204
732,731,,,-18.5,100,False,False,False,True,cutoff,,3,0.8611099999999828,epsilon_greedy,,73143,,,,,,,0.7184073856075014
733,732,,,-8.0,100,False,False,False,True,cutoff,,4,0.8609199999999828,epsilon_greedy,,73243,,,,,,,0.9590836974669606
734,733,,,-29.0,100,False,False,False,True,cutoff,,2,0.8607299999999828,epsilon_greedy,,73343,,,,,,,1.2230155633377946
735,734,,,-18.5,100,False,False,False,True,cutoff,,3,0.8605399999999828,epsilon_greedy,,73443,,,,,,,0.7878277522199885
736,735,,,-29.0,100,False,False,False,True,cutoff,,2,0.8603499999999827,epsilon_greedy,,73543,,,,,,,1.1146742392174787
737,736,,,-29.0,100,False,False,False,True,cutoff,,2,0.8601599999999827,epsilon_greedy,,73643,,,,,,,1.2329126400616006
738,737,,,-18.5,100,False,False,False,True,cutoff,,3,0.8599699999999827,epsilon_greedy,,73743,,,,,,,1.3486580575945857
739,738,,,-18.5,100,False,False,False,True,cutoff,,3,0.8597799999999827,epsilon_greedy,,73843,,,,,,,0.8191260371086622
740,739,,,-39.5,100,False,False,False,True,cutoff,,1,0.8595899999999826,epsilon_greedy,,73943,,,,,,,1.5583326846461127
741,740,,,-18.5,100,False,False,False,True,cutoff,,3,0.8593999999999826,epsilon_greedy,,74043,,,,,,,0.876571218434214
742,741,,,-18.5,100,False,False,False,True,cutoff,,3,0.8592099999999826,epsilon_greedy,,74143,,,,,,,0.765221218222366
743,742,,,-29.0,100,False,False,False,True,cutoff,,2,0.8590199999999826,epsilon_greedy,,74243,,,,,,,0.7521177585078404
744,743,,,-29.0,100,False,False,False,True,cutoff,,2,0.8588299999999826,epsilon_greedy,,74343,,,,,,,0.714797374386909
745,744,,,-29.0,100,False,False,False,True,cutoff,,2,0.8586399999999825,epsilon_greedy,,74443,,,,,,,0.8411939181297912
746,745,,,-29.0,100,False,False,False,True,cutoff,,2,0.8584499999999825,epsilon_greedy,,74543,,,,,,,0.9504975916247942
747,746,,,-29.0,100,False,False,False,True,cutoff,,2,0.8582599999999825,epsilon_greedy,,74643,,,,,,,0.7106313620528497
748,747,,,-29.0,100,False,False,False,True,cutoff,,2,0.8580699999999825,epsilon_greedy,,74743,,,,,,,0.7749873450133723
749,748,,,-18.5,100,False,False,False,True,cutoff,,3,0.8578799999999824,epsilon_greedy,,74843,,,,,,,1.0252847238535612
750,749,,,-39.5,100,False,False,False,True,cutoff,,1,0.8576899999999824,epsilon_greedy,,74943,,,,,,,1.0368042926554344
751,750,,,-29.0,100,False,False,False,True,cutoff,,2,0.8574999999999824,epsilon_greedy,,75043,,,,,,,0.8976535909738412
752,751,,,-18.5,100,False,False,False,True,cutoff,,3,0.8573099999999824,epsilon_greedy,,75143,,,,,,,0.7512011150150504
753,752,,,-18.5,100,False,False,False,True,cutoff,,3,0.8571199999999823,epsilon_greedy,,75243,,,,,,,0.8643879609757533
754,753,,,-18.5,100,False,False,False,True,cutoff,,3,0.8569299999999823,epsilon_greedy,,75343,,,,,,,0.7272211506497872
755,754,,,-18.5,100,False,False,False,True,cutoff,,3,0.8567399999999823,epsilon_greedy,,75443,,,,,,,1.019568884780599
756,755,,,-29.0,100,False,False,False,True,cutoff,,2,0.8565499999999823,epsilon_greedy,,75543,,,,,,,0.653470648356768
757,756,,,-18.5,100,False,False,False,True,cutoff,,3,0.8563599999999822,epsilon_greedy,,75643,,,,,,,0.7572167903102983
758,757,,,-29.0,100,False,False,False,True,cutoff,,2,0.8561699999999822,epsilon_greedy,,75743,,,,,,,0.7373543296957982
759,758,,,-18.5,100,False,False,False,True,cutoff,,3,0.8559799999999822,epsilon_greedy,,75843,,,,,,,1.1345612499754714
760,759,,,-29.0,100,False,False,False,True,cutoff,,2,0.8557899999999822,epsilon_greedy,,75943,,,,,,,0.8401601120299592
761,760,,,-29.0,100,False,False,False,True,cutoff,,2,0.8555999999999822,epsilon_greedy,,76043,,,,,,,0.674257022720903
762,761,,,-29.0,100,False,False,False,True,cutoff,,2,0.8554099999999821,epsilon_greedy,,76143,,,,,,,0.9221936743209601
763,762,,,-39.5,100,False,False,False,True,cutoff,,1,0.8552199999999821,epsilon_greedy,,76243,,,,,,,1.0503985373101152
764,763,,,-39.5,100,False,False,False,True,cutoff,,1,0.8550299999999821,epsilon_greedy,,76343,,,,,,,0.7486572715264955
765,764,,,-8.0,100,False,False,False,True,cutoff,,4,0.8548399999999821,epsilon_greedy,,76443,,,,,,,0.6147304107354096
766,765,,,-29.0,100,False,False,False,True,cutoff,,2,0.854649999999982,epsilon_greedy,,76543,,,,,,,0.628504114725661
767,766,,,-29.0,100,False,False,False,True,cutoff,,2,0.854459999999982,epsilon_greedy,,76643,,,,,,,0.5889094597547752
768,767,,,-39.5,100,False,False,False,True,cutoff,,1,0.854269999999982,epsilon_greedy,,76743,,,,,,,0.5282813949402663
769,768,,,-29.0,100,False,False,False,True,cutoff,,2,0.854079999999982,epsilon_greedy,,76843,,,,,,,0.7365982454521531
770,769,,,-18.5,100,False,False,False,True,cutoff,,3,0.8538899999999819,epsilon_greedy,,76943,,,,,,,0.6234602405212365
771,770,,,-29.0,100,False,False,False,True,cutoff,,2,0.8536999999999819,epsilon_greedy,,77043,,,,,,,0.9664691359393539
772,771,,,-29.0,100,False,False,False,True,cutoff,,2,0.8535099999999819,epsilon_greedy,,77143,,,,,,,0.5134532357074285
773,772,,,-18.5,100,False,False,False,True,cutoff,,3,0.8533199999999819,epsilon_greedy,,77243,,,,,,,0.7450252820911207
774,773,,,-29.0,100,False,False,False,True,cutoff,,2,0.8531299999999818,epsilon_greedy,,77343,,,,,,,0.9517261096628709
775,774,,,-18.5,100,False,False,False,True,cutoff,,3,0.8529399999999818,epsilon_greedy,,77443,,,,,,,1.1692473092988618
776,775,,,-39.5,100,False,False,False,True,cutoff,,1,0.8527499999999818,epsilon_greedy,,77543,,,,,,,0.9850238352915004
777,776,,,-39.5,100,False,False,False,True,cutoff,,1,0.8525599999999818,epsilon_greedy,,77643,,,,,,,0.9417632438576541
778,777,,,-29.0,100,False,False,False,True,cutoff,,2,0.8523699999999818,epsilon_greedy,,77743,,,,,,,1.0184976766242444
779,778,,,-18.5,100,False,False,False,True,cutoff,,3,0.8521799999999817,epsilon_greedy,,77843,,,,,,,0.88355722300746
780,779,,,-29.0,100,False,False,False,True,cutoff,,2,0.8519899999999817,epsilon_greedy,,77943,,,,,,,0.8606361623516672
781,780,,,-29.0,100,False,False,False,True,cutoff,,2,0.8517999999999817,epsilon_greedy,,78043,,,,,,,0.7265065695343875
782,781,,,-18.5,100,False,False,False,True,cutoff,,3,0.8516099999999817,epsilon_greedy,,78143,,,,,,,0.6526439269697597
783,782,,,-29.0,100,False,False,False,True,cutoff,,2,0.8514199999999816,epsilon_greedy,,78243,,,,,,,0.6031598433529666
784,783,,,-18.5,100,False,False,False,True,cutoff,,3,0.8512299999999816,epsilon_greedy,,78343,,,,,,,0.5908361839717408
785,784,,,-18.5,100,False,False,False,True,cutoff,,3,0.8510399999999816,epsilon_greedy,,78443,,,,,,,0.511019935304049
786,785,,,-29.0,100,False,False,False,True,cutoff,,2,0.8508499999999816,epsilon_greedy,,78543,,,,,,,0.7593085162582658
787,786,,,-29.0,100,False,False,False,True,cutoff,,2,0.8506599999999815,epsilon_greedy,,78643,,,,,,,0.44656728614847835
788,787,,,-18.5,100,False,False,False,True,cutoff,,3,0.8504699999999815,epsilon_greedy,,78743,,,,,,,1.2231860274239383
789,788,,,-29.0,100,False,False,False,True,cutoff,,2,0.8502799999999815,epsilon_greedy,,78843,,,,,,,0.7312651298772647
790,789,,,-29.0,100,False,False,False,True,cutoff,,2,0.8500899999999815,epsilon_greedy,,78943,,,,,,,1.0205797375331718
791,790,,,-29.0,100,False,False,False,True,cutoff,,2,0.8498999999999814,epsilon_greedy,,79043,,,,,,,0.7810729985588035
792,791,,,-29.0,100,False,False,False,True,cutoff,,2,0.8497099999999814,epsilon_greedy,,79143,,,,,,,0.60428468886835
793,792,,,-18.5,100,False,False,False,True,cutoff,,3,0.8495199999999814,epsilon_greedy,,79243,,,,,,,0.6745099291719339
794,793,,,-29.0,100,False,False,False,True,cutoff,,2,0.8493299999999814,epsilon_greedy,,79343,,,,,,,0.9962712495145373
795,794,,,-39.5,100,False,False,False,True,cutoff,,1,0.8491399999999814,epsilon_greedy,,79443,,,,,,,0.8112839040919837
796,795,,,-18.5,100,False,False,False,True,cutoff,,3,0.8489499999999813,epsilon_greedy,,79543,,,,,,,0.9685338115389835
797,796,,,-29.0,100,False,False,False,True,cutoff,,2,0.8487599999999813,epsilon_greedy,,79643,,,,,,,1.3918175620159865
798,797,,,-29.0,100,False,False,False,True,cutoff,,2,0.8485699999999813,epsilon_greedy,,79743,,,,,,,0.7160311553875287
799,798,,,-29.0,100,False,False,False,True,cutoff,,2,0.8483799999999813,epsilon_greedy,,79843,,,,,,,0.6414223170480408
800,799,,,-18.5,100,False,False,False,True,cutoff,,3,0.8481899999999812,epsilon_greedy,,79943,,,,,,,0.6680474110065971
801,800,,,-29.0,100,False,False,False,True,cutoff,,2,0.8479999999999812,epsilon_greedy,,80043,,,,,,,1.0599579367178509
802,801,,,-29.0,100,False,False,False,True,cutoff,,2,0.8478099999999812,epsilon_greedy,,80143,,,,,,,1.3930984148614607
803,802,,,-29.0,100,False,False,False,True,cutoff,,2,0.8476199999999812,epsilon_greedy,,80243,,,,,,,0.5675717322331719
804,803,,,-18.5,100,False,False,False,True,cutoff,,3,0.8474299999999811,epsilon_greedy,,80343,,,,,,,0.704644926138341
805,804,,,-18.5,100,False,False,False,True,cutoff,,3,0.8472399999999811,epsilon_greedy,,80443,,,,,,,0.47754895063333636
806,805,,,-39.5,100,False,False,False,True,cutoff,,1,0.8470499999999811,epsilon_greedy,,80543,,,,,,,0.7844977991791631
807,806,,,-29.0,100,False,False,False,True,cutoff,,2,0.8468599999999811,epsilon_greedy,,80643,,,,,,,0.4990399873370875
808,807,,,-29.0,100,False,False,False,True,cutoff,,2,0.846669999999981,epsilon_greedy,,80743,,,,,,,0.5354517690768421
809,808,,,-18.5,100,False,False,False,True,cutoff,,3,0.846479999999981,epsilon_greedy,,80843,,,,,,,0.7168548217362286
810,809,,,-18.5,100,False,False,False,True,cutoff,,3,0.846289999999981,epsilon_greedy,,80943,,,,,,,0.790783991509354
811,810,,,-18.5,100,False,False,False,True,cutoff,,3,0.846099999999981,epsilon_greedy,,81043,,,,,,,0.6183884162994919
812,811,,,-39.5,100,False,False,False,True,cutoff,,1,0.845909999999981,epsilon_greedy,,81143,,,,,,,1.264416098866205
813,812,,,-18.5,100,False,False,False,True,cutoff,,3,0.8457199999999809,epsilon_greedy,,81243,,,,,,,0.7209244859843811
814,813,,,-18.5,100,False,False,False,True,cutoff,,3,0.8455299999999809,epsilon_greedy,,81343,,,,,,,0.713717962939887
815,814,,,-29.0,100,False,False,False,True,cutoff,,2,0.8453399999999809,epsilon_greedy,,81443,,,,,,,0.9020219439630094
816,815,,,-18.5,100,False,False,False,True,cutoff,,3,0.8451499999999809,epsilon_greedy,,81543,,,,,,,0.8298524423924646
817,816,,,-29.0,100,False,False,False,True,cutoff,,2,0.8449599999999808,epsilon_greedy,,81643,,,,,,,0.6692293950776217
818,817,,,-29.0,100,False,False,False,True,cutoff,,2,0.8447699999999808,epsilon_greedy,,81743,,,,,,,0.5483007039490331
819,818,,,-29.0,100,False,False,False,True,cutoff,,2,0.8445799999999808,epsilon_greedy,,81843,,,,,,,0.5673108532495269
820,819,,,-18.5,100,False,False,False,True,cutoff,,3,0.8443899999999808,epsilon_greedy,,81943,,,,,,,0.6656502349694301
821,820,,,-18.5,100,False,False,False,True,cutoff,,3,0.8441999999999807,epsilon_greedy,,82043,,,,,,,0.9320144947559629
822,821,,,-29.0,100,False,False,False,True,cutoff,,2,0.8440099999999807,epsilon_greedy,,82143,,,,,,,1.0806653032179516
823,822,,,-29.0,100,False,False,False,True,cutoff,,2,0.8438199999999807,epsilon_greedy,,82243,,,,,,,0.8927384181186468
824,823,,,-18.5,100,False,False,False,True,cutoff,,3,0.8436299999999807,epsilon_greedy,,82343,,,,,,,0.7568773466747645
825,824,,,-18.5,100,False,False,False,True,cutoff,,3,0.8434399999999806,epsilon_greedy,,82443,,,,,,,1.0419890429090584
826,825,,,-18.5,100,False,False,False,True,cutoff,,3,0.8432499999999806,epsilon_greedy,,82543,,,,,,,1.0197199668977412
827,826,,,-18.5,100,False,False,False,True,cutoff,,3,0.8430599999999806,epsilon_greedy,,82643,,,,,,,1.1958875482209488
828,827,,,-29.0,100,False,False,False,True,cutoff,,2,0.8428699999999806,epsilon_greedy,,82743,,,,,,,0.8639369106019533
829,828,,,-18.5,100,False,False,False,True,cutoff,,3,0.8426799999999806,epsilon_greedy,,82843,,,,,,,0.8768498334582385
830,829,,,-18.5,100,False,False,False,True,cutoff,,3,0.8424899999999805,epsilon_greedy,,82943,,,,,,,1.0382781733340962
831,830,,,-29.0,100,False,False,False,True,cutoff,,2,0.8422999999999805,epsilon_greedy,,83043,,,,,,,0.37530035138057505
832,831,,,-18.5,100,False,False,False,True,cutoff,,3,0.8421099999999805,epsilon_greedy,,83143,,,,,,,1.089269247224982
833,832,,,-29.0,100,False,False,False,True,cutoff,,2,0.8419199999999805,epsilon_greedy,,83243,,,,,,,0.5431215008600305
834,833,,,-8.0,100,False,False,False,True,cutoff,,4,0.8417299999999804,epsilon_greedy,,83343,,,,,,,0.9440007538104108
835,834,,,-29.0,100,False,False,False,True,cutoff,,2,0.8415399999999804,epsilon_greedy,,83443,,,,,,,0.7271756230755457
836,835,,,-29.0,100,False,False,False,True,cutoff,,2,0.8413499999999804,epsilon_greedy,,83543,,,,,,,0.7707909453728563
837,836,,,-18.5,100,False,False,False,True,cutoff,,3,0.8411599999999804,epsilon_greedy,,83643,,,,,,,1.0188913231685264
838,837,,,-18.5,100,False,False,False,True,cutoff,,3,0.8409699999999803,epsilon_greedy,,83743,,,,,,,0.7605317678005425
839,838,,,-29.0,100,False,False,False,True,cutoff,,2,0.8407799999999803,epsilon_greedy,,83843,,,,,,,0.95924817535946
840,839,,,-39.5,100,False,False,False,True,cutoff,,1,0.8405899999999803,epsilon_greedy,,83943,,,,,,,0.7019254049562049
841,840,,,-18.5,100,False,False,False,True,cutoff,,3,0.8403999999999803,epsilon_greedy,,84043,,,,,,,0.6716656712117409
842,841,,,-39.5,100,False,False,False,True,cutoff,,1,0.8402099999999803,epsilon_greedy,,84143,,,,,,,0.7232204499246352
843,842,,,-18.5,100,False,False,False,True,cutoff,,3,0.8400199999999802,epsilon_greedy,,84243,,,,,,,0.9098746651986722
844,843,,,-29.0,100,False,False,False,True,cutoff,,2,0.8398299999999802,epsilon_greedy,,84343,,,,,,,0.8228927089333236
845,844,,,-18.5,100,False,False,False,True,cutoff,,3,0.8396399999999802,epsilon_greedy,,84443,,,,,,,0.7652803009854408
846,845,,,-29.0,100,False,False,False,True,cutoff,,2,0.8394499999999802,epsilon_greedy,,84543,,,,,,,0.5795051592688436
847,846,,,-8.0,100,False,False,False,True,cutoff,,4,0.8392599999999801,epsilon_greedy,,84643,,,,,,,0.7368839793116099
848,847,,,-39.5,100,False,False,False,True,cutoff,,1,0.8390699999999801,epsilon_greedy,,84743,,,,,,,1.4139218849845079
849,848,,,-18.5,100,False,False,False,True,cutoff,,3,0.8388799999999801,epsilon_greedy,,84843,,,,,,,0.5830956074160859
850,849,,,-18.5,100,False,False,False,True,cutoff,,3,0.8386899999999801,epsilon_greedy,,84943,,,,,,,0.8959648688295674
851,850,,,-18.5,100,False,False,False,True,cutoff,,3,0.83849999999998,epsilon_greedy,,85043,,,,,,,1.127671279755858
852,851,,,-18.5,100,False,False,False,True,cutoff,,3,0.83830999999998,epsilon_greedy,,85143,,,,,,,0.7036151382600491
853,852,,,-29.0,100,False,False,False,True,cutoff,,2,0.83811999999998,epsilon_greedy,,85243,,,,,,,1.3886801894567267
854,853,,,-18.5,100,False,False,False,True,cutoff,,3,0.83792999999998,epsilon_greedy,,85343,,,,,,,0.8869811039858354
855,854,,,-18.5,100,False,False,False,True,cutoff,,3,0.83773999999998,epsilon_greedy,,85443,,,,,,,1.1191611924612936
856,855,,,-18.5,100,False,False,False,True,cutoff,,3,0.8375499999999799,epsilon_greedy,,85543,,,,,,,0.7730597834633385
857,856,,,-29.0,100,False,False,False,True,cutoff,,2,0.8373599999999799,epsilon_greedy,,85643,,,,,,,0.9342767428674569
858,857,,,-18.5,100,False,False,False,True,cutoff,,3,0.8371699999999799,epsilon_greedy,,85743,,,,,,,0.9592719274686905
859,858,,,-18.5,100,False,False,False,True,cutoff,,3,0.8369799999999799,epsilon_greedy,,85843,,,,,,,1.0956263490557643
860,859,,,-39.5,100,False,False,False,True,cutoff,,1,0.8367899999999798,epsilon_greedy,,85943,,,,,,,0.6546000267897927
861,860,,,-29.0,100,False,False,False,True,cutoff,,2,0.8365999999999798,epsilon_greedy,,86043,,,,,,,1.009006103686773
862,861,,,-18.5,100,False,False,False,True,cutoff,,3,0.8364099999999798,epsilon_greedy,,86143,,,,,,,0.7680748484937457
863,862,,,-29.0,100,False,False,False,True,cutoff,,2,0.8362199999999798,epsilon_greedy,,86243,,,,,,,0.9494217250326186
864,863,,,-18.5,100,False,False,False,True,cutoff,,3,0.8360299999999797,epsilon_greedy,,86343,,,,,,,0.6283670958821337
865,864,,,-39.5,100,False,False,False,True,cutoff,,1,0.8358399999999797,epsilon_greedy,,86443,,,,,,,0.5872743887755698
866,865,,,-18.5,100,False,False,False,True,cutoff,,3,0.8356499999999797,epsilon_greedy,,86543,,,,,,,1.062795632782442
867,866,,,-18.5,100,False,False,False,True,cutoff,,3,0.8354599999999797,epsilon_greedy,,86643,,,,,,,1.1236525563476691
868,867,,,-39.5,100,False,False,False,True,cutoff,,1,0.8352699999999796,epsilon_greedy,,86743,,,,,,,0.6881943677066795
869,868,,,-18.5,100,False,False,False,True,cutoff,,3,0.8350799999999796,epsilon_greedy,,86843,,,,,,,0.9095226242119145
870,869,,,-39.5,100,False,False,False,True,cutoff,,1,0.8348899999999796,epsilon_greedy,,86943,,,,,,,0.8327414048589145
871,870,,,-18.5,100,False,False,False,True,cutoff,,3,0.8346999999999796,epsilon_greedy,,87043,,,,,,,0.6221406590444293
872,871,,,-39.5,100,False,False,False,True,cutoff,,1,0.8345099999999795,epsilon_greedy,,87143,,,,,,,1.3642423989570276
873,872,,,-18.5,100,False,False,False,True,cutoff,,3,0.8343199999999795,epsilon_greedy,,87243,,,,,,,0.6852252571060518
874,873,,,-39.5,100,False,False,False,True,cutoff,,1,0.8341299999999795,epsilon_greedy,,87343,,,,,,,1.0913881658571452
875,874,,,-29.0,100,False,False,False,True,cutoff,,2,0.8339399999999795,epsilon_greedy,,87443,,,,,,,0.5314292573660238
876,875,,,-29.0,100,False,False,False,True,cutoff,,2,0.8337499999999795,epsilon_greedy,,87543,,,,,,,0.6262769772242561
877,876,,,-18.5,100,False,False,False,True,cutoff,,3,0.8335599999999794,epsilon_greedy,,87643,,,,,,,0.9534371818651151
878,877,,,-18.5,100,False,False,False,True,cutoff,,3,0.8333699999999794,epsilon_greedy,,87743,,,,,,,0.555296741610766
879,878,,,-18.5,100,False,False,False,True,cutoff,,3,0.8331799999999794,epsilon_greedy,,87843,,,,,,,0.8924178092912295
880,879,,,-29.0,100,False,False,False,True,cutoff,,2,0.8329899999999794,epsilon_greedy,,87943,,,,,,,0.9798576773983376
881,880,,,-29.0,100,False,False,False,True,cutoff,,2,0.8327999999999793,epsilon_greedy,,88043,,,,,,,1.0883414503859965
882,881,,,-18.5,100,False,False,False,True,cutoff,,3,0.8326099999999793,epsilon_greedy,,88143,,,,,,,0.8524971405717241
883,882,,,-18.5,100,False,False,False,True,cutoff,,3,0.8324199999999793,epsilon_greedy,,88243,,,,,,,0.7535226463222728
884,883,,,-29.0,100,False,False,False,True,cutoff,,2,0.8322299999999793,epsilon_greedy,,88343,,,,,,,1.1554062037010608
885,884,,,-18.5,100,False,False,False,True,cutoff,,3,0.8320399999999792,epsilon_greedy,,88443,,,,,,,0.9441021464153843
886,885,,,-39.5,100,False,False,False,True,cutoff,,1,0.8318499999999792,epsilon_greedy,,88543,,,,,,,0.787983387373776
887,886,,,-18.5,100,False,False,False,True,cutoff,,3,0.8316599999999792,epsilon_greedy,,88643,,,,,,,0.7085486493822717
888,887,,,-29.0,100,False,False,False,True,cutoff,,2,0.8314699999999792,epsilon_greedy,,88743,,,,,,,0.605753473760638
889,888,,,-29.0,100,False,False,False,True,cutoff,,2,0.8312799999999791,epsilon_greedy,,88843,,,,,,,0.9047160044603109
890,889,,,-29.0,100,False,False,False,True,cutoff,,2,0.8310899999999791,epsilon_greedy,,88943,,,,,,,1.0309556268220263
891,890,,,-18.5,100,False,False,False,True,cutoff,,3,0.8308999999999791,epsilon_greedy,,89043,,,,,,,0.7179616764068387
892,891,,,-18.5,100,False,False,False,True,cutoff,,3,0.8307099999999791,epsilon_greedy,,89143,,,,,,,0.5257258308754195
893,892,,,-18.5,100,False,False,False,True,cutoff,,3,0.830519999999979,epsilon_greedy,,89243,,,,,,,0.41482594490874725
894,893,,,-29.0,100,False,False,False,True,cutoff,,2,0.830329999999979,epsilon_greedy,,89343,,,,,,,0.8149825720769166
895,894,,,-29.0,100,False,False,False,True,cutoff,,2,0.830139999999979,epsilon_greedy,,89443,,,,,,,0.5477634833421656
896,895,,,-29.0,100,False,False,False,True,cutoff,,2,0.829949999999979,epsilon_greedy,,89543,,,,,,,0.9475801049716006
897,896,,,-39.5,100,False,False,False,True,cutoff,,1,0.829759999999979,epsilon_greedy,,89643,,,,,,,1.1156182478556655
898,897,,,-29.0,100,False,False,False,True,cutoff,,2,0.8295699999999789,epsilon_greedy,,89743,,,,,,,0.8725644346630357
899,898,,,-29.0,100,False,False,False,True,cutoff,,2,0.8293799999999789,epsilon_greedy,,89843,,,,,,,0.7543679466985129
900,899,,,-29.0,100,False,False,False,True,cutoff,,2,0.8291899999999789,epsilon_greedy,,89943,,,,,,,1.1774207929428535
901,900,,,-29.0,100,False,False,False,True,cutoff,,2,0.8289999999999789,epsilon_greedy,,90043,,,,,,,0.7636829960591807
902,901,,,-18.5,100,False,False,False,True,cutoff,,3,0.8288099999999788,epsilon_greedy,,90143,,,,,,,1.1254109507874086
903,902,,,-39.5,100,False,False,False,True,cutoff,,1,0.8286199999999788,epsilon_greedy,,90243,,,,,,,1.1215034510071253
904,903,,,-18.5,100,False,False,False,True,cutoff,,3,0.8284299999999788,epsilon_greedy,,90343,,,,,,,0.7808140086103157
905,904,,,-39.5,100,False,False,False,True,cutoff,,1,0.8282399999999788,epsilon_greedy,,90443,,,,,,,0.8685447147236903
906,905,,,-18.5,100,False,False,False,True,cutoff,,3,0.8280499999999787,epsilon_greedy,,90543,,,,,,,0.6204271820769733
907,906,,,-18.5,100,False,False,False,True,cutoff,,3,0.8278599999999787,epsilon_greedy,,90643,,,,,,,0.5277970193742164
908,907,,,-18.5,100,False,False,False,True,cutoff,,3,0.8276699999999787,epsilon_greedy,,90743,,,,,,,1.0521275941022241
909,908,,,-18.5,100,False,False,False,True,cutoff,,3,0.8274799999999787,epsilon_greedy,,90843,,,,,,,0.9262448289869468
910,909,,,-39.5,100,False,False,False,True,cutoff,,1,0.8272899999999787,epsilon_greedy,,90943,,,,,,,0.886499271762876
911,910,,,-29.0,100,False,False,False,True,cutoff,,2,0.8270999999999786,epsilon_greedy,,91043,,,,,,,1.0658587552233458
912,911,,,-8.0,100,False,False,False,True,cutoff,,4,0.8269099999999786,epsilon_greedy,,91143,,,,,,,0.6582990196838162
913,912,,,-18.5,100,False,False,False,True,cutoff,,3,0.8267199999999786,epsilon_greedy,,91243,,,,,,,0.6953052940219392
914,913,,,-18.5,100,False,False,False,True,cutoff,,3,0.8265299999999786,epsilon_greedy,,91343,,,,,,,0.6875761005866389
915,914,,,-18.5,100,False,False,False,True,cutoff,,3,0.8263399999999785,epsilon_greedy,,91443,,,,,,,1.4533116367534589
916,915,,,-18.5,100,False,False,False,True,cutoff,,3,0.8261499999999785,epsilon_greedy,,91543,,,,,,,0.7364189770195962
917,916,,,-29.0,100,False,False,False,True,cutoff,,2,0.8259599999999785,epsilon_greedy,,91643,,,,,,,0.7457282467064295
918,917,,,-39.5,100,False,False,False,True,cutoff,,1,0.8257699999999785,epsilon_greedy,,91743,,,,,,,0.6365401019696482
919,918,,,-29.0,100,False,False,False,True,cutoff,,2,0.8255799999999784,epsilon_greedy,,91843,,,,,,,0.771463091994288
920,919,,,-29.0,100,False,False,False,True,cutoff,,2,0.8253899999999784,epsilon_greedy,,91943,,,,,,,0.5118758808234833
921,920,,,-29.0,100,False,False,False,True,cutoff,,2,0.8251999999999784,epsilon_greedy,,92043,,,,,,,0.9195634133765713
922,921,,,-18.5,100,False,False,False,True,cutoff,,3,0.8250099999999784,epsilon_greedy,,92143,,,,,,,0.8972186071088574
923,922,,,-18.5,100,False,False,False,True,cutoff,,3,0.8248199999999783,epsilon_greedy,,92243,,,,,,,0.8808923204054147
924,923,,,-18.5,100,False,False,False,True,cutoff,,3,0.8246299999999783,epsilon_greedy,,92343,,,,,,,0.6072739073035667
925,924,,,-8.0,100,False,False,False,True,cutoff,,4,0.8244399999999783,epsilon_greedy,,92443,,,,,,,0.7535345756481132
926,925,,,-29.0,100,False,False,False,True,cutoff,,2,0.8242499999999783,epsilon_greedy,,92543,,,,,,,1.1572709278303135
927,926,,,-39.5,100,False,False,False,True,cutoff,,1,0.8240599999999783,epsilon_greedy,,92643,,,,,,,0.6733897241038779
928,927,,,-18.5,100,False,False,False,True,cutoff,,3,0.8238699999999782,epsilon_greedy,,92743,,,,,,,1.0799268931586352
929,928,,,-29.0,100,False,False,False,True,cutoff,,2,0.8236799999999782,epsilon_greedy,,92843,,,,,,,1.061204282431528
930,929,,,-18.5,100,False,False,False,True,cutoff,,3,0.8234899999999782,epsilon_greedy,,92943,,,,,,,0.9971709899153859
931,930,,,-18.5,100,False,False,False,True,cutoff,,3,0.8232999999999782,epsilon_greedy,,93043,,,,,,,1.0213314440754448
932,931,,,-29.0,100,False,False,False,True,cutoff,,2,0.8231099999999781,epsilon_greedy,,93143,,,,,,,0.8807302328575949
933,932,,,-29.0,100,False,False,False,True,cutoff,,2,0.8229199999999781,epsilon_greedy,,93243,,,,,,,0.7950312946794525
934,933,,,-39.5,100,False,False,False,True,cutoff,,1,0.8227299999999781,epsilon_greedy,,93343,,,,,,,0.8758382557772266
935,934,,,-29.0,100,False,False,False,True,cutoff,,2,0.8225399999999781,epsilon_greedy,,93443,,,,,,,1.4650043968389468
936,935,,,-18.5,100,False,False,False,True,cutoff,,3,0.822349999999978,epsilon_greedy,,93543,,,,,,,0.7409009095150383
937,936,,,-39.5,100,False,False,False,True,cutoff,,1,0.822159999999978,epsilon_greedy,,93643,,,,,,,0.8333106805864304
938,937,,,-39.5,100,False,False,False,True,cutoff,,1,0.821969999999978,epsilon_greedy,,93743,,,,,,,0.7999797950560698
939,938,,,-8.0,100,False,False,False,True,cutoff,,4,0.821779999999978,epsilon_greedy,,93843,,,,,,,0.9425449129443498
940,939,,,-8.0,100,False,False,False,True,cutoff,,4,0.821589999999978,epsilon_greedy,,93943,,,,,,,0.8228787103217463
941,940,,,-29.0,100,False,False,False,True,cutoff,,2,0.8213999999999779,epsilon_greedy,,94043,,,,,,,0.8808649747736351
942,941,,,-18.5,100,False,False,False,True,cutoff,,3,0.8212099999999779,epsilon_greedy,,94143,,,,,,,0.9925762474620362
943,942,,,-18.5,100,False,False,False,True,cutoff,,3,0.8210199999999779,epsilon_greedy,,94243,,,,,,,0.8538591512684232
944,943,,,-18.5,100,False,False,False,True,cutoff,,3,0.8208299999999779,epsilon_greedy,,94343,,,,,,,0.8507517598733025
945,944,,,-29.0,100,False,False,False,True,cutoff,,2,0.8206399999999778,epsilon_greedy,,94443,,,,,,,0.801173575747317
946,945,,,-18.5,100,False,False,False,True,cutoff,,3,0.8204499999999778,epsilon_greedy,,94543,,,,,,,0.7753967119035863
947,946,,,-29.0,100,False,False,False,True,cutoff,,2,0.8202599999999778,epsilon_greedy,,94643,,,,,,,0.6053899097730644
948,947,,,-39.5,100,False,False,False,True,cutoff,,1,0.8200699999999778,epsilon_greedy,,94743,,,,,,,0.6311776559687614
949,948,,,-18.5,100,False,False,False,True,cutoff,,3,0.8198799999999777,epsilon_greedy,,94843,,,,,,,0.7032793664763459
950,949,,,-18.5,100,False,False,False,True,cutoff,,3,0.8196899999999777,epsilon_greedy,,94943,,,,,,,0.8672753637715851
951,950,,,-18.5,100,False,False,False,True,cutoff,,3,0.8194999999999777,epsilon_greedy,,95043,,,,,,,0.7140009922075727
952,951,,,-8.0,100,False,False,False,True,cutoff,,4,0.8193099999999777,epsilon_greedy,,95143,,,,,,,0.5884914015374462
953,952,,,-29.0,100,False,False,False,True,cutoff,,2,0.8191199999999776,epsilon_greedy,,95243,,,,,,,1.0416324955339937
954,953,,,-39.5,100,False,False,False,True,cutoff,,1,0.8189299999999776,epsilon_greedy,,95343,,,,,,,1.3625545974478137
955,954,,,-29.0,100,False,False,False,True,cutoff,,2,0.8187399999999776,epsilon_greedy,,95443,,,,,,,0.8719249876244001
956,955,,,-8.0,100,False,False,False,True,cutoff,,4,0.8185499999999776,epsilon_greedy,,95543,,,,,,,0.907260376708515
957,956,,,-29.0,100,False,False,False,True,cutoff,,2,0.8183599999999775,epsilon_greedy,,95643,,,,,,,0.5504789301313753
958,957,,,-29.0,100,False,False,False,True,cutoff,,2,0.8181699999999775,epsilon_greedy,,95743,,,,,,,1.0033462672927844
959,958,,,-18.5,100,False,False,False,True,cutoff,,3,0.8179799999999775,epsilon_greedy,,95843,,,,,,,0.9206619194599461
960,959,,,-29.0,100,False,False,False,True,cutoff,,2,0.8177899999999775,epsilon_greedy,,95943,,,,,,,0.8665771856727233
961,960,,,-8.0,100,False,False,False,True,cutoff,,4,0.8175999999999775,epsilon_greedy,,96043,,,,,,,0.6922554984894127
962,961,,,-8.0,100,False,False,False,True,cutoff,,4,0.8174099999999774,epsilon_greedy,,96143,,,,,,,0.9253794661423695
963,962,,,-39.5,100,False,False,False,True,cutoff,,1,0.8172199999999774,epsilon_greedy,,96243,,,,,,,1.3858647012451428
964,963,,,-29.0,100,False,False,False,True,cutoff,,2,0.8170299999999774,epsilon_greedy,,96343,,,,,,,0.9332249956983477
965,964,,,-29.0,100,False,False,False,True,cutoff,,2,0.8168399999999774,epsilon_greedy,,96443,,,,,,,0.56754333570839
966,965,,,-29.0,100,False,False,False,True,cutoff,,2,0.8166499999999773,epsilon_greedy,,96543,,,,,,,0.702396158706838
967,966,,,-29.0,100,False,False,False,True,cutoff,,2,0.8164599999999773,epsilon_greedy,,96643,,,,,,,0.9598529882553676
968,967,,,-39.5,100,False,False,False,True,cutoff,,1,0.8162699999999773,epsilon_greedy,,96743,,,,,,,0.8943846905683663
969,968,,,-29.0,100,False,False,False,True,cutoff,,2,0.8160799999999773,epsilon_greedy,,96843,,,,,,,0.7010991657681106
970,969,,,12.5,80,True,False,True,False,success,,5,0.8158899999999772,epsilon_greedy,,96923,,,,,,,0.9875352137932178
971,970,,,-29.0,100,False,False,False,True,cutoff,,2,0.8156999999999772,epsilon_greedy,,97023,,,,,,,1.2082812585003946
972,971,,,-18.5,100,False,False,False,True,cutoff,,3,0.8155099999999772,epsilon_greedy,,97123,,,,,,,0.6679139040685232
973,972,,,-18.5,100,False,False,False,True,cutoff,,3,0.8153199999999772,epsilon_greedy,,97223,,,,,,,0.8754550591715696
974,973,,,-8.0,100,False,False,False,True,cutoff,,4,0.8151299999999772,epsilon_greedy,,97323,,,,,,,0.7769412561944599
975,974,,,-39.5,100,False,False,False,True,cutoff,,1,0.8149399999999771,epsilon_greedy,,97423,,,,,,,1.1290415270155545
976,975,,,-29.0,100,False,False,False,True,cutoff,,2,0.8147499999999771,epsilon_greedy,,97523,,,,,,,0.7557618349260781
977,976,,,-29.0,100,False,False,False,True,cutoff,,2,0.8145599999999771,epsilon_greedy,,97623,,,,,,,0.8097722536495924
978,977,,,-18.5,100,False,False,False,True,cutoff,,3,0.8143699999999771,epsilon_greedy,,97723,,,,,,,0.9006262525596267
979,978,,,-8.0,100,False,False,False,True,cutoff,,4,0.814179999999977,epsilon_greedy,,97823,,,,,,,0.8268405323939375
980,979,,,-8.0,100,False,False,False,True,cutoff,,4,0.813989999999977,epsilon_greedy,,97923,,,,,,,0.8432226491172734
981,980,,,-39.5,100,False,False,False,True,cutoff,,1,0.813799999999977,epsilon_greedy,,98023,,,,,,,0.7688437534466485
982,981,,,-29.0,100,False,False,False,True,cutoff,,2,0.813609999999977,epsilon_greedy,,98123,,,,,,,0.8120261868733679
983,982,,,-18.5,100,False,False,False,True,cutoff,,3,0.8134199999999769,epsilon_greedy,,98223,,,,,,,0.5630193094156186
984,983,,,-29.0,100,False,False,False,True,cutoff,,2,0.8132299999999769,epsilon_greedy,,98323,,,,,,,0.5089573994956256
985,984,,,-8.0,100,False,False,False,True,cutoff,,4,0.8130399999999769,epsilon_greedy,,98423,,,,,,,0.7190464804731619
986,985,,,-8.0,100,False,False,False,True,cutoff,,4,0.8128499999999769,epsilon_greedy,,98523,,,,,,,0.6322001970646342
987,986,,,-29.0,100,False,False,False,True,cutoff,,2,0.8126599999999768,epsilon_greedy,,98623,,,,,,,0.9085112722726779
988,987,,,-18.5,100,False,False,False,True,cutoff,,3,0.8124699999999768,epsilon_greedy,,98723,,,,,,,0.5496822518043301
989,988,,,-18.5,100,False,False,False,True,cutoff,,3,0.8122799999999768,epsilon_greedy,,98823,,,,,,,0.7173512177392095
990,989,,,-39.5,100,False,False,False,True,cutoff,,1,0.8120899999999768,epsilon_greedy,,98923,,,,,,,0.993242995931467
991,990,,,-29.0,100,False,False,False,True,cutoff,,2,0.8118999999999768,epsilon_greedy,,99023,,,,,,,0.7350360375140284
992,991,,,-18.5,100,False,False,False,True,cutoff,,3,0.8117099999999767,epsilon_greedy,,99123,,,,,,,0.9346590342501969
993,992,,,-29.0,100,False,False,False,True,cutoff,,2,0.8115199999999767,epsilon_greedy,,99223,,,,,,,0.8373916450689675
994,993,,,-39.5,100,False,False,False,True,cutoff,,1,0.8113299999999767,epsilon_greedy,,99323,,,,,,,1.0939302919148062
995,994,,,-18.5,100,False,False,False,True,cutoff,,3,0.8111399999999767,epsilon_greedy,,99423,,,,,,,0.9994659524303373
996,995,,,-18.5,100,False,False,False,True,cutoff,,3,0.8109499999999766,epsilon_greedy,,99523,,,,,,,0.5413006203126051
997,996,,,-29.0,100,False,False,False,True,cutoff,,2,0.8107599999999766,epsilon_greedy,,99623,,,,,,,0.590295415461671
998,997,,,-39.5,100,False,False,False,True,cutoff,,1,0.8105699999999766,epsilon_greedy,,99723,,,,,,,1.0883787925996322
999,998,,,-29.0,100,False,False,False,True,cutoff,,2,0.8103799999999766,epsilon_greedy,,99823,,,,,,,0.6882718309937766
1000,999,,,-18.5,100,False,False,False,True,cutoff,,3,0.8101899999999765,epsilon_greedy,,99923,,,,,,,0.6453540380535416
1001,1000,,,-29.0,100,False,False,False,True,cutoff,,2,0.8099999999999765,epsilon_greedy,,100023,,,,,,,0.9028375698983708
1002,1001,,,-29.0,100,False,False,False,True,cutoff,,2,0.8098099999999765,epsilon_greedy,,100123,,,,,,,0.8833202017987221
1003,1002,,,-8.0,100,False,False,False,True,cutoff,,4,0.8096199999999765,epsilon_greedy,,100223,,,,,,,0.9592686907098331
1004,1003,,,-18.5,100,False,False,False,True,cutoff,,3,0.8094299999999764,epsilon_greedy,,100323,,,,,,,0.6631030822605539
1005,1004,,,-18.5,100,False,False,False,True,cutoff,,3,0.8092399999999764,epsilon_greedy,,100423,,,,,,,0.8464009435209706
1006,1005,,,-18.5,100,False,False,False,True,cutoff,,3,0.8090499999999764,epsilon_greedy,,100523,,,,,,,1.0952693270474245
1007,1006,,,-18.5,100,False,False,False,True,cutoff,,3,0.8088599999999764,epsilon_greedy,,100623,,,,,,,0.4382288646556753
1008,1007,,,-18.5,100,False,False,False,True,cutoff,,3,0.8086699999999764,epsilon_greedy,,100723,,,,,,,0.9904949625408639
1009,1008,,,-29.0,100,False,False,False,True,cutoff,,2,0.8084799999999763,epsilon_greedy,,100823,,,,,,,0.7791006557704914
1010,1009,,,-39.5,100,False,False,False,True,cutoff,,1,0.8082899999999763,epsilon_greedy,,100923,,,,,,,1.0500936352636914
1011,1010,,,-29.0,100,False,False,False,True,cutoff,,2,0.8080999999999763,epsilon_greedy,,101023,,,,,,,0.5008459709489801
1012,1011,,,-29.0,100,False,False,False,True,cutoff,,2,0.8079099999999763,epsilon_greedy,,101123,,,,,,,1.6249094025205202
1013,1012,,,-18.5,100,False,False,False,True,cutoff,,3,0.8077199999999762,epsilon_greedy,,101223,,,,,,,0.8921747958679599
1014,1013,,,-8.0,100,False,False,False,True,cutoff,,4,0.8075299999999762,epsilon_greedy,,101323,,,,,,,1.050416723305763
1015,1014,,,-29.0,100,False,False,False,True,cutoff,,2,0.8073399999999762,epsilon_greedy,,101423,,,,,,,0.7305714265316605
1016,1015,,,5.5,94,True,False,True,False,success,,5,0.8071499999999762,epsilon_greedy,,101517,,,,,,,0.7753360719681791
1017,1016,,,-29.0,100,False,False,False,True,cutoff,,2,0.8069599999999761,epsilon_greedy,,101617,,,,,,,0.7288290787973409
1018,1017,,,-18.5,100,False,False,False,True,cutoff,,3,0.8067699999999761,epsilon_greedy,,101717,,,,,,,0.9150259362033488
1019,1018,,,-29.0,100,False,False,False,True,cutoff,,2,0.8065799999999761,epsilon_greedy,,101817,,,,,,,0.7801599753381123
1020,1019,,,-18.5,100,False,False,False,True,cutoff,,3,0.8063899999999761,epsilon_greedy,,101917,,,,,,,0.7336038942866878
1021,1020,,,-18.5,100,False,False,False,True,cutoff,,3,0.806199999999976,epsilon_greedy,,102017,,,,,,,0.6927426551729584
1022,1021,,,-8.0,100,False,False,False,True,cutoff,,4,0.806009999999976,epsilon_greedy,,102117,,,,,,,0.9352078960743425
1023,1022,,,-18.5,100,False,False,False,True,cutoff,,3,0.805819999999976,epsilon_greedy,,102217,,,,,,,1.0198225166914248
1024,1023,,,-39.5,100,False,False,False,True,cutoff,,1,0.805629999999976,epsilon_greedy,,102317,,,,,,,0.7806122298111142
1025,1024,,,-18.5,100,False,False,False,True,cutoff,,3,0.805439999999976,epsilon_greedy,,102417,,,,,,,0.6242723569333509
1026,1025,,,-39.5,100,False,False,False,True,cutoff,,1,0.8052499999999759,epsilon_greedy,,102517,,,,,,,0.6161162526703243
1027,1026,,,-18.5,100,False,False,False,True,cutoff,,3,0.8050599999999759,epsilon_greedy,,102617,,,,,,,0.7043188969807741
1028,1027,,,-29.0,100,False,False,False,True,cutoff,,2,0.8048699999999759,epsilon_greedy,,102717,,,,,,,0.6157666554792511
1029,1028,,,-39.5,100,False,False,False,True,cutoff,,1,0.8046799999999759,epsilon_greedy,,102817,,,,,,,0.801381301882106
1030,1029,,,-29.0,100,False,False,False,True,cutoff,,2,0.8044899999999758,epsilon_greedy,,102917,,,,,,,1.2146831561119305
1031,1030,,,-18.5,100,False,False,False,True,cutoff,,3,0.8042999999999758,epsilon_greedy,,103017,,,,,,,1.0801995528669055
1032,1031,,,-29.0,100,False,False,False,True,cutoff,,2,0.8041099999999758,epsilon_greedy,,103117,,,,,,,1.083252504881907
1033,1032,,,-8.0,100,False,False,False,True,cutoff,,4,0.8039199999999758,epsilon_greedy,,103217,,,,,,,1.0582023141372432
1034,1033,,,-39.5,100,False,False,False,True,cutoff,,1,0.8037299999999757,epsilon_greedy,,103317,,,,,,,0.9752247843693376
1035,1034,,,-29.0,100,False,False,False,True,cutoff,,2,0.8035399999999757,epsilon_greedy,,103417,,,,,,,0.3848185039027069
1036,1035,,,-18.5,100,False,False,False,True,cutoff,,3,0.8033499999999757,epsilon_greedy,,103517,,,,,,,0.5242569690678354
1037,1036,,,-18.5,100,False,False,False,True,cutoff,,3,0.8031599999999757,epsilon_greedy,,103617,,,,,,,0.8345374917831877
1038,1037,,,-18.5,100,False,False,False,True,cutoff,,3,0.8029699999999756,epsilon_greedy,,103717,,,,,,,0.5048842935770326
1039,1038,,,-29.0,100,False,False,False,True,cutoff,,2,0.8027799999999756,epsilon_greedy,,103817,,,,,,,1.0684380346546487
1040,1039,,,-18.5,100,False,False,False,True,cutoff,,3,0.8025899999999756,epsilon_greedy,,103917,,,,,,,0.7893339085095451
1041,1040,,,-18.5,100,False,False,False,True,cutoff,,3,0.8023999999999756,epsilon_greedy,,104017,,,,,,,0.6037217689350578
1042,1041,,,-29.0,100,False,False,False,True,cutoff,,2,0.8022099999999756,epsilon_greedy,,104117,,,,,,,1.00688209165927
1043,1042,,,-39.5,100,False,False,False,True,cutoff,,1,0.8020199999999755,epsilon_greedy,,104217,,,,,,,1.883214146785777
1044,1043,,,-29.0,100,False,False,False,True,cutoff,,2,0.8018299999999755,epsilon_greedy,,104317,,,,,,,0.7122312855213291
1045,1044,,,-39.5,100,False,False,False,True,cutoff,,1,0.8016399999999755,epsilon_greedy,,104417,,,,,,,1.0560738633567461
1046,1045,,,-18.5,100,False,False,False,True,cutoff,,3,0.8014499999999755,epsilon_greedy,,104517,,,,,,,0.7834639282034591
1047,1046,,,-8.0,100,False,False,False,True,cutoff,,4,0.8012599999999754,epsilon_greedy,,104617,,,,,,,1.13461805690688
1048,1047,,,-18.5,100,False,False,False,True,cutoff,,3,0.8010699999999754,epsilon_greedy,,104717,,,,,,,0.5794881624225038
1049,1048,,,-8.0,100,False,False,False,True,cutoff,,4,0.8008799999999754,epsilon_greedy,,104817,,,,,,,0.6595913422460309
1050,1049,,,-18.5,100,False,False,False,True,cutoff,,3,0.8006899999999754,epsilon_greedy,,104917,,,,,,,0.7274648135008
1051,1050,,,-18.5,100,False,False,False,True,cutoff,,3,0.8004999999999753,epsilon_greedy,,105017,,,,,,,1.0421178207450914
1052,1051,,,-18.5,100,False,False,False,True,cutoff,,3,0.8003099999999753,epsilon_greedy,,105117,,,,,,,0.7969456596909436
1053,1052,,,-29.0,100,False,False,False,True,cutoff,,2,0.8001199999999753,epsilon_greedy,,105217,,,,,,,0.6753327399181173
1054,1053,,,-8.0,100,False,False,False,True,cutoff,,4,0.7999299999999753,epsilon_greedy,,105317,,,,,,,0.8704381649455919
1055,1054,,,-29.0,100,False,False,False,True,cutoff,,2,0.7997399999999752,epsilon_greedy,,105417,,,,,,,0.42573130259709374
1056,1055,,,-29.0,100,False,False,False,True,cutoff,,2,0.7995499999999752,epsilon_greedy,,105517,,,,,,,0.8600150375389866
1057,1056,,,-29.0,100,False,False,False,True,cutoff,,2,0.7993599999999752,epsilon_greedy,,105617,,,,,,,0.6251125186585527
1058,1057,,,-39.5,100,False,False,False,True,cutoff,,1,0.7991699999999752,epsilon_greedy,,105717,,,,,,,0.8709684392321574
1059,1058,,,-39.5,100,False,False,False,True,cutoff,,1,0.7989799999999752,epsilon_greedy,,105817,,,,,,,1.434857337054672
1060,1059,,,-29.0,100,False,False,False,True,cutoff,,2,0.7987899999999751,epsilon_greedy,,105917,,,,,,,0.7089818108810055
1061,1060,,,-29.0,100,False,False,False,True,cutoff,,2,0.7985999999999751,epsilon_greedy,,106017,,,,,,,0.7333677331514791
1062,1061,,,-8.0,100,False,False,False,True,cutoff,,4,0.7984099999999751,epsilon_greedy,,106117,,,,,,,0.6570823563363888
1063,1062,,,-18.5,100,False,False,False,True,cutoff,,3,0.7982199999999751,epsilon_greedy,,106217,,,,,,,0.8138217085028459
1064,1063,,,-18.5,100,False,False,False,True,cutoff,,3,0.798029999999975,epsilon_greedy,,106317,,,,,,,0.6482135855550436
1065,1064,,,-29.0,100,False,False,False,True,cutoff,,2,0.797839999999975,epsilon_greedy,,106417,,,,,,,0.5126615251178006
1066,1065,,,-8.0,100,False,False,False,True,cutoff,,4,0.797649999999975,epsilon_greedy,,106517,,,,,,,0.6991201008820263
1067,1066,,,-8.0,100,False,False,False,True,cutoff,,4,0.797459999999975,epsilon_greedy,,106617,,,,,,,0.9843792308730136
1068,1067,,,-18.5,100,False,False,False,True,cutoff,,3,0.7972699999999749,epsilon_greedy,,106717,,,,,,,1.1859239560730692
1069,1068,,,-29.0,100,False,False,False,True,cutoff,,2,0.7970799999999749,epsilon_greedy,,106817,,,,,,,0.6728330604467689
1070,1069,,,-18.5,100,False,False,False,True,cutoff,,3,0.7968899999999749,epsilon_greedy,,106917,,,,,,,1.1510381059825732
1071,1070,,,-18.5,100,False,False,False,True,cutoff,,3,0.7966999999999749,epsilon_greedy,,107017,,,,,,,0.6734640241368568
1072,1071,,,-8.0,100,False,False,False,True,cutoff,,4,0.7965099999999748,epsilon_greedy,,107117,,,,,,,1.1940921140592786
1073,1072,,,-8.0,100,False,False,False,True,cutoff,,4,0.7963199999999748,epsilon_greedy,,107217,,,,,,,0.9792895701241453
1074,1073,,,-29.0,100,False,False,False,True,cutoff,,2,0.7961299999999748,epsilon_greedy,,107317,,,,,,,0.49424914308991774
1075,1074,,,-18.5,100,False,False,False,True,cutoff,,3,0.7959399999999748,epsilon_greedy,,107417,,,,,,,0.8942363423712653
1076,1075,,,-29.0,100,False,False,False,True,cutoff,,2,0.7957499999999748,epsilon_greedy,,107517,,,,,,,0.681910456783069
1077,1076,,,-18.5,100,False,False,False,True,cutoff,,3,0.7955599999999747,epsilon_greedy,,107617,,,,,,,0.5050367875118722
1078,1077,,,-8.0,100,False,False,False,True,cutoff,,4,0.7953699999999747,epsilon_greedy,,107717,,,,,,,0.6062985451657172
1079,1078,,,-18.5,100,False,False,False,True,cutoff,,3,0.7951799999999747,epsilon_greedy,,107817,,,,,,,0.7648781784780071
1080,1079,,,-18.5,100,False,False,False,True,cutoff,,3,0.7949899999999747,epsilon_greedy,,107917,,,,,,,1.0061628718185074
1081,1080,,,-8.0,100,False,False,False,True,cutoff,,4,0.7947999999999746,epsilon_greedy,,108017,,,,,,,1.0515352524366017
1082,1081,,,-18.5,100,False,False,False,True,cutoff,,3,0.7946099999999746,epsilon_greedy,,108117,,,,,,,0.5454484746321796
1083,1082,,,-18.5,100,False,False,False,True,cutoff,,3,0.7944199999999746,epsilon_greedy,,108217,,,,,,,0.7545815876063082
1084,1083,,,-29.0,100,False,False,False,True,cutoff,,2,0.7942299999999746,epsilon_greedy,,108317,,,,,,,0.757668797189694
1085,1084,,,-39.5,100,False,False,False,True,cutoff,,1,0.7940399999999745,epsilon_greedy,,108417,,,,,,,0.7832574834890192
1086,1085,,,-29.0,100,False,False,False,True,cutoff,,2,0.7938499999999745,epsilon_greedy,,108517,,,,,,,1.2978978125404816
1087,1086,,,-39.5,100,False,False,False,True,cutoff,,1,0.7936599999999745,epsilon_greedy,,108617,,,,,,,1.027136678703804
1088,1087,,,-18.5,100,False,False,False,True,cutoff,,3,0.7934699999999745,epsilon_greedy,,108717,,,,,,,0.7783482577722088
1089,1088,,,-18.5,100,False,False,False,True,cutoff,,3,0.7932799999999745,epsilon_greedy,,108817,,,,,,,1.1168441206728708
1090,1089,,,-29.0,100,False,False,False,True,cutoff,,2,0.7930899999999744,epsilon_greedy,,108917,,,,,,,0.37662307720539273
1091,1090,,,-8.0,100,False,False,False,True,cutoff,,4,0.7928999999999744,epsilon_greedy,,109017,,,,,,,1.1999139951287208
1092,1091,,,-29.0,100,False,False,False,True,cutoff,,2,0.7927099999999744,epsilon_greedy,,109117,,,,,,,0.7462071734458462
1093,1092,,,-8.0,100,False,False,False,True,cutoff,,4,0.7925199999999744,epsilon_greedy,,109217,,,,,,,1.0431653493459736
1094,1093,,,-8.0,100,False,False,False,True,cutoff,,4,0.7923299999999743,epsilon_greedy,,109317,,,,,,,0.733069850122567
1095,1094,,,-29.0,100,False,False,False,True,cutoff,,2,0.7921399999999743,epsilon_greedy,,109417,,,,,,,1.020377877004608
1096,1095,,,-29.0,100,False,False,False,True,cutoff,,2,0.7919499999999743,epsilon_greedy,,109517,,,,,,,1.0998657942994168
1097,1096,,,-18.5,100,False,False,False,True,cutoff,,3,0.7917599999999743,epsilon_greedy,,109617,,,,,,,0.7482096438773662
1098,1097,,,-18.5,100,False,False,False,True,cutoff,,3,0.7915699999999742,epsilon_greedy,,109717,,,,,,,0.6772202342386006
1099,1098,,,-29.0,100,False,False,False,True,cutoff,,2,0.7913799999999742,epsilon_greedy,,109817,,,,,,,0.8289690173120374
1100,1099,,,-18.5,100,False,False,False,True,cutoff,,3,0.7911899999999742,epsilon_greedy,,109917,,,,,,,0.8942939016739377
1101,1100,,,-18.5,100,False,False,False,True,cutoff,,3,0.7909999999999742,epsilon_greedy,,110017,,,,,,,0.7231035406868247
1102,1101,,,-8.0,100,False,False,False,True,cutoff,,4,0.7908099999999741,epsilon_greedy,,110117,,,,,,,0.8833116393886457
1103,1102,,,-18.5,100,False,False,False,True,cutoff,,3,0.7906199999999741,epsilon_greedy,,110217,,,,,,,0.5844216893917757
1104,1103,,,-18.5,100,False,False,False,True,cutoff,,3,0.7904299999999741,epsilon_greedy,,110317,,,,,,,0.8395757396728751
1105,1104,,,-39.5,100,False,False,False,True,cutoff,,1,0.7902399999999741,epsilon_greedy,,110417,,,,,,,0.8585205736251932
1106,1105,,,-8.0,100,False,False,False,True,cutoff,,4,0.790049999999974,epsilon_greedy,,110517,,,,,,,0.6297037257922591
1107,1106,,,-8.0,100,False,False,False,True,cutoff,,4,0.789859999999974,epsilon_greedy,,110617,,,,,,,0.54957130436189
1108,1107,,,-18.5,100,False,False,False,True,cutoff,,3,0.789669999999974,epsilon_greedy,,110717,,,,,,,0.548382955548471
1109,1108,,,-18.5,100,False,False,False,True,cutoff,,3,0.789479999999974,epsilon_greedy,,110817,,,,,,,0.6993976769101308
1110,1109,,,-18.5,100,False,False,False,True,cutoff,,3,0.789289999999974,epsilon_greedy,,110917,,,,,,,0.9872365505020562
1111,1110,,,-18.5,100,False,False,False,True,cutoff,,3,0.7890999999999739,epsilon_greedy,,111017,,,,,,,0.7927686110437274
1112,1111,,,-18.5,100,False,False,False,True,cutoff,,3,0.7889099999999739,epsilon_greedy,,111117,,,,,,,0.6987093774385503
1113,1112,,,-18.5,100,False,False,False,True,cutoff,,3,0.7887199999999739,epsilon_greedy,,111217,,,,,,,1.0837508738553467
1114,1113,,,-29.0,100,False,False,False,True,cutoff,,2,0.7885299999999739,epsilon_greedy,,111317,,,,,,,1.128413049120151
1115,1114,,,-8.0,100,False,False,False,True,cutoff,,4,0.7883399999999738,epsilon_greedy,,111417,,,,,,,0.7567095940649744
1116,1115,,,-8.0,100,False,False,False,True,cutoff,,4,0.7881499999999738,epsilon_greedy,,111517,,,,,,,0.8922495884220636
1117,1116,,,-8.0,100,False,False,False,True,cutoff,,4,0.7879599999999738,epsilon_greedy,,111617,,,,,,,0.5272192875281595
1118,1117,,,-18.5,100,False,False,False,True,cutoff,,3,0.7877699999999738,epsilon_greedy,,111717,,,,,,,0.8465702913907869
1119,1118,,,-8.0,100,False,False,False,True,cutoff,,4,0.7875799999999737,epsilon_greedy,,111817,,,,,,,0.8139365143769833
1120,1119,,,-18.5,100,False,False,False,True,cutoff,,3,0.7873899999999737,epsilon_greedy,,111917,,,,,,,0.9069574075307889
1121,1120,,,-29.0,100,False,False,False,True,cutoff,,2,0.7871999999999737,epsilon_greedy,,112017,,,,,,,0.9462110227748043
1122,1121,,,-29.0,100,False,False,False,True,cutoff,,2,0.7870099999999737,epsilon_greedy,,112117,,,,,,,1.0859119738028198
1123,1122,,,7.0,91,True,False,True,False,success,,5,0.7868199999999737,epsilon_greedy,,112208,,,,,,,0.5435873298074023
1124,1123,,,-8.0,100,False,False,False,True,cutoff,,4,0.7866299999999736,epsilon_greedy,,112308,,,,,,,0.8245139057674123
1125,1124,,,-18.5,100,False,False,False,True,cutoff,,3,0.7864399999999736,epsilon_greedy,,112408,,,,,,,0.965395548571133
1126,1125,,,-29.0,100,False,False,False,True,cutoff,,2,0.7862499999999736,epsilon_greedy,,112508,,,,,,,0.5581212335180105
1127,1126,,,-8.0,100,False,False,False,True,cutoff,,4,0.7860599999999736,epsilon_greedy,,112608,,,,,,,1.3198843224525303
1128,1127,,,-18.5,100,False,False,False,True,cutoff,,3,0.7858699999999735,epsilon_greedy,,112708,,,,,,,0.7816213053588945
1129,1128,,,6.5,92,True,False,True,False,success,,5,0.7856799999999735,epsilon_greedy,,112800,,,,,,,0.7421960656958018
1130,1129,,,-29.0,100,False,False,False,True,cutoff,,2,0.7854899999999735,epsilon_greedy,,112900,,,,,,,0.712273186560422
1131,1130,,,-8.0,100,False,False,False,True,cutoff,,4,0.7852999999999735,epsilon_greedy,,113000,,,,,,,0.824643033532725
1132,1131,,,-8.0,100,False,False,False,True,cutoff,,4,0.7851099999999734,epsilon_greedy,,113100,,,,,,,0.5753393503635397
1133,1132,,,-29.0,100,False,False,False,True,cutoff,,2,0.7849199999999734,epsilon_greedy,,113200,,,,,,,1.5006229022390705
1134,1133,,,-29.0,100,False,False,False,True,cutoff,,2,0.7847299999999734,epsilon_greedy,,113300,,,,,,,1.5096963641954249
1135,1134,,,-8.0,100,False,False,False,True,cutoff,,4,0.7845399999999734,epsilon_greedy,,113400,,,,,,,0.504939052379567
1136,1135,,,-8.0,100,False,False,False,True,cutoff,,4,0.7843499999999733,epsilon_greedy,,113500,,,,,,,0.8338835426799146
1137,1136,,,-8.0,100,False,False,False,True,cutoff,,4,0.7841599999999733,epsilon_greedy,,113600,,,,,,,0.5663433079247553
1138,1137,,,-29.0,100,False,False,False,True,cutoff,,2,0.7839699999999733,epsilon_greedy,,113700,,,,,,,0.9057948566414435
1139,1138,,,-18.5,100,False,False,False,True,cutoff,,3,0.7837799999999733,epsilon_greedy,,113800,,,,,,,1.1786058136506494
1140,1139,,,-8.0,100,False,False,False,True,cutoff,,4,0.7835899999999733,epsilon_greedy,,113900,,,,,,,0.7531160312217956
1141,1140,,,-29.0,100,False,False,False,True,cutoff,,2,0.7833999999999732,epsilon_greedy,,114000,,,,,,,0.866201121000965
1142,1141,,,-18.5,100,False,False,False,True,cutoff,,3,0.7832099999999732,epsilon_greedy,,114100,,,,,,,1.0579294383061266
1143,1142,,,-8.0,100,False,False,False,True,cutoff,,4,0.7830199999999732,epsilon_greedy,,114200,,,,,,,0.9388514682745892
1144,1143,,,-18.5,100,False,False,False,True,cutoff,,3,0.7828299999999732,epsilon_greedy,,114300,,,,,,,1.1618872893679641
1145,1144,,,-39.5,100,False,False,False,True,cutoff,,1,0.7826399999999731,epsilon_greedy,,114400,,,,,,,0.6272614358912585
1146,1145,,,-8.0,100,False,False,False,True,cutoff,,4,0.7824499999999731,epsilon_greedy,,114500,,,,,,,0.7936560874200999
1147,1146,,,-18.5,100,False,False,False,True,cutoff,,3,0.7822599999999731,epsilon_greedy,,114600,,,,,,,1.0417920723479965
1148,1147,,,-8.0,100,False,False,False,True,cutoff,,4,0.7820699999999731,epsilon_greedy,,114700,,,,,,,0.5978566752443646
1149,1148,,,-8.0,100,False,False,False,True,cutoff,,4,0.781879999999973,epsilon_greedy,,114800,,,,,,,0.6169242676533654
1150,1149,,,-8.0,100,False,False,False,True,cutoff,,4,0.781689999999973,epsilon_greedy,,114900,,,,,,,0.6259739521112729
1151,1150,,,-8.0,100,False,False,False,True,cutoff,,4,0.781499999999973,epsilon_greedy,,115000,,,,,,,1.1237109318896672
1152,1151,,,-39.5,100,False,False,False,True,cutoff,,1,0.781309999999973,epsilon_greedy,,115100,,,,,,,0.7800301860916857
1153,1152,,,-18.5,100,False,False,False,True,cutoff,,3,0.781119999999973,epsilon_greedy,,115200,,,,,,,0.8653959795769944
1154,1153,,,-8.0,100,False,False,False,True,cutoff,,4,0.7809299999999729,epsilon_greedy,,115300,,,,,,,0.8885066799810276
1155,1154,,,-39.5,100,False,False,False,True,cutoff,,1,0.7807399999999729,epsilon_greedy,,115400,,,,,,,1.2458219602921787
1156,1155,,,11.5,82,True,False,True,False,success,,5,0.7805499999999729,epsilon_greedy,,115482,,,,,,,1.0400480409088286
1157,1156,,,9.0,87,True,False,True,False,success,,5,0.7803599999999729,epsilon_greedy,,115569,,,,,,,1.0750400952966164
1158,1157,,,-18.5,100,False,False,False,True,cutoff,,3,0.7801699999999728,epsilon_greedy,,115669,,,,,,,0.7949745721959212
1159,1158,,,-8.0,100,False,False,False,True,cutoff,,4,0.7799799999999728,epsilon_greedy,,115769,,,,,,,0.9126375580787439
1160,1159,,,-29.0,100,False,False,False,True,cutoff,,2,0.7797899999999728,epsilon_greedy,,115869,,,,,,,0.5621753800952646
1161,1160,,,-8.0,100,False,False,False,True,cutoff,,4,0.7795999999999728,epsilon_greedy,,115969,,,,,,,0.4867971930278283
1162,1161,,,-18.5,100,False,False,False,True,cutoff,,3,0.7794099999999727,epsilon_greedy,,116069,,,,,,,0.3799315862429561
1163,1162,,,-8.0,100,False,False,False,True,cutoff,,4,0.7792199999999727,epsilon_greedy,,116169,,,,,,,0.6034467764791461
1164,1163,,,-18.5,100,False,False,False,True,cutoff,,3,0.7790299999999727,epsilon_greedy,,116269,,,,,,,1.2617024355945725
1165,1164,,,-18.5,100,False,False,False,True,cutoff,,3,0.7788399999999727,epsilon_greedy,,116369,,,,,,,0.7048558421162484
1166,1165,,,-18.5,100,False,False,False,True,cutoff,,3,0.7786499999999726,epsilon_greedy,,116469,,,,,,,0.6458845556532499
1167,1166,,,-18.5,100,False,False,False,True,cutoff,,3,0.7784599999999726,epsilon_greedy,,116569,,,,,,,0.740193569343935
1168,1167,,,4.5,96,True,False,True,False,success,,5,0.7782699999999726,epsilon_greedy,,116665,,,,,,,0.9488295622911359
1169,1168,,,19.0,67,True,False,True,False,success,,5,0.7780799999999726,epsilon_greedy,,116732,,,,,,,0.5843132367183813
1170,1169,,,-18.5,100,False,False,False,True,cutoff,,3,0.7778899999999725,epsilon_greedy,,116832,,,,,,,0.8586047737325838
1171,1170,,,3.5,98,True,False,True,False,success,,5,0.7776999999999725,epsilon_greedy,,116930,,,,,,,1.1956142813384547
1172,1171,,,-18.5,100,False,False,False,True,cutoff,,3,0.7775099999999725,epsilon_greedy,,117030,,,,,,,0.6727600448815642
1173,1172,,,-8.0,100,False,False,False,True,cutoff,,4,0.7773199999999725,epsilon_greedy,,117130,,,,,,,0.48872061029901126
1174,1173,,,-29.0,100,False,False,False,True,cutoff,,2,0.7771299999999725,epsilon_greedy,,117230,,,,,,,0.5997892884266776
1175,1174,,,-18.5,100,False,False,False,True,cutoff,,3,0.7769399999999724,epsilon_greedy,,117330,,,,,,,0.5977961702187224
1176,1175,,,-29.0,100,False,False,False,True,cutoff,,2,0.7767499999999724,epsilon_greedy,,117430,,,,,,,1.0605241518839126
1177,1176,,,-29.0,100,False,False,False,True,cutoff,,2,0.7765599999999724,epsilon_greedy,,117530,,,,,,,0.9390080979596809
1178,1177,,,-29.0,100,False,False,False,True,cutoff,,2,0.7763699999999724,epsilon_greedy,,117630,,,,,,,0.8353636785619826
1179,1178,,,-8.0,100,False,False,False,True,cutoff,,4,0.7761799999999723,epsilon_greedy,,117730,,,,,,,0.9222885494666542
1180,1179,,,-8.0,100,False,False,False,True,cutoff,,4,0.7759899999999723,epsilon_greedy,,117830,,,,,,,0.7984667273267994
1181,1180,,,-8.0,100,False,False,False,True,cutoff,,4,0.7757999999999723,epsilon_greedy,,117930,,,,,,,1.0285966825884711
1182,1181,,,-18.5,100,False,False,False,True,cutoff,,3,0.7756099999999723,epsilon_greedy,,118030,,,,,,,1.4324692471193563
1183,1182,,,-8.0,100,False,False,False,True,cutoff,,4,0.7754199999999722,epsilon_greedy,,118130,,,,,,,0.9207025236068876
1184,1183,,,18.0,69,True,False,True,False,success,,5,0.7752299999999722,epsilon_greedy,,118199,,,,,,,1.3417751377877576
1185,1184,,,-18.5,100,False,False,False,True,cutoff,,3,0.7750399999999722,epsilon_greedy,,118299,,,,,,,0.954410232067221
1186,1185,,,-18.5,100,False,False,False,True,cutoff,,3,0.7748499999999722,epsilon_greedy,,118399,,,,,,,0.7637876163655966
1187,1186,,,-29.0,100,False,False,False,True,cutoff,,2,0.7746599999999721,epsilon_greedy,,118499,,,,,,,0.7491186823298555
1188,1187,,,-29.0,100,False,False,False,True,cutoff,,2,0.7744699999999721,epsilon_greedy,,118599,,,,,,,0.6745420439127373
1189,1188,,,-18.5,100,False,False,False,True,cutoff,,3,0.7742799999999721,epsilon_greedy,,118699,,,,,,,0.5670057551308288
1190,1189,,,-8.0,100,False,False,False,True,cutoff,,4,0.7740899999999721,epsilon_greedy,,118799,,,,,,,1.143825532318911
1191,1190,,,-8.0,100,False,False,False,True,cutoff,,4,0.773899999999972,epsilon_greedy,,118899,,,,,,,0.7505694746919838
1192,1191,,,-29.0,100,False,False,False,True,cutoff,,2,0.773709999999972,epsilon_greedy,,118999,,,,,,,1.0088577439893198
1193,1192,,,-29.0,100,False,False,False,True,cutoff,,2,0.773519999999972,epsilon_greedy,,119099,,,,,,,0.4882136850151608
1194,1193,,,-8.0,100,False,False,False,True,cutoff,,4,0.773329999999972,epsilon_greedy,,119199,,,,,,,0.8971777666064695
1195,1194,,,-18.5,100,False,False,False,True,cutoff,,3,0.773139999999972,epsilon_greedy,,119299,,,,,,,0.7875671097076453
1196,1195,,,-8.0,100,False,False,False,True,cutoff,,4,0.7729499999999719,epsilon_greedy,,119399,,,,,,,1.1665292208314622
1197,1196,,,-8.0,100,False,False,False,True,cutoff,,4,0.7727599999999719,epsilon_greedy,,119499,,,,,,,1.1050243672786744
1198,1197,,,-18.5,100,False,False,False,True,cutoff,,3,0.7725699999999719,epsilon_greedy,,119599,,,,,,,1.0352486760642434
1199,1198,,,-18.5,100,False,False,False,True,cutoff,,3,0.7723799999999719,epsilon_greedy,,119699,,,,,,,0.7074428887340765
1200,1199,,,-18.5,100,False,False,False,True,cutoff,,3,0.7721899999999718,epsilon_greedy,,119799,,,,,,,0.6788204565352848
1201,1200,,,-18.5,100,False,False,False,True,cutoff,,3,0.7719999999999718,epsilon_greedy,,119899,,,,,,,1.1209369415479804
1202,1201,,,-8.0,100,False,False,False,True,cutoff,,4,0.7718099999999718,epsilon_greedy,,119999,,,,,,,1.2770271081828002
1203,1202,,,-39.5,100,False,False,False,True,cutoff,,1,0.7716199999999718,epsilon_greedy,,120099,,,,,,,0.7409915189069206
1204,1203,,,-8.0,100,False,False,False,True,cutoff,,4,0.7714299999999717,epsilon_greedy,,120199,,,,,,,0.8179720124282597
1205,1204,,,-18.5,100,False,False,False,True,cutoff,,3,0.7712399999999717,epsilon_greedy,,120299,,,,,,,1.2693439809229186
1206,1205,,,-8.0,100,False,False,False,True,cutoff,,4,0.7710499999999717,epsilon_greedy,,120399,,,,,,,0.6274525576846776
1207,1206,,,-8.0,100,False,False,False,True,cutoff,,4,0.7708599999999717,epsilon_greedy,,120499,,,,,,,0.9341397393994704
1208,1207,,,-18.5,100,False,False,False,True,cutoff,,3,0.7706699999999717,epsilon_greedy,,120599,,,,,,,0.6497025809750722
1209,1208,,,-18.5,100,False,False,False,True,cutoff,,3,0.7704799999999716,epsilon_greedy,,120699,,,,,,,1.020409109315469
1210,1209,,,-39.5,100,False,False,False,True,cutoff,,1,0.7702899999999716,epsilon_greedy,,120799,,,,,,,1.1593048221184115
1211,1210,,,-18.5,100,False,False,False,True,cutoff,,3,0.7700999999999716,epsilon_greedy,,120899,,,,,,,0.9119790819600929
1212,1211,,,-29.0,100,False,False,False,True,cutoff,,2,0.7699099999999716,epsilon_greedy,,120999,,,,,,,0.5388058829016703
1213,1212,,,-29.0,100,False,False,False,True,cutoff,,2,0.7697199999999715,epsilon_greedy,,121099,,,,,,,0.3520397793627865
1214,1213,,,-8.0,100,False,False,False,True,cutoff,,4,0.7695299999999715,epsilon_greedy,,121199,,,,,,,0.91296199192096
1215,1214,,,-8.0,100,False,False,False,True,cutoff,,4,0.7693399999999715,epsilon_greedy,,121299,,,,,,,0.4505117196586461
1216,1215,,,-18.5,100,False,False,False,True,cutoff,,3,0.7691499999999715,epsilon_greedy,,121399,,,,,,,0.8056245101274253
1217,1216,,,-8.0,100,False,False,False,True,cutoff,,4,0.7689599999999714,epsilon_greedy,,121499,,,,,,,0.6145931962387191
1218,1217,,,-29.0,100,False,False,False,True,cutoff,,2,0.7687699999999714,epsilon_greedy,,121599,,,,,,,0.6935475250547902
1219,1218,,,24.0,57,True,False,True,False,success,,5,0.7685799999999714,epsilon_greedy,,121656,,,,,,,0.6488856482709742
1220,1219,,,-8.0,100,False,False,False,True,cutoff,,4,0.7683899999999714,epsilon_greedy,,121756,,,,,,,0.9869099958352003
1221,1220,,,-18.5,100,False,False,False,True,cutoff,,3,0.7681999999999714,epsilon_greedy,,121856,,,,,,,0.8315558136266431
1222,1221,,,-8.0,100,False,False,False,True,cutoff,,4,0.7680099999999713,epsilon_greedy,,121956,,,,,,,0.7639869175451391
1223,1222,,,-29.0,100,False,False,False,True,cutoff,,2,0.7678199999999713,epsilon_greedy,,122056,,,,,,,0.9507240916176043
1224,1223,,,-8.0,100,False,False,False,True,cutoff,,4,0.7676299999999713,epsilon_greedy,,122156,,,,,,,0.5762010648968412
1225,1224,,,-18.5,100,False,False,False,True,cutoff,,3,0.7674399999999713,epsilon_greedy,,122256,,,,,,,0.6192692197434364
1226,1225,,,-8.0,100,False,False,False,True,cutoff,,4,0.7672499999999712,epsilon_greedy,,122356,,,,,,,1.0816655893071445
1227,1226,,,-18.5,100,False,False,False,True,cutoff,,3,0.7670599999999712,epsilon_greedy,,122456,,,,,,,0.9978681884885969
1228,1227,,,-8.0,100,False,False,False,True,cutoff,,4,0.7668699999999712,epsilon_greedy,,122556,,,,,,,1.0382412438857254
1229,1228,,,-8.0,100,False,False,False,True,cutoff,,4,0.7666799999999712,epsilon_greedy,,122656,,,,,,,0.5644318658111098
1230,1229,,,-29.0,100,False,False,False,True,cutoff,,2,0.7664899999999711,epsilon_greedy,,122756,,,,,,,0.8733916463034502
1231,1230,,,-8.0,100,False,False,False,True,cutoff,,4,0.7662999999999711,epsilon_greedy,,122856,,,,,,,1.3552592081248855
1232,1231,,,-29.0,100,False,False,False,True,cutoff,,2,0.7661099999999711,epsilon_greedy,,122956,,,,,,,1.1775154915663324
1233,1232,,,-8.0,100,False,False,False,True,cutoff,,4,0.7659199999999711,epsilon_greedy,,123056,,,,,,,1.5090042199471616
1234,1233,,,-18.5,100,False,False,False,True,cutoff,,3,0.765729999999971,epsilon_greedy,,123156,,,,,,,0.7946918751035877
1235,1234,,,-18.5,100,False,False,False,True,cutoff,,3,0.765539999999971,epsilon_greedy,,123256,,,,,,,0.8393362186002175
1236,1235,,,-18.5,100,False,False,False,True,cutoff,,3,0.765349999999971,epsilon_greedy,,123356,,,,,,,0.7764770647472095
1237,1236,,,-8.0,100,False,False,False,True,cutoff,,4,0.765159999999971,epsilon_greedy,,123456,,,,,,,0.7184507638635644
1238,1237,,,-18.5,100,False,False,False,True,cutoff,,3,0.764969999999971,epsilon_greedy,,123556,,,,,,,0.8771812490653335
1239,1238,,,-18.5,100,False,False,False,True,cutoff,,3,0.7647799999999709,epsilon_greedy,,123656,,,,,,,0.6871569274419997
1240,1239,,,-8.0,100,False,False,False,True,cutoff,,4,0.7645899999999709,epsilon_greedy,,123756,,,,,,,0.764627093940822
1241,1240,,,-18.5,100,False,False,False,True,cutoff,,3,0.7643999999999709,epsilon_greedy,,123856,,,,,,,0.8241058093154414
1242,1241,,,-8.0,100,False,False,False,True,cutoff,,4,0.7642099999999709,epsilon_greedy,,123956,,,,,,,0.8839780970834547
1243,1242,,,-29.0,100,False,False,False,True,cutoff,,2,0.7640199999999708,epsilon_greedy,,124056,,,,,,,0.9759915833905898
1244,1243,,,-8.0,100,False,False,False,True,cutoff,,4,0.7638299999999708,epsilon_greedy,,124156,,,,,,,0.7162730722209438
1245,1244,,,-8.0,100,False,False,False,True,cutoff,,4,0.7636399999999708,epsilon_greedy,,124256,,,,,,,1.0561584199503231
1246,1245,,,-8.0,100,False,False,False,True,cutoff,,4,0.7634499999999708,epsilon_greedy,,124356,,,,,,,0.6091446743413481
1247,1246,,,-18.5,100,False,False,False,True,cutoff,,3,0.7632599999999707,epsilon_greedy,,124456,,,,,,,0.5910228880368557
1248,1247,,,-18.5,100,False,False,False,True,cutoff,,3,0.7630699999999707,epsilon_greedy,,124556,,,,,,,0.9706598055077117
1249,1248,,,-8.0,100,False,False,False,True,cutoff,,4,0.7628799999999707,epsilon_greedy,,124656,,,,,,,0.6837129293112176
1250,1249,,,10.0,85,True,False,True,False,success,,5,0.7626899999999707,epsilon_greedy,,124741,,,,,,,0.5386753236400136
1251,1250,,,-18.5,100,False,False,False,True,cutoff,,3,0.7624999999999706,epsilon_greedy,,124841,,,,,,,0.9304598582007167
1252,1251,,,-18.5,100,False,False,False,True,cutoff,,3,0.7623099999999706,epsilon_greedy,,124941,,,,,,,0.9539858536736658
1253,1252,,,-8.0,100,False,False,False,True,cutoff,,4,0.7621199999999706,epsilon_greedy,,125041,,,,,,,0.7753546047785888
1254,1253,,,-18.5,100,False,False,False,True,cutoff,,3,0.7619299999999706,epsilon_greedy,,125141,,,,,,,0.8884837163670929
1255,1254,,,-8.0,100,False,False,False,True,cutoff,,4,0.7617399999999706,epsilon_greedy,,125241,,,,,,,0.8575310797958672
1256,1255,,,-29.0,100,False,False,False,True,cutoff,,2,0.7615499999999705,epsilon_greedy,,125341,,,,,,,0.6506712980156896
1257,1256,,,-18.5,100,False,False,False,True,cutoff,,3,0.7613599999999705,epsilon_greedy,,125441,,,,,,,0.9926178765918945
1258,1257,,,-39.5,100,False,False,False,True,cutoff,,1,0.7611699999999705,epsilon_greedy,,125541,,,,,,,0.33610416235127744
1259,1258,,,-39.5,100,False,False,False,True,cutoff,,1,0.7609799999999705,epsilon_greedy,,125641,,,,,,,0.6934755734588497
1260,1259,,,-18.5,100,False,False,False,True,cutoff,,3,0.7607899999999704,epsilon_greedy,,125741,,,,,,,1.0156447010730016
1261,1260,,,-29.0,100,False,False,False,True,cutoff,,2,0.7605999999999704,epsilon_greedy,,125841,,,,,,,0.8265256050281988
1262,1261,,,11.5,82,True,False,True,False,success,,5,0.7604099999999704,epsilon_greedy,,125923,,,,,,,0.606451251849268
1263,1262,,,-18.5,100,False,False,False,True,cutoff,,3,0.7602199999999704,epsilon_greedy,,126023,,,,,,,0.4412517031319064
1264,1263,,,-8.0,100,False,False,False,True,cutoff,,4,0.7600299999999703,epsilon_greedy,,126123,,,,,,,0.49873931632981966
1265,1264,,,-8.0,100,False,False,False,True,cutoff,,4,0.7598399999999703,epsilon_greedy,,126223,,,,,,,0.8625053965433609
1266,1265,,,-29.0,100,False,False,False,True,cutoff,,2,0.7596499999999703,epsilon_greedy,,126323,,,,,,,0.89117391292399
1267,1266,,,-18.5,100,False,False,False,True,cutoff,,3,0.7594599999999703,epsilon_greedy,,126423,,,,,,,0.6813965702076527
1268,1267,,,-8.0,100,False,False,False,True,cutoff,,4,0.7592699999999702,epsilon_greedy,,126523,,,,,,,0.7225960627480206
1269,1268,,,-8.0,100,False,False,False,True,cutoff,,4,0.7590799999999702,epsilon_greedy,,126623,,,,,,,0.4649844090485123
1270,1269,,,-18.5,100,False,False,False,True,cutoff,,3,0.7588899999999702,epsilon_greedy,,126723,,,,,,,0.9274516091220627
1271,1270,,,-8.0,100,False,False,False,True,cutoff,,4,0.7586999999999702,epsilon_greedy,,126823,,,,,,,1.0439835300196159
1272,1271,,,-18.5,100,False,False,False,True,cutoff,,3,0.7585099999999702,epsilon_greedy,,126923,,,,,,,0.4395162509729078
1273,1272,,,-18.5,100,False,False,False,True,cutoff,,3,0.7583199999999701,epsilon_greedy,,127023,,,,,,,0.6892963328832462
1274,1273,,,-18.5,100,False,False,False,True,cutoff,,3,0.7581299999999701,epsilon_greedy,,127123,,,,,,,0.531300364254412
1275,1274,,,-18.5,100,False,False,False,True,cutoff,,3,0.7579399999999701,epsilon_greedy,,127223,,,,,,,0.4621620255310062
1276,1275,,,-18.5,100,False,False,False,True,cutoff,,3,0.7577499999999701,epsilon_greedy,,127323,,,,,,,0.5730422723404371
1277,1276,,,-8.0,100,False,False,False,True,cutoff,,4,0.75755999999997,epsilon_greedy,,127423,,,,,,,1.1739148376020356
1278,1277,,,-18.5,100,False,False,False,True,cutoff,,3,0.75736999999997,epsilon_greedy,,127523,,,,,,,0.5059335457358807
1279,1278,,,-8.0,100,False,False,False,True,cutoff,,4,0.75717999999997,epsilon_greedy,,127623,,,,,,,1.0079137472366142
1280,1279,,,-8.0,100,False,False,False,True,cutoff,,4,0.75698999999997,epsilon_greedy,,127723,,,,,,,0.8467441072618657
1281,1280,,,-18.5,100,False,False,False,True,cutoff,,3,0.7567999999999699,epsilon_greedy,,127823,,,,,,,0.6270361381326979
1282,1281,,,-8.0,100,False,False,False,True,cutoff,,4,0.7566099999999699,epsilon_greedy,,127923,,,,,,,1.003600244856721
1283,1282,,,8.0,89,True,False,True,False,success,,5,0.7564199999999699,epsilon_greedy,,128012,,,,,,,0.8416240071092951
1284,1283,,,-18.5,100,False,False,False,True,cutoff,,3,0.7562299999999699,epsilon_greedy,,128112,,,,,,,0.7595153933461741
1285,1284,,,-8.0,100,False,False,False,True,cutoff,,4,0.7560399999999698,epsilon_greedy,,128212,,,,,,,0.5013445194242149
1286,1285,,,-18.5,100,False,False,False,True,cutoff,,3,0.7558499999999698,epsilon_greedy,,128312,,,,,,,1.0617810818022488
1287,1286,,,-8.0,100,False,False,False,True,cutoff,,4,0.7556599999999698,epsilon_greedy,,128412,,,,,,,0.662010683437623
1288,1287,,,-29.0,100,False,False,False,True,cutoff,,2,0.7554699999999698,epsilon_greedy,,128512,,,,,,,0.8648339866829781
1289,1288,,,-18.5,100,False,False,False,True,cutoff,,3,0.7552799999999698,epsilon_greedy,,128612,,,,,,,0.7942546239125947
1290,1289,,,-18.5,100,False,False,False,True,cutoff,,3,0.7550899999999697,epsilon_greedy,,128712,,,,,,,0.9509979648349273
1291,1290,,,-29.0,100,False,False,False,True,cutoff,,2,0.7548999999999697,epsilon_greedy,,128812,,,,,,,0.6059309087757413
1292,1291,,,3.0,99,True,False,True,False,success,,5,0.7547099999999697,epsilon_greedy,,128911,,,,,,,1.130314456980644
1293,1292,,,10.0,85,True,False,True,False,success,,5,0.7545199999999697,epsilon_greedy,,128996,,,,,,,1.0072652741253734
1294,1293,,,2.5,100,True,False,True,False,success,,5,0.7543299999999696,epsilon_greedy,,129096,,,,,,,0.5701501903895456
1295,1294,,,-18.5,100,False,False,False,True,cutoff,,3,0.7541399999999696,epsilon_greedy,,129196,,,,,,,0.6414022656690268
1296,1295,,,-18.5,100,False,False,False,True,cutoff,,3,0.7539499999999696,epsilon_greedy,,129296,,,,,,,0.6024845697504262
1297,1296,,,-8.0,100,False,False,False,True,cutoff,,4,0.7537599999999696,epsilon_greedy,,129396,,,,,,,0.5261561509553231
1298,1297,,,5.5,94,True,False,True,False,success,,5,0.7535699999999695,epsilon_greedy,,129490,,,,,,,1.0204356456171417
1299,1298,,,-29.0,100,False,False,False,True,cutoff,,2,0.7533799999999695,epsilon_greedy,,129590,,,,,,,0.5538529764089235
1300,1299,,,-8.0,100,False,False,False,True,cutoff,,4,0.7531899999999695,epsilon_greedy,,129690,,,,,,,0.9856005960546043
1301,1300,,,-29.0,100,False,False,False,True,cutoff,,2,0.7529999999999695,epsilon_greedy,,129790,,,,,,,0.5224571178772905
1302,1301,,,-18.5,100,False,False,False,True,cutoff,,3,0.7528099999999694,epsilon_greedy,,129890,,,,,,,0.6814064330334405
1303,1302,,,-18.5,100,False,False,False,True,cutoff,,3,0.7526199999999694,epsilon_greedy,,129990,,,,,,,0.4721651107063682
1304,1303,,,-8.0,100,False,False,False,True,cutoff,,4,0.7524299999999694,epsilon_greedy,,130090,,,,,,,0.8823469960917346
1305,1304,,,-18.5,100,False,False,False,True,cutoff,,3,0.7522399999999694,epsilon_greedy,,130190,,,,,,,0.5751234957750065
1306,1305,,,-8.0,100,False,False,False,True,cutoff,,4,0.7520499999999694,epsilon_greedy,,130290,,,,,,,0.8755454853670357
1307,1306,,,-8.0,100,False,False,False,True,cutoff,,4,0.7518599999999693,epsilon_greedy,,130390,,,,,,,1.2864202476611646
1308,1307,,,-39.5,100,False,False,False,True,cutoff,,1,0.7516699999999693,epsilon_greedy,,130490,,,,,,,0.8721823905586841
1309,1308,,,-18.5,100,False,False,False,True,cutoff,,3,0.7514799999999693,epsilon_greedy,,130590,,,,,,,0.7742018932900621
1310,1309,,,-29.0,100,False,False,False,True,cutoff,,2,0.7512899999999693,epsilon_greedy,,130690,,,,,,,1.558577736914279
1311,1310,,,-18.5,100,False,False,False,True,cutoff,,3,0.7510999999999692,epsilon_greedy,,130790,,,,,,,1.0315225058883435
1312,1311,,,-18.5,100,False,False,False,True,cutoff,,3,0.7509099999999692,epsilon_greedy,,130890,,,,,,,0.7554513004879115
1313,1312,,,-39.5,100,False,False,False,True,cutoff,,1,0.7507199999999692,epsilon_greedy,,130990,,,,,,,0.7145800994753863
1314,1313,,,-18.5,100,False,False,False,True,cutoff,,3,0.7505299999999692,epsilon_greedy,,131090,,,,,,,0.4174258397232449
1315,1314,,,-18.5,100,False,False,False,True,cutoff,,3,0.7503399999999691,epsilon_greedy,,131190,,,,,,,0.8330457157828256
1316,1315,,,-8.0,100,False,False,False,True,cutoff,,4,0.7501499999999691,epsilon_greedy,,131290,,,,,,,0.6848027222107533
1317,1316,,,-18.5,100,False,False,False,True,cutoff,,3,0.7499599999999691,epsilon_greedy,,131390,,,,,,,1.1101396092308498
1318,1317,,,-18.5,100,False,False,False,True,cutoff,,3,0.7497699999999691,epsilon_greedy,,131490,,,,,,,0.9476968826734943
1319,1318,,,-8.0,100,False,False,False,True,cutoff,,4,0.749579999999969,epsilon_greedy,,131590,,,,,,,1.5799929132606974
1320,1319,,,-39.5,100,False,False,False,True,cutoff,,1,0.749389999999969,epsilon_greedy,,131690,,,,,,,0.8170610432002315
1321,1320,,,-18.5,100,False,False,False,True,cutoff,,3,0.749199999999969,epsilon_greedy,,131790,,,,,,,1.077830211218625
1322,1321,,,-29.0,100,False,False,False,True,cutoff,,2,0.749009999999969,epsilon_greedy,,131890,,,,,,,0.6428092639390584
1323,1322,,,9.0,87,True,False,True,False,success,,5,0.748819999999969,epsilon_greedy,,131977,,,,,,,0.7660349133216096
1324,1323,,,-29.0,100,False,False,False,True,cutoff,,2,0.7486299999999689,epsilon_greedy,,132077,,,,,,,1.5419969693514195
1325,1324,,,-8.0,100,False,False,False,True,cutoff,,4,0.7484399999999689,epsilon_greedy,,132177,,,,,,,0.7560262463029058
1326,1325,,,-8.0,100,False,False,False,True,cutoff,,4,0.7482499999999689,epsilon_greedy,,132277,,,,,,,1.068537220168742
1327,1326,,,-8.0,100,False,False,False,True,cutoff,,4,0.7480599999999689,epsilon_greedy,,132377,,,,,,,0.8812974455024652
1328,1327,,,-39.5,100,False,False,False,True,cutoff,,1,0.7478699999999688,epsilon_greedy,,132477,,,,,,,0.6661580469783006
1329,1328,,,-8.0,100,False,False,False,True,cutoff,,4,0.7476799999999688,epsilon_greedy,,132577,,,,,,,1.0791884789217197
1330,1329,,,-29.0,100,False,False,False,True,cutoff,,2,0.7474899999999688,epsilon_greedy,,132677,,,,,,,0.6672841489543511
1331,1330,,,-8.0,100,False,False,False,True,cutoff,,4,0.7472999999999688,epsilon_greedy,,132777,,,,,,,0.7718454358175048
1332,1331,,,-18.5,100,False,False,False,True,cutoff,,3,0.7471099999999687,epsilon_greedy,,132877,,,,,,,0.5712152706311376
1333,1332,,,-8.0,100,False,False,False,True,cutoff,,4,0.7469199999999687,epsilon_greedy,,132977,,,,,,,0.8215540746476695
1334,1333,,,14.0,77,True,False,True,False,success,,5,0.7467299999999687,epsilon_greedy,,133054,,,,,,,0.7800489481324835
1335,1334,,,-8.0,100,False,False,False,True,cutoff,,4,0.7465399999999687,epsilon_greedy,,133154,,,,,,,1.1264535893240664
1336,1335,,,-8.0,100,False,False,False,True,cutoff,,4,0.7463499999999686,epsilon_greedy,,133254,,,,,,,0.7204434880201097
1337,1336,,,-29.0,100,False,False,False,True,cutoff,,2,0.7461599999999686,epsilon_greedy,,133354,,,,,,,0.8317116182089572
1338,1337,,,-8.0,100,False,False,False,True,cutoff,,4,0.7459699999999686,epsilon_greedy,,133454,,,,,,,0.5548080231494212
1339,1338,,,-29.0,100,False,False,False,True,cutoff,,2,0.7457799999999686,epsilon_greedy,,133554,,,,,,,0.559939967035321
1340,1339,,,-8.0,100,False,False,False,True,cutoff,,4,0.7455899999999686,epsilon_greedy,,133654,,,,,,,0.8111258614862982
1341,1340,,,-8.0,100,False,False,False,True,cutoff,,4,0.7453999999999685,epsilon_greedy,,133754,,,,,,,0.7708222412291508
1342,1341,,,-8.0,100,False,False,False,True,cutoff,,4,0.7452099999999685,epsilon_greedy,,133854,,,,,,,0.957736066213911
1343,1342,,,9.5,86,True,False,True,False,success,,5,0.7450199999999685,epsilon_greedy,,133940,,,,,,,1.1597302030103878
1344,1343,,,-18.5,100,False,False,False,True,cutoff,,3,0.7448299999999685,epsilon_greedy,,134040,,,,,,,0.8764241725140591
1345,1344,,,-8.0,100,False,False,False,True,cutoff,,4,0.7446399999999684,epsilon_greedy,,134140,,,,,,,0.8910151727935424
1346,1345,,,-18.5,100,False,False,False,True,cutoff,,3,0.7444499999999684,epsilon_greedy,,134240,,,,,,,0.8153766740221537
1347,1346,,,-18.5,100,False,False,False,True,cutoff,,3,0.7442599999999684,epsilon_greedy,,134340,,,,,,,0.6033916424510194
1348,1347,,,-18.5,100,False,False,False,True,cutoff,,3,0.7440699999999684,epsilon_greedy,,134440,,,,,,,0.8803370211500414
1349,1348,,,-8.0,100,False,False,False,True,cutoff,,4,0.7438799999999683,epsilon_greedy,,134540,,,,,,,0.6626985729079314
1350,1349,,,-8.0,100,False,False,False,True,cutoff,,4,0.7436899999999683,epsilon_greedy,,134640,,,,,,,0.568554320311236
1351,1350,,,-18.5,100,False,False,False,True,cutoff,,3,0.7434999999999683,epsilon_greedy,,134740,,,,,,,1.1050848499386041
1352,1351,,,-8.0,100,False,False,False,True,cutoff,,4,0.7433099999999683,epsilon_greedy,,134840,,,,,,,1.054537493389522
1353,1352,,,-29.0,100,False,False,False,True,cutoff,,2,0.7431199999999683,epsilon_greedy,,134940,,,,,,,0.7326546526023336
1354,1353,,,-18.5,100,False,False,False,True,cutoff,,3,0.7429299999999682,epsilon_greedy,,135040,,,,,,,0.6372332789569976
1355,1354,,,-8.0,100,False,False,False,True,cutoff,,4,0.7427399999999682,epsilon_greedy,,135140,,,,,,,0.8585954914724537
1356,1355,,,4.5,96,True,False,True,False,success,,5,0.7425499999999682,epsilon_greedy,,135236,,,,,,,0.9729336506914404
1357,1356,,,-8.0,100,False,False,False,True,cutoff,,4,0.7423599999999682,epsilon_greedy,,135336,,,,,,,0.8815530614719291
1358,1357,,,-18.5,100,False,False,False,True,cutoff,,3,0.7421699999999681,epsilon_greedy,,135436,,,,,,,0.6968116744927443
1359,1358,,,-29.0,100,False,False,False,True,cutoff,,2,0.7419799999999681,epsilon_greedy,,135536,,,,,,,0.7171553018423201
1360,1359,,,-18.5,100,False,False,False,True,cutoff,,3,0.7417899999999681,epsilon_greedy,,135636,,,,,,,0.7762681765191454
1361,1360,,,-8.0,100,False,False,False,True,cutoff,,4,0.7415999999999681,epsilon_greedy,,135736,,,,,,,0.7853035532136237
1362,1361,,,7.5,90,True,False,True,False,success,,5,0.741409999999968,epsilon_greedy,,135826,,,,,,,0.8211136774759352
1363,1362,,,-8.0,100,False,False,False,True,cutoff,,4,0.741219999999968,epsilon_greedy,,135926,,,,,,,1.00356888752537
1364,1363,,,-29.0,100,False,False,False,True,cutoff,,2,0.741029999999968,epsilon_greedy,,136026,,,,,,,0.6640398553750165
1365,1364,,,-29.0,100,False,False,False,True,cutoff,,2,0.740839999999968,epsilon_greedy,,136126,,,,,,,0.8158921031415812
1366,1365,,,-18.5,100,False,False,False,True,cutoff,,3,0.740649999999968,epsilon_greedy,,136226,,,,,,,0.8514067838522089
1367,1366,,,10.5,84,True,False,True,False,success,,5,0.7404599999999679,epsilon_greedy,,136310,,,,,,,1.0264298238319494
1368,1367,,,-18.5,100,False,False,False,True,cutoff,,3,0.7402699999999679,epsilon_greedy,,136410,,,,,,,0.8854593666702111
1369,1368,,,11.0,83,True,False,True,False,success,,5,0.7400799999999679,epsilon_greedy,,136493,,,,,,,0.7903503789501516
1370,1369,,,6.5,92,True,False,True,False,success,,5,0.7398899999999679,epsilon_greedy,,136585,,,,,,,0.8109718017062627
1371,1370,,,-8.0,100,False,False,False,True,cutoff,,4,0.7396999999999678,epsilon_greedy,,136685,,,,,,,0.7849148579344458
1372,1371,,,-18.5,100,False,False,False,True,cutoff,,3,0.7395099999999678,epsilon_greedy,,136785,,,,,,,0.5889089762604653
1373,1372,,,-29.0,100,False,False,False,True,cutoff,,2,0.7393199999999678,epsilon_greedy,,136885,,,,,,,0.5144537305448719
1374,1373,,,-8.0,100,False,False,False,True,cutoff,,4,0.7391299999999678,epsilon_greedy,,136985,,,,,,,0.6190605939906855
1375,1374,,,-29.0,100,False,False,False,True,cutoff,,2,0.7389399999999677,epsilon_greedy,,137085,,,,,,,1.0212526991783328
1376,1375,,,-8.0,100,False,False,False,True,cutoff,,4,0.7387499999999677,epsilon_greedy,,137185,,,,,,,1.2114516319781041
1377,1376,,,-18.5,100,False,False,False,True,cutoff,,3,0.7385599999999677,epsilon_greedy,,137285,,,,,,,1.2557502402291718
1378,1377,,,10.0,85,True,False,True,False,success,,5,0.7383699999999677,epsilon_greedy,,137370,,,,,,,0.9938639483390327
1379,1378,,,-8.0,100,False,False,False,True,cutoff,,4,0.7381799999999676,epsilon_greedy,,137470,,,,,,,0.8556383706595965
1380,1379,,,-18.5,100,False,False,False,True,cutoff,,3,0.7379899999999676,epsilon_greedy,,137570,,,,,,,1.1549649548315457
1381,1380,,,-39.5,100,False,False,False,True,cutoff,,1,0.7377999999999676,epsilon_greedy,,137670,,,,,,,0.45470140336178955
1382,1381,,,-29.0,100,False,False,False,True,cutoff,,2,0.7376099999999676,epsilon_greedy,,137770,,,,,,,1.4661837187242102
1383,1382,,,-8.0,100,False,False,False,True,cutoff,,4,0.7374199999999675,epsilon_greedy,,137870,,,,,,,0.6183672694121414
1384,1383,,,-8.0,100,False,False,False,True,cutoff,,4,0.7372299999999675,epsilon_greedy,,137970,,,,,,,1.0724964642309054
1385,1384,,,-29.0,100,False,False,False,True,cutoff,,2,0.7370399999999675,epsilon_greedy,,138070,,,,,,,0.48980671349622334
1386,1385,,,6.0,93,True,False,True,False,success,,5,0.7368499999999675,epsilon_greedy,,138163,,,,,,,0.965973871791218
1387,1386,,,-8.0,100,False,False,False,True,cutoff,,4,0.7366599999999675,epsilon_greedy,,138263,,,,,,,0.67046025575684
1388,1387,,,-29.0,100,False,False,False,True,cutoff,,2,0.7364699999999674,epsilon_greedy,,138363,,,,,,,0.45764672957915975
1389,1388,,,-8.0,100,False,False,False,True,cutoff,,4,0.7362799999999674,epsilon_greedy,,138463,,,,,,,0.7991701001218154
1390,1389,,,-8.0,100,False,False,False,True,cutoff,,4,0.7360899999999674,epsilon_greedy,,138563,,,,,,,0.86758261877125
1391,1390,,,20.0,65,True,False,True,False,success,,5,0.7358999999999674,epsilon_greedy,,138628,,,,,,,1.0296544897951139
1392,1391,,,-39.5,100,False,False,False,True,cutoff,,1,0.7357099999999673,epsilon_greedy,,138728,,,,,,,0.8450949154224671
1393,1392,,,-18.5,100,False,False,False,True,cutoff,,3,0.7355199999999673,epsilon_greedy,,138828,,,,,,,0.7701402127158589
1394,1393,,,-18.5,100,False,False,False,True,cutoff,,3,0.7353299999999673,epsilon_greedy,,138928,,,,,,,0.5615995202527899
1395,1394,,,-18.5,100,False,False,False,True,cutoff,,3,0.7351399999999673,epsilon_greedy,,139028,,,,,,,0.8549088421665914
1396,1395,,,15.0,75,True,False,True,False,success,,5,0.7349499999999672,epsilon_greedy,,139103,,,,,,,0.6880963892644906
1397,1396,,,-18.5,100,False,False,False,True,cutoff,,3,0.7347599999999672,epsilon_greedy,,139203,,,,,,,0.6306585713957196
1398,1397,,,-18.5,100,False,False,False,True,cutoff,,3,0.7345699999999672,epsilon_greedy,,139303,,,,,,,0.8733081175805575
1399,1398,,,-18.5,100,False,False,False,True,cutoff,,3,0.7343799999999672,epsilon_greedy,,139403,,,,,,,0.6783906843759033
1400,1399,,,-18.5,100,False,False,False,True,cutoff,,3,0.7341899999999671,epsilon_greedy,,139503,,,,,,,0.770972451202776
1401,1400,,,9.0,87,True,False,True,False,success,,5,0.7339999999999671,epsilon_greedy,,139590,,,,,,,0.6821932048093968
1402,1401,,,19.5,66,True,False,True,False,success,,5,0.7338099999999671,epsilon_greedy,,139656,,,,,,,1.991291321396501
1403,1402,,,3.5,98,True,False,True,False,success,,5,0.7336199999999671,epsilon_greedy,,139754,,,,,,,0.8933711304674661
1404,1403,,,-18.5,100,False,False,False,True,cutoff,,3,0.733429999999967,epsilon_greedy,,139854,,,,,,,0.6043091401637939
1405,1404,,,-29.0,100,False,False,False,True,cutoff,,2,0.733239999999967,epsilon_greedy,,139954,,,,,,,0.5524321794521512
1406,1405,,,-18.5,100,False,False,False,True,cutoff,,3,0.733049999999967,epsilon_greedy,,140054,,,,,,,0.8547848624116813
1407,1406,,,10.0,85,True,False,True,False,success,,5,0.732859999999967,epsilon_greedy,,140139,,,,,,,0.956940637210331
1408,1407,,,-8.0,100,False,False,False,True,cutoff,,4,0.732669999999967,epsilon_greedy,,140239,,,,,,,0.8039547979626495
1409,1408,,,-8.0,100,False,False,False,True,cutoff,,4,0.7324799999999669,epsilon_greedy,,140339,,,,,,,0.8056676407269334
1410,1409,,,-8.0,100,False,False,False,True,cutoff,,4,0.7322899999999669,epsilon_greedy,,140439,,,,,,,0.9673300675471255
1411,1410,,,-18.5,100,False,False,False,True,cutoff,,3,0.7320999999999669,epsilon_greedy,,140539,,,,,,,0.9332651038129274
1412,1411,,,-18.5,100,False,False,False,True,cutoff,,3,0.7319099999999669,epsilon_greedy,,140639,,,,,,,0.7403426449594318
1413,1412,,,-8.0,100,False,False,False,True,cutoff,,4,0.7317199999999668,epsilon_greedy,,140739,,,,,,,0.635327706493547
1414,1413,,,-18.5,100,False,False,False,True,cutoff,,3,0.7315299999999668,epsilon_greedy,,140839,,,,,,,0.7108877280991736
1415,1414,,,-18.5,100,False,False,False,True,cutoff,,3,0.7313399999999668,epsilon_greedy,,140939,,,,,,,0.6893555500879041
1416,1415,,,15.5,74,True,False,True,False,success,,5,0.7311499999999668,epsilon_greedy,,141013,,,,,,,0.6620499587043187
1417,1416,,,-8.0,100,False,False,False,True,cutoff,,4,0.7309599999999667,epsilon_greedy,,141113,,,,,,,0.4812726664754238
1418,1417,,,-8.0,100,False,False,False,True,cutoff,,4,0.7307699999999667,epsilon_greedy,,141213,,,,,,,0.9108586667724745
1419,1418,,,4.0,97,True,False,True,False,success,,5,0.7305799999999667,epsilon_greedy,,141310,,,,,,,0.9531479452540663
1420,1419,,,-18.5,100,False,False,False,True,cutoff,,3,0.7303899999999667,epsilon_greedy,,141410,,,,,,,0.7499191323179356
1421,1420,,,-18.5,100,False,False,False,True,cutoff,,3,0.7301999999999667,epsilon_greedy,,141510,,,,,,,0.9623626094064719
1422,1421,,,-18.5,100,False,False,False,True,cutoff,,3,0.7300099999999666,epsilon_greedy,,141610,,,,,,,1.0111793501813506
1423,1422,,,9.0,87,True,False,True,False,success,,5,0.7298199999999666,epsilon_greedy,,141697,,,,,,,1.0970477117030153
1424,1423,,,-8.0,100,False,False,False,True,cutoff,,4,0.7296299999999666,epsilon_greedy,,141797,,,,,,,0.7625294470431472
1425,1424,,,17.5,70,True,False,True,False,success,,5,0.7294399999999666,epsilon_greedy,,141867,,,,,,,0.7167978305790831
1426,1425,,,8.5,88,True,False,True,False,success,,5,0.7292499999999665,epsilon_greedy,,141955,,,,,,,0.8166399438076428
1427,1426,,,15.5,74,True,False,True,False,success,,5,0.7290599999999665,epsilon_greedy,,142029,,,,,,,0.9062655438230582
1428,1427,,,-18.5,100,False,False,False,True,cutoff,,3,0.7288699999999665,epsilon_greedy,,142129,,,,,,,0.6357068163019095
1429,1428,,,-8.0,100,False,False,False,True,cutoff,,4,0.7286799999999665,epsilon_greedy,,142229,,,,,,,1.1896609229184318
1430,1429,,,11.5,82,True,False,True,False,success,,5,0.7284899999999664,epsilon_greedy,,142311,,,,,,,1.0865305754726697
1431,1430,,,-29.0,100,False,False,False,True,cutoff,,2,0.7282999999999664,epsilon_greedy,,142411,,,,,,,0.5652448382898045
1432,1431,,,-18.5,100,False,False,False,True,cutoff,,3,0.7281099999999664,epsilon_greedy,,142511,,,,,,,0.7798120896058287
1433,1432,,,-8.0,100,False,False,False,True,cutoff,,4,0.7279199999999664,epsilon_greedy,,142611,,,,,,,0.6207445245288059
1434,1433,,,-8.0,100,False,False,False,True,cutoff,,4,0.7277299999999663,epsilon_greedy,,142711,,,,,,,0.8817400399424069
1435,1434,,,-18.5,100,False,False,False,True,cutoff,,3,0.7275399999999663,epsilon_greedy,,142811,,,,,,,0.5365168072498324
1436,1435,,,-18.5,100,False,False,False,True,cutoff,,3,0.7273499999999663,epsilon_greedy,,142911,,,,,,,0.8618630038202605
1437,1436,,,-29.0,100,False,False,False,True,cutoff,,2,0.7271599999999663,epsilon_greedy,,143011,,,,,,,1.0934563207053711
1438,1437,,,-18.5,100,False,False,False,True,cutoff,,3,0.7269699999999663,epsilon_greedy,,143111,,,,,,,1.181528280463575
1439,1438,,,-29.0,100,False,False,False,True,cutoff,,2,0.7267799999999662,epsilon_greedy,,143211,,,,,,,1.0056777559454417
1440,1439,,,-8.0,100,False,False,False,True,cutoff,,4,0.7265899999999662,epsilon_greedy,,143311,,,,,,,1.0966390435150173
1441,1440,,,-8.0,100,False,False,False,True,cutoff,,4,0.7263999999999662,epsilon_greedy,,143411,,,,,,,1.2660538505079166
1442,1441,,,-8.0,100,False,False,False,True,cutoff,,4,0.7262099999999662,epsilon_greedy,,143511,,,,,,,1.1044352542811162
1443,1442,,,-18.5,100,False,False,False,True,cutoff,,3,0.7260199999999661,epsilon_greedy,,143611,,,,,,,0.592590295502659
1444,1443,,,-18.5,100,False,False,False,True,cutoff,,3,0.7258299999999661,epsilon_greedy,,143711,,,,,,,0.7116996412572799
1445,1444,,,-8.0,100,False,False,False,True,cutoff,,4,0.7256399999999661,epsilon_greedy,,143811,,,,,,,0.8108848496907679
1446,1445,,,-18.5,100,False,False,False,True,cutoff,,3,0.7254499999999661,epsilon_greedy,,143911,,,,,,,1.4283965114051527
1447,1446,,,-18.5,100,False,False,False,True,cutoff,,3,0.725259999999966,epsilon_greedy,,144011,,,,,,,0.7358456951914414
1448,1447,,,-18.5,100,False,False,False,True,cutoff,,3,0.725069999999966,epsilon_greedy,,144111,,,,,,,0.7528484942639089
1449,1448,,,-18.5,100,False,False,False,True,cutoff,,3,0.724879999999966,epsilon_greedy,,144211,,,,,,,0.48616179644734664
1450,1449,,,-8.0,100,False,False,False,True,cutoff,,4,0.724689999999966,epsilon_greedy,,144311,,,,,,,0.46186997168867583
1451,1450,,,-8.0,100,False,False,False,True,cutoff,,4,0.724499999999966,epsilon_greedy,,144411,,,,,,,1.1550312336934268
1452,1451,,,-18.5,100,False,False,False,True,cutoff,,3,0.7243099999999659,epsilon_greedy,,144511,,,,,,,1.0086236686526415
1453,1452,,,-29.0,100,False,False,False,True,cutoff,,2,0.7241199999999659,epsilon_greedy,,144611,,,,,,,1.0758430691566299
1454,1453,,,-18.5,100,False,False,False,True,cutoff,,3,0.7239299999999659,epsilon_greedy,,144711,,,,,,,0.6444995032082292
1455,1454,,,-8.0,100,False,False,False,True,cutoff,,4,0.7237399999999659,epsilon_greedy,,144811,,,,,,,0.8580688537714
1456,1455,,,-8.0,100,False,False,False,True,cutoff,,4,0.7235499999999658,epsilon_greedy,,144911,,,,,,,1.2679915401909077
1457,1456,,,17.0,71,True,False,True,False,success,,5,0.7233599999999658,epsilon_greedy,,144982,,,,,,,0.7253527692002055
1458,1457,,,-18.5,100,False,False,False,True,cutoff,,3,0.7231699999999658,epsilon_greedy,,145082,,,,,,,0.781208201263656
1459,1458,,,-8.0,100,False,False,False,True,cutoff,,4,0.7229799999999658,epsilon_greedy,,145182,,,,,,,0.8130784649279483
1460,1459,,,-8.0,100,False,False,False,True,cutoff,,4,0.7227899999999657,epsilon_greedy,,145282,,,,,,,0.7933317741199657
1461,1460,,,10.5,84,True,False,True,False,success,,5,0.7225999999999657,epsilon_greedy,,145366,,,,,,,1.0832903483640028
1462,1461,,,-8.0,100,False,False,False,True,cutoff,,4,0.7224099999999657,epsilon_greedy,,145466,,,,,,,1.0797943780642822
1463,1462,,,-18.5,100,False,False,False,True,cutoff,,3,0.7222199999999657,epsilon_greedy,,145566,,,,,,,0.663968002758055
1464,1463,,,-18.5,100,False,False,False,True,cutoff,,3,0.7220299999999656,epsilon_greedy,,145666,,,,,,,0.9746351974084704
1465,1464,,,-8.0,100,False,False,False,True,cutoff,,4,0.7218399999999656,epsilon_greedy,,145766,,,,,,,0.8229828784534768
1466,1465,,,-8.0,100,False,False,False,True,cutoff,,4,0.7216499999999656,epsilon_greedy,,145866,,,,,,,0.8670360482404135
1467,1466,,,-8.0,100,False,False,False,True,cutoff,,4,0.7214599999999656,epsilon_greedy,,145966,,,,,,,0.9674249461239954
1468,1467,,,22.0,61,True,False,True,False,success,,5,0.7212699999999655,epsilon_greedy,,146027,,,,,,,0.9110694985818694
1469,1468,,,-18.5,100,False,False,False,True,cutoff,,3,0.7210799999999655,epsilon_greedy,,146127,,,,,,,0.7707869803611256
1470,1469,,,-8.0,100,False,False,False,True,cutoff,,4,0.7208899999999655,epsilon_greedy,,146227,,,,,,,0.7841512185241277
1471,1470,,,-18.5,100,False,False,False,True,cutoff,,3,0.7206999999999655,epsilon_greedy,,146327,,,,,,,0.7457153316360757
1472,1471,,,-8.0,100,False,False,False,True,cutoff,,4,0.7205099999999655,epsilon_greedy,,146427,,,,,,,0.5430471854533562
1473,1472,,,-8.0,100,False,False,False,True,cutoff,,4,0.7203199999999654,epsilon_greedy,,146527,,,,,,,1.646014194230315
1474,1473,,,-8.0,100,False,False,False,True,cutoff,,4,0.7201299999999654,epsilon_greedy,,146627,,,,,,,0.7735143457670657
1475,1474,,,-8.0,100,False,False,False,True,cutoff,,4,0.7199399999999654,epsilon_greedy,,146727,,,,,,,0.8613884155596687
1476,1475,,,-8.0,100,False,False,False,True,cutoff,,4,0.7197499999999654,epsilon_greedy,,146827,,,,,,,0.8835554825088165
1477,1476,,,14.5,76,True,False,True,False,success,,5,0.7195599999999653,epsilon_greedy,,146903,,,,,,,1.0456419875298677
1478,1477,,,-18.5,100,False,False,False,True,cutoff,,3,0.7193699999999653,epsilon_greedy,,147003,,,,,,,1.348789078193312
1479,1478,,,-8.0,100,False,False,False,True,cutoff,,4,0.7191799999999653,epsilon_greedy,,147103,,,,,,,0.9478795755859017
1480,1479,,,-29.0,100,False,False,False,True,cutoff,,2,0.7189899999999653,epsilon_greedy,,147203,,,,,,,0.49714597473290906
1481,1480,,,-18.5,100,False,False,False,True,cutoff,,3,0.7187999999999652,epsilon_greedy,,147303,,,,,,,0.6068507463569729
1482,1481,,,-8.0,100,False,False,False,True,cutoff,,4,0.7186099999999652,epsilon_greedy,,147403,,,,,,,1.4251459723665512
1483,1482,,,-8.0,100,False,False,False,True,cutoff,,4,0.7184199999999652,epsilon_greedy,,147503,,,,,,,0.6495124345235217
1484,1483,,,-8.0,100,False,False,False,True,cutoff,,4,0.7182299999999652,epsilon_greedy,,147603,,,,,,,1.083656787723023
1485,1484,,,-18.5,100,False,False,False,True,cutoff,,3,0.7180399999999652,epsilon_greedy,,147703,,,,,,,0.7812474229938742
1486,1485,,,-18.5,100,False,False,False,True,cutoff,,3,0.7178499999999651,epsilon_greedy,,147803,,,,,,,0.615483972759719
1487,1486,,,-8.0,100,False,False,False,True,cutoff,,4,0.7176599999999651,epsilon_greedy,,147903,,,,,,,0.920837841443643
1488,1487,,,8.0,89,True,False,True,False,success,,5,0.7174699999999651,epsilon_greedy,,147992,,,,,,,0.7777567615778078
1489,1488,,,-8.0,100,False,False,False,True,cutoff,,4,0.7172799999999651,epsilon_greedy,,148092,,,,,,,1.0911706855086825
1490,1489,,,-18.5,100,False,False,False,True,cutoff,,3,0.717089999999965,epsilon_greedy,,148192,,,,,,,1.513681026410541
1491,1490,,,8.5,88,True,False,True,False,success,,5,0.716899999999965,epsilon_greedy,,148280,,,,,,,0.5507061648772761
1492,1491,,,11.0,83,True,False,True,False,success,,5,0.716709999999965,epsilon_greedy,,148363,,,,,,,0.7094871836199587
1493,1492,,,6.0,93,True,False,True,False,success,,5,0.716519999999965,epsilon_greedy,,148456,,,,,,,0.8059613187833516
1494,1493,,,8.0,89,True,False,True,False,success,,5,0.7163299999999649,epsilon_greedy,,148545,,,,,,,1.2196099195856323
1495,1494,,,-8.0,100,False,False,False,True,cutoff,,4,0.7161399999999649,epsilon_greedy,,148645,,,,,,,0.9925754480626706
1496,1495,,,-18.5,100,False,False,False,True,cutoff,,3,0.7159499999999649,epsilon_greedy,,148745,,,,,,,1.0430815530597306
1497,1496,,,-29.0,100,False,False,False,True,cutoff,,2,0.7157599999999649,epsilon_greedy,,148845,,,,,,,1.0979445918013953
1498,1497,,,-8.0,100,False,False,False,True,cutoff,,4,0.7155699999999648,epsilon_greedy,,148945,,,,,,,1.1001965179869402
1499,1498,,,-8.0,100,False,False,False,True,cutoff,,4,0.7153799999999648,epsilon_greedy,,149045,,,,,,,0.7307925454945804
1500,1499,,,-8.0,100,False,False,False,True,cutoff,,4,0.7151899999999648,epsilon_greedy,,149145,,,,,,,0.9760251299187134
1501,1500,,,-29.0,100,False,False,False,True,cutoff,,2,0.7149999999999648,epsilon_greedy,,149245,,,,,,,0.6228325361732344
1502,1501,,,-29.0,100,False,False,False,True,cutoff,,2,0.7148099999999648,epsilon_greedy,,149345,,,,,,,1.7718520166116911
1503,1502,,,8.5,88,True,False,True,False,success,,5,0.7146199999999647,epsilon_greedy,,149433,,,,,,,0.8753908865234942
1504,1503,,,-39.5,100,False,False,False,True,cutoff,,1,0.7144299999999647,epsilon_greedy,,149533,,,,,,,1.1571746268477794
1505,1504,,,-8.0,100,False,False,False,True,cutoff,,4,0.7142399999999647,epsilon_greedy,,149633,,,,,,,0.8545580501074587
1506,1505,,,-8.0,100,False,False,False,True,cutoff,,4,0.7140499999999647,epsilon_greedy,,149733,,,,,,,0.9490136177969901
1507,1506,,,-29.0,100,False,False,False,True,cutoff,,2,0.7138599999999646,epsilon_greedy,,149833,,,,,,,0.47182408876691795
1508,1507,,,5.0,95,True,False,True,False,success,,5,0.7136699999999646,epsilon_greedy,,149928,,,,,,,0.7852585933815978
1509,1508,,,-8.0,100,False,False,False,True,cutoff,,4,0.7134799999999646,epsilon_greedy,,150028,,,,,,,0.6807815485214587
1510,1509,,,15.0,75,True,False,True,False,success,,5,0.7132899999999646,epsilon_greedy,,150103,,,,,,,1.0080986317053284
1511,1510,,,-8.0,100,False,False,False,True,cutoff,,4,0.7130999999999645,epsilon_greedy,,150203,,,,,,,0.9217567511749647
1512,1511,,,-8.0,100,False,False,False,True,cutoff,,4,0.7129099999999645,epsilon_greedy,,150303,,,,,,,1.26082210778061
1513,1512,,,4.0,97,True,False,True,False,success,,5,0.7127199999999645,epsilon_greedy,,150400,,,,,,,1.0049372528723792
1514,1513,,,-18.5,100,False,False,False,True,cutoff,,3,0.7125299999999645,epsilon_greedy,,150500,,,,,,,0.6654681904188158
1515,1514,,,-8.0,100,False,False,False,True,cutoff,,4,0.7123399999999644,epsilon_greedy,,150600,,,,,,,0.913539585455271
1516,1515,,,-29.0,100,False,False,False,True,cutoff,,2,0.7121499999999644,epsilon_greedy,,150700,,,,,,,0.5036250719441349
1517,1516,,,-29.0,100,False,False,False,True,cutoff,,2,0.7119599999999644,epsilon_greedy,,150800,,,,,,,0.6400464332623319
1518,1517,,,-8.0,100,False,False,False,True,cutoff,,4,0.7117699999999644,epsilon_greedy,,150900,,,,,,,0.7134090952989051
1519,1518,,,-8.0,100,False,False,False,True,cutoff,,4,0.7115799999999644,epsilon_greedy,,151000,,,,,,,1.211816365717572
1520,1519,,,-29.0,100,False,False,False,True,cutoff,,2,0.7113899999999643,epsilon_greedy,,151100,,,,,,,1.0029941978363461
1521,1520,,,-8.0,100,False,False,False,True,cutoff,,4,0.7111999999999643,epsilon_greedy,,151200,,,,,,,1.0408682778366232
1522,1521,,,-8.0,100,False,False,False,True,cutoff,,4,0.7110099999999643,epsilon_greedy,,151300,,,,,,,1.100705400010293
1523,1522,,,-8.0,100,False,False,False,True,cutoff,,4,0.7108199999999643,epsilon_greedy,,151400,,,,,,,1.3390057159350843
1524,1523,,,9.5,86,True,False,True,False,success,,5,0.7106299999999642,epsilon_greedy,,151486,,,,,,,0.7372713652914352
1525,1524,,,-8.0,100,False,False,False,True,cutoff,,4,0.7104399999999642,epsilon_greedy,,151586,,,,,,,1.0226775628998073
1526,1525,,,-8.0,100,False,False,False,True,cutoff,,4,0.7102499999999642,epsilon_greedy,,151686,,,,,,,0.8512892631939308
1527,1526,,,-18.5,100,False,False,False,True,cutoff,,3,0.7100599999999642,epsilon_greedy,,151786,,,,,,,0.8115478094868983
1528,1527,,,11.5,82,True,False,True,False,success,,5,0.7098699999999641,epsilon_greedy,,151868,,,,,,,1.044157591836383
1529,1528,,,-8.0,100,False,False,False,True,cutoff,,4,0.7096799999999641,epsilon_greedy,,151968,,,,,,,1.0831811277121317
1530,1529,,,-8.0,100,False,False,False,True,cutoff,,4,0.7094899999999641,epsilon_greedy,,152068,,,,,,,1.12604869489208
1531,1530,,,6.5,92,True,False,True,False,success,,5,0.7092999999999641,epsilon_greedy,,152160,,,,,,,1.1093193918365671
1532,1531,,,7.5,90,True,False,True,False,success,,5,0.709109999999964,epsilon_greedy,,152250,,,,,,,1.036249144548812
1533,1532,,,12.5,80,True,False,True,False,success,,5,0.708919999999964,epsilon_greedy,,152330,,,,,,,0.9668008546771784
1534,1533,,,-8.0,100,False,False,False,True,cutoff,,4,0.708729999999964,epsilon_greedy,,152430,,,,,,,0.9322130712702466
1535,1534,,,-8.0,100,False,False,False,True,cutoff,,4,0.708539999999964,epsilon_greedy,,152530,,,,,,,0.9981859022533287
1536,1535,,,2.5,100,True,False,True,False,success,,5,0.708349999999964,epsilon_greedy,,152630,,,,,,,0.8531905653711789
1537,1536,,,-29.0,100,False,False,False,True,cutoff,,2,0.7081599999999639,epsilon_greedy,,152730,,,,,,,1.317342536503783
1538,1537,,,-29.0,100,False,False,False,True,cutoff,,2,0.7079699999999639,epsilon_greedy,,152830,,,,,,,1.175826035777811
1539,1538,,,20.5,64,True,False,True,False,success,,5,0.7077799999999639,epsilon_greedy,,152894,,,,,,,1.0770309153053725
1540,1539,,,-8.0,100,False,False,False,True,cutoff,,4,0.7075899999999639,epsilon_greedy,,152994,,,,,,,0.9111800269223238
1541,1540,,,19.5,66,True,False,True,False,success,,5,0.7073999999999638,epsilon_greedy,,153060,,,,,,,0.7404257549195703
1542,1541,,,-8.0,100,False,False,False,True,cutoff,,4,0.7072099999999638,epsilon_greedy,,153160,,,,,,,0.6386267577040564
1543,1542,,,-18.5,100,False,False,False,True,cutoff,,3,0.7070199999999638,epsilon_greedy,,153260,,,,,,,0.702956669655783
1544,1543,,,-29.0,100,False,False,False,True,cutoff,,2,0.7068299999999638,epsilon_greedy,,153360,,,,,,,0.5108306449067992
1545,1544,,,-18.5,100,False,False,False,True,cutoff,,3,0.7066399999999637,epsilon_greedy,,153460,,,,,,,1.0530403105460362
1546,1545,,,-18.5,100,False,False,False,True,cutoff,,3,0.7064499999999637,epsilon_greedy,,153560,,,,,,,1.0993290867975174
1547,1546,,,-8.0,100,False,False,False,True,cutoff,,4,0.7062599999999637,epsilon_greedy,,153660,,,,,,,0.841987467338025
1548,1547,,,-8.0,100,False,False,False,True,cutoff,,4,0.7060699999999637,epsilon_greedy,,153760,,,,,,,1.041957491272603
1549,1548,,,-18.5,100,False,False,False,True,cutoff,,3,0.7058799999999636,epsilon_greedy,,153860,,,,,,,0.5308510034463266
1550,1549,,,10.0,85,True,False,True,False,success,,5,0.7056899999999636,epsilon_greedy,,153945,,,,,,,0.9334317040384195
1551,1550,,,-8.0,100,False,False,False,True,cutoff,,4,0.7054999999999636,epsilon_greedy,,154045,,,,,,,0.9595278469873557
1552,1551,,,18.0,69,True,False,True,False,success,,5,0.7053099999999636,epsilon_greedy,,154114,,,,,,,0.9203696252114405
1553,1552,,,-29.0,100,False,False,False,True,cutoff,,2,0.7051199999999636,epsilon_greedy,,154214,,,,,,,1.1385751048416572
1554,1553,,,-18.5,100,False,False,False,True,cutoff,,3,0.7049299999999635,epsilon_greedy,,154314,,,,,,,0.6816079238634759
1555,1554,,,11.0,83,True,False,True,False,success,,5,0.7047399999999635,epsilon_greedy,,154397,,,,,,,1.7585074050214904
1556,1555,,,16.0,73,True,False,True,False,success,,5,0.7045499999999635,epsilon_greedy,,154470,,,,,,,0.9498752369530465
1557,1556,,,22.5,60,True,False,True,False,success,,5,0.7043599999999635,epsilon_greedy,,154530,,,,,,,0.8464992254946274
1558,1557,,,-8.0,100,False,False,False,True,cutoff,,4,0.7041699999999634,epsilon_greedy,,154630,,,,,,,0.6983549459382751
1559,1558,,,-8.0,100,False,False,False,True,cutoff,,4,0.7039799999999634,epsilon_greedy,,154730,,,,,,,0.9587620352540861
1560,1559,,,-18.5,100,False,False,False,True,cutoff,,3,0.7037899999999634,epsilon_greedy,,154830,,,,,,,1.1021524357600372
1561,1560,,,-8.0,100,False,False,False,True,cutoff,,4,0.7035999999999634,epsilon_greedy,,154930,,,,,,,0.9984951393328302
1562,1561,,,3.0,99,True,False,True,False,success,,5,0.7034099999999633,epsilon_greedy,,155029,,,,,,,0.8984465345439812
1563,1562,,,-18.5,100,False,False,False,True,cutoff,,3,0.7032199999999633,epsilon_greedy,,155129,,,,,,,0.9566422707427056
1564,1563,,,-8.0,100,False,False,False,True,cutoff,,4,0.7030299999999633,epsilon_greedy,,155229,,,,,,,0.8839199532236105
1565,1564,,,-18.5,100,False,False,False,True,cutoff,,3,0.7028399999999633,epsilon_greedy,,155329,,,,,,,0.6808779627285226
1566,1565,,,-18.5,100,False,False,False,True,cutoff,,3,0.7026499999999632,epsilon_greedy,,155429,,,,,,,0.7940688786318059
1567,1566,,,-18.5,100,False,False,False,True,cutoff,,3,0.7024599999999632,epsilon_greedy,,155529,,,,,,,1.1248092649180117
1568,1567,,,-18.5,100,False,False,False,True,cutoff,,3,0.7022699999999632,epsilon_greedy,,155629,,,,,,,0.7877158209643476
1569,1568,,,2.5,100,True,False,True,False,success,,5,0.7020799999999632,epsilon_greedy,,155729,,,,,,,1.0141073794739706
1570,1569,,,-8.0,100,False,False,False,True,cutoff,,4,0.7018899999999632,epsilon_greedy,,155829,,,,,,,0.9646812329967925
1571,1570,,,-8.0,100,False,False,False,True,cutoff,,4,0.7016999999999631,epsilon_greedy,,155929,,,,,,,0.8880539240887534
1572,1571,,,-18.5,100,False,False,False,True,cutoff,,3,0.7015099999999631,epsilon_greedy,,156029,,,,,,,0.6947630221812168
1573,1572,,,-29.0,100,False,False,False,True,cutoff,,2,0.7013199999999631,epsilon_greedy,,156129,,,,,,,1.008829255486531
1574,1573,,,-8.0,100,False,False,False,True,cutoff,,4,0.7011299999999631,epsilon_greedy,,156229,,,,,,,0.7642878820841627
1575,1574,,,-18.5,100,False,False,False,True,cutoff,,3,0.700939999999963,epsilon_greedy,,156329,,,,,,,0.7461624642395175
1576,1575,,,-8.0,100,False,False,False,True,cutoff,,4,0.700749999999963,epsilon_greedy,,156429,,,,,,,1.12476611964873
1577,1576,,,14.5,76,True,False,True,False,success,,5,0.700559999999963,epsilon_greedy,,156505,,,,,,,0.6976267618497003
1578,1577,,,-8.0,100,False,False,False,True,cutoff,,4,0.700369999999963,epsilon_greedy,,156605,,,,,,,0.6156914716423294
1579,1578,,,21.5,62,True,False,True,False,success,,5,0.7001799999999629,epsilon_greedy,,156667,,,,,,,0.7256721787558239
1580,1579,,,6.5,92,True,False,True,False,success,,5,0.6999899999999629,epsilon_greedy,,156759,,,,,,,0.6760888132810375
1581,1580,,,16.5,72,True,False,True,False,success,,5,0.6997999999999629,epsilon_greedy,,156831,,,,,,,0.6173234715836238
1582,1581,,,-18.5,100,False,False,False,True,cutoff,,3,0.6996099999999629,epsilon_greedy,,156931,,,,,,,0.9414843340860753
1583,1582,,,-18.5,100,False,False,False,True,cutoff,,3,0.6994199999999628,epsilon_greedy,,157031,,,,,,,0.6423536443893199
1584,1583,,,-18.5,100,False,False,False,True,cutoff,,3,0.6992299999999628,epsilon_greedy,,157131,,,,,,,0.6712200366072872
1585,1584,,,-39.5,100,False,False,False,True,cutoff,,1,0.6990399999999628,epsilon_greedy,,157231,,,,,,,0.4214447216487467
1586,1585,,,16.5,72,True,False,True,False,success,,5,0.6988499999999628,epsilon_greedy,,157303,,,,,,,0.6946032773993799
1587,1586,,,3.5,98,True,False,True,False,success,,5,0.6986599999999628,epsilon_greedy,,157401,,,,,,,1.410223288185354
1588,1587,,,3.0,99,True,False,True,False,success,,5,0.6984699999999627,epsilon_greedy,,157500,,,,,,,0.8286308494358353
1589,1588,,,-8.0,100,False,False,False,True,cutoff,,4,0.6982799999999627,epsilon_greedy,,157600,,,,,,,0.9158407723946277
1590,1589,,,-18.5,100,False,False,False,True,cutoff,,3,0.6980899999999627,epsilon_greedy,,157700,,,,,,,0.9452214896296777
1591,1590,,,-29.0,100,False,False,False,True,cutoff,,2,0.6978999999999627,epsilon_greedy,,157800,,,,,,,0.9047031086092358
1592,1591,,,30.0,45,True,False,True,False,success,,5,0.6977099999999626,epsilon_greedy,,157845,,,,,,,0.5363088924255169
1593,1592,,,-18.5,100,False,False,False,True,cutoff,,3,0.6975199999999626,epsilon_greedy,,157945,,,,,,,0.7321251327644737
1594,1593,,,-8.0,100,False,False,False,True,cutoff,,4,0.6973299999999626,epsilon_greedy,,158045,,,,,,,1.260667057142686
1595,1594,,,10.5,84,True,False,True,False,success,,5,0.6971399999999626,epsilon_greedy,,158129,,,,,,,0.7265033656538739
1596,1595,,,-8.0,100,False,False,False,True,cutoff,,4,0.6969499999999625,epsilon_greedy,,158229,,,,,,,0.9335067621542492
1597,1596,,,-29.0,100,False,False,False,True,cutoff,,2,0.6967599999999625,epsilon_greedy,,158329,,,,,,,0.710805451933789
1598,1597,,,-8.0,100,False,False,False,True,cutoff,,4,0.6965699999999625,epsilon_greedy,,158429,,,,,,,0.7407502101385846
1599,1598,,,-39.5,100,False,False,False,True,cutoff,,1,0.6963799999999625,epsilon_greedy,,158529,,,,,,,1.1096478581650049
1600,1599,,,22.0,61,True,False,True,False,success,,5,0.6961899999999624,epsilon_greedy,,158590,,,,,,,0.4175681331312996
1601,1600,,,-18.5,100,False,False,False,True,cutoff,,3,0.6959999999999624,epsilon_greedy,,158690,,,,,,,0.549220042579232
1602,1601,,,-29.0,100,False,False,False,True,cutoff,,2,0.6958099999999624,epsilon_greedy,,158790,,,,,,,1.8851406604731225
1603,1602,,,7.0,91,True,False,True,False,success,,5,0.6956199999999624,epsilon_greedy,,158881,,,,,,,0.7983127304279355
1604,1603,,,14.5,76,True,False,True,False,success,,5,0.6954299999999624,epsilon_greedy,,158957,,,,,,,0.7541793524419518
1605,1604,,,-8.0,100,False,False,False,True,cutoff,,4,0.6952399999999623,epsilon_greedy,,159057,,,,,,,0.9202560811895971
1606,1605,,,2.5,100,True,False,True,False,success,,5,0.6950499999999623,epsilon_greedy,,159157,,,,,,,1.0113492224310812
1607,1606,,,-18.5,100,False,False,False,True,cutoff,,3,0.6948599999999623,epsilon_greedy,,159257,,,,,,,0.5884619551946578
1608,1607,,,14.5,76,True,False,True,False,success,,5,0.6946699999999623,epsilon_greedy,,159333,,,,,,,0.763893580562368
1609,1608,,,-29.0,100,False,False,False,True,cutoff,,2,0.6944799999999622,epsilon_greedy,,159433,,,,,,,1.0493334427318746
1610,1609,,,-8.0,100,False,False,False,True,cutoff,,4,0.6942899999999622,epsilon_greedy,,159533,,,,,,,1.4124373832676544
1611,1610,,,-8.0,100,False,False,False,True,cutoff,,4,0.6940999999999622,epsilon_greedy,,159633,,,,,,,1.243330701523664
1612,1611,,,17.0,71,True,False,True,False,success,,5,0.6939099999999622,epsilon_greedy,,159704,,,,,,,0.9612724469879858
1613,1612,,,-18.5,100,False,False,False,True,cutoff,,3,0.6937199999999621,epsilon_greedy,,159804,,,,,,,1.0987871673777816
1614,1613,,,6.5,92,True,False,True,False,success,,5,0.6935299999999621,epsilon_greedy,,159896,,,,,,,0.8344883026500493
1615,1614,,,-8.0,100,False,False,False,True,cutoff,,4,0.6933399999999621,epsilon_greedy,,159996,,,,,,,1.206746059362522
1616,1615,,,22.5,60,True,False,True,False,success,,5,0.6931499999999621,epsilon_greedy,,160056,,,,,,,0.9504919427321922
1617,1616,,,-18.5,100,False,False,False,True,cutoff,,3,0.692959999999962,epsilon_greedy,,160156,,,,,,,0.8154758893558788
1618,1617,,,17.5,70,True,False,True,False,success,,5,0.692769999999962,epsilon_greedy,,160226,,,,,,,0.5521925629124877
1619,1618,,,-8.0,100,False,False,False,True,cutoff,,4,0.692579999999962,epsilon_greedy,,160326,,,,,,,0.6962749567386537
1620,1619,,,20.0,65,True,False,True,False,success,,5,0.692389999999962,epsilon_greedy,,160391,,,,,,,0.7751139285078994
1621,1620,,,19.5,66,True,False,True,False,success,,5,0.692199999999962,epsilon_greedy,,160457,,,,,,,0.6328100553335869
1622,1621,,,-18.5,100,False,False,False,True,cutoff,,3,0.6920099999999619,epsilon_greedy,,160557,,,,,,,1.1743552010878178
1623,1622,,,-8.0,100,False,False,False,True,cutoff,,4,0.6918199999999619,epsilon_greedy,,160657,,,,,,,0.7943124975979893
1624,1623,,,-18.5,100,False,False,False,True,cutoff,,3,0.6916299999999619,epsilon_greedy,,160757,,,,,,,1.4371016802412273
1625,1624,,,-8.0,100,False,False,False,True,cutoff,,4,0.6914399999999619,epsilon_greedy,,160857,,,,,,,0.7495918202432
1626,1625,,,18.5,68,True,False,True,False,success,,5,0.6912499999999618,epsilon_greedy,,160925,,,,,,,0.54610754381693
1627,1626,,,11.0,83,True,False,True,False,success,,5,0.6910599999999618,epsilon_greedy,,161008,,,,,,,0.711090185183898
1628,1627,,,-8.0,100,False,False,False,True,cutoff,,4,0.6908699999999618,epsilon_greedy,,161108,,,,,,,1.1142292050074654
1629,1628,,,14.5,76,True,False,True,False,success,,5,0.6906799999999618,epsilon_greedy,,161184,,,,,,,0.9481364683835148
1630,1629,,,-8.0,100,False,False,False,True,cutoff,,4,0.6904899999999617,epsilon_greedy,,161284,,,,,,,0.8145318660214882
1631,1630,,,7.0,91,True,False,True,False,success,,5,0.6902999999999617,epsilon_greedy,,161375,,,,,,,0.9243065558897795
1632,1631,,,23.0,59,True,False,True,False,success,,5,0.6901099999999617,epsilon_greedy,,161434,,,,,,,0.7678763156861234
1633,1632,,,9.0,87,True,False,True,False,success,,5,0.6899199999999617,epsilon_greedy,,161521,,,,,,,1.1494823966539849
1634,1633,,,19.0,67,True,False,True,False,success,,5,0.6897299999999617,epsilon_greedy,,161588,,,,,,,0.637093472321467
1635,1634,,,-8.0,100,False,False,False,True,cutoff,,4,0.6895399999999616,epsilon_greedy,,161688,,,,,,,0.8406304095206718
1636,1635,,,11.0,83,True,False,True,False,success,,5,0.6893499999999616,epsilon_greedy,,161771,,,,,,,0.7850872233578668
1637,1636,,,17.5,70,True,False,True,False,success,,5,0.6891599999999616,epsilon_greedy,,161841,,,,,,,0.3147972904524706
1638,1637,,,-8.0,100,False,False,False,True,cutoff,,4,0.6889699999999616,epsilon_greedy,,161941,,,,,,,0.8282106828443364
1639,1638,,,-29.0,100,False,False,False,True,cutoff,,2,0.6887799999999615,epsilon_greedy,,162041,,,,,,,1.3204688953327985
1640,1639,,,3.5,98,True,False,True,False,success,,5,0.6885899999999615,epsilon_greedy,,162139,,,,,,,0.8735974001765016
1641,1640,,,-18.5,100,False,False,False,True,cutoff,,3,0.6883999999999615,epsilon_greedy,,162239,,,,,,,0.947296653445673
1642,1641,,,-8.0,100,False,False,False,True,cutoff,,4,0.6882099999999615,epsilon_greedy,,162339,,,,,,,0.9397298796343131
1643,1642,,,16.5,72,True,False,True,False,success,,5,0.6880199999999614,epsilon_greedy,,162411,,,,,,,0.6741612948521891
1644,1643,,,-18.5,100,False,False,False,True,cutoff,,3,0.6878299999999614,epsilon_greedy,,162511,,,,,,,0.8431999186368939
1645,1644,,,-29.0,100,False,False,False,True,cutoff,,2,0.6876399999999614,epsilon_greedy,,162611,,,,,,,1.1094648899360693
1646,1645,,,2.5,100,True,False,True,False,success,,5,0.6874499999999614,epsilon_greedy,,162711,,,,,,,0.628065449664555
1647,1646,,,-18.5,100,False,False,False,True,cutoff,,3,0.6872599999999613,epsilon_greedy,,162811,,,,,,,1.1300686077550863
1648,1647,,,-18.5,100,False,False,False,True,cutoff,,3,0.6870699999999613,epsilon_greedy,,162911,,,,,,,0.8938541805981395
1649,1648,,,-8.0,100,False,False,False,True,cutoff,,4,0.6868799999999613,epsilon_greedy,,163011,,,,,,,1.0600550109916334
1650,1649,,,7.0,91,True,False,True,False,success,,5,0.6866899999999613,epsilon_greedy,,163102,,,,,,,0.9181551952594798
1651,1650,,,-8.0,100,False,False,False,True,cutoff,,4,0.6864999999999613,epsilon_greedy,,163202,,,,,,,0.8755394331474732
1652,1651,,,-18.5,100,False,False,False,True,cutoff,,3,0.6863099999999612,epsilon_greedy,,163302,,,,,,,1.0530482806834822
1653,1652,,,-8.0,100,False,False,False,True,cutoff,,4,0.6861199999999612,epsilon_greedy,,163402,,,,,,,0.7084245281757019
1654,1653,,,-8.0,100,False,False,False,True,cutoff,,4,0.6859299999999612,epsilon_greedy,,163502,,,,,,,0.6828404837050751
1655,1654,,,17.5,70,True,False,True,False,success,,5,0.6857399999999612,epsilon_greedy,,163572,,,,,,,0.6115101051338694
1656,1655,,,-8.0,100,False,False,False,True,cutoff,,4,0.6855499999999611,epsilon_greedy,,163672,,,,,,,1.1679952445971846
1657,1656,,,23.0,59,True,False,True,False,success,,5,0.6853599999999611,epsilon_greedy,,163731,,,,,,,0.7589542493746596
1658,1657,,,-18.5,100,False,False,False,True,cutoff,,3,0.6851699999999611,epsilon_greedy,,163831,,,,,,,1.177395538613258
1659,1658,,,-18.5,100,False,False,False,True,cutoff,,3,0.6849799999999611,epsilon_greedy,,163931,,,,,,,0.7582489211055473
1660,1659,,,11.5,82,True,False,True,False,success,,5,0.684789999999961,epsilon_greedy,,164013,,,,,,,0.6565346823109167
1661,1660,,,19.0,67,True,False,True,False,success,,5,0.684599999999961,epsilon_greedy,,164080,,,,,,,0.6421888098295521
1662,1661,,,13.5,78,True,False,True,False,success,,5,0.684409999999961,epsilon_greedy,,164158,,,,,,,0.8393280708153525
1663,1662,,,-18.5,100,False,False,False,True,cutoff,,3,0.684219999999961,epsilon_greedy,,164258,,,,,,,1.104968204490487
1664,1663,,,-18.5,100,False,False,False,True,cutoff,,3,0.684029999999961,epsilon_greedy,,164358,,,,,,,0.8878252306066483
1665,1664,,,8.5,88,True,False,True,False,success,,5,0.6838399999999609,epsilon_greedy,,164446,,,,,,,0.46100855045719746
1666,1665,,,4.5,96,True,False,True,False,success,,5,0.6836499999999609,epsilon_greedy,,164542,,,,,,,1.131630159610054
1667,1666,,,8.5,88,True,False,True,False,success,,5,0.6834599999999609,epsilon_greedy,,164630,,,,,,,0.9722796627829294
1668,1667,,,11.0,83,True,False,True,False,success,,5,0.6832699999999609,epsilon_greedy,,164713,,,,,,,0.7765659433090271
1669,1668,,,-18.5,100,False,False,False,True,cutoff,,3,0.6830799999999608,epsilon_greedy,,164813,,,,,,,0.9171250592699853
1670,1669,,,17.5,70,True,False,True,False,success,,5,0.6828899999999608,epsilon_greedy,,164883,,,,,,,0.7611270287822628
1671,1670,,,-8.0,100,False,False,False,True,cutoff,,4,0.6826999999999608,epsilon_greedy,,164983,,,,,,,0.6476128588410086
1672,1671,,,-8.0,100,False,False,False,True,cutoff,,4,0.6825099999999608,epsilon_greedy,,165083,,,,,,,1.080539214929142
1673,1672,,,12.5,80,True,False,True,False,success,,5,0.6823199999999607,epsilon_greedy,,165163,,,,,,,0.5635548300638732
1674,1673,,,-8.0,100,False,False,False,True,cutoff,,4,0.6821299999999607,epsilon_greedy,,165263,,,,,,,1.0047564451626547
1675,1674,,,-8.0,100,False,False,False,True,cutoff,,4,0.6819399999999607,epsilon_greedy,,165363,,,,,,,0.9530905812572226
1676,1675,,,-8.0,100,False,False,False,True,cutoff,,4,0.6817499999999607,epsilon_greedy,,165463,,,,,,,0.8412038266435584
1677,1676,,,-8.0,100,False,False,False,True,cutoff,,4,0.6815599999999606,epsilon_greedy,,165563,,,,,,,0.7317757007180679
1678,1677,,,23.5,58,True,False,True,False,success,,5,0.6813699999999606,epsilon_greedy,,165621,,,,,,,0.48680476639036274
1679,1678,,,6.5,92,True,False,True,False,success,,5,0.6811799999999606,epsilon_greedy,,165713,,,,,,,1.0039489779894992
1680,1679,,,19.5,66,True,False,True,False,success,,5,0.6809899999999606,epsilon_greedy,,165779,,,,,,,0.7936172606515581
1681,1680,,,28.0,49,True,False,True,False,success,,5,0.6807999999999605,epsilon_greedy,,165828,,,,,,,0.450422923935074
1682,1681,,,-18.5,100,False,False,False,True,cutoff,,3,0.6806099999999605,epsilon_greedy,,165928,,,,,,,0.9375347709981008
1683,1682,,,-29.0,100,False,False,False,True,cutoff,,2,0.6804199999999605,epsilon_greedy,,166028,,,,,,,0.6735128227438808
1684,1683,,,-8.0,100,False,False,False,True,cutoff,,4,0.6802299999999605,epsilon_greedy,,166128,,,,,,,1.2623009076020872
1685,1684,,,25.0,55,True,False,True,False,success,,5,0.6800399999999605,epsilon_greedy,,166183,,,,,,,0.47055480551990353
1686,1685,,,19.0,67,True,False,True,False,success,,5,0.6798499999999604,epsilon_greedy,,166250,,,,,,,0.5198357130505085
1687,1686,,,18.0,69,True,False,True,False,success,,5,0.6796599999999604,epsilon_greedy,,166319,,,,,,,0.48719283747715403
1688,1687,,,-18.5,100,False,False,False,True,cutoff,,3,0.6794699999999604,epsilon_greedy,,166419,,,,,,,0.9879347460723007
1689,1688,,,-8.0,100,False,False,False,True,cutoff,,4,0.6792799999999604,epsilon_greedy,,166519,,,,,,,0.95049317204373
1690,1689,,,-18.5,100,False,False,False,True,cutoff,,3,0.6790899999999603,epsilon_greedy,,166619,,,,,,,0.5711908347332637
1691,1690,,,11.0,83,True,False,True,False,success,,5,0.6788999999999603,epsilon_greedy,,166702,,,,,,,0.822131136899787
1692,1691,,,11.0,83,True,False,True,False,success,,5,0.6787099999999603,epsilon_greedy,,166785,,,,,,,0.8482858964663264
1693,1692,,,-18.5,100,False,False,False,True,cutoff,,3,0.6785199999999603,epsilon_greedy,,166885,,,,,,,1.2946585145993452
1694,1693,,,10.0,85,True,False,True,False,success,,5,0.6783299999999602,epsilon_greedy,,166970,,,,,,,0.6731708195539502
1695,1694,,,4.0,97,True,False,True,False,success,,5,0.6781399999999602,epsilon_greedy,,167067,,,,,,,1.0634854890934737
1696,1695,,,-8.0,100,False,False,False,True,cutoff,,4,0.6779499999999602,epsilon_greedy,,167167,,,,,,,0.8223890307266718
1697,1696,,,21.0,63,True,False,True,False,success,,5,0.6777599999999602,epsilon_greedy,,167230,,,,,,,1.1853361701004097
1698,1697,,,-8.0,100,False,False,False,True,cutoff,,4,0.6775699999999601,epsilon_greedy,,167330,,,,,,,0.857574068245655
1699,1698,,,6.5,92,True,False,True,False,success,,5,0.6773799999999601,epsilon_greedy,,167422,,,,,,,1.00701922252493
1700,1699,,,4.0,97,True,False,True,False,success,,5,0.6771899999999601,epsilon_greedy,,167519,,,,,,,0.8575016957971388
1701,1700,,,-18.5,100,False,False,False,True,cutoff,,3,0.6769999999999601,epsilon_greedy,,167619,,,,,,,1.12255484641579
1702,1701,,,-18.5,100,False,False,False,True,cutoff,,3,0.67680999999996,epsilon_greedy,,167719,,,,,,,0.8891264170602824
1703,1702,,,4.0,97,True,False,True,False,success,,5,0.67661999999996,epsilon_greedy,,167816,,,,,,,0.5520991965140283
1704,1703,,,-8.0,100,False,False,False,True,cutoff,,4,0.67642999999996,epsilon_greedy,,167916,,,,,,,0.9300570306716578
1705,1704,,,8.0,89,True,False,True,False,success,,5,0.67623999999996,epsilon_greedy,,168005,,,,,,,1.0263881712390506
1706,1705,,,20.5,64,True,False,True,False,success,,5,0.67604999999996,epsilon_greedy,,168069,,,,,,,0.9404496767292477
1707,1706,,,16.5,72,True,False,True,False,success,,5,0.6758599999999599,epsilon_greedy,,168141,,,,,,,0.5650768530568866
1708,1707,,,-29.0,100,False,False,False,True,cutoff,,2,0.6756699999999599,epsilon_greedy,,168241,,,,,,,0.7114306891669968
1709,1708,,,12.0,81,True,False,True,False,success,,5,0.6754799999999599,epsilon_greedy,,168322,,,,,,,1.1203395114001917
1710,1709,,,-8.0,100,False,False,False,True,cutoff,,4,0.6752899999999599,epsilon_greedy,,168422,,,,,,,0.9594706990033938
1711,1710,,,-8.0,100,False,False,False,True,cutoff,,4,0.6750999999999598,epsilon_greedy,,168522,,,,,,,1.0028603090030084
1712,1711,,,-8.0,100,False,False,False,True,cutoff,,4,0.6749099999999598,epsilon_greedy,,168622,,,,,,,0.768509807653621
1713,1712,,,-18.5,100,False,False,False,True,cutoff,,3,0.6747199999999598,epsilon_greedy,,168722,,,,,,,0.9129843386242384
1714,1713,,,-8.0,100,False,False,False,True,cutoff,,4,0.6745299999999598,epsilon_greedy,,168822,,,,,,,0.6770698729383483
1715,1714,,,16.5,72,True,False,True,False,success,,5,0.6743399999999597,epsilon_greedy,,168894,,,,,,,0.5782432707134488
1716,1715,,,9.0,87,True,False,True,False,success,,5,0.6741499999999597,epsilon_greedy,,168981,,,,,,,0.7877287787746093
1717,1716,,,14.0,77,True,False,True,False,success,,5,0.6739599999999597,epsilon_greedy,,169058,,,,,,,0.6964633483818544
1718,1717,,,20.5,64,True,False,True,False,success,,5,0.6737699999999597,epsilon_greedy,,169122,,,,,,,1.0188379039240516
1719,1718,,,-8.0,100,False,False,False,True,cutoff,,4,0.6735799999999597,epsilon_greedy,,169222,,,,,,,0.9996146745513589
1720,1719,,,9.0,87,True,False,True,False,success,,5,0.6733899999999596,epsilon_greedy,,169309,,,,,,,0.6308769259841122
1721,1720,,,-8.0,100,False,False,False,True,cutoff,,4,0.6731999999999596,epsilon_greedy,,169409,,,,,,,1.4826136025283827
1722,1721,,,-18.5,100,False,False,False,True,cutoff,,3,0.6730099999999596,epsilon_greedy,,169509,,,,,,,0.6448313735381896
1723,1722,,,-8.0,100,False,False,False,True,cutoff,,4,0.6728199999999596,epsilon_greedy,,169609,,,,,,,0.6970241405007278
1724,1723,,,12.5,80,True,False,True,False,success,,5,0.6726299999999595,epsilon_greedy,,169689,,,,,,,0.758807982631192
1725,1724,,,21.5,62,True,False,True,False,success,,5,0.6724399999999595,epsilon_greedy,,169751,,,,,,,0.6740870479033572
1726,1725,,,-18.5,100,False,False,False,True,cutoff,,3,0.6722499999999595,epsilon_greedy,,169851,,,,,,,1.185586793949691
1727,1726,,,-8.0,100,False,False,False,True,cutoff,,4,0.6720599999999595,epsilon_greedy,,169951,,,,,,,0.6889982964224535
1728,1727,,,8.0,89,True,False,True,False,success,,5,0.6718699999999594,epsilon_greedy,,170040,,,,,,,0.84023166228554
1729,1728,,,-8.0,100,False,False,False,True,cutoff,,4,0.6716799999999594,epsilon_greedy,,170140,,,,,,,0.5726671593625225
1730,1729,,,-18.5,100,False,False,False,True,cutoff,,3,0.6714899999999594,epsilon_greedy,,170240,,,,,,,0.679989337425879
1731,1730,,,-8.0,100,False,False,False,True,cutoff,,4,0.6712999999999594,epsilon_greedy,,170340,,,,,,,0.5943718622848193
1732,1731,,,-8.0,100,False,False,False,True,cutoff,,4,0.6711099999999594,epsilon_greedy,,170440,,,,,,,0.7992875372907053
1733,1732,,,-18.5,100,False,False,False,True,cutoff,,3,0.6709199999999593,epsilon_greedy,,170540,,,,,,,0.9138975437372671
1734,1733,,,9.0,87,True,False,True,False,success,,5,0.6707299999999593,epsilon_greedy,,170627,,,,,,,0.5667817665090437
1735,1734,,,2.5,100,True,False,True,False,success,,5,0.6705399999999593,epsilon_greedy,,170727,,,,,,,0.5768011115325777
1736,1735,,,-8.0,100,False,False,False,True,cutoff,,4,0.6703499999999593,epsilon_greedy,,170827,,,,,,,0.5826726528889826
1737,1736,,,-8.0,100,False,False,False,True,cutoff,,4,0.6701599999999592,epsilon_greedy,,170927,,,,,,,0.5121710793603859
1738,1737,,,-8.0,100,False,False,False,True,cutoff,,4,0.6699699999999592,epsilon_greedy,,171027,,,,,,,0.9460693586280584
1739,1738,,,9.0,87,True,False,True,False,success,,5,0.6697799999999592,epsilon_greedy,,171114,,,,,,,0.7255200752677847
1740,1739,,,8.5,88,True,False,True,False,success,,5,0.6695899999999592,epsilon_greedy,,171202,,,,,,,0.5899814556545894
1741,1740,,,-8.0,100,False,False,False,True,cutoff,,4,0.6693999999999591,epsilon_greedy,,171302,,,,,,,0.606443915882013
1742,1741,,,23.5,58,True,False,True,False,success,,5,0.6692099999999591,epsilon_greedy,,171360,,,,,,,0.563257116069675
1743,1742,,,-8.0,100,False,False,False,True,cutoff,,4,0.6690199999999591,epsilon_greedy,,171460,,,,,,,0.8066578861986743
1744,1743,,,-8.0,100,False,False,False,True,cutoff,,4,0.6688299999999591,epsilon_greedy,,171560,,,,,,,0.9909218533076286
1745,1744,,,12.5,80,True,False,True,False,success,,5,0.668639999999959,epsilon_greedy,,171640,,,,,,,1.01958013244616
1746,1745,,,10.0,85,True,False,True,False,success,,5,0.668449999999959,epsilon_greedy,,171725,,,,,,,0.40500702165561087
1747,1746,,,24.5,56,True,False,True,False,success,,5,0.668259999999959,epsilon_greedy,,171781,,,,,,,0.5136791326287359
1748,1747,,,-8.0,100,False,False,False,True,cutoff,,4,0.668069999999959,epsilon_greedy,,171881,,,,,,,0.465980156998194
1749,1748,,,-8.0,100,False,False,False,True,cutoff,,4,0.667879999999959,epsilon_greedy,,171981,,,,,,,0.9238901837810822
1750,1749,,,-8.0,100,False,False,False,True,cutoff,,4,0.6676899999999589,epsilon_greedy,,172081,,,,,,,1.089994172042274
1751,1750,,,-8.0,100,False,False,False,True,cutoff,,4,0.6674999999999589,epsilon_greedy,,172181,,,,,,,0.7909685334889818
1752,1751,,,-8.0,100,False,False,False,True,cutoff,,4,0.6673099999999589,epsilon_greedy,,172281,,,,,,,0.9375148610229105
1753,1752,,,-18.5,100,False,False,False,True,cutoff,,3,0.6671199999999589,epsilon_greedy,,172381,,,,,,,1.111321899604222
1754,1753,,,-8.0,100,False,False,False,True,cutoff,,4,0.6669299999999588,epsilon_greedy,,172481,,,,,,,0.779174393654738
1755,1754,,,22.0,61,True,False,True,False,success,,5,0.6667399999999588,epsilon_greedy,,172542,,,,,,,0.43515345044245257
1756,1755,,,18.0,69,True,False,True,False,success,,5,0.6665499999999588,epsilon_greedy,,172611,,,,,,,0.9287183435749997
1757,1756,,,8.0,89,True,False,True,False,success,,5,0.6663599999999588,epsilon_greedy,,172700,,,,,,,0.9522945782790951
1758,1757,,,6.0,93,True,False,True,False,success,,5,0.6661699999999587,epsilon_greedy,,172793,,,,,,,0.4641299928654442
1759,1758,,,20.0,65,True,False,True,False,success,,5,0.6659799999999587,epsilon_greedy,,172858,,,,,,,0.5049680750097865
1760,1759,,,-29.0,100,False,False,False,True,cutoff,,2,0.6657899999999587,epsilon_greedy,,172958,,,,,,,1.1474742231856228
1761,1760,,,-8.0,100,False,False,False,True,cutoff,,4,0.6655999999999587,epsilon_greedy,,173058,,,,,,,1.7629390887214236
1762,1761,,,-8.0,100,False,False,False,True,cutoff,,4,0.6654099999999586,epsilon_greedy,,173158,,,,,,,0.7122692252985797
1763,1762,,,-8.0,100,False,False,False,True,cutoff,,4,0.6652199999999586,epsilon_greedy,,173258,,,,,,,1.0089100440703187
1764,1763,,,-18.5,100,False,False,False,True,cutoff,,3,0.6650299999999586,epsilon_greedy,,173358,,,,,,,0.5796011299486129
1765,1764,,,-8.0,100,False,False,False,True,cutoff,,4,0.6648399999999586,epsilon_greedy,,173458,,,,,,,0.7835090958641788
1766,1765,,,2.5,100,True,False,True,False,success,,5,0.6646499999999586,epsilon_greedy,,173558,,,,,,,0.8608880786557429
1767,1766,,,-18.5,100,False,False,False,True,cutoff,,3,0.6644599999999585,epsilon_greedy,,173658,,,,,,,1.1480048485737917
1768,1767,,,25.0,55,True,False,True,False,success,,5,0.6642699999999585,epsilon_greedy,,173713,,,,,,,0.5377509301846926
1769,1768,,,-8.0,100,False,False,False,True,cutoff,,4,0.6640799999999585,epsilon_greedy,,173813,,,,,,,1.0565033264017882
1770,1769,,,15.5,74,True,False,True,False,success,,5,0.6638899999999585,epsilon_greedy,,173887,,,,,,,0.7244009541367702
1771,1770,,,11.5,82,True,False,True,False,success,,5,0.6636999999999584,epsilon_greedy,,173969,,,,,,,0.5936584365888284
1772,1771,,,27.5,50,True,False,True,False,success,,5,0.6635099999999584,epsilon_greedy,,174019,,,,,,,0.3878936531188424
1773,1772,,,9.5,86,True,False,True,False,success,,5,0.6633199999999584,epsilon_greedy,,174105,,,,,,,0.7164093185496058
1774,1773,,,-8.0,100,False,False,False,True,cutoff,,4,0.6631299999999584,epsilon_greedy,,174205,,,,,,,0.9115789771514593
1775,1774,,,-8.0,100,False,False,False,True,cutoff,,4,0.6629399999999583,epsilon_greedy,,174305,,,,,,,0.6423574101494496
1776,1775,,,-8.0,100,False,False,False,True,cutoff,,4,0.6627499999999583,epsilon_greedy,,174405,,,,,,,0.7493000472652019
1777,1776,,,-18.5,100,False,False,False,True,cutoff,,3,0.6625599999999583,epsilon_greedy,,174505,,,,,,,1.3911305175350088
1778,1777,,,15.5,74,True,False,True,False,success,,5,0.6623699999999583,epsilon_greedy,,174579,,,,,,,0.45326495010151013
1779,1778,,,-8.0,100,False,False,False,True,cutoff,,4,0.6621799999999582,epsilon_greedy,,174679,,,,,,,0.5747458094581317
1780,1779,,,-8.0,100,False,False,False,True,cutoff,,4,0.6619899999999582,epsilon_greedy,,174779,,,,,,,0.790683648642078
1781,1780,,,-8.0,100,False,False,False,True,cutoff,,4,0.6617999999999582,epsilon_greedy,,174879,,,,,,,0.7062045937759076
1782,1781,,,25.0,55,True,False,True,False,success,,5,0.6616099999999582,epsilon_greedy,,174934,,,,,,,0.5561187125424709
1783,1782,,,2.5,100,True,False,True,False,success,,5,0.6614199999999582,epsilon_greedy,,175034,,,,,,,0.43902284849527207
1784,1783,,,16.0,73,True,False,True,False,success,,5,0.6612299999999581,epsilon_greedy,,175107,,,,,,,0.592511572993148
1785,1784,,,-18.5,100,False,False,False,True,cutoff,,3,0.6610399999999581,epsilon_greedy,,175207,,,,,,,1.1693702386929627
1786,1785,,,14.0,77,True,False,True,False,success,,5,0.6608499999999581,epsilon_greedy,,175284,,,,,,,0.5895294406271436
1787,1786,,,-18.5,100,False,False,False,True,cutoff,,3,0.6606599999999581,epsilon_greedy,,175384,,,,,,,0.9127499537893281
1788,1787,,,-18.5,100,False,False,False,True,cutoff,,3,0.660469999999958,epsilon_greedy,,175484,,,,,,,1.1798374755941716
1789,1788,,,-18.5,100,False,False,False,True,cutoff,,3,0.660279999999958,epsilon_greedy,,175584,,,,,,,0.5105074087938415
1790,1789,,,19.5,66,True,False,True,False,success,,5,0.660089999999958,epsilon_greedy,,175650,,,,,,,0.4165599176927887
1791,1790,,,17.0,71,True,False,True,False,success,,5,0.659899999999958,epsilon_greedy,,175721,,,,,,,0.4231899734232408
1792,1791,,,11.5,82,True,False,True,False,success,,5,0.6597099999999579,epsilon_greedy,,175803,,,,,,,0.6466842548033254
1793,1792,,,-8.0,100,False,False,False,True,cutoff,,4,0.6595199999999579,epsilon_greedy,,175903,,,,,,,0.7040511288086875
1794,1793,,,-18.5,100,False,False,False,True,cutoff,,3,0.6593299999999579,epsilon_greedy,,176003,,,,,,,0.6250748923937901
1795,1794,,,-18.5,100,False,False,False,True,cutoff,,3,0.6591399999999579,epsilon_greedy,,176103,,,,,,,0.8251187749322851
1796,1795,,,-8.0,100,False,False,False,True,cutoff,,4,0.6589499999999578,epsilon_greedy,,176203,,,,,,,0.30666704852548515
1797,1796,,,10.0,85,True,False,True,False,success,,5,0.6587599999999578,epsilon_greedy,,176288,,,,,,,0.316606223709447
1798,1797,,,26.5,52,True,False,True,False,success,,5,0.6585699999999578,epsilon_greedy,,176340,,,,,,,0.8225137617277398
1799,1798,,,7.5,90,True,False,True,False,success,,5,0.6583799999999578,epsilon_greedy,,176430,,,,,,,0.5260397502876337
1800,1799,,,-8.0,100,False,False,False,True,cutoff,,4,0.6581899999999578,epsilon_greedy,,176530,,,,,,,0.8521088851755323
1801,1800,,,8.5,88,True,False,True,False,success,,5,0.6579999999999577,epsilon_greedy,,176618,,,,,,,0.7446212596076396
1802,1801,,,2.5,100,True,False,True,False,success,,5,0.6578099999999577,epsilon_greedy,,176718,,,,,,,0.686231302534886
1803,1802,,,-8.0,100,False,False,False,True,cutoff,,4,0.6576199999999577,epsilon_greedy,,176818,,,,,,,1.4325916164634243
1804,1803,,,-18.5,100,False,False,False,True,cutoff,,3,0.6574299999999577,epsilon_greedy,,176918,,,,,,,1.0750679732999529
1805,1804,,,-8.0,100,False,False,False,True,cutoff,,4,0.6572399999999576,epsilon_greedy,,177018,,,,,,,0.42633143886859626
1806,1805,,,3.5,98,True,False,True,False,success,,5,0.6570499999999576,epsilon_greedy,,177116,,,,,,,0.8995530925245908
1807,1806,,,-8.0,100,False,False,False,True,cutoff,,4,0.6568599999999576,epsilon_greedy,,177216,,,,,,,0.43281450080066297
1808,1807,,,15.0,75,True,False,True,False,success,,5,0.6566699999999576,epsilon_greedy,,177291,,,,,,,0.36120515834295813
1809,1808,,,5.0,95,True,False,True,False,success,,5,0.6564799999999575,epsilon_greedy,,177386,,,,,,,1.0112679687095343
1810,1809,,,3.0,99,True,False,True,False,success,,5,0.6562899999999575,epsilon_greedy,,177485,,,,,,,0.5851078278666613
1811,1810,,,-8.0,100,False,False,False,True,cutoff,,4,0.6560999999999575,epsilon_greedy,,177585,,,,,,,0.3848844703077845
1812,1811,,,-8.0,100,False,False,False,True,cutoff,,4,0.6559099999999575,epsilon_greedy,,177685,,,,,,,0.7842430229335611
1813,1812,,,18.0,69,True,False,True,False,success,,5,0.6557199999999574,epsilon_greedy,,177754,,,,,,,1.157947888827626
1814,1813,,,6.5,92,True,False,True,False,success,,5,0.6555299999999574,epsilon_greedy,,177846,,,,,,,0.43232830843846237
1815,1814,,,4.0,97,True,False,True,False,success,,5,0.6553399999999574,epsilon_greedy,,177943,,,,,,,0.41515185809863925
1816,1815,,,-18.5,100,False,False,False,True,cutoff,,3,0.6551499999999574,epsilon_greedy,,178043,,,,,,,0.7239664118847725
1817,1816,,,-29.0,100,False,False,False,True,cutoff,,2,0.6549599999999574,epsilon_greedy,,178143,,,,,,,0.8635578757923719
1818,1817,,,10.0,85,True,False,True,False,success,,5,0.6547699999999573,epsilon_greedy,,178228,,,,,,,1.4193793526815457
1819,1818,,,-18.5,100,False,False,False,True,cutoff,,3,0.6545799999999573,epsilon_greedy,,178328,,,,,,,1.0262198830306273
1820,1819,,,17.5,70,True,False,True,False,success,,5,0.6543899999999573,epsilon_greedy,,178398,,,,,,,0.31593795412219033
1821,1820,,,-18.5,100,False,False,False,True,cutoff,,3,0.6541999999999573,epsilon_greedy,,178498,,,,,,,1.0353490430586765
1822,1821,,,28.5,48,True,False,True,False,success,,5,0.6540099999999572,epsilon_greedy,,178546,,,,,,,0.225617716992027
1823,1822,,,24.5,56,True,False,True,False,success,,5,0.6538199999999572,epsilon_greedy,,178602,,,,,,,0.45068837916301313
1824,1823,,,-8.0,100,False,False,False,True,cutoff,,4,0.6536299999999572,epsilon_greedy,,178702,,,,,,,0.7618452301627747
1825,1824,,,22.0,61,True,False,True,False,success,,5,0.6534399999999572,epsilon_greedy,,178763,,,,,,,0.45172242836388254
1826,1825,,,5.5,94,True,False,True,False,success,,5,0.6532499999999571,epsilon_greedy,,178857,,,,,,,0.8705453519869634
1827,1826,,,6.5,92,True,False,True,False,success,,5,0.6530599999999571,epsilon_greedy,,178949,,,,,,,0.8020590647020217
1828,1827,,,-18.5,100,False,False,False,True,cutoff,,3,0.6528699999999571,epsilon_greedy,,179049,,,,,,,0.6370000857766172
1829,1828,,,13.5,78,True,False,True,False,success,,5,0.6526799999999571,epsilon_greedy,,179127,,,,,,,0.8018000479950499
1830,1829,,,-18.5,100,False,False,False,True,cutoff,,3,0.652489999999957,epsilon_greedy,,179227,,,,,,,1.0916832190626327
1831,1830,,,6.0,93,True,False,True,False,success,,5,0.652299999999957,epsilon_greedy,,179320,,,,,,,0.8119660625084146
1832,1831,,,11.5,82,True,False,True,False,success,,5,0.652109999999957,epsilon_greedy,,179402,,,,,,,0.13356478503835878
1833,1832,,,-8.0,100,False,False,False,True,cutoff,,4,0.651919999999957,epsilon_greedy,,179502,,,,,,,0.4389007208922666
1834,1833,,,24.5,56,True,False,True,False,success,,5,0.651729999999957,epsilon_greedy,,179558,,,,,,,0.26248949531641197
1835,1834,,,2.5,100,True,False,True,False,success,,5,0.6515399999999569,epsilon_greedy,,179658,,,,,,,0.6960592036485268
1836,1835,,,-18.5,100,False,False,False,True,cutoff,,3,0.6513499999999569,epsilon_greedy,,179758,,,,,,,1.0971113193849562
1837,1836,,,25.5,54,True,False,True,False,success,,5,0.6511599999999569,epsilon_greedy,,179812,,,,,,,0.4920445100042055
1838,1837,,,-8.0,100,False,False,False,True,cutoff,,4,0.6509699999999569,epsilon_greedy,,179912,,,,,,,0.7056902753595139
1839,1838,,,25.0,55,True,False,True,False,success,,5,0.6507799999999568,epsilon_greedy,,179967,,,,,,,0.0977855133842692
1840,1839,,,-8.0,100,False,False,False,True,cutoff,,4,0.6505899999999568,epsilon_greedy,,180067,,,,,,,0.308037672921754
1841,1840,,,-18.5,100,False,False,False,True,cutoff,,3,0.6503999999999568,epsilon_greedy,,180167,,,,,,,1.1764157583166017
1842,1841,,,-18.5,100,False,False,False,True,cutoff,,3,0.6502099999999568,epsilon_greedy,,180267,,,,,,,0.6414067649994237
1843,1842,,,-8.0,100,False,False,False,True,cutoff,,4,0.6500199999999567,epsilon_greedy,,180367,,,,,,,0.5712761885389996
1844,1843,,,5.5,94,True,False,True,False,success,,5,0.6498299999999567,epsilon_greedy,,180461,,,,,,,0.8204057775934142
1845,1844,,,11.0,83,True,False,True,False,success,,5,0.6496399999999567,epsilon_greedy,,180544,,,,,,,0.7810795907738591
1846,1845,,,-8.0,100,False,False,False,True,cutoff,,4,0.6494499999999567,epsilon_greedy,,180644,,,,,,,1.401534511403082
1847,1846,,,17.5,70,True,False,True,False,success,,5,0.6492599999999566,epsilon_greedy,,180714,,,,,,,0.39443384237657325
1848,1847,,,-8.0,100,False,False,False,True,cutoff,,4,0.6490699999999566,epsilon_greedy,,180814,,,,,,,0.9975239590521972
1849,1848,,,3.0,99,True,False,True,False,success,,5,0.6488799999999566,epsilon_greedy,,180913,,,,,,,0.6423660099576387
1850,1849,,,7.0,91,True,False,True,False,success,,5,0.6486899999999566,epsilon_greedy,,181004,,,,,,,0.3201890603609907
1851,1850,,,7.5,90,True,False,True,False,success,,5,0.6484999999999566,epsilon_greedy,,181094,,,,,,,0.3960152761283674
1852,1851,,,-8.0,100,False,False,False,True,cutoff,,4,0.6483099999999565,epsilon_greedy,,181194,,,,,,,0.46179805050560213
1853,1852,,,-8.0,100,False,False,False,True,cutoff,,4,0.6481199999999565,epsilon_greedy,,181294,,,,,,,0.681274847689225
1854,1853,,,7.5,90,True,False,True,False,success,,5,0.6479299999999565,epsilon_greedy,,181384,,,,,,,0.5425526547857171
1855,1854,,,-8.0,100,False,False,False,True,cutoff,,4,0.6477399999999565,epsilon_greedy,,181484,,,,,,,0.593025890788397
1856,1855,,,-8.0,100,False,False,False,True,cutoff,,4,0.6475499999999564,epsilon_greedy,,181584,,,,,,,0.4938038357614747
1857,1856,,,5.0,95,True,False,True,False,success,,5,0.6473599999999564,epsilon_greedy,,181679,,,,,,,0.5851552049937351
1858,1857,,,21.0,63,True,False,True,False,success,,5,0.6471699999999564,epsilon_greedy,,181742,,,,,,,0.9518830797001198
1859,1858,,,-18.5,100,False,False,False,True,cutoff,,3,0.6469799999999564,epsilon_greedy,,181842,,,,,,,0.9735645692005535
1860,1859,,,-18.5,100,False,False,False,True,cutoff,,3,0.6467899999999563,epsilon_greedy,,181942,,,,,,,1.2374177382039742
1861,1860,,,-8.0,100,False,False,False,True,cutoff,,4,0.6465999999999563,epsilon_greedy,,182042,,,,,,,0.41708358984480043
1862,1861,,,7.0,91,True,False,True,False,success,,5,0.6464099999999563,epsilon_greedy,,182133,,,,,,,0.555233549772324
1863,1862,,,14.0,77,True,False,True,False,success,,5,0.6462199999999563,epsilon_greedy,,182210,,,,,,,0.36153338199607576
1864,1863,,,24.5,56,True,False,True,False,success,,5,0.6460299999999563,epsilon_greedy,,182266,,,,,,,0.13209141358529192
1865,1864,,,-8.0,100,False,False,False,True,cutoff,,4,0.6458399999999562,epsilon_greedy,,182366,,,,,,,0.579302310259632
1866,1865,,,-18.5,100,False,False,False,True,cutoff,,3,0.6456499999999562,epsilon_greedy,,182466,,,,,,,0.9228922394890702
1867,1866,,,4.5,96,True,False,True,False,success,,5,0.6454599999999562,epsilon_greedy,,182562,,,,,,,0.14001826532508457
1868,1867,,,-8.0,100,False,False,False,True,cutoff,,4,0.6452699999999562,epsilon_greedy,,182662,,,,,,,0.5627881277139282
1869,1868,,,13.5,78,True,False,True,False,success,,5,0.6450799999999561,epsilon_greedy,,182740,,,,,,,0.7243108084886413
1870,1869,,,-18.5,100,False,False,False,True,cutoff,,3,0.6448899999999561,epsilon_greedy,,182840,,,,,,,0.6881209362145166
1871,1870,,,3.5,98,True,False,True,False,success,,5,0.6446999999999561,epsilon_greedy,,182938,,,,,,,0.6175392281828767
1872,1871,,,3.0,99,True,False,True,False,success,,5,0.6445099999999561,epsilon_greedy,,183037,,,,,,,0.5346713196976652
1873,1872,,,15.5,74,True,False,True,False,success,,5,0.644319999999956,epsilon_greedy,,183111,,,,,,,0.4861931004463058
1874,1873,,,-8.0,100,False,False,False,True,cutoff,,4,0.644129999999956,epsilon_greedy,,183211,,,,,,,0.3450617956281162
1875,1874,,,-8.0,100,False,False,False,True,cutoff,,4,0.643939999999956,epsilon_greedy,,183311,,,,,,,0.3806487909062934
1876,1875,,,15.5,74,True,False,True,False,success,,5,0.643749999999956,epsilon_greedy,,183385,,,,,,,0.9691169804662823
1877,1876,,,-18.5,100,False,False,False,True,cutoff,,3,0.643559999999956,epsilon_greedy,,183485,,,,,,,1.0109900611893734
1878,1877,,,-8.0,100,False,False,False,True,cutoff,,4,0.6433699999999559,epsilon_greedy,,183585,,,,,,,1.0736559097134464
1879,1878,,,13.5,78,True,False,True,False,success,,5,0.6431799999999559,epsilon_greedy,,183663,,,,,,,0.396827580602682
1880,1879,,,9.0,87,True,False,True,False,success,,5,0.6429899999999559,epsilon_greedy,,183750,,,,,,,0.5334202156167175
1881,1880,,,3.0,99,True,False,True,False,success,,5,0.6427999999999559,epsilon_greedy,,183849,,,,,,,0.4178305895786331
1882,1881,,,6.0,93,True,False,True,False,success,,5,0.6426099999999558,epsilon_greedy,,183942,,,,,,,0.377134045398256
1883,1882,,,9.5,86,True,False,True,False,success,,5,0.6424199999999558,epsilon_greedy,,184028,,,,,,,1.1011145392398327
1884,1883,,,12.5,80,True,False,True,False,success,,5,0.6422299999999558,epsilon_greedy,,184108,,,,,,,0.618147496815613
1885,1884,,,-8.0,100,False,False,False,True,cutoff,,4,0.6420399999999558,epsilon_greedy,,184208,,,,,,,1.0430922118660708
1886,1885,,,-18.5,100,False,False,False,True,cutoff,,3,0.6418499999999557,epsilon_greedy,,184308,,,,,,,0.5993784373635731
1887,1886,,,-8.0,100,False,False,False,True,cutoff,,4,0.6416599999999557,epsilon_greedy,,184408,,,,,,,0.21672830752245356
1888,1887,,,-29.0,100,False,False,False,True,cutoff,,2,0.6414699999999557,epsilon_greedy,,184508,,,,,,,0.8040952144152784
1889,1888,,,14.0,77,True,False,True,False,success,,5,0.6412799999999557,epsilon_greedy,,184585,,,,,,,0.5969472905374483
1890,1889,,,15.5,74,True,False,True,False,success,,5,0.6410899999999556,epsilon_greedy,,184659,,,,,,,0.40036154621300146
1891,1890,,,-18.5,100,False,False,False,True,cutoff,,3,0.6408999999999556,epsilon_greedy,,184759,,,,,,,1.219797671210152
1892,1891,,,-8.0,100,False,False,False,True,cutoff,,4,0.6407099999999556,epsilon_greedy,,184859,,,,,,,0.6169670868807968
1893,1892,,,7.0,91,True,False,True,False,success,,5,0.6405199999999556,epsilon_greedy,,184950,,,,,,,0.45429859612363604
1894,1893,,,11.0,83,True,False,True,False,success,,5,0.6403299999999555,epsilon_greedy,,185033,,,,,,,0.3876991192691967
1895,1894,,,11.0,83,True,False,True,False,success,,5,0.6401399999999555,epsilon_greedy,,185116,,,,,,,0.20600845651204727
1896,1895,,,7.5,90,True,False,True,False,success,,5,0.6399499999999555,epsilon_greedy,,185206,,,,,,,0.26560420425290704
1897,1896,,,2.5,100,True,False,True,False,success,,5,0.6397599999999555,epsilon_greedy,,185306,,,,,,,0.2671843902397515
1898,1897,,,-8.0,100,False,False,False,True,cutoff,,4,0.6395699999999555,epsilon_greedy,,185406,,,,,,,0.6766455987834716
1899,1898,,,-8.0,100,False,False,False,True,cutoff,,4,0.6393799999999554,epsilon_greedy,,185506,,,,,,,0.5708696943593181
1900,1899,,,19.0,67,True,False,True,False,success,,5,0.6391899999999554,epsilon_greedy,,185573,,,,,,,0.2671972199820755
1901,1900,,,3.0,99,True,False,True,False,success,,5,0.6389999999999554,epsilon_greedy,,185672,,,,,,,0.5170528810639456
1902,1901,,,13.5,78,True,False,True,False,success,,5,0.6388099999999554,epsilon_greedy,,185750,,,,,,,0.7496629236045365
1903,1902,,,-8.0,100,False,False,False,True,cutoff,,4,0.6386199999999553,epsilon_greedy,,185850,,,,,,,0.7580714399199441
1904,1903,,,-18.5,100,False,False,False,True,cutoff,,3,0.6384299999999553,epsilon_greedy,,185950,,,,,,,1.255166869411259
1905,1904,,,25.0,55,True,False,True,False,success,,5,0.6382399999999553,epsilon_greedy,,186005,,,,,,,0.2235628334560362
1906,1905,,,-18.5,100,False,False,False,True,cutoff,,3,0.6380499999999553,epsilon_greedy,,186105,,,,,,,0.6049267128950165
1907,1906,,,-8.0,100,False,False,False,True,cutoff,,4,0.6378599999999552,epsilon_greedy,,186205,,,,,,,0.42453241495298755
1908,1907,,,7.5,90,True,False,True,False,success,,5,0.6376699999999552,epsilon_greedy,,186295,,,,,,,0.8442603043207281
1909,1908,,,20.0,65,True,False,True,False,success,,5,0.6374799999999552,epsilon_greedy,,186360,,,,,,,0.4621826834174805
1910,1909,,,-18.5,100,False,False,False,True,cutoff,,3,0.6372899999999552,epsilon_greedy,,186460,,,,,,,0.602820907157988
1911,1910,,,-18.5,100,False,False,False,True,cutoff,,3,0.6370999999999551,epsilon_greedy,,186560,,,,,,,1.017690779500964
1912,1911,,,2.5,100,True,False,True,False,success,,5,0.6369099999999551,epsilon_greedy,,186660,,,,,,,0.4312393705806713
1913,1912,,,17.0,71,True,False,True,False,success,,5,0.6367199999999551,epsilon_greedy,,186731,,,,,,,0.3151610789478731
1914,1913,,,18.5,68,True,False,True,False,success,,5,0.6365299999999551,epsilon_greedy,,186799,,,,,,,0.22675839233578246
1915,1914,,,29.0,47,True,False,True,False,success,,5,0.636339999999955,epsilon_greedy,,186846,,,,,,,0.06889283311817702
1916,1915,,,-8.0,100,False,False,False,True,cutoff,,4,0.636149999999955,epsilon_greedy,,186946,,,,,,,0.7034725067195141
1917,1916,,,16.0,73,True,False,True,False,success,,5,0.635959999999955,epsilon_greedy,,187019,,,,,,,0.30810306883373945
1918,1917,,,7.0,91,True,False,True,False,success,,5,0.635769999999955,epsilon_greedy,,187110,,,,,,,0.3399007222403034
1919,1918,,,-8.0,100,False,False,False,True,cutoff,,4,0.635579999999955,epsilon_greedy,,187210,,,,,,,0.7489887768470268
1920,1919,,,-8.0,100,False,False,False,True,cutoff,,4,0.6353899999999549,epsilon_greedy,,187310,,,,,,,0.23428602828450223
1921,1920,,,-18.5,100,False,False,False,True,cutoff,,3,0.6351999999999549,epsilon_greedy,,187410,,,,,,,0.5387440744377132
1922,1921,,,13.0,79,True,False,True,False,success,,5,0.6350099999999549,epsilon_greedy,,187489,,,,,,,0.21032395169439613
1923,1922,,,16.0,73,True,False,True,False,success,,5,0.6348199999999549,epsilon_greedy,,187562,,,,,,,0.8059744462602852
1924,1923,,,16.5,72,True,False,True,False,success,,5,0.6346299999999548,epsilon_greedy,,187634,,,,,,,0.2685981620268214
1925,1924,,,3.0,99,True,False,True,False,success,,5,0.6344399999999548,epsilon_greedy,,187733,,,,,,,0.4702229546527012
1926,1925,,,3.0,99,True,False,True,False,success,,5,0.6342499999999548,epsilon_greedy,,187832,,,,,,,0.39584220714081825
1927,1926,,,10.5,84,True,False,True,False,success,,5,0.6340599999999548,epsilon_greedy,,187916,,,,,,,0.5469280912677651
1928,1927,,,12.5,80,True,False,True,False,success,,5,0.6338699999999547,epsilon_greedy,,187996,,,,,,,0.10873269294275238
1929,1928,,,14.5,76,True,False,True,False,success,,5,0.6336799999999547,epsilon_greedy,,188072,,,,,,,0.3246337511213524
1930,1929,,,24.5,56,True,False,True,False,success,,5,0.6334899999999547,epsilon_greedy,,188128,,,,,,,0.09368436661761499
1931,1930,,,-8.0,100,False,False,False,True,cutoff,,4,0.6332999999999547,epsilon_greedy,,188228,,,,,,,0.7796684706645793
1932,1931,,,10.5,84,True,False,True,False,success,,5,0.6331099999999547,epsilon_greedy,,188312,,,,,,,0.38846462308118423
1933,1932,,,12.0,81,True,False,True,False,success,,5,0.6329199999999546,epsilon_greedy,,188393,,,,,,,0.6907800991436097
1934,1933,,,6.0,93,True,False,True,False,success,,5,0.6327299999999546,epsilon_greedy,,188486,,,,,,,0.5532177471181915
1935,1934,,,-8.0,100,False,False,False,True,cutoff,,4,0.6325399999999546,epsilon_greedy,,188586,,,,,,,0.46668717776198243
1936,1935,,,19.0,67,True,False,True,False,success,,5,0.6323499999999546,epsilon_greedy,,188653,,,,,,,0.17665330658354295
1937,1936,,,-18.5,100,False,False,False,True,cutoff,,3,0.6321599999999545,epsilon_greedy,,188753,,,,,,,0.5531225484729092
1938,1937,,,2.5,100,True,False,True,False,success,,5,0.6319699999999545,epsilon_greedy,,188853,,,,,,,0.4587062640021863
1939,1938,,,21.5,62,True,False,True,False,success,,5,0.6317799999999545,epsilon_greedy,,188915,,,,,,,0.1829190598688275
1940,1939,,,-29.0,100,False,False,False,True,cutoff,,2,0.6315899999999545,epsilon_greedy,,189015,,,,,,,0.7047320442674146
1941,1940,,,12.0,81,True,False,True,False,success,,5,0.6313999999999544,epsilon_greedy,,189096,,,,,,,0.9947800442531384
1942,1941,,,23.5,58,True,False,True,False,success,,5,0.6312099999999544,epsilon_greedy,,189154,,,,,,,0.1573421311490335
1943,1942,,,23.5,58,True,False,True,False,success,,5,0.6310199999999544,epsilon_greedy,,189212,,,,,,,0.044295357589400716
1944,1943,,,18.5,68,True,False,True,False,success,,5,0.6308299999999544,epsilon_greedy,,189280,,,,,,,0.5763370587510447
1945,1944,,,-8.0,100,False,False,False,True,cutoff,,4,0.6306399999999543,epsilon_greedy,,189380,,,,,,,0.33344705969865657
1946,1945,,,-8.0,100,False,False,False,True,cutoff,,4,0.6304499999999543,epsilon_greedy,,189480,,,,,,,1.1058891386303114
1947,1946,,,-8.0,100,False,False,False,True,cutoff,,4,0.6302599999999543,epsilon_greedy,,189580,,,,,,,0.5387177919835238
1948,1947,,,9.0,87,True,False,True,False,success,,5,0.6300699999999543,epsilon_greedy,,189667,,,,,,,0.4685479651316765
1949,1948,,,6.5,92,True,False,True,False,success,,5,0.6298799999999543,epsilon_greedy,,189759,,,,,,,0.6580016588900129
1950,1949,,,6.5,92,True,False,True,False,success,,5,0.6296899999999542,epsilon_greedy,,189851,,,,,,,0.08263193626843766
1951,1950,,,-8.0,100,False,False,False,True,cutoff,,4,0.6294999999999542,epsilon_greedy,,189951,,,,,,,0.7263839307047074
1952,1951,,,10.0,85,True,False,True,False,success,,5,0.6293099999999542,epsilon_greedy,,190036,,,,,,,0.6510643804421308
1953,1952,,,-8.0,100,False,False,False,True,cutoff,,4,0.6291199999999542,epsilon_greedy,,190136,,,,,,,0.3480945805452603
1954,1953,,,-8.0,100,False,False,False,True,cutoff,,4,0.6289299999999541,epsilon_greedy,,190236,,,,,,,0.5663040479077932
1955,1954,,,8.5,88,True,False,True,False,success,,5,0.6287399999999541,epsilon_greedy,,190324,,,,,,,0.45793050282824516
1956,1955,,,-18.5,100,False,False,False,True,cutoff,,3,0.6285499999999541,epsilon_greedy,,190424,,,,,,,0.7020020491907456
1957,1956,,,-18.5,100,False,False,False,True,cutoff,,3,0.6283599999999541,epsilon_greedy,,190524,,,,,,,0.29018028346676483
1958,1957,,,2.5,100,True,False,True,False,success,,5,0.628169999999954,epsilon_greedy,,190624,,,,,,,0.6594149516190049
1959,1958,,,11.0,83,True,False,True,False,success,,5,0.627979999999954,epsilon_greedy,,190707,,,,,,,0.5182121192900693
1960,1959,,,22.5,60,True,False,True,False,success,,5,0.627789999999954,epsilon_greedy,,190767,,,,,,,0.1723109234372682
1961,1960,,,-8.0,100,False,False,False,True,cutoff,,4,0.627599999999954,epsilon_greedy,,190867,,,,,,,0.10953469612408735
1962,1961,,,-8.0,100,False,False,False,True,cutoff,,4,0.627409999999954,epsilon_greedy,,190967,,,,,,,0.25500009508675936
1963,1962,,,-8.0,100,False,False,False,True,cutoff,,4,0.6272199999999539,epsilon_greedy,,191067,,,,,,,1.1506961184458895
1964,1963,,,19.5,66,True,False,True,False,success,,5,0.6270299999999539,epsilon_greedy,,191133,,,,,,,0.49522442251207677
1965,1964,,,-8.0,100,False,False,False,True,cutoff,,4,0.6268399999999539,epsilon_greedy,,191233,,,,,,,0.38518155775550084
1966,1965,,,-8.0,100,False,False,False,True,cutoff,,4,0.6266499999999539,epsilon_greedy,,191333,,,,,,,0.6276232812738414
1967,1966,,,24.5,56,True,False,True,False,success,,5,0.6264599999999538,epsilon_greedy,,191389,,,,,,,0.13615050300992268
1968,1967,,,-8.0,100,False,False,False,True,cutoff,,4,0.6262699999999538,epsilon_greedy,,191489,,,,,,,0.23685402686228862
1969,1968,,,6.5,92,True,False,True,False,success,,5,0.6260799999999538,epsilon_greedy,,191581,,,,,,,0.3881524483288844
1970,1969,,,2.5,100,True,False,True,False,success,,5,0.6258899999999538,epsilon_greedy,,191681,,,,,,,0.09769262128929747
1971,1970,,,18.5,68,True,False,True,False,success,,5,0.6256999999999537,epsilon_greedy,,191749,,,,,,,0.21895589635046284
1972,1971,,,10.5,84,True,False,True,False,success,,5,0.6255099999999537,epsilon_greedy,,191833,,,,,,,0.20693469174437173
1973,1972,,,3.5,98,True,False,True,False,success,,5,0.6253199999999537,epsilon_greedy,,191931,,,,,,,0.38500277417196055
1974,1973,,,5.0,95,True,False,True,False,success,,5,0.6251299999999537,epsilon_greedy,,192026,,,,,,,0.38357718934679125
1975,1974,,,7.0,91,True,False,True,False,success,,5,0.6249399999999536,epsilon_greedy,,192117,,,,,,,0.5825120367494425
1976,1975,,,-29.0,100,False,False,False,True,cutoff,,2,0.6247499999999536,epsilon_greedy,,192217,,,,,,,0.5671737734390537
1977,1976,,,19.5,66,True,False,True,False,success,,5,0.6245599999999536,epsilon_greedy,,192283,,,,,,,0.24733419624328737
1978,1977,,,4.0,97,True,False,True,False,success,,5,0.6243699999999536,epsilon_greedy,,192380,,,,,,,0.25028064685394497
1979,1978,,,-8.0,100,False,False,False,True,cutoff,,4,0.6241799999999535,epsilon_greedy,,192480,,,,,,,0.43805692132479074
1980,1979,,,4.0,97,True,False,True,False,success,,5,0.6239899999999535,epsilon_greedy,,192577,,,,,,,0.27689912987505294
1981,1980,,,29.5,46,True,False,True,False,success,,5,0.6237999999999535,epsilon_greedy,,192623,,,,,,,0.07861315328261351
1982,1981,,,6.5,92,True,False,True,False,success,,5,0.6236099999999535,epsilon_greedy,,192715,,,,,,,0.38872345737338915
1983,1982,,,-8.0,100,False,False,False,True,cutoff,,4,0.6234199999999535,epsilon_greedy,,192815,,,,,,,0.28389160692990756
1984,1983,,,25.0,55,True,False,True,False,success,,5,0.6232299999999534,epsilon_greedy,,192870,,,,,,,0.07065414529298261
1985,1984,,,-8.0,100,False,False,False,True,cutoff,,4,0.6230399999999534,epsilon_greedy,,192970,,,,,,,1.265655226195445
1986,1985,,,-8.0,100,False,False,False,True,cutoff,,4,0.6228499999999534,epsilon_greedy,,193070,,,,,,,0.5460969746200854
1987,1986,,,-8.0,100,False,False,False,True,cutoff,,4,0.6226599999999534,epsilon_greedy,,193170,,,,,,,0.6060787688886308
1988,1987,,,-8.0,100,False,False,False,True,cutoff,,4,0.6224699999999533,epsilon_greedy,,193270,,,,,,,0.21378027323135207
1989,1988,,,20.5,64,True,False,True,False,success,,5,0.6222799999999533,epsilon_greedy,,193334,,,,,,,0.18820782485787815
1990,1989,,,24.0,57,True,False,True,False,success,,5,0.6220899999999533,epsilon_greedy,,193391,,,,,,,0.07119238428977352
1991,1990,,,18.0,69,True,False,True,False,success,,5,0.6218999999999533,epsilon_greedy,,193460,,,,,,,0.2801543280250292
1992,1991,,,16.5,72,True,False,True,False,success,,5,0.6217099999999532,epsilon_greedy,,193532,,,,,,,0.3688890273385908
1993,1992,,,21.5,62,True,False,True,False,success,,5,0.6215199999999532,epsilon_greedy,,193594,,,,,,,0.12059283697633091
1994,1993,,,-29.0,100,False,False,False,True,cutoff,,2,0.6213299999999532,epsilon_greedy,,193694,,,,,,,0.4670275623136597
1995,1994,,,-8.0,100,False,False,False,True,cutoff,,4,0.6211399999999532,epsilon_greedy,,193794,,,,,,,0.3885478310596022
1996,1995,,,12.5,80,True,False,True,False,success,,5,0.6209499999999532,epsilon_greedy,,193874,,,,,,,1.1111159938006245
1997,1996,,,-8.0,100,False,False,False,True,cutoff,,4,0.6207599999999531,epsilon_greedy,,193974,,,,,,,0.4606076873739722
1998,1997,,,-8.0,100,False,False,False,True,cutoff,,4,0.6205699999999531,epsilon_greedy,,194074,,,,,,,1.0353463326342724
1999,1998,,,9.5,86,True,False,True,False,success,,5,0.6203799999999531,epsilon_greedy,,194160,,,,,,,0.6641759477340158
2000,1999,,,8.0,89,True,False,True,False,success,,5,0.6201899999999531,epsilon_greedy,,194249,,,,,,,0.28291155075700686
2001,2000,,,9.0,87,True,False,True,False,success,,5,0.619999999999953,epsilon_greedy,,194336,,,,,,,0.36150163411344705
2002,2001,,,-8.0,100,False,False,False,True,cutoff,,4,0.619809999999953,epsilon_greedy,,194436,,,,,,,0.7203700421502763
2003,2002,,,-18.5,100,False,False,False,True,cutoff,,3,0.619619999999953,epsilon_greedy,,194536,,,,,,,0.8499946864252185
2004,2003,,,7.5,90,True,False,True,False,success,,5,0.619429999999953,epsilon_greedy,,194626,,,,,,,0.32447664807848225
2005,2004,,,13.0,79,True,False,True,False,success,,5,0.6192399999999529,epsilon_greedy,,194705,,,,,,,0.18927711560438581
2006,2005,,,18.0,69,True,False,True,False,success,,5,0.6190499999999529,epsilon_greedy,,194774,,,,,,,0.20494964424933687
2007,2006,,,24.5,56,True,False,True,False,success,,5,0.6188599999999529,epsilon_greedy,,194830,,,,,,,0.13598127736611235
2008,2007,,,15.5,74,True,False,True,False,success,,5,0.6186699999999529,epsilon_greedy,,194904,,,,,,,0.7994320955767217
2009,2008,,,10.0,85,True,False,True,False,success,,5,0.6184799999999528,epsilon_greedy,,194989,,,,,,,0.444758799648178
2010,2009,,,-18.5,100,False,False,False,True,cutoff,,3,0.6182899999999528,epsilon_greedy,,195089,,,,,,,0.7839789433640185
2011,2010,,,24.0,57,True,False,True,False,success,,5,0.6180999999999528,epsilon_greedy,,195146,,,,,,,0.5275574575576545
2012,2011,,,29.0,47,True,False,True,False,success,,5,0.6179099999999528,epsilon_greedy,,195193,,,,,,,0.09514869905884407
2013,2012,,,16.0,73,True,False,True,False,success,,5,0.6177199999999528,epsilon_greedy,,195266,,,,,,,0.4686872659430179
2014,2013,,,-8.0,100,False,False,False,True,cutoff,,4,0.6175299999999527,epsilon_greedy,,195366,,,,,,,0.6389935723053292
2015,2014,,,11.5,82,True,False,True,False,success,,5,0.6173399999999527,epsilon_greedy,,195448,,,,,,,0.29676891919454396
2016,2015,,,10.5,84,True,False,True,False,success,,5,0.6171499999999527,epsilon_greedy,,195532,,,,,,,0.24636077827427652
2017,2016,,,24.5,56,True,False,True,False,success,,5,0.6169599999999527,epsilon_greedy,,195588,,,,,,,0.12229532259023547
2018,2017,,,-8.0,100,False,False,False,True,cutoff,,4,0.6167699999999526,epsilon_greedy,,195688,,,,,,,0.2303123436430741
2019,2018,,,-8.0,100,False,False,False,True,cutoff,,4,0.6165799999999526,epsilon_greedy,,195788,,,,,,,0.6662385216167149
2020,2019,,,22.0,61,True,False,True,False,success,,5,0.6163899999999526,epsilon_greedy,,195849,,,,,,,0.031153036743036967
2021,2020,,,14.0,77,True,False,True,False,success,,5,0.6161999999999526,epsilon_greedy,,195926,,,,,,,0.2781227761162992
2022,2021,,,8.5,88,True,False,True,False,success,,5,0.6160099999999525,epsilon_greedy,,196014,,,,,,,0.41570569492411363
2023,2022,,,17.5,70,True,False,True,False,success,,5,0.6158199999999525,epsilon_greedy,,196084,,,,,,,0.10612854191303882
2024,2023,,,-8.0,100,False,False,False,True,cutoff,,4,0.6156299999999525,epsilon_greedy,,196184,,,,,,,0.27806071123635534
2025,2024,,,19.0,67,True,False,True,False,success,,5,0.6154399999999525,epsilon_greedy,,196251,,,,,,,0.06759262046825709
2026,2025,,,-8.0,100,False,False,False,True,cutoff,,4,0.6152499999999524,epsilon_greedy,,196351,,,,,,,0.19463039592356426
2027,2026,,,15.5,74,True,False,True,False,success,,5,0.6150599999999524,epsilon_greedy,,196425,,,,,,,0.11178287039190571
2028,2027,,,22.0,61,True,False,True,False,success,,5,0.6148699999999524,epsilon_greedy,,196486,,,,,,,0.32125953744253966
2029,2028,,,18.5,68,True,False,True,False,success,,5,0.6146799999999524,epsilon_greedy,,196554,,,,,,,0.6686289357466954
2030,2029,,,-8.0,100,False,False,False,True,cutoff,,4,0.6144899999999524,epsilon_greedy,,196654,,,,,,,0.955369850998212
2031,2030,,,-29.0,100,False,False,False,True,cutoff,,2,0.6142999999999523,epsilon_greedy,,196754,,,,,,,0.8344680796512732
2032,2031,,,-8.0,100,False,False,False,True,cutoff,,4,0.6141099999999523,epsilon_greedy,,196854,,,,,,,0.07130736620331782
2033,2032,,,-8.0,100,False,False,False,True,cutoff,,4,0.6139199999999523,epsilon_greedy,,196954,,,,,,,0.4970762844807625
2034,2033,,,15.0,75,True,False,True,False,success,,5,0.6137299999999523,epsilon_greedy,,197029,,,,,,,0.43644061420913016
2035,2034,,,3.0,99,True,False,True,False,success,,5,0.6135399999999522,epsilon_greedy,,197128,,,,,,,0.4470373077653744
2036,2035,,,11.5,82,True,False,True,False,success,,5,0.6133499999999522,epsilon_greedy,,197210,,,,,,,0.5019407729860582
2037,2036,,,25.5,54,True,False,True,False,success,,5,0.6131599999999522,epsilon_greedy,,197264,,,,,,,0.0701904634561341
2038,2037,,,2.5,100,True,False,True,False,success,,5,0.6129699999999522,epsilon_greedy,,197364,,,,,,,0.3043725055383102
2039,2038,,,20.5,64,True,False,True,False,success,,5,0.6127799999999521,epsilon_greedy,,197428,,,,,,,0.04324151191050393
2040,2039,,,18.5,68,True,False,True,False,success,,5,0.6125899999999521,epsilon_greedy,,197496,,,,,,,0.5430485067264939
2041,2040,,,-8.0,100,False,False,False,True,cutoff,,4,0.6123999999999521,epsilon_greedy,,197596,,,,,,,0.38193257739309866
2042,2041,,,-18.5,100,False,False,False,True,cutoff,,3,0.6122099999999521,epsilon_greedy,,197696,,,,,,,1.1530880224091011
2043,2042,,,23.0,59,True,False,True,False,success,,5,0.612019999999952,epsilon_greedy,,197755,,,,,,,0.14208781600972442
2044,2043,,,15.5,74,True,False,True,False,success,,5,0.611829999999952,epsilon_greedy,,197829,,,,,,,0.14006136540058908
2045,2044,,,3.5,98,True,False,True,False,success,,5,0.611639999999952,epsilon_greedy,,197927,,,,,,,0.17792874334029965
2046,2045,,,-8.0,100,False,False,False,True,cutoff,,4,0.611449999999952,epsilon_greedy,,198027,,,,,,,0.3600606743712762
2047,2046,,,11.0,83,True,False,True,False,success,,5,0.611259999999952,epsilon_greedy,,198110,,,,,,,0.425543630588906
2048,2047,,,21.0,63,True,False,True,False,success,,5,0.6110699999999519,epsilon_greedy,,198173,,,,,,,0.021092608600316663
2049,2048,,,17.0,71,True,False,True,False,success,,5,0.6108799999999519,epsilon_greedy,,198244,,,,,,,0.17648332001920836
2050,2049,,,18.0,69,True,False,True,False,success,,5,0.6106899999999519,epsilon_greedy,,198313,,,,,,,0.05564055783446416
2051,2050,,,21.0,63,True,False,True,False,success,,5,0.6104999999999519,epsilon_greedy,,198376,,,,,,,0.427851548327498
2052,2051,,,-8.0,100,False,False,False,True,cutoff,,4,0.6103099999999518,epsilon_greedy,,198476,,,,,,,0.12075307895880734
2053,2052,,,24.0,57,True,False,True,False,success,,5,0.6101199999999518,epsilon_greedy,,198533,,,,,,,0.06282209609086405
2054,2053,,,4.0,97,True,False,True,False,success,,5,0.6099299999999518,epsilon_greedy,,198630,,,,,,,0.32201239547469845
2055,2054,,,2.5,100,True,False,True,False,success,,5,0.6097399999999518,epsilon_greedy,,198730,,,,,,,0.19789117801882977
2056,2055,,,-8.0,100,False,False,False,True,cutoff,,4,0.6095499999999517,epsilon_greedy,,198830,,,,,,,0.14387554409349262
2057,2056,,,-8.0,100,False,False,False,True,cutoff,,4,0.6093599999999517,epsilon_greedy,,198930,,,,,,,0.5300183600474285
2058,2057,,,13.5,78,True,False,True,False,success,,5,0.6091699999999517,epsilon_greedy,,199008,,,,,,,0.4597355547962222
2059,2058,,,13.5,78,True,False,True,False,success,,5,0.6089799999999517,epsilon_greedy,,199086,,,,,,,0.06897170303513014
2060,2059,,,7.0,91,True,False,True,False,success,,5,0.6087899999999516,epsilon_greedy,,199177,,,,,,,0.32064556266556815
2061,2060,,,31.5,42,True,False,True,False,success,,5,0.6085999999999516,epsilon_greedy,,199219,,,,,,,0.07315381558460612
2062,2061,,,-18.5,100,False,False,False,True,cutoff,,3,0.6084099999999516,epsilon_greedy,,199319,,,,,,,0.9484438436969421
2063,2062,,,-8.0,100,False,False,False,True,cutoff,,4,0.6082199999999516,epsilon_greedy,,199419,,,,,,,1.6094626535976777
2064,2063,,,17.0,71,True,False,True,False,success,,5,0.6080299999999516,epsilon_greedy,,199490,,,,,,,0.16823642415878656
2065,2064,,,-8.0,100,False,False,False,True,cutoff,,4,0.6078399999999515,epsilon_greedy,,199590,,,,,,,0.3499759703053404
2066,2065,,,8.0,89,True,False,True,False,success,,5,0.6076499999999515,epsilon_greedy,,199679,,,,,,,0.266657858471316
2067,2066,,,7.0,91,True,False,True,False,success,,5,0.6074599999999515,epsilon_greedy,,199770,,,,,,,0.5286236638106215
2068,2067,,,8.5,88,True,False,True,False,success,,5,0.6072699999999515,epsilon_greedy,,199858,,,,,,,0.2396053539624129
2069,2068,,,19.0,67,True,False,True,False,success,,5,0.6070799999999514,epsilon_greedy,,199925,,,,,,,0.11190971093286288
2070,2069,,,33.5,38,True,False,True,False,success,,5,0.6068899999999514,epsilon_greedy,,199963,,,,,,,0.017573621171840224
2071,2070,,,4.5,96,True,False,True,False,success,,5,0.6066999999999514,epsilon_greedy,,200059,,,,,,,0.22493586490189912
2072,2071,,,15.5,74,True,False,True,False,success,,5,0.6065099999999514,epsilon_greedy,,200133,,,,,,,0.34142478122080583
2073,2072,,,32.0,41,True,False,True,False,success,,5,0.6063199999999513,epsilon_greedy,,200174,,,,,,,0.002452835407615114
2074,2073,,,-8.0,100,False,False,False,True,cutoff,,4,0.6061299999999513,epsilon_greedy,,200274,,,,,,,0.8309932165412226
2075,2074,,,4.5,96,True,False,True,False,success,,5,0.6059399999999513,epsilon_greedy,,200370,,,,,,,0.10035908524010227
2076,2075,,,8.0,89,True,False,True,False,success,,5,0.6057499999999513,epsilon_greedy,,200459,,,,,,,0.20866208928845562
2077,2076,,,12.5,80,True,False,True,False,success,,5,0.6055599999999512,epsilon_greedy,,200539,,,,,,,0.06218755924043155
2078,2077,,,12.0,81,True,False,True,False,success,,5,0.6053699999999512,epsilon_greedy,,200620,,,,,,,0.07898602996941213
2079,2078,,,-8.0,100,False,False,False,True,cutoff,,4,0.6051799999999512,epsilon_greedy,,200720,,,,,,,0.8721931951246964
2080,2079,,,17.5,70,True,False,True,False,success,,5,0.6049899999999512,epsilon_greedy,,200790,,,,,,,0.40265731984240233
2081,2080,,,4.0,97,True,False,True,False,success,,5,0.6047999999999512,epsilon_greedy,,200887,,,,,,,0.5572925830374731
2082,2081,,,24.5,56,True,False,True,False,success,,5,0.6046099999999511,epsilon_greedy,,200943,,,,,,,0.01930588027272769
2083,2082,,,8.5,88,True,False,True,False,success,,5,0.6044199999999511,epsilon_greedy,,201031,,,,,,,0.53060220369823
2084,2083,,,-8.0,100,False,False,False,True,cutoff,,4,0.6042299999999511,epsilon_greedy,,201131,,,,,,,0.3520290362502197
2085,2084,,,12.5,80,True,False,True,False,success,,5,0.6040399999999511,epsilon_greedy,,201211,,,,,,,0.1580018212273911
2086,2085,,,13.0,79,True,False,True,False,success,,5,0.603849999999951,epsilon_greedy,,201290,,,,,,,0.09140283376362268
2087,2086,,,-8.0,100,False,False,False,True,cutoff,,4,0.603659999999951,epsilon_greedy,,201390,,,,,,,0.6268172363755905
2088,2087,,,10.0,85,True,False,True,False,success,,5,0.603469999999951,epsilon_greedy,,201475,,,,,,,0.26988675894088604
2089,2088,,,5.0,95,True,False,True,False,success,,5,0.603279999999951,epsilon_greedy,,201570,,,,,,,0.16572425703397073
2090,2089,,,24.5,56,True,False,True,False,success,,5,0.6030899999999509,epsilon_greedy,,201626,,,,,,,0.07706860316520678
2091,2090,,,-18.5,100,False,False,False,True,cutoff,,3,0.6028999999999509,epsilon_greedy,,201726,,,,,,,0.6342368877244344
2092,2091,,,16.0,73,True,False,True,False,success,,5,0.6027099999999509,epsilon_greedy,,201799,,,,,,,0.7233804199299726
2093,2092,,,-18.5,100,False,False,False,True,cutoff,,3,0.6025199999999509,epsilon_greedy,,201899,,,,,,,1.0117236104513525
2094,2093,,,4.0,97,True,False,True,False,success,,5,0.6023299999999508,epsilon_greedy,,201996,,,,,,,0.3224051620121593
2095,2094,,,19.5,66,True,False,True,False,success,,5,0.6021399999999508,epsilon_greedy,,202062,,,,,,,0.1431682829945788
2096,2095,,,-8.0,100,False,False,False,True,cutoff,,4,0.6019499999999508,epsilon_greedy,,202162,,,,,,,0.12483056187092197
2097,2096,,,30.0,45,True,False,True,False,success,,5,0.6017599999999508,epsilon_greedy,,202207,,,,,,,0.09703570476100692
2098,2097,,,27.0,51,True,False,True,False,success,,5,0.6015699999999508,epsilon_greedy,,202258,,,,,,,0.0016980541802120806
2099,2098,,,-8.0,100,False,False,False,True,cutoff,,4,0.6013799999999507,epsilon_greedy,,202358,,,,,,,0.39286494976230324
2100,2099,,,-8.0,100,False,False,False,True,cutoff,,4,0.6011899999999507,epsilon_greedy,,202458,,,,,,,0.373152530992939
2101,2100,,,6.0,93,True,False,True,False,success,,5,0.6009999999999507,epsilon_greedy,,202551,,,,,,,0.15715432274192798
2102,2101,,,-8.0,100,False,False,False,True,cutoff,,4,0.6008099999999507,epsilon_greedy,,202651,,,,,,,0.07345357358461926
2103,2102,,,14.0,77,True,False,True,False,success,,5,0.6006199999999506,epsilon_greedy,,202728,,,,,,,0.15999563842702078
2104,2103,,,19.0,67,True,False,True,False,success,,5,0.6004299999999506,epsilon_greedy,,202795,,,,,,,0.12285934886473292
2105,2104,,,-8.0,100,False,False,False,True,cutoff,,4,0.6002399999999506,epsilon_greedy,,202895,,,,,,,0.7980341861228994
2106,2105,,,18.5,68,True,False,True,False,success,,5,0.6000499999999506,epsilon_greedy,,202963,,,,,,,0.02725773255517637
2107,2106,,,-18.5,100,False,False,False,True,cutoff,,3,0.5998599999999505,epsilon_greedy,,203063,,,,,,,0.6896656204769337
2108,2107,,,-8.0,100,False,False,False,True,cutoff,,4,0.5996699999999505,epsilon_greedy,,203163,,,,,,,0.11810500475852237
2109,2108,,,22.0,61,True,False,True,False,success,,5,0.5994799999999505,epsilon_greedy,,203224,,,,,,,0.06874910283996752
2110,2109,,,17.5,70,True,False,True,False,success,,5,0.5992899999999505,epsilon_greedy,,203294,,,,,,,0.10198992374204721
2111,2110,,,18.5,68,True,False,True,False,success,,5,0.5990999999999504,epsilon_greedy,,203362,,,,,,,0.05702359875345372
2112,2111,,,19.0,67,True,False,True,False,success,,5,0.5989099999999504,epsilon_greedy,,203429,,,,,,,0.16797870051479
2113,2112,,,7.5,90,True,False,True,False,success,,5,0.5987199999999504,epsilon_greedy,,203519,,,,,,,0.24079973487861686
2114,2113,,,-29.0,100,False,False,False,True,cutoff,,2,0.5985299999999504,epsilon_greedy,,203619,,,,,,,1.2677706051016415
2115,2114,,,15.5,74,True,False,True,False,success,,5,0.5983399999999504,epsilon_greedy,,203693,,,,,,,0.2280242857181846
2116,2115,,,21.0,63,True,False,True,False,success,,5,0.5981499999999503,epsilon_greedy,,203756,,,,,,,0.050499664149169184
2117,2116,,,17.0,71,True,False,True,False,success,,5,0.5979599999999503,epsilon_greedy,,203827,,,,,,,0.17620790785616297
2118,2117,,,3.5,98,True,False,True,False,success,,5,0.5977699999999503,epsilon_greedy,,203925,,,,,,,0.10513266601796357
2119,2118,,,2.5,100,True,False,True,False,success,,5,0.5975799999999503,epsilon_greedy,,204025,,,,,,,0.3593006780291193
2120,2119,,,3.5,98,True,False,True,False,success,,5,0.5973899999999502,epsilon_greedy,,204123,,,,,,,0.15627781665370966
2121,2120,,,24.0,57,True,False,True,False,success,,5,0.5971999999999502,epsilon_greedy,,204180,,,,,,,0.3132878842968093
2122,2121,,,25.5,54,True,False,True,False,success,,5,0.5970099999999502,epsilon_greedy,,204234,,,,,,,0.03969943473167161
2123,2122,,,14.0,77,True,False,True,False,success,,5,0.5968199999999502,epsilon_greedy,,204311,,,,,,,0.2818489571143759
2124,2123,,,18.5,68,True,False,True,False,success,,5,0.5966299999999501,epsilon_greedy,,204379,,,,,,,0.046734408210335
2125,2124,,,-18.5,100,False,False,False,True,cutoff,,3,0.5964399999999501,epsilon_greedy,,204479,,,,,,,0.44407992682166436
2126,2125,,,7.0,91,True,False,True,False,success,,5,0.5962499999999501,epsilon_greedy,,204570,,,,,,,0.21029570418954519
2127,2126,,,8.5,88,True,False,True,False,success,,5,0.5960599999999501,epsilon_greedy,,204658,,,,,,,0.3579406698576406
2128,2127,,,6.0,93,True,False,True,False,success,,5,0.59586999999995,epsilon_greedy,,204751,,,,,,,0.38622135089111775
2129,2128,,,11.5,82,True,False,True,False,success,,5,0.59567999999995,epsilon_greedy,,204833,,,,,,,0.5136456384702622
2130,2129,,,11.5,82,True,False,True,False,success,,5,0.59548999999995,epsilon_greedy,,204915,,,,,,,0.1465628534097659
2131,2130,,,11.5,82,True,False,True,False,success,,5,0.59529999999995,epsilon_greedy,,204997,,,,,,,0.026437374936077795
2132,2131,,,-8.0,100,False,False,False,True,cutoff,,4,0.59510999999995,epsilon_greedy,,205097,,,,,,,1.0508083768643142
2133,2132,,,-8.0,100,False,False,False,True,cutoff,,4,0.5949199999999499,epsilon_greedy,,205197,,,,,,,0.3307762206922479
2134,2133,,,21.5,62,True,False,True,False,success,,5,0.5947299999999499,epsilon_greedy,,205259,,,,,,,0.4332242530388643
2135,2134,,,18.5,68,True,False,True,False,success,,5,0.5945399999999499,epsilon_greedy,,205327,,,,,,,0.06677561356862392
2136,2135,,,7.0,91,True,False,True,False,success,,5,0.5943499999999499,epsilon_greedy,,205418,,,,,,,0.2059516873967789
2137,2136,,,10.0,85,True,False,True,False,success,,5,0.5941599999999498,epsilon_greedy,,205503,,,,,,,0.25280682267416554
2138,2137,,,7.0,91,True,False,True,False,success,,5,0.5939699999999498,epsilon_greedy,,205594,,,,,,,0.1660850761393022
2139,2138,,,21.5,62,True,False,True,False,success,,5,0.5937799999999498,epsilon_greedy,,205656,,,,,,,0.06652297681204475
2140,2139,,,6.0,93,True,False,True,False,success,,5,0.5935899999999498,epsilon_greedy,,205749,,,,,,,0.19881595660012719
2141,2140,,,-18.5,100,False,False,False,True,cutoff,,3,0.5933999999999497,epsilon_greedy,,205849,,,,,,,0.6427670393771634
2142,2141,,,18.0,69,True,False,True,False,success,,5,0.5932099999999497,epsilon_greedy,,205918,,,,,,,0.0944760324412256
2143,2142,,,-8.0,100,False,False,False,True,cutoff,,4,0.5930199999999497,epsilon_greedy,,206018,,,,,,,0.3227797006735258
2144,2143,,,2.5,100,True,False,True,False,success,,5,0.5928299999999497,epsilon_greedy,,206118,,,,,,,0.04457917206884358
2145,2144,,,14.5,76,True,False,True,False,success,,5,0.5926399999999497,epsilon_greedy,,206194,,,,,,,0.2226632915805736
2146,2145,,,22.5,60,True,False,True,False,success,,5,0.5924499999999496,epsilon_greedy,,206254,,,,,,,0.2542995285576428
2147,2146,,,20.5,64,True,False,True,False,success,,5,0.5922599999999496,epsilon_greedy,,206318,,,,,,,0.2235453590209284
2148,2147,,,21.0,63,True,False,True,False,success,,5,0.5920699999999496,epsilon_greedy,,206381,,,,,,,0.09044836021991465
2149,2148,,,25.5,54,True,False,True,False,success,,5,0.5918799999999496,epsilon_greedy,,206435,,,,,,,0.030131641977486027
2150,2149,,,8.0,89,True,False,True,False,success,,5,0.5916899999999495,epsilon_greedy,,206524,,,,,,,0.0783150854002385
2151,2150,,,-18.5,100,False,False,False,True,cutoff,,3,0.5914999999999495,epsilon_greedy,,206624,,,,,,,0.7605944027638185
2152,2151,,,-8.0,100,False,False,False,True,cutoff,,4,0.5913099999999495,epsilon_greedy,,206724,,,,,,,0.38469163593769856
2153,2152,,,22.0,61,True,False,True,False,success,,5,0.5911199999999495,epsilon_greedy,,206785,,,,,,,0.13885615631061443
2154,2153,,,-8.0,100,False,False,False,True,cutoff,,4,0.5909299999999494,epsilon_greedy,,206885,,,,,,,0.5280827085154441
2155,2154,,,-8.0,100,False,False,False,True,cutoff,,4,0.5907399999999494,epsilon_greedy,,206985,,,,,,,0.3711813473350107
2156,2155,,,17.5,70,True,False,True,False,success,,5,0.5905499999999494,epsilon_greedy,,207055,,,,,,,0.07572993220389297
2157,2156,,,12.0,81,True,False,True,False,success,,5,0.5903599999999494,epsilon_greedy,,207136,,,,,,,1.2331892713470989
2158,2157,,,14.0,77,True,False,True,False,success,,5,0.5901699999999493,epsilon_greedy,,207213,,,,,,,0.1829489934750573
2159,2158,,,11.5,82,True,False,True,False,success,,5,0.5899799999999493,epsilon_greedy,,207295,,,,,,,0.7038379545748793
2160,2159,,,9.5,86,True,False,True,False,success,,5,0.5897899999999493,epsilon_greedy,,207381,,,,,,,0.10658672271842883
2161,2160,,,6.5,92,True,False,True,False,success,,5,0.5895999999999493,epsilon_greedy,,207473,,,,,,,0.519128480770557
2162,2161,,,12.5,80,True,False,True,False,success,,5,0.5894099999999493,epsilon_greedy,,207553,,,,,,,0.09440411621250794
2163,2162,,,19.5,66,True,False,True,False,success,,5,0.5892199999999492,epsilon_greedy,,207619,,,,,,,0.2715555044072687
2164,2163,,,5.5,94,True,False,True,False,success,,5,0.5890299999999492,epsilon_greedy,,207713,,,,,,,0.2950436354549915
2165,2164,,,18.0,69,True,False,True,False,success,,5,0.5888399999999492,epsilon_greedy,,207782,,,,,,,0.13632217149125925
2166,2165,,,11.0,83,True,False,True,False,success,,5,0.5886499999999492,epsilon_greedy,,207865,,,,,,,0.21237411766828979
2167,2166,,,-8.0,100,False,False,False,True,cutoff,,4,0.5884599999999491,epsilon_greedy,,207965,,,,,,,0.6438265149718362
2168,2167,,,12.0,81,True,False,True,False,success,,5,0.5882699999999491,epsilon_greedy,,208046,,,,,,,0.23092395348254066
2169,2168,,,4.5,96,True,False,True,False,success,,5,0.5880799999999491,epsilon_greedy,,208142,,,,,,,0.17970999459533932
2170,2169,,,24.0,57,True,False,True,False,success,,5,0.5878899999999491,epsilon_greedy,,208199,,,,,,,0.4002124001423328
2171,2170,,,-8.0,100,False,False,False,True,cutoff,,4,0.587699999999949,epsilon_greedy,,208299,,,,,,,0.29563213201242894
2172,2171,,,-8.0,100,False,False,False,True,cutoff,,4,0.587509999999949,epsilon_greedy,,208399,,,,,,,0.3174828548257732
2173,2172,,,4.0,97,True,False,True,False,success,,5,0.587319999999949,epsilon_greedy,,208496,,,,,,,0.15887032838791434
2174,2173,,,20.5,64,True,False,True,False,success,,5,0.587129999999949,epsilon_greedy,,208560,,,,,,,0.16590247695993965
2175,2174,,,-8.0,100,False,False,False,True,cutoff,,4,0.586939999999949,epsilon_greedy,,208660,,,,,,,0.8303392681412863
2176,2175,,,8.5,88,True,False,True,False,success,,5,0.5867499999999489,epsilon_greedy,,208748,,,,,,,0.09101988256687644
2177,2176,,,17.0,71,True,False,True,False,success,,5,0.5865599999999489,epsilon_greedy,,208819,,,,,,,0.1136069409989521
2178,2177,,,-8.0,100,False,False,False,True,cutoff,,4,0.5863699999999489,epsilon_greedy,,208919,,,,,,,0.09932734994239618
2179,2178,,,-8.0,100,False,False,False,True,cutoff,,4,0.5861799999999489,epsilon_greedy,,209019,,,,,,,0.09277279322791619
2180,2179,,,-8.0,100,False,False,False,True,cutoff,,4,0.5859899999999488,epsilon_greedy,,209119,,,,,,,0.14877144809105006
2181,2180,,,4.0,97,True,False,True,False,success,,5,0.5857999999999488,epsilon_greedy,,209216,,,,,,,0.09320609904237578
2182,2181,,,18.5,68,True,False,True,False,success,,5,0.5856099999999488,epsilon_greedy,,209284,,,,,,,0.04481948151620719
2183,2182,,,16.0,73,True,False,True,False,success,,5,0.5854199999999488,epsilon_greedy,,209357,,,,,,,0.10224532458020204
2184,2183,,,-8.0,100,False,False,False,True,cutoff,,4,0.5852299999999487,epsilon_greedy,,209457,,,,,,,0.55160362517271
2185,2184,,,-18.5,100,False,False,False,True,cutoff,,3,0.5850399999999487,epsilon_greedy,,209557,,,,,,,0.23750425708247014
2186,2185,,,6.5,92,True,False,True,False,success,,5,0.5848499999999487,epsilon_greedy,,209649,,,,,,,0.12367617183491125
2187,2186,,,4.5,96,True,False,True,False,success,,5,0.5846599999999487,epsilon_greedy,,209745,,,,,,,0.12657984355327573
2188,2187,,,16.5,72,True,False,True,False,success,,5,0.5844699999999486,epsilon_greedy,,209817,,,,,,,0.1687094132141082
2189,2188,,,26.5,52,True,False,True,False,success,,5,0.5842799999999486,epsilon_greedy,,209869,,,,,,,0.02216212748532028
2190,2189,,,20.5,64,True,False,True,False,success,,5,0.5840899999999486,epsilon_greedy,,209933,,,,,,,0.07436281892836816
2191,2190,,,-8.0,100,False,False,False,True,cutoff,,4,0.5838999999999486,epsilon_greedy,,210033,,,,,,,1.0975304529280003
2192,2191,,,10.5,84,True,False,True,False,success,,5,0.5837099999999485,epsilon_greedy,,210117,,,,,,,0.570070920742577
2193,2192,,,6.5,92,True,False,True,False,success,,5,0.5835199999999485,epsilon_greedy,,210209,,,,,,,0.11971503998710237
2194,2193,,,19.5,66,True,False,True,False,success,,5,0.5833299999999485,epsilon_greedy,,210275,,,,,,,0.007669438187708643
2195,2194,,,24.0,57,True,False,True,False,success,,5,0.5831399999999485,epsilon_greedy,,210332,,,,,,,0.0040536528649024305
2196,2195,,,24.0,57,True,False,True,False,success,,5,0.5829499999999485,epsilon_greedy,,210389,,,,,,,0.16840755987096356
2197,2196,,,24.0,57,True,False,True,False,success,,5,0.5827599999999484,epsilon_greedy,,210446,,,,,,,0.04659202349272068
2198,2197,,,13.5,78,True,False,True,False,success,,5,0.5825699999999484,epsilon_greedy,,210524,,,,,,,0.4334885048606897
2199,2198,,,17.0,71,True,False,True,False,success,,5,0.5823799999999484,epsilon_greedy,,210595,,,,,,,0.125861625569987
2200,2199,,,6.0,93,True,False,True,False,success,,5,0.5821899999999484,epsilon_greedy,,210688,,,,,,,0.23763791639884613
2201,2200,,,-8.0,100,False,False,False,True,cutoff,,4,0.5819999999999483,epsilon_greedy,,210788,,,,,,,0.27606079554937446
2202,2201,,,24.0,57,True,False,True,False,success,,5,0.5818099999999483,epsilon_greedy,,210845,,,,,,,0.02482316295278175
2203,2202,,,-8.0,100,False,False,False,True,cutoff,,4,0.5816199999999483,epsilon_greedy,,210945,,,,,,,0.10607851941006065
2204,2203,,,22.0,61,True,False,True,False,success,,5,0.5814299999999483,epsilon_greedy,,211006,,,,,,,0.10448835207959933
2205,2204,,,29.0,47,True,False,True,False,success,,5,0.5812399999999482,epsilon_greedy,,211053,,,,,,,0.006098412994689491
2206,2205,,,32.0,41,True,False,True,False,success,,5,0.5810499999999482,epsilon_greedy,,211094,,,,,,,0.07505270657013713
2207,2206,,,22.0,61,True,False,True,False,success,,5,0.5808599999999482,epsilon_greedy,,211155,,,,,,,0.08513965046964206
2208,2207,,,15.5,74,True,False,True,False,success,,5,0.5806699999999482,epsilon_greedy,,211229,,,,,,,0.24302230031925207
2209,2208,,,-8.0,100,False,False,False,True,cutoff,,4,0.5804799999999481,epsilon_greedy,,211329,,,,,,,0.31152113227351014
2210,2209,,,28.0,49,True,False,True,False,success,,5,0.5802899999999481,epsilon_greedy,,211378,,,,,,,0.3666080643302322
2211,2210,,,7.0,91,True,False,True,False,success,,5,0.5800999999999481,epsilon_greedy,,211469,,,,,,,0.06978870347208278
2212,2211,,,20.0,65,True,False,True,False,success,,5,0.5799099999999481,epsilon_greedy,,211534,,,,,,,0.09687907181378458
2213,2212,,,-8.0,100,False,False,False,True,cutoff,,4,0.579719999999948,epsilon_greedy,,211634,,,,,,,0.11073014873989596
2214,2213,,,7.0,91,True,False,True,False,success,,5,0.579529999999948,epsilon_greedy,,211725,,,,,,,0.4324010863852502
2215,2214,,,-18.5,100,False,False,False,True,cutoff,,3,0.579339999999948,epsilon_greedy,,211825,,,,,,,0.7381914207130876
2216,2215,,,15.0,75,True,False,True,False,success,,5,0.579149999999948,epsilon_greedy,,211900,,,,,,,0.07747447860171812
2217,2216,,,-8.0,100,False,False,False,True,cutoff,,4,0.578959999999948,epsilon_greedy,,212000,,,,,,,0.797934528366106
2218,2217,,,18.5,68,True,False,True,False,success,,5,0.5787699999999479,epsilon_greedy,,212068,,,,,,,0.07520465342718712
2219,2218,,,26.5,52,True,False,True,False,success,,5,0.5785799999999479,epsilon_greedy,,212120,,,,,,,0.027076216038531095
2220,2219,,,-8.0,100,False,False,False,True,cutoff,,4,0.5783899999999479,epsilon_greedy,,212220,,,,,,,0.2642490874378834
2221,2220,,,7.0,91,True,False,True,False,success,,5,0.5781999999999479,epsilon_greedy,,212311,,,,,,,0.43697229822131234
2222,2221,,,27.5,50,True,False,True,False,success,,5,0.5780099999999478,epsilon_greedy,,212361,,,,,,,0.0015778774265971674
2223,2222,,,-8.0,100,False,False,False,True,cutoff,,4,0.5778199999999478,epsilon_greedy,,212461,,,,,,,0.20072538552782931
2224,2223,,,3.0,99,True,False,True,False,success,,5,0.5776299999999478,epsilon_greedy,,212560,,,,,,,0.23524376369027325
2225,2224,,,13.0,79,True,False,True,False,success,,5,0.5774399999999478,epsilon_greedy,,212639,,,,,,,0.30827446252733126
2226,2225,,,7.5,90,True,False,True,False,success,,5,0.5772499999999477,epsilon_greedy,,212729,,,,,,,0.19731743334651072
2227,2226,,,23.5,58,True,False,True,False,success,,5,0.5770599999999477,epsilon_greedy,,212787,,,,,,,0.011315559503387623
2228,2227,,,22.5,60,True,False,True,False,success,,5,0.5768699999999477,epsilon_greedy,,212847,,,,,,,0.12243335327182096
2229,2228,,,13.0,79,True,False,True,False,success,,5,0.5766799999999477,epsilon_greedy,,212926,,,,,,,0.09137775851677057
2230,2229,,,21.0,63,True,False,True,False,success,,5,0.5764899999999477,epsilon_greedy,,212989,,,,,,,0.03741662780415004
2231,2230,,,16.0,73,True,False,True,False,success,,5,0.5762999999999476,epsilon_greedy,,213062,,,,,,,0.17400682364185593
2232,2231,,,26.0,53,True,False,True,False,success,,5,0.5761099999999476,epsilon_greedy,,213115,,,,,,,0.0025061596037672736
2233,2232,,,19.0,67,True,False,True,False,success,,5,0.5759199999999476,epsilon_greedy,,213182,,,,,,,0.03131877150191571
2234,2233,,,24.0,57,True,False,True,False,success,,5,0.5757299999999476,epsilon_greedy,,213239,,,,,,,0.19103885182899413
2235,2234,,,21.0,63,True,False,True,False,success,,5,0.5755399999999475,epsilon_greedy,,213302,,,,,,,0.27656345986822495
2236,2235,,,-8.0,100,False,False,False,True,cutoff,,4,0.5753499999999475,epsilon_greedy,,213402,,,,,,,0.26285132240837816
2237,2236,,,22.0,61,True,False,True,False,success,,5,0.5751599999999475,epsilon_greedy,,213463,,,,,,,0.15112489217763952
2238,2237,,,11.5,82,True,False,True,False,success,,5,0.5749699999999475,epsilon_greedy,,213545,,,,,,,0.25868425638862536
2239,2238,,,31.0,43,True,False,True,False,success,,5,0.5747799999999474,epsilon_greedy,,213588,,,,,,,0.5560768447219139
2240,2239,,,7.5,90,True,False,True,False,success,,5,0.5745899999999474,epsilon_greedy,,213678,,,,,,,0.2495591874164071
2241,2240,,,21.0,63,True,False,True,False,success,,5,0.5743999999999474,epsilon_greedy,,213741,,,,,,,0.16494591520401597
2242,2241,,,18.5,68,True,False,True,False,success,,5,0.5742099999999474,epsilon_greedy,,213809,,,,,,,0.19320738590803027
2243,2242,,,12.5,80,True,False,True,False,success,,5,0.5740199999999474,epsilon_greedy,,213889,,,,,,,0.08014402005977066
2244,2243,,,24.5,56,True,False,True,False,success,,5,0.5738299999999473,epsilon_greedy,,213945,,,,,,,0.02404477961031249
2245,2244,,,23.0,59,True,False,True,False,success,,5,0.5736399999999473,epsilon_greedy,,214004,,,,,,,0.1683674175837483
2246,2245,,,10.5,84,True,False,True,False,success,,5,0.5734499999999473,epsilon_greedy,,214088,,,,,,,0.09176033536894901
2247,2246,,,26.5,52,True,False,True,False,success,,5,0.5732599999999473,epsilon_greedy,,214140,,,,,,,0.0007421933871496306
2248,2247,,,3.5,98,True,False,True,False,success,,5,0.5730699999999472,epsilon_greedy,,214238,,,,,,,0.27345963100453285
2249,2248,,,24.5,56,True,False,True,False,success,,5,0.5728799999999472,epsilon_greedy,,214294,,,,,,,0.10754440294780399
2250,2249,,,13.5,78,True,False,True,False,success,,5,0.5726899999999472,epsilon_greedy,,214372,,,,,,,0.2437397458839362
2251,2250,,,19.0,67,True,False,True,False,success,,5,0.5724999999999472,epsilon_greedy,,214439,,,,,,,0.32292077329040697
2252,2251,,,20.0,65,True,False,True,False,success,,5,0.5723099999999471,epsilon_greedy,,214504,,,,,,,0.07325139094696344
2253,2252,,,16.0,73,True,False,True,False,success,,5,0.5721199999999471,epsilon_greedy,,214577,,,,,,,0.04727133382248969
2254,2253,,,-8.0,100,False,False,False,True,cutoff,,4,0.5719299999999471,epsilon_greedy,,214677,,,,,,,0.8906714158420571
2255,2254,,,9.5,86,True,False,True,False,success,,5,0.5717399999999471,epsilon_greedy,,214763,,,,,,,0.21804389443447852
2256,2255,,,33.0,39,True,False,True,False,success,,5,0.571549999999947,epsilon_greedy,,214802,,,,,,,0.055014319450910815
2257,2256,,,10.0,85,True,False,True,False,success,,5,0.571359999999947,epsilon_greedy,,214887,,,,,,,0.022076251375910298
2258,2257,,,22.5,60,True,False,True,False,success,,5,0.571169999999947,epsilon_greedy,,214947,,,,,,,0.06624894508812833
2259,2258,,,14.5,76,True,False,True,False,success,,5,0.570979999999947,epsilon_greedy,,215023,,,,,,,0.21314562255703304
2260,2259,,,-8.0,100,False,False,False,True,cutoff,,4,0.570789999999947,epsilon_greedy,,215123,,,,,,,0.3079981190718695
2261,2260,,,6.0,93,True,False,True,False,success,,5,0.5705999999999469,epsilon_greedy,,215216,,,,,,,0.12166581181462968
2262,2261,,,2.5,100,True,False,True,False,success,,5,0.5704099999999469,epsilon_greedy,,215316,,,,,,,0.23985496407596726
2263,2262,,,22.5,60,True,False,True,False,success,,5,0.5702199999999469,epsilon_greedy,,215376,,,,,,,0.013703977271159263
2264,2263,,,-18.5,100,False,False,False,True,cutoff,,3,0.5700299999999469,epsilon_greedy,,215476,,,,,,,0.7252708268840474
2265,2264,,,10.0,85,True,False,True,False,success,,5,0.5698399999999468,epsilon_greedy,,215561,,,,,,,1.3524541540806037
2266,2265,,,11.0,83,True,False,True,False,success,,5,0.5696499999999468,epsilon_greedy,,215644,,,,,,,0.19592657442151273
2267,2266,,,19.0,67,True,False,True,False,success,,5,0.5694599999999468,epsilon_greedy,,215711,,,,,,,0.05128345169179756
2268,2267,,,19.0,67,True,False,True,False,success,,5,0.5692699999999468,epsilon_greedy,,215778,,,,,,,0.009458394051351933
2269,2268,,,-8.0,100,False,False,False,True,cutoff,,4,0.5690799999999467,epsilon_greedy,,215878,,,,,,,0.9053841762222414
2270,2269,,,26.5,52,True,False,True,False,success,,5,0.5688899999999467,epsilon_greedy,,215930,,,,,,,4.71609998539722e-05
2271,2270,,,-8.0,100,False,False,False,True,cutoff,,4,0.5686999999999467,epsilon_greedy,,216030,,,,,,,0.16675344382294013
2272,2271,,,-8.0,100,False,False,False,True,cutoff,,4,0.5685099999999467,epsilon_greedy,,216130,,,,,,,0.249443899094492
2273,2272,,,23.0,59,True,False,True,False,success,,5,0.5683199999999466,epsilon_greedy,,216189,,,,,,,0.020057606711739666
2274,2273,,,10.5,84,True,False,True,False,success,,5,0.5681299999999466,epsilon_greedy,,216273,,,,,,,0.8201359062156978
2275,2274,,,13.0,79,True,False,True,False,success,,5,0.5679399999999466,epsilon_greedy,,216352,,,,,,,0.02709233022036778
2276,2275,,,8.5,88,True,False,True,False,success,,5,0.5677499999999466,epsilon_greedy,,216440,,,,,,,0.14569740951361332
2277,2276,,,-8.0,100,False,False,False,True,cutoff,,4,0.5675599999999466,epsilon_greedy,,216540,,,,,,,0.40396133666296374
2278,2277,,,7.0,91,True,False,True,False,success,,5,0.5673699999999465,epsilon_greedy,,216631,,,,,,,0.26569226507744775
2279,2278,,,-8.0,100,False,False,False,True,cutoff,,4,0.5671799999999465,epsilon_greedy,,216731,,,,,,,0.4084999041837791
2280,2279,,,-8.0,100,False,False,False,True,cutoff,,4,0.5669899999999465,epsilon_greedy,,216831,,,,,,,0.6090434139024012
2281,2280,,,17.5,70,True,False,True,False,success,,5,0.5667999999999465,epsilon_greedy,,216901,,,,,,,0.0788556458783865
2282,2281,,,25.0,55,True,False,True,False,success,,5,0.5666099999999464,epsilon_greedy,,216956,,,,,,,0.0004806464854997795
2283,2282,,,5.0,95,True,False,True,False,success,,5,0.5664199999999464,epsilon_greedy,,217051,,,,,,,0.06075551132146933
2284,2283,,,11.0,83,True,False,True,False,success,,5,0.5662299999999464,epsilon_greedy,,217134,,,,,,,0.3050309703011711
2285,2284,,,23.5,58,True,False,True,False,success,,5,0.5660399999999464,epsilon_greedy,,217192,,,,,,,0.9033088953091609
2286,2285,,,15.0,75,True,False,True,False,success,,5,0.5658499999999463,epsilon_greedy,,217267,,,,,,,0.1389451207293054
2287,2286,,,7.0,91,True,False,True,False,success,,5,0.5656599999999463,epsilon_greedy,,217358,,,,,,,0.2257639865748116
2288,2287,,,17.0,71,True,False,True,False,success,,5,0.5654699999999463,epsilon_greedy,,217429,,,,,,,0.45438884634559207
2289,2288,,,6.5,92,True,False,True,False,success,,5,0.5652799999999463,epsilon_greedy,,217521,,,,,,,0.856365819762933
2290,2289,,,8.0,89,True,False,True,False,success,,5,0.5650899999999462,epsilon_greedy,,217610,,,,,,,0.029864632666498067
2291,2290,,,14.5,76,True,False,True,False,success,,5,0.5648999999999462,epsilon_greedy,,217686,,,,,,,0.06150812814696407
2292,2291,,,28.0,49,True,False,True,False,success,,5,0.5647099999999462,epsilon_greedy,,217735,,,,,,,0.06910015898025637
2293,2292,,,3.0,99,True,False,True,False,success,,5,0.5645199999999462,epsilon_greedy,,217834,,,,,,,0.22716406708416148
2294,2293,,,15.0,75,True,False,True,False,success,,5,0.5643299999999462,epsilon_greedy,,217909,,,,,,,0.0908942614764675
2295,2294,,,13.5,78,True,False,True,False,success,,5,0.5641399999999461,epsilon_greedy,,217987,,,,,,,0.06141760936637578
2296,2295,,,13.0,79,True,False,True,False,success,,5,0.5639499999999461,epsilon_greedy,,218066,,,,,,,0.2125429011382911
2297,2296,,,21.0,63,True,False,True,False,success,,5,0.5637599999999461,epsilon_greedy,,218129,,,,,,,0.05715316699738612
2298,2297,,,10.0,85,True,False,True,False,success,,5,0.5635699999999461,epsilon_greedy,,218214,,,,,,,0.16501306182888872
2299,2298,,,16.0,73,True,False,True,False,success,,5,0.563379999999946,epsilon_greedy,,218287,,,,,,,0.16084015790914744
2300,2299,,,19.5,66,True,False,True,False,success,,5,0.563189999999946,epsilon_greedy,,218353,,,,,,,0.2730481549186279
2301,2300,,,21.0,63,True,False,True,False,success,,5,0.562999999999946,epsilon_greedy,,218416,,,,,,,0.33470367519777877
2302,2301,,,14.5,76,True,False,True,False,success,,5,0.562809999999946,epsilon_greedy,,218492,,,,,,,0.060041752107861335
2303,2302,,,12.5,80,True,False,True,False,success,,5,0.5626199999999459,epsilon_greedy,,218572,,,,,,,0.02329830638710209
2304,2303,,,-8.0,100,False,False,False,True,cutoff,,4,0.5624299999999459,epsilon_greedy,,218672,,,,,,,0.1578296652634298
2305,2304,,,-8.0,100,False,False,False,True,cutoff,,4,0.5622399999999459,epsilon_greedy,,218772,,,,,,,0.1126348385570239
2306,2305,,,31.0,43,True,False,True,False,success,,5,0.5620499999999459,epsilon_greedy,,218815,,,,,,,0.008421695770924581
2307,2306,,,-8.0,100,False,False,False,True,cutoff,,4,0.5618599999999458,epsilon_greedy,,218915,,,,,,,0.10306677787864643
2308,2307,,,24.0,57,True,False,True,False,success,,5,0.5616699999999458,epsilon_greedy,,218972,,,,,,,0.04406579086780217
2309,2308,,,15.0,75,True,False,True,False,success,,5,0.5614799999999458,epsilon_greedy,,219047,,,,,,,0.035097699701286116
2310,2309,,,29.5,46,True,False,True,False,success,,5,0.5612899999999458,epsilon_greedy,,219093,,,,,,,0.022895895288564998
2311,2310,,,27.5,50,True,False,True,False,success,,5,0.5610999999999458,epsilon_greedy,,219143,,,,,,,0.23303664180707986
2312,2311,,,-18.5,100,False,False,False,True,cutoff,,3,0.5609099999999457,epsilon_greedy,,219243,,,,,,,0.6633683491519712
2313,2312,,,-8.0,100,False,False,False,True,cutoff,,4,0.5607199999999457,epsilon_greedy,,219343,,,,,,,0.16569052584541466
2314,2313,,,13.5,78,True,False,True,False,success,,5,0.5605299999999457,epsilon_greedy,,219421,,,,,,,0.04859682204133156
2315,2314,,,25.0,55,True,False,True,False,success,,5,0.5603399999999457,epsilon_greedy,,219476,,,,,,,0.0037243913847098816
2316,2315,,,28.0,49,True,False,True,False,success,,5,0.5601499999999456,epsilon_greedy,,219525,,,,,,,0.02823595572824635
2317,2316,,,14.0,77,True,False,True,False,success,,5,0.5599599999999456,epsilon_greedy,,219602,,,,,,,0.03167305674252392
2318,2317,,,13.0,79,True,False,True,False,success,,5,0.5597699999999456,epsilon_greedy,,219681,,,,,,,0.21532035831665194
2319,2318,,,25.0,55,True,False,True,False,success,,5,0.5595799999999456,epsilon_greedy,,219736,,,,,,,0.0017882234715249593
2320,2319,,,24.5,56,True,False,True,False,success,,5,0.5593899999999455,epsilon_greedy,,219792,,,,,,,0.042085040928613045
2321,2320,,,20.5,64,True,False,True,False,success,,5,0.5591999999999455,epsilon_greedy,,219856,,,,,,,0.02122082245947593
2322,2321,,,8.5,88,True,False,True,False,success,,5,0.5590099999999455,epsilon_greedy,,219944,,,,,,,0.24199313486199045
2323,2322,,,23.0,59,True,False,True,False,success,,5,0.5588199999999455,epsilon_greedy,,220003,,,,,,,0.2496041832269942
2324,2323,,,15.0,75,True,False,True,False,success,,5,0.5586299999999454,epsilon_greedy,,220078,,,,,,,0.14992580273574377
2325,2324,,,24.0,57,True,False,True,False,success,,5,0.5584399999999454,epsilon_greedy,,220135,,,,,,,0.002540726841034516
2326,2325,,,27.0,51,True,False,True,False,success,,5,0.5582499999999454,epsilon_greedy,,220186,,,,,,,0.023760100552649186
2327,2326,,,30.0,45,True,False,True,False,success,,5,0.5580599999999454,epsilon_greedy,,220231,,,,,,,0.08438727723727898
2328,2327,,,28.0,49,True,False,True,False,success,,5,0.5578699999999454,epsilon_greedy,,220280,,,,,,,0.0032239592916276467
2329,2328,,,-8.0,100,False,False,False,True,cutoff,,4,0.5576799999999453,epsilon_greedy,,220380,,,,,,,0.24942713265090155
2330,2329,,,10.0,85,True,False,True,False,success,,5,0.5574899999999453,epsilon_greedy,,220465,,,,,,,0.5862910672164727
2331,2330,,,16.5,72,True,False,True,False,success,,5,0.5572999999999453,epsilon_greedy,,220537,,,,,,,0.534131071724096
2332,2331,,,26.5,52,True,False,True,False,success,,5,0.5571099999999453,epsilon_greedy,,220589,,,,,,,0.09197026757505607
2333,2332,,,31.5,42,True,False,True,False,success,,5,0.5569199999999452,epsilon_greedy,,220631,,,,,,,0.002011101087596945
2334,2333,,,18.5,68,True,False,True,False,success,,5,0.5567299999999452,epsilon_greedy,,220699,,,,,,,0.05714700297865247
2335,2334,,,22.0,61,True,False,True,False,success,,5,0.5565399999999452,epsilon_greedy,,220760,,,,,,,0.007898496166446934
2336,2335,,,29.5,46,True,False,True,False,success,,5,0.5563499999999452,epsilon_greedy,,220806,,,,,,,0.08094780305280361
2337,2336,,,6.0,93,True,False,True,False,success,,5,0.5561599999999451,epsilon_greedy,,220899,,,,,,,0.6057228414586271
2338,2337,,,14.0,77,True,False,True,False,success,,5,0.5559699999999451,epsilon_greedy,,220976,,,,,,,0.2579998849481991
2339,2338,,,17.0,71,True,False,True,False,success,,5,0.5557799999999451,epsilon_greedy,,221047,,,,,,,0.038549260174293914
2340,2339,,,25.0,55,True,False,True,False,success,,5,0.5555899999999451,epsilon_greedy,,221102,,,,,,,0.08211739219916935
2341,2340,,,-18.5,100,False,False,False,True,cutoff,,3,0.555399999999945,epsilon_greedy,,221202,,,,,,,0.544506642235789
2342,2341,,,21.0,63,True,False,True,False,success,,5,0.555209999999945,epsilon_greedy,,221265,,,,,,,0.0792853268011841
2343,2342,,,12.0,81,True,False,True,False,success,,5,0.555019999999945,epsilon_greedy,,221346,,,,,,,0.009908209409893506
2344,2343,,,28.5,48,True,False,True,False,success,,5,0.554829999999945,epsilon_greedy,,221394,,,,,,,0.4841245768791804
2345,2344,,,14.0,77,True,False,True,False,success,,5,0.554639999999945,epsilon_greedy,,221471,,,,,,,0.06623196057525138
2346,2345,,,26.0,53,True,False,True,False,success,,5,0.5544499999999449,epsilon_greedy,,221524,,,,,,,0.03369341517732426
2347,2346,,,14.5,76,True,False,True,False,success,,5,0.5542599999999449,epsilon_greedy,,221600,,,,,,,0.2542742330873815
2348,2347,,,23.0,59,True,False,True,False,success,,5,0.5540699999999449,epsilon_greedy,,221659,,,,,,,0.022146223677498394
2349,2348,,,22.0,61,True,False,True,False,success,,5,0.5538799999999449,epsilon_greedy,,221720,,,,,,,0.1465312528226262
2350,2349,,,16.5,72,True,False,True,False,success,,5,0.5536899999999448,epsilon_greedy,,221792,,,,,,,0.017500456090971235
2351,2350,,,17.5,70,True,False,True,False,success,,5,0.5534999999999448,epsilon_greedy,,221862,,,,,,,0.16765092981144614
2352,2351,,,25.0,55,True,False,True,False,success,,5,0.5533099999999448,epsilon_greedy,,221917,,,,,,,0.009307101498162593
2353,2352,,,13.5,78,True,False,True,False,success,,5,0.5531199999999448,epsilon_greedy,,221995,,,,,,,0.12612802354553998
2354,2353,,,22.5,60,True,False,True,False,success,,5,0.5529299999999447,epsilon_greedy,,222055,,,,,,,0.03879134063188746
2355,2354,,,20.5,64,True,False,True,False,success,,5,0.5527399999999447,epsilon_greedy,,222119,,,,,,,0.0016272778858789916
2356,2355,,,28.0,49,True,False,True,False,success,,5,0.5525499999999447,epsilon_greedy,,222168,,,,,,,0.07205217960670421
2357,2356,,,24.5,56,True,False,True,False,success,,5,0.5523599999999447,epsilon_greedy,,222224,,,,,,,0.004138259247811685
2358,2357,,,12.0,81,True,False,True,False,success,,5,0.5521699999999446,epsilon_greedy,,222305,,,,,,,0.1493155689665056
2359,2358,,,20.0,65,True,False,True,False,success,,5,0.5519799999999446,epsilon_greedy,,222370,,,,,,,0.3647516158023218
2360,2359,,,28.0,49,True,False,True,False,success,,5,0.5517899999999446,epsilon_greedy,,222419,,,,,,,0.06574652186877972
2361,2360,,,24.0,57,True,False,True,False,success,,5,0.5515999999999446,epsilon_greedy,,222476,,,,,,,0.00780915030125863
2362,2361,,,18.0,69,True,False,True,False,success,,5,0.5514099999999446,epsilon_greedy,,222545,,,,,,,0.0008340217735283633
2363,2362,,,24.0,57,True,False,True,False,success,,5,0.5512199999999445,epsilon_greedy,,222602,,,,,,,0.10718081899880798
2364,2363,,,2.5,100,True,False,True,False,success,,5,0.5510299999999445,epsilon_greedy,,222702,,,,,,,0.2056654884063535
2365,2364,,,31.5,42,True,False,True,False,success,,5,0.5508399999999445,epsilon_greedy,,222744,,,,,,,0.04789287686690652
2366,2365,,,24.5,56,True,False,True,False,success,,5,0.5506499999999445,epsilon_greedy,,222800,,,,,,,0.02916181510463665
2367,2366,,,20.5,64,True,False,True,False,success,,5,0.5504599999999444,epsilon_greedy,,222864,,,,,,,0.13117944229414874
2368,2367,,,22.0,61,True,False,True,False,success,,5,0.5502699999999444,epsilon_greedy,,222925,,,,,,,0.4033531790259546
2369,2368,,,24.0,57,True,False,True,False,success,,5,0.5500799999999444,epsilon_greedy,,222982,,,,,,,0.14971807507976012
2370,2369,,,19.5,66,True,False,True,False,success,,5,0.5498899999999444,epsilon_greedy,,223048,,,,,,,0.13767196795349934
2371,2370,,,9.0,87,True,False,True,False,success,,5,0.5496999999999443,epsilon_greedy,,223135,,,,,,,0.28446553203999775
2372,2371,,,31.0,43,True,False,True,False,success,,5,0.5495099999999443,epsilon_greedy,,223178,,,,,,,0.1312443720061112
2373,2372,,,14.0,77,True,False,True,False,success,,5,0.5493199999999443,epsilon_greedy,,223255,,,,,,,0.1689353047337258
2374,2373,,,12.5,80,True,False,True,False,success,,5,0.5491299999999443,epsilon_greedy,,223335,,,,,,,0.529384392401825
2375,2374,,,15.5,74,True,False,True,False,success,,5,0.5489399999999443,epsilon_greedy,,223409,,,,,,,0.07610037048254162
2376,2375,,,20.0,65,True,False,True,False,success,,5,0.5487499999999442,epsilon_greedy,,223474,,,,,,,1.1671172899170035
2377,2376,,,25.0,55,True,False,True,False,success,,5,0.5485599999999442,epsilon_greedy,,223529,,,,,,,0.20329024983958657
2378,2377,,,13.0,79,True,False,True,False,success,,5,0.5483699999999442,epsilon_greedy,,223608,,,,,,,0.1066270670525702
2379,2378,,,12.5,80,True,False,True,False,success,,5,0.5481799999999442,epsilon_greedy,,223688,,,,,,,0.06773301103121135
2380,2379,,,4.5,96,True,False,True,False,success,,5,0.5479899999999441,epsilon_greedy,,223784,,,,,,,0.4532225588821471
2381,2380,,,22.5,60,True,False,True,False,success,,5,0.5477999999999441,epsilon_greedy,,223844,,,,,,,0.2625826443871618
2382,2381,,,28.0,49,True,False,True,False,success,,5,0.5476099999999441,epsilon_greedy,,223893,,,,,,,0.020728085006906264
2383,2382,,,25.5,54,True,False,True,False,success,,5,0.5474199999999441,epsilon_greedy,,223947,,,,,,,2.7750358446545334e-06
2384,2383,,,26.0,53,True,False,True,False,success,,5,0.547229999999944,epsilon_greedy,,224000,,,,,,,0.00039091295831969306
2385,2384,,,24.5,56,True,False,True,False,success,,5,0.547039999999944,epsilon_greedy,,224056,,,,,,,0.006805192847097431
2386,2385,,,25.0,55,True,False,True,False,success,,5,0.546849999999944,epsilon_greedy,,224111,,,,,,,0.021588547176255544
2387,2386,,,23.0,59,True,False,True,False,success,,5,0.546659999999944,epsilon_greedy,,224170,,,,,,,0.379883993564752
2388,2387,,,14.0,77,True,False,True,False,success,,5,0.546469999999944,epsilon_greedy,,224247,,,,,,,0.33325687756078143
2389,2388,,,9.5,86,True,False,True,False,success,,5,0.5462799999999439,epsilon_greedy,,224333,,,,,,,0.08821740532741465
2390,2389,,,2.5,100,True,False,True,False,success,,5,0.5460899999999439,epsilon_greedy,,224433,,,,,,,0.05109407657744545
2391,2390,,,-8.0,100,False,False,False,True,cutoff,,4,0.5458999999999439,epsilon_greedy,,224533,,,,,,,0.7971854212900165
2392,2391,,,12.0,81,True,False,True,False,success,,5,0.5457099999999439,epsilon_greedy,,224614,,,,,,,0.3961470520436645
2393,2392,,,28.5,48,True,False,True,False,success,,5,0.5455199999999438,epsilon_greedy,,224662,,,,,,,0.41514691106823093
2394,2393,,,30.5,44,True,False,True,False,success,,5,0.5453299999999438,epsilon_greedy,,224706,,,,,,,0.016239946380038027
2395,2394,,,-18.5,100,False,False,False,True,cutoff,,3,0.5451399999999438,epsilon_greedy,,224806,,,,,,,0.7392908770416434
2396,2395,,,6.0,93,True,False,True,False,success,,5,0.5449499999999438,epsilon_greedy,,224899,,,,,,,0.15859970825001343
2397,2396,,,20.5,64,True,False,True,False,success,,5,0.5447599999999437,epsilon_greedy,,224963,,,,,,,0.06405629542504043
2398,2397,,,19.0,67,True,False,True,False,success,,5,0.5445699999999437,epsilon_greedy,,225030,,,,,,,0.026335504258231116
2399,2398,,,17.5,70,True,False,True,False,success,,5,0.5443799999999437,epsilon_greedy,,225100,,,,,,,0.16172278539465168
2400,2399,,,9.5,86,True,False,True,False,success,,5,0.5441899999999437,epsilon_greedy,,225186,,,,,,,0.19128067910105823
2401,2400,,,37.0,31,True,False,True,False,success,,5,0.5439999999999436,epsilon_greedy,,225217,,,,,,,0.00013350842106704943
2402,2401,,,15.5,74,True,False,True,False,success,,5,0.5438099999999436,epsilon_greedy,,225291,,,,,,,0.32517284727131485
2403,2402,,,16.5,72,True,False,True,False,success,,5,0.5436199999999436,epsilon_greedy,,225363,,,,,,,0.013586464972616237
2404,2403,,,21.0,63,True,False,True,False,success,,5,0.5434299999999436,epsilon_greedy,,225426,,,,,,,6.176058127906257e-05
2405,2404,,,22.0,61,True,False,True,False,success,,5,0.5432399999999435,epsilon_greedy,,225487,,,,,,,0.1569970169016437
2406,2405,,,28.0,49,True,False,True,False,success,,5,0.5430499999999435,epsilon_greedy,,225536,,,,,,,0.02954685599249786
2407,2406,,,19.0,67,True,False,True,False,success,,5,0.5428599999999435,epsilon_greedy,,225603,,,,,,,0.22147033164813437
2408,2407,,,18.0,69,True,False,True,False,success,,5,0.5426699999999435,epsilon_greedy,,225672,,,,,,,0.3963317101708088
2409,2408,,,18.0,69,True,False,True,False,success,,5,0.5424799999999435,epsilon_greedy,,225741,,,,,,,0.013944825715378367
2410,2409,,,13.0,79,True,False,True,False,success,,5,0.5422899999999434,epsilon_greedy,,225820,,,,,,,0.010962776174146314
2411,2410,,,21.5,62,True,False,True,False,success,,5,0.5420999999999434,epsilon_greedy,,225882,,,,,,,0.14548505367629438
2412,2411,,,9.5,86,True,False,True,False,success,,5,0.5419099999999434,epsilon_greedy,,225968,,,,,,,0.09906312426506605
2413,2412,,,8.5,88,True,False,True,False,success,,5,0.5417199999999434,epsilon_greedy,,226056,,,,,,,0.2176188652390595
2414,2413,,,18.5,68,True,False,True,False,success,,5,0.5415299999999433,epsilon_greedy,,226124,,,,,,,0.06652754555633969
2415,2414,,,20.5,64,True,False,True,False,success,,5,0.5413399999999433,epsilon_greedy,,226188,,,,,,,0.14046191102021482
2416,2415,,,7.5,90,True,False,True,False,success,,5,0.5411499999999433,epsilon_greedy,,226278,,,,,,,0.4089201656366326
2417,2416,,,17.5,70,True,False,True,False,success,,5,0.5409599999999433,epsilon_greedy,,226348,,,,,,,0.38402992608367875
2418,2417,,,15.5,74,True,False,True,False,success,,5,0.5407699999999432,epsilon_greedy,,226422,,,,,,,0.5140315427672969
2419,2418,,,33.0,39,True,False,True,False,success,,5,0.5405799999999432,epsilon_greedy,,226461,,,,,,,0.00211043729857079
2420,2419,,,12.5,80,True,False,True,False,success,,5,0.5403899999999432,epsilon_greedy,,226541,,,,,,,0.007392730154260646
2421,2420,,,21.5,62,True,False,True,False,success,,5,0.5401999999999432,epsilon_greedy,,226603,,,,,,,0.014073837972969976
2422,2421,,,26.0,53,True,False,True,False,success,,5,0.5400099999999431,epsilon_greedy,,226656,,,,,,,0.0023651380512050638
2423,2422,,,21.0,63,True,False,True,False,success,,5,0.5398199999999431,epsilon_greedy,,226719,,,,,,,0.017218058219376043
2424,2423,,,27.0,51,True,False,True,False,success,,5,0.5396299999999431,epsilon_greedy,,226770,,,,,,,0.009242562414370811
2425,2424,,,-8.0,100,False,False,False,True,cutoff,,4,0.5394399999999431,epsilon_greedy,,226870,,,,,,,0.4360991416269201
2426,2425,,,11.0,83,True,False,True,False,success,,5,0.539249999999943,epsilon_greedy,,226953,,,,,,,0.16026720781298673
2427,2426,,,19.5,66,True,False,True,False,success,,5,0.539059999999943,epsilon_greedy,,227019,,,,,,,0.12436394256456668
2428,2427,,,22.0,61,True,False,True,False,success,,5,0.538869999999943,epsilon_greedy,,227080,,,,,,,0.08154453351013692
2429,2428,,,3.5,98,True,False,True,False,success,,5,0.538679999999943,epsilon_greedy,,227178,,,,,,,0.015313107800604743
2430,2429,,,8.0,89,True,False,True,False,success,,5,0.538489999999943,epsilon_greedy,,227267,,,,,,,0.3752763778771794
2431,2430,,,3.5,98,True,False,True,False,success,,5,0.5382999999999429,epsilon_greedy,,227365,,,,,,,0.7406238208837115
2432,2431,,,31.0,43,True,False,True,False,success,,5,0.5381099999999429,epsilon_greedy,,227408,,,,,,,0.0067139591525206535
2433,2432,,,22.0,61,True,False,True,False,success,,5,0.5379199999999429,epsilon_greedy,,227469,,,,,,,0.058374525303244516
2434,2433,,,13.5,78,True,False,True,False,success,,5,0.5377299999999429,epsilon_greedy,,227547,,,,,,,0.020827647288046248
2435,2434,,,17.0,71,True,False,True,False,success,,5,0.5375399999999428,epsilon_greedy,,227618,,,,,,,0.22231582599668237
2436,2435,,,21.0,63,True,False,True,False,success,,5,0.5373499999999428,epsilon_greedy,,227681,,,,,,,0.036743436763940096
2437,2436,,,16.0,73,True,False,True,False,success,,5,0.5371599999999428,epsilon_greedy,,227754,,,,,,,0.2269254453553279
2438,2437,,,24.0,57,True,False,True,False,success,,5,0.5369699999999428,epsilon_greedy,,227811,,,,,,,0.011376905440732209
2439,2438,,,19.5,66,True,False,True,False,success,,5,0.5367799999999427,epsilon_greedy,,227877,,,,,,,0.046223787723627945
2440,2439,,,17.0,71,True,False,True,False,success,,5,0.5365899999999427,epsilon_greedy,,227948,,,,,,,0.017965370329423157
2441,2440,,,19.0,67,True,False,True,False,success,,5,0.5363999999999427,epsilon_greedy,,228015,,,,,,,0.2422289712119902
2442,2441,,,18.0,69,True,False,True,False,success,,5,0.5362099999999427,epsilon_greedy,,228084,,,,,,,0.003947767872410517
2443,2442,,,-8.0,100,False,False,False,True,cutoff,,4,0.5360199999999427,epsilon_greedy,,228184,,,,,,,0.604062341211895
2444,2443,,,19.0,67,True,False,True,False,success,,5,0.5358299999999426,epsilon_greedy,,228251,,,,,,,0.059879588807569266
2445,2444,,,25.5,54,True,False,True,False,success,,5,0.5356399999999426,epsilon_greedy,,228305,,,,,,,0.04819453643873602
2446,2445,,,10.5,84,True,False,True,False,success,,5,0.5354499999999426,epsilon_greedy,,228389,,,,,,,0.061524099793850685
2447,2446,,,22.0,61,True,False,True,False,success,,5,0.5352599999999426,epsilon_greedy,,228450,,,,,,,0.0185306543988638
2448,2447,,,24.5,56,True,False,True,False,success,,5,0.5350699999999425,epsilon_greedy,,228506,,,,,,,0.02289250020148705
2449,2448,,,32.0,41,True,False,True,False,success,,5,0.5348799999999425,epsilon_greedy,,228547,,,,,,,0.0138756034727096
2450,2449,,,14.0,77,True,False,True,False,success,,5,0.5346899999999425,epsilon_greedy,,228624,,,,,,,0.2572335287713655
2451,2450,,,28.0,49,True,False,True,False,success,,5,0.5344999999999425,epsilon_greedy,,228673,,,,,,,0.004258400811088206
2452,2451,,,-8.0,100,False,False,False,True,cutoff,,4,0.5343099999999424,epsilon_greedy,,228773,,,,,,,0.8227095215438085
2453,2452,,,21.0,63,True,False,True,False,success,,5,0.5341199999999424,epsilon_greedy,,228836,,,,,,,0.02867898427178834
2454,2453,,,32.5,40,True,False,True,False,success,,5,0.5339299999999424,epsilon_greedy,,228876,,,,,,,6.782545097117065e-07
2455,2454,,,25.0,55,True,False,True,False,success,,5,0.5337399999999424,epsilon_greedy,,228931,,,,,,,0.0017965550976394356
2456,2455,,,21.5,62,True,False,True,False,success,,5,0.5335499999999423,epsilon_greedy,,228993,,,,,,,0.0897915799264363
2457,2456,,,18.5,68,True,False,True,False,success,,5,0.5333599999999423,epsilon_greedy,,229061,,,,,,,0.04567882415302184
2458,2457,,,21.5,62,True,False,True,False,success,,5,0.5331699999999423,epsilon_greedy,,229123,,,,,,,0.013927889184242625
2459,2458,,,22.0,61,True,False,True,False,success,,5,0.5329799999999423,epsilon_greedy,,229184,,,,,,,0.03139332774595625
2460,2459,,,20.5,64,True,False,True,False,success,,5,0.5327899999999423,epsilon_greedy,,229248,,,,,,,0.005466666147987784
2461,2460,,,14.0,77,True,False,True,False,success,,5,0.5325999999999422,epsilon_greedy,,229325,,,,,,,0.413821453930618
2462,2461,,,22.0,61,True,False,True,False,success,,5,0.5324099999999422,epsilon_greedy,,229386,,,,,,,0.4021520680993966
2463,2462,,,24.0,57,True,False,True,False,success,,5,0.5322199999999422,epsilon_greedy,,229443,,,,,,,0.059415537997418826
2464,2463,,,21.5,62,True,False,True,False,success,,5,0.5320299999999422,epsilon_greedy,,229505,,,,,,,0.08279965706429125
2465,2464,,,28.0,49,True,False,True,False,success,,5,0.5318399999999421,epsilon_greedy,,229554,,,,,,,0.019324844300696014
2466,2465,,,29.0,47,True,False,True,False,success,,5,0.5316499999999421,epsilon_greedy,,229601,,,,,,,0.05727949063502475
2467,2466,,,22.5,60,True,False,True,False,success,,5,0.5314599999999421,epsilon_greedy,,229661,,,,,,,0.8226297787271439
2468,2467,,,28.0,49,True,False,True,False,success,,5,0.5312699999999421,epsilon_greedy,,229710,,,,,,,0.00300089751714025
2469,2468,,,25.5,54,True,False,True,False,success,,5,0.531079999999942,epsilon_greedy,,229764,,,,,,,0.10837381899842678
2470,2469,,,11.0,83,True,False,True,False,success,,5,0.530889999999942,epsilon_greedy,,229847,,,,,,,0.005979586491597295
2471,2470,,,21.5,62,True,False,True,False,success,,5,0.530699999999942,epsilon_greedy,,229909,,,,,,,0.8730391607847822
2472,2471,,,17.5,70,True,False,True,False,success,,5,0.530509999999942,epsilon_greedy,,229979,,,,,,,0.006763625045172666
2473,2472,,,19.0,67,True,False,True,False,success,,5,0.530319999999942,epsilon_greedy,,230046,,,,,,,0.12124047513920835
2474,2473,,,22.0,61,True,False,True,False,success,,5,0.5301299999999419,epsilon_greedy,,230107,,,,,,,0.13645110444413472
2475,2474,,,15.5,74,True,False,True,False,success,,5,0.5299399999999419,epsilon_greedy,,230181,,,,,,,0.6168306945309826
2476,2475,,,34.5,36,True,False,True,False,success,,5,0.5297499999999419,epsilon_greedy,,230217,,,,,,,0.000813623998657932
2477,2476,,,22.0,61,True,False,True,False,success,,5,0.5295599999999419,epsilon_greedy,,230278,,,,,,,0.014097832575677737
2478,2477,,,17.5,70,True,False,True,False,success,,5,0.5293699999999418,epsilon_greedy,,230348,,,,,,,0.04536870326261549
2479,2478,,,27.5,50,True,False,True,False,success,,5,0.5291799999999418,epsilon_greedy,,230398,,,,,,,0.0002237046607901405
2480,2479,,,22.0,61,True,False,True,False,success,,5,0.5289899999999418,epsilon_greedy,,230459,,,,,,,0.02261909364975475
2481,2480,,,36.0,33,True,False,True,False,success,,5,0.5287999999999418,epsilon_greedy,,230492,,,,,,,0.005878848736796557
2482,2481,,,26.0,53,True,False,True,False,success,,5,0.5286099999999417,epsilon_greedy,,230545,,,,,,,0.0834306151119651
2483,2482,,,19.0,67,True,False,True,False,success,,5,0.5284199999999417,epsilon_greedy,,230612,,,,,,,0.2999214843878305
2484,2483,,,21.0,63,True,False,True,False,success,,5,0.5282299999999417,epsilon_greedy,,230675,,,,,,,0.0097230791284071
2485,2484,,,27.5,50,True,False,True,False,success,,5,0.5280399999999417,epsilon_greedy,,230725,,,,,,,0.023686294592739097
2486,2485,,,16.0,73,True,False,True,False,success,,5,0.5278499999999416,epsilon_greedy,,230798,,,,,,,0.13428348097240705
2487,2486,,,18.5,68,True,False,True,False,success,,5,0.5276599999999416,epsilon_greedy,,230866,,,,,,,0.1700168863982401
2488,2487,,,19.5,66,True,False,True,False,success,,5,0.5274699999999416,epsilon_greedy,,230932,,,,,,,0.1197801100768366
2489,2488,,,20.0,65,True,False,True,False,success,,5,0.5272799999999416,epsilon_greedy,,230997,,,,,,,0.265021934894814
2490,2489,,,12.5,80,True,False,True,False,success,,5,0.5270899999999415,epsilon_greedy,,231077,,,,,,,0.09259684977832108
2491,2490,,,15.5,74,True,False,True,False,success,,5,0.5268999999999415,epsilon_greedy,,231151,,,,,,,0.15137857789950274
2492,2491,,,26.0,53,True,False,True,False,success,,5,0.5267099999999415,epsilon_greedy,,231204,,,,,,,0.010322290362547172
2493,2492,,,19.0,67,True,False,True,False,success,,5,0.5265199999999415,epsilon_greedy,,231271,,,,,,,0.009935037030142396
2494,2493,,,11.0,83,True,False,True,False,success,,5,0.5263299999999415,epsilon_greedy,,231354,,,,,,,0.3316500704652878
2495,2494,,,25.5,54,True,False,True,False,success,,5,0.5261399999999414,epsilon_greedy,,231408,,,,,,,0.04875994705810206
2496,2495,,,-8.0,100,False,False,False,True,cutoff,,4,0.5259499999999414,epsilon_greedy,,231508,,,,,,,0.4226357343542273
2497,2496,,,29.5,46,True,False,True,False,success,,5,0.5257599999999414,epsilon_greedy,,231554,,,,,,,0.028377576996728725
2498,2497,,,27.0,51,True,False,True,False,success,,5,0.5255699999999414,epsilon_greedy,,231605,,,,,,,0.05751660743528509
2499,2498,,,28.5,48,True,False,True,False,success,,5,0.5253799999999413,epsilon_greedy,,231653,,,,,,,0.052296694346825046
2500,2499,,,5.5,94,True,False,True,False,success,,5,0.5251899999999413,epsilon_greedy,,231747,,,,,,,0.048135418655901784
2501,2500,,,29.0,47,True,False,True,False,success,,5,0.5249999999999413,epsilon_greedy,,231794,,,,,,,0.006838565506139985
2502,2501,,,31.0,43,True,False,True,False,success,,5,0.5248099999999413,epsilon_greedy,,231837,,,,,,,0.40970781437146714
2503,2502,,,29.5,46,True,False,True,False,success,,5,0.5246199999999412,epsilon_greedy,,231883,,,,,,,0.0023371261387843496
2504,2503,,,19.0,67,True,False,True,False,success,,5,0.5244299999999412,epsilon_greedy,,231950,,,,,,,0.03751796179768417
2505,2504,,,20.0,65,True,False,True,False,success,,5,0.5242399999999412,epsilon_greedy,,232015,,,,,,,0.20788499710947403
2506,2505,,,24.5,56,True,False,True,False,success,,5,0.5240499999999412,epsilon_greedy,,232071,,,,,,,0.0001626372062304902
2507,2506,,,16.0,73,True,False,True,False,success,,5,0.5238599999999412,epsilon_greedy,,232144,,,,,,,0.10750727743658685
2508,2507,,,19.5,66,True,False,True,False,success,,5,0.5236699999999411,epsilon_greedy,,232210,,,,,,,0.028516149727507403
2509,2508,,,11.0,83,True,False,True,False,success,,5,0.5234799999999411,epsilon_greedy,,232293,,,,,,,0.04367954430327645
2510,2509,,,19.0,67,True,False,True,False,success,,5,0.5232899999999411,epsilon_greedy,,232360,,,,,,,0.22818970653928675
2511,2510,,,15.5,74,True,False,True,False,success,,5,0.5230999999999411,epsilon_greedy,,232434,,,,,,,0.4593790185820242
2512,2511,,,17.5,70,True,False,True,False,success,,5,0.522909999999941,epsilon_greedy,,232504,,,,,,,0.007414042382277459
2513,2512,,,24.5,56,True,False,True,False,success,,5,0.522719999999941,epsilon_greedy,,232560,,,,,,,0.0029373024976068673
2514,2513,,,25.5,54,True,False,True,False,success,,5,0.522529999999941,epsilon_greedy,,232614,,,,,,,0.0949514795231574
2515,2514,,,15.5,74,True,False,True,False,success,,5,0.522339999999941,epsilon_greedy,,232688,,,,,,,0.256029673156536
2516,2515,,,30.5,44,True,False,True,False,success,,5,0.5221499999999409,epsilon_greedy,,232732,,,,,,,0.009713427785849353
2517,2516,,,12.0,81,True,False,True,False,success,,5,0.5219599999999409,epsilon_greedy,,232813,,,,,,,0.10199656996267506
2518,2517,,,21.0,63,True,False,True,False,success,,5,0.5217699999999409,epsilon_greedy,,232876,,,,,,,0.05173520582869971
2519,2518,,,13.5,78,True,False,True,False,success,,5,0.5215799999999409,epsilon_greedy,,232954,,,,,,,0.04394445322296704
2520,2519,,,-8.0,100,False,False,False,True,cutoff,,4,0.5213899999999408,epsilon_greedy,,233054,,,,,,,0.39641477466221026
2521,2520,,,30.5,44,True,False,True,False,success,,5,0.5211999999999408,epsilon_greedy,,233098,,,,,,,0.001926523011483691
2522,2521,,,22.0,61,True,False,True,False,success,,5,0.5210099999999408,epsilon_greedy,,233159,,,,,,,0.2901381280290374
2523,2522,,,21.5,62,True,False,True,False,success,,5,0.5208199999999408,epsilon_greedy,,233221,,,,,,,0.00036054793545194487
2524,2523,,,25.0,55,True,False,True,False,success,,5,0.5206299999999408,epsilon_greedy,,233276,,,,,,,0.020111618820038715
2525,2524,,,22.5,60,True,False,True,False,success,,5,0.5204399999999407,epsilon_greedy,,233336,,,,,,,0.1863395688035721
2526,2525,,,21.5,62,True,False,True,False,success,,5,0.5202499999999407,epsilon_greedy,,233398,,,,,,,0.21137075019198526
2527,2526,,,26.5,52,True,False,True,False,success,,5,0.5200599999999407,epsilon_greedy,,233450,,,,,,,0.0029153450402053314
2528,2527,,,22.5,60,True,False,True,False,success,,5,0.5198699999999407,epsilon_greedy,,233510,,,,,,,0.4566388464178112
2529,2528,,,21.0,63,True,False,True,False,success,,5,0.5196799999999406,epsilon_greedy,,233573,,,,,,,0.1847972837813723
2530,2529,,,23.0,59,True,False,True,False,success,,5,0.5194899999999406,epsilon_greedy,,233632,,,,,,,0.044302812925477754
2531,2530,,,18.5,68,True,False,True,False,success,,5,0.5192999999999406,epsilon_greedy,,233700,,,,,,,0.12397520239032082
2532,2531,,,19.5,66,True,False,True,False,success,,5,0.5191099999999406,epsilon_greedy,,233766,,,,,,,0.4616864142150788
2533,2532,,,23.5,58,True,False,True,False,success,,5,0.5189199999999405,epsilon_greedy,,233824,,,,,,,0.020367912824516207
2534,2533,,,27.0,51,True,False,True,False,success,,5,0.5187299999999405,epsilon_greedy,,233875,,,,,,,0.02296036381005867
2535,2534,,,24.0,57,True,False,True,False,success,,5,0.5185399999999405,epsilon_greedy,,233932,,,,,,,0.0014534199102937805
2536,2535,,,14.5,76,True,False,True,False,success,,5,0.5183499999999405,epsilon_greedy,,234008,,,,,,,0.07165913475996684
2537,2536,,,26.0,53,True,False,True,False,success,,5,0.5181599999999404,epsilon_greedy,,234061,,,,,,,0.04804536779476065
2538,2537,,,18.5,68,True,False,True,False,success,,5,0.5179699999999404,epsilon_greedy,,234129,,,,,,,0.07251935868664804
2539,2538,,,22.0,61,True,False,True,False,success,,5,0.5177799999999404,epsilon_greedy,,234190,,,,,,,0.07606135719112683
2540,2539,,,18.5,68,True,False,True,False,success,,5,0.5175899999999404,epsilon_greedy,,234258,,,,,,,0.017330540150175582
2541,2540,,,-8.0,100,False,False,False,True,cutoff,,4,0.5173999999999404,epsilon_greedy,,234358,,,,,,,0.27056221923020823
2542,2541,,,20.5,64,True,False,True,False,success,,5,0.5172099999999403,epsilon_greedy,,234422,,,,,,,0.033979556447359054
2543,2542,,,13.0,79,True,False,True,False,success,,5,0.5170199999999403,epsilon_greedy,,234501,,,,,,,0.09133423935258571
2544,2543,,,-8.0,100,False,False,False,True,cutoff,,4,0.5168299999999403,epsilon_greedy,,234601,,,,,,,0.5504992360122075
2545,2544,,,22.5,60,True,False,True,False,success,,5,0.5166399999999403,epsilon_greedy,,234661,,,,,,,0.012142160472104487
2546,2545,,,20.5,64,True,False,True,False,success,,5,0.5164499999999402,epsilon_greedy,,234725,,,,,,,0.15667748910779017
2547,2546,,,18.5,68,True,False,True,False,success,,5,0.5162599999999402,epsilon_greedy,,234793,,,,,,,0.34984253487948347
2548,2547,,,20.0,65,True,False,True,False,success,,5,0.5160699999999402,epsilon_greedy,,234858,,,,,,,0.011728550651363042
2549,2548,,,-8.0,100,False,False,False,True,cutoff,,4,0.5158799999999402,epsilon_greedy,,234958,,,,,,,0.2009222760578849
2550,2549,,,18.5,68,True,False,True,False,success,,5,0.5156899999999401,epsilon_greedy,,235026,,,,,,,0.10049127456832145
2551,2550,,,25.5,54,True,False,True,False,success,,5,0.5154999999999401,epsilon_greedy,,235080,,,,,,,0.06719428656097083
2552,2551,,,24.5,56,True,False,True,False,success,,5,0.5153099999999401,epsilon_greedy,,235136,,,,,,,0.0039041912393677413
2553,2552,,,32.5,40,True,False,True,False,success,,5,0.5151199999999401,epsilon_greedy,,235176,,,,,,,2.5126465811764477e-06
2554,2553,,,5.0,95,True,False,True,False,success,,5,0.51492999999994,epsilon_greedy,,235271,,,,,,,0.1345391400354801
2555,2554,,,14.0,77,True,False,True,False,success,,5,0.51473999999994,epsilon_greedy,,235348,,,,,,,0.00047694377021137397
2556,2555,,,13.5,78,True,False,True,False,success,,5,0.51454999999994,epsilon_greedy,,235426,,,,,,,0.12447778906909071
2557,2556,,,15.0,75,True,False,True,False,success,,5,0.51435999999994,epsilon_greedy,,235501,,,,,,,0.008418986230691712
2558,2557,,,-8.0,100,False,False,False,True,cutoff,,4,0.51416999999994,epsilon_greedy,,235601,,,,,,,0.12176300800966984
2559,2558,,,10.0,85,True,False,True,False,success,,5,0.5139799999999399,epsilon_greedy,,235686,,,,,,,0.0860221928858113
2560,2559,,,22.5,60,True,False,True,False,success,,5,0.5137899999999399,epsilon_greedy,,235746,,,,,,,0.07266963491535597
2561,2560,,,24.0,57,True,False,True,False,success,,5,0.5135999999999399,epsilon_greedy,,235803,,,,,,,0.006769357794584087
2562,2561,,,-18.5,100,False,False,False,True,cutoff,,3,0.5134099999999399,epsilon_greedy,,235903,,,,,,,0.27868224369655736
2563,2562,,,19.5,66,True,False,True,False,success,,5,0.5132199999999398,epsilon_greedy,,235969,,,,,,,0.11237112929749972
2564,2563,,,24.5,56,True,False,True,False,success,,5,0.5130299999999398,epsilon_greedy,,236025,,,,,,,0.05041574264464772
2565,2564,,,10.5,84,True,False,True,False,success,,5,0.5128399999999398,epsilon_greedy,,236109,,,,,,,0.07336320404705134
2566,2565,,,15.0,75,True,False,True,False,success,,5,0.5126499999999398,epsilon_greedy,,236184,,,,,,,0.006937786304377352
2567,2566,,,15.0,75,True,False,True,False,success,,5,0.5124599999999397,epsilon_greedy,,236259,,,,,,,0.022271358503407074
2568,2567,,,15.5,74,True,False,True,False,success,,5,0.5122699999999397,epsilon_greedy,,236333,,,,,,,0.0043966906593849745
2569,2568,,,26.0,53,True,False,True,False,success,,5,0.5120799999999397,epsilon_greedy,,236386,,,,,,,0.0030827681959422664
2570,2569,,,3.0,99,True,False,True,False,success,,5,0.5118899999999397,epsilon_greedy,,236485,,,,,,,0.014157461869704074
2571,2570,,,-18.5,100,False,False,False,True,cutoff,,3,0.5116999999999396,epsilon_greedy,,236585,,,,,,,0.7899347415481359
2572,2571,,,3.5,98,True,False,True,False,success,,5,0.5115099999999396,epsilon_greedy,,236683,,,,,,,0.0773698758259163
2573,2572,,,21.5,62,True,False,True,False,success,,5,0.5113199999999396,epsilon_greedy,,236745,,,,,,,0.038827247830445284
2574,2573,,,27.0,51,True,False,True,False,success,,5,0.5111299999999396,epsilon_greedy,,236796,,,,,,,0.015714706981816904
2575,2574,,,30.0,45,True,False,True,False,success,,5,0.5109399999999396,epsilon_greedy,,236841,,,,,,,0.005975659858042349
2576,2575,,,21.0,63,True,False,True,False,success,,5,0.5107499999999395,epsilon_greedy,,236904,,,,,,,0.2749813236358825
2577,2576,,,32.5,40,True,False,True,False,success,,5,0.5105599999999395,epsilon_greedy,,236944,,,,,,,2.804259740862847e-07
2578,2577,,,30.5,44,True,False,True,False,success,,5,0.5103699999999395,epsilon_greedy,,236988,,,,,,,0.010231341645212748
2579,2578,,,22.5,60,True,False,True,False,success,,5,0.5101799999999395,epsilon_greedy,,237048,,,,,,,0.0038270021531355614
2580,2579,,,29.5,46,True,False,True,False,success,,5,0.5099899999999394,epsilon_greedy,,237094,,,,,,,0.007083959374124779
2581,2580,,,27.0,51,True,False,True,False,success,,5,0.5097999999999394,epsilon_greedy,,237145,,,,,,,0.003396514598200956
2582,2581,,,13.5,78,True,False,True,False,success,,5,0.5096099999999394,epsilon_greedy,,237223,,,,,,,0.002666015081597111
2583,2582,,,27.0,51,True,False,True,False,success,,5,0.5094199999999394,epsilon_greedy,,237274,,,,,,,0.006568018016717285
2584,2583,,,20.5,64,True,False,True,False,success,,5,0.5092299999999393,epsilon_greedy,,237338,,,,,,,0.38084486385043625
2585,2584,,,14.0,77,True,False,True,False,success,,5,0.5090399999999393,epsilon_greedy,,237415,,,,,,,0.06718945703061174
2586,2585,,,20.0,65,True,False,True,False,success,,5,0.5088499999999393,epsilon_greedy,,237480,,,,,,,0.008608669883943982
2587,2586,,,33.5,38,True,False,True,False,success,,5,0.5086599999999393,epsilon_greedy,,237518,,,,,,,7.385045749433585e-07
2588,2587,,,26.5,52,True,False,True,False,success,,5,0.5084699999999392,epsilon_greedy,,237570,,,,,,,0.22139947378131344
2589,2588,,,-8.0,100,False,False,False,True,cutoff,,4,0.5082799999999392,epsilon_greedy,,237670,,,,,,,0.7573324964958811
2590,2589,,,27.0,51,True,False,True,False,success,,5,0.5080899999999392,epsilon_greedy,,237721,,,,,,,0.013027075091943435
2591,2590,,,20.5,64,True,False,True,False,success,,5,0.5078999999999392,epsilon_greedy,,237785,,,,,,,0.07593370212417304
2592,2591,,,20.0,65,True,False,True,False,success,,5,0.5077099999999392,epsilon_greedy,,237850,,,,,,,0.16491558536805925
2593,2592,,,23.5,58,True,False,True,False,success,,5,0.5075199999999391,epsilon_greedy,,237908,,,,,,,0.019346417482835783
2594,2593,,,17.5,70,True,False,True,False,success,,5,0.5073299999999391,epsilon_greedy,,237978,,,,,,,0.08827891728754422
2595,2594,,,14.0,77,True,False,True,False,success,,5,0.5071399999999391,epsilon_greedy,,238055,,,,,,,0.456240618192713
2596,2595,,,25.5,54,True,False,True,False,success,,5,0.5069499999999391,epsilon_greedy,,238109,,,,,,,0.001805837016576649
2597,2596,,,32.0,41,True,False,True,False,success,,5,0.506759999999939,epsilon_greedy,,238150,,,,,,,0.001060627968032383
2598,2597,,,-8.0,100,False,False,False,True,cutoff,,4,0.506569999999939,epsilon_greedy,,238250,,,,,,,0.03538917526459168
2599,2598,,,31.5,42,True,False,True,False,success,,5,0.506379999999939,epsilon_greedy,,238292,,,,,,,0.04890089298384568
2600,2599,,,25.5,54,True,False,True,False,success,,5,0.506189999999939,epsilon_greedy,,238346,,,,,,,0.010646597002886993
2601,2600,,,16.0,73,True,False,True,False,success,,5,0.5059999999999389,epsilon_greedy,,238419,,,,,,,0.09604113065226043
2602,2601,,,22.0,61,True,False,True,False,success,,5,0.5058099999999389,epsilon_greedy,,238480,,,,,,,0.028097052056708705
2603,2602,,,12.5,80,True,False,True,False,success,,5,0.5056199999999389,epsilon_greedy,,238560,,,,,,,0.2861605927741208
2604,2603,,,-8.0,100,False,False,False,True,cutoff,,4,0.5054299999999389,epsilon_greedy,,238660,,,,,,,0.039945300402717404
2605,2604,,,30.0,45,True,False,True,False,success,,5,0.5052399999999388,epsilon_greedy,,238705,,,,,,,0.00622732838146991
2606,2605,,,19.5,66,True,False,True,False,success,,5,0.5050499999999388,epsilon_greedy,,238771,,,,,,,0.22807436106785642
2607,2606,,,22.5,60,True,False,True,False,success,,5,0.5048599999999388,epsilon_greedy,,238831,,,,,,,0.0059081701468760945
2608,2607,,,16.5,72,True,False,True,False,success,,5,0.5046699999999388,epsilon_greedy,,238903,,,,,,,0.3512559940340536
2609,2608,,,16.0,73,True,False,True,False,success,,5,0.5044799999999388,epsilon_greedy,,238976,,,,,,,0.2703345335925712
2610,2609,,,22.5,60,True,False,True,False,success,,5,0.5042899999999387,epsilon_greedy,,239036,,,,,,,0.1714996445447163
2611,2610,,,27.0,51,True,False,True,False,success,,5,0.5040999999999387,epsilon_greedy,,239087,,,,,,,0.0018323132371319355
2612,2611,,,17.5,70,True,False,True,False,success,,5,0.5039099999999387,epsilon_greedy,,239157,,,,,,,0.06341904201709159
2613,2612,,,22.5,60,True,False,True,False,success,,5,0.5037199999999387,epsilon_greedy,,239217,,,,,,,0.24754060581589996
2614,2613,,,34.0,37,True,False,True,False,success,,5,0.5035299999999386,epsilon_greedy,,239254,,,,,,,1.7071350490584637e-07
2615,2614,,,24.0,57,True,False,True,False,success,,5,0.5033399999999386,epsilon_greedy,,239311,,,,,,,0.4816568392719751
2616,2615,,,22.5,60,True,False,True,False,success,,5,0.5031499999999386,epsilon_greedy,,239371,,,,,,,0.006407935615398453
2617,2616,,,9.5,86,True,False,True,False,success,,5,0.5029599999999386,epsilon_greedy,,239457,,,,,,,0.030793804134661793
2618,2617,,,29.5,46,True,False,True,False,success,,5,0.5027699999999385,epsilon_greedy,,239503,,,,,,,0.017141556430433087
2619,2618,,,24.0,57,True,False,True,False,success,,5,0.5025799999999385,epsilon_greedy,,239560,,,,,,,0.09204738368491779
2620,2619,,,15.5,74,True,False,True,False,success,,5,0.5023899999999385,epsilon_greedy,,239634,,,,,,,0.0858044355047427
2621,2620,,,17.0,71,True,False,True,False,success,,5,0.5021999999999385,epsilon_greedy,,239705,,,,,,,0.0009440598882067939
2622,2621,,,4.5,96,True,False,True,False,success,,5,0.5020099999999384,epsilon_greedy,,239801,,,,,,,0.25935003603209816
2623,2622,,,12.0,81,True,False,True,False,success,,5,0.5018199999999384,epsilon_greedy,,239882,,,,,,,0.599876680506018
2624,2623,,,19.0,67,True,False,True,False,success,,5,0.5016299999999384,epsilon_greedy,,239949,,,,,,,0.0018934595257261693
2625,2624,,,29.5,46,True,False,True,False,success,,5,0.5014399999999384,epsilon_greedy,,239995,,,,,,,0.03374274113031513
2626,2625,,,29.0,47,True,False,True,False,success,,5,0.5012499999999384,epsilon_greedy,,240042,,,,,,,0.0012543790514071402
2627,2626,,,27.0,51,True,False,True,False,success,,5,0.5010599999999383,epsilon_greedy,,240093,,,,,,,2.3381502857254624e-06
2628,2627,,,10.0,85,True,False,True,False,success,,5,0.5008699999999383,epsilon_greedy,,240178,,,,,,,0.04512465259277346
2629,2628,,,16.5,72,True,False,True,False,success,,5,0.5006799999999383,epsilon_greedy,,240250,,,,,,,0.05378133069074618
2630,2629,,,12.0,81,True,False,True,False,success,,5,0.5004899999999383,epsilon_greedy,,240331,,,,,,,0.09265783322176602
2631,2630,,,29.0,47,True,False,True,False,success,,5,0.5002999999999382,epsilon_greedy,,240378,,,,,,,0.009871701636582037
2632,2631,,,17.0,71,True,False,True,False,success,,5,0.5001099999999382,epsilon_greedy,,240449,,,,,,,0.007654156812236041
2633,2632,,,25.0,55,True,False,True,False,success,,5,0.4999199999999382,epsilon_greedy,,240504,,,,,,,0.01487707906833282
2634,2633,,,20.5,64,True,False,True,False,success,,5,0.49972999999993817,epsilon_greedy,,240568,,,,,,,0.008224608551639145
2635,2634,,,19.5,66,True,False,True,False,success,,5,0.49953999999993814,epsilon_greedy,,240634,,,,,,,0.012570345501349984
2636,2635,,,17.0,71,True,False,True,False,success,,5,0.4993499999999381,epsilon_greedy,,240705,,,,,,,0.12751597801525955
2637,2636,,,20.5,64,True,False,True,False,success,,5,0.4991599999999381,epsilon_greedy,,240769,,,,,,,0.23995576546714992
2638,2637,,,21.5,62,True,False,True,False,success,,5,0.4989699999999381,epsilon_greedy,,240831,,,,,,,0.00789065028010121
2639,2638,,,12.5,80,True,False,True,False,success,,5,0.49877999999993805,epsilon_greedy,,240911,,,,,,,0.19044451658797654
2640,2639,,,20.5,64,True,False,True,False,success,,5,0.498589999999938,epsilon_greedy,,240975,,,,,,,0.03307637224908681
2641,2640,,,26.5,52,True,False,True,False,success,,5,0.498399999999938,epsilon_greedy,,241027,,,,,,,0.0022349115708612576
2642,2641,,,24.0,57,True,False,True,False,success,,5,0.498209999999938,epsilon_greedy,,241084,,,,,,,0.022945103642510768
2643,2642,,,30.5,44,True,False,True,False,success,,5,0.49801999999993796,epsilon_greedy,,241128,,,,,,,8.09697576159058e-07
2644,2643,,,23.5,58,True,False,True,False,success,,5,0.49782999999993793,epsilon_greedy,,241186,,,,,,,0.1601612193767804
2645,2644,,,21.5,62,True,False,True,False,success,,5,0.4976399999999379,epsilon_greedy,,241248,,,,,,,0.20709159456182794
2646,2645,,,23.0,59,True,False,True,False,success,,5,0.4974499999999379,epsilon_greedy,,241307,,,,,,,0.17489865864219717
2647,2646,,,10.0,85,True,False,True,False,success,,5,0.49725999999993786,epsilon_greedy,,241392,,,,,,,0.04688967419226416
2648,2647,,,25.5,54,True,False,True,False,success,,5,0.49706999999993784,epsilon_greedy,,241446,,,,,,,0.031780100515230544
2649,2648,,,17.0,71,True,False,True,False,success,,5,0.4968799999999378,epsilon_greedy,,241517,,,,,,,0.06103354781897157
2650,2649,,,8.0,89,True,False,True,False,success,,5,0.4966899999999378,epsilon_greedy,,241606,,,,,,,0.24001645848523406
2651,2650,,,28.0,49,True,False,True,False,success,,5,0.49649999999993777,epsilon_greedy,,241655,,,,,,,0.014741104390407794
2652,2651,,,27.0,51,True,False,True,False,success,,5,0.49630999999993775,epsilon_greedy,,241706,,,,,,,0.029977119563183646
2653,2652,,,29.0,47,True,False,True,False,success,,5,0.4961199999999377,epsilon_greedy,,241753,,,,,,,0.09227736495312218
2654,2653,,,26.5,52,True,False,True,False,success,,5,0.4959299999999377,epsilon_greedy,,241805,,,,,,,0.04897303511675463
2655,2654,,,27.5,50,True,False,True,False,success,,5,0.4957399999999377,epsilon_greedy,,241855,,,,,,,0.08370566049924061
2656,2655,,,25.0,55,True,False,True,False,success,,5,0.49554999999993765,epsilon_greedy,,241910,,,,,,,0.0016097871752961059
2657,2656,,,28.0,49,True,False,True,False,success,,5,0.49535999999993763,epsilon_greedy,,241959,,,,,,,0.0035444685070310533
2658,2657,,,30.0,45,True,False,True,False,success,,5,0.4951699999999376,epsilon_greedy,,242004,,,,,,,0.23062487523393185
2659,2658,,,18.0,69,True,False,True,False,success,,5,0.4949799999999376,epsilon_greedy,,242073,,,,,,,0.047137999750362564
2660,2659,,,22.5,60,True,False,True,False,success,,5,0.49478999999993756,epsilon_greedy,,242133,,,,,,,0.0003048685376056071
2661,2660,,,26.0,53,True,False,True,False,success,,5,0.49459999999993753,epsilon_greedy,,242186,,,,,,,0.0016627010704331469
2662,2661,,,25.5,54,True,False,True,False,success,,5,0.4944099999999375,epsilon_greedy,,242240,,,,,,,0.012814146087056135
2663,2662,,,13.0,79,True,False,True,False,success,,5,0.4942199999999375,epsilon_greedy,,242319,,,,,,,0.01006325429109665
2664,2663,,,-18.5,100,False,False,False,True,cutoff,,3,0.49402999999993746,epsilon_greedy,,242419,,,,,,,0.5696159391900771
2665,2664,,,27.0,51,True,False,True,False,success,,5,0.49383999999993744,epsilon_greedy,,242470,,,,,,,0.019394880312173842
2666,2665,,,18.5,68,True,False,True,False,success,,5,0.4936499999999374,epsilon_greedy,,242538,,,,,,,0.008021696611861702
2667,2666,,,14.0,77,True,False,True,False,success,,5,0.4934599999999374,epsilon_greedy,,242615,,,,,,,0.4493154026783485
2668,2667,,,4.5,96,True,False,True,False,success,,5,0.49326999999993737,epsilon_greedy,,242711,,,,,,,0.3096255884768577
2669,2668,,,5.0,95,True,False,True,False,success,,5,0.49307999999993735,epsilon_greedy,,242806,,,,,,,0.015138186236843761
2670,2669,,,30.5,44,True,False,True,False,success,,5,0.4928899999999373,epsilon_greedy,,242850,,,,,,,0.002917689716731746
2671,2670,,,26.0,53,True,False,True,False,success,,5,0.4926999999999373,epsilon_greedy,,242903,,,,,,,0.0010844698065786056
2672,2671,,,23.0,59,True,False,True,False,success,,5,0.4925099999999373,epsilon_greedy,,242962,,,,,,,0.007245890223506868
2673,2672,,,15.5,74,True,False,True,False,success,,5,0.49231999999993725,epsilon_greedy,,243036,,,,,,,0.01669884604829025
2674,2673,,,13.5,78,True,False,True,False,success,,5,0.49212999999993723,epsilon_greedy,,243114,,,,,,,0.13769136628103323
2675,2674,,,16.0,73,True,False,True,False,success,,5,0.4919399999999372,epsilon_greedy,,243187,,,,,,,0.006405143883698667
2676,2675,,,25.5,54,True,False,True,False,success,,5,0.4917499999999372,epsilon_greedy,,243241,,,,,,,0.015624839288998448
2677,2676,,,27.5,50,True,False,True,False,success,,5,0.49155999999993716,epsilon_greedy,,243291,,,,,,,0.005370910786230887
2678,2677,,,22.0,61,True,False,True,False,success,,5,0.49136999999993713,epsilon_greedy,,243352,,,,,,,0.03147707087063698
2679,2678,,,19.5,66,True,False,True,False,success,,5,0.4911799999999371,epsilon_greedy,,243418,,,,,,,0.1099162401277341
2680,2679,,,21.5,62,True,False,True,False,success,,5,0.4909899999999371,epsilon_greedy,,243480,,,,,,,0.04872874240419523
2681,2680,,,23.5,58,True,False,True,False,success,,5,0.49079999999993706,epsilon_greedy,,243538,,,,,,,0.00042111720426575333
2682,2681,,,29.5,46,True,False,True,False,success,,5,0.49060999999993704,epsilon_greedy,,243584,,,,,,,0.002454602540108189
2683,2682,,,25.0,55,True,False,True,False,success,,5,0.490419999999937,epsilon_greedy,,243639,,,,,,,0.002854722717808271
2684,2683,,,16.0,73,True,False,True,False,success,,5,0.490229999999937,epsilon_greedy,,243712,,,,,,,0.5201039032350113
2685,2684,,,26.0,53,True,False,True,False,success,,5,0.49003999999993697,epsilon_greedy,,243765,,,,,,,0.0013431331006023195
2686,2685,,,16.5,72,True,False,True,False,success,,5,0.48984999999993695,epsilon_greedy,,243837,,,,,,,0.12610161600210215
2687,2686,,,29.0,47,True,False,True,False,success,,5,0.4896599999999369,epsilon_greedy,,243884,,,,,,,0.003511809364671921
2688,2687,,,26.0,53,True,False,True,False,success,,5,0.4894699999999369,epsilon_greedy,,243937,,,,,,,0.022064498873847645
2689,2688,,,17.5,70,True,False,True,False,success,,5,0.4892799999999369,epsilon_greedy,,244007,,,,,,,0.1622926064589159
2690,2689,,,9.0,87,True,False,True,False,success,,5,0.48908999999993685,epsilon_greedy,,244094,,,,,,,0.030407251037311307
2691,2690,,,31.0,43,True,False,True,False,success,,5,0.48889999999993683,epsilon_greedy,,244137,,,,,,,0.18269739210960625
2692,2691,,,25.0,55,True,False,True,False,success,,5,0.4887099999999368,epsilon_greedy,,244192,,,,,,,0.0016220020833593843
2693,2692,,,16.0,73,True,False,True,False,success,,5,0.4885199999999368,epsilon_greedy,,244265,,,,,,,0.026651760846348453
2694,2693,,,28.0,49,True,False,True,False,success,,5,0.48832999999993676,epsilon_greedy,,244314,,,,,,,0.003150560603279743
2695,2694,,,26.0,53,True,False,True,False,success,,5,0.48813999999993674,epsilon_greedy,,244367,,,,,,,0.03273186752291891
2696,2695,,,29.0,47,True,False,True,False,success,,5,0.4879499999999367,epsilon_greedy,,244414,,,,,,,0.00012589285144001756
2697,2696,,,18.0,69,True,False,True,False,success,,5,0.4877599999999367,epsilon_greedy,,244483,,,,,,,0.11910939872905862
2698,2697,,,23.5,58,True,False,True,False,success,,5,0.48756999999993667,epsilon_greedy,,244541,,,,,,,0.017412043593200487
2699,2698,,,24.5,56,True,False,True,False,success,,5,0.48737999999993664,epsilon_greedy,,244597,,,,,,,0.05708419697708454
2700,2699,,,11.0,83,True,False,True,False,success,,5,0.4871899999999366,epsilon_greedy,,244680,,,,,,,0.20595592431713125
2701,2700,,,20.5,64,True,False,True,False,success,,5,0.4869999999999366,epsilon_greedy,,244744,,,,,,,0.3776143468525414
2702,2701,,,25.0,55,True,False,True,False,success,,5,0.48680999999993657,epsilon_greedy,,244799,,,,,,,0.005173721243685451
2703,2702,,,30.0,45,True,False,True,False,success,,5,0.48661999999993655,epsilon_greedy,,244844,,,,,,,7.833826731326908e-05
2704,2703,,,12.5,80,True,False,True,False,success,,5,0.4864299999999365,epsilon_greedy,,244924,,,,,,,0.3427986656995815
2705,2704,,,17.5,70,True,False,True,False,success,,5,0.4862399999999365,epsilon_greedy,,244994,,,,,,,0.00254688005810174
2706,2705,,,32.0,41,True,False,True,False,success,,5,0.4860499999999365,epsilon_greedy,,245035,,,,,,,0.009389696775247055
2707,2706,,,28.0,49,True,False,True,False,success,,5,0.48585999999993645,epsilon_greedy,,245084,,,,,,,0.008479251392458073
2708,2707,,,6.5,92,True,False,True,False,success,,5,0.48566999999993643,epsilon_greedy,,245176,,,,,,,0.49239308051468667
2709,2708,,,16.5,72,True,False,True,False,success,,5,0.4854799999999364,epsilon_greedy,,245248,,,,,,,0.006699786996729708
2710,2709,,,21.5,62,True,False,True,False,success,,5,0.4852899999999364,epsilon_greedy,,245310,,,,,,,0.00020711198753999778
2711,2710,,,24.0,57,True,False,True,False,success,,5,0.48509999999993636,epsilon_greedy,,245367,,,,,,,0.008698075204278762
2712,2711,,,21.0,63,True,False,True,False,success,,5,0.48490999999993634,epsilon_greedy,,245430,,,,,,,0.010397301246396576
2713,2712,,,29.5,46,True,False,True,False,success,,5,0.4847199999999363,epsilon_greedy,,245476,,,,,,,0.005365531728481464
2714,2713,,,22.5,60,True,False,True,False,success,,5,0.4845299999999363,epsilon_greedy,,245536,,,,,,,0.0007321705455509549
2715,2714,,,18.5,68,True,False,True,False,success,,5,0.48433999999993627,epsilon_greedy,,245604,,,,,,,0.004401134108344026
2716,2715,,,12.5,80,True,False,True,False,success,,5,0.48414999999993624,epsilon_greedy,,245684,,,,,,,0.011789845164357115
2717,2716,,,28.0,49,True,False,True,False,success,,5,0.4839599999999362,epsilon_greedy,,245733,,,,,,,0.010976416995207572
2718,2717,,,10.5,84,True,False,True,False,success,,5,0.4837699999999362,epsilon_greedy,,245817,,,,,,,0.020670719838086753
2719,2718,,,14.0,77,True,False,True,False,success,,5,0.48357999999993617,epsilon_greedy,,245894,,,,,,,0.09553261072735457
2720,2719,,,30.5,44,True,False,True,False,success,,5,0.48338999999993615,epsilon_greedy,,245938,,,,,,,0.07638604206026342
2721,2720,,,24.0,57,True,False,True,False,success,,5,0.4831999999999361,epsilon_greedy,,245995,,,,,,,2.6234594375258784e-07
2722,2721,,,18.5,68,True,False,True,False,success,,5,0.4830099999999361,epsilon_greedy,,246063,,,,,,,0.14489424398694772
2723,2722,,,17.0,71,True,False,True,False,success,,5,0.4828199999999361,epsilon_greedy,,246134,,,,,,,0.06640755329865028
2724,2723,,,29.0,47,True,False,True,False,success,,5,0.48262999999993605,epsilon_greedy,,246181,,,,,,,0.5625524686439307
2725,2724,,,27.0,51,True,False,True,False,success,,5,0.48243999999993603,epsilon_greedy,,246232,,,,,,,0.04632349167195562
2726,2725,,,14.5,76,True,False,True,False,success,,5,0.482249999999936,epsilon_greedy,,246308,,,,,,,0.051544937858209065
2727,2726,,,28.0,49,True,False,True,False,success,,5,0.482059999999936,epsilon_greedy,,246357,,,,,,,1.3364918537423962e-05
2728,2727,,,15.5,74,True,False,True,False,success,,5,0.48186999999993596,epsilon_greedy,,246431,,,,,,,0.007045049727959586
2729,2728,,,24.5,56,True,False,True,False,success,,5,0.48167999999993594,epsilon_greedy,,246487,,,,,,,0.048697755870316994
2730,2729,,,27.0,51,True,False,True,False,success,,5,0.4814899999999359,epsilon_greedy,,246538,,,,,,,0.013399620717099379
2731,2730,,,22.5,60,True,False,True,False,success,,5,0.4812999999999359,epsilon_greedy,,246598,,,,,,,0.06813025053561114
2732,2731,,,22.5,60,True,False,True,False,success,,5,0.48110999999993587,epsilon_greedy,,246658,,,,,,,0.0014295513209344967
2733,2732,,,17.5,70,True,False,True,False,success,,5,0.48091999999993584,epsilon_greedy,,246728,,,,,,,0.005005042046713174
2734,2733,,,30.0,45,True,False,True,False,success,,5,0.4807299999999358,epsilon_greedy,,246773,,,,,,,0.004977208185758177
2735,2734,,,10.5,84,True,False,True,False,success,,5,0.4805399999999358,epsilon_greedy,,246857,,,,,,,0.09490887047286821
2736,2735,,,23.0,59,True,False,True,False,success,,5,0.4803499999999358,epsilon_greedy,,246916,,,,,,,0.06813402220113277
2737,2736,,,18.5,68,True,False,True,False,success,,5,0.48015999999993575,epsilon_greedy,,246984,,,,,,,0.253714580349354
2738,2737,,,22.5,60,True,False,True,False,success,,5,0.4799699999999357,epsilon_greedy,,247044,,,,,,,0.0013181953198279676
2739,2738,,,21.0,63,True,False,True,False,success,,5,0.4797799999999357,epsilon_greedy,,247107,,,,,,,0.014481365831323085
2740,2739,,,20.5,64,True,False,True,False,success,,5,0.4795899999999357,epsilon_greedy,,247171,,,,,,,0.0010259575418920114
2741,2740,,,25.0,55,True,False,True,False,success,,5,0.47939999999993566,epsilon_greedy,,247226,,,,,,,0.13029979350433335
2742,2741,,,30.0,45,True,False,True,False,success,,5,0.47920999999993563,epsilon_greedy,,247271,,,,,,,6.951109551548306e-05
2743,2742,,,27.0,51,True,False,True,False,success,,5,0.4790199999999356,epsilon_greedy,,247322,,,,,,,0.06792686063000836
2744,2743,,,32.0,41,True,False,True,False,success,,5,0.4788299999999356,epsilon_greedy,,247363,,,,,,,5.0606242638239236e-05
2745,2744,,,27.0,51,True,False,True,False,success,,5,0.47863999999993556,epsilon_greedy,,247414,,,,,,,0.0029359794850791505
2746,2745,,,27.5,50,True,False,True,False,success,,5,0.47844999999993554,epsilon_greedy,,247464,,,,,,,0.0003798660718795333
2747,2746,,,25.0,55,True,False,True,False,success,,5,0.4782599999999355,epsilon_greedy,,247519,,,,,,,0.0017696805593538235
2748,2747,,,30.5,44,True,False,True,False,success,,5,0.4780699999999355,epsilon_greedy,,247563,,,,,,,0.031538253111968645
2749,2748,,,17.0,71,True,False,True,False,success,,5,0.47787999999993547,epsilon_greedy,,247634,,,,,,,0.021683863300744736
2750,2749,,,30.5,44,True,False,True,False,success,,5,0.47768999999993544,epsilon_greedy,,247678,,,,,,,3.146081439342474e-05
2751,2750,,,13.0,79,True,False,True,False,success,,5,0.4774999999999354,epsilon_greedy,,247757,,,,,,,0.004965239232267823
2752,2751,,,27.0,51,True,False,True,False,success,,5,0.4773099999999354,epsilon_greedy,,247808,,,,,,,0.029636977280535673
2753,2752,,,-8.0,100,False,False,False,True,cutoff,,4,0.4771199999999354,epsilon_greedy,,247908,,,,,,,0.6586679147699052
2754,2753,,,19.0,67,True,False,True,False,success,,5,0.47692999999993535,epsilon_greedy,,247975,,,,,,,0.14771882051026566
2755,2754,,,20.5,64,True,False,True,False,success,,5,0.4767399999999353,epsilon_greedy,,248039,,,,,,,0.0008616438635486029
2756,2755,,,31.5,42,True,False,True,False,success,,5,0.4765499999999353,epsilon_greedy,,248081,,,,,,,0.003079535666082571
2757,2756,,,22.5,60,True,False,True,False,success,,5,0.4763599999999353,epsilon_greedy,,248141,,,,,,,0.012334740437902333
2758,2757,,,33.0,39,True,False,True,False,success,,5,0.47616999999993526,epsilon_greedy,,248180,,,,,,,0.00011684629549401339
2759,2758,,,6.5,92,True,False,True,False,success,,5,0.47597999999993523,epsilon_greedy,,248272,,,,,,,0.1448791199540319
2760,2759,,,31.5,42,True,False,True,False,success,,5,0.4757899999999352,epsilon_greedy,,248314,,,,,,,0.0030146128496673827
2761,2760,,,24.0,57,True,False,True,False,success,,5,0.4755999999999352,epsilon_greedy,,248371,,,,,,,0.009171991271384365
2762,2761,,,20.0,65,True,False,True,False,success,,5,0.47540999999993516,epsilon_greedy,,248436,,,,,,,0.018153595466695097
2763,2762,,,29.5,46,True,False,True,False,success,,5,0.47521999999993514,epsilon_greedy,,248482,,,,,,,0.2965612419798614
2764,2763,,,26.0,53,True,False,True,False,success,,5,0.4750299999999351,epsilon_greedy,,248535,,,,,,,0.002775917963551664
2765,2764,,,24.0,57,True,False,True,False,success,,5,0.4748399999999351,epsilon_greedy,,248592,,,,,,,0.22554954646342074
2766,2765,,,15.0,75,True,False,True,False,success,,5,0.47464999999993507,epsilon_greedy,,248667,,,,,,,0.03610892041655292
2767,2766,,,24.5,56,True,False,True,False,success,,5,0.47445999999993504,epsilon_greedy,,248723,,,,,,,0.013020748378697726
2768,2767,,,6.0,93,True,False,True,False,success,,5,0.474269999999935,epsilon_greedy,,248816,,,,,,,0.10956326651693228
2769,2768,,,26.0,53,True,False,True,False,success,,5,0.474079999999935,epsilon_greedy,,248869,,,,,,,0.06575113124128182
2770,2769,,,26.5,52,True,False,True,False,success,,5,0.473889999999935,epsilon_greedy,,248921,,,,,,,0.06993364428267322
2771,2770,,,31.5,42,True,False,True,False,success,,5,0.47369999999993495,epsilon_greedy,,248963,,,,,,,0.0020652112374025373
2772,2771,,,10.0,85,True,False,True,False,success,,5,0.4735099999999349,epsilon_greedy,,249048,,,,,,,0.07307268952140834
2773,2772,,,18.0,69,True,False,True,False,success,,5,0.4733199999999349,epsilon_greedy,,249117,,,,,,,0.010833023692256008
2774,2773,,,19.5,66,True,False,True,False,success,,5,0.4731299999999349,epsilon_greedy,,249183,,,,,,,0.06734112621296308
2775,2774,,,22.5,60,True,False,True,False,success,,5,0.47293999999993486,epsilon_greedy,,249243,,,,,,,0.5529098512356164
2776,2775,,,25.5,54,True,False,True,False,success,,5,0.47274999999993483,epsilon_greedy,,249297,,,,,,,0.046450522542377554
2777,2776,,,28.0,49,True,False,True,False,success,,5,0.4725599999999348,epsilon_greedy,,249346,,,,,,,0.08676021853690764
2778,2777,,,19.5,66,True,False,True,False,success,,5,0.4723699999999348,epsilon_greedy,,249412,,,,,,,0.0021669517125948445
2779,2778,,,30.0,45,True,False,True,False,success,,5,0.47217999999993476,epsilon_greedy,,249457,,,,,,,0.0009497277530979373
2780,2779,,,23.0,59,True,False,True,False,success,,5,0.47198999999993474,epsilon_greedy,,249516,,,,,,,0.00220306227522191
2781,2780,,,28.0,49,True,False,True,False,success,,5,0.4717999999999347,epsilon_greedy,,249565,,,,,,,0.00019805973738416154
2782,2781,,,24.5,56,True,False,True,False,success,,5,0.4716099999999347,epsilon_greedy,,249621,,,,,,,0.0001048148413157955
2783,2782,,,23.0,59,True,False,True,False,success,,5,0.47141999999993467,epsilon_greedy,,249680,,,,,,,0.000719915501210405
2784,2783,,,18.5,68,True,False,True,False,success,,5,0.47122999999993465,epsilon_greedy,,249748,,,,,,,0.0031782289773350874
2785,2784,,,25.0,55,True,False,True,False,success,,5,0.4710399999999346,epsilon_greedy,,249803,,,,,,,0.02604539495450159
2786,2785,,,20.5,64,True,False,True,False,success,,5,0.4708499999999346,epsilon_greedy,,249867,,,,,,,0.0027732108720941034
2787,2786,,,24.0,57,True,False,True,False,success,,5,0.4706599999999346,epsilon_greedy,,249924,,,,,,,0.009125419997554897
2788,2787,,,21.5,62,True,False,True,False,success,,5,0.47046999999993455,epsilon_greedy,,249986,,,,,,,0.328821539929188
2789,2788,,,7.5,90,True,False,True,False,success,,5,0.47027999999993453,epsilon_greedy,,250076,,,,,,,0.01588336251820781
2790,2789,,,27.0,51,True,False,True,False,success,,5,0.4700899999999345,epsilon_greedy,,250127,,,,,,,0.17878114302926493
2791,2790,,,36.0,33,True,False,True,False,success,,5,0.4698999999999345,epsilon_greedy,,250160,,,,,,,0.0012711306109272405
2792,2791,,,30.0,45,True,False,True,False,success,,5,0.46970999999993446,epsilon_greedy,,250205,,,,,,,0.0029281367157225823
2793,2792,,,26.5,52,True,False,True,False,success,,5,0.46951999999993443,epsilon_greedy,,250257,,,,,,,0.42505592106811696
2794,2793,,,28.5,48,True,False,True,False,success,,5,0.4693299999999344,epsilon_greedy,,250305,,,,,,,0.0034766720560741593
2795,2794,,,19.0,67,True,False,True,False,success,,5,0.4691399999999344,epsilon_greedy,,250372,,,,,,,0.05625006110664249
2796,2795,,,20.0,65,True,False,True,False,success,,5,0.46894999999993436,epsilon_greedy,,250437,,,,,,,0.0009024423247019593
2797,2796,,,25.0,55,True,False,True,False,success,,5,0.46875999999993434,epsilon_greedy,,250492,,,,,,,0.049667657451840895
2798,2797,,,32.5,40,True,False,True,False,success,,5,0.4685699999999343,epsilon_greedy,,250532,,,,,,,2.3254336745104353e-08
2799,2798,,,30.0,45,True,False,True,False,success,,5,0.4683799999999343,epsilon_greedy,,250577,,,,,,,0.0002957410597877007
2800,2799,,,30.5,44,True,False,True,False,success,,5,0.46818999999993427,epsilon_greedy,,250621,,,,,,,0.0005386201579773632
2801,2800,,,25.0,55,True,False,True,False,success,,5,0.46799999999993425,epsilon_greedy,,250676,,,,,,,0.007767761875490949
2802,2801,,,19.5,66,True,False,True,False,success,,5,0.4678099999999342,epsilon_greedy,,250742,,,,,,,0.0006687429140223595
2803,2802,,,20.0,65,True,False,True,False,success,,5,0.4676199999999342,epsilon_greedy,,250807,,,,,,,0.10964904725554958
2804,2803,,,32.0,41,True,False,True,False,success,,5,0.4674299999999342,epsilon_greedy,,250848,,,,,,,0.02585748692942028
2805,2804,,,22.5,60,True,False,True,False,success,,5,0.46723999999993415,epsilon_greedy,,250908,,,,,,,0.0005443118676322485
2806,2805,,,17.0,71,True,False,True,False,success,,5,0.46704999999993413,epsilon_greedy,,250979,,,,,,,0.11155378162583693
2807,2806,,,12.5,80,True,False,True,False,success,,5,0.4668599999999341,epsilon_greedy,,251059,,,,,,,0.007581905500983188
2808,2807,,,16.5,72,True,False,True,False,success,,5,0.4666699999999341,epsilon_greedy,,251131,,,,,,,0.0057558608936043466
2809,2808,,,26.5,52,True,False,True,False,success,,5,0.46647999999993406,epsilon_greedy,,251183,,,,,,,0.006116549620926474
2810,2809,,,15.5,74,True,False,True,False,success,,5,0.46628999999993404,epsilon_greedy,,251257,,,,,,,0.06745706456749115
2811,2810,,,17.0,71,True,False,True,False,success,,5,0.466099999999934,epsilon_greedy,,251328,,,,,,,0.013299513661522218
2812,2811,,,26.5,52,True,False,True,False,success,,5,0.465909999999934,epsilon_greedy,,251380,,,,,,,0.006678253008471358
2813,2812,,,35.5,34,True,False,True,False,success,,5,0.46571999999993396,epsilon_greedy,,251414,,,,,,,1.7237181172609607e-08
2814,2813,,,26.0,53,True,False,True,False,success,,5,0.46552999999993394,epsilon_greedy,,251467,,,,,,,0.23896299542500593
2815,2814,,,24.5,56,True,False,True,False,success,,5,0.4653399999999339,epsilon_greedy,,251523,,,,,,,7.515770831087058e-09
2816,2815,,,29.0,47,True,False,True,False,success,,5,0.4651499999999339,epsilon_greedy,,251570,,,,,,,0.002467886013691513
2817,2816,,,12.5,80,True,False,True,False,success,,5,0.46495999999993387,epsilon_greedy,,251650,,,,,,,0.013933282980812534
2818,2817,,,13.0,79,True,False,True,False,success,,5,0.46476999999993385,epsilon_greedy,,251729,,,,,,,0.10207207332807004
2819,2818,,,22.5,60,True,False,True,False,success,,5,0.4645799999999338,epsilon_greedy,,251789,,,,,,,0.05579500594969465
2820,2819,,,30.0,45,True,False,True,False,success,,5,0.4643899999999338,epsilon_greedy,,251834,,,,,,,0.0014447870285549452
2821,2820,,,16.0,73,True,False,True,False,success,,5,0.4641999999999338,epsilon_greedy,,251907,,,,,,,0.00499353278193079
2822,2821,,,17.5,70,True,False,True,False,success,,5,0.46400999999993375,epsilon_greedy,,251977,,,,,,,0.0016312973327042243
2823,2822,,,19.5,66,True,False,True,False,success,,5,0.46381999999993373,epsilon_greedy,,252043,,,,,,,0.019792992933829176
2824,2823,,,18.0,69,True,False,True,False,success,,5,0.4636299999999337,epsilon_greedy,,252112,,,,,,,0.06984379997218344
2825,2824,,,28.0,49,True,False,True,False,success,,5,0.4634399999999337,epsilon_greedy,,252161,,,,,,,0.0002202361460150782
2826,2825,,,24.0,57,True,False,True,False,success,,5,0.46324999999993366,epsilon_greedy,,252218,,,,,,,0.000732000514659385
2827,2826,,,20.5,64,True,False,True,False,success,,5,0.46305999999993364,epsilon_greedy,,252282,,,,,,,0.018563389736271023
2828,2827,,,21.0,63,True,False,True,False,success,,5,0.4628699999999336,epsilon_greedy,,252345,,,,,,,0.059803075108527864
2829,2828,,,34.5,36,True,False,True,False,success,,5,0.4626799999999336,epsilon_greedy,,252381,,,,,,,1.3519530507445488e-08
2830,2829,,,-8.0,100,False,False,False,True,cutoff,,4,0.46248999999993357,epsilon_greedy,,252481,,,,,,,0.11510468267300769
2831,2830,,,22.0,61,True,False,True,False,success,,5,0.46229999999993354,epsilon_greedy,,252542,,,,,,,0.008119193778437702
2832,2831,,,29.0,47,True,False,True,False,success,,5,0.4621099999999335,epsilon_greedy,,252589,,,,,,,0.015371721685373405
2833,2832,,,28.5,48,True,False,True,False,success,,5,0.4619199999999335,epsilon_greedy,,252637,,,,,,,0.0006634079544414936
2834,2833,,,27.0,51,True,False,True,False,success,,5,0.46172999999993347,epsilon_greedy,,252688,,,,,,,0.23176100920283765
2835,2834,,,30.5,44,True,False,True,False,success,,5,0.46153999999993345,epsilon_greedy,,252732,,,,,,,0.4262986913646217
2836,2835,,,3.5,98,True,False,True,False,success,,5,0.4613499999999334,epsilon_greedy,,252830,,,,,,,0.007914236048791103
2837,2836,,,25.5,54,True,False,True,False,success,,5,0.4611599999999334,epsilon_greedy,,252884,,,,,,,0.0028996015106868165
2838,2837,,,26.0,53,True,False,True,False,success,,5,0.4609699999999334,epsilon_greedy,,252937,,,,,,,0.0021170362387367197
2839,2838,,,11.0,83,True,False,True,False,success,,5,0.46077999999993335,epsilon_greedy,,253020,,,,,,,0.3113854614028852
2840,2839,,,31.0,43,True,False,True,False,success,,5,0.46058999999993333,epsilon_greedy,,253063,,,,,,,0.001985123716221677
2841,2840,,,23.5,58,True,False,True,False,success,,5,0.4603999999999333,epsilon_greedy,,253121,,,,,,,0.0469948852732025
2842,2841,,,34.0,37,True,False,True,False,success,,5,0.4602099999999333,epsilon_greedy,,253158,,,,,,,2.1198888578478115e-08
2843,2842,,,28.0,49,True,False,True,False,success,,5,0.46001999999993326,epsilon_greedy,,253207,,,,,,,0.0007012055890631198
2844,2843,,,14.5,76,True,False,True,False,success,,5,0.45982999999993324,epsilon_greedy,,253283,,,,,,,0.6698402206261713
2845,2844,,,27.5,50,True,False,True,False,success,,5,0.4596399999999332,epsilon_greedy,,253333,,,,,,,0.20564413957483174
2846,2845,,,17.0,71,True,False,True,False,success,,5,0.4594499999999332,epsilon_greedy,,253404,,,,,,,0.6370508477186583
2847,2846,,,26.5,52,True,False,True,False,success,,5,0.45925999999993317,epsilon_greedy,,253456,,,,,,,0.0005751438723127735
2848,2847,,,31.5,42,True,False,True,False,success,,5,0.45906999999993314,epsilon_greedy,,253498,,,,,,,8.468123091631696e-09
2849,2848,,,31.0,43,True,False,True,False,success,,5,0.4588799999999331,epsilon_greedy,,253541,,,,,,,0.0004015078363084397
2850,2849,,,21.0,63,True,False,True,False,success,,5,0.4586899999999331,epsilon_greedy,,253604,,,,,,,0.19252627856033216
2851,2850,,,26.0,53,True,False,True,False,success,,5,0.45849999999993307,epsilon_greedy,,253657,,,,,,,0.002005003172129478
2852,2851,,,19.0,67,True,False,True,False,success,,5,0.45830999999993305,epsilon_greedy,,253724,,,,,,,0.0017192671881750604
2853,2852,,,17.0,71,True,False,True,False,success,,5,0.458119999999933,epsilon_greedy,,253795,,,,,,,0.08100642227776368
2854,2853,,,36.0,33,True,False,True,False,success,,5,0.457929999999933,epsilon_greedy,,253828,,,,,,,2.2612266268183566e-10
2855,2854,,,17.5,70,True,False,True,False,success,,5,0.457739999999933,epsilon_greedy,,253898,,,,,,,0.18691229347608035
2856,2855,,,26.0,53,True,False,True,False,success,,5,0.45754999999993295,epsilon_greedy,,253951,,,,,,,0.0004742076298424026
2857,2856,,,25.5,54,True,False,True,False,success,,5,0.45735999999993293,epsilon_greedy,,254005,,,,,,,4.484564480856369e-05
2858,2857,,,28.0,49,True,False,True,False,success,,5,0.4571699999999329,epsilon_greedy,,254054,,,,,,,0.01508579990009909
2859,2858,,,21.0,63,True,False,True,False,success,,5,0.4569799999999329,epsilon_greedy,,254117,,,,,,,0.008201944059928254
2860,2859,,,24.0,57,True,False,True,False,success,,5,0.45678999999993286,epsilon_greedy,,254174,,,,,,,0.0007384230244955759
2861,2860,,,14.0,77,True,False,True,False,success,,5,0.45659999999993284,epsilon_greedy,,254251,,,,,,,0.7798136593866831
2862,2861,,,29.0,47,True,False,True,False,success,,5,0.4564099999999328,epsilon_greedy,,254298,,,,,,,0.012307420066056281
2863,2862,,,27.0,51,True,False,True,False,success,,5,0.4562199999999328,epsilon_greedy,,254349,,,,,,,0.015293430479460022
2864,2863,,,25.5,54,True,False,True,False,success,,5,0.45602999999993277,epsilon_greedy,,254403,,,,,,,0.0011576083142636124
2865,2864,,,24.0,57,True,False,True,False,success,,5,0.45583999999993274,epsilon_greedy,,254460,,,,,,,0.00010494545493065606
2866,2865,,,27.0,51,True,False,True,False,success,,5,0.4556499999999327,epsilon_greedy,,254511,,,,,,,8.470805133510915e-05
2867,2866,,,30.5,44,True,False,True,False,success,,5,0.4554599999999327,epsilon_greedy,,254555,,,,,,,1.0356684661387434e-08
2868,2867,,,29.5,46,True,False,True,False,success,,5,0.4552699999999327,epsilon_greedy,,254601,,,,,,,0.0004129259121669494
2869,2868,,,36.5,32,True,False,True,False,success,,5,0.45507999999993265,epsilon_greedy,,254633,,,,,,,0.01773448019582438
2870,2869,,,26.5,52,True,False,True,False,success,,5,0.4548899999999326,epsilon_greedy,,254685,,,,,,,0.0020379272320217943
2871,2870,,,22.5,60,True,False,True,False,success,,5,0.4546999999999326,epsilon_greedy,,254745,,,,,,,0.036283652495308356
2872,2871,,,25.0,55,True,False,True,False,success,,5,0.4545099999999326,epsilon_greedy,,254800,,,,,,,1.648406753111751e-05
2873,2872,,,28.0,49,True,False,True,False,success,,5,0.45431999999993256,epsilon_greedy,,254849,,,,,,,0.009323535751429699
2874,2873,,,29.5,46,True,False,True,False,success,,5,0.45412999999993253,epsilon_greedy,,254895,,,,,,,0.00128369618668965
2875,2874,,,26.0,53,True,False,True,False,success,,5,0.4539399999999325,epsilon_greedy,,254948,,,,,,,0.0021135654045409706
2876,2875,,,34.5,36,True,False,True,False,success,,5,0.4537499999999325,epsilon_greedy,,254984,,,,,,,3.042430039067333e-05
2877,2876,,,14.0,77,True,False,True,False,success,,5,0.45355999999993246,epsilon_greedy,,255061,,,,,,,0.002939416414053313
2878,2877,,,29.0,47,True,False,True,False,success,,5,0.45336999999993244,epsilon_greedy,,255108,,,,,,,0.21175220040369122
2879,2878,,,25.0,55,True,False,True,False,success,,5,0.4531799999999324,epsilon_greedy,,255163,,,,,,,0.00871910898168638
2880,2879,,,33.5,38,True,False,True,False,success,,5,0.4529899999999324,epsilon_greedy,,255201,,,,,,,0.00032081673571586987
2881,2880,,,33.0,39,True,False,True,False,success,,5,0.45279999999993237,epsilon_greedy,,255240,,,,,,,0.0073628582786207895
2882,2881,,,13.5,78,True,False,True,False,success,,5,0.45260999999993234,epsilon_greedy,,255318,,,,,,,0.18966598797405854
2883,2882,,,21.5,62,True,False,True,False,success,,5,0.4524199999999323,epsilon_greedy,,255380,,,,,,,0.16226203801365607
2884,2883,,,30.0,45,True,False,True,False,success,,5,0.4522299999999323,epsilon_greedy,,255425,,,,,,,2.8286382183514054e-06
2885,2884,,,32.0,41,True,False,True,False,success,,5,0.4520399999999323,epsilon_greedy,,255466,,,,,,,0.06361523365073263
2886,2885,,,19.5,66,True,False,True,False,success,,5,0.45184999999993225,epsilon_greedy,,255532,,,,,,,0.8605567977651424
2887,2886,,,31.0,43,True,False,True,False,success,,5,0.4516599999999322,epsilon_greedy,,255575,,,,,,,0.0017166373680334204
2888,2887,,,23.5,58,True,False,True,False,success,,5,0.4514699999999322,epsilon_greedy,,255633,,,,,,,0.011152965765320854
2889,2888,,,20.0,65,True,False,True,False,success,,5,0.4512799999999322,epsilon_greedy,,255698,,,,,,,0.19863745342822275
2890,2889,,,24.0,57,True,False,True,False,success,,5,0.45108999999993216,epsilon_greedy,,255755,,,,,,,4.0542333671442465e-05
2891,2890,,,18.0,69,True,False,True,False,success,,5,0.45089999999993213,epsilon_greedy,,255824,,,,,,,0.05614818701296512
2892,2891,,,27.0,51,True,False,True,False,success,,5,0.4507099999999321,epsilon_greedy,,255875,,,,,,,1.4394557733158494e-05
2893,2892,,,30.0,45,True,False,True,False,success,,5,0.4505199999999321,epsilon_greedy,,255920,,,,,,,0.007521087715374798
2894,2893,,,21.5,62,True,False,True,False,success,,5,0.45032999999993206,epsilon_greedy,,255982,,,,,,,0.12286780050572324
2895,2894,,,20.0,65,True,False,True,False,success,,5,0.45013999999993204,epsilon_greedy,,256047,,,,,,,0.006178096711987252
2896,2895,,,20.5,64,True,False,True,False,success,,5,0.449949999999932,epsilon_greedy,,256111,,,,,,,0.08845635791993763
2897,2896,,,21.0,63,True,False,True,False,success,,5,0.449759999999932,epsilon_greedy,,256174,,,,,,,0.0007494317266869448
2898,2897,,,27.0,51,True,False,True,False,success,,5,0.44956999999993197,epsilon_greedy,,256225,,,,,,,4.326035686537633e-09
2899,2898,,,22.5,60,True,False,True,False,success,,5,0.44937999999993194,epsilon_greedy,,256285,,,,,,,0.0028503073416673796
2900,2899,,,25.0,55,True,False,True,False,success,,5,0.4491899999999319,epsilon_greedy,,256340,,,,,,,0.013036247221044855
2901,2900,,,21.5,62,True,False,True,False,success,,5,0.4489999999999319,epsilon_greedy,,256402,,,,,,,0.25273265171285436
2902,2901,,,25.0,55,True,False,True,False,success,,5,0.4488099999999319,epsilon_greedy,,256457,,,,,,,0.07113894277335724
2903,2902,,,25.0,55,True,False,True,False,success,,5,0.44861999999993185,epsilon_greedy,,256512,,,,,,,0.051701424051637586
2904,2903,,,32.5,40,True,False,True,False,success,,5,0.4484299999999318,epsilon_greedy,,256552,,,,,,,0.0014299997750492955
2905,2904,,,18.0,69,True,False,True,False,success,,5,0.4482399999999318,epsilon_greedy,,256621,,,,,,,0.11520475125060471
2906,2905,,,32.0,41,True,False,True,False,success,,5,0.4480499999999318,epsilon_greedy,,256662,,,,,,,0.06453960339713499
2907,2906,,,31.0,43,True,False,True,False,success,,5,0.44785999999993176,epsilon_greedy,,256705,,,,,,,0.05399409913270637
2908,2907,,,-8.0,100,False,False,False,True,cutoff,,4,0.44766999999993173,epsilon_greedy,,256805,,,,,,,0.6481056372522254
2909,2908,,,28.0,49,True,False,True,False,success,,5,0.4474799999999317,epsilon_greedy,,256854,,,,,,,0.08204409320836152
2910,2909,,,28.5,48,True,False,True,False,success,,5,0.4472899999999317,epsilon_greedy,,256902,,,,,,,0.25896266214642943
2911,2910,,,26.5,52,True,False,True,False,success,,5,0.44709999999993166,epsilon_greedy,,256954,,,,,,,0.1187298395566611
2912,2911,,,23.5,58,True,False,True,False,success,,5,0.44690999999993164,epsilon_greedy,,257012,,,,,,,0.7118745059533783
2913,2912,,,29.5,46,True,False,True,False,success,,5,0.4467199999999316,epsilon_greedy,,257058,,,,,,,0.00020649495491837052
2914,2913,,,26.5,52,True,False,True,False,success,,5,0.4465299999999316,epsilon_greedy,,257110,,,,,,,0.000769378219769506
2915,2914,,,24.0,57,True,False,True,False,success,,5,0.44633999999993157,epsilon_greedy,,257167,,,,,,,0.06798805472407474
2916,2915,,,34.0,37,True,False,True,False,success,,5,0.44614999999993155,epsilon_greedy,,257204,,,,,,,0.0006035088138357304
2917,2916,,,14.5,76,True,False,True,False,success,,5,0.4459599999999315,epsilon_greedy,,257280,,,,,,,0.042147068924543174
2918,2917,,,16.0,73,True,False,True,False,success,,5,0.4457699999999315,epsilon_greedy,,257353,,,,,,,0.16802614822931455
2919,2918,,,16.0,73,True,False,True,False,success,,5,0.4455799999999315,epsilon_greedy,,257426,,,,,,,0.014177627890084008
2920,2919,,,18.5,68,True,False,True,False,success,,5,0.44538999999993145,epsilon_greedy,,257494,,,,,,,0.0014178397834452164
2921,2920,,,23.0,59,True,False,True,False,success,,5,0.44519999999993143,epsilon_greedy,,257553,,,,,,,0.01664555833839653
2922,2921,,,28.0,49,True,False,True,False,success,,5,0.4450099999999314,epsilon_greedy,,257602,,,,,,,0.13744437911193097
2923,2922,,,27.0,51,True,False,True,False,success,,5,0.4448199999999314,epsilon_greedy,,257653,,,,,,,0.3834147287921776
2924,2923,,,30.5,44,True,False,True,False,success,,5,0.44462999999993136,epsilon_greedy,,257697,,,,,,,0.00013083216612891862
2925,2924,,,29.5,46,True,False,True,False,success,,5,0.44443999999993133,epsilon_greedy,,257743,,,,,,,0.0028938991715760426
2926,2925,,,28.0,49,True,False,True,False,success,,5,0.4442499999999313,epsilon_greedy,,257792,,,,,,,0.11763954809570377
2927,2926,,,-8.0,100,False,False,False,True,cutoff,,4,0.4440599999999313,epsilon_greedy,,257892,,,,,,,0.5923323971213292
2928,2927,,,29.0,47,True,False,True,False,success,,5,0.44386999999993126,epsilon_greedy,,257939,,,,,,,0.000940248291035937
2929,2928,,,-8.0,100,False,False,False,True,cutoff,,4,0.44367999999993124,epsilon_greedy,,258039,,,,,,,0.7678450692112223
2930,2929,,,30.5,44,True,False,True,False,success,,5,0.4434899999999312,epsilon_greedy,,258083,,,,,,,0.0023507724491954696
2931,2930,,,28.0,49,True,False,True,False,success,,5,0.4432999999999312,epsilon_greedy,,258132,,,,,,,0.038220996579708816
2932,2931,,,26.5,52,True,False,True,False,success,,5,0.44310999999993117,epsilon_greedy,,258184,,,,,,,0.0563912030361339
2933,2932,,,22.0,61,True,False,True,False,success,,5,0.44291999999993115,epsilon_greedy,,258245,,,,,,,0.0014489328911460261
2934,2933,,,31.0,43,True,False,True,False,success,,5,0.4427299999999311,epsilon_greedy,,258288,,,,,,,8.51389601103789e-05
2935,2934,,,21.5,62,True,False,True,False,success,,5,0.4425399999999311,epsilon_greedy,,258350,,,,,,,0.05284538606267015
2936,2935,,,34.0,37,True,False,True,False,success,,5,0.4423499999999311,epsilon_greedy,,258387,,,,,,,2.6728623396269927e-07
2937,2936,,,30.5,44,True,False,True,False,success,,5,0.44215999999993105,epsilon_greedy,,258431,,,,,,,6.2500554832599746e-09
2938,2937,,,32.0,41,True,False,True,False,success,,5,0.44196999999993103,epsilon_greedy,,258472,,,,,,,9.120893742173083e-10
2939,2938,,,33.0,39,True,False,True,False,success,,5,0.441779999999931,epsilon_greedy,,258511,,,,,,,0.0032998023611488757
2940,2939,,,26.0,53,True,False,True,False,success,,5,0.441589999999931,epsilon_greedy,,258564,,,,,,,0.0019671500644962525
2941,2940,,,29.0,47,True,False,True,False,success,,5,0.44139999999993096,epsilon_greedy,,258611,,,,,,,7.897638099052529e-10
2942,2941,,,26.5,52,True,False,True,False,success,,5,0.44120999999993094,epsilon_greedy,,258663,,,,,,,0.0006220606343201318
2943,2942,,,33.5,38,True,False,True,False,success,,5,0.4410199999999309,epsilon_greedy,,258701,,,,,,,0.0006110100379047287
2944,2943,,,17.0,71,True,False,True,False,success,,5,0.4408299999999309,epsilon_greedy,,258772,,,,,,,0.003791165820390714
2945,2944,,,22.0,61,True,False,True,False,success,,5,0.44063999999993086,epsilon_greedy,,258833,,,,,,,0.012339417677546096
2946,2945,,,31.0,43,True,False,True,False,success,,5,0.44044999999993084,epsilon_greedy,,258876,,,,,,,0.009831155397518698
2947,2946,,,23.0,59,True,False,True,False,success,,5,0.4402599999999308,epsilon_greedy,,258935,,,,,,,0.0028953651510456205
2948,2947,,,29.5,46,True,False,True,False,success,,5,0.4400699999999308,epsilon_greedy,,258981,,,,,,,0.002816876070664339
2949,2948,,,29.5,46,True,False,True,False,success,,5,0.43987999999993077,epsilon_greedy,,259027,,,,,,,4.0880450136171476e-09
2950,2949,,,23.5,58,True,False,True,False,success,,5,0.43968999999993075,epsilon_greedy,,259085,,,,,,,0.03358385215305791
2951,2950,,,28.0,49,True,False,True,False,success,,5,0.4394999999999307,epsilon_greedy,,259134,,,,,,,0.00033550394922341874
2952,2951,,,27.5,50,True,False,True,False,success,,5,0.4393099999999307,epsilon_greedy,,259184,,,,,,,9.702400258756682e-05
2953,2952,,,30.5,44,True,False,True,False,success,,5,0.4391199999999307,epsilon_greedy,,259228,,,,,,,0.00019125491703280757
2954,2953,,,32.0,41,True,False,True,False,success,,5,0.43892999999993065,epsilon_greedy,,259269,,,,,,,0.00040047191356021777
2955,2954,,,24.5,56,True,False,True,False,success,,5,0.43873999999993063,epsilon_greedy,,259325,,,,,,,0.004644648636002383
2956,2955,,,16.5,72,True,False,True,False,success,,5,0.4385499999999306,epsilon_greedy,,259397,,,,,,,0.14311634519182567
2957,2956,,,27.5,50,True,False,True,False,success,,5,0.4383599999999306,epsilon_greedy,,259447,,,,,,,0.0007345531048631849
2958,2957,,,26.0,53,True,False,True,False,success,,5,0.43816999999993056,epsilon_greedy,,259500,,,,,,,0.037788254459034554
2959,2958,,,22.0,61,True,False,True,False,success,,5,0.43797999999993054,epsilon_greedy,,259561,,,,,,,0.033659461533190466
2960,2959,,,30.5,44,True,False,True,False,success,,5,0.4377899999999305,epsilon_greedy,,259605,,,,,,,0.059142660584279354
2961,2960,,,32.0,41,True,False,True,False,success,,5,0.4375999999999305,epsilon_greedy,,259646,,,,,,,0.00015121657492110405
2962,2961,,,27.5,50,True,False,True,False,success,,5,0.43740999999993047,epsilon_greedy,,259696,,,,,,,0.22292213686704684
2963,2962,,,26.0,53,True,False,True,False,success,,5,0.43721999999993044,epsilon_greedy,,259749,,,,,,,0.4380151154528374
2964,2963,,,18.5,68,True,False,True,False,success,,5,0.4370299999999304,epsilon_greedy,,259817,,,,,,,0.1507945752088346
2965,2964,,,26.0,53,True,False,True,False,success,,5,0.4368399999999304,epsilon_greedy,,259870,,,,,,,0.0008162216850932208
2966,2965,,,18.5,68,True,False,True,False,success,,5,0.43664999999993037,epsilon_greedy,,259938,,,,,,,0.21464464430062802
2967,2966,,,25.5,54,True,False,True,False,success,,5,0.43645999999993035,epsilon_greedy,,259992,,,,,,,0.0029980698084645548
2968,2967,,,19.0,67,True,False,True,False,success,,5,0.4362699999999303,epsilon_greedy,,260059,,,,,,,0.060327022226937074
2969,2968,,,30.0,45,True,False,True,False,success,,5,0.4360799999999303,epsilon_greedy,,260104,,,,,,,3.3714425322667944e-05
2970,2969,,,19.0,67,True,False,True,False,success,,5,0.4358899999999303,epsilon_greedy,,260171,,,,,,,0.012913209546097556
2971,2970,,,15.0,75,True,False,True,False,success,,5,0.43569999999993025,epsilon_greedy,,260246,,,,,,,0.003780387054922502
2972,2971,,,27.0,51,True,False,True,False,success,,5,0.43550999999993023,epsilon_greedy,,260297,,,,,,,0.17078224849183202
2973,2972,,,19.0,67,True,False,True,False,success,,5,0.4353199999999302,epsilon_greedy,,260364,,,,,,,0.009365786960240156
2974,2973,,,30.0,45,True,False,True,False,success,,5,0.4351299999999302,epsilon_greedy,,260409,,,,,,,0.006698079694776639
2975,2974,,,28.5,48,True,False,True,False,success,,5,0.43493999999993016,epsilon_greedy,,260457,,,,,,,0.00024316616068400151
2976,2975,,,25.5,54,True,False,True,False,success,,5,0.43474999999993014,epsilon_greedy,,260511,,,,,,,0.0027664963299167842
2977,2976,,,21.5,62,True,False,True,False,success,,5,0.4345599999999301,epsilon_greedy,,260573,,,,,,,0.05515470620496262
2978,2977,,,23.5,58,True,False,True,False,success,,5,0.4343699999999301,epsilon_greedy,,260631,,,,,,,0.004153655313874977
2979,2978,,,25.5,54,True,False,True,False,success,,5,0.43417999999993007,epsilon_greedy,,260685,,,,,,,1.3171418852717006e-09
2980,2979,,,28.5,48,True,False,True,False,success,,5,0.43398999999993004,epsilon_greedy,,260733,,,,,,,4.03185490867967e-05
2981,2980,,,27.5,50,True,False,True,False,success,,5,0.43379999999993,epsilon_greedy,,260783,,,,,,,0.0004688212316596818
2982,2981,,,28.5,48,True,False,True,False,success,,5,0.43360999999993,epsilon_greedy,,260831,,,,,,,5.3264604209846134e-05
2983,2982,,,17.0,71,True,False,True,False,success,,5,0.43341999999993,epsilon_greedy,,260902,,,,,,,0.013829918892082613
2984,2983,,,23.0,59,True,False,True,False,success,,5,0.43322999999992995,epsilon_greedy,,260961,,,,,,,0.00423248992277723
2985,2984,,,28.0,49,True,False,True,False,success,,5,0.4330399999999299,epsilon_greedy,,261010,,,,,,,0.017093124368524122
2986,2985,,,25.0,55,True,False,True,False,success,,5,0.4328499999999299,epsilon_greedy,,261065,,,,,,,0.139249374297922
2987,2986,,,19.5,66,True,False,True,False,success,,5,0.4326599999999299,epsilon_greedy,,261131,,,,,,,0.04106678359553481
2988,2987,,,22.5,60,True,False,True,False,success,,5,0.43246999999992985,epsilon_greedy,,261191,,,,,,,0.001708179409084476
2989,2988,,,35.0,35,True,False,True,False,success,,5,0.43227999999992983,epsilon_greedy,,261226,,,,,,,1.7078969349881846e-10
2990,2989,,,30.0,45,True,False,True,False,success,,5,0.4320899999999298,epsilon_greedy,,261271,,,,,,,0.0009815182417567748
2991,2990,,,15.5,74,True,False,True,False,success,,5,0.4318999999999298,epsilon_greedy,,261345,,,,,,,0.15408489481231966
2992,2991,,,30.5,44,True,False,True,False,success,,5,0.43170999999992976,epsilon_greedy,,261389,,,,,,,0.0003659911205882766
2993,2992,,,31.5,42,True,False,True,False,success,,5,0.43151999999992974,epsilon_greedy,,261431,,,,,,,0.0007682318639840194
2994,2993,,,32.0,41,True,False,True,False,success,,5,0.4313299999999297,epsilon_greedy,,261472,,,,,,,0.0003253738288320532
2995,2994,,,32.0,41,True,False,True,False,success,,5,0.4311399999999297,epsilon_greedy,,261513,,,,,,,0.0009111076977299352
2996,2995,,,20.5,64,True,False,True,False,success,,5,0.43094999999992967,epsilon_greedy,,261577,,,,,,,0.8140201564900151
2997,2996,,,25.5,54,True,False,True,False,success,,5,0.43075999999992964,epsilon_greedy,,261631,,,,,,,0.004034462590425063
2998,2997,,,28.5,48,True,False,True,False,success,,5,0.4305699999999296,epsilon_greedy,,261679,,,,,,,0.00037649169287793754
2999,2998,,,27.0,51,True,False,True,False,success,,5,0.4303799999999296,epsilon_greedy,,261730,,,,,,,0.029871495632115025
3000,2999,,,24.5,56,True,False,True,False,success,,5,0.4301899999999296,epsilon_greedy,,261786,,,,,,,0.003376398412055765
3001,3000,,,25.0,55,True,False,True,False,success,,5,0.42999999999992955,epsilon_greedy,,261841,,,,,,,0.04835359782445719
3002,3001,,,26.0,53,True,False,True,False,success,,5,0.4298099999999295,epsilon_greedy,,261894,,,,,,,0.018428182423003415
3003,3002,,,32.5,40,True,False,True,False,success,,5,0.4296199999999295,epsilon_greedy,,261934,,,,,,,3.911933260342115e-05
3004,3003,,,28.5,48,True,False,True,False,success,,5,0.4294299999999295,epsilon_greedy,,261982,,,,,,,0.03882131489550208
3005,3004,,,29.0,47,True,False,True,False,success,,5,0.42923999999992946,epsilon_greedy,,262029,,,,,,,0.07338396225216758
3006,3005,,,24.0,57,True,False,True,False,success,,5,0.42904999999992943,epsilon_greedy,,262086,,,,,,,0.008302380034851892
3007,3006,,,32.5,40,True,False,True,False,success,,5,0.4288599999999294,epsilon_greedy,,262126,,,,,,,8.949313087127652e-05
3008,3007,,,14.5,76,True,False,True,False,success,,5,0.4286699999999294,epsilon_greedy,,262202,,,,,,,0.01710350564132095
3009,3008,,,27.0,51,True,False,True,False,success,,5,0.42847999999992936,epsilon_greedy,,262253,,,,,,,0.0038226417680815193
3010,3009,,,27.5,50,True,False,True,False,success,,5,0.42828999999992934,epsilon_greedy,,262303,,,,,,,0.0036403719575072734
3011,3010,,,27.5,50,True,False,True,False,success,,5,0.4280999999999293,epsilon_greedy,,262353,,,,,,,0.0007610979388520622
3012,3011,,,19.5,66,True,False,True,False,success,,5,0.4279099999999293,epsilon_greedy,,262419,,,,,,,4.767864083341713e-09
3013,3012,,,25.5,54,True,False,True,False,success,,5,0.42771999999992927,epsilon_greedy,,262473,,,,,,,0.19525883139582914
3014,3013,,,34.0,37,True,False,True,False,success,,5,0.42752999999992924,epsilon_greedy,,262510,,,,,,,3.295467202427652e-10
3015,3014,,,27.5,50,True,False,True,False,success,,5,0.4273399999999292,epsilon_greedy,,262560,,,,,,,0.00035670452780941277
3016,3015,,,29.5,46,True,False,True,False,success,,5,0.4271499999999292,epsilon_greedy,,262606,,,,,,,0.005243399411754504
3017,3016,,,27.5,50,True,False,True,False,success,,5,0.4269599999999292,epsilon_greedy,,262656,,,,,,,0.0007735964906868986
3018,3017,,,23.5,58,True,False,True,False,success,,5,0.42676999999992915,epsilon_greedy,,262714,,,,,,,0.00015451586421823404
3019,3018,,,15.5,74,True,False,True,False,success,,5,0.4265799999999291,epsilon_greedy,,262788,,,,,,,0.0028926480543116097
3020,3019,,,26.0,53,True,False,True,False,success,,5,0.4263899999999291,epsilon_greedy,,262841,,,,,,,0.0013313161557494087
3021,3020,,,30.5,44,True,False,True,False,success,,5,0.4261999999999291,epsilon_greedy,,262885,,,,,,,0.06854311659059568
3022,3021,,,30.5,44,True,False,True,False,success,,5,0.42600999999992906,epsilon_greedy,,262929,,,,,,,0.0009591781476859896
3023,3022,,,23.0,59,True,False,True,False,success,,5,0.42581999999992903,epsilon_greedy,,262988,,,,,,,0.002295957704964079
3024,3023,,,21.0,63,True,False,True,False,success,,5,0.425629999999929,epsilon_greedy,,263051,,,,,,,0.0027458952690321827
3025,3024,,,30.0,45,True,False,True,False,success,,5,0.425439999999929,epsilon_greedy,,263096,,,,,,,0.02572106808063318
3026,3025,,,28.0,49,True,False,True,False,success,,5,0.42524999999992896,epsilon_greedy,,263145,,,,,,,0.04969872818147356
3027,3026,,,28.5,48,True,False,True,False,success,,5,0.42505999999992894,epsilon_greedy,,263193,,,,,,,0.0007160208338381491
3028,3027,,,31.0,43,True,False,True,False,success,,5,0.4248699999999289,epsilon_greedy,,263236,,,,,,,0.0022270984691861793
3029,3028,,,26.0,53,True,False,True,False,success,,5,0.4246799999999289,epsilon_greedy,,263289,,,,,,,0.11598108745106181
3030,3029,,,26.0,53,True,False,True,False,success,,5,0.42448999999992887,epsilon_greedy,,263342,,,,,,,2.9402184004890116e-07
3031,3030,,,23.0,59,True,False,True,False,success,,5,0.42429999999992885,epsilon_greedy,,263401,,,,,,,0.1590345674387463
3032,3031,,,24.0,57,True,False,True,False,success,,5,0.4241099999999288,epsilon_greedy,,263458,,,,,,,0.00850567674653143
3033,3032,,,27.5,50,True,False,True,False,success,,5,0.4239199999999288,epsilon_greedy,,263508,,,,,,,1.026134480497376e-07
3034,3033,,,29.5,46,True,False,True,False,success,,5,0.4237299999999288,epsilon_greedy,,263554,,,,,,,0.004375553058747802
3035,3034,,,29.0,47,True,False,True,False,success,,5,0.42353999999992875,epsilon_greedy,,263601,,,,,,,0.0449857671908753
3036,3035,,,28.5,48,True,False,True,False,success,,5,0.42334999999992873,epsilon_greedy,,263649,,,,,,,0.00022150171077467418
3037,3036,,,35.0,35,True,False,True,False,success,,5,0.4231599999999287,epsilon_greedy,,263684,,,,,,,9.932293717643655e-10
3038,3037,,,30.5,44,True,False,True,False,success,,5,0.4229699999999287,epsilon_greedy,,263728,,,,,,,0.00024194854524638534
3039,3038,,,-8.0,100,False,False,False,True,cutoff,,4,0.42277999999992866,epsilon_greedy,,263828,,,,,,,0.6079101505355471
3040,3039,,,28.5,48,True,False,True,False,success,,5,0.42258999999992863,epsilon_greedy,,263876,,,,,,,0.1472455062091074
3041,3040,,,35.0,35,True,False,True,False,success,,5,0.4223999999999286,epsilon_greedy,,263911,,,,,,,0.0006181949043439415
3042,3041,,,22.5,60,True,False,True,False,success,,5,0.4222099999999286,epsilon_greedy,,263971,,,,,,,0.0007660903650293927
3043,3042,,,30.0,45,True,False,True,False,success,,5,0.42201999999992856,epsilon_greedy,,264016,,,,,,,0.15225872368650728
3044,3043,,,26.5,52,True,False,True,False,success,,5,0.42182999999992854,epsilon_greedy,,264068,,,,,,,9.658817122455591e-05
3045,3044,,,28.5,48,True,False,True,False,success,,5,0.4216399999999285,epsilon_greedy,,264116,,,,,,,0.0004294022496914666
3046,3045,,,26.0,53,True,False,True,False,success,,5,0.4214499999999285,epsilon_greedy,,264169,,,,,,,0.0005136720921312467
3047,3046,,,30.5,44,True,False,True,False,success,,5,0.42125999999992847,epsilon_greedy,,264213,,,,,,,0.00018615324461741928
3048,3047,,,28.5,48,True,False,True,False,success,,5,0.42106999999992845,epsilon_greedy,,264261,,,,,,,0.012353426947515456
3049,3048,,,19.0,67,True,False,True,False,success,,5,0.4208799999999284,epsilon_greedy,,264328,,,,,,,0.2628457991963513
3050,3049,,,26.5,52,True,False,True,False,success,,5,0.4206899999999284,epsilon_greedy,,264380,,,,,,,0.015299619808712596
3051,3050,,,32.0,41,True,False,True,False,success,,5,0.4204999999999284,epsilon_greedy,,264421,,,,,,,0.015063889250690856
3052,3051,,,31.5,42,True,False,True,False,success,,5,0.42030999999992835,epsilon_greedy,,264463,,,,,,,3.11164253873606e-05
3053,3052,,,29.0,47,True,False,True,False,success,,5,0.42011999999992833,epsilon_greedy,,264510,,,,,,,3.410611391080225e-05
3054,3053,,,21.0,63,True,False,True,False,success,,5,0.4199299999999283,epsilon_greedy,,264573,,,,,,,0.0011459950750657088
3055,3054,,,29.5,46,True,False,True,False,success,,5,0.4197399999999283,epsilon_greedy,,264619,,,,,,,0.001966851276331773
3056,3055,,,22.5,60,True,False,True,False,success,,5,0.41954999999992826,epsilon_greedy,,264679,,,,,,,0.11367646237826153
3057,3056,,,27.0,51,True,False,True,False,success,,5,0.41935999999992823,epsilon_greedy,,264730,,,,,,,0.0031880184856569347
3058,3057,,,32.0,41,True,False,True,False,success,,5,0.4191699999999282,epsilon_greedy,,264771,,,,,,,0.0004514817317785011
3059,3058,,,22.0,61,True,False,True,False,success,,5,0.4189799999999282,epsilon_greedy,,264832,,,,,,,0.00014976845997299415
3060,3059,,,17.0,71,True,False,True,False,success,,5,0.41878999999992816,epsilon_greedy,,264903,,,,,,,0.0025706274304164597
3061,3060,,,30.5,44,True,False,True,False,success,,5,0.41859999999992814,epsilon_greedy,,264947,,,,,,,0.0008570826848939082
3062,3061,,,25.5,54,True,False,True,False,success,,5,0.4184099999999281,epsilon_greedy,,265001,,,,,,,0.06360215224932736
3063,3062,,,33.0,39,True,False,True,False,success,,5,0.4182199999999281,epsilon_greedy,,265040,,,,,,,7.427123599895297e-09
3064,3063,,,31.0,43,True,False,True,False,success,,5,0.41802999999992807,epsilon_greedy,,265083,,,,,,,0.03264584944946187
3065,3064,,,27.0,51,True,False,True,False,success,,5,0.41783999999992805,epsilon_greedy,,265134,,,,,,,0.04842133706219265
3066,3065,,,26.5,52,True,False,True,False,success,,5,0.417649999999928,epsilon_greedy,,265186,,,,,,,0.28387347838519056
3067,3066,,,29.5,46,True,False,True,False,success,,5,0.417459999999928,epsilon_greedy,,265232,,,,,,,0.11136804420794243
3068,3067,,,28.0,49,True,False,True,False,success,,5,0.417269999999928,epsilon_greedy,,265281,,,,,,,0.32247895620381584
3069,3068,,,19.5,66,True,False,True,False,success,,5,0.41707999999992795,epsilon_greedy,,265347,,,,,,,0.02094032687099491
3070,3069,,,32.0,41,True,False,True,False,success,,5,0.41688999999992793,epsilon_greedy,,265388,,,,,,,0.00014962340137432517
3071,3070,,,23.0,59,True,False,True,False,success,,5,0.4166999999999279,epsilon_greedy,,265447,,,,,,,0.16916142742286236
3072,3071,,,28.5,48,True,False,True,False,success,,5,0.4165099999999279,epsilon_greedy,,265495,,,,,,,0.004875532553371716
3073,3072,,,29.5,46,True,False,True,False,success,,5,0.41631999999992786,epsilon_greedy,,265541,,,,,,,4.44336412316096e-05
3074,3073,,,32.0,41,True,False,True,False,success,,5,0.41612999999992784,epsilon_greedy,,265582,,,,,,,0.0029137097708437764
3075,3074,,,32.0,41,True,False,True,False,success,,5,0.4159399999999278,epsilon_greedy,,265623,,,,,,,0.00016717048190227656
3076,3075,,,29.0,47,True,False,True,False,success,,5,0.4157499999999278,epsilon_greedy,,265670,,,,,,,0.17112072932306252
3077,3076,,,30.5,44,True,False,True,False,success,,5,0.41555999999992776,epsilon_greedy,,265714,,,,,,,0.0028360690696193976
3078,3077,,,30.0,45,True,False,True,False,success,,5,0.41536999999992774,epsilon_greedy,,265759,,,,,,,0.0004423991357398904
3079,3078,,,15.5,74,True,False,True,False,success,,5,0.4151799999999277,epsilon_greedy,,265833,,,,,,,0.035900013483401175
3080,3079,,,20.5,64,True,False,True,False,success,,5,0.4149899999999277,epsilon_greedy,,265897,,,,,,,0.00164724228165411
3081,3080,,,19.0,67,True,False,True,False,success,,5,0.41479999999992767,epsilon_greedy,,265964,,,,,,,0.49034887098311536
3082,3081,,,34.0,37,True,False,True,False,success,,5,0.41460999999992765,epsilon_greedy,,266001,,,,,,,7.883268327294438e-05
3083,3082,,,23.5,58,True,False,True,False,success,,5,0.4144199999999276,epsilon_greedy,,266059,,,,,,,0.04109095169783172
3084,3083,,,31.0,43,True,False,True,False,success,,5,0.4142299999999276,epsilon_greedy,,266102,,,,,,,4.39569457076466e-05
3085,3084,,,25.0,55,True,False,True,False,success,,5,0.4140399999999276,epsilon_greedy,,266157,,,,,,,0.0020405487860085
3086,3085,,,18.5,68,True,False,True,False,success,,5,0.41384999999992755,epsilon_greedy,,266225,,,,,,,0.019967752696845868
3087,3086,,,31.5,42,True,False,True,False,success,,5,0.41365999999992753,epsilon_greedy,,266267,,,,,,,0.00023464173104042763
3088,3087,,,31.0,43,True,False,True,False,success,,5,0.4134699999999275,epsilon_greedy,,266310,,,,,,,0.00043055836894791307
3089,3088,,,18.0,69,True,False,True,False,success,,5,0.4132799999999275,epsilon_greedy,,266379,,,,,,,0.1750276696838803
3090,3089,,,31.0,43,True,False,True,False,success,,5,0.41308999999992746,epsilon_greedy,,266422,,,,,,,1.0601231107435777e-09
3091,3090,,,35.0,35,True,False,True,False,success,,5,0.41289999999992744,epsilon_greedy,,266457,,,,,,,0.00021025385327858105
3092,3091,,,27.5,50,True,False,True,False,success,,5,0.4127099999999274,epsilon_greedy,,266507,,,,,,,0.0018275874635497668
3093,3092,,,30.0,45,True,False,True,False,success,,5,0.4125199999999274,epsilon_greedy,,266552,,,,,,,0.0008378338782054702
3094,3093,,,18.0,69,True,False,True,False,success,,5,0.41232999999992737,epsilon_greedy,,266621,,,,,,,0.027112630974710852
3095,3094,,,13.5,78,True,False,True,False,success,,5,0.41213999999992734,epsilon_greedy,,266699,,,,,,,0.20132586245050305
3096,3095,,,31.5,42,True,False,True,False,success,,5,0.4119499999999273,epsilon_greedy,,266741,,,,,,,0.00014805975839064325
3097,3096,,,29.0,47,True,False,True,False,success,,5,0.4117599999999273,epsilon_greedy,,266788,,,,,,,0.0007015124167433831
3098,3097,,,33.5,38,True,False,True,False,success,,5,0.41156999999992727,epsilon_greedy,,266826,,,,,,,1.2764931801637215e-10
3099,3098,,,24.5,56,True,False,True,False,success,,5,0.41137999999992725,epsilon_greedy,,266882,,,,,,,0.03212145336751682
3100,3099,,,30.5,44,True,False,True,False,success,,5,0.4111899999999272,epsilon_greedy,,266926,,,,,,,0.00020272284370153655
3101,3100,,,23.5,58,True,False,True,False,success,,5,0.4109999999999272,epsilon_greedy,,266984,,,,,,,0.001247770101016663
3102,3101,,,31.0,43,True,False,True,False,success,,5,0.4108099999999272,epsilon_greedy,,267027,,,,,,,0.0003146908435698418
3103,3102,,,26.5,52,True,False,True,False,success,,5,0.41061999999992715,epsilon_greedy,,267079,,,,,,,0.05839200869995001
3104,3103,,,31.5,42,True,False,True,False,success,,5,0.41042999999992713,epsilon_greedy,,267121,,,,,,,0.0031607365627736713
3105,3104,,,27.0,51,True,False,True,False,success,,5,0.4102399999999271,epsilon_greedy,,267172,,,,,,,8.480107760475958e-05
3106,3105,,,27.5,50,True,False,True,False,success,,5,0.4100499999999271,epsilon_greedy,,267222,,,,,,,0.0005421435136075736
3107,3106,,,30.0,45,True,False,True,False,success,,5,0.40985999999992706,epsilon_greedy,,267267,,,,,,,0.00015478801649361094
3108,3107,,,32.5,40,True,False,True,False,success,,5,0.40966999999992704,epsilon_greedy,,267307,,,,,,,3.963493671870211e-05
3109,3108,,,21.5,62,True,False,True,False,success,,5,0.409479999999927,epsilon_greedy,,267369,,,,,,,0.0034181460423526413
3110,3109,,,33.5,38,True,False,True,False,success,,5,0.409289999999927,epsilon_greedy,,267407,,,,,,,2.6460097271147358e-11
3111,3110,,,27.0,51,True,False,True,False,success,,5,0.40909999999992697,epsilon_greedy,,267458,,,,,,,0.0019569547609009142
3112,3111,,,16.5,72,True,False,True,False,success,,5,0.40890999999992694,epsilon_greedy,,267530,,,,,,,0.03676127771524253
3113,3112,,,10.0,85,True,False,True,False,success,,5,0.4087199999999269,epsilon_greedy,,267615,,,,,,,0.0005572120939828154
3114,3113,,,26.0,53,True,False,True,False,success,,5,0.4085299999999269,epsilon_greedy,,267668,,,,,,,0.0009659718953560938
3115,3114,,,26.0,53,True,False,True,False,success,,5,0.4083399999999269,epsilon_greedy,,267721,,,,,,,0.08570913622344659
3116,3115,,,28.5,48,True,False,True,False,success,,5,0.40814999999992685,epsilon_greedy,,267769,,,,,,,0.08316532945634336
3117,3116,,,25.0,55,True,False,True,False,success,,5,0.4079599999999268,epsilon_greedy,,267824,,,,,,,3.172875557440462e-08
3118,3117,,,27.5,50,True,False,True,False,success,,5,0.4077699999999268,epsilon_greedy,,267874,,,,,,,0.13291229535876783
3119,3118,,,35.0,35,True,False,True,False,success,,5,0.4075799999999268,epsilon_greedy,,267909,,,,,,,2.900267708534037e-10
3120,3119,,,25.0,55,True,False,True,False,success,,5,0.40738999999992676,epsilon_greedy,,267964,,,,,,,0.0031726501493112087
3121,3120,,,31.0,43,True,False,True,False,success,,5,0.40719999999992673,epsilon_greedy,,268007,,,,,,,0.0021398973456760698
3122,3121,,,31.0,43,True,False,True,False,success,,5,0.4070099999999267,epsilon_greedy,,268050,,,,,,,0.012654065566081056
3123,3122,,,24.0,57,True,False,True,False,success,,5,0.4068199999999267,epsilon_greedy,,268107,,,,,,,0.0016430939738816108
3124,3123,,,33.5,38,True,False,True,False,success,,5,0.40662999999992666,epsilon_greedy,,268145,,,,,,,0.00013283405346915287
3125,3124,,,29.0,47,True,False,True,False,success,,5,0.40643999999992664,epsilon_greedy,,268192,,,,,,,0.16874116154971117
3126,3125,,,25.5,54,True,False,True,False,success,,5,0.4062499999999266,epsilon_greedy,,268246,,,,,,,0.11630150537013532
3127,3126,,,34.0,37,True,False,True,False,success,,5,0.4060599999999266,epsilon_greedy,,268283,,,,,,,1.0106390199190492e-11
3128,3127,,,18.0,69,True,False,True,False,success,,5,0.40586999999992657,epsilon_greedy,,268352,,,,,,,0.010039670908134471
3129,3128,,,19.5,66,True,False,True,False,success,,5,0.40567999999992654,epsilon_greedy,,268418,,,,,,,0.1309840316812016
3130,3129,,,21.5,62,True,False,True,False,success,,5,0.4054899999999265,epsilon_greedy,,268480,,,,,,,0.0002817644629261631
3131,3130,,,19.5,66,True,False,True,False,success,,5,0.4052999999999265,epsilon_greedy,,268546,,,,,,,0.11276815145041295
3132,3131,,,30.5,44,True,False,True,False,success,,5,0.4051099999999265,epsilon_greedy,,268590,,,,,,,0.00357543366226801
3133,3132,,,29.0,47,True,False,True,False,success,,5,0.40491999999992645,epsilon_greedy,,268637,,,,,,,0.0001787601522047583
3134,3133,,,32.0,41,True,False,True,False,success,,5,0.4047299999999264,epsilon_greedy,,268678,,,,,,,0.0005224704114776444
3135,3134,,,22.0,61,True,False,True,False,success,,5,0.4045399999999264,epsilon_greedy,,268739,,,,,,,0.0005981967065042038
3136,3135,,,30.0,45,True,False,True,False,success,,5,0.4043499999999264,epsilon_greedy,,268784,,,,,,,0.09834580962520835
3137,3136,,,15.0,75,True,False,True,False,success,,5,0.40415999999992636,epsilon_greedy,,268859,,,,,,,0.056847697280700986
3138,3137,,,28.0,49,True,False,True,False,success,,5,0.40396999999992633,epsilon_greedy,,268908,,,,,,,1.3439503012609467e-05
3139,3138,,,25.5,54,True,False,True,False,success,,5,0.4037799999999263,epsilon_greedy,,268962,,,,,,,0.24477453197027477
3140,3139,,,25.0,55,True,False,True,False,success,,5,0.4035899999999263,epsilon_greedy,,269017,,,,,,,0.23552385804474527
3141,3140,,,31.5,42,True,False,True,False,success,,5,0.40339999999992626,epsilon_greedy,,269059,,,,,,,0.0009166154308137724
3142,3141,,,24.5,56,True,False,True,False,success,,5,0.40320999999992624,epsilon_greedy,,269115,,,,,,,0.00035559962391603007
3143,3142,,,37.5,30,True,False,True,False,success,,5,0.4030199999999262,epsilon_greedy,,269145,,,,,,,2.5188861367079575e-10
3144,3143,,,17.0,71,True,False,True,False,success,,5,0.4028299999999262,epsilon_greedy,,269216,,,,,,,0.0028326847937535948
3145,3144,,,27.0,51,True,False,True,False,success,,5,0.40263999999992617,epsilon_greedy,,269267,,,,,,,3.8821274208814034e-05
3146,3145,,,32.5,40,True,False,True,False,success,,5,0.40244999999992614,epsilon_greedy,,269307,,,,,,,0.0007051081108985002
3147,3146,,,12.0,81,True,False,True,False,success,,5,0.4022599999999261,epsilon_greedy,,269388,,,,,,,0.12588123049467176
3148,3147,,,35.0,35,True,False,True,False,success,,5,0.4020699999999261,epsilon_greedy,,269423,,,,,,,3.0061179450464286e-09
3149,3148,,,26.5,52,True,False,True,False,success,,5,0.4018799999999261,epsilon_greedy,,269475,,,,,,,0.007423298418494744
3150,3149,,,32.0,41,True,False,True,False,success,,5,0.40168999999992605,epsilon_greedy,,269516,,,,,,,0.00024465085787197475
3151,3150,,,26.0,53,True,False,True,False,success,,5,0.401499999999926,epsilon_greedy,,269569,,,,,,,0.0007621861996229619
3152,3151,,,28.0,49,True,False,True,False,success,,5,0.401309999999926,epsilon_greedy,,269618,,,,,,,0.06271757965460138
3153,3152,,,31.5,42,True,False,True,False,success,,5,0.401119999999926,epsilon_greedy,,269660,,,,,,,4.0447613512485855e-10
3154,3153,,,25.5,54,True,False,True,False,success,,5,0.40092999999992596,epsilon_greedy,,269714,,,,,,,0.0012635410032703364
3155,3154,,,17.0,71,True,False,True,False,success,,5,0.40073999999992593,epsilon_greedy,,269785,,,,,,,0.0529742635982294
3156,3155,,,21.5,62,True,False,True,False,success,,5,0.4005499999999259,epsilon_greedy,,269847,,,,,,,0.0018921673367695282
3157,3156,,,30.0,45,True,False,True,False,success,,5,0.4003599999999259,epsilon_greedy,,269892,,,,,,,0.00356165781197419
3158,3157,,,20.5,64,True,False,True,False,success,,5,0.40016999999992586,epsilon_greedy,,269956,,,,,,,0.12909433749506913
3159,3158,,,23.0,59,True,False,True,False,success,,5,0.39997999999992584,epsilon_greedy,,270015,,,,,,,0.01905059126708252
3160,3159,,,24.5,56,True,False,True,False,success,,5,0.3997899999999258,epsilon_greedy,,270071,,,,,,,0.003741433012479502
3161,3160,,,28.0,49,True,False,True,False,success,,5,0.3995999999999258,epsilon_greedy,,270120,,,,,,,0.000391631943076465
3162,3161,,,30.0,45,True,False,True,False,success,,5,0.39940999999992577,epsilon_greedy,,270165,,,,,,,0.007403635787139133
3163,3162,,,27.5,50,True,False,True,False,success,,5,0.39921999999992575,epsilon_greedy,,270215,,,,,,,0.0006709332766036447
3164,3163,,,14.0,77,True,False,True,False,success,,5,0.3990299999999257,epsilon_greedy,,270292,,,,,,,0.41554893731712245
3165,3164,,,35.5,34,True,False,True,False,success,,5,0.3988399999999257,epsilon_greedy,,270326,,,,,,,0.010124118918471522
3166,3165,,,23.0,59,True,False,True,False,success,,5,0.3986499999999257,epsilon_greedy,,270385,,,,,,,0.13077616979917137
3167,3166,,,21.0,63,True,False,True,False,success,,5,0.39845999999992565,epsilon_greedy,,270448,,,,,,,0.00023061535821141836
3168,3167,,,25.5,54,True,False,True,False,success,,5,0.39826999999992563,epsilon_greedy,,270502,,,,,,,0.00351155248944783
3169,3168,,,24.0,57,True,False,True,False,success,,5,0.3980799999999256,epsilon_greedy,,270559,,,,,,,0.20161659269863216
3170,3169,,,25.5,54,True,False,True,False,success,,5,0.3978899999999256,epsilon_greedy,,270613,,,,,,,0.00016930571068858642
3171,3170,,,32.5,40,True,False,True,False,success,,5,0.39769999999992556,epsilon_greedy,,270653,,,,,,,0.0006232452497190622
3172,3171,,,29.0,47,True,False,True,False,success,,5,0.39750999999992553,epsilon_greedy,,270700,,,,,,,0.0002587107764287181
3173,3172,,,28.0,49,True,False,True,False,success,,5,0.3973199999999255,epsilon_greedy,,270749,,,,,,,0.3886695318144663
3174,3173,,,31.5,42,True,False,True,False,success,,5,0.3971299999999255,epsilon_greedy,,270791,,,,,,,0.007392098685304131
3175,3174,,,29.5,46,True,False,True,False,success,,5,0.39693999999992546,epsilon_greedy,,270837,,,,,,,0.04769558028714599
3176,3175,,,28.5,48,True,False,True,False,success,,5,0.39674999999992544,epsilon_greedy,,270885,,,,,,,0.13220943430542853
3177,3176,,,27.5,50,True,False,True,False,success,,5,0.3965599999999254,epsilon_greedy,,270935,,,,,,,0.03685991043507761
3178,3177,,,27.5,50,True,False,True,False,success,,5,0.3963699999999254,epsilon_greedy,,270985,,,,,,,0.0018296783030499065
3179,3178,,,29.0,47,True,False,True,False,success,,5,0.39617999999992537,epsilon_greedy,,271032,,,,,,,0.08886900689278815
3180,3179,,,27.5,50,True,False,True,False,success,,5,0.39598999999992535,epsilon_greedy,,271082,,,,,,,0.0037562357302992843
3181,3180,,,30.5,44,True,False,True,False,success,,5,0.3957999999999253,epsilon_greedy,,271126,,,,,,,1.3800055291633064e-06
3182,3181,,,23.5,58,True,False,True,False,success,,5,0.3956099999999253,epsilon_greedy,,271184,,,,,,,0.0017361064146115038
3183,3182,,,24.5,56,True,False,True,False,success,,5,0.3954199999999253,epsilon_greedy,,271240,,,,,,,0.06880416465121407
3184,3183,,,34.0,37,True,False,True,False,success,,5,0.39522999999992525,epsilon_greedy,,271277,,,,,,,6.994215417043469e-11
3185,3184,,,32.0,41,True,False,True,False,success,,5,0.39503999999992523,epsilon_greedy,,271318,,,,,,,0.0025722825891802753
3186,3185,,,31.5,42,True,False,True,False,success,,5,0.3948499999999252,epsilon_greedy,,271360,,,,,,,0.0006552556286340153
3187,3186,,,31.0,43,True,False,True,False,success,,5,0.3946599999999252,epsilon_greedy,,271403,,,,,,,0.002219820212391904
3188,3187,,,30.0,45,True,False,True,False,success,,5,0.39446999999992516,epsilon_greedy,,271448,,,,,,,3.2221184732684884e-10
3189,3188,,,27.0,51,True,False,True,False,success,,5,0.39427999999992513,epsilon_greedy,,271499,,,,,,,0.12289831469277679
3190,3189,,,20.5,64,True,False,True,False,success,,5,0.3940899999999251,epsilon_greedy,,271563,,,,,,,0.0334568241595313
3191,3190,,,22.0,61,True,False,True,False,success,,5,0.3938999999999251,epsilon_greedy,,271624,,,,,,,0.04308396964633085
3192,3191,,,24.0,57,True,False,True,False,success,,5,0.39370999999992506,epsilon_greedy,,271681,,,,,,,0.00015460879830233508
3193,3192,,,30.5,44,True,False,True,False,success,,5,0.39351999999992504,epsilon_greedy,,271725,,,,,,,0.0001822727619046641
3194,3193,,,31.5,42,True,False,True,False,success,,5,0.393329999999925,epsilon_greedy,,271767,,,,,,,7.201379408314356e-05
3195,3194,,,26.0,53,True,False,True,False,success,,5,0.393139999999925,epsilon_greedy,,271820,,,,,,,2.138746007130869e-08
3196,3195,,,13.5,78,True,False,True,False,success,,5,0.39294999999992497,epsilon_greedy,,271898,,,,,,,0.45631424417888355
3197,3196,,,29.0,47,True,False,True,False,success,,5,0.39275999999992495,epsilon_greedy,,271945,,,,,,,0.0052984878247477095
3198,3197,,,35.5,34,True,False,True,False,success,,5,0.3925699999999249,epsilon_greedy,,271979,,,,,,,0.007034123060607101
3199,3198,,,30.5,44,True,False,True,False,success,,5,0.3923799999999249,epsilon_greedy,,272023,,,,,,,7.44719112955039e-05
3200,3199,,,26.5,52,True,False,True,False,success,,5,0.3921899999999249,epsilon_greedy,,272075,,,,,,,0.0017450297991451224
3201,3200,,,18.5,68,True,False,True,False,success,,5,0.39199999999992485,epsilon_greedy,,272143,,,,,,,0.2898013120066516
3202,3201,,,29.0,47,True,False,True,False,success,,5,0.39180999999992483,epsilon_greedy,,272190,,,,,,,2.320111677161708e-06
3203,3202,,,28.0,49,True,False,True,False,success,,5,0.3916199999999248,epsilon_greedy,,272239,,,,,,,0.0010931430147750718
3204,3203,,,30.5,44,True,False,True,False,success,,5,0.3914299999999248,epsilon_greedy,,272283,,,,,,,0.0004238110054282096
3205,3204,,,33.0,39,True,False,True,False,success,,5,0.39123999999992476,epsilon_greedy,,272322,,,,,,,8.062863539219751e-10
3206,3205,,,34.5,36,True,False,True,False,success,,5,0.39104999999992474,epsilon_greedy,,272358,,,,,,,0.00013879226019889815
3207,3206,,,34.5,36,True,False,True,False,success,,5,0.3908599999999247,epsilon_greedy,,272394,,,,,,,1.5657766194721034e-09
3208,3207,,,35.5,34,True,False,True,False,success,,5,0.3906699999999247,epsilon_greedy,,272428,,,,,,,1.8962561891952719e-07
3209,3208,,,27.0,51,True,False,True,False,success,,5,0.39047999999992467,epsilon_greedy,,272479,,,,,,,0.004727288295407377
3210,3209,,,25.5,54,True,False,True,False,success,,5,0.39028999999992464,epsilon_greedy,,272533,,,,,,,0.0008173425930629246
3211,3210,,,25.0,55,True,False,True,False,success,,5,0.3900999999999246,epsilon_greedy,,272588,,,,,,,0.011490948055115685
3212,3211,,,28.0,49,True,False,True,False,success,,5,0.3899099999999246,epsilon_greedy,,272637,,,,,,,0.00024664965364712296
3213,3212,,,33.0,39,True,False,True,False,success,,5,0.38971999999992457,epsilon_greedy,,272676,,,,,,,0.00013047814900542422
3214,3213,,,22.5,60,True,False,True,False,success,,5,0.38952999999992455,epsilon_greedy,,272736,,,,,,,0.018882541668357462
3215,3214,,,27.5,50,True,False,True,False,success,,5,0.3893399999999245,epsilon_greedy,,272786,,,,,,,0.00015933805347808416
3216,3215,,,14.0,77,True,False,True,False,success,,5,0.3891499999999245,epsilon_greedy,,272863,,,,,,,0.03435551975921828
3217,3216,,,26.0,53,True,False,True,False,success,,5,0.3889599999999245,epsilon_greedy,,272916,,,,,,,0.1298838835513526
3218,3217,,,32.0,41,True,False,True,False,success,,5,0.38876999999992445,epsilon_greedy,,272957,,,,,,,2.865740165494882e-11
3219,3218,,,32.5,40,True,False,True,False,success,,5,0.38857999999992443,epsilon_greedy,,272997,,,,,,,0.00011449449521490074
3220,3219,,,23.0,59,True,False,True,False,success,,5,0.3883899999999244,epsilon_greedy,,273056,,,,,,,0.033838817342823777
3221,3220,,,30.0,45,True,False,True,False,success,,5,0.3881999999999244,epsilon_greedy,,273101,,,,,,,0.0004036945570599255
3222,3221,,,15.0,75,True,False,True,False,success,,5,0.38800999999992436,epsilon_greedy,,273176,,,,,,,0.0563824508077638
3223,3222,,,15.5,74,True,False,True,False,success,,5,0.38781999999992434,epsilon_greedy,,273250,,,,,,,0.08032349385098592
3224,3223,,,26.5,52,True,False,True,False,success,,5,0.3876299999999243,epsilon_greedy,,273302,,,,,,,0.39896503392191957
3225,3224,,,32.5,40,True,False,True,False,success,,5,0.3874399999999243,epsilon_greedy,,273342,,,,,,,1.4757344125659878e-05
3226,3225,,,35.5,34,True,False,True,False,success,,5,0.38724999999992427,epsilon_greedy,,273376,,,,,,,0.0003719466598478745
3227,3226,,,29.5,46,True,False,True,False,success,,5,0.38705999999992424,epsilon_greedy,,273422,,,,,,,0.0006566834058278119
3228,3227,,,33.0,39,True,False,True,False,success,,5,0.3868699999999242,epsilon_greedy,,273461,,,,,,,4.0132570036145485e-05
3229,3228,,,22.5,60,True,False,True,False,success,,5,0.3866799999999242,epsilon_greedy,,273521,,,,,,,0.021576801986871872
3230,3229,,,31.0,43,True,False,True,False,success,,5,0.38648999999992417,epsilon_greedy,,273564,,,,,,,0.004776623054698666
3231,3230,,,27.5,50,True,False,True,False,success,,5,0.38629999999992415,epsilon_greedy,,273614,,,,,,,0.008389711086546932
3232,3231,,,30.5,44,True,False,True,False,success,,5,0.3861099999999241,epsilon_greedy,,273658,,,,,,,0.0025382293730085766
3233,3232,,,28.0,49,True,False,True,False,success,,5,0.3859199999999241,epsilon_greedy,,273707,,,,,,,0.0007128586298474677
3234,3233,,,28.5,48,True,False,True,False,success,,5,0.3857299999999241,epsilon_greedy,,273755,,,,,,,0.00010653773708196868
3235,3234,,,28.0,49,True,False,True,False,success,,5,0.38553999999992405,epsilon_greedy,,273804,,,,,,,0.0006126712781212596
3236,3235,,,33.0,39,True,False,True,False,success,,5,0.38534999999992403,epsilon_greedy,,273843,,,,,,,1.2934852049849537e-09
3237,3236,,,30.0,45,True,False,True,False,success,,5,0.385159999999924,epsilon_greedy,,273888,,,,,,,0.0009180678254676166
3238,3237,,,27.0,51,True,False,True,False,success,,5,0.384969999999924,epsilon_greedy,,273939,,,,,,,0.0007981211817716655
3239,3238,,,25.0,55,True,False,True,False,success,,5,0.38477999999992396,epsilon_greedy,,273994,,,,,,,0.04791644455034647
3240,3239,,,22.5,60,True,False,True,False,success,,5,0.38458999999992394,epsilon_greedy,,274054,,,,,,,0.06918703744681928
3241,3240,,,25.0,55,True,False,True,False,success,,5,0.3843999999999239,epsilon_greedy,,274109,,,,,,,0.0019878532669871324
3242,3241,,,30.5,44,True,False,True,False,success,,5,0.3842099999999239,epsilon_greedy,,274153,,,,,,,9.583879144837614e-11
3243,3242,,,28.5,48,True,False,True,False,success,,5,0.38401999999992387,epsilon_greedy,,274201,,,,,,,3.653199779722153e-10
3244,3243,,,25.0,55,True,False,True,False,success,,5,0.38382999999992384,epsilon_greedy,,274256,,,,,,,0.2462757313767564
3245,3244,,,34.0,37,True,False,True,False,success,,5,0.3836399999999238,epsilon_greedy,,274293,,,,,,,0.0004531324232365271
3246,3245,,,32.0,41,True,False,True,False,success,,5,0.3834499999999238,epsilon_greedy,,274334,,,,,,,0.0015575332688786035
3247,3246,,,27.5,50,True,False,True,False,success,,5,0.3832599999999238,epsilon_greedy,,274384,,,,,,,0.013507510938334289
3248,3247,,,29.0,47,True,False,True,False,success,,5,0.38306999999992375,epsilon_greedy,,274431,,,,,,,0.0006786404957055497
3249,3248,,,35.0,35,True,False,True,False,success,,5,0.3828799999999237,epsilon_greedy,,274466,,,,,,,3.485653594791519e-05
3250,3249,,,32.5,40,True,False,True,False,success,,5,0.3826899999999237,epsilon_greedy,,274506,,,,,,,4.059409883623299e-05
3251,3250,,,27.0,51,True,False,True,False,success,,5,0.3824999999999237,epsilon_greedy,,274557,,,,,,,0.04819034384988482
3252,3251,,,35.0,35,True,False,True,False,success,,5,0.38230999999992366,epsilon_greedy,,274592,,,,,,,1.6619505771586773e-10
3253,3252,,,33.5,38,True,False,True,False,success,,5,0.38211999999992363,epsilon_greedy,,274630,,,,,,,0.009477197889826051
3254,3253,,,32.5,40,True,False,True,False,success,,5,0.3819299999999236,epsilon_greedy,,274670,,,,,,,1.0924868787398622e-10
3255,3254,,,30.5,44,True,False,True,False,success,,5,0.3817399999999236,epsilon_greedy,,274714,,,,,,,0.021123852110234598
3256,3255,,,27.0,51,True,False,True,False,success,,5,0.38154999999992356,epsilon_greedy,,274765,,,,,,,0.0013671583791442182
3257,3256,,,26.5,52,True,False,True,False,success,,5,0.38135999999992354,epsilon_greedy,,274817,,,,,,,0.013615953894647835
3258,3257,,,28.5,48,True,False,True,False,success,,5,0.3811699999999235,epsilon_greedy,,274865,,,,,,,0.011004089400124076
3259,3258,,,36.0,33,True,False,True,False,success,,5,0.3809799999999235,epsilon_greedy,,274898,,,,,,,1.0933530175503675e-11
3260,3259,,,29.5,46,True,False,True,False,success,,5,0.38078999999992347,epsilon_greedy,,274944,,,,,,,0.0008304925267163315
3261,3260,,,33.5,38,True,False,True,False,success,,5,0.38059999999992344,epsilon_greedy,,274982,,,,,,,0.007911619743149667
3262,3261,,,31.5,42,True,False,True,False,success,,5,0.3804099999999234,epsilon_greedy,,275024,,,,,,,0.015534273959462766
3263,3262,,,32.5,40,True,False,True,False,success,,5,0.3802199999999234,epsilon_greedy,,275064,,,,,,,0.0003954665536152091
3264,3263,,,30.0,45,True,False,True,False,success,,5,0.3800299999999234,epsilon_greedy,,275109,,,,,,,1.1373784876885414e-10
3265,3264,,,35.0,35,True,False,True,False,success,,5,0.37983999999992335,epsilon_greedy,,275144,,,,,,,0.0004204190002482225
3266,3265,,,19.5,66,True,False,True,False,success,,5,0.3796499999999233,epsilon_greedy,,275210,,,,,,,0.10804613738956888
3267,3266,,,21.0,63,True,False,True,False,success,,5,0.3794599999999233,epsilon_greedy,,275273,,,,,,,0.000969059322344121
3268,3267,,,24.0,57,True,False,True,False,success,,5,0.3792699999999233,epsilon_greedy,,275330,,,,,,,0.6401936829793794
3269,3268,,,18.0,69,True,False,True,False,success,,5,0.37907999999992326,epsilon_greedy,,275399,,,,,,,0.05758844434809309
3270,3269,,,28.0,49,True,False,True,False,success,,5,0.37888999999992323,epsilon_greedy,,275448,,,,,,,0.0009519531475450643
3271,3270,,,23.5,58,True,False,True,False,success,,5,0.3786999999999232,epsilon_greedy,,275506,,,,,,,0.00015193809399614318
3272,3271,,,31.5,42,True,False,True,False,success,,5,0.3785099999999232,epsilon_greedy,,275548,,,,,,,1.1653868168492481e-05
3273,3272,,,32.5,40,True,False,True,False,success,,5,0.37831999999992316,epsilon_greedy,,275588,,,,,,,3.113101554319542e-10
3274,3273,,,25.5,54,True,False,True,False,success,,5,0.37812999999992314,epsilon_greedy,,275642,,,,,,,0.011613320699933075
3275,3274,,,30.5,44,True,False,True,False,success,,5,0.3779399999999231,epsilon_greedy,,275686,,,,,,,0.0006279066075873605
3276,3275,,,18.5,68,True,False,True,False,success,,5,0.3777499999999231,epsilon_greedy,,275754,,,,,,,0.04298679335234768
3277,3276,,,28.5,48,True,False,True,False,success,,5,0.37755999999992307,epsilon_greedy,,275802,,,,,,,2.966974470273535e-05
3278,3277,,,27.0,51,True,False,True,False,success,,5,0.37736999999992304,epsilon_greedy,,275853,,,,,,,0.00048718365633102764
3279,3278,,,26.0,53,True,False,True,False,success,,5,0.377179999999923,epsilon_greedy,,275906,,,,,,,0.061858884703430435
3280,3279,,,27.5,50,True,False,True,False,success,,5,0.376989999999923,epsilon_greedy,,275956,,,,,,,0.001620987990322469
3281,3280,,,26.0,53,True,False,True,False,success,,5,0.376799999999923,epsilon_greedy,,276009,,,,,,,0.008412269180764553
3282,3281,,,21.5,62,True,False,True,False,success,,5,0.37660999999992295,epsilon_greedy,,276071,,,,,,,0.0031199543683135536
3283,3282,,,22.0,61,True,False,True,False,success,,5,0.3764199999999229,epsilon_greedy,,276132,,,,,,,0.04022839093345958
3284,3283,,,28.0,49,True,False,True,False,success,,5,0.3762299999999229,epsilon_greedy,,276181,,,,,,,3.86115192282898e-05
3285,3284,,,31.0,43,True,False,True,False,success,,5,0.3760399999999229,epsilon_greedy,,276224,,,,,,,0.0019011336083228217
3286,3285,,,34.5,36,True,False,True,False,success,,5,0.37584999999992286,epsilon_greedy,,276260,,,,,,,0.00039546636086280125
3287,3286,,,30.0,45,True,False,True,False,success,,5,0.37565999999992283,epsilon_greedy,,276305,,,,,,,2.829170340002839e-05
3288,3287,,,31.0,43,True,False,True,False,success,,5,0.3754699999999228,epsilon_greedy,,276348,,,,,,,9.563655893058759e-09
3289,3288,,,26.0,53,True,False,True,False,success,,5,0.3752799999999228,epsilon_greedy,,276401,,,,,,,0.0005615732124880541
3290,3289,,,31.0,43,True,False,True,False,success,,5,0.37508999999992276,epsilon_greedy,,276444,,,,,,,0.000167466283255854
3291,3290,,,23.5,58,True,False,True,False,success,,5,0.37489999999992274,epsilon_greedy,,276502,,,,,,,0.002091244686965666
3292,3291,,,23.0,59,True,False,True,False,success,,5,0.3747099999999227,epsilon_greedy,,276561,,,,,,,0.00036363354753871747
3293,3292,,,28.0,49,True,False,True,False,success,,5,0.3745199999999227,epsilon_greedy,,276610,,,,,,,8.321681060903161e-06
3294,3293,,,30.5,44,True,False,True,False,success,,5,0.37432999999992267,epsilon_greedy,,276654,,,,,,,0.00046831234500221974
3295,3294,,,25.5,54,True,False,True,False,success,,5,0.37413999999992265,epsilon_greedy,,276708,,,,,,,0.002277593124608056
3296,3295,,,23.5,58,True,False,True,False,success,,5,0.3739499999999226,epsilon_greedy,,276766,,,,,,,0.2333946205357279
3297,3296,,,25.5,54,True,False,True,False,success,,5,0.3737599999999226,epsilon_greedy,,276820,,,,,,,3.436560211518198e-05
3298,3297,,,29.0,47,True,False,True,False,success,,5,0.3735699999999226,epsilon_greedy,,276867,,,,,,,0.00010088550327193095
3299,3298,,,26.5,52,True,False,True,False,success,,5,0.37337999999992255,epsilon_greedy,,276919,,,,,,,2.7942708912026122e-05
3300,3299,,,32.0,41,True,False,True,False,success,,5,0.37318999999992253,epsilon_greedy,,276960,,,,,,,5.901395505642084e-05
3301,3300,,,27.0,51,True,False,True,False,success,,5,0.3729999999999225,epsilon_greedy,,277011,,,,,,,6.785083084458922e-05
3302,3301,,,28.5,48,True,False,True,False,success,,5,0.3728099999999225,epsilon_greedy,,277059,,,,,,,0.029392737220314557
3303,3302,,,23.5,58,True,False,True,False,success,,5,0.37261999999992246,epsilon_greedy,,277117,,,,,,,0.09814508848569675
3304,3303,,,19.5,66,True,False,True,False,success,,5,0.37242999999992243,epsilon_greedy,,277183,,,,,,,0.09661694346746452
3305,3304,,,28.0,49,True,False,True,False,success,,5,0.3722399999999224,epsilon_greedy,,277232,,,,,,,0.012704192993249751
3306,3305,,,32.0,41,True,False,True,False,success,,5,0.3720499999999224,epsilon_greedy,,277273,,,,,,,1.0578839894509879e-05
3307,3306,,,27.5,50,True,False,True,False,success,,5,0.37185999999992236,epsilon_greedy,,277323,,,,,,,4.690684616521778e-05
3308,3307,,,34.5,36,True,False,True,False,success,,5,0.37166999999992234,epsilon_greedy,,277359,,,,,,,1.2473099096786833e-10
3309,3308,,,31.5,42,True,False,True,False,success,,5,0.3714799999999223,epsilon_greedy,,277401,,,,,,,3.5976494998752037e-06
3310,3309,,,27.0,51,True,False,True,False,success,,5,0.3712899999999223,epsilon_greedy,,277452,,,,,,,8.809016927318625e-06
3311,3310,,,23.5,58,True,False,True,False,success,,5,0.37109999999992227,epsilon_greedy,,277510,,,,,,,0.020769300700201665
3312,3311,,,29.0,47,True,False,True,False,success,,5,0.37090999999992225,epsilon_greedy,,277557,,,,,,,0.004406854126192653
3313,3312,,,31.0,43,True,False,True,False,success,,5,0.3707199999999222,epsilon_greedy,,277600,,,,,,,1.7930622361560846e-10
3314,3313,,,32.0,41,True,False,True,False,success,,5,0.3705299999999222,epsilon_greedy,,277641,,,,,,,0.005492728542316452
3315,3314,,,22.5,60,True,False,True,False,success,,5,0.3703399999999222,epsilon_greedy,,277701,,,,,,,0.00017848111716072996
3316,3315,,,34.5,36,True,False,True,False,success,,5,0.37014999999992215,epsilon_greedy,,277737,,,,,,,1.2051482960561009e-05
3317,3316,,,22.5,60,True,False,True,False,success,,5,0.36995999999992213,epsilon_greedy,,277797,,,,,,,0.00026940095327389427
3318,3317,,,29.0,47,True,False,True,False,success,,5,0.3697699999999221,epsilon_greedy,,277844,,,,,,,1.611838016969237e-05
3319,3318,,,26.0,53,True,False,True,False,success,,5,0.3695799999999221,epsilon_greedy,,277897,,,,,,,0.004079356187059866
3320,3319,,,36.0,33,True,False,True,False,success,,5,0.36938999999992206,epsilon_greedy,,277930,,,,,,,1.0652946538371135e-10
3321,3320,,,28.5,48,True,False,True,False,success,,5,0.36919999999992203,epsilon_greedy,,277978,,,,,,,0.0018167250759035802
3322,3321,,,28.0,49,True,False,True,False,success,,5,0.369009999999922,epsilon_greedy,,278027,,,,,,,0.002754849966801998
3323,3322,,,31.0,43,True,False,True,False,success,,5,0.368819999999922,epsilon_greedy,,278070,,,,,,,0.0058099318958582166
3324,3323,,,30.5,44,True,False,True,False,success,,5,0.36862999999992196,epsilon_greedy,,278114,,,,,,,6.65354539141173e-11
3325,3324,,,31.0,43,True,False,True,False,success,,5,0.36843999999992194,epsilon_greedy,,278157,,,,,,,5.605678195532291e-11
3326,3325,,,20.0,65,True,False,True,False,success,,5,0.3682499999999219,epsilon_greedy,,278222,,,,,,,0.002255753145713868
3327,3326,,,33.5,38,True,False,True,False,success,,5,0.3680599999999219,epsilon_greedy,,278260,,,,,,,0.004427476365714541
3328,3327,,,36.0,33,True,False,True,False,success,,5,0.36786999999992187,epsilon_greedy,,278293,,,,,,,2.2097817178794713e-10
3329,3328,,,31.0,43,True,False,True,False,success,,5,0.36767999999992185,epsilon_greedy,,278336,,,,,,,0.0010487022972547695
3330,3329,,,22.5,60,True,False,True,False,success,,5,0.3674899999999218,epsilon_greedy,,278396,,,,,,,0.004977336436132384
3331,3330,,,29.0,47,True,False,True,False,success,,5,0.3672999999999218,epsilon_greedy,,278443,,,,,,,0.010159171020470424
3332,3331,,,23.5,58,True,False,True,False,success,,5,0.3671099999999218,epsilon_greedy,,278501,,,,,,,0.0037647884160265654
3333,3332,,,21.0,63,True,False,True,False,success,,5,0.36691999999992175,epsilon_greedy,,278564,,,,,,,0.11371098334362237
3334,3333,,,18.5,68,True,False,True,False,success,,5,0.36672999999992173,epsilon_greedy,,278632,,,,,,,0.20124642122353578
3335,3334,,,30.0,45,True,False,True,False,success,,5,0.3665399999999217,epsilon_greedy,,278677,,,,,,,0.001452957017843638
3336,3335,,,34.5,36,True,False,True,False,success,,5,0.3663499999999217,epsilon_greedy,,278713,,,,,,,0.0003766071302031795
3337,3336,,,25.0,55,True,False,True,False,success,,5,0.36615999999992166,epsilon_greedy,,278768,,,,,,,0.006318022516008671
3338,3337,,,29.5,46,True,False,True,False,success,,5,0.36596999999992164,epsilon_greedy,,278814,,,,,,,0.0006189799932338842
3339,3338,,,37.5,30,True,False,True,False,success,,5,0.3657799999999216,epsilon_greedy,,278844,,,,,,,2.2743584793261105e-12
3340,3339,,,27.5,50,True,False,True,False,success,,5,0.3655899999999216,epsilon_greedy,,278894,,,,,,,6.709269584348477e-11
3341,3340,,,30.5,44,True,False,True,False,success,,5,0.36539999999992157,epsilon_greedy,,278938,,,,,,,1.1954921900910035e-11
3342,3341,,,33.0,39,True,False,True,False,success,,5,0.36520999999992154,epsilon_greedy,,278977,,,,,,,5.1648964307705915e-11
3343,3342,,,24.5,56,True,False,True,False,success,,5,0.3650199999999215,epsilon_greedy,,279033,,,,,,,0.000260459835190463
3344,3343,,,32.0,41,True,False,True,False,success,,5,0.3648299999999215,epsilon_greedy,,279074,,,,,,,0.0011166375107306856
3345,3344,,,30.5,44,True,False,True,False,success,,5,0.36463999999992147,epsilon_greedy,,279118,,,,,,,0.008851596336335506
3346,3345,,,31.5,42,True,False,True,False,success,,5,0.36444999999992145,epsilon_greedy,,279160,,,,,,,8.717708291578183e-05
3347,3346,,,29.5,46,True,False,True,False,success,,5,0.3642599999999214,epsilon_greedy,,279206,,,,,,,8.292767220698649e-05
3348,3347,,,29.0,47,True,False,True,False,success,,5,0.3640699999999214,epsilon_greedy,,279253,,,,,,,0.004803469488346303
3349,3348,,,32.5,40,True,False,True,False,success,,5,0.3638799999999214,epsilon_greedy,,279293,,,,,,,0.000600289300088841
3350,3349,,,34.0,37,True,False,True,False,success,,5,0.36368999999992135,epsilon_greedy,,279330,,,,,,,5.860129222719786e-09
3351,3350,,,33.0,39,True,False,True,False,success,,5,0.36349999999992133,epsilon_greedy,,279369,,,,,,,8.034402772712686e-11
3352,3351,,,28.5,48,True,False,True,False,success,,5,0.3633099999999213,epsilon_greedy,,279417,,,,,,,0.00592701464561816
3353,3352,,,32.0,41,True,False,True,False,success,,5,0.3631199999999213,epsilon_greedy,,279458,,,,,,,1.3051283631062776e-11
3354,3353,,,31.0,43,True,False,True,False,success,,5,0.36292999999992126,epsilon_greedy,,279501,,,,,,,0.00035146749141238816
3355,3354,,,32.5,40,True,False,True,False,success,,5,0.36273999999992124,epsilon_greedy,,279541,,,,,,,0.00028349604034718647
3356,3355,,,38.0,29,True,False,True,False,success,,5,0.3625499999999212,epsilon_greedy,,279570,,,,,,,1.1690265613777165e-13
3357,3356,,,31.0,43,True,False,True,False,success,,5,0.3623599999999212,epsilon_greedy,,279613,,,,,,,0.0006868114899609804
3358,3357,,,25.5,54,True,False,True,False,success,,5,0.36216999999992117,epsilon_greedy,,279667,,,,,,,0.001424597923089289
3359,3358,,,34.5,36,True,False,True,False,success,,5,0.36197999999992114,epsilon_greedy,,279703,,,,,,,6.731989484383878e-09
3360,3359,,,27.0,51,True,False,True,False,success,,5,0.3617899999999211,epsilon_greedy,,279754,,,,,,,0.04872337553618514
3361,3360,,,34.0,37,True,False,True,False,success,,5,0.3615999999999211,epsilon_greedy,,279791,,,,,,,0.0001355251880967376
3362,3361,,,26.5,52,True,False,True,False,success,,5,0.36140999999992107,epsilon_greedy,,279843,,,,,,,0.00021685217509831005
3363,3362,,,31.5,42,True,False,True,False,success,,5,0.36121999999992105,epsilon_greedy,,279885,,,,,,,1.0043367879131182e-05
3364,3363,,,27.5,50,True,False,True,False,success,,5,0.361029999999921,epsilon_greedy,,279935,,,,,,,0.01735973057129578
3365,3364,,,32.5,40,True,False,True,False,success,,5,0.360839999999921,epsilon_greedy,,279975,,,,,,,0.030720242730044433
3366,3365,,,29.0,47,True,False,True,False,success,,5,0.360649999999921,epsilon_greedy,,280022,,,,,,,1.7764869800776812e-05
3367,3366,,,32.0,41,True,False,True,False,success,,5,0.36045999999992095,epsilon_greedy,,280063,,,,,,,0.020662635327829366
3368,3367,,,33.5,38,True,False,True,False,success,,5,0.36026999999992093,epsilon_greedy,,280101,,,,,,,1.1559782371094977e-11
3369,3368,,,31.5,42,True,False,True,False,success,,5,0.3600799999999209,epsilon_greedy,,280143,,,,,,,0.015907568068609126
3370,3369,,,31.5,42,True,False,True,False,success,,5,0.3598899999999209,epsilon_greedy,,280185,,,,,,,0.000179907641067197
3371,3370,,,29.0,47,True,False,True,False,success,,5,0.35969999999992086,epsilon_greedy,,280232,,,,,,,0.00038115874842174855
3372,3371,,,34.0,37,True,False,True,False,success,,5,0.35950999999992084,epsilon_greedy,,280269,,,,,,,3.932830037610001e-12
3373,3372,,,27.5,50,True,False,True,False,success,,5,0.3593199999999208,epsilon_greedy,,280319,,,,,,,0.0002457590506790375
3374,3373,,,37.5,30,True,False,True,False,success,,5,0.3591299999999208,epsilon_greedy,,280349,,,,,,,1.6585340508375643e-11
3375,3374,,,29.0,47,True,False,True,False,success,,5,0.35893999999992077,epsilon_greedy,,280396,,,,,,,0.0005899826834484983
3376,3375,,,30.5,44,True,False,True,False,success,,5,0.35874999999992074,epsilon_greedy,,280440,,,,,,,0.03770487707199093
3377,3376,,,33.0,39,True,False,True,False,success,,5,0.3585599999999207,epsilon_greedy,,280479,,,,,,,8.620417200579421e-11
3378,3377,,,27.5,50,True,False,True,False,success,,5,0.3583699999999207,epsilon_greedy,,280529,,,,,,,6.49552267512199e-05
3379,3378,,,33.0,39,True,False,True,False,success,,5,0.3581799999999207,epsilon_greedy,,280568,,,,,,,9.587909525006666e-05
3380,3379,,,34.0,37,True,False,True,False,success,,5,0.35798999999992065,epsilon_greedy,,280605,,,,,,,0.00020535885641100602
3381,3380,,,32.0,41,True,False,True,False,success,,5,0.3577999999999206,epsilon_greedy,,280646,,,,,,,0.0006831446977261912
3382,3381,,,24.5,56,True,False,True,False,success,,5,0.3576099999999206,epsilon_greedy,,280702,,,,,,,0.0012943009964727953
3383,3382,,,17.5,70,True,False,True,False,success,,5,0.3574199999999206,epsilon_greedy,,280772,,,,,,,0.07867583036255008
3384,3383,,,30.5,44,True,False,True,False,success,,5,0.35722999999992056,epsilon_greedy,,280816,,,,,,,3.6445777543470115e-05
3385,3384,,,20.0,65,True,False,True,False,success,,5,0.35703999999992053,epsilon_greedy,,280881,,,,,,,0.017920399535165808
3386,3385,,,35.0,35,True,False,True,False,success,,5,0.3568499999999205,epsilon_greedy,,280916,,,,,,,0.000842418147989348
3387,3386,,,25.5,54,True,False,True,False,success,,5,0.3566599999999205,epsilon_greedy,,280970,,,,,,,0.0025042823373747267
3388,3387,,,29.0,47,True,False,True,False,success,,5,0.35646999999992046,epsilon_greedy,,281017,,,,,,,0.07085302399924376
3389,3388,,,29.5,46,True,False,True,False,success,,5,0.35627999999992044,epsilon_greedy,,281063,,,,,,,0.2308852485731129
3390,3389,,,27.0,51,True,False,True,False,success,,5,0.3560899999999204,epsilon_greedy,,281114,,,,,,,6.5979336058814e-05
3391,3390,,,30.0,45,True,False,True,False,success,,5,0.3558999999999204,epsilon_greedy,,281159,,,,,,,4.5059112666538205e-05
3392,3391,,,34.0,37,True,False,True,False,success,,5,0.35570999999992037,epsilon_greedy,,281196,,,,,,,1.3952250766136343e-11
3393,3392,,,27.0,51,True,False,True,False,success,,5,0.35551999999992034,epsilon_greedy,,281247,,,,,,,0.020045263685742797
3394,3393,,,29.0,47,True,False,True,False,success,,5,0.3553299999999203,epsilon_greedy,,281294,,,,,,,0.0003671569359153945
3395,3394,,,28.5,48,True,False,True,False,success,,5,0.3551399999999203,epsilon_greedy,,281342,,,,,,,3.285257621499227e-10
3396,3395,,,23.0,59,True,False,True,False,success,,5,0.3549499999999203,epsilon_greedy,,281401,,,,,,,0.121879843893392
3397,3396,,,29.0,47,True,False,True,False,success,,5,0.35475999999992025,epsilon_greedy,,281448,,,,,,,0.015291784958974548
3398,3397,,,34.5,36,True,False,True,False,success,,5,0.3545699999999202,epsilon_greedy,,281484,,,,,,,8.448144721392066e-05
3399,3398,,,30.5,44,True,False,True,False,success,,5,0.3543799999999202,epsilon_greedy,,281528,,,,,,,0.005102121881298085
3400,3399,,,25.0,55,True,False,True,False,success,,5,0.3541899999999202,epsilon_greedy,,281583,,,,,,,0.11663356520025561
3401,3400,,,33.0,39,True,False,True,False,success,,5,0.35399999999992016,epsilon_greedy,,281622,,,,,,,5.123423053331722e-12
3402,3401,,,30.0,45,True,False,True,False,success,,5,0.35380999999992013,epsilon_greedy,,281667,,,,,,,0.001589627473784204
3403,3402,,,31.5,42,True,False,True,False,success,,5,0.3536199999999201,epsilon_greedy,,281709,,,,,,,3.905327595701703e-09
3404,3403,,,25.5,54,True,False,True,False,success,,5,0.3534299999999201,epsilon_greedy,,281763,,,,,,,0.030560140204444024
3405,3404,,,27.0,51,True,False,True,False,success,,5,0.35323999999992006,epsilon_greedy,,281814,,,,,,,0.0005061112113474991
3406,3405,,,32.5,40,True,False,True,False,success,,5,0.35304999999992004,epsilon_greedy,,281854,,,,,,,0.02528690175202599
3407,3406,,,25.0,55,True,False,True,False,success,,5,0.35285999999992,epsilon_greedy,,281909,,,,,,,4.927786663570673e-11
3408,3407,,,36.0,33,True,False,True,False,success,,5,0.35266999999992,epsilon_greedy,,281942,,,,,,,2.3972190148222133e-05
3409,3408,,,29.0,47,True,False,True,False,success,,5,0.35247999999991997,epsilon_greedy,,281989,,,,,,,0.02762359871020231
3410,3409,,,31.0,43,True,False,True,False,success,,5,0.35228999999991994,epsilon_greedy,,282032,,,,,,,1.6753101972747917e-05
3411,3410,,,31.5,42,True,False,True,False,success,,5,0.3520999999999199,epsilon_greedy,,282074,,,,,,,0.00020771516605316576
3412,3411,,,30.0,45,True,False,True,False,success,,5,0.3519099999999199,epsilon_greedy,,282119,,,,,,,0.0002699743933323617
3413,3412,,,29.0,47,True,False,True,False,success,,5,0.3517199999999199,epsilon_greedy,,282166,,,,,,,0.00045643550422611685
3414,3413,,,31.0,43,True,False,True,False,success,,5,0.35152999999991985,epsilon_greedy,,282209,,,,,,,3.395927466880134e-11
3415,3414,,,26.5,52,True,False,True,False,success,,5,0.3513399999999198,epsilon_greedy,,282261,,,,,,,0.00037161241461696875
3416,3415,,,26.0,53,True,False,True,False,success,,5,0.3511499999999198,epsilon_greedy,,282314,,,,,,,0.02026356755321124
3417,3416,,,32.5,40,True,False,True,False,success,,5,0.3509599999999198,epsilon_greedy,,282354,,,,,,,5.456530782765867e-11
3418,3417,,,27.0,51,True,False,True,False,success,,5,0.35076999999991976,epsilon_greedy,,282405,,,,,,,0.0005016524968817825
3419,3418,,,33.0,39,True,False,True,False,success,,5,0.35057999999991973,epsilon_greedy,,282444,,,,,,,0.0011702402551563068
3420,3419,,,26.0,53,True,False,True,False,success,,5,0.3503899999999197,epsilon_greedy,,282497,,,,,,,0.0007385890066394805
3421,3420,,,29.0,47,True,False,True,False,success,,5,0.3501999999999197,epsilon_greedy,,282544,,,,,,,0.012118410070718505
3422,3421,,,27.5,50,True,False,True,False,success,,5,0.35000999999991966,epsilon_greedy,,282594,,,,,,,1.116260861522278e-11
3423,3422,,,33.0,39,True,False,True,False,success,,5,0.34981999999991964,epsilon_greedy,,282633,,,,,,,0.00020337354374050804
3424,3423,,,36.0,33,True,False,True,False,success,,5,0.3496299999999196,epsilon_greedy,,282666,,,,,,,0.00015633509041885156
3425,3424,,,34.0,37,True,False,True,False,success,,5,0.3494399999999196,epsilon_greedy,,282703,,,,,,,1.6911397207533467e-13
3426,3425,,,28.5,48,True,False,True,False,success,,5,0.34924999999991957,epsilon_greedy,,282751,,,,,,,1.858801183659183e-06
3427,3426,,,34.0,37,True,False,True,False,success,,5,0.34905999999991955,epsilon_greedy,,282788,,,,,,,1.0295993796877629e-07
3428,3427,,,29.0,47,True,False,True,False,success,,5,0.3488699999999195,epsilon_greedy,,282835,,,,,,,9.245649381792353e-06
3429,3428,,,27.5,50,True,False,True,False,success,,5,0.3486799999999195,epsilon_greedy,,282885,,,,,,,0.04834318425158129
3430,3429,,,33.5,38,True,False,True,False,success,,5,0.3484899999999195,epsilon_greedy,,282923,,,,,,,0.0007514210606022022
3431,3430,,,22.5,60,True,False,True,False,success,,5,0.34829999999991945,epsilon_greedy,,282983,,,,,,,0.00010497463651536106
3432,3431,,,27.5,50,True,False,True,False,success,,5,0.34810999999991943,epsilon_greedy,,283033,,,,,,,0.008853656989343133
3433,3432,,,30.5,44,True,False,True,False,success,,5,0.3479199999999194,epsilon_greedy,,283077,,,,,,,3.785902904305451e-11
3434,3433,,,28.5,48,True,False,True,False,success,,5,0.3477299999999194,epsilon_greedy,,283125,,,,,,,0.0025296246982094614
3435,3434,,,30.5,44,True,False,True,False,success,,5,0.34753999999991936,epsilon_greedy,,283169,,,,,,,1.701288236975109e-05
3436,3435,,,25.5,54,True,False,True,False,success,,5,0.34734999999991933,epsilon_greedy,,283223,,,,,,,0.001061092482541587
3437,3436,,,29.5,46,True,False,True,False,success,,5,0.3471599999999193,epsilon_greedy,,283269,,,,,,,0.004717141151030473
3438,3437,,,33.0,39,True,False,True,False,success,,5,0.3469699999999193,epsilon_greedy,,283308,,,,,,,2.0382866042750034e-06
3439,3438,,,28.5,48,True,False,True,False,success,,5,0.34677999999991926,epsilon_greedy,,283356,,,,,,,5.8129469355738816e-05
3440,3439,,,23.0,59,True,False,True,False,success,,5,0.34658999999991924,epsilon_greedy,,283415,,,,,,,0.002954090238094585
3441,3440,,,31.0,43,True,False,True,False,success,,5,0.3463999999999192,epsilon_greedy,,283458,,,,,,,0.000282915125581749
3442,3441,,,28.0,49,True,False,True,False,success,,5,0.3462099999999192,epsilon_greedy,,283507,,,,,,,0.0011106777206404722
3443,3442,,,31.0,43,True,False,True,False,success,,5,0.34601999999991917,epsilon_greedy,,283550,,,,,,,0.00011868360204078343
3444,3443,,,32.0,41,True,False,True,False,success,,5,0.34582999999991915,epsilon_greedy,,283591,,,,,,,8.924026829157722e-13
3445,3444,,,31.0,43,True,False,True,False,success,,5,0.3456399999999191,epsilon_greedy,,283634,,,,,,,0.002119917705532416
3446,3445,,,29.5,46,True,False,True,False,success,,5,0.3454499999999191,epsilon_greedy,,283680,,,,,,,1.2277550956572787e-11
3447,3446,,,30.0,45,True,False,True,False,success,,5,0.3452599999999191,epsilon_greedy,,283725,,,,,,,5.7827272989641186e-06
3448,3447,,,34.5,36,True,False,True,False,success,,5,0.34506999999991905,epsilon_greedy,,283761,,,,,,,0.00399688179138264
3449,3448,,,35.0,35,True,False,True,False,success,,5,0.34487999999991903,epsilon_greedy,,283796,,,,,,,0.0058740586358004675
3450,3449,,,21.0,63,True,False,True,False,success,,5,0.344689999999919,epsilon_greedy,,283859,,,,,,,0.0002274912920894605
3451,3450,,,27.5,50,True,False,True,False,success,,5,0.344499999999919,epsilon_greedy,,283909,,,,,,,9.852863871852691e-05
3452,3451,,,20.0,65,True,False,True,False,success,,5,0.34430999999991896,epsilon_greedy,,283974,,,,,,,0.08690681306193136
3453,3452,,,37.0,31,True,False,True,False,success,,5,0.34411999999991894,epsilon_greedy,,284005,,,,,,,1.2087392019199591e-11
3454,3453,,,27.0,51,True,False,True,False,success,,5,0.3439299999999189,epsilon_greedy,,284056,,,,,,,0.0010660985237007342
3455,3454,,,23.5,58,True,False,True,False,success,,5,0.3437399999999189,epsilon_greedy,,284114,,,,,,,0.009272182051833333
3456,3455,,,35.0,35,True,False,True,False,success,,5,0.34354999999991886,epsilon_greedy,,284149,,,,,,,1.542840743046067e-05
3457,3456,,,31.5,42,True,False,True,False,success,,5,0.34335999999991884,epsilon_greedy,,284191,,,,,,,0.0010415293747121463
3458,3457,,,32.0,41,True,False,True,False,success,,5,0.3431699999999188,epsilon_greedy,,284232,,,,,,,0.02989942358216615
3459,3458,,,36.5,32,True,False,True,False,success,,5,0.3429799999999188,epsilon_greedy,,284264,,,,,,,5.412614800803794e-13
3460,3459,,,29.5,46,True,False,True,False,success,,5,0.34278999999991877,epsilon_greedy,,284310,,,,,,,0.019921677272800045
3461,3460,,,29.0,47,True,False,True,False,success,,5,0.34259999999991875,epsilon_greedy,,284357,,,,,,,0.00012410815317612058
3462,3461,,,36.5,32,True,False,True,False,success,,5,0.3424099999999187,epsilon_greedy,,284389,,,,,,,0.00017905667412296267
3463,3462,,,33.0,39,True,False,True,False,success,,5,0.3422199999999187,epsilon_greedy,,284428,,,,,,,0.002550869744716522
3464,3463,,,29.0,47,True,False,True,False,success,,5,0.3420299999999187,epsilon_greedy,,284475,,,,,,,0.0006151008255687914
3465,3464,,,32.0,41,True,False,True,False,success,,5,0.34183999999991865,epsilon_greedy,,284516,,,,,,,3.5060583163003016e-11
3466,3465,,,34.0,37,True,False,True,False,success,,5,0.34164999999991863,epsilon_greedy,,284553,,,,,,,0.00015764456055105186
3467,3466,,,32.0,41,True,False,True,False,success,,5,0.3414599999999186,epsilon_greedy,,284594,,,,,,,3.1681158549576114e-05
3468,3467,,,28.0,49,True,False,True,False,success,,5,0.3412699999999186,epsilon_greedy,,284643,,,,,,,0.010425447199294368
3469,3468,,,34.5,36,True,False,True,False,success,,5,0.34107999999991856,epsilon_greedy,,284679,,,,,,,0.03229092635024148
3470,3469,,,34.5,36,True,False,True,False,success,,5,0.34088999999991854,epsilon_greedy,,284715,,,,,,,0.00011687242241954622
3471,3470,,,27.0,51,True,False,True,False,success,,5,0.3406999999999185,epsilon_greedy,,284766,,,,,,,2.1734748206007876e-10
3472,3471,,,24.5,56,True,False,True,False,success,,5,0.3405099999999185,epsilon_greedy,,284822,,,,,,,0.04151298225411076
3473,3472,,,29.5,46,True,False,True,False,success,,5,0.34031999999991847,epsilon_greedy,,284868,,,,,,,0.0002017194405347234
3474,3473,,,34.0,37,True,False,True,False,success,,5,0.34012999999991844,epsilon_greedy,,284905,,,,,,,0.0031503167479429777
3475,3474,,,28.5,48,True,False,True,False,success,,5,0.3399399999999184,epsilon_greedy,,284953,,,,,,,0.0015288742161683004
3476,3475,,,30.5,44,True,False,True,False,success,,5,0.3397499999999184,epsilon_greedy,,284997,,,,,,,0.00016420857761963298
3477,3476,,,33.5,38,True,False,True,False,success,,5,0.33955999999991837,epsilon_greedy,,285035,,,,,,,8.887744341659767e-12
3478,3477,,,28.5,48,True,False,True,False,success,,5,0.33936999999991835,epsilon_greedy,,285083,,,,,,,0.051476653768440774
3479,3478,,,32.5,40,True,False,True,False,success,,5,0.3391799999999183,epsilon_greedy,,285123,,,,,,,0.00072003178070148
3480,3479,,,33.5,38,True,False,True,False,success,,5,0.3389899999999183,epsilon_greedy,,285161,,,,,,,1.5938326915575448e-09
3481,3480,,,33.0,39,True,False,True,False,success,,5,0.3387999999999183,epsilon_greedy,,285200,,,,,,,8.0338926394665e-12
3482,3481,,,30.5,44,True,False,True,False,success,,5,0.33860999999991825,epsilon_greedy,,285244,,,,,,,2.7319509232202257e-05
3483,3482,,,31.0,43,True,False,True,False,success,,5,0.33841999999991823,epsilon_greedy,,285287,,,,,,,0.00016359287945445165
3484,3483,,,32.0,41,True,False,True,False,success,,5,0.3382299999999182,epsilon_greedy,,285328,,,,,,,0.001309545578373551
3485,3484,,,29.5,46,True,False,True,False,success,,5,0.3380399999999182,epsilon_greedy,,285374,,,,,,,0.17601460303382824
3486,3485,,,28.0,49,True,False,True,False,success,,5,0.33784999999991816,epsilon_greedy,,285423,,,,,,,0.0013335962462056661
3487,3486,,,31.5,42,True,False,True,False,success,,5,0.33765999999991814,epsilon_greedy,,285465,,,,,,,0.0006903497534128085
3488,3487,,,32.5,40,True,False,True,False,success,,5,0.3374699999999181,epsilon_greedy,,285505,,,,,,,1.3158452105699326e-11
3489,3488,,,35.0,35,True,False,True,False,success,,5,0.3372799999999181,epsilon_greedy,,285540,,,,,,,5.271422663456958e-11
3490,3489,,,32.0,41,True,False,True,False,success,,5,0.33708999999991807,epsilon_greedy,,285581,,,,,,,1.8498205571824728e-05
3491,3490,,,23.0,59,True,False,True,False,success,,5,0.33689999999991804,epsilon_greedy,,285640,,,,,,,0.1751452777960027
3492,3491,,,35.0,35,True,False,True,False,success,,5,0.336709999999918,epsilon_greedy,,285675,,,,,,,1.6056489471338864e-12
3493,3492,,,33.0,39,True,False,True,False,success,,5,0.336519999999918,epsilon_greedy,,285714,,,,,,,8.070244223989657e-05
3494,3493,,,29.0,47,True,False,True,False,success,,5,0.336329999999918,epsilon_greedy,,285761,,,,,,,0.0009676838439825675
3495,3494,,,27.5,50,True,False,True,False,success,,5,0.33613999999991795,epsilon_greedy,,285811,,,,,,,0.01797129184871256
3496,3495,,,31.0,43,True,False,True,False,success,,5,0.3359499999999179,epsilon_greedy,,285854,,,,,,,0.020320207547787326
3497,3496,,,26.5,52,True,False,True,False,success,,5,0.3357599999999179,epsilon_greedy,,285906,,,,,,,0.000297493349313496
3498,3497,,,31.0,43,True,False,True,False,success,,5,0.3355699999999179,epsilon_greedy,,285949,,,,,,,0.006706841768754207
3499,3498,,,34.0,37,True,False,True,False,success,,5,0.33537999999991785,epsilon_greedy,,285986,,,,,,,4.446020782836705e-06
3500,3499,,,35.5,34,True,False,True,False,success,,5,0.33518999999991783,epsilon_greedy,,286020,,,,,,,1.4167778061846548e-11
3501,3500,,,29.5,46,True,False,True,False,success,,5,0.3349999999999178,epsilon_greedy,,286066,,,,,,,0.0007141528919917407
3502,3501,,,28.5,48,True,False,True,False,success,,5,0.3348099999999178,epsilon_greedy,,286114,,,,,,,3.3598734905382344e-11
3503,3502,,,30.0,45,True,False,True,False,success,,5,0.33461999999991776,epsilon_greedy,,286159,,,,,,,0.00011878817512965946
3504,3503,,,31.5,42,True,False,True,False,success,,5,0.33442999999991774,epsilon_greedy,,286201,,,,,,,2.4474958646774914e-05
3505,3504,,,31.0,43,True,False,True,False,success,,5,0.3342399999999177,epsilon_greedy,,286244,,,,,,,0.000529211776874421
3506,3505,,,29.0,47,True,False,True,False,success,,5,0.3340499999999177,epsilon_greedy,,286291,,,,,,,6.299940051121969e-05
3507,3506,,,25.5,54,True,False,True,False,success,,5,0.33385999999991767,epsilon_greedy,,286345,,,,,,,0.00027006576000183143
3508,3507,,,23.0,59,True,False,True,False,success,,5,0.33366999999991764,epsilon_greedy,,286404,,,,,,,0.0007509886477900885
3509,3508,,,26.0,53,True,False,True,False,success,,5,0.3334799999999176,epsilon_greedy,,286457,,,,,,,0.022769028561005135
3510,3509,,,27.0,51,True,False,True,False,success,,5,0.3332899999999176,epsilon_greedy,,286508,,,,,,,0.0012223134267088304
3511,3510,,,26.0,53,True,False,True,False,success,,5,0.3330999999999176,epsilon_greedy,,286561,,,,,,,0.0003246730483928837
3512,3511,,,33.0,39,True,False,True,False,success,,5,0.33290999999991755,epsilon_greedy,,286600,,,,,,,0.00041310787589665665
3513,3512,,,28.5,48,True,False,True,False,success,,5,0.3327199999999175,epsilon_greedy,,286648,,,,,,,0.00024730470339001664
3514,3513,,,27.5,50,True,False,True,False,success,,5,0.3325299999999175,epsilon_greedy,,286698,,,,,,,0.0018152135046415729
3515,3514,,,31.5,42,True,False,True,False,success,,5,0.3323399999999175,epsilon_greedy,,286740,,,,,,,0.0002799648996353268
3516,3515,,,31.0,43,True,False,True,False,success,,5,0.33214999999991746,epsilon_greedy,,286783,,,,,,,0.07963572115188639
3517,3516,,,29.5,46,True,False,True,False,success,,5,0.33195999999991743,epsilon_greedy,,286829,,,,,,,0.001589517665343707
3518,3517,,,35.5,34,True,False,True,False,success,,5,0.3317699999999174,epsilon_greedy,,286863,,,,,,,0.0022871555294543674
3519,3518,,,27.5,50,True,False,True,False,success,,5,0.3315799999999174,epsilon_greedy,,286913,,,,,,,0.0014235773681351737
3520,3519,,,25.0,55,True,False,True,False,success,,5,0.33138999999991736,epsilon_greedy,,286968,,,,,,,0.04416032008804412
3521,3520,,,33.0,39,True,False,True,False,success,,5,0.33119999999991734,epsilon_greedy,,287007,,,,,,,0.00014110270993394618
3522,3521,,,34.0,37,True,False,True,False,success,,5,0.3310099999999173,epsilon_greedy,,287044,,,,,,,2.545159278528248e-11
3523,3522,,,34.5,36,True,False,True,False,success,,5,0.3308199999999173,epsilon_greedy,,287080,,,,,,,0.25393494280465334
3524,3523,,,26.5,52,True,False,True,False,success,,5,0.33062999999991727,epsilon_greedy,,287132,,,,,,,0.02736063510629007
3525,3524,,,34.5,36,True,False,True,False,success,,5,0.33043999999991724,epsilon_greedy,,287168,,,,,,,1.083618010137381e-09
3526,3525,,,33.5,38,True,False,True,False,success,,5,0.3302499999999172,epsilon_greedy,,287206,,,,,,,6.745703087423767e-05
3527,3526,,,32.5,40,True,False,True,False,success,,5,0.3300599999999172,epsilon_greedy,,287246,,,,,,,7.633071952284354e-12
3528,3527,,,34.5,36,True,False,True,False,success,,5,0.3298699999999172,epsilon_greedy,,287282,,,,,,,3.1390939230707066e-12
3529,3528,,,30.5,44,True,False,True,False,success,,5,0.32967999999991715,epsilon_greedy,,287326,,,,,,,2.6766952291009975e-11
3530,3529,,,27.5,50,True,False,True,False,success,,5,0.3294899999999171,epsilon_greedy,,287376,,,,,,,7.706993446076283e-05
3531,3530,,,34.5,36,True,False,True,False,success,,5,0.3292999999999171,epsilon_greedy,,287412,,,,,,,2.5648594556868275e-08
3532,3531,,,33.5,38,True,False,True,False,success,,5,0.3291099999999171,epsilon_greedy,,287450,,,,,,,0.027460463136442827
3533,3532,,,34.5,36,True,False,True,False,success,,5,0.32891999999991706,epsilon_greedy,,287486,,,,,,,4.796237481248984e-12
3534,3533,,,35.5,34,True,False,True,False,success,,5,0.32872999999991703,epsilon_greedy,,287520,,,,,,,1.0486330757978923e-11
3535,3534,,,30.5,44,True,False,True,False,success,,5,0.328539999999917,epsilon_greedy,,287564,,,,,,,3.364852099295813e-06
3536,3535,,,26.0,53,True,False,True,False,success,,5,0.328349999999917,epsilon_greedy,,287617,,,,,,,0.10309527100956317
3537,3536,,,27.5,50,True,False,True,False,success,,5,0.32815999999991696,epsilon_greedy,,287667,,,,,,,1.2188387188416528e-10
3538,3537,,,34.5,36,True,False,True,False,success,,5,0.32796999999991694,epsilon_greedy,,287703,,,,,,,0.003245538663871919
3539,3538,,,34.0,37,True,False,True,False,success,,5,0.3277799999999169,epsilon_greedy,,287740,,,,,,,2.3776776343593894e-13
3540,3539,,,34.0,37,True,False,True,False,success,,5,0.3275899999999169,epsilon_greedy,,287777,,,,,,,9.789742830204542e-10
3541,3540,,,31.5,42,True,False,True,False,success,,5,0.32739999999991687,epsilon_greedy,,287819,,,,,,,1.4955863637480671e-09
3542,3541,,,37.0,31,True,False,True,False,success,,5,0.32720999999991685,epsilon_greedy,,287850,,,,,,,1.4000771868026159e-11
3543,3542,,,33.0,39,True,False,True,False,success,,5,0.3270199999999168,epsilon_greedy,,287889,,,,,,,0.034913829421584705
3544,3543,,,36.0,33,True,False,True,False,success,,5,0.3268299999999168,epsilon_greedy,,287922,,,,,,,1.3473397481875232e-13
3545,3544,,,33.5,38,True,False,True,False,success,,5,0.3266399999999168,epsilon_greedy,,287960,,,,,,,2.320249255885038e-13
3546,3545,,,33.5,38,True,False,True,False,success,,5,0.32644999999991675,epsilon_greedy,,287998,,,,,,,2.7524181764180723e-13
3547,3546,,,30.0,45,True,False,True,False,success,,5,0.3262599999999167,epsilon_greedy,,288043,,,,,,,2.5978538667143565e-05
3548,3547,,,23.5,58,True,False,True,False,success,,5,0.3260699999999167,epsilon_greedy,,288101,,,,,,,9.055537412311162e-06
3549,3548,,,22.5,60,True,False,True,False,success,,5,0.3258799999999167,epsilon_greedy,,288161,,,,,,,0.30177795974487476
3550,3549,,,33.0,39,True,False,True,False,success,,5,0.32568999999991666,epsilon_greedy,,288200,,,,,,,0.0002332171035351512
3551,3550,,,36.0,33,True,False,True,False,success,,5,0.32549999999991663,epsilon_greedy,,288233,,,,,,,2.537504860762722e-05
3552,3551,,,30.5,44,True,False,True,False,success,,5,0.3253099999999166,epsilon_greedy,,288277,,,,,,,0.009749130181020194
3553,3552,,,34.0,37,True,False,True,False,success,,5,0.3251199999999166,epsilon_greedy,,288314,,,,,,,1.7318290540950557e-05
3554,3553,,,34.0,37,True,False,True,False,success,,5,0.32492999999991656,epsilon_greedy,,288351,,,,,,,1.6251612932271164e-08
3555,3554,,,34.5,36,True,False,True,False,success,,5,0.32473999999991654,epsilon_greedy,,288387,,,,,,,1.5052909536134645e-10
3556,3555,,,35.5,34,True,False,True,False,success,,5,0.3245499999999165,epsilon_greedy,,288421,,,,,,,0.00010983398109950592
3557,3556,,,33.5,38,True,False,True,False,success,,5,0.3243599999999165,epsilon_greedy,,288459,,,,,,,3.693209480927276e-12
3558,3557,,,30.5,44,True,False,True,False,success,,5,0.32416999999991647,epsilon_greedy,,288503,,,,,,,0.0009660381218251534
3559,3558,,,35.5,34,True,False,True,False,success,,5,0.32397999999991645,epsilon_greedy,,288537,,,,,,,6.813347271993146e-12
3560,3559,,,29.5,46,True,False,True,False,success,,5,0.3237899999999164,epsilon_greedy,,288583,,,,,,,0.00016447866348965142
3561,3560,,,32.5,40,True,False,True,False,success,,5,0.3235999999999164,epsilon_greedy,,288623,,,,,,,3.1374350617840996e-05
3562,3561,,,37.0,31,True,False,True,False,success,,5,0.3234099999999164,epsilon_greedy,,288654,,,,,,,8.552900323461325e-12
3563,3562,,,31.5,42,True,False,True,False,success,,5,0.32321999999991635,epsilon_greedy,,288696,,,,,,,0.002381148381202921
3564,3563,,,27.5,50,True,False,True,False,success,,5,0.32302999999991633,epsilon_greedy,,288746,,,,,,,0.0038692997843974373
3565,3564,,,33.5,38,True,False,True,False,success,,5,0.3228399999999163,epsilon_greedy,,288784,,,,,,,1.2812908628826623e-12
3566,3565,,,24.0,57,True,False,True,False,success,,5,0.3226499999999163,epsilon_greedy,,288841,,,,,,,0.0006975502548142419
3567,3566,,,31.5,42,True,False,True,False,success,,5,0.32245999999991626,epsilon_greedy,,288883,,,,,,,0.0001004021709056145
3568,3567,,,25.5,54,True,False,True,False,success,,5,0.32226999999991623,epsilon_greedy,,288937,,,,,,,0.18612739027467495
3569,3568,,,33.5,38,True,False,True,False,success,,5,0.3220799999999162,epsilon_greedy,,288975,,,,,,,0.0007465185300669145
3570,3569,,,31.0,43,True,False,True,False,success,,5,0.3218899999999162,epsilon_greedy,,289018,,,,,,,0.0005277052711698435
3571,3570,,,32.0,41,True,False,True,False,success,,5,0.32169999999991616,epsilon_greedy,,289059,,,,,,,0.0004396588924317937
3572,3571,,,36.0,33,True,False,True,False,success,,5,0.32150999999991614,epsilon_greedy,,289092,,,,,,,5.061271267412381e-13
3573,3572,,,35.5,34,True,False,True,False,success,,5,0.3213199999999161,epsilon_greedy,,289126,,,,,,,1.5306840762217262e-12
3574,3573,,,32.0,41,True,False,True,False,success,,5,0.3211299999999161,epsilon_greedy,,289167,,,,,,,0.12411843696516263
3575,3574,,,34.0,37,True,False,True,False,success,,5,0.32093999999991607,epsilon_greedy,,289204,,,,,,,9.828510377935123e-12
3576,3575,,,34.0,37,True,False,True,False,success,,5,0.32074999999991605,epsilon_greedy,,289241,,,,,,,4.778259338338669e-05
3577,3576,,,31.0,43,True,False,True,False,success,,5,0.320559999999916,epsilon_greedy,,289284,,,,,,,0.0012373871130440283
3578,3577,,,30.0,45,True,False,True,False,success,,5,0.320369999999916,epsilon_greedy,,289329,,,,,,,0.0002716683211777019
3579,3578,,,33.0,39,True,False,True,False,success,,5,0.320179999999916,epsilon_greedy,,289368,,,,,,,9.789570863351681e-12
3580,3579,,,27.0,51,True,False,True,False,success,,5,0.31998999999991595,epsilon_greedy,,289419,,,,,,,0.07931798401017615
3581,3580,,,32.5,40,True,False,True,False,success,,5,0.31979999999991593,epsilon_greedy,,289459,,,,,,,0.00019057405613926993
3582,3581,,,30.0,45,True,False,True,False,success,,5,0.3196099999999159,epsilon_greedy,,289504,,,,,,,8.016096000785172e-05
3583,3582,,,29.5,46,True,False,True,False,success,,5,0.3194199999999159,epsilon_greedy,,289550,,,,,,,0.0008816143116666917
3584,3583,,,32.5,40,True,False,True,False,success,,5,0.31922999999991586,epsilon_greedy,,289590,,,,,,,0.0096856442184309
3585,3584,,,32.5,40,True,False,True,False,success,,5,0.31903999999991584,epsilon_greedy,,289630,,,,,,,0.007727904485677506
3586,3585,,,30.5,44,True,False,True,False,success,,5,0.3188499999999158,epsilon_greedy,,289674,,,,,,,0.00035452269687433457
3587,3586,,,26.0,53,True,False,True,False,success,,5,0.3186599999999158,epsilon_greedy,,289727,,,,,,,0.0009406012419882963
3588,3587,,,35.5,34,True,False,True,False,success,,5,0.31846999999991576,epsilon_greedy,,289761,,,,,,,0.0008943853375475071
3589,3588,,,34.0,37,True,False,True,False,success,,5,0.31827999999991574,epsilon_greedy,,289798,,,,,,,8.295056282522091e-05
3590,3589,,,33.5,38,True,False,True,False,success,,5,0.3180899999999157,epsilon_greedy,,289836,,,,,,,0.0013099200414614302
3591,3590,,,28.5,48,True,False,True,False,success,,5,0.3178999999999157,epsilon_greedy,,289884,,,,,,,0.0005052764299100232
3592,3591,,,36.0,33,True,False,True,False,success,,5,0.31770999999991567,epsilon_greedy,,289917,,,,,,,8.692871338580792e-12
3593,3592,,,21.5,62,True,False,True,False,success,,5,0.31751999999991565,epsilon_greedy,,289979,,,,,,,0.13329686610824373
3594,3593,,,35.5,34,True,False,True,False,success,,5,0.3173299999999156,epsilon_greedy,,290013,,,,,,,0.0008568070955922746
3595,3594,,,35.5,34,True,False,True,False,success,,5,0.3171399999999156,epsilon_greedy,,290047,,,,,,,6.695351554221381e-09
3596,3595,,,27.0,51,True,False,True,False,success,,5,0.3169499999999156,epsilon_greedy,,290098,,,,,,,0.0018303110575816949
3597,3596,,,27.0,51,True,False,True,False,success,,5,0.31675999999991555,epsilon_greedy,,290149,,,,,,,0.06480072957182909
3598,3597,,,38.0,29,True,False,True,False,success,,5,0.31656999999991553,epsilon_greedy,,290178,,,,,,,2.8770443829647165e-05
3599,3598,,,26.5,52,True,False,True,False,success,,5,0.3163799999999155,epsilon_greedy,,290230,,,,,,,6.600398859946975e-11
3600,3599,,,30.5,44,True,False,True,False,success,,5,0.3161899999999155,epsilon_greedy,,290274,,,,,,,0.0007726476415920775
3601,3600,,,27.0,51,True,False,True,False,success,,5,0.31599999999991546,epsilon_greedy,,290325,,,,,,,0.00012016613335747864
3602,3601,,,27.5,50,True,False,True,False,success,,5,0.31580999999991544,epsilon_greedy,,290375,,,,,,,0.05370645773276129
3603,3602,,,32.5,40,True,False,True,False,success,,5,0.3156199999999154,epsilon_greedy,,290415,,,,,,,1.4528822589454648e-12
3604,3603,,,25.5,54,True,False,True,False,success,,5,0.3154299999999154,epsilon_greedy,,290469,,,,,,,0.1279479780216202
3605,3604,,,29.5,46,True,False,True,False,success,,5,0.31523999999991537,epsilon_greedy,,290515,,,,,,,0.00044045133685000553
3606,3605,,,33.0,39,True,False,True,False,success,,5,0.31504999999991534,epsilon_greedy,,290554,,,,,,,0.0015955342601430107
3607,3606,,,35.0,35,True,False,True,False,success,,5,0.3148599999999153,epsilon_greedy,,290589,,,,,,,0.09940078847671072
3608,3607,,,34.5,36,True,False,True,False,success,,5,0.3146699999999153,epsilon_greedy,,290625,,,,,,,1.1816077717163864e-05
3609,3608,,,27.0,51,True,False,True,False,success,,5,0.31447999999991527,epsilon_greedy,,290676,,,,,,,0.0021503636887915145
3610,3609,,,32.5,40,True,False,True,False,success,,5,0.31428999999991525,epsilon_greedy,,290716,,,,,,,5.671464584877661e-06
3611,3610,,,39.0,27,True,False,True,False,success,,5,0.3140999999999152,epsilon_greedy,,290743,,,,,,,6.6230148937157304e-12
3612,3611,,,29.0,47,True,False,True,False,success,,5,0.3139099999999152,epsilon_greedy,,290790,,,,,,,0.2964268972396462
3613,3612,,,29.5,46,True,False,True,False,success,,5,0.3137199999999152,epsilon_greedy,,290836,,,,,,,0.07138334127940021
3614,3613,,,29.0,47,True,False,True,False,success,,5,0.31352999999991515,epsilon_greedy,,290883,,,,,,,0.0014036975640810613
3615,3614,,,29.0,47,True,False,True,False,success,,5,0.31333999999991513,epsilon_greedy,,290930,,,,,,,4.269477235670847e-05
3616,3615,,,31.5,42,True,False,True,False,success,,5,0.3131499999999151,epsilon_greedy,,290972,,,,,,,0.008001618769398427
3617,3616,,,27.0,51,True,False,True,False,success,,5,0.3129599999999151,epsilon_greedy,,291023,,,,,,,0.017683865320242492
3618,3617,,,37.5,30,True,False,True,False,success,,5,0.31276999999991506,epsilon_greedy,,291053,,,,,,,1.6372320843978845e-05
3619,3618,,,31.5,42,True,False,True,False,success,,5,0.31257999999991504,epsilon_greedy,,291095,,,,,,,0.0021094849280535017
3620,3619,,,33.5,38,True,False,True,False,success,,5,0.312389999999915,epsilon_greedy,,291133,,,,,,,0.000870243292210725
3621,3620,,,28.0,49,True,False,True,False,success,,5,0.312199999999915,epsilon_greedy,,291182,,,,,,,0.00027800300254480283
3622,3621,,,24.5,56,True,False,True,False,success,,5,0.31200999999991497,epsilon_greedy,,291238,,,,,,,0.016041964923449115
3623,3622,,,34.0,37,True,False,True,False,success,,5,0.31181999999991494,epsilon_greedy,,291275,,,,,,,3.596642503342426e-13
3624,3623,,,32.0,41,True,False,True,False,success,,5,0.3116299999999149,epsilon_greedy,,291316,,,,,,,4.380277276250774e-05
3625,3624,,,33.0,39,True,False,True,False,success,,5,0.3114399999999149,epsilon_greedy,,291355,,,,,,,2.1691277583230228e-08
3626,3625,,,35.0,35,True,False,True,False,success,,5,0.3112499999999149,epsilon_greedy,,291390,,,,,,,3.546549050434627e-05
3627,3626,,,33.0,39,True,False,True,False,success,,5,0.31105999999991485,epsilon_greedy,,291429,,,,,,,0.004881419819091603
3628,3627,,,28.5,48,True,False,True,False,success,,5,0.3108699999999148,epsilon_greedy,,291477,,,,,,,0.000862151725855261
3629,3628,,,31.0,43,True,False,True,False,success,,5,0.3106799999999148,epsilon_greedy,,291520,,,,,,,1.1265820317973076e-12
3630,3629,,,30.5,44,True,False,True,False,success,,5,0.3104899999999148,epsilon_greedy,,291564,,,,,,,0.0010152557051165032
3631,3630,,,34.0,37,True,False,True,False,success,,5,0.31029999999991476,epsilon_greedy,,291601,,,,,,,1.900201261245832e-05
3632,3631,,,33.0,39,True,False,True,False,success,,5,0.31010999999991473,epsilon_greedy,,291640,,,,,,,0.0017476194511187072
3633,3632,,,31.5,42,True,False,True,False,success,,5,0.3099199999999147,epsilon_greedy,,291682,,,,,,,1.9649075583769293e-05
3634,3633,,,37.5,30,True,False,True,False,success,,5,0.3097299999999147,epsilon_greedy,,291712,,,,,,,3.946623768532239e-11
3635,3634,,,36.0,33,True,False,True,False,success,,5,0.30953999999991466,epsilon_greedy,,291745,,,,,,,9.207482721935116e-05
3636,3635,,,29.0,47,True,False,True,False,success,,5,0.30934999999991464,epsilon_greedy,,291792,,,,,,,0.00021764093961943194
3637,3636,,,30.0,45,True,False,True,False,success,,5,0.3091599999999146,epsilon_greedy,,291837,,,,,,,0.0011761097614232656
3638,3637,,,29.5,46,True,False,True,False,success,,5,0.3089699999999146,epsilon_greedy,,291883,,,,,,,0.00020775787038166936
3639,3638,,,30.5,44,True,False,True,False,success,,5,0.30877999999991457,epsilon_greedy,,291927,,,,,,,0.00023753319184302316
3640,3639,,,33.0,39,True,False,True,False,success,,5,0.30858999999991454,epsilon_greedy,,291966,,,,,,,1.188911077849461e-11
3641,3640,,,32.0,41,True,False,True,False,success,,5,0.3083999999999145,epsilon_greedy,,292007,,,,,,,3.570910504960211e-13
3642,3641,,,27.0,51,True,False,True,False,success,,5,0.3082099999999145,epsilon_greedy,,292058,,,,,,,0.000516239208734485
3643,3642,,,34.0,37,True,False,True,False,success,,5,0.3080199999999145,epsilon_greedy,,292095,,,,,,,6.296104778676956e-12
3644,3643,,,26.5,52,True,False,True,False,success,,5,0.30782999999991445,epsilon_greedy,,292147,,,,,,,0.061598216006592175
3645,3644,,,35.0,35,True,False,True,False,success,,5,0.3076399999999144,epsilon_greedy,,292182,,,,,,,9.181798686443342e-10
3646,3645,,,38.0,29,True,False,True,False,success,,5,0.3074499999999144,epsilon_greedy,,292211,,,,,,,1.6079092080778128e-14
3647,3646,,,33.5,38,True,False,True,False,success,,5,0.3072599999999144,epsilon_greedy,,292249,,,,,,,0.00016192367664982923
3648,3647,,,26.0,53,True,False,True,False,success,,5,0.30706999999991436,epsilon_greedy,,292302,,,,,,,0.0045453654763313875
3649,3648,,,32.5,40,True,False,True,False,success,,5,0.30687999999991433,epsilon_greedy,,292342,,,,,,,0.0007578646168407088
3650,3649,,,33.0,39,True,False,True,False,success,,5,0.3066899999999143,epsilon_greedy,,292381,,,,,,,1.4432975615427597e-05
3651,3650,,,28.5,48,True,False,True,False,success,,5,0.3064999999999143,epsilon_greedy,,292429,,,,,,,6.103950678237879e-12
3652,3651,,,36.0,33,True,False,True,False,success,,5,0.30630999999991426,epsilon_greedy,,292462,,,,,,,0.0001242800524244017
3653,3652,,,32.0,41,True,False,True,False,success,,5,0.30611999999991424,epsilon_greedy,,292503,,,,,,,2.3581375536599268e-05
3654,3653,,,32.5,40,True,False,True,False,success,,5,0.3059299999999142,epsilon_greedy,,292543,,,,,,,7.416586900177435e-10
3655,3654,,,31.0,43,True,False,True,False,success,,5,0.3057399999999142,epsilon_greedy,,292586,,,,,,,0.0005355632383125878
3656,3655,,,39.0,27,True,False,True,False,success,,5,0.30554999999991417,epsilon_greedy,,292613,,,,,,,2.2599206456814296e-14
3657,3656,,,32.5,40,True,False,True,False,success,,5,0.30535999999991414,epsilon_greedy,,292653,,,,,,,6.834602906500287e-05
3658,3657,,,35.0,35,True,False,True,False,success,,5,0.3051699999999141,epsilon_greedy,,292688,,,,,,,0.00019413814815144752
3659,3658,,,22.5,60,True,False,True,False,success,,5,0.3049799999999141,epsilon_greedy,,292748,,,,,,,0.0005307441813504176
3660,3659,,,33.5,38,True,False,True,False,success,,5,0.3047899999999141,epsilon_greedy,,292786,,,,,,,0.0004905236098926452
3661,3660,,,30.0,45,True,False,True,False,success,,5,0.30459999999991405,epsilon_greedy,,292831,,,,,,,0.0005223916210188189
3662,3661,,,29.0,47,True,False,True,False,success,,5,0.304409999999914,epsilon_greedy,,292878,,,,,,,0.014793324372360951
3663,3662,,,33.5,38,True,False,True,False,success,,5,0.304219999999914,epsilon_greedy,,292916,,,,,,,6.32796738985139e-12
3664,3663,,,24.5,56,True,False,True,False,success,,5,0.304029999999914,epsilon_greedy,,292972,,,,,,,0.19791392870465815
3665,3664,,,28.0,49,True,False,True,False,success,,5,0.30383999999991396,epsilon_greedy,,293021,,,,,,,0.00012345040878380273
3666,3665,,,31.0,43,True,False,True,False,success,,5,0.30364999999991393,epsilon_greedy,,293064,,,,,,,0.000644620512436246
3667,3666,,,27.5,50,True,False,True,False,success,,5,0.3034599999999139,epsilon_greedy,,293114,,,,,,,2.8809674020013886e-05
3668,3667,,,28.0,49,True,False,True,False,success,,5,0.3032699999999139,epsilon_greedy,,293163,,,,,,,3.009278092179972e-05
3669,3668,,,31.5,42,True,False,True,False,success,,5,0.30307999999991386,epsilon_greedy,,293205,,,,,,,3.653561805346447e-05
3670,3669,,,29.5,46,True,False,True,False,success,,5,0.30288999999991384,epsilon_greedy,,293251,,,,,,,0.0003443194641827272
3671,3670,,,38.0,29,True,False,True,False,success,,5,0.3026999999999138,epsilon_greedy,,293280,,,,,,,2.986117100715938e-14
3672,3671,,,31.5,42,True,False,True,False,success,,5,0.3025099999999138,epsilon_greedy,,293322,,,,,,,2.402917584444167e-06
3673,3672,,,32.0,41,True,False,True,False,success,,5,0.30231999999991377,epsilon_greedy,,293363,,,,,,,1.0811172463449816
3674,3673,,,37.5,30,True,False,True,False,success,,5,0.30212999999991375,epsilon_greedy,,293393,,,,,,,6.150432844502044e-09
3675,3674,,,34.5,36,True,False,True,False,success,,5,0.3019399999999137,epsilon_greedy,,293429,,,,,,,4.1089346739890214e-10
3676,3675,,,25.5,54,True,False,True,False,success,,5,0.3017499999999137,epsilon_greedy,,293483,,,,,,,0.004840991116779475
3677,3676,,,31.5,42,True,False,True,False,success,,5,0.3015599999999137,epsilon_greedy,,293525,,,,,,,0.004241777625200975
3678,3677,,,30.0,45,True,False,True,False,success,,5,0.30136999999991365,epsilon_greedy,,293570,,,,,,,0.0023155463773931197
3679,3678,,,30.0,45,True,False,True,False,success,,5,0.30117999999991363,epsilon_greedy,,293615,,,,,,,0.00033336511678846314
3680,3679,,,24.5,56,True,False,True,False,success,,5,0.3009899999999136,epsilon_greedy,,293671,,,,,,,1.1837458976878981e-05
3681,3680,,,34.5,36,True,False,True,False,success,,5,0.3007999999999136,epsilon_greedy,,293707,,,,,,,7.892766650378451e-05
3682,3681,,,34.0,37,True,False,True,False,success,,5,0.30060999999991356,epsilon_greedy,,293744,,,,,,,0.0001457358706841311
3683,3682,,,38.5,28,True,False,True,False,success,,5,0.30041999999991353,epsilon_greedy,,293772,,,,,,,3.408933452979974e-11
3684,3683,,,32.5,40,True,False,True,False,success,,5,0.3002299999999135,epsilon_greedy,,293812,,,,,,,0.0004476190949559866
3685,3684,,,30.0,45,True,False,True,False,success,,5,0.3000399999999135,epsilon_greedy,,293857,,,,,,,2.676511153713158e-05
3686,3685,,,38.0,29,True,False,True,False,success,,5,0.29984999999991346,epsilon_greedy,,293886,,,,,,,1.589533102842638e-14
3687,3686,,,35.5,34,True,False,True,False,success,,5,0.29965999999991344,epsilon_greedy,,293920,,,,,,,0.00034874266365938225
3688,3687,,,34.5,36,True,False,True,False,success,,5,0.2994699999999134,epsilon_greedy,,293956,,,,,,,2.0132537612324894e-12
3689,3688,,,32.0,41,True,False,True,False,success,,5,0.2992799999999134,epsilon_greedy,,293997,,,,,,,3.5261006039130424e-10
3690,3689,,,36.0,33,True,False,True,False,success,,5,0.29908999999991337,epsilon_greedy,,294030,,,,,,,1.8740564655672642e-13
3691,3690,,,28.0,49,True,False,True,False,success,,5,0.29889999999991335,epsilon_greedy,,294079,,,,,,,1.788362680114585e-05
3692,3691,,,32.0,41,True,False,True,False,success,,5,0.2987099999999133,epsilon_greedy,,294120,,,,,,,0.0006845099243149022
3693,3692,,,37.0,31,True,False,True,False,success,,5,0.2985199999999133,epsilon_greedy,,294151,,,,,,,5.9740026545701e-13
3694,3693,,,27.5,50,True,False,True,False,success,,5,0.2983299999999133,epsilon_greedy,,294201,,,,,,,0.022601372065076716
3695,3694,,,34.5,36,True,False,True,False,success,,5,0.29813999999991325,epsilon_greedy,,294237,,,,,,,1.6574396176515115e-13
3696,3695,,,34.5,36,True,False,True,False,success,,5,0.29794999999991323,epsilon_greedy,,294273,,,,,,,0.0003094761456699451
3697,3696,,,25.5,54,True,False,True,False,success,,5,0.2977599999999132,epsilon_greedy,,294327,,,,,,,0.0027766210405979486
3698,3697,,,30.0,45,True,False,True,False,success,,5,0.2975699999999132,epsilon_greedy,,294372,,,,,,,0.05870922337640359
3699,3698,,,30.0,45,True,False,True,False,success,,5,0.29737999999991316,epsilon_greedy,,294417,,,,,,,0.021267346309871687
3700,3699,,,35.0,35,True,False,True,False,success,,5,0.29718999999991313,epsilon_greedy,,294452,,,,,,,1.0938325125309234e-05
3701,3700,,,29.5,46,True,False,True,False,success,,5,0.2969999999999131,epsilon_greedy,,294498,,,,,,,0.007443375279345746
3702,3701,,,-18.5,100,False,False,False,True,cutoff,,3,0.2968099999999131,epsilon_greedy,,294598,,,,,,,0.5550456892724068
3703,3702,,,35.0,35,True,False,True,False,success,,5,0.29661999999991306,epsilon_greedy,,294633,,,,,,,6.478042990920585e-10
3704,3703,,,26.5,52,True,False,True,False,success,,5,0.29642999999991304,epsilon_greedy,,294685,,,,,,,0.0013726781504733122
3705,3704,,,35.0,35,True,False,True,False,success,,5,0.296239999999913,epsilon_greedy,,294720,,,,,,,1.3870809263088242e-13
3706,3705,,,31.0,43,True,False,True,False,success,,5,0.296049999999913,epsilon_greedy,,294763,,,,,,,0.0002983802820441515
3707,3706,,,33.0,39,True,False,True,False,success,,5,0.29585999999991297,epsilon_greedy,,294802,,,,,,,1.8186229435291087e-05
3708,3707,,,34.5,36,True,False,True,False,success,,5,0.29566999999991295,epsilon_greedy,,294838,,,,,,,7.431227923657444e-06
3709,3708,,,33.0,39,True,False,True,False,success,,5,0.2954799999999129,epsilon_greedy,,294877,,,,,,,0.00042293173282760023
3710,3709,,,30.5,44,True,False,True,False,success,,5,0.2952899999999129,epsilon_greedy,,294921,,,,,,,9.290214495371142e-06
3711,3710,,,34.0,37,True,False,True,False,success,,5,0.2950999999999129,epsilon_greedy,,294958,,,,,,,0.0001875675628986822
3712,3711,,,31.0,43,True,False,True,False,success,,5,0.29490999999991285,epsilon_greedy,,295001,,,,,,,9.172481043791807e-06
3713,3712,,,27.0,51,True,False,True,False,success,,5,0.29471999999991283,epsilon_greedy,,295052,,,,,,,0.00777102404304291
3714,3713,,,30.5,44,True,False,True,False,success,,5,0.2945299999999128,epsilon_greedy,,295096,,,,,,,0.0016835892103682333
3715,3714,,,31.0,43,True,False,True,False,success,,5,0.2943399999999128,epsilon_greedy,,295139,,,,,,,0.017186727235843628
3716,3715,,,30.5,44,True,False,True,False,success,,5,0.29414999999991276,epsilon_greedy,,295183,,,,,,,0.0035859295738091897
3717,3716,,,33.5,38,True,False,True,False,success,,5,0.29395999999991274,epsilon_greedy,,295221,,,,,,,0.05563905583418014
3718,3717,,,32.5,40,True,False,True,False,success,,5,0.2937699999999127,epsilon_greedy,,295261,,,,,,,8.723558225498528e-06
3719,3718,,,35.5,34,True,False,True,False,success,,5,0.2935799999999127,epsilon_greedy,,295295,,,,,,,4.107825191113079e-13
3720,3719,,,31.0,43,True,False,True,False,success,,5,0.29338999999991267,epsilon_greedy,,295338,,,,,,,0.006581803554654211
3721,3720,,,28.0,49,True,False,True,False,success,,5,0.29319999999991264,epsilon_greedy,,295387,,,,,,,0.0017119402160390067
3722,3721,,,37.0,31,True,False,True,False,success,,5,0.2930099999999126,epsilon_greedy,,295418,,,,,,,1.6778125617447e-06
3723,3722,,,36.0,33,True,False,True,False,success,,5,0.2928199999999126,epsilon_greedy,,295451,,,,,,,0.019290937412961957
3724,3723,,,35.5,34,True,False,True,False,success,,5,0.29262999999991257,epsilon_greedy,,295485,,,,,,,5.5741293933538944e-12
3725,3724,,,30.5,44,True,False,True,False,success,,5,0.29243999999991255,epsilon_greedy,,295529,,,,,,,0.0001411524794514159
3726,3725,,,37.5,30,True,False,True,False,success,,5,0.2922499999999125,epsilon_greedy,,295559,,,,,,,3.318740837698897e-11
3727,3726,,,28.0,49,True,False,True,False,success,,5,0.2920599999999125,epsilon_greedy,,295608,,,,,,,3.2115910360779185e-05
3728,3727,,,36.0,33,True,False,True,False,success,,5,0.2918699999999125,epsilon_greedy,,295641,,,,,,,2.7730006842940575e-13
3729,3728,,,35.0,35,True,False,True,False,success,,5,0.29167999999991245,epsilon_greedy,,295676,,,,,,,0.000313417503392875
3730,3729,,,33.0,39,True,False,True,False,success,,5,0.29148999999991243,epsilon_greedy,,295715,,,,,,,3.776489092953666e-12
3731,3730,,,29.5,46,True,False,True,False,success,,5,0.2912999999999124,epsilon_greedy,,295761,,,,,,,0.003474316610113746
3732,3731,,,30.0,45,True,False,True,False,success,,5,0.2911099999999124,epsilon_greedy,,295806,,,,,,,7.008615909853688e-12
3733,3732,,,34.0,37,True,False,True,False,success,,5,0.29091999999991236,epsilon_greedy,,295843,,,,,,,1.649539363960365e-12
3734,3733,,,31.0,43,True,False,True,False,success,,5,0.29072999999991234,epsilon_greedy,,295886,,,,,,,0.008980862931915447
3735,3734,,,36.0,33,True,False,True,False,success,,5,0.2905399999999123,epsilon_greedy,,295919,,,,,,,2.4655084752090556e-05
3736,3735,,,35.0,35,True,False,True,False,success,,5,0.2903499999999123,epsilon_greedy,,295954,,,,,,,7.971020668914467e-13
3737,3736,,,38.0,29,True,False,True,False,success,,5,0.29015999999991227,epsilon_greedy,,295983,,,,,,,1.7937498230053435e-11
3738,3737,,,32.5,40,True,False,True,False,success,,5,0.28996999999991224,epsilon_greedy,,296023,,,,,,,7.127598869138829e-06
3739,3738,,,31.5,42,True,False,True,False,success,,5,0.2897799999999122,epsilon_greedy,,296065,,,,,,,1.3606681918753608e-12
3740,3739,,,34.5,36,True,False,True,False,success,,5,0.2895899999999122,epsilon_greedy,,296101,,,,,,,4.601571512015864e-05
3741,3740,,,34.0,37,True,False,True,False,success,,5,0.28939999999991217,epsilon_greedy,,296138,,,,,,,2.3861753414019256e-12
3742,3741,,,31.0,43,True,False,True,False,success,,5,0.28920999999991215,epsilon_greedy,,296181,,,,,,,7.566034143698399e-06
3743,3742,,,30.5,44,True,False,True,False,success,,5,0.2890199999999121,epsilon_greedy,,296225,,,,,,,0.015828078457166272
3744,3743,,,31.0,43,True,False,True,False,success,,5,0.2888299999999121,epsilon_greedy,,296268,,,,,,,0.003162449606016454
3745,3744,,,29.0,47,True,False,True,False,success,,5,0.2886399999999121,epsilon_greedy,,296315,,,,,,,1.0349620312426052e-05
3746,3745,,,34.5,36,True,False,True,False,success,,5,0.28844999999991205,epsilon_greedy,,296351,,,,,,,1.5589998428014142e-13
3747,3746,,,35.0,35,True,False,True,False,success,,5,0.28825999999991203,epsilon_greedy,,296386,,,,,,,3.864083656221088e-13
3748,3747,,,29.0,47,True,False,True,False,success,,5,0.288069999999912,epsilon_greedy,,296433,,,,,,,0.012073640247399306
3749,3748,,,28.5,48,True,False,True,False,success,,5,0.287879999999912,epsilon_greedy,,296481,,,,,,,0.02640432719053515
3750,3749,,,31.5,42,True,False,True,False,success,,5,0.28768999999991196,epsilon_greedy,,296523,,,,,,,0.0017267958021981815
3751,3750,,,33.0,39,True,False,True,False,success,,5,0.28749999999991194,epsilon_greedy,,296562,,,,,,,0.005709017163802252
3752,3751,,,34.5,36,True,False,True,False,success,,5,0.2873099999999119,epsilon_greedy,,296598,,,,,,,1.4478541822250514e-12
3753,3752,,,31.5,42,True,False,True,False,success,,5,0.2871199999999119,epsilon_greedy,,296640,,,,,,,1.9535061399199633e-12
3754,3753,,,34.5,36,True,False,True,False,success,,5,0.28692999999991187,epsilon_greedy,,296676,,,,,,,3.500071861912208e-05
3755,3754,,,33.0,39,True,False,True,False,success,,5,0.28673999999991184,epsilon_greedy,,296715,,,,,,,0.00010128098240609226
3756,3755,,,33.5,38,True,False,True,False,success,,5,0.2865499999999118,epsilon_greedy,,296753,,,,,,,0.0010982079441915118
3757,3756,,,32.5,40,True,False,True,False,success,,5,0.2863599999999118,epsilon_greedy,,296793,,,,,,,0.0014353670321136658
3758,3757,,,33.0,39,True,False,True,False,success,,5,0.2861699999999118,epsilon_greedy,,296832,,,,,,,4.426339636700924e-12
3759,3758,,,32.5,40,True,False,True,False,success,,5,0.28597999999991175,epsilon_greedy,,296872,,,,,,,0.0002443103601393215
3760,3759,,,30.0,45,True,False,True,False,success,,5,0.2857899999999117,epsilon_greedy,,296917,,,,,,,1.1234470144295807e-13
3761,3760,,,25.5,54,True,False,True,False,success,,5,0.2855999999999117,epsilon_greedy,,296971,,,,,,,0.012329007422685627
3762,3761,,,26.5,52,True,False,True,False,success,,5,0.2854099999999117,epsilon_greedy,,297023,,,,,,,0.04044617066041503
3763,3762,,,33.0,39,True,False,True,False,success,,5,0.28521999999991166,epsilon_greedy,,297062,,,,,,,7.845619468897033e-06
3764,3763,,,29.0,47,True,False,True,False,success,,5,0.28502999999991163,epsilon_greedy,,297109,,,,,,,0.3684307741698977
3765,3764,,,34.0,37,True,False,True,False,success,,5,0.2848399999999116,epsilon_greedy,,297146,,,,,,,6.3104596623250816e-12
3766,3765,,,38.5,28,True,False,True,False,success,,5,0.2846499999999116,epsilon_greedy,,297174,,,,,,,1.5249547656383454e-11
3767,3766,,,35.0,35,True,False,True,False,success,,5,0.28445999999991156,epsilon_greedy,,297209,,,,,,,4.039156311007121e-12
3768,3767,,,30.0,45,True,False,True,False,success,,5,0.28426999999991154,epsilon_greedy,,297254,,,,,,,1.6040369556987363e-05
3769,3768,,,35.0,35,True,False,True,False,success,,5,0.2840799999999115,epsilon_greedy,,297289,,,,,,,0.0009220101017261229
3770,3769,,,34.5,36,True,False,True,False,success,,5,0.2838899999999115,epsilon_greedy,,297325,,,,,,,4.328142782444249e-13
3771,3770,,,31.0,43,True,False,True,False,success,,5,0.28369999999991147,epsilon_greedy,,297368,,,,,,,1.6901622220651662e-12
3772,3771,,,34.5,36,True,False,True,False,success,,5,0.28350999999991144,epsilon_greedy,,297404,,,,,,,7.179987328711748e-06
3773,3772,,,36.0,33,True,False,True,False,success,,5,0.2833199999999114,epsilon_greedy,,297437,,,,,,,3.713124084297857e-13
3774,3773,,,30.5,44,True,False,True,False,success,,5,0.2831299999999114,epsilon_greedy,,297481,,,,,,,4.92487664913923e-06
3775,3774,,,30.5,44,True,False,True,False,success,,5,0.2829399999999114,epsilon_greedy,,297525,,,,,,,0.0007833110109396771
3776,3775,,,36.5,32,True,False,True,False,success,,5,0.28274999999991135,epsilon_greedy,,297557,,,,,,,1.5451953346318215e-05
3777,3776,,,34.5,36,True,False,True,False,success,,5,0.2825599999999113,epsilon_greedy,,297593,,,,,,,1.0065011524895695e-05
3778,3777,,,38.0,29,True,False,True,False,success,,5,0.2823699999999113,epsilon_greedy,,297622,,,,,,,1.4717728951272248e-12
3779,3778,,,31.0,43,True,False,True,False,success,,5,0.2821799999999113,epsilon_greedy,,297665,,,,,,,0.00016998445596038214
3780,3779,,,32.5,40,True,False,True,False,success,,5,0.28198999999991126,epsilon_greedy,,297705,,,,,,,1.985656084002585e-12
3781,3780,,,32.5,40,True,False,True,False,success,,5,0.28179999999991123,epsilon_greedy,,297745,,,,,,,1.965678376869562e-06
3782,3781,,,30.5,44,True,False,True,False,success,,5,0.2816099999999112,epsilon_greedy,,297789,,,,,,,0.000294524984464624
3783,3782,,,32.5,40,True,False,True,False,success,,5,0.2814199999999112,epsilon_greedy,,297829,,,,,,,0.00012367350334836492
3784,3783,,,37.5,30,True,False,True,False,success,,5,0.28122999999991116,epsilon_greedy,,297859,,,,,,,7.385825284700332e-12
3785,3784,,,36.0,33,True,False,True,False,success,,5,0.28103999999991114,epsilon_greedy,,297892,,,,,,,1.6267122329295627e-13
3786,3785,,,35.0,35,True,False,True,False,success,,5,0.2808499999999111,epsilon_greedy,,297927,,,,,,,0.00041690289353823063
3787,3786,,,31.0,43,True,False,True,False,success,,5,0.2806599999999111,epsilon_greedy,,297970,,,,,,,0.00010431673075947583
3788,3787,,,34.5,36,True,False,True,False,success,,5,0.28046999999991107,epsilon_greedy,,298006,,,,,,,0.0003237270395344025
3789,3788,,,32.5,40,True,False,True,False,success,,5,0.28027999999991104,epsilon_greedy,,298046,,,,,,,1.4828184393311795e-05
3790,3789,,,36.0,33,True,False,True,False,success,,5,0.280089999999911,epsilon_greedy,,298079,,,,,,,7.134689750298514e-06
3791,3790,,,34.5,36,True,False,True,False,success,,5,0.279899999999911,epsilon_greedy,,298115,,,,,,,0.006931998189751345
3792,3791,,,31.5,42,True,False,True,False,success,,5,0.279709999999911,epsilon_greedy,,298157,,,,,,,6.955282910461219e-14
3793,3792,,,29.5,46,True,False,True,False,success,,5,0.27951999999991095,epsilon_greedy,,298203,,,,,,,1.4532722851210723e-11
3794,3793,,,31.5,42,True,False,True,False,success,,5,0.2793299999999109,epsilon_greedy,,298245,,,,,,,0.00041666136091624733
3795,3794,,,35.0,35,True,False,True,False,success,,5,0.2791399999999109,epsilon_greedy,,298280,,,,,,,5.437455076519524e-06
3796,3795,,,30.5,44,True,False,True,False,success,,5,0.2789499999999109,epsilon_greedy,,298324,,,,,,,1.720103221075126e-05
3797,3796,,,32.0,41,True,False,True,False,success,,5,0.27875999999991086,epsilon_greedy,,298365,,,,,,,1.4396830611131895e-11
3798,3797,,,34.0,37,True,False,True,False,success,,5,0.27856999999991083,epsilon_greedy,,298402,,,,,,,1.3172850002388028e-06
3799,3798,,,32.0,41,True,False,True,False,success,,5,0.2783799999999108,epsilon_greedy,,298443,,,,,,,3.556989021915266e-06
3800,3799,,,37.5,30,True,False,True,False,success,,5,0.2781899999999108,epsilon_greedy,,298473,,,,,,,2.454481062841296e-12
3801,3800,,,33.0,39,True,False,True,False,success,,5,0.27799999999991076,epsilon_greedy,,298512,,,,,,,5.323377066792417e-13
3802,3801,,,29.5,46,True,False,True,False,success,,5,0.27780999999991074,epsilon_greedy,,298558,,,,,,,6.854497645809201e-12
3803,3802,,,33.0,39,True,False,True,False,success,,5,0.2776199999999107,epsilon_greedy,,298597,,,,,,,2.9354916336263233e-05
3804,3803,,,34.0,37,True,False,True,False,success,,5,0.2774299999999107,epsilon_greedy,,298634,,,,,,,5.321869071554534e-14
3805,3804,,,31.5,42,True,False,True,False,success,,5,0.27723999999991067,epsilon_greedy,,298676,,,,,,,0.00021779654431254767
3806,3805,,,35.5,34,True,False,True,False,success,,5,0.27704999999991065,epsilon_greedy,,298710,,,,,,,0.0007543058324795372
3807,3806,,,33.0,39,True,False,True,False,success,,5,0.2768599999999106,epsilon_greedy,,298749,,,,,,,2.963529820403775e-10
3808,3807,,,37.5,30,True,False,True,False,success,,5,0.2766699999999106,epsilon_greedy,,298779,,,,,,,6.926152611145635e-07
3809,3808,,,34.0,37,True,False,True,False,success,,5,0.2764799999999106,epsilon_greedy,,298816,,,,,,,2.3579936801930624e-13
3810,3809,,,33.5,38,True,False,True,False,success,,5,0.27628999999991055,epsilon_greedy,,298854,,,,,,,9.213028953140198e-06
3811,3810,,,35.5,34,True,False,True,False,success,,5,0.27609999999991053,epsilon_greedy,,298888,,,,,,,2.1808777006526725e-11
3812,3811,,,37.5,30,True,False,True,False,success,,5,0.2759099999999105,epsilon_greedy,,298918,,,,,,,0.16979513807994115
3813,3812,,,32.5,40,True,False,True,False,success,,5,0.2757199999999105,epsilon_greedy,,298958,,,,,,,7.37188088351104e-14
3814,3813,,,33.5,38,True,False,True,False,success,,5,0.27552999999991046,epsilon_greedy,,298996,,,,,,,1.0416930476103995e-12
3815,3814,,,34.5,36,True,False,True,False,success,,5,0.27533999999991043,epsilon_greedy,,299032,,,,,,,0.0004763651155931124
3816,3815,,,28.5,48,True,False,True,False,success,,5,0.2751499999999104,epsilon_greedy,,299080,,,,,,,0.0009772053563027832
3817,3816,,,33.0,39,True,False,True,False,success,,5,0.2749599999999104,epsilon_greedy,,299119,,,,,,,0.0031125098093138393
3818,3817,,,35.5,34,True,False,True,False,success,,5,0.27476999999991036,epsilon_greedy,,299153,,,,,,,7.098192390988261e-06
3819,3818,,,37.5,30,True,False,True,False,success,,5,0.27457999999991034,epsilon_greedy,,299183,,,,,,,9.651538827408028e-14
3820,3819,,,31.5,42,True,False,True,False,success,,5,0.2743899999999103,epsilon_greedy,,299225,,,,,,,0.00010697813162034786
3821,3820,,,30.0,45,True,False,True,False,success,,5,0.2741999999999103,epsilon_greedy,,299270,,,,,,,3.3661283556085663e-07
3822,3821,,,26.5,52,True,False,True,False,success,,5,0.27400999999991027,epsilon_greedy,,299322,,,,,,,0.0019512688158044471
3823,3822,,,32.0,41,True,False,True,False,success,,5,0.27381999999991025,epsilon_greedy,,299363,,,,,,,0.00019458012134144207
3824,3823,,,35.5,34,True,False,True,False,success,,5,0.2736299999999102,epsilon_greedy,,299397,,,,,,,5.266375570927802e-13
3825,3824,,,28.5,48,True,False,True,False,success,,5,0.2734399999999102,epsilon_greedy,,299445,,,,,,,2.8401740631567307e-07
3826,3825,,,31.5,42,True,False,True,False,success,,5,0.2732499999999102,epsilon_greedy,,299487,,,,,,,1.1494931990390407e-12
3827,3826,,,31.0,43,True,False,True,False,success,,5,0.27305999999991015,epsilon_greedy,,299530,,,,,,,0.004682897401578121
3828,3827,,,33.5,38,True,False,True,False,success,,5,0.27286999999991013,epsilon_greedy,,299568,,,,,,,2.7970842016824656e-12
3829,3828,,,30.5,44,True,False,True,False,success,,5,0.2726799999999101,epsilon_greedy,,299612,,,,,,,0.007485997988424814
3830,3829,,,32.5,40,True,False,True,False,success,,5,0.2724899999999101,epsilon_greedy,,299652,,,,,,,9.286701216248971e-07
3831,3830,,,35.0,35,True,False,True,False,success,,5,0.27229999999991006,epsilon_greedy,,299687,,,,,,,8.53444487761225e-06
3832,3831,,,30.0,45,True,False,True,False,success,,5,0.27210999999991003,epsilon_greedy,,299732,,,,,,,5.4840813653436426e-05
3833,3832,,,32.5,40,True,False,True,False,success,,5,0.27191999999991,epsilon_greedy,,299772,,,,,,,6.730997899651037e-06
3834,3833,,,38.0,29,True,False,True,False,success,,5,0.27172999999991,epsilon_greedy,,299801,,,,,,,7.205577131132705e-13
3835,3834,,,30.0,45,True,False,True,False,success,,5,0.27153999999990996,epsilon_greedy,,299846,,,,,,,0.011898729369295955
3836,3835,,,30.0,45,True,False,True,False,success,,5,0.27134999999990994,epsilon_greedy,,299891,,,,,,,4.458168727625475e-05
3837,3836,,,27.0,51,True,False,True,False,success,,5,0.2711599999999099,epsilon_greedy,,299942,,,,,,,0.09589244932461795
3838,3837,,,32.5,40,True,False,True,False,success,,5,0.2709699999999099,epsilon_greedy,,299982,,,,,,,0.0003205875681370207
3839,3838,,,36.5,32,True,False,True,False,success,,5,0.27077999999990987,epsilon_greedy,,300014,,,,,,,1.1934897514720433e-14
3840,3839,,,31.5,42,True,False,True,False,success,,5,0.27058999999990985,epsilon_greedy,,300056,,,,,,,0.04386573606713109
3841,3840,,,36.0,33,True,False,True,False,success,,5,0.2703999999999098,epsilon_greedy,,300089,,,,,,,9.896541498757429e-12
3842,3841,,,32.0,41,True,False,True,False,success,,5,0.2702099999999098,epsilon_greedy,,300130,,,,,,,0.0003977211064561
3843,3842,,,32.5,40,True,False,True,False,success,,5,0.2700199999999098,epsilon_greedy,,300170,,,,,,,1.1401768418295432e-12
3844,3843,,,34.0,37,True,False,True,False,success,,5,0.26982999999990975,epsilon_greedy,,300207,,,,,,,0.00032044435779909295
3845,3844,,,30.0,45,True,False,True,False,success,,5,0.26963999999990973,epsilon_greedy,,300252,,,,,,,0.003088797864485926
3846,3845,,,33.0,39,True,False,True,False,success,,5,0.2694499999999097,epsilon_greedy,,300291,,,,,,,0.0006871059241045435
3847,3846,,,37.5,30,True,False,True,False,success,,5,0.2692599999999097,epsilon_greedy,,300321,,,,,,,4.549545925177275e-13
3848,3847,,,33.5,38,True,False,True,False,success,,5,0.26906999999990966,epsilon_greedy,,300359,,,,,,,0.0050255461327198886
3849,3848,,,35.5,34,True,False,True,False,success,,5,0.26887999999990964,epsilon_greedy,,300393,,,,,,,1.4111587715353166e-13
3850,3849,,,32.0,41,True,False,True,False,success,,5,0.2686899999999096,epsilon_greedy,,300434,,,,,,,0.0007298571940442404
3851,3850,,,35.0,35,True,False,True,False,success,,5,0.2684999999999096,epsilon_greedy,,300469,,,,,,,3.225356489825312e-14
3852,3851,,,35.5,34,True,False,True,False,success,,5,0.26830999999990957,epsilon_greedy,,300503,,,,,,,8.588424089553241e-13
3853,3852,,,33.5,38,True,False,True,False,success,,5,0.26811999999990954,epsilon_greedy,,300541,,,,,,,6.524429325151602e-05
3854,3853,,,31.0,43,True,False,True,False,success,,5,0.2679299999999095,epsilon_greedy,,300584,,,,,,,2.1219202105998573e-13
3855,3854,,,34.5,36,True,False,True,False,success,,5,0.2677399999999095,epsilon_greedy,,300620,,,,,,,9.403053894125385e-05
3856,3855,,,29.0,47,True,False,True,False,success,,5,0.26754999999990947,epsilon_greedy,,300667,,,,,,,1.466405868096191e-05
3857,3856,,,38.5,28,True,False,True,False,success,,5,0.26735999999990945,epsilon_greedy,,300695,,,,,,,1.0626420378555069e-14
3858,3857,,,38.0,29,True,False,True,False,success,,5,0.2671699999999094,epsilon_greedy,,300724,,,,,,,5.479142044288014e-14
3859,3858,,,31.0,43,True,False,True,False,success,,5,0.2669799999999094,epsilon_greedy,,300767,,,,,,,4.322103327585778e-05
3860,3859,,,34.0,37,True,False,True,False,success,,5,0.2667899999999094,epsilon_greedy,,300804,,,,,,,1.0824719812471759e-05
3861,3860,,,33.0,39,True,False,True,False,success,,5,0.26659999999990935,epsilon_greedy,,300843,,,,,,,0.10970580651417965
3862,3861,,,30.0,45,True,False,True,False,success,,5,0.26640999999990933,epsilon_greedy,,300888,,,,,,,0.014863229715711038
3863,3862,,,37.0,31,True,False,True,False,success,,5,0.2662199999999093,epsilon_greedy,,300919,,,,,,,1.0428933702285342e-14
3864,3863,,,35.0,35,True,False,True,False,success,,5,0.2660299999999093,epsilon_greedy,,300954,,,,,,,0.00865335425241534
3865,3864,,,34.5,36,True,False,True,False,success,,5,0.26583999999990926,epsilon_greedy,,300990,,,,,,,0.009707688260673154
3866,3865,,,34.5,36,True,False,True,False,success,,5,0.26564999999990924,epsilon_greedy,,301026,,,,,,,6.219337578025927e-07
3867,3866,,,31.5,42,True,False,True,False,success,,5,0.2654599999999092,epsilon_greedy,,301068,,,,,,,0.00027114642067535685
3868,3867,,,31.0,43,True,False,True,False,success,,5,0.2652699999999092,epsilon_greedy,,301111,,,,,,,0.00014154363589378316
3869,3868,,,35.5,34,True,False,True,False,success,,5,0.26507999999990917,epsilon_greedy,,301145,,,,,,,3.952875229754562e-09
3870,3869,,,33.5,38,True,False,True,False,success,,5,0.26488999999990914,epsilon_greedy,,301183,,,,,,,1.7888147103923602e-12
3871,3870,,,37.5,30,True,False,True,False,success,,5,0.2646999999999091,epsilon_greedy,,301213,,,,,,,1.6283271027835628e-14
3872,3871,,,38.0,29,True,False,True,False,success,,5,0.2645099999999091,epsilon_greedy,,301242,,,,,,,1.0750021562577378e-14
3873,3872,,,37.5,30,True,False,True,False,success,,5,0.26431999999990907,epsilon_greedy,,301272,,,,,,,2.4149975918300963e-07
3874,3873,,,32.0,41,True,False,True,False,success,,5,0.26412999999990905,epsilon_greedy,,301313,,,,,,,8.4451697225401e-06
3875,3874,,,33.5,38,True,False,True,False,success,,5,0.263939999999909,epsilon_greedy,,301351,,,,,,,5.305172062822362e-07
3876,3875,,,29.5,46,True,False,True,False,success,,5,0.263749999999909,epsilon_greedy,,301397,,,,,,,6.819624287125314e-06
3877,3876,,,36.5,32,True,False,True,False,success,,5,0.263559999999909,epsilon_greedy,,301429,,,,,,,1.532107773982716e-14
3878,3877,,,35.5,34,True,False,True,False,success,,5,0.26336999999990895,epsilon_greedy,,301463,,,,,,,3.984386505596823e-05
3879,3878,,,31.5,42,True,False,True,False,success,,5,0.26317999999990893,epsilon_greedy,,301505,,,,,,,4.631850458736153e-13
3880,3879,,,30.5,44,True,False,True,False,success,,5,0.2629899999999089,epsilon_greedy,,301549,,,,,,,1.8998857033058027e-10
3881,3880,,,34.0,37,True,False,True,False,success,,5,0.2627999999999089,epsilon_greedy,,301586,,,,,,,1.5029659198876903e-12
3882,3881,,,24.5,56,True,False,True,False,success,,5,0.26260999999990886,epsilon_greedy,,301642,,,,,,,0.0014650867422310984
3883,3882,,,33.5,38,True,False,True,False,success,,5,0.26241999999990884,epsilon_greedy,,301680,,,,,,,1.544327524574235e-07
3884,3883,,,33.5,38,True,False,True,False,success,,5,0.2622299999999088,epsilon_greedy,,301718,,,,,,,0.0001547660389414019
3885,3884,,,31.0,43,True,False,True,False,success,,5,0.2620399999999088,epsilon_greedy,,301761,,,,,,,1.9576997386915137e-05
3886,3885,,,36.5,32,True,False,True,False,success,,5,0.26184999999990877,epsilon_greedy,,301793,,,,,,,1.8108389411297665e-06
3887,3886,,,33.5,38,True,False,True,False,success,,5,0.26165999999990874,epsilon_greedy,,301831,,,,,,,0.03680615448582145
3888,3887,,,33.0,39,True,False,True,False,success,,5,0.2614699999999087,epsilon_greedy,,301870,,,,,,,3.101558895752696e-09
3889,3888,,,33.5,38,True,False,True,False,success,,5,0.2612799999999087,epsilon_greedy,,301908,,,,,,,1.827777695277626e-14
3890,3889,,,35.5,34,True,False,True,False,success,,5,0.2610899999999087,epsilon_greedy,,301942,,,,,,,7.839480698588458e-14
3891,3890,,,31.5,42,True,False,True,False,success,,5,0.26089999999990865,epsilon_greedy,,301984,,,,,,,0.001511663430596034
3892,3891,,,34.0,37,True,False,True,False,success,,5,0.2607099999999086,epsilon_greedy,,302021,,,,,,,4.150145692570682e-12
3893,3892,,,29.5,46,True,False,True,False,success,,5,0.2605199999999086,epsilon_greedy,,302067,,,,,,,7.354078698664006e-12
3894,3893,,,33.5,38,True,False,True,False,success,,5,0.2603299999999086,epsilon_greedy,,302105,,,,,,,1.993762814206671e-05
3895,3894,,,36.5,32,True,False,True,False,success,,5,0.26013999999990856,epsilon_greedy,,302137,,,,,,,4.388156504830931e-14
3896,3895,,,34.0,37,True,False,True,False,success,,5,0.25994999999990853,epsilon_greedy,,302174,,,,,,,1.4163805263780051e-12
3897,3896,,,30.0,45,True,False,True,False,success,,5,0.2597599999999085,epsilon_greedy,,302219,,,,,,,0.00016871386784422053
3898,3897,,,34.5,36,True,False,True,False,success,,5,0.2595699999999085,epsilon_greedy,,302255,,,,,,,1.4168912956493942e-13
3899,3898,,,30.5,44,True,False,True,False,success,,5,0.25937999999990846,epsilon_greedy,,302299,,,,,,,0.09764242571667059
3900,3899,,,29.0,47,True,False,True,False,success,,5,0.25918999999990844,epsilon_greedy,,302346,,,,,,,1.1237979840323174e-07
3901,3900,,,31.5,42,True,False,True,False,success,,5,0.2589999999999084,epsilon_greedy,,302388,,,,,,,0.003073580494043773
3902,3901,,,33.0,39,True,False,True,False,success,,5,0.2588099999999084,epsilon_greedy,,302427,,,,,,,3.33254791284022e-12
3903,3902,,,34.5,36,True,False,True,False,success,,5,0.25861999999990837,epsilon_greedy,,302463,,,,,,,0.00039795151702045245
3904,3903,,,37.0,31,True,False,True,False,success,,5,0.25842999999990834,epsilon_greedy,,302494,,,,,,,5.758834269668554e-13
3905,3904,,,32.0,41,True,False,True,False,success,,5,0.2582399999999083,epsilon_greedy,,302535,,,,,,,7.011396493205333e-09
3906,3905,,,31.5,42,True,False,True,False,success,,5,0.2580499999999083,epsilon_greedy,,302577,,,,,,,8.532856960690489e-14
3907,3906,,,33.0,39,True,False,True,False,success,,5,0.2578599999999083,epsilon_greedy,,302616,,,,,,,2.9666890670982253e-05
3908,3907,,,32.5,40,True,False,True,False,success,,5,0.25766999999990825,epsilon_greedy,,302656,,,,,,,5.609956943430916e-13
3909,3908,,,37.5,30,True,False,True,False,success,,5,0.2574799999999082,epsilon_greedy,,302686,,,,,,,5.440658771801073e-07
3910,3909,,,36.5,32,True,False,True,False,success,,5,0.2572899999999082,epsilon_greedy,,302718,,,,,,,0.00011836944267282212
3911,3910,,,29.0,47,True,False,True,False,success,,5,0.2570999999999082,epsilon_greedy,,302765,,,,,,,0.05702999459909071
3912,3911,,,27.5,50,True,False,True,False,success,,5,0.25690999999990816,epsilon_greedy,,302815,,,,,,,0.0020869939205637954
3913,3912,,,28.5,48,True,False,True,False,success,,5,0.25671999999990813,epsilon_greedy,,302863,,,,,,,2.775984230910892e-06
3914,3913,,,31.5,42,True,False,True,False,success,,5,0.2565299999999081,epsilon_greedy,,302905,,,,,,,2.5240469548934574e-05
3915,3914,,,38.0,29,True,False,True,False,success,,5,0.2563399999999081,epsilon_greedy,,302934,,,,,,,3.487779304080373e-06
3916,3915,,,36.0,33,True,False,True,False,success,,5,0.25614999999990806,epsilon_greedy,,302967,,,,,,,3.619273982722192e-05
3917,3916,,,36.0,33,True,False,True,False,success,,5,0.25595999999990804,epsilon_greedy,,303000,,,,,,,1.3181375183276858e-12
3918,3917,,,36.5,32,True,False,True,False,success,,5,0.255769999999908,epsilon_greedy,,303032,,,,,,,7.025213744071834e-13
3919,3918,,,30.5,44,True,False,True,False,success,,5,0.255579999999908,epsilon_greedy,,303076,,,,,,,4.578535099961846e-06
3920,3919,,,32.5,40,True,False,True,False,success,,5,0.25538999999990797,epsilon_greedy,,303116,,,,,,,0.014938997655320418
3921,3920,,,36.0,33,True,False,True,False,success,,5,0.25519999999990794,epsilon_greedy,,303149,,,,,,,1.0906023558990538e-12
3922,3921,,,35.0,35,True,False,True,False,success,,5,0.2550099999999079,epsilon_greedy,,303184,,,,,,,8.891934807512111e-14
3923,3922,,,30.5,44,True,False,True,False,success,,5,0.2548199999999079,epsilon_greedy,,303228,,,,,,,4.040054375446673e-06
3924,3923,,,33.5,38,True,False,True,False,success,,5,0.2546299999999079,epsilon_greedy,,303266,,,,,,,0.002088792617627458
3925,3924,,,30.5,44,True,False,True,False,success,,5,0.25443999999990785,epsilon_greedy,,303310,,,,,,,0.02667711888884903
3926,3925,,,37.0,31,True,False,True,False,success,,5,0.2542499999999078,epsilon_greedy,,303341,,,,,,,2.727386082361639e-05
3927,3926,,,29.0,47,True,False,True,False,success,,5,0.2540599999999078,epsilon_greedy,,303388,,,,,,,5.2964106391669024e-05
3928,3927,,,25.0,55,True,False,True,False,success,,5,0.2538699999999078,epsilon_greedy,,303443,,,,,,,0.0030961689095598418
3929,3928,,,38.0,29,True,False,True,False,success,,5,0.25367999999990776,epsilon_greedy,,303472,,,,,,,2.8332891588433995e-13
3930,3929,,,33.5,38,True,False,True,False,success,,5,0.25348999999990773,epsilon_greedy,,303510,,,,,,,5.840806926092842e-06
3931,3930,,,31.0,43,True,False,True,False,success,,5,0.2532999999999077,epsilon_greedy,,303553,,,,,,,0.00019145834858828322
3932,3931,,,36.5,32,True,False,True,False,success,,5,0.2531099999999077,epsilon_greedy,,303585,,,,,,,0.015982625158455527
3933,3932,,,35.0,35,True,False,True,False,success,,5,0.25291999999990766,epsilon_greedy,,303620,,,,,,,0.006228105209663682
3934,3933,,,35.0,35,True,False,True,False,success,,5,0.25272999999990764,epsilon_greedy,,303655,,,,,,,0.0021879456688361997
3935,3934,,,27.0,51,True,False,True,False,success,,5,0.2525399999999076,epsilon_greedy,,303706,,,,,,,0.0003443049173913623
3936,3935,,,30.5,44,True,False,True,False,success,,5,0.2523499999999076,epsilon_greedy,,303750,,,,,,,7.066110346439074e-06
3937,3936,,,33.5,38,True,False,True,False,success,,5,0.25215999999990757,epsilon_greedy,,303788,,,,,,,8.207687112416513e-08
3938,3937,,,34.5,36,True,False,True,False,success,,5,0.25196999999990755,epsilon_greedy,,303824,,,,,,,0.00015129376161953582
3939,3938,,,33.5,38,True,False,True,False,success,,5,0.2517799999999075,epsilon_greedy,,303862,,,,,,,0.0012695743802692882
3940,3939,,,32.5,40,True,False,True,False,success,,5,0.2515899999999075,epsilon_greedy,,303902,,,,,,,1.131806640446431e-05
3941,3940,,,28.0,49,True,False,True,False,success,,5,0.2513999999999075,epsilon_greedy,,303951,,,,,,,4.125873389578068e-05
3942,3941,,,36.0,33,True,False,True,False,success,,5,0.25120999999990745,epsilon_greedy,,303984,,,,,,,1.1250259982868252e-14
3943,3942,,,31.5,42,True,False,True,False,success,,5,0.25101999999990743,epsilon_greedy,,304026,,,,,,,5.939107265667027e-07
3944,3943,,,30.0,45,True,False,True,False,success,,5,0.2508299999999074,epsilon_greedy,,304071,,,,,,,0.0013958425599676577
3945,3944,,,35.0,35,True,False,True,False,success,,5,0.2506399999999074,epsilon_greedy,,304106,,,,,,,8.774441490848923e-13
3946,3945,,,32.5,40,True,False,True,False,success,,5,0.25044999999990736,epsilon_greedy,,304146,,,,,,,5.612466822846329e-07
3947,3946,,,35.5,34,True,False,True,False,success,,5,0.25025999999990733,epsilon_greedy,,304180,,,,,,,5.855909047943818e-06
3948,3947,,,35.5,34,True,False,True,False,success,,5,0.2500699999999073,epsilon_greedy,,304214,,,,,,,4.248824165987904e-06
3949,3948,,,34.0,37,True,False,True,False,success,,5,0.24987999999990732,epsilon_greedy,,304251,,,,,,,0.002131353369447952
3950,3949,,,34.5,36,True,False,True,False,success,,5,0.24968999999990732,epsilon_greedy,,304287,,,,,,,1.6058653172655746e-10
3951,3950,,,30.0,45,True,False,True,False,success,,5,0.24949999999990732,epsilon_greedy,,304332,,,,,,,0.007042010784144143
3952,3951,,,34.0,37,True,False,True,False,success,,5,0.24930999999990733,epsilon_greedy,,304369,,,,,,,0.00023936513192437573
3953,3952,,,35.5,34,True,False,True,False,success,,5,0.24911999999990733,epsilon_greedy,,304403,,,,,,,2.856976426990343e-06
3954,3953,,,35.0,35,True,False,True,False,success,,5,0.24892999999990734,epsilon_greedy,,304438,,,,,,,5.772807577741901e-07
3955,3954,,,35.5,34,True,False,True,False,success,,5,0.24873999999990734,epsilon_greedy,,304472,,,,,,,1.5259743795367928e-10
3956,3955,,,29.5,46,True,False,True,False,success,,5,0.24854999999990735,epsilon_greedy,,304518,,,,,,,1.9061353309670337e-06
3957,3956,,,31.5,42,True,False,True,False,success,,5,0.24835999999990735,epsilon_greedy,,304560,,,,,,,2.1828464961496743e-12
3958,3957,,,34.0,37,True,False,True,False,success,,5,0.24816999999990735,epsilon_greedy,,304597,,,,,,,6.458939376736934e-05
3959,3958,,,36.0,33,True,False,True,False,success,,5,0.24797999999990736,epsilon_greedy,,304630,,,,,,,9.924720977709733e-13
3960,3959,,,37.5,30,True,False,True,False,success,,5,0.24778999999990736,epsilon_greedy,,304660,,,,,,,1.8326081393145917e-14
3961,3960,,,34.0,37,True,False,True,False,success,,5,0.24759999999990737,epsilon_greedy,,304697,,,,,,,2.5706764044780113e-13
3962,3961,,,32.5,40,True,False,True,False,success,,5,0.24740999999990737,epsilon_greedy,,304737,,,,,,,7.220890552162018e-14
3963,3962,,,37.0,31,True,False,True,False,success,,5,0.24721999999990737,epsilon_greedy,,304768,,,,,,,1.9934887904573466e-05
3964,3963,,,37.0,31,True,False,True,False,success,,5,0.24702999999990738,epsilon_greedy,,304799,,,,,,,1.366648729667612e-14
3965,3964,,,35.0,35,True,False,True,False,success,,5,0.24683999999990738,epsilon_greedy,,304834,,,,,,,0.0035472438469919053
3966,3965,,,33.5,38,True,False,True,False,success,,5,0.2466499999999074,epsilon_greedy,,304872,,,,,,,1.65727081181151e-13
3967,3966,,,32.0,41,True,False,True,False,success,,5,0.2464599999999074,epsilon_greedy,,304913,,,,,,,1.2803446481452336e-06
3968,3967,,,30.0,45,True,False,True,False,success,,5,0.2462699999999074,epsilon_greedy,,304958,,,,,,,5.624909318571427e-08
3969,3968,,,32.0,41,True,False,True,False,success,,5,0.2460799999999074,epsilon_greedy,,304999,,,,,,,2.4468855706104604e-05
3970,3969,,,35.0,35,True,False,True,False,success,,5,0.2458899999999074,epsilon_greedy,,305034,,,,,,,1.7498992580909447e-05
3971,3970,,,36.5,32,True,False,True,False,success,,5,0.2456999999999074,epsilon_greedy,,305066,,,,,,,5.230538224765269e-13
3972,3971,,,35.0,35,True,False,True,False,success,,5,0.2455099999999074,epsilon_greedy,,305101,,,,,,,9.67030728940951e-07
3973,3972,,,27.5,50,True,False,True,False,success,,5,0.24531999999990742,epsilon_greedy,,305151,,,,,,,8.295083731013619e-11
3974,3973,,,34.5,36,True,False,True,False,success,,5,0.24512999999990742,epsilon_greedy,,305187,,,,,,,0.00040190987151916206
3975,3974,,,32.5,40,True,False,True,False,success,,5,0.24493999999990743,epsilon_greedy,,305227,,,,,,,9.408687162704154e-11
3976,3975,,,36.0,33,True,False,True,False,success,,5,0.24474999999990743,epsilon_greedy,,305260,,,,,,,5.7836298471632595e-05
3977,3976,,,35.5,34,True,False,True,False,success,,5,0.24455999999990743,epsilon_greedy,,305294,,,,,,,7.566689832849041e-06
3978,3977,,,34.0,37,True,False,True,False,success,,5,0.24436999999990744,epsilon_greedy,,305331,,,,,,,0.06198673933154045
3979,3978,,,35.0,35,True,False,True,False,success,,5,0.24417999999990744,epsilon_greedy,,305366,,,,,,,1.5027978861326118e-13
3980,3979,,,33.0,39,True,False,True,False,success,,5,0.24398999999990745,epsilon_greedy,,305405,,,,,,,0.0006481623576184995
3981,3980,,,35.0,35,True,False,True,False,success,,5,0.24379999999990745,epsilon_greedy,,305440,,,,,,,4.675983673660003e-07
3982,3981,,,34.0,37,True,False,True,False,success,,5,0.24360999999990746,epsilon_greedy,,305477,,,,,,,0.0018305721951097065
3983,3982,,,32.0,41,True,False,True,False,success,,5,0.24341999999990746,epsilon_greedy,,305518,,,,,,,2.5306369466085103e-12
3984,3983,,,37.0,31,True,False,True,False,success,,5,0.24322999999990746,epsilon_greedy,,305549,,,,,,,0.0003512347176940095
3985,3984,,,27.0,51,True,False,True,False,success,,5,0.24303999999990747,epsilon_greedy,,305600,,,,,,,1.4770159339359252e-05
3986,3985,,,28.0,49,True,False,True,False,success,,5,0.24284999999990747,epsilon_greedy,,305649,,,,,,,1.9133370634980734e-06
3987,3986,,,38.5,28,True,False,True,False,success,,5,0.24265999999990748,epsilon_greedy,,305677,,,,,,,1.1007068272712266e-14
3988,3987,,,35.5,34,True,False,True,False,success,,5,0.24246999999990748,epsilon_greedy,,305711,,,,,,,1.4748223274211912e-05
3989,3988,,,34.5,36,True,False,True,False,success,,5,0.24227999999990749,epsilon_greedy,,305747,,,,,,,3.3974224778650828e-06
3990,3989,,,33.5,38,True,False,True,False,success,,5,0.2420899999999075,epsilon_greedy,,305785,,,,,,,0.001903726700301887
3991,3990,,,38.0,29,True,False,True,False,success,,5,0.2418999999999075,epsilon_greedy,,305814,,,,,,,2.4418285306698955e-06
3992,3991,,,36.0,33,True,False,True,False,success,,5,0.2417099999999075,epsilon_greedy,,305847,,,,,,,1.0366562827012979e-10
3993,3992,,,36.0,33,True,False,True,False,success,,5,0.2415199999999075,epsilon_greedy,,305880,,,,,,,0.0009521557314022148
3994,3993,,,37.0,31,True,False,True,False,success,,5,0.2413299999999075,epsilon_greedy,,305911,,,,,,,0.004167125353868629
3995,3994,,,29.5,46,True,False,True,False,success,,5,0.2411399999999075,epsilon_greedy,,305957,,,,,,,0.00018667748619366728
3996,3995,,,36.5,32,True,False,True,False,success,,5,0.24094999999990752,epsilon_greedy,,305989,,,,,,,2.1956628901143027e-07
3997,3996,,,39.0,27,True,False,True,False,success,,5,0.24075999999990752,epsilon_greedy,,306016,,,,,,,1.1941065420412795e-14
3998,3997,,,35.5,34,True,False,True,False,success,,5,0.24056999999990752,epsilon_greedy,,306050,,,,,,,1.6870179372679003e-06
3999,3998,,,33.0,39,True,False,True,False,success,,5,0.24037999999990753,epsilon_greedy,,306089,,,,,,,0.0010873330999888826
4000,3999,,,33.5,38,True,False,True,False,success,,5,0.24018999999990753,epsilon_greedy,,306127,,,,,,,0.00011780818824532571
4001,4000,,,31.5,42,True,False,True,False,success,,5,0.23999999999990754,epsilon_greedy,,306169,,,,,,,0.00013233846886968287
4002,4001,,,35.0,35,True,False,True,False,success,,5,0.23980999999990754,epsilon_greedy,,306204,,,,,,,1.8075366450582513e-07
4003,4002,,,30.5,44,True,False,True,False,success,,5,0.23961999999990755,epsilon_greedy,,306248,,,,,,,3.1652054714599713e-12
4004,4003,,,27.5,50,True,False,True,False,success,,5,0.23942999999990755,epsilon_greedy,,306298,,,,,,,0.003767797889303299
4005,4004,,,38.0,29,True,False,True,False,success,,5,0.23923999999990755,epsilon_greedy,,306327,,,,,,,5.07906982250006e-07
4006,4005,,,34.0,37,True,False,True,False,success,,5,0.23904999999990756,epsilon_greedy,,306364,,,,,,,1.1810638953322169e-10
4007,4006,,,38.0,29,True,False,True,False,success,,5,0.23885999999990756,epsilon_greedy,,306393,,,,,,,3.1606901004501007e-14
4008,4007,,,35.5,34,True,False,True,False,success,,5,0.23866999999990757,epsilon_greedy,,306427,,,,,,,1.1139585985668365e-12
4009,4008,,,35.0,35,True,False,True,False,success,,5,0.23847999999990757,epsilon_greedy,,306462,,,,,,,4.633499932944168e-13
4010,4009,,,36.0,33,True,False,True,False,success,,5,0.23828999999990758,epsilon_greedy,,306495,,,,,,,1.2077215994953474e-10
4011,4010,,,35.0,35,True,False,True,False,success,,5,0.23809999999990758,epsilon_greedy,,306530,,,,,,,0.00037794840491261236
4012,4011,,,38.5,28,True,False,True,False,success,,5,0.23790999999990758,epsilon_greedy,,306558,,,,,,,1.8302819577391867e-14
4013,4012,,,34.0,37,True,False,True,False,success,,5,0.2377199999999076,epsilon_greedy,,306595,,,,,,,1.0538116925631216e-14
4014,4013,,,33.5,38,True,False,True,False,success,,5,0.2375299999999076,epsilon_greedy,,306633,,,,,,,2.922562776581416e-12
4015,4014,,,33.5,38,True,False,True,False,success,,5,0.2373399999999076,epsilon_greedy,,306671,,,,,,,0.010380838871893549
4016,4015,,,38.5,28,True,False,True,False,success,,5,0.2371499999999076,epsilon_greedy,,306699,,,,,,,3.0483552190422153e-14
4017,4016,,,33.5,38,True,False,True,False,success,,5,0.2369599999999076,epsilon_greedy,,306737,,,,,,,0.0008326933337830084
4018,4017,,,33.0,39,True,False,True,False,success,,5,0.2367699999999076,epsilon_greedy,,306776,,,,,,,4.923924515983694e-13
4019,4018,,,36.0,33,True,False,True,False,success,,5,0.23657999999990761,epsilon_greedy,,306809,,,,,,,2.418805896316674e-13
4020,4019,,,37.0,31,True,False,True,False,success,,5,0.23638999999990762,epsilon_greedy,,306840,,,,,,,1.6652480650614803e-06
4021,4020,,,33.5,38,True,False,True,False,success,,5,0.23619999999990762,epsilon_greedy,,306878,,,,,,,5.809813827384325e-05
4022,4021,,,32.5,40,True,False,True,False,success,,5,0.23600999999990763,epsilon_greedy,,306918,,,,,,,1.6753168546213004e-06
4023,4022,,,30.0,45,True,False,True,False,success,,5,0.23581999999990763,epsilon_greedy,,306963,,,,,,,0.0025619819897558767
4024,4023,,,35.5,34,True,False,True,False,success,,5,0.23562999999990764,epsilon_greedy,,306997,,,,,,,3.2653618371328134e-14
4025,4024,,,35.0,35,True,False,True,False,success,,5,0.23543999999990764,epsilon_greedy,,307032,,,,,,,2.891655169280836e-13
4026,4025,,,34.0,37,True,False,True,False,success,,5,0.23524999999990764,epsilon_greedy,,307069,,,,,,,1.96342641844682e-12
4027,4026,,,33.0,39,True,False,True,False,success,,5,0.23505999999990765,epsilon_greedy,,307108,,,,,,,4.518427713124541e-07
4028,4027,,,36.5,32,True,False,True,False,success,,5,0.23486999999990765,epsilon_greedy,,307140,,,,,,,0.0022307849652670186
4029,4028,,,36.5,32,True,False,True,False,success,,5,0.23467999999990766,epsilon_greedy,,307172,,,,,,,3.0138391782230656e-12
4030,4029,,,31.5,42,True,False,True,False,success,,5,0.23448999999990766,epsilon_greedy,,307214,,,,,,,4.384737442971901e-08
4031,4030,,,32.5,40,True,False,True,False,success,,5,0.23429999999990767,epsilon_greedy,,307254,,,,,,,9.47175671228706e-13
4032,4031,,,31.0,43,True,False,True,False,success,,5,0.23410999999990767,epsilon_greedy,,307297,,,,,,,0.0002719692828223958
4033,4032,,,36.0,33,True,False,True,False,success,,5,0.23391999999990767,epsilon_greedy,,307330,,,,,,,1.802194757064254e-13
4034,4033,,,35.5,34,True,False,True,False,success,,5,0.23372999999990768,epsilon_greedy,,307364,,,,,,,1.1671709350647528e-13
4035,4034,,,33.0,39,True,False,True,False,success,,5,0.23353999999990768,epsilon_greedy,,307403,,,,,,,3.4645790509994887e-13
4036,4035,,,33.5,38,True,False,True,False,success,,5,0.2333499999999077,epsilon_greedy,,307441,,,,,,,0.0006898231932619637
4037,4036,,,32.0,41,True,False,True,False,success,,5,0.2331599999999077,epsilon_greedy,,307482,,,,,,,0.00031431778680606365
4038,4037,,,30.5,44,True,False,True,False,success,,5,0.2329699999999077,epsilon_greedy,,307526,,,,,,,0.00017799921001318805
4039,4038,,,36.5,32,True,False,True,False,success,,5,0.2327799999999077,epsilon_greedy,,307558,,,,,,,1.0366707492437399e-14
4040,4039,,,35.5,34,True,False,True,False,success,,5,0.2325899999999077,epsilon_greedy,,307592,,,,,,,0.00012310295044325916
4041,4040,,,35.0,35,True,False,True,False,success,,5,0.2323999999999077,epsilon_greedy,,307627,,,,,,,1.1672339606810007e-05
4042,4041,,,35.0,35,True,False,True,False,success,,5,0.2322099999999077,epsilon_greedy,,307662,,,,,,,4.7868615484146304e-09
4043,4042,,,34.5,36,True,False,True,False,success,,5,0.23201999999990772,epsilon_greedy,,307698,,,,,,,1.6131058587652724e-08
4044,4043,,,33.5,38,True,False,True,False,success,,5,0.23182999999990772,epsilon_greedy,,307736,,,,,,,9.644970372918157e-06
4045,4044,,,34.5,36,True,False,True,False,success,,5,0.23163999999990773,epsilon_greedy,,307772,,,,,,,0.005591591156417818
4046,4045,,,32.5,40,True,False,True,False,success,,5,0.23144999999990773,epsilon_greedy,,307812,,,,,,,1.1615106712214996e-06
4047,4046,,,38.5,28,True,False,True,False,success,,5,0.23125999999990773,epsilon_greedy,,307840,,,,,,,2.0586706942335044e-14
4048,4047,,,34.0,37,True,False,True,False,success,,5,0.23106999999990774,epsilon_greedy,,307877,,,,,,,0.00038103707790894804
4049,4048,,,34.5,36,True,False,True,False,success,,5,0.23087999999990774,epsilon_greedy,,307913,,,,,,,0.00010437553500968693
4050,4049,,,35.0,35,True,False,True,False,success,,5,0.23068999999990775,epsilon_greedy,,307948,,,,,,,4.4170407408980086e-05
4051,4050,,,32.0,41,True,False,True,False,success,,5,0.23049999999990775,epsilon_greedy,,307989,,,,,,,3.432221313511922e-06
4052,4051,,,36.5,32,True,False,True,False,success,,5,0.23030999999990776,epsilon_greedy,,308021,,,,,,,1.6767143229401427e-13
4053,4052,,,33.0,39,True,False,True,False,success,,5,0.23011999999990776,epsilon_greedy,,308060,,,,,,,0.000977914285624884
4054,4053,,,36.0,33,True,False,True,False,success,,5,0.22992999999990776,epsilon_greedy,,308093,,,,,,,4.268146652811308e-05
4055,4054,,,33.5,38,True,False,True,False,success,,5,0.22973999999990777,epsilon_greedy,,308131,,,,,,,0.001354914702017248
4056,4055,,,27.5,50,True,False,True,False,success,,5,0.22954999999990777,epsilon_greedy,,308181,,,,,,,0.0011156619392915523
4057,4056,,,30.5,44,True,False,True,False,success,,5,0.22935999999990778,epsilon_greedy,,308225,,,,,,,8.275244025377694e-09
4058,4057,,,34.0,37,True,False,True,False,success,,5,0.22916999999990778,epsilon_greedy,,308262,,,,,,,0.002297551881862377
4059,4058,,,35.5,34,True,False,True,False,success,,5,0.22897999999990779,epsilon_greedy,,308296,,,,,,,5.398196922148118e-11
4060,4059,,,33.0,39,True,False,True,False,success,,5,0.2287899999999078,epsilon_greedy,,308335,,,,,,,0.00036099027927115584
4061,4060,,,36.0,33,True,False,True,False,success,,5,0.2285999999999078,epsilon_greedy,,308368,,,,,,,6.340248191780561e-13
4062,4061,,,-18.5,100,False,False,False,True,cutoff,,3,0.2284099999999078,epsilon_greedy,,308468,,,,,,,0.607080634087485
4063,4062,,,32.5,40,True,False,True,False,success,,5,0.2282199999999078,epsilon_greedy,,308508,,,,,,,1.2010829461250871e-05
4064,4063,,,31.0,43,True,False,True,False,success,,5,0.2280299999999078,epsilon_greedy,,308551,,,,,,,0.0038796444252190035
4065,4064,,,32.5,40,True,False,True,False,success,,5,0.2278399999999078,epsilon_greedy,,308591,,,,,,,0.10779567409207555
4066,4065,,,24.5,56,True,False,True,False,success,,5,0.22764999999990781,epsilon_greedy,,308647,,,,,,,0.014310855440324637
4067,4066,,,38.0,29,True,False,True,False,success,,5,0.22745999999990782,epsilon_greedy,,308676,,,,,,,5.754783622815639e-14
4068,4067,,,34.0,37,True,False,True,False,success,,5,0.22726999999990782,epsilon_greedy,,308713,,,,,,,0.000651553504740341
4069,4068,,,28.5,48,True,False,True,False,success,,5,0.22707999999990783,epsilon_greedy,,308761,,,,,,,0.1662581997412014
4070,4069,,,35.5,34,True,False,True,False,success,,5,0.22688999999990783,epsilon_greedy,,308795,,,,,,,4.41738149327327e-13
4071,4070,,,35.0,35,True,False,True,False,success,,5,0.22669999999990784,epsilon_greedy,,308830,,,,,,,3.331937900189327e-14
4072,4071,,,36.5,32,True,False,True,False,success,,5,0.22650999999990784,epsilon_greedy,,308862,,,,,,,1.379452108096757e-14
4073,4072,,,35.0,35,True,False,True,False,success,,5,0.22631999999990784,epsilon_greedy,,308897,,,,,,,0.07907336714464568
4074,4073,,,31.5,42,True,False,True,False,success,,5,0.22612999999990785,epsilon_greedy,,308939,,,,,,,4.989574975411415e-09
4075,4074,,,30.0,45,True,False,True,False,success,,5,0.22593999999990785,epsilon_greedy,,308984,,,,,,,0.08638091144049134
4076,4075,,,32.0,41,True,False,True,False,success,,5,0.22574999999990786,epsilon_greedy,,309025,,,,,,,0.0010524245959492712
4077,4076,,,32.5,40,True,False,True,False,success,,5,0.22555999999990786,epsilon_greedy,,309065,,,,,,,2.131250731451928e-12
4078,4077,,,29.5,46,True,False,True,False,success,,5,0.22536999999990787,epsilon_greedy,,309111,,,,,,,6.166733809399437e-05
4079,4078,,,32.5,40,True,False,True,False,success,,5,0.22517999999990787,epsilon_greedy,,309151,,,,,,,1.046702680040923e-06
4080,4079,,,35.0,35,True,False,True,False,success,,5,0.22498999999990787,epsilon_greedy,,309186,,,,,,,1.3388989980204055e-09
4081,4080,,,33.0,39,True,False,True,False,success,,5,0.22479999999990788,epsilon_greedy,,309225,,,,,,,8.813245003876838e-06
4082,4081,,,33.0,39,True,False,True,False,success,,5,0.22460999999990788,epsilon_greedy,,309264,,,,,,,0.0044912711096328686
4083,4082,,,36.0,33,True,False,True,False,success,,5,0.2244199999999079,epsilon_greedy,,309297,,,,,,,2.5517635142960265e-13
4084,4083,,,33.5,38,True,False,True,False,success,,5,0.2242299999999079,epsilon_greedy,,309335,,,,,,,0.004120818024908987
4085,4084,,,34.0,37,True,False,True,False,success,,5,0.2240399999999079,epsilon_greedy,,309372,,,,,,,6.9349585931152775e-06
4086,4085,,,34.0,37,True,False,True,False,success,,5,0.2238499999999079,epsilon_greedy,,309409,,,,,,,4.263572552837719e-05
4087,4086,,,35.0,35,True,False,True,False,success,,5,0.2236599999999079,epsilon_greedy,,309444,,,,,,,0.000331380751644542
4088,4087,,,36.5,32,True,False,True,False,success,,5,0.2234699999999079,epsilon_greedy,,309476,,,,,,,1.484923295436147e-14
4089,4088,,,33.0,39,True,False,True,False,success,,5,0.2232799999999079,epsilon_greedy,,309515,,,,,,,1.1165701516428583e-06
4090,4089,,,35.5,34,True,False,True,False,success,,5,0.22308999999990792,epsilon_greedy,,309549,,,,,,,2.91714365082097e-13
4091,4090,,,35.5,34,True,False,True,False,success,,5,0.22289999999990792,epsilon_greedy,,309583,,,,,,,1.6431300764452317e-14
4092,4091,,,35.0,35,True,False,True,False,success,,5,0.22270999999990793,epsilon_greedy,,309618,,,,,,,0.0003157522312026627
4093,4092,,,30.5,44,True,False,True,False,success,,5,0.22251999999990793,epsilon_greedy,,309662,,,,,,,1.8839023800550208e-06
4094,4093,,,33.5,38,True,False,True,False,success,,5,0.22232999999990793,epsilon_greedy,,309700,,,,,,,0.0003376569211088987
4095,4094,,,36.5,32,True,False,True,False,success,,5,0.22213999999990794,epsilon_greedy,,309732,,,,,,,1.2723155862204294e-13
4096,4095,,,34.0,37,True,False,True,False,success,,5,0.22194999999990794,epsilon_greedy,,309769,,,,,,,4.702304611758311e-13
4097,4096,,,34.0,37,True,False,True,False,success,,5,0.22175999999990795,epsilon_greedy,,309806,,,,,,,6.579481704205603e-13
4098,4097,,,33.0,39,True,False,True,False,success,,5,0.22156999999990795,epsilon_greedy,,309845,,,,,,,0.00015884825904362762
4099,4098,,,35.5,34,True,False,True,False,success,,5,0.22137999999990796,epsilon_greedy,,309879,,,,,,,1.3792888400049004e-14
4100,4099,,,37.0,31,True,False,True,False,success,,5,0.22118999999990796,epsilon_greedy,,309910,,,,,,,1.1216833913309646e-14
4101,4100,,,32.5,40,True,False,True,False,success,,5,0.22099999999990796,epsilon_greedy,,309950,,,,,,,1.746113895229051e-06
4102,4101,,,37.0,31,True,False,True,False,success,,5,0.22080999999990797,epsilon_greedy,,309981,,,,,,,1.2220083382473032e-08
4103,4102,,,35.5,34,True,False,True,False,success,,5,0.22061999999990797,epsilon_greedy,,310015,,,,,,,0.0014651659894819738
4104,4103,,,36.5,32,True,False,True,False,success,,5,0.22042999999990798,epsilon_greedy,,310047,,,,,,,7.936706847289088e-14
4105,4104,,,31.5,42,True,False,True,False,success,,5,0.22023999999990798,epsilon_greedy,,310089,,,,,,,0.0005412517746159896
4106,4105,,,33.0,39,True,False,True,False,success,,5,0.22004999999990799,epsilon_greedy,,310128,,,,,,,1.0049248328751303e-06
4107,4106,,,32.5,40,True,False,True,False,success,,5,0.219859999999908,epsilon_greedy,,310168,,,,,,,0.0030480283451485455
4108,4107,,,36.5,32,True,False,True,False,success,,5,0.219669999999908,epsilon_greedy,,310200,,,,,,,8.06042177448063e-11
4109,4108,,,37.5,30,True,False,True,False,success,,5,0.219479999999908,epsilon_greedy,,310230,,,,,,,1.4773367714345416e-14
4110,4109,,,32.5,40,True,False,True,False,success,,5,0.219289999999908,epsilon_greedy,,310270,,,,,,,5.93385118818901e-11
4111,4110,,,37.0,31,True,False,True,False,success,,5,0.219099999999908,epsilon_greedy,,310301,,,,,,,4.4070840167184923e-13
4112,4111,,,35.0,35,True,False,True,False,success,,5,0.218909999999908,epsilon_greedy,,310336,,,,,,,2.3168768491034695e-14
4113,4112,,,32.5,40,True,False,True,False,success,,5,0.21871999999990802,epsilon_greedy,,310376,,,,,,,6.999704172061527e-07
4114,4113,,,36.5,32,True,False,True,False,success,,5,0.21852999999990802,epsilon_greedy,,310408,,,,,,,2.3968920478151245e-05
4115,4114,,,34.0,37,True,False,True,False,success,,5,0.21833999999990802,epsilon_greedy,,310445,,,,,,,1.2021581051945494e-07
4116,4115,,,34.0,37,True,False,True,False,success,,5,0.21814999999990803,epsilon_greedy,,310482,,,,,,,1.5531119933675163e-13
4117,4116,,,33.0,39,True,False,True,False,success,,5,0.21795999999990803,epsilon_greedy,,310521,,,,,,,0.005255458874156711
4118,4117,,,37.0,31,True,False,True,False,success,,5,0.21776999999990804,epsilon_greedy,,310552,,,,,,,0.00033281851706702
4119,4118,,,35.0,35,True,False,True,False,success,,5,0.21757999999990804,epsilon_greedy,,310587,,,,,,,2.246264794487323e-07
4120,4119,,,32.5,40,True,False,True,False,success,,5,0.21738999999990805,epsilon_greedy,,310627,,,,,,,0.05819677326574642
4121,4120,,,37.5,30,True,False,True,False,success,,5,0.21719999999990805,epsilon_greedy,,310657,,,,,,,1.0510111299784816e-14
4122,4121,,,39.0,27,True,False,True,False,success,,5,0.21700999999990805,epsilon_greedy,,310684,,,,,,,1.0756827527479294e-14
4123,4122,,,31.0,43,True,False,True,False,success,,5,0.21681999999990806,epsilon_greedy,,310727,,,,,,,0.045106448140612536
4124,4123,,,36.0,33,True,False,True,False,success,,5,0.21662999999990806,epsilon_greedy,,310760,,,,,,,0.00014316990767727867
4125,4124,,,30.0,45,True,False,True,False,success,,5,0.21643999999990807,epsilon_greedy,,310805,,,,,,,8.748651233187527e-06
4126,4125,,,36.5,32,True,False,True,False,success,,5,0.21624999999990807,epsilon_greedy,,310837,,,,,,,1.9814012167107542e-07
4127,4126,,,38.5,28,True,False,True,False,success,,5,0.21605999999990808,epsilon_greedy,,310865,,,,,,,1.1514598798255194e-14
4128,4127,,,35.0,35,True,False,True,False,success,,5,0.21586999999990808,epsilon_greedy,,310900,,,,,,,3.95601988306333e-05
4129,4128,,,36.0,33,True,False,True,False,success,,5,0.21567999999990808,epsilon_greedy,,310933,,,,,,,6.384715979562526e-06
4130,4129,,,36.0,33,True,False,True,False,success,,5,0.2154899999999081,epsilon_greedy,,310966,,,,,,,5.2017649447104e-13
4131,4130,,,34.0,37,True,False,True,False,success,,5,0.2152999999999081,epsilon_greedy,,311003,,,,,,,0.000861732025733976
4132,4131,,,37.0,31,True,False,True,False,success,,5,0.2151099999999081,epsilon_greedy,,311034,,,,,,,2.4152722832490504e-14
4133,4132,,,37.0,31,True,False,True,False,success,,5,0.2149199999999081,epsilon_greedy,,311065,,,,,,,1.2792634335358255e-13
4134,4133,,,32.5,40,True,False,True,False,success,,5,0.2147299999999081,epsilon_greedy,,311105,,,,,,,0.008926194295417012
4135,4134,,,38.0,29,True,False,True,False,success,,5,0.2145399999999081,epsilon_greedy,,311134,,,,,,,1.1730080508453379e-14
4136,4135,,,36.0,33,True,False,True,False,success,,5,0.21434999999990811,epsilon_greedy,,311167,,,,,,,0.0002357436966425706
4137,4136,,,33.5,38,True,False,True,False,success,,5,0.21415999999990812,epsilon_greedy,,311205,,,,,,,0.022635238287247263
4138,4137,,,34.5,36,True,False,True,False,success,,5,0.21396999999990812,epsilon_greedy,,311241,,,,,,,0.000132287873270625
4139,4138,,,30.5,44,True,False,True,False,success,,5,0.21377999999990813,epsilon_greedy,,311285,,,,,,,5.425234970097231e-06
4140,4139,,,34.5,36,True,False,True,False,success,,5,0.21358999999990813,epsilon_greedy,,311321,,,,,,,5.491535621299843e-11
4141,4140,,,37.0,31,True,False,True,False,success,,5,0.21339999999990814,epsilon_greedy,,311352,,,,,,,1.1317112121985467e-14
4142,4141,,,33.5,38,True,False,True,False,success,,5,0.21320999999990814,epsilon_greedy,,311390,,,,,,,7.959198778413685e-08
4143,4142,,,33.5,38,True,False,True,False,success,,5,0.21301999999990814,epsilon_greedy,,311428,,,,,,,4.020297451670798e-09
4144,4143,,,31.5,42,True,False,True,False,success,,5,0.21282999999990815,epsilon_greedy,,311470,,,,,,,3.5910665382179354e-05
4145,4144,,,31.0,43,True,False,True,False,success,,5,0.21263999999990815,epsilon_greedy,,311513,,,,,,,0.0015025468052803578
4146,4145,,,36.0,33,True,False,True,False,success,,5,0.21244999999990816,epsilon_greedy,,311546,,,,,,,4.5800016673775034e-05
4147,4146,,,35.0,35,True,False,True,False,success,,5,0.21225999999990816,epsilon_greedy,,311581,,,,,,,5.056811792185962e-06
4148,4147,,,37.0,31,True,False,True,False,success,,5,0.21206999999990817,epsilon_greedy,,311612,,,,,,,1.0744093786695064e-14
4149,4148,,,33.5,38,True,False,True,False,success,,5,0.21187999999990817,epsilon_greedy,,311650,,,,,,,7.049181259763247e-06
4150,4149,,,31.0,43,True,False,True,False,success,,5,0.21168999999990817,epsilon_greedy,,311693,,,,,,,5.6109355275283924e-06
4151,4150,,,34.0,37,True,False,True,False,success,,5,0.21149999999990818,epsilon_greedy,,311730,,,,,,,7.463657055758496e-09
4152,4151,,,38.0,29,True,False,True,False,success,,5,0.21130999999990818,epsilon_greedy,,311759,,,,,,,1.0872528930811878e-14
4153,4152,,,35.5,34,True,False,True,False,success,,5,0.2111199999999082,epsilon_greedy,,311793,,,,,,,0.0001707121468849039
4154,4153,,,34.5,36,True,False,True,False,success,,5,0.2109299999999082,epsilon_greedy,,311829,,,,,,,3.5968015405815933e-06
4155,4154,,,37.0,31,True,False,True,False,success,,5,0.2107399999999082,epsilon_greedy,,311860,,,,,,,1.200473412433395e-14
4156,4155,,,32.0,41,True,False,True,False,success,,5,0.2105499999999082,epsilon_greedy,,311901,,,,,,,3.0182056312216956e-09
4157,4156,,,30.0,45,True,False,True,False,success,,5,0.2103599999999082,epsilon_greedy,,311946,,,,,,,0.00025777954525621916
4158,4157,,,34.5,36,True,False,True,False,success,,5,0.2101699999999082,epsilon_greedy,,311982,,,,,,,1.4112168224124212e-14
4159,4158,,,34.5,36,True,False,True,False,success,,5,0.2099799999999082,epsilon_greedy,,312018,,,,,,,1.2742893160419852e-14
4160,4159,,,35.0,35,True,False,True,False,success,,5,0.20978999999990822,epsilon_greedy,,312053,,,,,,,3.059513277646277e-11
4161,4160,,,36.0,33,True,False,True,False,success,,5,0.20959999999990822,epsilon_greedy,,312086,,,,,,,0.0012492057649089651
4162,4161,,,36.5,32,True,False,True,False,success,,5,0.20940999999990823,epsilon_greedy,,312118,,,,,,,7.767687187909544e-09
4163,4162,,,35.5,34,True,False,True,False,success,,5,0.20921999999990823,epsilon_greedy,,312152,,,,,,,5.270313127692106e-06
4164,4163,,,37.5,30,True,False,True,False,success,,5,0.20902999999990823,epsilon_greedy,,312182,,,,,,,7.28602363627336e-14
4165,4164,,,37.0,31,True,False,True,False,success,,5,0.20883999999990824,epsilon_greedy,,312213,,,,,,,2.568554687939233e-13
4166,4165,,,32.0,41,True,False,True,False,success,,5,0.20864999999990824,epsilon_greedy,,312254,,,,,,,4.901738671110973e-07
4167,4166,,,35.5,34,True,False,True,False,success,,5,0.20845999999990825,epsilon_greedy,,312288,,,,,,,1.3557432651033288e-06
4168,4167,,,35.0,35,True,False,True,False,success,,5,0.20826999999990825,epsilon_greedy,,312323,,,,,,,0.04608156961130432
4169,4168,,,28.0,49,True,False,True,False,success,,5,0.20807999999990826,epsilon_greedy,,312372,,,,,,,4.508296326676922e-06
4170,4169,,,37.0,31,True,False,True,False,success,,5,0.20788999999990826,epsilon_greedy,,312403,,,,,,,4.101407385757827e-12
4171,4170,,,36.5,32,True,False,True,False,success,,5,0.20769999999990826,epsilon_greedy,,312435,,,,,,,3.5955405319754163e-12
4172,4171,,,39.0,27,True,False,True,False,success,,5,0.20750999999990827,epsilon_greedy,,312462,,,,,,,1.0756827527479294e-14
4173,4172,,,35.5,34,True,False,True,False,success,,5,0.20731999999990827,epsilon_greedy,,312496,,,,,,,3.7567334863845593e-13
4174,4173,,,34.0,37,True,False,True,False,success,,5,0.20712999999990828,epsilon_greedy,,312533,,,,,,,3.270296490066394e-09
4175,4174,,,33.5,38,True,False,True,False,success,,5,0.20693999999990828,epsilon_greedy,,312571,,,,,,,9.854384739561046e-07
4176,4175,,,35.5,34,True,False,True,False,success,,5,0.20674999999990828,epsilon_greedy,,312605,,,,,,,0.0037802625846297512
4177,4176,,,31.5,42,True,False,True,False,success,,5,0.2065599999999083,epsilon_greedy,,312647,,,,,,,8.59648051431392e-05
4178,4177,,,37.5,30,True,False,True,False,success,,5,0.2063699999999083,epsilon_greedy,,312677,,,,,,,1.0776564825694852e-14
4179,4178,,,34.5,36,True,False,True,False,success,,5,0.2061799999999083,epsilon_greedy,,312713,,,,,,,0.0007542143305454799
4180,4179,,,35.0,35,True,False,True,False,success,,5,0.2059899999999083,epsilon_greedy,,312748,,,,,,,3.1499531223389e-06
4181,4180,,,29.5,46,True,False,True,False,success,,5,0.2057999999999083,epsilon_greedy,,312794,,,,,,,0.0004123617242576695
4182,4181,,,33.5,38,True,False,True,False,success,,5,0.2056099999999083,epsilon_greedy,,312832,,,,,,,0.001659152357283358
4183,4182,,,36.5,32,True,False,True,False,success,,5,0.20541999999990831,epsilon_greedy,,312864,,,,,,,5.651865087052954e-11
4184,4183,,,37.0,31,True,False,True,False,success,,5,0.20522999999990832,epsilon_greedy,,312895,,,,,,,2.3704307334208996e-11
4185,4184,,,38.5,28,True,False,True,False,success,,5,0.20503999999990832,epsilon_greedy,,312923,,,,,,,7.495591449112128e-14
4186,4185,,,29.0,47,True,False,True,False,success,,5,0.20484999999990833,epsilon_greedy,,312970,,,,,,,0.09332806832466561
4187,4186,,,36.5,32,True,False,True,False,success,,5,0.20465999999990833,epsilon_greedy,,313002,,,,,,,1.054725543042645e-06
4188,4187,,,36.5,32,True,False,True,False,success,,5,0.20446999999990834,epsilon_greedy,,313034,,,,,,,4.016231791581504e-14
4189,4188,,,35.5,34,True,False,True,False,success,,5,0.20427999999990834,epsilon_greedy,,313068,,,,,,,4.181567798244856e-06
4190,4189,,,32.5,40,True,False,True,False,success,,5,0.20408999999990834,epsilon_greedy,,313108,,,,,,,9.996448113724909e-14
4191,4190,,,37.0,31,True,False,True,False,success,,5,0.20389999999990835,epsilon_greedy,,313139,,,,,,,5.3626293370070336e-11
4192,4191,,,36.0,33,True,False,True,False,success,,5,0.20370999999990835,epsilon_greedy,,313172,,,,,,,0.007899283660883785
4193,4192,,,34.5,36,True,False,True,False,success,,5,0.20351999999990836,epsilon_greedy,,313208,,,,,,,1.1664496529167284e-12
4194,4193,,,33.5,38,True,False,True,False,success,,5,0.20332999999990836,epsilon_greedy,,313246,,,,,,,9.550343312788998e-06
4195,4194,,,33.5,38,True,False,True,False,success,,5,0.20313999999990837,epsilon_greedy,,313284,,,,,,,3.37005439365294e-06
4196,4195,,,34.5,36,True,False,True,False,success,,5,0.20294999999990837,epsilon_greedy,,313320,,,,,,,0.0003737996866186588
4197,4196,,,36.0,33,True,False,True,False,success,,5,0.20275999999990837,epsilon_greedy,,313353,,,,,,,2.2858482783373224e-13
4198,4197,,,36.5,32,True,False,True,False,success,,5,0.20256999999990838,epsilon_greedy,,313385,,,,,,,7.004864188697724e-10
4199,4198,,,35.0,35,True,False,True,False,success,,5,0.20237999999990838,epsilon_greedy,,313420,,,,,,,6.965856463076697e-14
4200,4199,,,33.0,39,True,False,True,False,success,,5,0.2021899999999084,epsilon_greedy,,313459,,,,,,,0.03720357487673157
4201,4200,,,36.5,32,True,False,True,False,success,,5,0.2019999999999084,epsilon_greedy,,313491,,,,,,,1.467275280719882e-07
4202,4201,,,34.5,36,True,False,True,False,success,,5,0.2018099999999084,epsilon_greedy,,313527,,,,,,,5.592099918929863e-09
4203,4202,,,37.0,31,True,False,True,False,success,,5,0.2016199999999084,epsilon_greedy,,313558,,,,,,,1.1546319456101628e-14
4204,4203,,,35.5,34,True,False,True,False,success,,5,0.2014299999999084,epsilon_greedy,,313592,,,,,,,2.547274116539727e-05
4205,4204,,,36.0,33,True,False,True,False,success,,5,0.2012399999999084,epsilon_greedy,,313625,,,,,,,5.95886976126084e-14
4206,4205,,,37.0,31,True,False,True,False,success,,5,0.2010499999999084,epsilon_greedy,,313656,,,,,,,1.0629490119636982e-14
4207,4206,,,37.0,31,True,False,True,False,success,,5,0.20085999999990842,epsilon_greedy,,313687,,,,,,,0.002923726936381608
4208,4207,,,37.0,31,True,False,True,False,success,,5,0.20066999999990842,epsilon_greedy,,313718,,,,,,,6.507251511827176e-10
4209,4208,,,32.0,41,True,False,True,False,success,,5,0.20047999999990843,epsilon_greedy,,313759,,,,,,,3.3045111419790575e-05
4210,4209,,,36.0,33,True,False,True,False,success,,5,0.20028999999990843,epsilon_greedy,,313792,,,,,,,1.2991627975431832e-13
4211,4210,,,36.0,33,True,False,True,False,success,,5,0.20009999999990843,epsilon_greedy,,313825,,,,,,,1.992850759834117e-09
4212,4211,,,35.5,34,True,False,True,False,success,,5,0.19990999999990844,epsilon_greedy,,313859,,,,,,,1.7407826814017907e-09
4213,4212,,,35.5,34,True,False,True,False,success,,5,0.19971999999990844,epsilon_greedy,,313893,,,,,,,0.00021882541148691084
4214,4213,,,35.5,34,True,False,True,False,success,,5,0.19952999999990845,epsilon_greedy,,313927,,,,,,,1.7162741815970068e-14
4215,4214,,,35.0,35,True,False,True,False,success,,5,0.19933999999990845,epsilon_greedy,,313962,,,,,,,5.176924869739911e-09
4216,4215,,,34.0,37,True,False,True,False,success,,5,0.19914999999990846,epsilon_greedy,,313999,,,,,,,0.00012074745522878022
4217,4216,,,34.0,37,True,False,True,False,success,,5,0.19895999999990846,epsilon_greedy,,314036,,,,,,,0.00026927696350890476
4218,4217,,,33.0,39,True,False,True,False,success,,5,0.19876999999990846,epsilon_greedy,,314075,,,,,,,8.344322384054509e-14
4219,4218,,,37.5,30,True,False,True,False,success,,5,0.19857999999990847,epsilon_greedy,,314105,,,,,,,1.2819375191005141e-14
4220,4219,,,35.5,34,True,False,True,False,success,,5,0.19838999999990847,epsilon_greedy,,314139,,,,,,,2.9767545030230902e-09
4221,4220,,,33.5,38,True,False,True,False,success,,5,0.19819999999990848,epsilon_greedy,,314177,,,,,,,2.9286514733796234e-14
4222,4221,,,35.5,34,True,False,True,False,success,,5,0.19800999999990848,epsilon_greedy,,314211,,,,,,,1.0907136971383125e-08
4223,4222,,,34.5,36,True,False,True,False,success,,5,0.19781999999990849,epsilon_greedy,,314247,,,,,,,1.9818600267069225e-08
4224,4223,,,39.0,27,True,False,True,False,success,,5,0.1976299999999085,epsilon_greedy,,314274,,,,,,,1.0756827527479294e-14
4225,4224,,,36.5,32,True,False,True,False,success,,5,0.1974399999999085,epsilon_greedy,,314306,,,,,,,9.793861174409169e-05
4226,4225,,,34.0,37,True,False,True,False,success,,5,0.1972499999999085,epsilon_greedy,,314343,,,,,,,1.6568768708891423e-05
4227,4226,,,37.0,31,True,False,True,False,success,,5,0.1970599999999085,epsilon_greedy,,314374,,,,,,,1.1173857538162865e-14
4228,4227,,,34.5,36,True,False,True,False,success,,5,0.1968699999999085,epsilon_greedy,,314410,,,,,,,1.5519610288252907e-11
4229,4228,,,31.5,42,True,False,True,False,success,,5,0.1966799999999085,epsilon_greedy,,314452,,,,,,,2.553935898742479e-13
4230,4229,,,29.5,46,True,False,True,False,success,,5,0.19648999999990852,epsilon_greedy,,314498,,,,,,,0.008010254205720005
4231,4230,,,34.5,36,True,False,True,False,success,,5,0.19629999999990852,epsilon_greedy,,314534,,,,,,,6.999711063610587e-07
4232,4231,,,34.5,36,True,False,True,False,success,,5,0.19610999999990852,epsilon_greedy,,314570,,,,,,,1.0787197061527347e-09
4233,4232,,,37.0,31,True,False,True,False,success,,5,0.19591999999990853,epsilon_greedy,,314601,,,,,,,3.1286801106856025e-14
4234,4233,,,35.0,35,True,False,True,False,success,,5,0.19572999999990853,epsilon_greedy,,314636,,,,,,,0.00022773882555772015
4235,4234,,,37.0,31,True,False,True,False,success,,5,0.19553999999990854,epsilon_greedy,,314667,,,,,,,0.001154060039788681
4236,4235,,,34.5,36,True,False,True,False,success,,5,0.19534999999990854,epsilon_greedy,,314703,,,,,,,6.737820178336228e-14
4237,4236,,,34.5,36,True,False,True,False,success,,5,0.19515999999990855,epsilon_greedy,,314739,,,,,,,6.12460510948962e-08
4238,4237,,,34.0,37,True,False,True,False,success,,5,0.19496999999990855,epsilon_greedy,,314776,,,,,,,1.0517592687538365e-05
4239,4238,,,35.5,34,True,False,True,False,success,,5,0.19477999999990855,epsilon_greedy,,314810,,,,,,,2.7593613668507127e-13
4240,4239,,,36.0,33,True,False,True,False,success,,5,0.19458999999990856,epsilon_greedy,,314843,,,,,,,1.334959079306855e-14
4241,4240,,,35.5,34,True,False,True,False,success,,5,0.19439999999990856,epsilon_greedy,,314877,,,,,,,0.0003731102091702302
4242,4241,,,34.5,36,True,False,True,False,success,,5,0.19420999999990857,epsilon_greedy,,314913,,,,,,,0.0003311121454277415
4243,4242,,,32.0,41,True,False,True,False,success,,5,0.19401999999990857,epsilon_greedy,,314954,,,,,,,0.11168973046810539
4244,4243,,,37.5,30,True,False,True,False,success,,5,0.19382999999990858,epsilon_greedy,,314984,,,,,,,1.586582717057657e-13
4245,4244,,,37.0,31,True,False,True,False,success,,5,0.19363999999990858,epsilon_greedy,,315015,,,,,,,1.6033053021425488e-13
4246,4245,,,33.0,39,True,False,True,False,success,,5,0.19344999999990858,epsilon_greedy,,315054,,,,,,,8.364135594955513e-13
4247,4246,,,35.0,35,True,False,True,False,success,,5,0.1932599999999086,epsilon_greedy,,315089,,,,,,,0.19293650860040867
4248,4247,,,37.0,31,True,False,True,False,success,,5,0.1930699999999086,epsilon_greedy,,315120,,,,,,,1.1297928644383332e-05
4249,4248,,,37.0,31,True,False,True,False,success,,5,0.1928799999999086,epsilon_greedy,,315151,,,,,,,1.207740434686167e-07
4250,4249,,,36.5,32,True,False,True,False,success,,5,0.1926899999999086,epsilon_greedy,,315183,,,,,,,3.139988269396099e-13
4251,4250,,,37.0,31,True,False,True,False,success,,5,0.1924999999999086,epsilon_greedy,,315214,,,,,,,8.546568470856366e-14
4252,4251,,,31.5,42,True,False,True,False,success,,5,0.1923099999999086,epsilon_greedy,,315256,,,,,,,4.3551093423915566e-05
4253,4252,,,37.5,30,True,False,True,False,success,,5,0.1921199999999086,epsilon_greedy,,315286,,,,,,,1.1102230246251565e-14
4254,4253,,,35.0,35,True,False,True,False,success,,5,0.19192999999990862,epsilon_greedy,,315321,,,,,,,4.162748158366623e-07
4255,4254,,,36.5,32,True,False,True,False,success,,5,0.19173999999990862,epsilon_greedy,,315353,,,,,,,1.0922264481738608e-09
4256,4255,,,31.5,42,True,False,True,False,success,,5,0.19154999999990863,epsilon_greedy,,315395,,,,,,,0.0007819149758975717
4257,4256,,,33.5,38,True,False,True,False,success,,5,0.19135999999990863,epsilon_greedy,,315433,,,,,,,0.0017992833673173426
4258,4257,,,34.5,36,True,False,True,False,success,,5,0.19116999999990864,epsilon_greedy,,315469,,,,,,,6.797857423881639e-06
4259,4258,,,38.0,29,True,False,True,False,success,,5,0.19097999999990864,epsilon_greedy,,315498,,,,,,,6.748667320701478e-06
4260,4259,,,31.5,42,True,False,True,False,success,,5,0.19078999999990864,epsilon_greedy,,315540,,,,,,,0.00018464633738556388
4261,4260,,,31.5,42,True,False,True,False,success,,5,0.19059999999990865,epsilon_greedy,,315582,,,,,,,3.4081168394497376e-05
4262,4261,,,36.0,33,True,False,True,False,success,,5,0.19040999999990865,epsilon_greedy,,315615,,,,,,,3.202825210433785e-14
4263,4262,,,33.0,39,True,False,True,False,success,,5,0.19021999999990866,epsilon_greedy,,315654,,,,,,,0.013846739306518195
4264,4263,,,34.5,36,True,False,True,False,success,,5,0.19002999999990866,epsilon_greedy,,315690,,,,,,,6.895832520756626e-06
4265,4264,,,35.0,35,True,False,True,False,success,,5,0.18983999999990867,epsilon_greedy,,315725,,,,,,,0.00457217952855221
4266,4265,,,35.5,34,True,False,True,False,success,,5,0.18964999999990867,epsilon_greedy,,315759,,,,,,,0.0013745718034732495
4267,4266,,,35.0,35,True,False,True,False,success,,5,0.18945999999990867,epsilon_greedy,,315794,,,,,,,5.102670415725795e-08
4268,4267,,,36.5,32,True,False,True,False,success,,5,0.18926999999990868,epsilon_greedy,,315826,,,,,,,9.769962616701378e-15
4269,4268,,,36.0,33,True,False,True,False,success,,5,0.18907999999990868,epsilon_greedy,,315859,,,,,,,1.5034547882747215e-09
4270,4269,,,34.5,36,True,False,True,False,success,,5,0.1888899999999087,epsilon_greedy,,315895,,,,,,,5.405097984594814e-05
4271,4270,,,36.5,32,True,False,True,False,success,,5,0.1886999999999087,epsilon_greedy,,315927,,,,,,,1.5182299861749016e-14
4272,4271,,,34.5,36,True,False,True,False,success,,5,0.1885099999999087,epsilon_greedy,,315963,,,,,,,2.898915675410131e-14
4273,4272,,,33.5,38,True,False,True,False,success,,5,0.1883199999999087,epsilon_greedy,,316001,,,,,,,7.772230459013904e-06
4274,4273,,,36.0,33,True,False,True,False,success,,5,0.1881299999999087,epsilon_greedy,,316034,,,,,,,7.81751121103229e-06
4275,4274,,,36.0,33,True,False,True,False,success,,5,0.1879399999999087,epsilon_greedy,,316067,,,,,,,1.8116148312125888e-13
4276,4275,,,36.0,33,True,False,True,False,success,,5,0.1877499999999087,epsilon_greedy,,316100,,,,,,,1.0012193094801412e-14
4277,4276,,,35.0,35,True,False,True,False,success,,5,0.18755999999990872,epsilon_greedy,,316135,,,,,,,2.5514620226374517e-06
4278,4277,,,35.0,35,True,False,True,False,success,,5,0.18736999999990872,epsilon_greedy,,316170,,,,,,,1.238374482324746e-14
4279,4278,,,36.0,33,True,False,True,False,success,,5,0.18717999999990872,epsilon_greedy,,316203,,,,,,,7.780981246524431e-14
4280,4279,,,39.0,27,True,False,True,False,success,,5,0.18698999999990873,epsilon_greedy,,316230,,,,,,,1.0756827527479294e-14
4281,4280,,,36.0,33,True,False,True,False,success,,5,0.18679999999990873,epsilon_greedy,,316263,,,,,,,3.9821107125553024e-07
4282,4281,,,36.5,32,True,False,True,False,success,,5,0.18660999999990874,epsilon_greedy,,316295,,,,,,,4.46843944976183e-06
4283,4282,,,34.0,37,True,False,True,False,success,,5,0.18641999999990874,epsilon_greedy,,316332,,,,,,,0.0001653745768812909
4284,4283,,,38.0,29,True,False,True,False,success,,5,0.18622999999990875,epsilon_greedy,,316361,,,,,,,5.817585798536031e-07
4285,4284,,,31.5,42,True,False,True,False,success,,5,0.18603999999990875,epsilon_greedy,,316403,,,,,,,0.0018551044123649586
4286,4285,,,31.0,43,True,False,True,False,success,,5,0.18584999999990875,epsilon_greedy,,316446,,,,,,,5.880368099188566e-05
4287,4286,,,34.0,37,True,False,True,False,success,,5,0.18565999999990876,epsilon_greedy,,316483,,,,,,,0.0010520006558672572
4288,4287,,,37.0,31,True,False,True,False,success,,5,0.18546999999990876,epsilon_greedy,,316514,,,,,,,1.092569266399281e-06
4289,4288,,,35.0,35,True,False,True,False,success,,5,0.18527999999990877,epsilon_greedy,,316549,,,,,,,1.0074480932027135e-14
4290,4289,,,33.0,39,True,False,True,False,success,,5,0.18508999999990877,epsilon_greedy,,316588,,,,,,,0.00039472223183502673
4291,4290,,,33.5,38,True,False,True,False,success,,5,0.18489999999990878,epsilon_greedy,,316626,,,,,,,3.9079964716935335e-07
4292,4291,,,34.0,37,True,False,True,False,success,,5,0.18470999999990878,epsilon_greedy,,316663,,,,,,,1.2580471199320577e-11
4293,4292,,,38.5,28,True,False,True,False,success,,5,0.18451999999990878,epsilon_greedy,,316691,,,,,,,9.747749004799086e-08
4294,4293,,,36.5,32,True,False,True,False,success,,5,0.1843299999999088,epsilon_greedy,,316723,,,,,,,1.7957857423311907e-14
4295,4294,,,31.5,42,True,False,True,False,success,,5,0.1841399999999088,epsilon_greedy,,316765,,,,,,,0.031094208581158904
4296,4295,,,35.0,35,True,False,True,False,success,,5,0.1839499999999088,epsilon_greedy,,316800,,,,,,,1.3140171603228826e-05
4297,4296,,,39.0,27,True,False,True,False,success,,5,0.1837599999999088,epsilon_greedy,,316827,,,,,,,1.0756827527479294e-14
4298,4297,,,36.0,33,True,False,True,False,success,,5,0.1835699999999088,epsilon_greedy,,316860,,,,,,,1.2540175798268477e-05
4299,4298,,,38.0,29,True,False,True,False,success,,5,0.1833799999999088,epsilon_greedy,,316889,,,,,,,5.072209012955055e-10
4300,4299,,,37.5,30,True,False,True,False,success,,5,0.18318999999990881,epsilon_greedy,,316919,,,,,,,5.435534008076578e-09
4301,4300,,,33.0,39,True,False,True,False,success,,5,0.18299999999990882,epsilon_greedy,,316958,,,,,,,4.585283778888392e-05
4302,4301,,,32.0,41,True,False,True,False,success,,5,0.18280999999990882,epsilon_greedy,,316999,,,,,,,0.00021385269464040024
4303,4302,,,34.0,37,True,False,True,False,success,,5,0.18261999999990883,epsilon_greedy,,317036,,,,,,,1.0463126821414825e-09
4304,4303,,,38.0,29,True,False,True,False,success,,5,0.18242999999990883,epsilon_greedy,,317065,,,,,,,1.1117543667280878e-14
4305,4304,,,35.0,35,True,False,True,False,success,,5,0.18223999999990884,epsilon_greedy,,317100,,,,,,,0.00017530983636012212
4306,4305,,,35.5,34,True,False,True,False,success,,5,0.18204999999990884,epsilon_greedy,,317134,,,,,,,2.9336010744801197e-14
4307,4306,,,34.0,37,True,False,True,False,success,,5,0.18185999999990884,epsilon_greedy,,317171,,,,,,,0.005097172471857658
4308,4307,,,30.5,44,True,False,True,False,success,,5,0.18166999999990885,epsilon_greedy,,317215,,,,,,,5.1736392947532295e-14
4309,4308,,,39.0,27,True,False,True,False,success,,5,0.18147999999990885,epsilon_greedy,,317242,,,,,,,1.0756827527479294e-14
4310,4309,,,32.5,40,True,False,True,False,success,,5,0.18128999999990886,epsilon_greedy,,317282,,,,,,,0.000307541203575834
4311,4310,,,30.5,44,True,False,True,False,success,,5,0.18109999999990886,epsilon_greedy,,317326,,,,,,,2.7528062858389095e-05
4312,4311,,,37.5,30,True,False,True,False,success,,5,0.18090999999990887,epsilon_greedy,,317356,,,,,,,4.297928343947414e-06
4313,4312,,,32.5,40,True,False,True,False,success,,5,0.18071999999990887,epsilon_greedy,,317396,,,,,,,0.0007422611119517697
4314,4313,,,37.5,30,True,False,True,False,success,,5,0.18052999999990887,epsilon_greedy,,317426,,,,,,,1.4030258436529645e-13
4315,4314,,,35.5,34,True,False,True,False,success,,5,0.18033999999990888,epsilon_greedy,,317460,,,,,,,1.5853926617293013e-05
4316,4315,,,35.0,35,True,False,True,False,success,,5,0.18014999999990888,epsilon_greedy,,317495,,,,,,,4.3417030331584426e-07
4317,4316,,,38.5,28,True,False,True,False,success,,5,0.1799599999999089,epsilon_greedy,,317523,,,,,,,7.601781990519894e-06
4318,4317,,,37.0,31,True,False,True,False,success,,5,0.1797699999999089,epsilon_greedy,,317554,,,,,,,1.0744093786695064e-14
4319,4318,,,37.0,31,True,False,True,False,success,,5,0.1795799999999089,epsilon_greedy,,317585,,,,,,,1.00851227011111e-14
4320,4319,,,33.5,38,True,False,True,False,success,,5,0.1793899999999089,epsilon_greedy,,317623,,,,,,,1.3112318248730797e-14
4321,4320,,,35.5,34,True,False,True,False,success,,5,0.1791999999999089,epsilon_greedy,,317657,,,,,,,1.0379284882547195e-09
4322,4321,,,37.5,30,True,False,True,False,success,,5,0.1790099999999089,epsilon_greedy,,317687,,,,,,,5.299618346829386e-05
4323,4322,,,35.5,34,True,False,True,False,success,,5,0.1788199999999089,epsilon_greedy,,317721,,,,,,,0.000444049742924962
4324,4323,,,38.0,29,True,False,True,False,success,,5,0.17862999999990892,epsilon_greedy,,317750,,,,,,,1.454774997784688e-14
4325,4324,,,38.0,29,True,False,True,False,success,,5,0.17843999999990892,epsilon_greedy,,317779,,,,,,,4.9882997870274095e-08
4326,4325,,,36.5,32,True,False,True,False,success,,5,0.17824999999990893,epsilon_greedy,,317811,,,,,,,3.0161137476447664e-10
4327,4326,,,34.0,37,True,False,True,False,success,,5,0.17805999999990893,epsilon_greedy,,317848,,,,,,,0.02736653376890249
4328,4327,,,36.0,33,True,False,True,False,success,,5,0.17786999999990893,epsilon_greedy,,317881,,,,,,,9.098589073030399e-05
4329,4328,,,38.0,29,True,False,True,False,success,,5,0.17767999999990894,epsilon_greedy,,317910,,,,,,,1.0933782614929127e-14
4330,4329,,,36.0,33,True,False,True,False,success,,5,0.17748999999990894,epsilon_greedy,,317943,,,,,,,1.5123256182712133e-13
4331,4330,,,31.5,42,True,False,True,False,success,,5,0.17729999999990895,epsilon_greedy,,317985,,,,,,,0.002216729133153649
4332,4331,,,34.0,37,True,False,True,False,success,,5,0.17710999999990895,epsilon_greedy,,318022,,,,,,,8.23856280229551e-07
4333,4332,,,33.5,38,True,False,True,False,success,,5,0.17691999999990896,epsilon_greedy,,318060,,,,,,,0.004564023649831311
4334,4333,,,32.5,40,True,False,True,False,success,,5,0.17672999999990896,epsilon_greedy,,318100,,,,,,,0.006661648528901098
4335,4334,,,34.0,37,True,False,True,False,success,,5,0.17653999999990896,epsilon_greedy,,318137,,,,,,,1.2502038275501209e-08
4336,4335,,,38.0,29,True,False,True,False,success,,5,0.17634999999990897,epsilon_greedy,,318166,,,,,,,1.1546319456101628e-14
4337,4336,,,39.0,27,True,False,True,False,success,,5,0.17615999999990897,epsilon_greedy,,318193,,,,,,,1.634906202188749e-14
4338,4337,,,38.5,28,True,False,True,False,success,,5,0.17596999999990898,epsilon_greedy,,318221,,,,,,,5.186327557891803e-14
4339,4338,,,38.0,29,True,False,True,False,success,,5,0.17577999999990898,epsilon_greedy,,318250,,,,,,,6.943105094690289e-14
4340,4339,,,36.0,33,True,False,True,False,success,,5,0.17558999999990899,epsilon_greedy,,318283,,,,,,,5.863674448348913e-09
4341,4340,,,31.5,42,True,False,True,False,success,,5,0.175399999999909,epsilon_greedy,,318325,,,,,,,1.4963691661424015e-13
4342,4341,,,36.5,32,True,False,True,False,success,,5,0.175209999999909,epsilon_greedy,,318357,,,,,,,5.4422260309383574e-09
4343,4342,,,36.5,32,True,False,True,False,success,,5,0.175019999999909,epsilon_greedy,,318389,,,,,,,2.778277760803749e-05
4344,4343,,,38.5,28,True,False,True,False,success,,5,0.174829999999909,epsilon_greedy,,318417,,,,,,,1.0626420378555069e-14
4345,4344,,,36.5,32,True,False,True,False,success,,5,0.174639999999909,epsilon_greedy,,318449,,,,,,,0.00021736259795615553
4346,4345,,,38.0,29,True,False,True,False,success,,5,0.174449999999909,epsilon_greedy,,318478,,,,,,,2.8146067851876383e-14
4347,4346,,,35.5,34,True,False,True,False,success,,5,0.17425999999990902,epsilon_greedy,,318512,,,,,,,2.3530150665173514e-05
4348,4347,,,35.5,34,True,False,True,False,success,,5,0.17406999999990902,epsilon_greedy,,318546,,,,,,,2.218852352285067e-05
4349,4348,,,34.0,37,True,False,True,False,success,,5,0.17387999999990902,epsilon_greedy,,318583,,,,,,,7.570897887468867e-07
4350,4349,,,36.0,33,True,False,True,False,success,,5,0.17368999999990903,epsilon_greedy,,318616,,,,,,,1.1734532537585354e-11
4351,4350,,,37.0,31,True,False,True,False,success,,5,0.17349999999990903,epsilon_greedy,,318647,,,,,,,2.0903882174744082e-05
4352,4351,,,35.5,34,True,False,True,False,success,,5,0.17330999999990904,epsilon_greedy,,318681,,,,,,,4.287120441756772e-05
4353,4352,,,35.0,35,True,False,True,False,success,,5,0.17311999999990904,epsilon_greedy,,318716,,,,,,,2.8688764144315014e-05
4354,4353,,,38.0,29,True,False,True,False,success,,5,0.17292999999990905,epsilon_greedy,,318745,,,,,,,7.98441772468354e-14
4355,4354,,,36.0,33,True,False,True,False,success,,5,0.17273999999990905,epsilon_greedy,,318778,,,,,,,9.769962616701378e-15
4356,4355,,,39.0,27,True,False,True,False,success,,5,0.17254999999990905,epsilon_greedy,,318805,,,,,,,4.774395711206994e-05
4357,4356,,,34.5,36,True,False,True,False,success,,5,0.17235999999990906,epsilon_greedy,,318841,,,,,,,0.00021601626537129072
4358,4357,,,34.0,37,True,False,True,False,success,,5,0.17216999999990906,epsilon_greedy,,318878,,,,,,,1.5079829277178882e-13
4359,4358,,,36.0,33,True,False,True,False,success,,5,0.17197999999990907,epsilon_greedy,,318911,,,,,,,1.0039107592368082e-14
4360,4359,,,38.5,28,True,False,True,False,success,,5,0.17178999999990907,epsilon_greedy,,318939,,,,,,,1.0689861694247937e-14
4361,4360,,,35.0,35,True,False,True,False,success,,5,0.17159999999990908,epsilon_greedy,,318974,,,,,,,1.4860550605939286e-08
4362,4361,,,33.5,38,True,False,True,False,success,,5,0.17140999999990908,epsilon_greedy,,319012,,,,,,,0.023847149241837482
4363,4362,,,38.0,29,True,False,True,False,success,,5,0.17121999999990908,epsilon_greedy,,319041,,,,,,,1.0750021562577378e-14
4364,4363,,,36.5,32,True,False,True,False,success,,5,0.1710299999999091,epsilon_greedy,,319073,,,,,,,1.5709655798445965e-14
4365,4364,,,37.0,31,True,False,True,False,success,,5,0.1708399999999091,epsilon_greedy,,319104,,,,,,,0.001716509154283717
4366,4365,,,37.0,31,True,False,True,False,success,,5,0.1706499999999091,epsilon_greedy,,319135,,,,,,,5.776579464229635e-08
4367,4366,,,36.0,33,True,False,True,False,success,,5,0.1704599999999091,epsilon_greedy,,319168,,,,,,,2.1382197165096464e-05
4368,4367,,,33.5,38,True,False,True,False,success,,5,0.1702699999999091,epsilon_greedy,,319206,,,,,,,3.5670408123595665e-05
4369,4368,,,32.5,40,True,False,True,False,success,,5,0.1700799999999091,epsilon_greedy,,319246,,,,,,,0.0036861474519548354
4370,4369,,,35.0,35,True,False,True,False,success,,5,0.1698899999999091,epsilon_greedy,,319281,,,,,,,1.0302869668521452e-14
4371,4370,,,34.5,36,True,False,True,False,success,,5,0.16969999999990912,epsilon_greedy,,319317,,,,,,,5.321247395088473e-06
4372,4371,,,35.0,35,True,False,True,False,success,,5,0.16950999999990912,epsilon_greedy,,319352,,,,,,,1.7344347888860665e-05
4373,4372,,,38.0,29,True,False,True,False,success,,5,0.16931999999990913,epsilon_greedy,,319381,,,,,,,1.0505006826108378e-14
4374,4373,,,38.0,29,True,False,True,False,success,,5,0.16912999999990913,epsilon_greedy,,319410,,,,,,,1.1117543667280878e-14
4375,4374,,,35.0,35,True,False,True,False,success,,5,0.16893999999990914,epsilon_greedy,,319445,,,,,,,6.598117898626299e-06
4376,4375,,,38.5,28,True,False,True,False,success,,5,0.16874999999990914,epsilon_greedy,,319473,,,,,,,1.0499537747169337e-14
4377,4376,,,35.0,35,True,False,True,False,success,,5,0.16855999999990914,epsilon_greedy,,319508,,,,,,,1.5572940161234782e-05
4378,4377,,,36.5,32,True,False,True,False,success,,5,0.16836999999990915,epsilon_greedy,,319540,,,,,,,3.843539697900855e-07
4379,4378,,,36.5,32,True,False,True,False,success,,5,0.16817999999990915,epsilon_greedy,,319572,,,,,,,1.928070278434113e-08
4380,4379,,,38.5,28,True,False,True,False,success,,5,0.16798999999990916,epsilon_greedy,,319600,,,,,,,1.4845267872130665e-14
4381,4380,,,39.0,27,True,False,True,False,success,,5,0.16779999999990916,epsilon_greedy,,319627,,,,,,,4.0998148596203155e-07
4382,4381,,,34.5,36,True,False,True,False,success,,5,0.16760999999990916,epsilon_greedy,,319663,,,,,,,1.2073850339275635e-08
4383,4382,,,35.5,34,True,False,True,False,success,,5,0.16741999999990917,epsilon_greedy,,319697,,,,,,,1.0762632615189752e-14
4384,4383,,,37.0,31,True,False,True,False,success,,5,0.16722999999990917,epsilon_greedy,,319728,,,,,,,1.3698003305117092e-13
4385,4384,,,31.0,43,True,False,True,False,success,,5,0.16703999999990918,epsilon_greedy,,319771,,,,,,,1.021748135855866e-05
4386,4385,,,36.0,33,True,False,True,False,success,,5,0.16684999999990918,epsilon_greedy,,319804,,,,,,,1.72666998544242e-10
4387,4386,,,39.0,27,True,False,True,False,success,,5,0.1666599999999092,epsilon_greedy,,319831,,,,,,,1.0756827527479294e-14
4388,4387,,,35.5,34,True,False,True,False,success,,5,0.1664699999999092,epsilon_greedy,,319865,,,,,,,1.9461556549311566e-14
4389,4388,,,35.5,34,True,False,True,False,success,,5,0.1662799999999092,epsilon_greedy,,319899,,,,,,,2.9694739806942877e-06
4390,4389,,,34.5,36,True,False,True,False,success,,5,0.1660899999999092,epsilon_greedy,,319935,,,,,,,0.00013609421399614816
4391,4390,,,33.5,38,True,False,True,False,success,,5,0.1658999999999092,epsilon_greedy,,319973,,,,,,,3.899837703403326e-05
4392,4391,,,36.5,32,True,False,True,False,success,,5,0.1657099999999092,epsilon_greedy,,320005,,,,,,,4.1425196606326153e-14
4393,4392,,,37.0,31,True,False,True,False,success,,5,0.1655199999999092,epsilon_greedy,,320036,,,,,,,3.834676031907923e-09
4394,4393,,,33.5,38,True,False,True,False,success,,5,0.16532999999990922,epsilon_greedy,,320074,,,,,,,0.0002997314216125421
4395,4394,,,37.0,31,True,False,True,False,success,,5,0.16513999999990922,epsilon_greedy,,320105,,,,,,,5.4176706530539136e-05
4396,4395,,,37.0,31,True,False,True,False,success,,5,0.16494999999990922,epsilon_greedy,,320136,,,,,,,0.0008240302503433919
4397,4396,,,36.5,32,True,False,True,False,success,,5,0.16475999999990923,epsilon_greedy,,320168,,,,,,,3.3115751724155373e-08
4398,4397,,,38.5,28,True,False,True,False,success,,5,0.16456999999990923,epsilon_greedy,,320196,,,,,,,3.389710363193339e-08
4399,4398,,,37.0,31,True,False,True,False,success,,5,0.16437999999990924,epsilon_greedy,,320227,,,,,,,2.4038119165432423e-14
4400,4399,,,35.5,34,True,False,True,False,success,,5,0.16418999999990924,epsilon_greedy,,320261,,,,,,,3.1468359160288294e-09
4401,4400,,,36.5,32,True,False,True,False,success,,5,0.16399999999990925,epsilon_greedy,,320293,,,,,,,0.0002517280862703586
4402,4401,,,38.0,29,True,False,True,False,success,,5,0.16380999999990925,epsilon_greedy,,320322,,,,,,,3.604025380547819e-05
4403,4402,,,36.5,32,True,False,True,False,success,,5,0.16361999999990925,epsilon_greedy,,320354,,,,,,,1.2351231148954867e-14
4404,4403,,,37.5,30,True,False,True,False,success,,5,0.16342999999990926,epsilon_greedy,,320384,,,,,,,2.3063032964879917e-14
4405,4404,,,36.5,32,True,False,True,False,success,,5,0.16323999999990926,epsilon_greedy,,320416,,,,,,,7.74658115432203e-14
4406,4405,,,37.0,31,True,False,True,False,success,,5,0.16304999999990927,epsilon_greedy,,320447,,,,,,,2.847529515694103e-06
4407,4406,,,34.0,37,True,False,True,False,success,,5,0.16285999999990927,epsilon_greedy,,320484,,,,,,,1.2653267421247915e-05
4408,4407,,,33.5,38,True,False,True,False,success,,5,0.16266999999990928,epsilon_greedy,,320522,,,,,,,5.12450211680098e-06
4409,4408,,,35.0,35,True,False,True,False,success,,5,0.16247999999990928,epsilon_greedy,,320557,,,,,,,0.00011083837649586823
4410,4409,,,38.0,29,True,False,True,False,success,,5,0.16228999999990928,epsilon_greedy,,320586,,,,,,,1.0566260510225627e-14
4411,4410,,,37.0,31,True,False,True,False,success,,5,0.1620999999999093,epsilon_greedy,,320617,,,,,,,1.0457584619049861e-14
4412,4411,,,36.0,33,True,False,True,False,success,,5,0.1619099999999093,epsilon_greedy,,320650,,,,,,,1.8525248675139278e-13
4413,4412,,,34.0,37,True,False,True,False,success,,5,0.1617199999999093,epsilon_greedy,,320687,,,,,,,3.5464315762746345e-07
4414,4413,,,37.0,31,True,False,True,False,success,,5,0.1615299999999093,epsilon_greedy,,320718,,,,,,,3.106089980202532e-09
4415,4414,,,36.5,32,True,False,True,False,success,,5,0.1613399999999093,epsilon_greedy,,320750,,,,,,,3.3802674018201806e-07
4416,4415,,,32.0,41,True,False,True,False,success,,5,0.1611499999999093,epsilon_greedy,,320791,,,,,,,0.00018203122766204623
4417,4416,,,35.5,34,True,False,True,False,success,,5,0.16095999999990931,epsilon_greedy,,320825,,,,,,,3.4734165387044245e-07
4418,4417,,,36.5,32,True,False,True,False,success,,5,0.16076999999990932,epsilon_greedy,,320857,,,,,,,7.087197437249948e-07
4419,4418,,,38.0,29,True,False,True,False,success,,5,0.16057999999990932,epsilon_greedy,,320886,,,,,,,3.8902083443144777e-05
4420,4419,,,38.0,29,True,False,True,False,success,,5,0.16038999999990933,epsilon_greedy,,320915,,,,,,,2.9223720887282497e-05
4421,4420,,,34.5,36,True,False,True,False,success,,5,0.16019999999990933,epsilon_greedy,,320951,,,,,,,6.012483940103724e-07
4422,4421,,,37.0,31,True,False,True,False,success,,5,0.16000999999990934,epsilon_greedy,,320982,,,,,,,5.837878261464922e-06
4423,4422,,,38.5,28,True,False,True,False,success,,5,0.15981999999990934,epsilon_greedy,,321010,,,,,,,1.176836406102666e-14
4424,4423,,,34.5,36,True,False,True,False,success,,5,0.15962999999990934,epsilon_greedy,,321046,,,,,,,0.0002733091858979384
4425,4424,,,37.0,31,True,False,True,False,success,,5,0.15943999999990935,epsilon_greedy,,321077,,,,,,,2.244384499041916e-05
4426,4425,,,37.5,30,True,False,True,False,success,,5,0.15924999999990935,epsilon_greedy,,321107,,,,,,,3.825891897661175e-06
4427,4426,,,34.0,37,True,False,True,False,success,,5,0.15905999999990936,epsilon_greedy,,321144,,,,,,,0.00043109800537241035
4428,4427,,,35.5,34,True,False,True,False,success,,5,0.15886999999990936,epsilon_greedy,,321178,,,,,,,2.9200661486594726e-05
4429,4428,,,35.0,35,True,False,True,False,success,,5,0.15867999999990937,epsilon_greedy,,321213,,,,,,,4.591882429849647e-13
4430,4429,,,37.0,31,True,False,True,False,success,,5,0.15848999999990937,epsilon_greedy,,321244,,,,,,,2.2479367543031831e-07
4431,4430,,,36.0,33,True,False,True,False,success,,5,0.15829999999990937,epsilon_greedy,,321277,,,,,,,2.6083593969780743e-05
4432,4431,,,33.5,38,True,False,True,False,success,,5,0.15810999999990938,epsilon_greedy,,321315,,,,,,,3.038560005292667e-05
4433,4432,,,36.5,32,True,False,True,False,success,,5,0.15791999999990938,epsilon_greedy,,321347,,,,,,,1.0075273948473296e-14
4434,4433,,,38.5,28,True,False,True,False,success,,5,0.1577299999999094,epsilon_greedy,,321375,,,,,,,1.1641481429640928e-14
4435,4434,,,38.0,29,True,False,True,False,success,,5,0.1575399999999094,epsilon_greedy,,321404,,,,,,,1.9732974145124994e-07
4436,4435,,,38.5,28,True,False,True,False,success,,5,0.1573499999999094,epsilon_greedy,,321432,,,,,,,4.662318670816441e-08
4437,4436,,,38.0,29,True,False,True,False,success,,5,0.1571599999999094,epsilon_greedy,,321461,,,,,,,1.7759676837193905e-07
4438,4437,,,38.0,29,True,False,True,False,success,,5,0.1569699999999094,epsilon_greedy,,321490,,,,,,,4.973022313059516e-06
4439,4438,,,35.5,34,True,False,True,False,success,,5,0.1567799999999094,epsilon_greedy,,321524,,,,,,,1.3006589269667422e-13
4440,4439,,,35.0,35,True,False,True,False,success,,5,0.1565899999999094,epsilon_greedy,,321559,,,,,,,4.5361929820713394e-05
4441,4440,,,38.5,28,True,False,True,False,success,,5,0.15639999999990942,epsilon_greedy,,321587,,,,,,,1.1133950904097999e-14
4442,4441,,,36.0,33,True,False,True,False,success,,5,0.15620999999990942,epsilon_greedy,,321620,,,,,,,2.977141831967686e-05
4443,4442,,,34.0,37,True,False,True,False,success,,5,0.15601999999990943,epsilon_greedy,,321657,,,,,,,0.0015106582189480214
4444,4443,,,38.0,29,True,False,True,False,success,,5,0.15582999999990943,epsilon_greedy,,321686,,,,,,,2.8758604693048883e-14
4445,4444,,,36.5,32,True,False,True,False,success,,5,0.15563999999990943,epsilon_greedy,,321718,,,,,,,5.902783046601856e-06
4446,4445,,,35.5,34,True,False,True,False,success,,5,0.15544999999990944,epsilon_greedy,,321752,,,,,,,1.0161806037157315e-14
4447,4446,,,38.0,29,True,False,True,False,success,,5,0.15525999999990944,epsilon_greedy,,321781,,,,,,,5.187814928600064e-10
4448,4447,,,32.5,40,True,False,True,False,success,,5,0.15506999999990945,epsilon_greedy,,321821,,,,,,,2.880501934658941e-05
4449,4448,,,38.5,28,True,False,True,False,success,,5,0.15487999999990945,epsilon_greedy,,321849,,,,,,,1.6343764614694984e-07
4450,4449,,,36.5,32,True,False,True,False,success,,5,0.15468999999990946,epsilon_greedy,,321881,,,,,,,2.975917531317096e-06
4451,4450,,,38.0,29,True,False,True,False,success,,5,0.15449999999990946,epsilon_greedy,,321910,,,,,,,7.131404375808002e-06
4452,4451,,,35.0,35,True,False,True,False,success,,5,0.15430999999990946,epsilon_greedy,,321945,,,,,,,2.2137969537538993e-07
4453,4452,,,38.0,29,True,False,True,False,success,,5,0.15411999999990947,epsilon_greedy,,321974,,,,,,,4.051394456698274e-08
4454,4453,,,37.0,31,True,False,True,False,success,,5,0.15392999999990947,epsilon_greedy,,322005,,,,,,,1.5729353303721574e-14
4455,4454,,,37.0,31,True,False,True,False,success,,5,0.15373999999990948,epsilon_greedy,,322036,,,,,,,1.1259810288456427e-14
4456,4455,,,38.0,29,True,False,True,False,success,,5,0.15354999999990948,epsilon_greedy,,322065,,,,,,,2.6920994169531382e-14
4457,4456,,,34.5,36,True,False,True,False,success,,5,0.15335999999990949,epsilon_greedy,,322101,,,,,,,0.00014590529552798652
4458,4457,,,36.0,33,True,False,True,False,success,,5,0.1531699999999095,epsilon_greedy,,322134,,,,,,,0.07934405263335967
4459,4458,,,35.0,35,True,False,True,False,success,,5,0.1529799999999095,epsilon_greedy,,322169,,,,,,,2.1544670809297323e-14
4460,4459,,,32.0,41,True,False,True,False,success,,5,0.1527899999999095,epsilon_greedy,,322210,,,,,,,0.018879999056178907
4461,4460,,,35.0,35,True,False,True,False,success,,5,0.1525999999999095,epsilon_greedy,,322245,,,,,,,8.45176656638001e-06
4462,4461,,,36.5,32,True,False,True,False,success,,5,0.1524099999999095,epsilon_greedy,,322277,,,,,,,1.9568227352245726e-05
4463,4462,,,37.5,30,True,False,True,False,success,,5,0.1522199999999095,epsilon_greedy,,322307,,,,,,,1.1575925403424965e-14
4464,4463,,,39.0,27,True,False,True,False,success,,5,0.15202999999990952,epsilon_greedy,,322334,,,,,,,1.0756827527479294e-14
4465,4464,,,36.5,32,True,False,True,False,success,,5,0.15183999999990952,epsilon_greedy,,322366,,,,,,,9.685816358490085e-06
4466,4465,,,38.5,28,True,False,True,False,success,,5,0.15164999999990952,epsilon_greedy,,322394,,,,,,,3.776478320536926e-08
4467,4466,,,35.0,35,True,False,True,False,success,,5,0.15145999999990953,epsilon_greedy,,322429,,,,,,,0.0023644874014190926
4468,4467,,,34.0,37,True,False,True,False,success,,5,0.15126999999990953,epsilon_greedy,,322466,,,,,,,2.7581540655011996e-14
4469,4468,,,37.5,30,True,False,True,False,success,,5,0.15107999999990954,epsilon_greedy,,322496,,,,,,,8.189005029635155e-14
4470,4469,,,37.0,31,True,False,True,False,success,,5,0.15088999999990954,epsilon_greedy,,322527,,,,,,,1.0314330035227261e-14
4471,4470,,,36.0,33,True,False,True,False,success,,5,0.15069999999990955,epsilon_greedy,,322560,,,,,,,2.9346634245929304e-07
4472,4471,,,39.0,27,True,False,True,False,success,,5,0.15050999999990955,epsilon_greedy,,322587,,,,,,,1.0756827527479294e-14
4473,4472,,,36.5,32,True,False,True,False,success,,5,0.15031999999990955,epsilon_greedy,,322619,,,,,,,5.089906991689874e-06
4474,4473,,,35.5,34,True,False,True,False,success,,5,0.15012999999990956,epsilon_greedy,,322653,,,,,,,0.006269900288053546
4475,4474,,,38.5,28,True,False,True,False,success,,5,0.14993999999990956,epsilon_greedy,,322681,,,,,,,7.888927606407898e-14
4476,4475,,,37.0,31,True,False,True,False,success,,5,0.14974999999990957,epsilon_greedy,,322712,,,,,,,2.0379189661965823e-09
4477,4476,,,37.5,30,True,False,True,False,success,,5,0.14955999999990957,epsilon_greedy,,322742,,,,,,,6.860674258242957e-06
4478,4477,,,32.0,41,True,False,True,False,success,,5,0.14936999999990958,epsilon_greedy,,322783,,,,,,,6.793154611424807e-06
4479,4478,,,36.5,32,True,False,True,False,success,,5,0.14917999999990958,epsilon_greedy,,322815,,,,,,,2.678322889110296e-06
4480,4479,,,35.5,34,True,False,True,False,success,,5,0.14898999999990958,epsilon_greedy,,322849,,,,,,,1.833827207733788e-14
4481,4480,,,37.5,30,True,False,True,False,success,,5,0.1487999999999096,epsilon_greedy,,322879,,,,,,,1.371630269216458e-07
4482,4481,,,36.5,32,True,False,True,False,success,,5,0.1486099999999096,epsilon_greedy,,322911,,,,,,,2.269687833234002e-07
4483,4482,,,35.0,35,True,False,True,False,success,,5,0.1484199999999096,epsilon_greedy,,322946,,,,,,,0.003813761765865488
4484,4483,,,35.0,35,True,False,True,False,success,,5,0.1482299999999096,epsilon_greedy,,322981,,,,,,,4.4333592606550705e-06
4485,4484,,,39.0,27,True,False,True,False,success,,5,0.1480399999999096,epsilon_greedy,,323008,,,,,,,2.2912868869696802e-05
4486,4485,,,32.5,40,True,False,True,False,success,,5,0.1478499999999096,epsilon_greedy,,323048,,,,,,,0.00019343344876348033
4487,4486,,,35.5,34,True,False,True,False,success,,5,0.1476599999999096,epsilon_greedy,,323082,,,,,,,4.628181530717241e-05
4488,4487,,,34.5,36,True,False,True,False,success,,5,0.14746999999990962,epsilon_greedy,,323118,,,,,,,1.3890808809301368e-05
4489,4488,,,36.5,32,True,False,True,False,success,,5,0.14727999999990962,epsilon_greedy,,323150,,,,,,,0.0005915610935864624
4490,4489,,,35.0,35,True,False,True,False,success,,5,0.14708999999990963,epsilon_greedy,,323185,,,,,,,5.248575943639367e-07
4491,4490,,,37.5,30,True,False,True,False,success,,5,0.14689999999990963,epsilon_greedy,,323215,,,,,,,1.0643338062739833e-14
4492,4491,,,36.0,33,True,False,True,False,success,,5,0.14670999999990963,epsilon_greedy,,323248,,,,,,,1.8362509627312454e-09
4493,4492,,,39.0,27,True,False,True,False,success,,5,0.14651999999990964,epsilon_greedy,,323275,,,,,,,1.10857824977386e-14
4494,4493,,,36.0,33,True,False,True,False,success,,5,0.14632999999990964,epsilon_greedy,,323308,,,,,,,8.453076096009141e-06
4495,4494,,,37.0,31,True,False,True,False,success,,5,0.14613999999990965,epsilon_greedy,,323339,,,,,,,3.7933813796224704e-14
4496,4495,,,37.5,30,True,False,True,False,success,,5,0.14594999999990965,epsilon_greedy,,323369,,,,,,,8.61264491621346e-06
4497,4496,,,36.5,32,True,False,True,False,success,,5,0.14575999999990966,epsilon_greedy,,323401,,,,,,,1.1102230246251565e-14
4498,4497,,,37.5,30,True,False,True,False,success,,5,0.14556999999990966,epsilon_greedy,,323431,,,,,,,1.1812772982011666e-14
4499,4498,,,36.0,33,True,False,True,False,success,,5,0.14537999999990966,epsilon_greedy,,323464,,,,,,,5.010004945584924e-07
4500,4499,,,38.0,29,True,False,True,False,success,,5,0.14518999999990967,epsilon_greedy,,323493,,,,,,,1.0505006826108378e-14
4501,4500,,,39.0,27,True,False,True,False,success,,5,0.14499999999990967,epsilon_greedy,,323520,,,,,,,3.098979619586828e-06
4502,4501,,,37.0,31,True,False,True,False,success,,5,0.14480999999990968,epsilon_greedy,,323551,,,,,,,1.1087904787869306e-14
4503,4502,,,34.0,37,True,False,True,False,success,,5,0.14461999999990968,epsilon_greedy,,323588,,,,,,,1.1834377321950317e-14
4504,4503,,,36.0,33,True,False,True,False,success,,5,0.1444299999999097,epsilon_greedy,,323621,,,,,,,1.537926000204065e-05
4505,4504,,,36.0,33,True,False,True,False,success,,5,0.1442399999999097,epsilon_greedy,,323654,,,,,,,1.865174681370263e-14
4506,4505,,,36.0,33,True,False,True,False,success,,5,0.1440499999999097,epsilon_greedy,,323687,,,,,,,4.306319610667274e-14
4507,4506,,,34.5,36,True,False,True,False,success,,5,0.1438599999999097,epsilon_greedy,,323723,,,,,,,1.9653999094352653e-05
4508,4507,,,37.0,31,True,False,True,False,success,,5,0.1436699999999097,epsilon_greedy,,323754,,,,,,,2.0438026898124274e-09
4509,4508,,,38.0,29,True,False,True,False,success,,5,0.1434799999999097,epsilon_greedy,,323783,,,,,,,1.1867234879838456e-05
4510,4509,,,35.5,34,True,False,True,False,success,,5,0.1432899999999097,epsilon_greedy,,323817,,,,,,,2.0510177190611585e-07
4511,4510,,,32.0,41,True,False,True,False,success,,5,0.14309999999990972,epsilon_greedy,,323858,,,,,,,0.01699432262542936
4512,4511,,,39.0,27,True,False,True,False,success,,5,0.14290999999990972,epsilon_greedy,,323885,,,,,,,1.0756827527479294e-14
4513,4512,,,35.0,35,True,False,True,False,success,,5,0.14271999999990972,epsilon_greedy,,323920,,,,,,,0.005637889263312599
4514,4513,,,34.5,36,True,False,True,False,success,,5,0.14252999999990973,epsilon_greedy,,323956,,,,,,,4.1332534365482826e-07
4515,4514,,,38.0,29,True,False,True,False,success,,5,0.14233999999990973,epsilon_greedy,,323985,,,,,,,7.824408232716167e-05
4516,4515,,,37.0,31,True,False,True,False,success,,5,0.14214999999990974,epsilon_greedy,,324016,,,,,,,1.1030602954340265e-14
4517,4516,,,37.0,31,True,False,True,False,success,,5,0.14195999999990974,epsilon_greedy,,324047,,,,,,,1.9979149237666745e-06
4518,4517,,,37.5,30,True,False,True,False,success,,5,0.14176999999990975,epsilon_greedy,,324077,,,,,,,3.172242003894136e-08
4519,4518,,,38.0,29,True,False,True,False,success,,5,0.14157999999990975,epsilon_greedy,,324106,,,,,,,9.406639417160143e-06
4520,4519,,,38.0,29,True,False,True,False,success,,5,0.14138999999990975,epsilon_greedy,,324135,,,,,,,6.367320463988139e-14
4521,4520,,,35.5,34,True,False,True,False,success,,5,0.14119999999990976,epsilon_greedy,,324169,,,,,,,0.00016166580908391788
4522,4521,,,39.0,27,True,False,True,False,success,,5,0.14100999999990976,epsilon_greedy,,324196,,,,,,,1.0756827527479294e-14
4523,4522,,,39.0,27,True,False,True,False,success,,5,0.14081999999990977,epsilon_greedy,,324223,,,,,,,1.0756827527479294e-14
4524,4523,,,38.0,29,True,False,True,False,success,,5,0.14062999999990977,epsilon_greedy,,324252,,,,,,,2.1423195487904898e-05
4525,4524,,,37.5,30,True,False,True,False,success,,5,0.14043999999990978,epsilon_greedy,,324282,,,,,,,2.62086984381682e-07
4526,4525,,,34.5,36,True,False,True,False,success,,5,0.14024999999990978,epsilon_greedy,,324318,,,,,,,5.580375667730348e-12
4527,4526,,,36.0,33,True,False,True,False,success,,5,0.14005999999990978,epsilon_greedy,,324351,,,,,,,8.529204278877869e-14
4528,4527,,,35.0,35,True,False,True,False,success,,5,0.1398699999999098,epsilon_greedy,,324386,,,,,,,0.0013138334002371823
4529,4528,,,35.0,35,True,False,True,False,success,,5,0.1396799999999098,epsilon_greedy,,324421,,,,,,,6.989476583580004e-05
4530,4529,,,38.0,29,True,False,True,False,success,,5,0.1394899999999098,epsilon_greedy,,324450,,,,,,,1.825818750442283e-07
4531,4530,,,36.5,32,True,False,True,False,success,,5,0.1392999999999098,epsilon_greedy,,324482,,,,,,,6.86395384974503e-14
4532,4531,,,37.0,31,True,False,True,False,success,,5,0.1391099999999098,epsilon_greedy,,324513,,,,,,,3.4496888789264756e-07
4533,4532,,,35.0,35,True,False,True,False,success,,5,0.1389199999999098,epsilon_greedy,,324548,,,,,,,1.7931756922503642e-07
4534,4533,,,39.0,27,True,False,True,False,success,,5,0.13872999999990981,epsilon_greedy,,324575,,,,,,,2.082663839148219e-06
4535,4534,,,34.5,36,True,False,True,False,success,,5,0.13853999999990982,epsilon_greedy,,324611,,,,,,,1.5818214831813609e-07
4536,4535,,,37.5,30,True,False,True,False,success,,5,0.13834999999990982,epsilon_greedy,,324641,,,,,,,1.2049620560598365e-14
4537,4536,,,38.0,29,True,False,True,False,success,,5,0.13815999999990983,epsilon_greedy,,324670,,,,,,,1.0505006826108378e-14
4538,4537,,,33.5,38,True,False,True,False,success,,5,0.13796999999990983,epsilon_greedy,,324708,,,,,,,0.008192060485452402
4539,4538,,,34.5,36,True,False,True,False,success,,5,0.13777999999990984,epsilon_greedy,,324744,,,,,,,1.7339497211511636e-05
4540,4539,,,36.0,33,True,False,True,False,success,,5,0.13758999999990984,epsilon_greedy,,324777,,,,,,,3.9292474997582205e-13
4541,4540,,,36.5,32,True,False,True,False,success,,5,0.13739999999990984,epsilon_greedy,,324809,,,,,,,3.088236333326222e-10
4542,4541,,,36.5,32,True,False,True,False,success,,5,0.13720999999990985,epsilon_greedy,,324841,,,,,,,1.2838713997820328e-05
4543,4542,,,36.0,33,True,False,True,False,success,,5,0.13701999999990985,epsilon_greedy,,324874,,,,,,,6.846991648915927e-06
4544,4543,,,37.0,31,True,False,True,False,success,,5,0.13682999999990986,epsilon_greedy,,324905,,,,,,,4.830948192104156e-06
4545,4544,,,38.5,28,True,False,True,False,success,,5,0.13663999999990986,epsilon_greedy,,324933,,,,,,,1.0626420378555069e-14
4546,4545,,,35.0,35,True,False,True,False,success,,5,0.13644999999990987,epsilon_greedy,,324968,,,,,,,1.0752740164855977e-05
4547,4546,,,35.5,34,True,False,True,False,success,,5,0.13625999999990987,epsilon_greedy,,325002,,,,,,,7.583946540232363e-06
4548,4547,,,39.0,27,True,False,True,False,success,,5,0.13606999999990987,epsilon_greedy,,325029,,,,,,,1.0756827527479294e-14
4549,4548,,,36.0,33,True,False,True,False,success,,5,0.13587999999990988,epsilon_greedy,,325062,,,,,,,1.1204701356259614e-05
4550,4549,,,38.0,29,True,False,True,False,success,,5,0.13568999999990988,epsilon_greedy,,325091,,,,,,,1.5573938976603893e-05
4551,4550,,,36.5,32,True,False,True,False,success,,5,0.1354999999999099,epsilon_greedy,,325123,,,,,,,9.462712557972708e-11
4552,4551,,,38.0,29,True,False,True,False,success,,5,0.1353099999999099,epsilon_greedy,,325152,,,,,,,4.231995190606303e-06
4553,4552,,,37.0,31,True,False,True,False,success,,5,0.1351199999999099,epsilon_greedy,,325183,,,,,,,0.00037080617294136685
4554,4553,,,37.5,30,True,False,True,False,success,,5,0.1349299999999099,epsilon_greedy,,325213,,,,,,,1.1092648863719744e-05
4555,4554,,,37.0,31,True,False,True,False,success,,5,0.1347399999999099,epsilon_greedy,,325244,,,,,,,6.386960821629946e-05
4556,4555,,,36.0,33,True,False,True,False,success,,5,0.1345499999999099,epsilon_greedy,,325277,,,,,,,1.8382601838035924e-14
4557,4556,,,31.5,42,True,False,True,False,success,,5,0.1343599999999099,epsilon_greedy,,325319,,,,,,,0.0013088522382043802
4558,4557,,,32.5,40,True,False,True,False,success,,5,0.13416999999990992,epsilon_greedy,,325359,,,,,,,3.457234498682737e-14
4559,4558,,,36.5,32,True,False,True,False,success,,5,0.13397999999990992,epsilon_greedy,,325391,,,,,,,0.00020343984234735824
4560,4559,,,35.5,34,True,False,True,False,success,,5,0.13378999999990993,epsilon_greedy,,325425,,,,,,,5.0782907291089516e-14
4561,4560,,,34.5,36,True,False,True,False,success,,5,0.13359999999990993,epsilon_greedy,,325461,,,,,,,6.152248525255939e-06
4562,4561,,,38.0,29,True,False,True,False,success,,5,0.13340999999990993,epsilon_greedy,,325490,,,,,,,1.0750021562577378e-14
4563,4562,,,37.5,30,True,False,True,False,success,,5,0.13321999999990994,epsilon_greedy,,325520,,,,,,,4.4497738826976275e-14
4564,4563,,,38.5,28,True,False,True,False,success,,5,0.13302999999990994,epsilon_greedy,,325548,,,,,,,3.938559690988949e-06
4565,4564,,,32.5,40,True,False,True,False,success,,5,0.13283999999990995,epsilon_greedy,,325588,,,,,,,1.0980105713542799e-14
4566,4565,,,36.0,33,True,False,True,False,success,,5,0.13264999999990995,epsilon_greedy,,325621,,,,,,,1.8597917818569287e-14
4567,4566,,,35.5,34,True,False,True,False,success,,5,0.13245999999990996,epsilon_greedy,,325655,,,,,,,2.5191374946837854e-08
4568,4567,,,33.0,39,True,False,True,False,success,,5,0.13226999999990996,epsilon_greedy,,325694,,,,,,,3.721952054818008e-05
4569,4568,,,37.0,31,True,False,True,False,success,,5,0.13207999999990996,epsilon_greedy,,325725,,,,,,,3.2067602329243252e-06
4570,4569,,,37.0,31,True,False,True,False,success,,5,0.13188999999990997,epsilon_greedy,,325756,,,,,,,1.8555334092168652e-07
4571,4570,,,35.0,35,True,False,True,False,success,,5,0.13169999999990997,epsilon_greedy,,325791,,,,,,,2.2844418420423348e-10
4572,4571,,,37.0,31,True,False,True,False,success,,5,0.13150999999990998,epsilon_greedy,,325822,,,,,,,1.0428933702285342e-14
4573,4572,,,35.0,35,True,False,True,False,success,,5,0.13131999999990998,epsilon_greedy,,325857,,,,,,,7.713659214861732e-08
4574,4573,,,34.5,36,True,False,True,False,success,,5,0.13112999999990999,epsilon_greedy,,325893,,,,,,,9.755159643039708e-14
4575,4574,,,35.5,34,True,False,True,False,success,,5,0.13093999999991,epsilon_greedy,,325927,,,,,,,1.0888543700904307e-05
4576,4575,,,36.0,33,True,False,True,False,success,,5,0.13074999999991,epsilon_greedy,,325960,,,,,,,5.256401374770741e-14
4577,4576,,,36.0,33,True,False,True,False,success,,5,0.13055999999991,epsilon_greedy,,325993,,,,,,,1.052356854856815e-14
4578,4577,,,38.0,29,True,False,True,False,success,,5,0.13036999999991,epsilon_greedy,,326022,,,,,,,9.665589367072085e-06
4579,4578,,,34.5,36,True,False,True,False,success,,5,0.13017999999991,epsilon_greedy,,326058,,,,,,,4.889667263246405e-06
4580,4579,,,39.0,27,True,False,True,False,success,,5,0.12998999999991,epsilon_greedy,,326085,,,,,,,1.6869577117275383e-06
4581,4580,,,37.0,31,True,False,True,False,success,,5,0.12979999999991002,epsilon_greedy,,326116,,,,,,,1.0658141036401503e-14
4582,4581,,,38.0,29,True,False,True,False,success,,5,0.12960999999991002,epsilon_greedy,,326145,,,,,,,1.1240051035515378e-14
4583,4582,,,38.5,28,True,False,True,False,success,,5,0.12941999999991002,epsilon_greedy,,326173,,,,,,,1.4640383115034034e-06
4584,4583,,,34.5,36,True,False,True,False,success,,5,0.12922999999991003,epsilon_greedy,,326209,,,,,,,3.879189645012499e-06
4585,4584,,,36.5,32,True,False,True,False,success,,5,0.12903999999991003,epsilon_greedy,,326241,,,,,,,2.3427058348790553e-09
4586,4585,,,38.5,28,True,False,True,False,success,,5,0.12884999999991004,epsilon_greedy,,326269,,,,,,,1.3176344729906982e-06
4587,4586,,,37.5,30,True,False,True,False,success,,5,0.12865999999991004,epsilon_greedy,,326299,,,,,,,8.29234840793447e-09
4588,4587,,,38.5,28,True,False,True,False,success,,5,0.12846999999991005,epsilon_greedy,,326327,,,,,,,1.6653345369377348e-14
4589,4588,,,34.0,37,True,False,True,False,success,,5,0.12827999999991005,epsilon_greedy,,326364,,,,,,,0.0010458101282874556
4590,4589,,,35.5,34,True,False,True,False,success,,5,0.12808999999991005,epsilon_greedy,,326398,,,,,,,6.328798217335256e-06
4591,4590,,,37.5,30,True,False,True,False,success,,5,0.12789999999991006,epsilon_greedy,,326428,,,,,,,1.6786572132332366e-14
4592,4591,,,36.5,32,True,False,True,False,success,,5,0.12770999999991006,epsilon_greedy,,326460,,,,,,,3.0508060031020356e-07
4593,4592,,,36.0,33,True,False,True,False,success,,5,0.12751999999991007,epsilon_greedy,,326493,,,,,,,1.1624723299976793e-05
4594,4593,,,38.0,29,True,False,True,False,success,,5,0.12732999999991007,epsilon_greedy,,326522,,,,,,,3.084044865004373e-07
4595,4594,,,36.0,33,True,False,True,False,success,,5,0.12713999999991007,epsilon_greedy,,326555,,,,,,,6.784683010693877e-09
4596,4595,,,38.5,28,True,False,True,False,success,,5,0.12694999999991008,epsilon_greedy,,326583,,,,,,,1.0880185641326534e-14
4597,4596,,,33.0,39,True,False,True,False,success,,5,0.12675999999991008,epsilon_greedy,,326622,,,,,,,1.9458013324033448e-05
4598,4597,,,38.0,29,True,False,True,False,success,,5,0.1265699999999101,epsilon_greedy,,326651,,,,,,,0.00020205506124135666
4599,4598,,,36.0,33,True,False,True,False,success,,5,0.1263799999999101,epsilon_greedy,,326684,,,,,,,2.069605429145367e-05
4600,4599,,,39.0,27,True,False,True,False,success,,5,0.1261899999999101,epsilon_greedy,,326711,,,,,,,1.0756827527479294e-14
4601,4600,,,38.0,29,True,False,True,False,success,,5,0.1259999999999101,epsilon_greedy,,326740,,,,,,,1.5776852890780901e-07
4602,4601,,,39.0,27,True,False,True,False,success,,5,0.1258099999999101,epsilon_greedy,,326767,,,,,,,1.5062032480805954e-05
4603,4602,,,35.5,34,True,False,True,False,success,,5,0.1256199999999101,epsilon_greedy,,326801,,,,,,,2.2611372460675858e-08
4604,4603,,,36.0,33,True,False,True,False,success,,5,0.1254299999999101,epsilon_greedy,,326834,,,,,,,4.8749400605982174e-05
4605,4604,,,38.5,28,True,False,True,False,success,,5,0.12523999999991012,epsilon_greedy,,326862,,,,,,,2.4777477815516946e-08
4606,4605,,,37.5,30,True,False,True,False,success,,5,0.12504999999991012,epsilon_greedy,,326892,,,,,,,5.2668980288217424e-14
4607,4606,,,37.0,31,True,False,True,False,success,,5,0.12485999999991013,epsilon_greedy,,326923,,,,,,,0.002641742388067996
4608,4607,,,34.5,36,True,False,True,False,success,,5,0.12466999999991013,epsilon_greedy,,326959,,,,,,,8.441299212358366e-05
4609,4608,,,36.5,32,True,False,True,False,success,,5,0.12447999999991013,epsilon_greedy,,326991,,,,,,,1.1135684507279642e-06
4610,4609,,,38.0,29,True,False,True,False,success,,5,0.12428999999991014,epsilon_greedy,,327020,,,,,,,0.00018495110668486617
4611,4610,,,38.0,29,True,False,True,False,success,,5,0.12409999999991014,epsilon_greedy,,327049,,,,,,,8.02116993515389e-14
4612,4611,,,32.0,41,True,False,True,False,success,,5,0.12390999999991015,epsilon_greedy,,327090,,,,,,,0.00029928797683748256
4613,4612,,,38.0,29,True,False,True,False,success,,5,0.12371999999991015,epsilon_greedy,,327119,,,,,,,1.1117543667280878e-14
4614,4613,,,36.0,33,True,False,True,False,success,,5,0.12352999999991016,epsilon_greedy,,327152,,,,,,,1.1304640725201711e-09
4615,4614,,,38.5,28,True,False,True,False,success,,5,0.12333999999991016,epsilon_greedy,,327180,,,,,,,1.1007068272712266e-14
4616,4615,,,37.0,31,True,False,True,False,success,,5,0.12314999999991016,epsilon_greedy,,327211,,,,,,,1.2176639624921071e-14
4617,4616,,,37.5,30,True,False,True,False,success,,5,0.12295999999991017,epsilon_greedy,,327241,,,,,,,1.406559298686716e-05
4618,4617,,,37.5,30,True,False,True,False,success,,5,0.12276999999991017,epsilon_greedy,,327271,,,,,,,1.0865382667664865e-14
4619,4618,,,37.0,31,True,False,True,False,success,,5,0.12257999999991018,epsilon_greedy,,327302,,,,,,,3.564174045506309e-14
4620,4619,,,30.0,45,True,False,True,False,success,,5,0.12238999999991018,epsilon_greedy,,327347,,,,,,,0.010054572375796865
4621,4620,,,34.5,36,True,False,True,False,success,,5,0.12219999999991019,epsilon_greedy,,327383,,,,,,,5.377067030666439e-05
4622,4621,,,35.0,35,True,False,True,False,success,,5,0.12200999999991019,epsilon_greedy,,327418,,,,,,,5.24698511719736e-06
4623,4622,,,36.5,32,True,False,True,False,success,,5,0.1218199999999102,epsilon_greedy,,327450,,,,,,,5.0633475617289925e-06
4624,4623,,,39.0,27,True,False,True,False,success,,5,0.1216299999999102,epsilon_greedy,,327477,,,,,,,1.0756827527479294e-14
4625,4624,,,37.5,30,True,False,True,False,success,,5,0.1214399999999102,epsilon_greedy,,327507,,,,,,,1.0422416553505324e-07
4626,4625,,,38.5,28,True,False,True,False,success,,5,0.12124999999991021,epsilon_greedy,,327535,,,,,,,7.810078644127876e-08
4627,4626,,,37.5,30,True,False,True,False,success,,5,0.12105999999991021,epsilon_greedy,,327565,,,,,,,7.214969362697351e-14
4628,4627,,,34.5,36,True,False,True,False,success,,5,0.12086999999991022,epsilon_greedy,,327601,,,,,,,9.271033044846691e-06
4629,4628,,,37.0,31,True,False,True,False,success,,5,0.12067999999991022,epsilon_greedy,,327632,,,,,,,5.403764158061799e-06
4630,4629,,,37.5,30,True,False,True,False,success,,5,0.12048999999991022,epsilon_greedy,,327662,,,,,,,1.87317762486335e-08
4631,4630,,,37.5,30,True,False,True,False,success,,5,0.12029999999991023,epsilon_greedy,,327692,,,,,,,1.4891791503638766e-14
4632,4631,,,35.0,35,True,False,True,False,success,,5,0.12010999999991023,epsilon_greedy,,327727,,,,,,,1.0223218081608008e-09
4633,4632,,,36.0,33,True,False,True,False,success,,5,0.11991999999991024,epsilon_greedy,,327760,,,,,,,3.135255891916312e-06
4634,4633,,,36.0,33,True,False,True,False,success,,5,0.11972999999991024,epsilon_greedy,,327793,,,,,,,1.626330821423817e-05
4635,4634,,,38.0,29,True,False,True,False,success,,5,0.11953999999991025,epsilon_greedy,,327822,,,,,,,2.1195614200633556e-05
4636,4635,,,36.5,32,True,False,True,False,success,,5,0.11934999999991025,epsilon_greedy,,327854,,,,,,,1.867950238931826e-14
4637,4636,,,36.0,33,True,False,True,False,success,,5,0.11915999999991025,epsilon_greedy,,327887,,,,,,,0.00017270616149130913
4638,4637,,,35.0,35,True,False,True,False,success,,5,0.11896999999991026,epsilon_greedy,,327922,,,,,,,4.542398203609212e-14
4639,4638,,,37.0,31,True,False,True,False,success,,5,0.11877999999991026,epsilon_greedy,,327953,,,,,,,6.3160921967833e-06
4640,4639,,,38.0,29,True,False,True,False,success,,5,0.11858999999991027,epsilon_greedy,,327982,,,,,,,1.1240051035515378e-14
4641,4640,,,37.0,31,True,False,True,False,success,,5,0.11839999999991027,epsilon_greedy,,328013,,,,,,,1.0744093786695064e-14
4642,4641,,,34.0,37,True,False,True,False,success,,5,0.11820999999991028,epsilon_greedy,,328050,,,,,,,2.820566603101749e-14
4643,4642,,,37.5,30,True,False,True,False,success,,5,0.11801999999991028,epsilon_greedy,,328080,,,,,,,1.0539717247108153e-14
4644,4643,,,35.0,35,True,False,True,False,success,,5,0.11782999999991028,epsilon_greedy,,328115,,,,,,,6.194544203046755e-06
4645,4644,,,38.0,29,True,False,True,False,success,,5,0.11763999999991029,epsilon_greedy,,328144,,,,,,,1.0413126299932502e-14
4646,4645,,,39.0,27,True,False,True,False,success,,5,0.11744999999991029,epsilon_greedy,,328171,,,,,,,3.0757289719245074e-14
4647,4646,,,34.0,37,True,False,True,False,success,,5,0.1172599999999103,epsilon_greedy,,328208,,,,,,,4.297691565605936e-05
4648,4647,,,35.0,35,True,False,True,False,success,,5,0.1170699999999103,epsilon_greedy,,328243,,,,,,,8.847961277069772e-06
4649,4648,,,39.0,27,True,False,True,False,success,,5,0.1168799999999103,epsilon_greedy,,328270,,,,,,,2.6093912860220207e-05
4650,4649,,,36.5,32,True,False,True,False,success,,5,0.11668999999991031,epsilon_greedy,,328302,,,,,,,4.480703878290138e-06
4651,4650,,,34.0,37,True,False,True,False,success,,5,0.11649999999991031,epsilon_greedy,,328339,,,,,,,3.605990610351624e-06
4652,4651,,,38.0,29,True,False,True,False,success,,5,0.11630999999991032,epsilon_greedy,,328368,,,,,,,1.1240051035515378e-14
4653,4652,,,37.5,30,True,False,True,False,success,,5,0.11611999999991032,epsilon_greedy,,328398,,,,,,,3.3602750211988073e-14
4654,4653,,,39.0,27,True,False,True,False,success,,5,0.11592999999991033,epsilon_greedy,,328425,,,,,,,1.0756827527479294e-14
4655,4654,,,39.0,27,True,False,True,False,success,,5,0.11573999999991033,epsilon_greedy,,328452,,,,,,,1.0756827527479294e-14
4656,4655,,,38.0,29,True,False,True,False,success,,5,0.11554999999991034,epsilon_greedy,,328481,,,,,,,1.0290618931698003e-14
4657,4656,,,37.5,30,True,False,True,False,success,,5,0.11535999999991034,epsilon_greedy,,328511,,,,,,,5.873965759809844e-06
4658,4657,,,38.5,28,True,False,True,False,success,,5,0.11516999999991034,epsilon_greedy,,328539,,,,,,,1.0626420378555069e-14
4659,4658,,,38.0,29,True,False,True,False,success,,5,0.11497999999991035,epsilon_greedy,,328568,,,,,,,4.140671685893865e-06
4660,4659,,,37.0,31,True,False,True,False,success,,5,0.11478999999991035,epsilon_greedy,,328599,,,,,,,2.8441765072139174e-13
4661,4660,,,37.0,31,True,False,True,False,success,,5,0.11459999999991036,epsilon_greedy,,328630,,,,,,,1.0636220320922149e-05
4662,4661,,,37.0,31,True,False,True,False,success,,5,0.11440999999991036,epsilon_greedy,,328661,,,,,,,1.1603621289630668e-14
4663,4662,,,32.5,40,True,False,True,False,success,,5,0.11421999999991037,epsilon_greedy,,328701,,,,,,,3.793676484065145e-12
4664,4663,,,38.5,28,True,False,True,False,success,,5,0.11402999999991037,epsilon_greedy,,328729,,,,,,,1.2212453270876722e-14
4665,4664,,,38.5,28,True,False,True,False,success,,5,0.11383999999991037,epsilon_greedy,,328757,,,,,,,1.0880185641326534e-14
4666,4665,,,37.5,30,True,False,True,False,success,,5,0.11364999999991038,epsilon_greedy,,328787,,,,,,,6.200357645121576e-06
4667,4666,,,37.0,31,True,False,True,False,success,,5,0.11345999999991038,epsilon_greedy,,328818,,,,,,,3.9223105050628113e-14
4668,4667,,,37.0,31,True,False,True,False,success,,5,0.11326999999991039,epsilon_greedy,,328849,,,,,,,1.66420975351721e-08
4669,4668,,,38.5,28,True,False,True,False,success,,5,0.11307999999991039,epsilon_greedy,,328877,,,,,,,1.0531258405015771e-14
4670,4669,,,38.0,29,True,False,True,False,success,,5,0.1128899999999104,epsilon_greedy,,328906,,,,,,,9.294874738605991e-06
4671,4670,,,37.0,31,True,False,True,False,success,,5,0.1126999999999104,epsilon_greedy,,328937,,,,,,,2.0891681216536168e-10
4672,4671,,,38.0,29,True,False,True,False,success,,5,0.1125099999999104,epsilon_greedy,,328966,,,,,,,2.009930919018251e-10
4673,4672,,,37.0,31,True,False,True,False,success,,5,0.11231999999991041,epsilon_greedy,,328997,,,,,,,1.1660923123159709e-14
4674,4673,,,35.0,35,True,False,True,False,success,,5,0.11212999999991041,epsilon_greedy,,329032,,,,,,,1.0759647141510088e-14
4675,4674,,,36.0,33,True,False,True,False,success,,5,0.11193999999991042,epsilon_greedy,,329065,,,,,,,2.709436381785655e-06
4676,4675,,,37.0,31,True,False,True,False,success,,5,0.11174999999991042,epsilon_greedy,,329096,,,,,,,9.683374618281315e-08
4677,4676,,,36.5,32,True,False,True,False,success,,5,0.11155999999991043,epsilon_greedy,,329128,,,,,,,1.72876728327942e-05
4678,4677,,,38.0,29,True,False,True,False,success,,5,0.11136999999991043,epsilon_greedy,,329157,,,,,,,1.687538997430238e-14
4679,4678,,,38.5,28,True,False,True,False,success,,5,0.11117999999991043,epsilon_greedy,,329185,,,,,,,1.005028675837849e-07
4680,4679,,,36.0,33,True,False,True,False,success,,5,0.11098999999991044,epsilon_greedy,,329218,,,,,,,8.996745557943838e-06
4681,4680,,,36.5,32,True,False,True,False,success,,5,0.11079999999991044,epsilon_greedy,,329250,,,,,,,1.0574874309554616e-14
4682,4681,,,36.0,33,True,False,True,False,success,,5,0.11060999999991045,epsilon_greedy,,329283,,,,,,,6.809294766371121e-06
4683,4682,,,36.5,32,True,False,True,False,success,,5,0.11041999999991045,epsilon_greedy,,329315,,,,,,,8.65023269150389e-06
4684,4683,,,37.0,31,True,False,True,False,success,,5,0.11022999999991046,epsilon_greedy,,329346,,,,,,,1.7964124811354146e-14
4685,4684,,,38.0,29,True,False,True,False,success,,5,0.11003999999991046,epsilon_greedy,,329375,,,,,,,1.0413126299932502e-14
4686,4685,,,37.5,30,True,False,True,False,success,,5,0.10984999999991046,epsilon_greedy,,329405,,,,,,,0.00016360581267997886
4687,4686,,,38.5,28,True,False,True,False,success,,5,0.10965999999991047,epsilon_greedy,,329433,,,,,,,9.60555533113805e-07
4688,4687,,,35.0,35,True,False,True,False,success,,5,0.10946999999991047,epsilon_greedy,,329468,,,,,,,3.876814808455111e-06
4689,4688,,,39.0,27,True,False,True,False,success,,5,0.10927999999991048,epsilon_greedy,,329495,,,,,,,1.0756827527479294e-14
4690,4689,,,37.0,31,True,False,True,False,success,,5,0.10908999999991048,epsilon_greedy,,329526,,,,,,,1.0973301120811225e-14
4691,4690,,,37.0,31,True,False,True,False,success,,5,0.10889999999991049,epsilon_greedy,,329557,,,,,,,1.555744780313445e-14
4692,4691,,,38.0,29,True,False,True,False,success,,5,0.10870999999991049,epsilon_greedy,,329586,,,,,,,8.346896370403262e-07
4693,4692,,,36.0,33,True,False,True,False,success,,5,0.1085199999999105,epsilon_greedy,,329619,,,,,,,0.004831077632575636
4694,4693,,,35.5,34,True,False,True,False,success,,5,0.1083299999999105,epsilon_greedy,,329653,,,,,,,3.6447933281959795e-06
4695,4694,,,37.5,30,True,False,True,False,success,,5,0.1081399999999105,epsilon_greedy,,329683,,,,,,,1.4773367714345416e-14
4696,4695,,,37.0,31,True,False,True,False,success,,5,0.1079499999999105,epsilon_greedy,,329714,,,,,,,1.6925646547399025e-10
4697,4696,,,39.0,27,True,False,True,False,success,,5,0.10775999999991051,epsilon_greedy,,329741,,,,,,,1.0756827527479294e-14
4698,4697,,,36.5,32,True,False,True,False,success,,5,0.10756999999991051,epsilon_greedy,,329773,,,,,,,5.275745262628417e-06
4699,4698,,,38.0,29,True,False,True,False,success,,5,0.10737999999991052,epsilon_greedy,,329802,,,,,,,1.5650316291957378e-14
4700,4699,,,38.0,29,True,False,True,False,success,,5,0.10718999999991052,epsilon_greedy,,329831,,,,,,,1.0719394720518753e-14
4701,4700,,,36.0,33,True,False,True,False,success,,5,0.10699999999991053,epsilon_greedy,,329864,,,,,,,1.5349931407565072e-06
4702,4701,,,38.5,28,True,False,True,False,success,,5,0.10680999999991053,epsilon_greedy,,329892,,,,,,,8.664151096412656e-06
4703,4702,,,37.0,31,True,False,True,False,success,,5,0.10661999999991054,epsilon_greedy,,329923,,,,,,,2.2319607925310486e-08
4704,4703,,,35.0,35,True,False,True,False,success,,5,0.10642999999991054,epsilon_greedy,,329958,,,,,,,2.4247676349834334e-06
4705,4704,,,38.0,29,True,False,True,False,success,,5,0.10623999999991054,epsilon_greedy,,329987,,,,,,,2.7656038378938382e-14
4706,4705,,,39.0,27,True,False,True,False,success,,5,0.10604999999991055,epsilon_greedy,,330014,,,,,,,1.0756827527479294e-14
4707,4706,,,37.0,31,True,False,True,False,success,,5,0.10585999999991055,epsilon_greedy,,330045,,,,,,,5.156064032962512e-06
4708,4707,,,37.0,31,True,False,True,False,success,,5,0.10566999999991056,epsilon_greedy,,330076,,,,,,,1.5230761454910363e-10
4709,4708,,,36.0,33,True,False,True,False,success,,5,0.10547999999991056,epsilon_greedy,,330109,,,,,,,4.8308885942043904e-08
4710,4709,,,39.0,27,True,False,True,False,success,,5,0.10528999999991057,epsilon_greedy,,330136,,,,,,,1.0756827527479294e-14
4711,4710,,,37.5,30,True,False,True,False,success,,5,0.10509999999991057,epsilon_greedy,,330166,,,,,,,4.142484740269718e-06
4712,4711,,,36.5,32,True,False,True,False,success,,5,0.10490999999991057,epsilon_greedy,,330198,,,,,,,6.702971511174383e-14
4713,4712,,,36.5,32,True,False,True,False,success,,5,0.10471999999991058,epsilon_greedy,,330230,,,,,,,0.00020054770435692926
4714,4713,,,36.0,33,True,False,True,False,success,,5,0.10452999999991058,epsilon_greedy,,330263,,,,,,,0.022492714375429414
4715,4714,,,35.5,34,True,False,True,False,success,,5,0.10433999999991059,epsilon_greedy,,330297,,,,,,,5.9265924194395375e-09
4716,4715,,,37.0,31,True,False,True,False,success,,5,0.10414999999991059,epsilon_greedy,,330328,,,,,,,1.6302371639011977e-14
4717,4716,,,39.0,27,True,False,True,False,success,,5,0.1039599999999106,epsilon_greedy,,330355,,,,,,,1.0756827527479294e-14
4718,4717,,,36.0,33,True,False,True,False,success,,5,0.1037699999999106,epsilon_greedy,,330388,,,,,,,1.5092919123167526e-05
4719,4718,,,38.5,28,True,False,True,False,success,,5,0.1035799999999106,epsilon_greedy,,330416,,,,,,,1.4559781951512767e-14
4720,4719,,,35.0,35,True,False,True,False,success,,5,0.10338999999991061,epsilon_greedy,,330451,,,,,,,1.481026316442678e-07
4721,4720,,,37.0,31,True,False,True,False,success,,5,0.10319999999991061,epsilon_greedy,,330482,,,,,,,4.889628545984829e-06
4722,4721,,,38.5,28,True,False,True,False,success,,5,0.10300999999991062,epsilon_greedy,,330510,,,,,,,1.0531258405015771e-14
4723,4722,,,38.5,28,True,False,True,False,success,,5,0.10281999999991062,epsilon_greedy,,330538,,,,,,,1.0880185641326534e-14
4724,4723,,,38.5,28,True,False,True,False,success,,5,0.10262999999991063,epsilon_greedy,,330566,,,,,,,1.1007068272712266e-14
4725,4724,,,35.0,35,True,False,True,False,success,,5,0.10243999999991063,epsilon_greedy,,330601,,,,,,,0.00013178091584961242
4726,4725,,,38.0,29,True,False,True,False,success,,5,0.10224999999991063,epsilon_greedy,,330630,,,,,,,1.0259992089639377e-14
4727,4726,,,39.0,27,True,False,True,False,success,,5,0.10205999999991064,epsilon_greedy,,330657,,,,,,,1.0756827527479294e-14
4728,4727,,,36.0,33,True,False,True,False,success,,5,0.10186999999991064,epsilon_greedy,,330690,,,,,,,1.2165352900135049e-14
4729,4728,,,38.5,28,True,False,True,False,success,,5,0.10167999999991065,epsilon_greedy,,330718,,,,,,,1.0626420378555069e-14
4730,4729,,,38.0,29,True,False,True,False,success,,5,0.10148999999991065,epsilon_greedy,,330747,,,,,,,4.757052989071812e-12
4731,4730,,,36.5,32,True,False,True,False,success,,5,0.10129999999991066,epsilon_greedy,,330779,,,,,,,0.00027470827749223603
4732,4731,,,35.0,35,True,False,True,False,success,,5,0.10110999999991066,epsilon_greedy,,330814,,,,,,,6.436023305589344e-06
4733,4732,,,36.0,33,True,False,True,False,success,,5,0.10091999999991066,epsilon_greedy,,330847,,,,,,,0.00012444730459269172
4734,4733,,,38.0,29,True,False,True,False,success,,5,0.10072999999991067,epsilon_greedy,,330876,,,,,,,6.679109337665215e-06
4735,4734,,,39.0,27,True,False,True,False,success,,5,0.10053999999991067,epsilon_greedy,,330903,,,,,,,1.0756827527479294e-14
4736,4735,,,39.0,27,True,False,True,False,success,,5,0.10034999999991068,epsilon_greedy,,330930,,,,,,,1.0756827527479294e-14
4737,4736,,,34.5,36,True,False,True,False,success,,5,0.10015999999991068,epsilon_greedy,,330966,,,,,,,1.244724246896034e-05
4738,4737,,,39.0,27,True,False,True,False,success,,5,0.09996999999991069,epsilon_greedy,,330993,,,,,,,1.0756827527479294e-14
4739,4738,,,37.0,31,True,False,True,False,success,,5,0.09977999999991069,epsilon_greedy,,331024,,,,,,,2.5508674848392474e-07
4740,4739,,,37.0,31,True,False,True,False,success,,5,0.0995899999999107,epsilon_greedy,,331055,,,,,,,3.5454096672687055e-06
4741,4740,,,35.5,34,True,False,True,False,success,,5,0.0993999999999107,epsilon_greedy,,331089,,,,,,,6.496155901960902e-06
4742,4741,,,37.5,30,True,False,True,False,success,,5,0.0992099999999107,epsilon_greedy,,331119,,,,,,,1.1457501614131616e-14
4743,4742,,,38.0,29,True,False,True,False,success,,5,0.09901999999991071,epsilon_greedy,,331148,,,,,,,1.033655919478594e-14
4744,4743,,,37.5,30,True,False,True,False,success,,5,0.09882999999991071,epsilon_greedy,,331178,,,,,,,1.0510111299784816e-14
4745,4744,,,37.5,30,True,False,True,False,success,,5,0.09863999999991072,epsilon_greedy,,331208,,,,,,,1.3442894397197591e-05
4746,4745,,,36.0,33,True,False,True,False,success,,5,0.09844999999991072,epsilon_greedy,,331241,,,,,,,1.4904747873622387e-09
4747,4746,,,38.0,29,True,False,True,False,success,,5,0.09825999999991072,epsilon_greedy,,331270,,,,,,,1.2128229455215503e-14
4748,4747,,,38.0,29,True,False,True,False,success,,5,0.09806999999991073,epsilon_greedy,,331299,,,,,,,6.31831751669434e-14
4749,4748,,,38.0,29,True,False,True,False,success,,5,0.09787999999991073,epsilon_greedy,,331328,,,,,,,2.961615627069038e-14
4750,4749,,,39.0,27,True,False,True,False,success,,5,0.09768999999991074,epsilon_greedy,,331355,,,,,,,1.0756827527479294e-14
4751,4750,,,36.5,32,True,False,True,False,success,,5,0.09749999999991074,epsilon_greedy,,331387,,,,,,,7.648608413290958e-10
4752,4751,,,38.0,29,True,False,True,False,success,,5,0.09730999999991075,epsilon_greedy,,331416,,,,,,,7.595868149027849e-10
4753,4752,,,38.0,29,True,False,True,False,success,,5,0.09711999999991075,epsilon_greedy,,331445,,,,,,,1.3187523104181373e-10
4754,4753,,,38.0,29,True,False,True,False,success,,5,0.09692999999991075,epsilon_greedy,,331474,,,,,,,1.251579823268523e-05
4755,4754,,,38.5,28,True,False,True,False,success,,5,0.09673999999991076,epsilon_greedy,,331502,,,,,,,5.084821452783217e-14
4756,4755,,,38.0,29,True,False,True,False,success,,5,0.09654999999991076,epsilon_greedy,,331531,,,,,,,1.1117543667280878e-14
4757,4756,,,36.0,33,True,False,True,False,success,,5,0.09635999999991077,epsilon_greedy,,331564,,,,,,,2.2489748694185048e-06
4758,4757,,,37.5,30,True,False,True,False,success,,5,0.09616999999991077,epsilon_greedy,,331594,,,,,,,1.0628535089078165e-14
4759,4758,,,38.5,28,True,False,True,False,success,,5,0.09597999999991078,epsilon_greedy,,331622,,,,,,,2.5840890168295416e-06
4760,4759,,,37.0,31,True,False,True,False,success,,5,0.09578999999991078,epsilon_greedy,,331653,,,,,,,7.843533702104225e-08
4761,4760,,,38.0,29,True,False,True,False,success,,5,0.09559999999991078,epsilon_greedy,,331682,,,,,,,1.5772823660191878e-14
4762,4761,,,33.0,39,True,False,True,False,success,,5,0.09540999999991079,epsilon_greedy,,331721,,,,,,,6.146650140437533e-14
4763,4762,,,38.0,29,True,False,True,False,success,,5,0.09521999999991079,epsilon_greedy,,331750,,,,,,,3.726604518336603e-06
4764,4763,,,36.5,32,True,False,True,False,success,,5,0.0950299999999108,epsilon_greedy,,331782,,,,,,,6.84478878298922e-08
4765,4764,,,37.5,30,True,False,True,False,success,,5,0.0948399999999108,epsilon_greedy,,331812,,,,,,,2.2264850967642265e-06
4766,4765,,,38.5,28,True,False,True,False,success,,5,0.0946499999999108,epsilon_greedy,,331840,,,,,,,2.325680116202885e-06
4767,4766,,,38.0,29,True,False,True,False,success,,5,0.09445999999991081,epsilon_greedy,,331869,,,,,,,1.0750021562577378e-14
4768,4767,,,35.0,35,True,False,True,False,success,,5,0.09426999999991081,epsilon_greedy,,331904,,,,,,,2.0334058515710955e-07
4769,4768,,,36.0,33,True,False,True,False,success,,5,0.09407999999991082,epsilon_greedy,,331937,,,,,,,0.014644721318091823
4770,4769,,,38.0,29,True,False,True,False,success,,5,0.09388999999991082,epsilon_greedy,,331966,,,,,,,2.6063442591889882e-14
4771,4770,,,39.0,27,True,False,True,False,success,,5,0.09369999999991083,epsilon_greedy,,331993,,,,,,,1.0756827527479294e-14
4772,4771,,,36.5,32,True,False,True,False,success,,5,0.09350999999991083,epsilon_greedy,,332025,,,,,,,3.1450119889198103e-06
4773,4772,,,37.5,30,True,False,True,False,success,,5,0.09331999999991084,epsilon_greedy,,332055,,,,,,,6.608630975790674e-10
4774,4773,,,36.0,33,True,False,True,False,success,,5,0.09312999999991084,epsilon_greedy,,332088,,,,,,,3.4800445353704905e-14
4775,4774,,,36.0,33,True,False,True,False,success,,5,0.09293999999991084,epsilon_greedy,,332121,,,,,,,0.00011379579018227217
4776,4775,,,38.0,29,True,False,True,False,success,,5,0.09274999999991085,epsilon_greedy,,332150,,,,,,,4.3296247813016415e-12
4777,4776,,,37.0,31,True,False,True,False,success,,5,0.09255999999991085,epsilon_greedy,,332181,,,,,,,5.131379192525562e-14
4778,4777,,,37.0,31,True,False,True,False,success,,5,0.09236999999991086,epsilon_greedy,,332212,,,,,,,0.005992272213720866
4779,4778,,,37.5,30,True,False,True,False,success,,5,0.09217999999991086,epsilon_greedy,,332242,,,,,,,6.763605830813664e-06
4780,4779,,,37.0,31,True,False,True,False,success,,5,0.09198999999991087,epsilon_greedy,,332273,,,,,,,1.1489017622572588e-14
4781,4780,,,39.0,27,True,False,True,False,success,,5,0.09179999999991087,epsilon_greedy,,332300,,,,,,,1.0756827527479294e-14
4782,4781,,,37.0,31,True,False,True,False,success,,5,0.09160999999991087,epsilon_greedy,,332331,,,,,,,1.0056471784346579e-14
4783,4782,,,37.0,31,True,False,True,False,success,,5,0.09141999999991088,epsilon_greedy,,332362,,,,,,,2.9424491517162216e-14
4784,4783,,,37.0,31,True,False,True,False,success,,5,0.09122999999991088,epsilon_greedy,,332393,,,,,,,2.200390407515149e-14
4785,4784,,,37.0,31,True,False,True,False,success,,5,0.09103999999991089,epsilon_greedy,,332424,,,,,,,1.314934698903869e-06
4786,4785,,,38.0,29,True,False,True,False,success,,5,0.09084999999991089,epsilon_greedy,,332453,,,,,,,1.0229365247580753e-14
4787,4786,,,39.0,27,True,False,True,False,success,,5,0.0906599999999109,epsilon_greedy,,332480,,,,,,,1.0756827527479294e-14
4788,4787,,,38.0,29,True,False,True,False,success,,5,0.0904699999999109,epsilon_greedy,,332509,,,,,,,1.1240051035515378e-14
4789,4788,,,37.0,31,True,False,True,False,success,,5,0.0902799999999109,epsilon_greedy,,332540,,,,,,,2.5954865496978823e-13
4790,4789,,,38.5,28,True,False,True,False,success,,5,0.09008999999991091,epsilon_greedy,,332568,,,,,,,2.146967771026504e-06
4791,4790,,,38.0,29,True,False,True,False,success,,5,0.08989999999991091,epsilon_greedy,,332597,,,,,,,8.94327365313344e-06
4792,4791,,,38.0,29,True,False,True,False,success,,5,0.08970999999991092,epsilon_greedy,,332626,,,,,,,1.0505006826108378e-14
4793,4792,,,38.0,29,True,False,True,False,success,,5,0.08951999999991092,epsilon_greedy,,332655,,,,,,,5.013614044996914e-14
4794,4793,,,36.5,32,True,False,True,False,success,,5,0.08932999999991093,epsilon_greedy,,332687,,,,,,,1.8314730931001666e-06
4795,4794,,,37.5,30,True,False,True,False,success,,5,0.08913999999991093,epsilon_greedy,,332717,,,,,,,7.656099059113093e-06
4796,4795,,,37.0,31,True,False,True,False,success,,5,0.08894999999991093,epsilon_greedy,,332748,,,,,,,1.168957403992423e-14
4797,4796,,,36.0,33,True,False,True,False,success,,5,0.08875999999991094,epsilon_greedy,,332781,,,,,,,0.00010402120280390626
4798,4797,,,35.0,35,True,False,True,False,success,,5,0.08856999999991094,epsilon_greedy,,332816,,,,,,,2.835253974226808e-06
4799,4798,,,38.5,28,True,False,True,False,success,,5,0.08837999999991095,epsilon_greedy,,332844,,,,,,,1.0626420378555069e-14
4800,4799,,,35.5,34,True,False,True,False,success,,5,0.08818999999991095,epsilon_greedy,,332878,,,,,,,3.48622025527506e-06
4801,4800,,,37.0,31,True,False,True,False,success,,5,0.08799999999991096,epsilon_greedy,,332909,,,,,,,0.06981084503176367
4802,4801,,,38.5,28,True,False,True,False,success,,5,0.08780999999991096,epsilon_greedy,,332937,,,,,,,1.0689861694247937e-14
4803,4802,,,33.5,38,True,False,True,False,success,,5,0.08761999999991096,epsilon_greedy,,332975,,,,,,,6.363533449702997e-06
4804,4803,,,38.5,28,True,False,True,False,success,,5,0.08742999999991097,epsilon_greedy,,333003,,,,,,,1.3167772427991054e-08
4805,4804,,,38.0,29,True,False,True,False,success,,5,0.08723999999991097,epsilon_greedy,,333032,,,,,,,1.0321245773756628e-14
4806,4805,,,38.0,29,True,False,True,False,success,,5,0.08704999999991098,epsilon_greedy,,333061,,,,,,,1.1117543667280878e-14
4807,4806,,,39.0,27,True,False,True,False,success,,5,0.08685999999991098,epsilon_greedy,,333088,,,,,,,1.0756827527479294e-14
4808,4807,,,37.5,30,True,False,True,False,success,,5,0.08666999999991098,epsilon_greedy,,333118,,,,,,,1.8089233814559218e-14
4809,4808,,,38.0,29,True,False,True,False,success,,5,0.08647999999991099,epsilon_greedy,,333147,,,,,,,1.1117543667280878e-14
4810,4809,,,37.0,31,True,False,True,False,success,,5,0.086289999999911,epsilon_greedy,,333178,,,,,,,1.0772744703459583e-14
4811,4810,,,38.0,29,True,False,True,False,success,,5,0.086099999999911,epsilon_greedy,,333207,,,,,,,1.0259992089639377e-14
4812,4811,,,37.0,31,True,False,True,False,success,,5,0.085909999999911,epsilon_greedy,,333238,,,,,,,0.00010177020499938408
4813,4812,,,37.0,31,True,False,True,False,success,,5,0.085719999999911,epsilon_greedy,,333269,,,,,,,2.6100985172477873e-14
4814,4813,,,36.5,32,True,False,True,False,success,,5,0.08552999999991101,epsilon_greedy,,333301,,,,,,,6.020960116454033e-06
4815,4814,,,38.0,29,True,False,True,False,success,,5,0.08533999999991101,epsilon_greedy,,333330,,,,,,,3.940173857684166e-12
4816,4815,,,38.5,28,True,False,True,False,success,,5,0.08514999999991102,epsilon_greedy,,333358,,,,,,,1.0626420378555069e-14
4817,4816,,,38.5,28,True,False,True,False,success,,5,0.08495999999991102,epsilon_greedy,,333386,,,,,,,1.0626420378555069e-14
4818,4817,,,38.0,29,True,False,True,False,success,,5,0.08476999999991103,epsilon_greedy,,333415,,,,,,,1.0305932352727316e-14
4819,4818,,,39.0,27,True,False,True,False,success,,5,0.08457999999991103,epsilon_greedy,,333442,,,,,,,1.0756827527479294e-14
4820,4819,,,38.5,28,True,False,True,False,success,,5,0.08438999999991104,epsilon_greedy,,333470,,,,,,,1.0626420378555069e-14
4821,4820,,,37.5,30,True,False,True,False,success,,5,0.08419999999991104,epsilon_greedy,,333500,,,,,,,5.100683909583144e-06
4822,4821,,,36.0,33,True,False,True,False,success,,5,0.08400999999991104,epsilon_greedy,,333533,,,,,,,3.2364380053515807e-06
4823,4822,,,35.5,34,True,False,True,False,success,,5,0.08381999999991105,epsilon_greedy,,333567,,,,,,,7.079805349425741e-06
4824,4823,,,38.0,29,True,False,True,False,success,,5,0.08362999999991105,epsilon_greedy,,333596,,,,,,,1.0229365247580753e-14
4825,4824,,,37.0,31,True,False,True,False,success,,5,0.08343999999991106,epsilon_greedy,,333627,,,,,,,1.1431715789043547e-14
4826,4825,,,38.0,29,True,False,True,False,success,,5,0.08324999999991106,epsilon_greedy,,333656,,,,,,,1.4118974189026128e-14
4827,4826,,,38.0,29,True,False,True,False,success,,5,0.08305999999991107,epsilon_greedy,,333685,,,,,,,1.0566260510225627e-14
4828,4827,,,36.5,32,True,False,True,False,success,,5,0.08286999999991107,epsilon_greedy,,333717,,,,,,,9.392935308577544e-06
4829,4828,,,38.0,29,True,False,True,False,success,,5,0.08267999999991107,epsilon_greedy,,333746,,,,,,,2.324577312249638e-14
4830,4829,,,37.0,31,True,False,True,False,success,,5,0.08248999999991108,epsilon_greedy,,333777,,,,,,,2.8717818320643113e-06
4831,4830,,,36.5,32,True,False,True,False,success,,5,0.08229999999991108,epsilon_greedy,,333809,,,,,,,4.132805209167145e-14
4832,4831,,,38.5,28,True,False,True,False,success,,5,0.08210999999991109,epsilon_greedy,,333837,,,,,,,1.0880185641326534e-14
4833,4832,,,38.0,29,True,False,True,False,success,,5,0.08191999999991109,epsilon_greedy,,333866,,,,,,,3.866050626208086e-06
4834,4833,,,39.0,27,True,False,True,False,success,,5,0.0817299999999111,epsilon_greedy,,333893,,,,,,,1.0756827527479294e-14
4835,4834,,,39.0,27,True,False,True,False,success,,5,0.0815399999999111,epsilon_greedy,,333920,,,,,,,1.0756827527479294e-14
4836,4835,,,37.5,30,True,False,True,False,success,,5,0.0813499999999111,epsilon_greedy,,333950,,,,,,,2.6707571043912044e-06
4837,4836,,,36.0,33,True,False,True,False,success,,5,0.08115999999991111,epsilon_greedy,,333983,,,,,,,1.0550483046134821e-14
4838,4837,,,38.5,28,True,False,True,False,success,,5,0.08096999999991111,epsilon_greedy,,334011,,,,,,,1.0880185641326534e-14
4839,4838,,,37.0,31,True,False,True,False,success,,5,0.08077999999991112,epsilon_greedy,,334042,,,,,,,2.541336317012939e-14
4840,4839,,,36.5,32,True,False,True,False,success,,5,0.08058999999991112,epsilon_greedy,,334074,,,,,,,7.297586530979894e-06
4841,4840,,,38.0,29,True,False,True,False,success,,5,0.08039999999991113,epsilon_greedy,,334103,,,,,,,1.0750021562577378e-14
4842,4841,,,39.0,27,True,False,True,False,success,,5,0.08020999999991113,epsilon_greedy,,334130,,,,,,,1.0756827527479294e-14
4843,4842,,,34.0,37,True,False,True,False,success,,5,0.08001999999991113,epsilon_greedy,,334167,,,,,,,2.5216934779583147e-06
4844,4843,,,38.0,29,True,False,True,False,success,,5,0.07982999999991114,epsilon_greedy,,334196,,,,,,,1.0290618931698003e-14
4845,4844,,,38.0,29,True,False,True,False,success,,5,0.07963999999991114,epsilon_greedy,,334225,,,,,,,1.0259992089639377e-14
4846,4845,,,37.5,30,True,False,True,False,success,,5,0.07944999999991115,epsilon_greedy,,334255,,,,,,,1.0184445879228103e-14
4847,4846,,,38.0,29,True,False,True,False,success,,5,0.07925999999991115,epsilon_greedy,,334284,,,,,,,8.6569763899034e-06
4848,4847,,,38.0,29,True,False,True,False,success,,5,0.07906999999991116,epsilon_greedy,,334313,,,,,,,1.1240051035515378e-14
4849,4848,,,37.0,31,True,False,True,False,success,,5,0.07887999999991116,epsilon_greedy,,334344,,,,,,,1.019972636816918e-14
4850,4849,,,39.0,27,True,False,True,False,success,,5,0.07868999999991116,epsilon_greedy,,334371,,,,,,,1.0756827527479294e-14
4851,4850,,,38.0,29,True,False,True,False,success,,5,0.07849999999991117,epsilon_greedy,,334400,,,,,,,1.186887829397886e-10
4852,4851,,,33.5,38,True,False,True,False,success,,5,0.07830999999991117,epsilon_greedy,,334438,,,,,,,2.073267021337886e-06
4853,4852,,,38.5,28,True,False,True,False,success,,5,0.07811999999991118,epsilon_greedy,,334466,,,,,,,1.1007068272712266e-14
4854,4853,,,39.0,27,True,False,True,False,success,,5,0.07792999999991118,epsilon_greedy,,334493,,,,,,,1.0756827527479294e-14
4855,4854,,,37.0,31,True,False,True,False,success,,5,0.07773999999991119,epsilon_greedy,,334524,,,,,,,3.984371162894213e-06
4856,4855,,,36.0,33,True,False,True,False,success,,5,0.07754999999991119,epsilon_greedy,,334557,,,,,,,1.9916728199336143e-14
4857,4856,,,37.5,30,True,False,True,False,success,,5,0.0773599999999112,epsilon_greedy,,334587,,,,,,,1.0924594562311541e-14
4858,4857,,,37.0,31,True,False,True,False,success,,5,0.0771699999999112,epsilon_greedy,,334618,,,,,,,4.1744385725905886e-14
4859,4858,,,38.0,29,True,False,True,False,success,,5,0.0769799999999112,epsilon_greedy,,334647,,,,,,,1.027530551066869e-14
4860,4859,,,37.5,30,True,False,True,False,success,,5,0.07678999999991121,epsilon_greedy,,334677,,,,,,,4.0267890219010855e-06
4861,4860,,,39.0,27,True,False,True,False,success,,5,0.07659999999991121,epsilon_greedy,,334704,,,,,,,1.0756827527479294e-14
4862,4861,,,39.0,27,True,False,True,False,success,,5,0.07640999999991122,epsilon_greedy,,334731,,,,,,,1.0756827527479294e-14
4863,4862,,,39.0,27,True,False,True,False,success,,5,0.07621999999991122,epsilon_greedy,,334758,,,,,,,1.0756827527479294e-14
4864,4863,,,37.0,31,True,False,True,False,success,,5,0.07602999999991122,epsilon_greedy,,334789,,,,,,,3.2491205497269824e-06
4865,4864,,,38.5,28,True,False,True,False,success,,5,0.07583999999991123,epsilon_greedy,,334817,,,,,,,6.615650129271344e-06
4866,4865,,,38.0,29,True,False,True,False,success,,5,0.07564999999991123,epsilon_greedy,,334846,,,,,,,1.0566260510225627e-14
4867,4866,,,37.0,31,True,False,True,False,success,,5,0.07545999999991124,epsilon_greedy,,334877,,,,,,,1.7994737961505196e-06
4868,4867,,,36.0,33,True,False,True,False,success,,5,0.07526999999991124,epsilon_greedy,,334910,,,,,,,5.0977825211499335e-06
4869,4868,,,39.0,27,True,False,True,False,success,,5,0.07507999999991125,epsilon_greedy,,334937,,,,,,,1.0756827527479294e-14
4870,4869,,,38.0,29,True,False,True,False,success,,5,0.07488999999991125,epsilon_greedy,,334966,,,,,,,1.5264521294476442e-09
4871,4870,,,36.0,33,True,False,True,False,success,,5,0.07469999999991125,epsilon_greedy,,334999,,,,,,,8.843906142449756e-06
4872,4871,,,38.0,29,True,False,True,False,success,,5,0.07450999999991126,epsilon_greedy,,335028,,,,,,,1.1240051035515378e-14
4873,4872,,,39.0,27,True,False,True,False,success,,5,0.07431999999991126,epsilon_greedy,,335055,,,,,,,1.0756827527479294e-14
4874,4873,,,37.5,30,True,False,True,False,success,,5,0.07412999999991127,epsilon_greedy,,335085,,,,,,,1.0480505352461478e-14
4875,4874,,,38.0,29,True,False,True,False,success,,5,0.07393999999991127,epsilon_greedy,,335114,,,,,,,1.0290618931698003e-14
4876,4875,,,36.5,32,True,False,True,False,success,,5,0.07374999999991128,epsilon_greedy,,335146,,,,,,,1.1157741397482823e-14
4877,4876,,,38.0,29,True,False,True,False,success,,5,0.07355999999991128,epsilon_greedy,,335175,,,,,,,1.1362558403749877e-14
4878,4877,,,39.0,27,True,False,True,False,success,,5,0.07336999999991128,epsilon_greedy,,335202,,,,,,,1.0756827527479294e-14
4879,4878,,,37.0,31,True,False,True,False,success,,5,0.07317999999991129,epsilon_greedy,,335233,,,,,,,1.7014975844333438e-06
4880,4879,,,37.5,30,True,False,True,False,success,,5,0.07298999999991129,epsilon_greedy,,335263,,,,,,,1.8444505182439266e-14
4881,4880,,,36.0,33,True,False,True,False,success,,5,0.0727999999999113,epsilon_greedy,,335296,,,,,,,2.6276076972704465e-06
4882,4881,,,39.0,27,True,False,True,False,success,,5,0.0726099999999113,epsilon_greedy,,335323,,,,,,,1.0756827527479294e-14
4883,4882,,,39.0,27,True,False,True,False,success,,5,0.0724199999999113,epsilon_greedy,,335350,,,,,,,1.0756827527479294e-14
4884,4883,,,36.5,32,True,False,True,False,success,,5,0.07222999999991131,epsilon_greedy,,335382,,,,,,,1.0852430065710905e-14
4885,4884,,,39.0,27,True,False,True,False,success,,5,0.07203999999991131,epsilon_greedy,,335409,,,,,,,1.0756827527479294e-14
4886,4885,,,37.5,30,True,False,True,False,success,,5,0.07184999999991132,epsilon_greedy,,335439,,,,,,,4.04565270173407e-14
4887,4886,,,39.0,27,True,False,True,False,success,,5,0.07165999999991132,epsilon_greedy,,335466,,,,,,,1.0756827527479294e-14
4888,4887,,,35.0,35,True,False,True,False,success,,5,0.07146999999991133,epsilon_greedy,,335501,,,,,,,1.0074480932027135e-14
4889,4888,,,37.0,31,True,False,True,False,success,,5,0.07127999999991133,epsilon_greedy,,335532,,,,,,,1.0744093786695064e-14
4890,4889,,,39.0,27,True,False,True,False,success,,5,0.07108999999991134,epsilon_greedy,,335559,,,,,,,1.0756827527479294e-14
4891,4890,,,38.0,29,True,False,True,False,success,,5,0.07089999999991134,epsilon_greedy,,335588,,,,,,,1.0933782614929127e-14
4892,4891,,,39.0,27,True,False,True,False,success,,5,0.07070999999991134,epsilon_greedy,,335615,,,,,,,1.0756827527479294e-14
4893,4892,,,38.0,29,True,False,True,False,success,,5,0.07051999999991135,epsilon_greedy,,335644,,,,,,,2.091813312604088e-14
4894,4893,,,38.0,29,True,False,True,False,success,,5,0.07032999999991135,epsilon_greedy,,335673,,,,,,,6.807858223302249e-06
4895,4894,,,36.5,32,True,False,True,False,success,,5,0.07013999999991136,epsilon_greedy,,335705,,,,,,,0.019597231834122958
4896,4895,,,37.0,31,True,False,True,False,success,,5,0.06994999999991136,epsilon_greedy,,335736,,,,,,,2.5203364080757105e-06
4897,4896,,,39.0,27,True,False,True,False,success,,5,0.06975999999991137,epsilon_greedy,,335763,,,,,,,1.0756827527479294e-14
4898,4897,,,39.0,27,True,False,True,False,success,,5,0.06956999999991137,epsilon_greedy,,335790,,,,,,,1.0756827527479294e-14
4899,4898,,,36.5,32,True,False,True,False,success,,5,0.06937999999991137,epsilon_greedy,,335822,,,,,,,0.0023657108108880442
4900,4899,,,39.0,27,True,False,True,False,success,,5,0.06918999999991138,epsilon_greedy,,335849,,,,,,,1.0756827527479294e-14
4901,4900,,,39.0,27,True,False,True,False,success,,5,0.06899999999991138,epsilon_greedy,,335876,,,,,,,1.0756827527479294e-14
4902,4901,,,38.0,29,True,False,True,False,success,,5,0.06880999999991139,epsilon_greedy,,335905,,,,,,,1.51116918038045e-06
4903,4902,,,37.5,30,True,False,True,False,success,,5,0.06861999999991139,epsilon_greedy,,335935,,,,,,,1.0983806456958216e-14
4904,4903,,,35.5,34,True,False,True,False,success,,5,0.0684299999999114,epsilon_greedy,,335969,,,,,,,0.001790968996209831
4905,4904,,,38.0,29,True,False,True,False,success,,5,0.0682399999999114,epsilon_greedy,,335998,,,,,,,1.0596887352284253e-14
4906,4905,,,38.0,29,True,False,True,False,success,,5,0.0680499999999114,epsilon_greedy,,336027,,,,,,,1.3751452084322628e-14
4907,4906,,,35.0,35,True,False,True,False,success,,5,0.06785999999991141,epsilon_greedy,,336062,,,,,,,1.5454971565098675e-05
4908,4907,,,38.0,29,True,False,True,False,success,,5,0.06766999999991141,epsilon_greedy,,336091,,,,,,,1.0413126299932502e-14
4909,4908,,,36.0,33,True,False,True,False,success,,5,0.06747999999991142,epsilon_greedy,,336124,,,,,,,5.4072694401244545e-06
4910,4909,,,35.5,34,True,False,True,False,success,,5,0.06728999999991142,epsilon_greedy,,336158,,,,,,,4.41302783108434e-06
4911,4910,,,35.5,34,True,False,True,False,success,,5,0.06709999999991142,epsilon_greedy,,336192,,,,,,,2.159613985236779e-06
4912,4911,,,38.5,28,True,False,True,False,success,,5,0.06690999999991143,epsilon_greedy,,336220,,,,,,,1.1007068272712266e-14
4913,4912,,,37.5,30,True,False,True,False,success,,5,0.06671999999991143,epsilon_greedy,,336250,,,,,,,1.0391687510491465e-14
4914,4913,,,38.0,29,True,False,True,False,success,,5,0.06652999999991144,epsilon_greedy,,336279,,,,,,,1.0290618931698003e-14
4915,4914,,,39.0,27,True,False,True,False,success,,5,0.06633999999991144,epsilon_greedy,,336306,,,,,,,1.0756827527479294e-14
4916,4915,,,38.0,29,True,False,True,False,success,,5,0.06614999999991145,epsilon_greedy,,336335,,,,,,,1.1240051035515378e-14
4917,4916,,,38.0,29,True,False,True,False,success,,5,0.06595999999991145,epsilon_greedy,,336364,,,,,,,2.4275454223339824e-06
4918,4917,,,39.0,27,True,False,True,False,success,,5,0.06576999999991145,epsilon_greedy,,336391,,,,,,,1.0756827527479294e-14
4919,4918,,,38.0,29,True,False,True,False,success,,5,0.06557999999991146,epsilon_greedy,,336420,,,,,,,1.0505006826108378e-14
4920,4919,,,35.5,34,True,False,True,False,success,,5,0.06538999999991146,epsilon_greedy,,336454,,,,,,,5.2134126401547155e-08
4921,4920,,,39.0,27,True,False,True,False,success,,5,0.06519999999991147,epsilon_greedy,,336481,,,,,,,1.0756827527479294e-14
4922,4921,,,39.0,27,True,False,True,False,success,,5,0.06500999999991147,epsilon_greedy,,336508,,,,,,,1.0756827527479294e-14
4923,4922,,,37.0,31,True,False,True,False,success,,5,0.06481999999991148,epsilon_greedy,,336539,,,,,,,9.993041519721608e-11
4924,4923,,,37.0,31,True,False,True,False,success,,5,0.06462999999991148,epsilon_greedy,,336570,,,,,,,3.3544206838732566e-12
4925,4924,,,38.0,29,True,False,True,False,success,,5,0.06443999999991148,epsilon_greedy,,336599,,,,,,,1.0750021562577378e-14
4926,4925,,,35.0,35,True,False,True,False,success,,5,0.06424999999991149,epsilon_greedy,,336634,,,,,,,2.063111586332005e-14
4927,4926,,,36.5,32,True,False,True,False,success,,5,0.0640599999999115,epsilon_greedy,,336666,,,,,,,2.7748055987653064e-06
4928,4927,,,36.5,32,True,False,True,False,success,,5,0.0638699999999115,epsilon_greedy,,336698,,,,,,,6.773303672241715e-06
4929,4928,,,38.0,29,True,False,True,False,success,,5,0.0636799999999115,epsilon_greedy,,336727,,,,,,,1.0566260510225627e-14
4930,4929,,,38.5,28,True,False,True,False,success,,5,0.0634899999999115,epsilon_greedy,,336755,,,,,,,1.0689861694247937e-14
4931,4930,,,39.0,27,True,False,True,False,success,,5,0.06329999999991151,epsilon_greedy,,336782,,,,,,,1.0756827527479294e-14
4932,4931,,,39.0,27,True,False,True,False,success,,5,0.06310999999991151,epsilon_greedy,,336809,,,,,,,1.0756827527479294e-14
4933,4932,,,38.5,28,True,False,True,False,success,,5,0.06291999999991152,epsilon_greedy,,336837,,,,,,,1.0689861694247937e-14
4934,4933,,,38.0,29,True,False,True,False,success,,5,0.06272999999991152,epsilon_greedy,,336866,,,,,,,1.1117543667280878e-14
4935,4934,,,36.5,32,True,False,True,False,success,,5,0.06253999999991153,epsilon_greedy,,336898,,,,,,,4.4836700241468463e-08
4936,4935,,,39.0,27,True,False,True,False,success,,5,0.062349999999911525,epsilon_greedy,,336925,,,,,,,1.0756827527479294e-14
4937,4936,,,38.0,29,True,False,True,False,success,,5,0.06215999999991152,epsilon_greedy,,336954,,,,,,,4.488559242510348e-06
4938,4937,,,38.5,28,True,False,True,False,success,,5,0.06196999999991152,epsilon_greedy,,336982,,,,,,,4.822808947091417e-06
4939,4938,,,37.5,30,True,False,True,False,success,,5,0.06177999999991152,epsilon_greedy,,337012,,,,,,,5.317680823087774e-08
4940,4939,,,37.0,31,True,False,True,False,success,,5,0.061589999999911514,epsilon_greedy,,337043,,,,,,,6.107123608858631e-06
4941,4940,,,38.0,29,True,False,True,False,success,,5,0.06139999999991151,epsilon_greedy,,337072,,,,,,,1.993807418016488e-14
4942,4941,,,37.0,31,True,False,True,False,success,,5,0.06120999999991151,epsilon_greedy,,337103,,,,,,,4.2647413629255895e-09
4943,4942,,,37.5,30,True,False,True,False,success,,5,0.061019999999911506,epsilon_greedy,,337133,,,,,,,1.0302869668521452e-14
4944,4943,,,39.0,27,True,False,True,False,success,,5,0.060829999999911503,epsilon_greedy,,337160,,,,,,,1.0756827527479294e-14
4945,4944,,,38.5,28,True,False,True,False,success,,5,0.0606399999999115,epsilon_greedy,,337188,,,,,,,1.0626420378555069e-14
4946,4945,,,36.0,33,True,False,True,False,success,,5,0.0604499999999115,epsilon_greedy,,337221,,,,,,,1.1277174480434924e-14
4947,4946,,,38.0,29,True,False,True,False,success,,5,0.060259999999911495,epsilon_greedy,,337250,,,,,,,1.1240051035515378e-14
4948,4947,,,39.0,27,True,False,True,False,success,,5,0.06006999999991149,epsilon_greedy,,337277,,,,,,,1.0756827527479294e-14
4949,4948,,,34.5,36,True,False,True,False,success,,5,0.05987999999991149,epsilon_greedy,,337313,,,,,,,6.992828385602816e-06
4950,4949,,,37.5,30,True,False,True,False,success,,5,0.05968999999991149,epsilon_greedy,,337343,,,,,,,3.9405515887362223e-14
4951,4950,,,38.0,29,True,False,True,False,success,,5,0.059499999999911485,epsilon_greedy,,337372,,,,,,,1.1787643201762617e-07
4952,4951,,,39.0,27,True,False,True,False,success,,5,0.05930999999991148,epsilon_greedy,,337399,,,,,,,1.0756827527479294e-14
4953,4952,,,39.0,27,True,False,True,False,success,,5,0.05911999999991148,epsilon_greedy,,337426,,,,,,,1.0756827527479294e-14
4954,4953,,,37.5,30,True,False,True,False,success,,5,0.05892999999991148,epsilon_greedy,,337456,,,,,,,3.656334494432182e-14
4955,4954,,,37.5,30,True,False,True,False,success,,5,0.058739999999911474,epsilon_greedy,,337486,,,,,,,3.3548158615855546e-06
4956,4955,,,37.0,31,True,False,True,False,success,,5,0.05854999999991147,epsilon_greedy,,337517,,,,,,,9.97051903405302e-15
4957,4956,,,38.5,28,True,False,True,False,success,,5,0.05835999999991147,epsilon_greedy,,337545,,,,,,,1.0626420378555069e-14
4958,4957,,,37.5,30,True,False,True,False,success,,5,0.058169999999911466,epsilon_greedy,,337575,,,,,,,1.0924594562311541e-14
4959,4958,,,36.0,33,True,False,True,False,success,,5,0.057979999999911463,epsilon_greedy,,337608,,,,,,,8.908972753296496e-06
4960,4959,,,38.0,29,True,False,True,False,success,,5,0.05778999999991146,epsilon_greedy,,337637,,,,,,,1.895801523428888e-14
4961,4960,,,39.0,27,True,False,True,False,success,,5,0.05759999999991146,epsilon_greedy,,337664,,,,,,,1.0756827527479294e-14
4962,4961,,,39.0,27,True,False,True,False,success,,5,0.057409999999911455,epsilon_greedy,,337691,,,,,,,1.0756827527479294e-14
4963,4962,,,39.0,27,True,False,True,False,success,,5,0.05721999999991145,epsilon_greedy,,337718,,,,,,,1.0756827527479294e-14
4964,4963,,,39.0,27,True,False,True,False,success,,5,0.05702999999991145,epsilon_greedy,,337745,,,,,,,1.0756827527479294e-14
4965,4964,,,39.0,27,True,False,True,False,success,,5,0.05683999999991145,epsilon_greedy,,337772,,,,,,,1.0756827527479294e-14
4966,4965,,,37.0,31,True,False,True,False,success,,5,0.056649999999911445,epsilon_greedy,,337803,,,,,,,1.1259810288456427e-14
4967,4966,,,39.0,27,True,False,True,False,success,,5,0.05645999999991144,epsilon_greedy,,337830,,,,,,,1.0756827527479294e-14
4968,4967,,,38.0,29,True,False,True,False,success,,5,0.05626999999991144,epsilon_greedy,,337859,,,,,,,1.3600522633929056e-06
4969,4968,,,39.0,27,True,False,True,False,success,,5,0.05607999999991144,epsilon_greedy,,337886,,,,,,,1.0756827527479294e-14
4970,4969,,,36.5,32,True,False,True,False,success,,5,0.055889999999911434,epsilon_greedy,,337918,,,,,,,2.195466031196247e-14
4971,4970,,,37.0,31,True,False,True,False,success,,5,0.05569999999991143,epsilon_greedy,,337949,,,,,,,3.838268513059193e-09
4972,4971,,,39.0,27,True,False,True,False,success,,5,0.05550999999991143,epsilon_greedy,,337976,,,,,,,1.0756827527479294e-14
4973,4972,,,39.0,27,True,False,True,False,success,,5,0.055319999999911426,epsilon_greedy,,338003,,,,,,,1.0756827527479294e-14
4974,4973,,,39.0,27,True,False,True,False,success,,5,0.05512999999991142,epsilon_greedy,,338030,,,,,,,1.0756827527479294e-14
4975,4974,,,36.0,33,True,False,True,False,success,,5,0.05493999999991142,epsilon_greedy,,338063,,,,,,,2.3058777678117233e-06
4976,4975,,,37.0,31,True,False,True,False,success,,5,0.05474999999991142,epsilon_greedy,,338094,,,,,,,8.535370662899495e-06
4977,4976,,,37.0,31,True,False,True,False,success,,5,0.054559999999911415,epsilon_greedy,,338125,,,,,,,3.4544654162283635e-09
4978,4977,,,39.0,27,True,False,True,False,success,,5,0.05436999999991141,epsilon_greedy,,338152,,,,,,,1.0756827527479294e-14
4979,4978,,,37.5,30,True,False,True,False,success,,5,0.05417999999991141,epsilon_greedy,,338182,,,,,,,1.0184445879228103e-14
4980,4979,,,37.5,30,True,False,True,False,success,,5,0.05398999999991141,epsilon_greedy,,338212,,,,,,,1.868151177456904e-08
4981,4980,,,39.0,27,True,False,True,False,success,,5,0.053799999999911405,epsilon_greedy,,338239,,,,,,,1.0756827527479294e-14
4982,4981,,,39.0,27,True,False,True,False,success,,5,0.0536099999999114,epsilon_greedy,,338266,,,,,,,1.0756827527479294e-14
4983,4982,,,37.0,31,True,False,True,False,success,,5,0.0534199999999114,epsilon_greedy,,338297,,,,,,,5.423618543523668e-14
4984,4983,,,39.0,27,True,False,True,False,success,,5,0.0532299999999114,epsilon_greedy,,338324,,,,,,,1.0756827527479294e-14
4985,4984,,,38.0,29,True,False,True,False,success,,5,0.053039999999911394,epsilon_greedy,,338353,,,,,,,1.0413126299932502e-14
4986,4985,,,38.0,29,True,False,True,False,success,,5,0.05284999999991139,epsilon_greedy,,338382,,,,,,,1.0259992089639377e-14
4987,4986,,,38.0,29,True,False,True,False,success,,5,0.05265999999991139,epsilon_greedy,,338411,,,,,,,1.1117543667280878e-14
4988,4987,,,37.0,31,True,False,True,False,success,,5,0.052469999999911386,epsilon_greedy,,338442,,,,,,,4.165776019478486e-08
4989,4988,,,39.0,27,True,False,True,False,success,,5,0.05227999999991138,epsilon_greedy,,338469,,,,,,,1.0756827527479294e-14
4990,4989,,,39.0,27,True,False,True,False,success,,5,0.05208999999991138,epsilon_greedy,,338496,,,,,,,1.0756827527479294e-14
4991,4990,,,36.5,32,True,False,True,False,success,,5,0.05189999999991138,epsilon_greedy,,338528,,,,,,,1.607047828144914e-14
4992,4991,,,38.0,29,True,False,True,False,success,,5,0.051709999999911375,epsilon_greedy,,338557,,,,,,,3.6255876163975067e-06
4993,4992,,,37.0,31,True,False,True,False,success,,5,0.05151999999991137,epsilon_greedy,,338588,,,,,,,2.13174799604702e-06
4994,4993,,,38.5,28,True,False,True,False,success,,5,0.05132999999991137,epsilon_greedy,,338616,,,,,,,1.801431546790054e-08
4995,4994,,,39.0,27,True,False,True,False,success,,5,0.05113999999991137,epsilon_greedy,,338643,,,,,,,1.0756827527479294e-14
4996,4995,,,38.0,29,True,False,True,False,success,,5,0.050949999999911365,epsilon_greedy,,338672,,,,,,,1.663037523783338e-14
4997,4996,,,37.0,31,True,False,True,False,success,,5,0.05075999999991136,epsilon_greedy,,338703,,,,,,,1.495577855107953e-14
4998,4997,,,39.0,27,True,False,True,False,success,,5,0.05056999999991136,epsilon_greedy,,338730,,,,,,,1.0756827527479294e-14
4999,4998,,,37.0,31,True,False,True,False,success,,5,0.05037999999991136,epsilon_greedy,,338761,,,,,,,1.1317112121985467e-14
5000,4999,,,37.5,30,True,False,True,False,success,,5,0.050189999999911354,epsilon_greedy,,338791,,,,,,,2.069455717901292e-14
