episode,seed,algorithm,scenario,reward,length,success,collision,terminated,truncated,termination_reason,final_distance,flags_collected,epsilon,exploration_mode,random_action_steps,environment_steps,critic_updates,actor_updates,critic_loss,actor_loss,alpha_loss,alpha,td_error
1,0,,,-157.52030154130932,176,False,True,True,False,collision,9.667187690734863,,,uniform_warmup,176,176,0,0,,,,,
2,1,,,-120.39556162375541,127,False,True,True,False,collision,8.48930549621582,,,uniform_warmup,127,303,0,0,,,,,
3,2,,,-122.2277776976478,45,False,True,True,False,collision,10.856535911560059,,,uniform_warmup,45,348,0,0,,,,,
4,3,,,-109.5719729864413,26,False,True,True,False,collision,10.471500396728516,,,uniform_warmup,26,374,0,0,,,,,
5,4,,,-179.01208806452325,277,False,True,True,False,collision,8.465948104858398,,,uniform_warmup,277,651,0,0,,,,,
6,5,,,-125.25036985359421,46,False,True,True,False,collision,11.112899780273438,,,uniform_warmup,46,697,0,0,,,,,
7,6,,,-241.13096818168972,414,False,True,True,False,collision,8.97140121459961,,,uniform_warmup,414,1111,0,0,,,,,
8,7,,,-162.07661646853342,350,False,True,True,False,collision,5.651692867279053,,,uniform_warmup,350,1461,0,0,,,,,
9,8,,,-262.7855332351485,441,False,True,True,False,collision,10.318848609924316,,,uniform_warmup,441,1902,0,0,,,,,
10,9,,,-189.4071167641976,313,False,True,True,False,collision,8.682499885559082,,,uniform_warmup,313,2215,0,0,,,,,
11,10,,,-214.88055600621027,356,False,True,True,False,collision,8.678702354431152,,,uniform_warmup,356,2571,0,0,,,,,
12,11,,,-134.81864190780368,131,False,True,True,False,collision,9.45687484741211,,,uniform_warmup,131,2702,0,0,,,,,
13,12,,,-164.19201844206304,216,False,True,True,False,collision,9.068655967712402,,,uniform_warmup,216,2918,0,0,,,,,
14,13,,,-127.2573030107857,79,False,True,True,False,collision,10.082924842834473,,,uniform_warmup,79,2997,0,0,,,,,
15,14,,,-181.00459641782368,263,False,True,True,False,collision,8.903897285461426,,,uniform_warmup,263,3260,0,0,,,,,
16,15,,,-124.79471287789323,46,False,True,True,False,collision,10.916102409362793,,,uniform_warmup,46,3306,0,0,,,,,
17,16,,,-180.0205234827302,277,False,True,True,False,collision,8.76566219329834,,,uniform_warmup,277,3583,0,0,,,,,
18,17,,,-129.56924688075847,95,False,True,True,False,collision,9.982587814331055,,,uniform_warmup,95,3678,0,0,,,,,
19,18,,,-121.37684213025302,42,False,True,True,False,collision,10.765582084655762,,,uniform_warmup,42,3720,0,0,,,,,
20,19,,,-115.62682697867379,56,False,True,True,False,collision,10.159674644470215,,,uniform_warmup,56,3776,0,0,,,,,
21,20,,,-134.91251394317902,146,False,True,True,False,collision,9.212389945983887,,,uniform_warmup,146,3922,0,0,,,,,
22,21,,,-144.30091114662852,370,False,True,True,False,collision,3.609412670135498,,,uniform_warmup,370,4292,0,0,,,,,
23,22,,,-113.93580708845782,155,False,True,True,False,collision,7.278309345245361,,,uniform_warmup,155,4447,0,0,,,,,
24,23,,,-170.43477018995534,222,False,True,True,False,collision,9.121959686279297,,,uniform_warmup,222,4669,0,0,,,,,
25,24,,,-118.52142058218483,56,False,True,True,False,collision,10.406798362731934,,,uniform_warmup,56,4725,0,0,,,,,
26,25,,,-121.12520770318379,48,False,True,True,False,collision,10.701220512390137,,,uniform_warmup,48,4773,0,0,,,,,
27,26,,,-177.41218887024706,278,False,True,True,False,collision,8.640030860900879,,,mixed_warmup_policy,227,5051,104,52,92.22507899053969,0.5180681812254568,,,
28,27,,,-168.44615133038272,165,False,True,True,False,collision,11.362737655639648,,,ou_noise,0,5216,434,217,90.06406732373165,0.42090221896316066,,,
29,28,,,-114.22886649291429,27,False,True,True,False,collision,11.354004859924316,,,ou_noise,0,5243,488,244,90.58405783441331,0.46792184313138324,,,
30,29,,,-116.7871309535513,31,False,True,True,False,collision,11.523448944091797,,,ou_noise,0,5274,550,275,95.99284747531337,0.4667030822846197,,,
31,30,,,-133.60744426234336,68,False,True,True,False,collision,11.429280281066895,,,ou_noise,0,5342,686,343,104.01823019981384,0.5827687553623143,,,
32,31,,,-175.78852781063438,187,False,True,True,False,collision,10.295999526977539,,,ou_noise,0,5529,1060,530,92.25017940121539,0.763386112802169,,,
33,32,,,-164.40155318910678,166,False,True,True,False,collision,10.601240158081055,,,ou_noise,0,5695,1392,696,79.7665841225759,1.0839520861585457,,,
34,33,,,-112.70085462247224,26,False,True,True,False,collision,11.083157539367676,,,ou_noise,0,5721,1444,722,84.8300367559378,1.280469142473661,,,
35,34,,,-114.18899707842796,26,False,True,True,False,collision,11.24593448638916,,,ou_noise,0,5747,1496,748,70.62629874967612,1.3666441440582275,,,
36,35,,,-111.9624602230113,18,False,True,True,False,collision,11.347307205200195,,,ou_noise,0,5765,1532,766,85.19115894370609,1.5834575096766155,,,
37,36,,,-112.85922913491378,19,False,True,True,False,collision,11.422714233398438,,,ou_noise,0,5784,1570,785,84.02777295363576,1.5722090256841559,,,
38,37,,,-114.0546944880065,21,False,True,True,False,collision,11.530467987060547,,,ou_noise,0,5805,1612,806,101.80892677534194,1.5968694119226365,,,
39,38,,,-116.00912743794454,33,False,True,True,False,collision,11.406549453735352,,,ou_noise,0,5838,1678,839,95.78364917726228,1.7281765179200606,,,
40,39,,,-111.8332941499708,19,False,True,True,False,collision,11.320633888244629,,,ou_noise,0,5857,1716,858,97.02459455163856,1.7904288517801386,,,
41,40,,,-118.85786109328582,39,False,True,True,False,collision,11.593829154968262,,,ou_noise,0,5896,1794,897,88.6548976439696,1.827635768132332,,,
42,41,,,-96.3099306042834,197,False,True,True,False,collision,4.172967433929443,,,ou_noise,0,6093,2188,1094,82.48249844533538,1.9234905690711162,,,
43,42,,,-98.35907329599434,59,False,True,True,False,collision,7.731277942657471,,,ou_noise,0,6152,2306,1153,78.65106330382622,1.721788311408738,,,
44,43,,,-93.84249923514999,88,False,True,True,False,collision,6.868635654449463,,,ou_noise,0,6240,2482,1241,83.30062797056003,1.6243061328476125,,,
45,44,,,138.79123923473003,198,True,False,True,False,success,0.4961407780647278,,,ou_noise,0,6438,2878,1439,78.21043917717355,1.595560812588894,,,
46,45,,,-85.17150641076695,146,False,True,True,False,collision,3.9231207370758057,,,ou_noise,0,6584,3170,1585,75.38480802758099,1.653067127482532,,,
47,46,,,140.97077234113056,198,True,False,True,False,success,0.4995794892311096,,,ou_noise,0,6782,3566,1783,71.79157459886387,1.8024585758796845,,,
48,47,,,-314.74891882235636,1000,False,False,False,True,cutoff,5.833642482757568,,,ou_noise,0,7782,5566,2783,61.314743167489766,2.1132319247722626,,,
49,48,,,-342.4040671311513,1000,False,False,False,True,cutoff,5.967458724975586,,,ou_noise,0,8782,7566,3783,45.85473039904237,2.7023778651952743,,,
50,49,,,-332.61609876112345,1000,False,False,False,True,cutoff,4.926646709442139,,,ou_noise,0,9782,9566,4783,34.37687622767687,3.3103705270290376,,,
51,50,,,-310.8498877378724,1000,False,False,False,True,cutoff,2.0087904930114746,,,ou_noise,0,10782,11566,5783,29.250649108350277,3.497988053560257,,,
52,51,,,-216.1111014224664,1000,False,False,False,True,cutoff,2.758970022201538,,,ou_noise,0,11782,13566,6783,30.906552076250314,3.1651266162395477,,,
53,52,,,-169.2845321318482,1000,False,False,False,True,cutoff,1.4481462240219116,,,ou_noise,0,12782,15566,7783,26.171691713124513,3.0004301652908327,,,
54,53,,,-90.10320595278976,68,False,True,True,False,collision,7.284170150756836,,,ou_noise,0,12850,15702,7851,18.686859002884695,3.028933353283826,,,
55,54,,,-83.36671979741548,50,False,True,True,False,collision,7.517962455749512,,,ou_noise,0,12900,15802,7901,24.381642283201217,2.995219645500183,,,
56,55,,,-154.30716731107452,1000,False,False,False,True,cutoff,1.6023032665252686,,,ou_noise,0,13900,17802,8901,22.839990193128585,3.0723615317344666,,,
57,56,,,-233.17315078627064,1000,False,False,False,True,cutoff,5.124273777008057,,,ou_noise,0,14900,19802,9901,21.648460110723974,2.755411367058754,,,
58,57,,,-343.8723229865145,870,False,True,True,False,collision,7.253990173339844,,,ou_noise,0,15770,21542,10771,17.120625839390975,2.19661289110951,,,
59,58,,,-140.70584927362344,185,False,True,True,False,collision,7.810276508331299,,,ou_noise,0,15955,21912,10956,21.454309829827903,1.9729911230705879,,,
60,59,,,-146.42333570245978,190,False,True,True,False,collision,7.78999662399292,,,ou_noise,0,16145,22292,11146,19.254915029594773,1.9230890299144545,,,
61,60,,,-305.10510866922937,1000,False,False,False,True,cutoff,8.418777465820312,,,ou_noise,0,17145,24292,12146,18.942340835660698,1.9141288059949875,,,
62,61,,,-75.97751057270929,67,False,True,True,False,collision,6.44972562789917,,,ou_noise,0,17212,24426,12213,23.50927851493679,1.8837477360198747,,,
63,62,,,169.40112031523176,131,True,False,True,False,success,0.46289896965026855,,,ou_noise,0,17343,24688,12344,18.75779843717131,1.8686287312107233,,,
64,63,,,-66.94479422168325,59,False,True,True,False,collision,5.939555644989014,,,ou_noise,0,17402,24806,12403,20.092328718153098,1.912133028951742,,,
65,64,,,-59.83689943128649,78,False,True,True,False,collision,4.389112949371338,,,ou_noise,0,17480,24962,12481,21.322874462757355,1.8386864432921777,,,
66,65,,,-88.1955070543249,42,False,True,True,False,collision,8.050299644470215,,,ou_noise,0,17522,25046,12523,21.33173106681733,1.8475025097529094,,,
67,66,,,166.9862451306713,135,True,False,True,False,success,0.4864250421524048,,,ou_noise,0,17657,25316,12658,23.632620539488617,1.8405590013221458,,,
68,67,,,-224.80249617637807,1000,False,False,False,True,cutoff,4.015786647796631,,,ou_noise,0,18657,27316,13658,24.86233552363515,1.6511949808001518,,,
69,68,,,-94.36265844621444,195,False,True,True,False,collision,2.878392457962036,,,ou_noise,0,18852,27706,13853,20.930542772855514,1.5020106211686746,,,
70,69,,,-340.25922885960017,939,False,True,True,False,collision,5.2203192710876465,,,ou_noise,0,19791,29584,14792,22.238332622792647,1.1534478520940794,,,
71,70,,,-310.7403753057856,1000,False,False,False,True,cutoff,8.028684616088867,,,ou_noise,0,20791,31584,15792,22.345534072697163,0.7202444381304085,,,
72,71,,,-282.09215824656764,1000,False,False,False,True,cutoff,7.781064987182617,,,ou_noise,0,21791,33584,16792,22.64952359139919,0.34295684603042903,,,
73,72,,,167.94174751227177,129,True,False,True,False,success,0.4976966083049774,,,ou_noise,0,21920,33842,16921,20.815870813159055,0.008681986711977063,,,
74,73,,,-252.45967061215734,1000,False,False,False,True,cutoff,5.9807329177856445,,,ou_noise,0,22920,35842,17921,20.978243814647197,-0.22189275165461003,,,
75,74,,,-67.03446768547322,80,False,True,True,False,collision,4.815343379974365,,,ou_noise,0,23000,36002,18001,24.24340124130249,-0.05231845621019602,,,
76,75,,,-267.4081193242542,1000,False,False,False,True,cutoff,7.135050296783447,,,ou_noise,0,24000,38002,19001,22.823679812848567,0.31870640178397297,,,
77,76,,,-194.19900086727756,1000,False,False,False,True,cutoff,1.3545658588409424,,,ou_noise,0,25000,40002,20001,24.657176275610922,0.4978632025681436,,,
78,77,,,-200.61075021563383,1000,False,False,False,True,cutoff,0.6776804327964783,,,ou_noise,0,26000,42002,21001,21.621524448394776,0.7151399876512587,,,
79,78,,,130.29297884837646,238,True,False,True,False,success,0.49950820207595825,,,ou_noise,0,26238,42478,21239,20.591972172260284,0.5823252938312142,,,
80,79,,,-276.2946738092954,1000,False,False,False,True,cutoff,3.0825016498565674,,,ou_noise,0,27238,44478,22239,21.04296905386448,0.3781881129667163,,,
81,80,,,-304.0128173986009,1000,False,False,False,True,cutoff,5.588923931121826,,,ou_noise,0,28238,46478,23239,23.10426173400879,0.6194148748256266,,,
82,81,,,-239.91432190198717,1000,False,False,False,True,cutoff,5.338219165802002,,,ou_noise,0,29238,48478,24239,20.845272181391717,0.6086691791899502,,,
83,82,,,77.82352872441544,380,True,False,True,False,success,0.41470086574554443,,,ou_noise,0,29618,49238,24619,17.860577743618112,0.836664322900929,,,
84,83,,,-209.3168402616329,1000,False,False,False,True,cutoff,7.7026896476745605,,,ou_noise,0,30618,51238,25619,17.478307713270187,1.0233902868852018,,,
85,84,,,156.86282050056633,160,True,False,True,False,success,0.4352441132068634,,,ou_noise,0,30778,51558,25779,14.34425109922886,1.2191030680201949,,,
86,85,,,-223.6006359555186,1000,False,False,False,True,cutoff,7.644903182983398,,,ou_noise,0,31778,53558,26779,14.8077015696764,1.3308476054519416,,,
87,86,,,157.55007173785856,159,True,False,True,False,success,0.44997522234916687,,,ou_noise,0,31937,53876,26938,11.453732521279052,1.5887066290813423,,,
88,87,,,-63.96327527245759,67,False,True,True,False,collision,5.291623592376709,,,ou_noise,0,32004,54010,27005,15.606964198511038,1.64922758358628,,,
89,88,,,-220.77586343151296,1000,False,False,False,True,cutoff,8.517648696899414,,,ou_noise,0,33004,56010,28005,13.792594756603242,1.8890928193181753,,,
90,89,,,168.82692763821217,121,True,False,True,False,success,0.48282983899116516,,,ou_noise,0,33125,56252,28126,13.560574666527677,2.055864078446853,,,
91,90,,,-243.33643303434434,1000,False,False,False,True,cutoff,8.407685279846191,,,ou_noise,0,34125,58252,29126,13.218960288405418,2.3493684888780115,,,
92,91,,,-287.98609629271846,827,False,True,True,False,collision,7.488861083984375,,,ou_noise,0,34952,59906,29953,13.388320505979415,2.1916586912384632,,,
93,92,,,166.64225934657537,125,True,False,True,False,success,0.42014971375465393,,,ou_noise,0,35077,60156,30078,14.373423518180847,2.2707693700790403,,,
94,93,,,166.96931809395284,133,True,False,True,False,success,0.4519239068031311,,,ou_noise,0,35210,60422,30211,15.423358454740137,2.1490807766304876,,,
95,94,,,-284.01441400553296,1000,False,False,False,True,cutoff,7.461284160614014,,,ou_noise,0,36210,62422,31211,14.801381457567215,2.3739731169492004,,,
96,95,,,-98.59335405689573,143,False,True,True,False,collision,4.638272762298584,,,ou_noise,0,36353,62708,31354,13.740429704839533,2.3198437559437917,,,
97,96,,,-251.6991635831414,1000,False,False,False,True,cutoff,6.300918102264404,,,ou_noise,0,37353,64708,32354,13.004485009372234,1.9760137970149516,,,
98,97,,,172.63574905880427,116,True,False,True,False,success,0.46220535039901733,,,ou_noise,0,37469,64940,32470,12.63026410546796,1.6337598140897422,,,
99,98,,,174.7553067009024,113,True,False,True,False,success,0.463462769985199,,,ou_noise,0,37582,65166,32583,14.539820390464985,1.508469176239672,,,
100,99,,,-342.9135736970193,872,False,True,True,False,collision,3.795509099960327,,,ou_noise,0,38454,66910,33455,13.175521381131006,1.1029346365515793,,,
101,100,,,169.90254357871765,126,True,False,True,False,success,0.446020245552063,,,ou_noise,0,38580,67162,33581,13.944207753453936,0.8294740605448919,,,
102,101,,,171.55499185806417,117,True,False,True,False,success,0.43787989020347595,,,ou_noise,0,38697,67396,33698,14.106199270639664,0.678705666691829,,,
103,102,,,-238.35443731909132,1000,False,False,False,True,cutoff,7.0387187004089355,,,ou_noise,0,39697,69396,34698,15.365694347500801,0.6982945368047804,,,
104,103,,,-196.25370297978046,1000,False,False,False,True,cutoff,7.7633442878723145,,,ou_noise,0,40697,71396,35698,14.450439111232757,0.6923584075458348,,,
105,104,,,169.39935385388773,127,True,False,True,False,success,0.4318479597568512,,,ou_noise,0,40824,71650,35825,15.136824152601047,0.7821893781188904,,,
106,105,,,-332.22363507054274,1000,False,False,False,True,cutoff,5.366321563720703,,,ou_noise,0,41824,73650,36825,12.630977692008019,0.888361045062542,,,
107,106,,,35.877955719523385,450,True,False,True,False,success,0.4968773126602173,,,ou_noise,0,42274,74550,37275,11.34197336408827,0.9103779003851944,,,
108,107,,,-286.69257763300396,1000,False,False,False,True,cutoff,5.237703800201416,,,ou_noise,0,43274,76550,38275,12.04711062002182,0.8365432636737824,,,
109,108,,,167.5659649651058,137,True,False,True,False,success,0.454725980758667,,,ou_noise,0,43411,76824,38412,12.74993756130664,1.031802653831287,,,
110,109,,,-277.43729747163457,1000,False,False,False,True,cutoff,4.826225280761719,,,ou_noise,0,44411,78824,39412,12.365191476345062,1.3291943230219185,,,
111,110,,,169.87926706548512,129,True,False,True,False,success,0.4802372455596924,,,ou_noise,0,44540,79082,39541,12.431664085203362,1.7610800319401794,,,
112,111,,,-226.15623712099588,1000,False,False,False,True,cutoff,7.616403102874756,,,ou_noise,0,45540,81082,40541,11.834927324056626,1.732356909044087,,,
113,112,,,-225.45487411098776,1000,False,False,False,True,cutoff,7.3340630531311035,,,ou_noise,0,46540,83082,41541,11.590805928707123,2.2086066665276887,,,
114,113,,,-212.9557417517207,1000,False,False,False,True,cutoff,7.148303985595703,,,ou_noise,0,47540,85082,42541,11.924331673383712,2.602190734453499,,,
115,114,,,173.43290180071386,113,True,False,True,False,success,0.49608710408210754,,,ou_noise,0,47653,85308,42654,12.63245808234257,2.766054033244078,,,
116,115,,,174.45388883504424,113,True,False,True,False,success,0.48402804136276245,,,ou_noise,0,47766,85534,42767,12.061911002724571,2.7493258060607233,,,
117,116,,,-97.41131303703256,81,False,True,True,False,collision,7.4815473556518555,,,ou_noise,0,47847,85696,42848,12.463578687773811,2.203098213231122,,,
118,117,,,126.29613477343369,263,True,False,True,False,success,0.487845242023468,,,ou_noise,0,48110,86222,43111,13.16557405611408,2.654432261058133,,,
119,118,,,-46.254994016739914,91,False,True,True,False,collision,3.0323779582977295,,,ou_noise,0,48201,86404,43202,12.243908840221364,2.4899848103523254,,,
120,119,,,173.6233616120494,117,True,False,True,False,success,0.4713388681411743,,,ou_noise,0,48318,86638,43319,12.587916241751778,2.126537967441428,,,
121,120,,,170.41416431324762,126,True,False,True,False,success,0.49347925186157227,,,ou_noise,0,48444,86890,43445,15.950875274718754,2.374150418809482,,,
122,121,,,170.15458171868875,125,True,False,True,False,success,0.44322359561920166,,,ou_noise,0,48569,87140,43570,14.768533217430114,2.1652364908754826,,,
123,122,,,-62.27149412277974,83,False,True,True,False,collision,4.447476387023926,,,ou_noise,0,48652,87306,43653,15.417753202369415,1.9779038280248642,,,
124,123,,,-161.92858987695195,307,False,True,True,False,collision,5.779843807220459,,,ou_noise,0,48959,87920,43960,16.378448150833577,2.1266935116790404,,,
125,124,,,170.03847925341285,125,True,False,True,False,success,0.49291035532951355,,,ou_noise,0,49084,88170,44085,19.327098167419432,2.0904009964466095,,,
126,125,,,171.41008272861723,127,True,False,True,False,success,0.48196789622306824,,,ou_noise,0,49211,88424,44212,18.751287813261737,1.9712278868739062,,,
127,126,,,159.48734945320885,141,True,False,True,False,success,0.4957873821258545,,,ou_noise,0,49352,88706,44353,17.65205484079131,2.028923953520068,,,
128,127,,,-216.78668179392358,1000,False,False,False,True,cutoff,6.870597839355469,,,ou_noise,0,50352,90706,45353,15.865880533218384,1.7633685802966357,,,
129,128,,,-72.1246131345109,44,False,True,True,False,collision,6.746843338012695,,,ou_noise,0,50396,90794,45397,13.477606740864841,2.0230075188658456,,,
130,129,,,-239.312724048394,1000,False,False,False,True,cutoff,6.3450422286987305,,,ou_noise,0,51396,92794,46397,17.315737553954126,2.2055237935483456,,,
131,130,,,-252.5890114230815,1000,False,False,False,True,cutoff,3.854221820831299,,,ou_noise,0,52396,94794,47397,17.146109102010726,2.5456543736159802,,,
132,131,,,75.04557996166977,427,True,False,True,False,success,0.477691113948822,,,ou_noise,0,52823,95648,47824,17.326793363557766,2.7488835898230173,,,
133,132,,,-266.79371460440484,1000,False,False,False,True,cutoff,7.782668590545654,,,ou_noise,0,53823,97648,48824,16.00916426873207,2.9959938438236713,,,
134,133,,,169.84033166285462,127,True,False,True,False,success,0.4699109196662903,,,ou_noise,0,53950,97902,48951,17.299108015270683,3.4322018910815397,,,
135,134,,,175.13708281437678,112,True,False,True,False,success,0.46919381618499756,,,ou_noise,0,54062,98126,49063,17.317714844431197,3.3674290742991224,,,
136,135,,,175.16693308266116,111,True,False,True,False,success,0.48460930585861206,,,ou_noise,0,54173,98348,49174,15.662514819755211,3.1394135906352654,,,
137,136,,,-121.74948069860105,158,False,True,True,False,collision,7.368566036224365,,,ou_noise,0,54331,98664,49332,15.11206019980998,3.242462671067141,,,
138,137,,,-194.4269401474177,1000,False,False,False,True,cutoff,2.497244358062744,,,ou_noise,0,55331,100664,50332,16.663051757335662,3.0559046543985606,,,
139,138,,,-49.79816917017668,87,False,True,True,False,collision,3.2590887546539307,,,ou_noise,0,55418,100838,50419,14.95733448006641,2.5188313236181763,,,
140,139,,,-181.7657888297631,1000,False,False,False,True,cutoff,3.594942331314087,,,ou_noise,0,56418,102838,51419,17.832241495609285,2.2637596368193624,,,
141,140,,,174.72409933016752,111,True,False,True,False,success,0.49138158559799194,,,ou_noise,0,56529,103060,51530,18.04000175965799,1.8786712925176363,,,
142,141,,,171.4649418930984,125,True,False,True,False,success,0.4974936246871948,,,ou_noise,0,56654,103310,51655,17.868665937423707,1.9358057041168213,,,
143,142,,,-95.35083574164756,75,False,True,True,False,collision,7.711106777191162,,,ou_noise,0,56729,103460,51730,14.455926005045573,2.297225838104884,,,
144,143,,,-37.007323135340414,716,True,False,True,False,success,0.41842544078826904,,,ou_noise,0,57445,104892,52446,17.764436367836744,1.251186613097537,,,
145,144,,,-74.95226477978274,75,False,True,True,False,collision,6.319527626037598,,,ou_noise,0,57520,105042,52521,17.483045921325683,0.44023581385612487,,,
146,145,,,-50.847091665001955,106,False,True,True,False,collision,3.02760648727417,,,ou_noise,0,57626,105254,52627,19.821936180006784,0.34842693608886793,,,
147,146,,,-237.34756259425637,399,False,True,True,False,collision,11.404050827026367,,,ou_noise,0,58025,106052,53026,19.531653208242624,0.49933433820281115,,,
148,147,,,169.78075926812443,128,True,False,True,False,success,0.4420396387577057,,,ou_noise,0,58153,106308,53154,20.02793745137751,0.16618907870724797,,,
149,148,,,159.2393470443252,165,True,False,True,False,success,0.4802948534488678,,,ou_noise,0,58318,106638,53319,17.116846321568346,-0.32303354433088594,,,
150,149,,,-323.1165882913293,550,False,True,True,False,collision,7.788571834564209,,,ou_noise,0,58868,107738,53869,19.00826477050781,0.23197573879903013,,,
151,150,,,-246.81560515506283,1000,False,False,False,True,cutoff,8.99471664428711,,,ou_noise,0,59868,109738,54869,19.628954548835754,-0.08475920666009187,,,
152,151,,,162.0184745050925,161,True,False,True,False,success,0.4808984696865082,,,ou_noise,0,60029,110060,55030,20.574183166397283,-0.21380422315242129,,,
153,152,,,-266.4940526085711,1000,False,False,False,True,cutoff,9.596637725830078,,,ou_noise,0,61029,112060,56030,19.22276982450485,-0.18162652377784252,,,
154,153,,,-0.6325795602182183,498,True,False,True,False,success,0.48420020937919617,,,ou_noise,0,61527,113056,56528,20.32552721940849,-0.26549349681859513,,,
155,154,,,-219.3029425251345,1000,False,False,False,True,cutoff,5.600418567657471,,,ou_noise,0,62527,115056,57528,21.018091482639313,-0.5767742773219943,,,
156,155,,,-291.9386758228524,1000,False,False,False,True,cutoff,8.89059066772461,,,ou_noise,0,63527,117056,58528,20.342776436805725,-0.08430064740777016,,,
157,156,,,-106.22634840002377,284,False,True,True,False,collision,2.463813304901123,,,ou_noise,0,63811,117624,58812,20.787749383651036,0.5480135075328215,,,
158,157,,,-276.13720212132637,1000,False,False,False,True,cutoff,8.821133613586426,,,ou_noise,0,64811,119624,59812,23.947950335025787,1.1156782598644495,,,
159,158,,,172.07575533581723,119,True,False,True,False,success,0.4339791238307953,,,ou_noise,0,64930,119862,59931,23.635863520518072,1.8833290394865165,,,
160,159,,,-92.01390486170672,20,False,True,True,False,collision,9.257193565368652,,,ou_noise,0,64950,119902,59951,29.6416015625,1.0229663044214248,,,
161,160,,,-246.08897122899248,713,False,True,True,False,collision,4.079337120056152,,,ou_noise,0,65663,121328,60664,23.333950838567834,2.307176837475571,,,
162,161,,,171.24965623078856,122,True,False,True,False,success,0.47338834404945374,,,ou_noise,0,65785,121572,60786,24.923158047629183,2.802302171705199,,,
163,162,,,-132.37648798806302,173,False,True,True,False,collision,6.680738925933838,,,ou_noise,0,65958,121918,60959,22.77173319028292,2.9721876689464373,,,
164,163,,,170.98311149410836,133,True,False,True,False,success,0.4644964635372162,,,ou_noise,0,66091,122184,61092,20.72397502024371,3.238018489869914,,,
165,164,,,-210.76062842257244,538,False,True,True,False,collision,3.1683621406555176,,,ou_noise,0,66629,123260,61630,22.166605255417664,3.341400413985146,,,
166,165,,,-293.67394973300134,1000,False,False,False,True,cutoff,3.9286181926727295,,,ou_noise,0,67629,125260,62630,21.894419347763062,3.9871214433461426,,,
167,166,,,172.54520540892239,120,True,False,True,False,success,0.466257780790329,,,ou_noise,0,67749,125500,62750,24.172046546141306,4.2343376892308395,,,
168,167,,,-307.03894149747896,1000,False,False,False,True,cutoff,7.178104877471924,,,ou_noise,0,68749,127500,63750,22.783817219734193,4.655913147613406,,,
169,168,,,-299.33435889274426,679,False,True,True,False,collision,7.660709381103516,,,ou_noise,0,69428,128858,64429,21.746995194495515,5.176079044241969,,,
170,169,,,167.02689124523454,150,True,False,True,False,success,0.4774608910083771,,,ou_noise,0,69578,129158,64579,20.842974847157794,5.52123308678468,,,
171,170,,,133.16468804038948,292,True,False,True,False,success,0.47605469822883606,,,ou_noise,0,69870,129742,64871,21.514135393377853,5.186509858255517,,,
172,171,,,-357.1226484438553,863,False,True,True,False,collision,7.706057548522949,,,ou_noise,0,70733,131468,65734,21.305475993891303,4.866009541969587,,,
173,172,,,-98.18374633902324,113,False,True,True,False,collision,7.1371588706970215,,,ou_noise,0,70846,131694,65847,20.200476743478692,5.269802068714547,,,
174,173,,,-68.36992667243626,157,False,True,True,False,collision,2.5824673175811768,,,ou_noise,0,71003,132008,66004,22.543542360803883,4.944022878340095,,,
175,174,,,164.38020225948077,156,True,False,True,False,success,0.4592127203941345,,,ou_noise,0,71159,132320,66160,22.49428409185165,4.873990524273652,,,
176,175,,,90.69406540351702,498,True,False,True,False,success,0.4915754795074463,,,ou_noise,0,71657,133316,66658,21.40097488839942,4.41459052198862,,,
177,176,,,155.9469272287899,179,True,False,True,False,success,0.4467901885509491,,,ou_noise,0,71836,133674,66837,21.36659839832583,3.9695896511304314,,,
178,177,,,-178.7723609100006,1000,False,False,False,True,cutoff,4.70175838470459,,,ou_noise,0,72836,135674,67837,20.853450891494752,3.3716657378673554,,,
179,178,,,169.9471153391366,129,True,False,True,False,success,0.4899764060974121,,,ou_noise,0,72965,135932,67966,23.35663177431092,2.9891006378240363,,,
180,179,,,171.3545188481049,126,True,False,True,False,success,0.43638482689857483,,,ou_noise,0,73091,136184,68092,18.798412739284455,2.741014661770018,,,
181,180,,,170.0615421750224,123,True,False,True,False,success,0.45911139249801636,,,ou_noise,0,73214,136430,68215,21.250449048794383,2.3100275961848777,,,
182,181,,,-194.04249521475035,1000,False,False,False,True,cutoff,4.250609397888184,,,ou_noise,0,74214,138430,69215,22.517324924707413,1.9869005973935128,,,
183,182,,,-220.4231570024857,563,False,True,True,False,collision,7.5978240966796875,,,ou_noise,0,74777,139556,69778,21.190949741942845,1.1456538651859782,,,
184,183,,,-93.37592535179262,73,False,True,True,False,collision,7.704948425292969,,,ou_noise,0,74850,139702,69851,21.10525423206695,1.2184687297638148,,,
185,184,,,-174.44682477078243,385,False,True,True,False,collision,6.516154766082764,,,ou_noise,0,75235,140472,70236,22.185530873088094,0.8934213798541527,,,
186,185,,,-156.60711343451862,311,False,True,True,False,collision,6.51645040512085,,,ou_noise,0,75546,141094,70547,22.276926008451408,1.1677363148839528,,,
187,186,,,171.35401067195787,118,True,False,True,False,success,0.4771338105201721,,,ou_noise,0,75664,141330,70665,21.98317053762533,0.8659572035579358,,,
188,187,,,-218.15272717272742,1000,False,False,False,True,cutoff,5.284041881561279,,,ou_noise,0,76664,143330,71665,22.2105459318161,1.4832424280270935,,,
189,188,,,-292.5087177014367,756,False,True,True,False,collision,9.336613655090332,,,ou_noise,0,77420,144842,72421,20.25675481999362,1.9600757869384275,,,
190,189,,,-139.8027952522637,212,False,True,True,False,collision,6.559413909912109,,,ou_noise,0,77632,145266,72633,22.511262289757997,1.7960409056746736,,,
191,190,,,152.0946460471204,176,True,False,True,False,success,0.4497702419757843,,,ou_noise,0,77808,145618,72809,23.58298050002618,1.7386864261193709,,,
192,191,,,-116.86418802058911,289,False,True,True,False,collision,2.988250732421875,,,ou_noise,0,78097,146196,73098,20.284395033100484,1.838818201505189,,,
193,192,,,168.31875020157668,129,True,False,True,False,success,0.48345717787742615,,,ou_noise,0,78226,146454,73227,20.914285009221512,1.8736569370872291,,,
194,193,,,-126.29087902125056,222,False,True,True,False,collision,6.864147663116455,,,ou_noise,0,78448,146898,73449,23.30057895720542,1.496320012050706,,,
195,194,,,163.51998223345646,143,True,False,True,False,success,0.4492802023887634,,,ou_noise,0,78591,147184,73592,21.777204776977324,1.8368104226314104,,,
196,195,,,-214.94760867991158,1000,False,False,False,True,cutoff,7.681529998779297,,,ou_noise,0,79591,149184,74592,21.84241999220848,1.7633180517330767,,,
197,196,,,164.48057132445484,146,True,False,True,False,success,0.4665380120277405,,,ou_noise,0,79737,149476,74738,21.07731724765203,1.6361389781718385,,,
198,197,,,-91.32770465109891,107,False,True,True,False,collision,6.458291530609131,,,ou_noise,0,79844,149690,74845,21.123723257367857,1.833013706953726,,,
199,198,,,-5.319727253584929,632,True,False,True,False,success,0.4993128776550293,,,ou_noise,0,80476,150954,75477,23.065890967091427,1.623863981117176,,,
200,199,,,165.09638614633246,136,True,False,True,False,success,0.47998854517936707,,,ou_noise,0,80612,151226,75613,23.749094738679773,1.3181095907793325,,,
201,200,,,139.98171684818556,241,True,False,True,False,success,0.4362945556640625,,,ou_noise,0,80853,151708,75854,22.78284094046755,0.8909059521197283,,,
202,201,,,165.12902094257046,132,True,False,True,False,success,0.46003979444503784,,,ou_noise,0,80985,151972,75986,21.893129991762567,1.0456149003496675,,,
203,202,,,-345.2153737202029,1000,False,False,False,True,cutoff,7.563968658447266,,,ou_noise,0,81985,153972,76986,22.062886324882506,0.9024374572932721,,,
204,203,,,161.94869567096242,144,True,False,True,False,success,0.4963572025299072,,,ou_noise,0,82129,154260,77130,22.93367671304279,0.9689130772733026,,,
205,204,,,-88.41860280162751,116,False,True,True,False,collision,5.974295139312744,,,ou_noise,0,82245,154492,77246,23.17198135935027,0.6815831788398069,,,
206,205,,,114.92242816965958,304,True,False,True,False,success,0.4690147936344147,,,ou_noise,0,82549,155100,77550,22.36054472389974,1.0320223989945494,,,
207,206,,,144.4601069699401,202,True,False,True,False,success,0.4752369225025177,,,ou_noise,0,82751,155504,77752,22.9030277894275,1.420668253656661,,,
208,207,,,-294.14545213465533,1000,False,False,False,True,cutoff,7.608222484588623,,,ou_noise,0,83751,157504,78752,23.1795751414299,2.3097343402206896,,,
209,208,,,171.1776964429567,125,True,False,True,False,success,0.4995459020137787,,,ou_noise,0,83876,157754,78877,24.430414924621584,3.2802118692398072,,,
210,209,,,-293.3043998448212,1000,False,False,False,True,cutoff,7.5644965171813965,,,ou_noise,0,84876,159754,79877,24.10513199520111,4.103632047101855,,,
211,210,,,-84.47011538218337,112,False,True,True,False,collision,5.2465620040893555,,,ou_noise,0,84988,159978,79989,25.20215388706752,5.112191494554281,,,
212,211,,,161.07400441467206,146,True,False,True,False,success,0.4985758066177368,,,ou_noise,0,85134,160270,80135,26.018854134703336,4.881601816987338,,,
213,212,,,169.49827382319756,123,True,False,True,False,success,0.47438475489616394,,,ou_noise,0,85257,160516,80258,28.259958294348987,5.3820889645475685,,,
214,213,,,168.83194501136717,126,True,False,True,False,success,0.4672373831272125,,,ou_noise,0,85383,160768,80384,28.00524095505003,5.4695340489584305,,,
215,214,,,-265.0925911027121,1000,False,False,False,True,cutoff,7.9841132164001465,,,ou_noise,0,86383,162768,81384,31.121868907928466,6.372052006602288,,,
216,215,,,155.26266697890307,149,True,False,True,False,success,0.46858662366867065,,,ou_noise,0,86532,163066,81533,34.15755356398205,7.349053371672662,,,
217,216,,,110.83596861211562,289,True,False,True,False,success,0.4439316689968109,,,ou_noise,0,86821,163644,81822,33.86905387693623,7.511256842052235,,,
218,217,,,84.57212767972817,374,True,False,True,False,success,0.4770195782184601,,,ou_noise,0,87195,164392,82196,34.028981012456555,7.638075755879203,,,
219,218,,,158.13250823356088,153,True,False,True,False,success,0.4610421359539032,,,ou_noise,0,87348,164698,82349,33.395724022310546,7.114528057621975,,,
220,219,,,146.60901874896365,190,True,False,True,False,success,0.45672357082366943,,,ou_noise,0,87538,165078,82539,32.17029464621293,7.205458466630233,,,
221,220,,,172.10436884134202,117,True,False,True,False,success,0.48350515961647034,,,ou_noise,0,87655,165312,82656,32.919475958897515,6.784413545050173,,,
222,221,,,154.88278642987538,161,True,False,True,False,success,0.47821736335754395,,,ou_noise,0,87816,165634,82817,33.42927181054346,7.011060070547258,,,
223,222,,,-315.16750958261844,1000,False,False,False,True,cutoff,8.96106243133545,,,ou_noise,0,88816,167634,83817,31.610403455257416,7.003198793113231,,,
224,223,,,152.2197237024974,179,True,False,True,False,success,0.44873449206352234,,,ou_noise,0,88995,167992,83996,31.188784844382514,7.848943962065201,,,
225,224,,,-206.51968204253168,1000,False,False,False,True,cutoff,4.497165679931641,,,ou_noise,0,89995,169992,84996,32.44506143474579,8.428985646754503,,,
226,225,,,-192.84478577111884,1000,False,False,False,True,cutoff,4.985426902770996,,,ou_noise,0,90995,171992,85996,25.37855018520355,8.477916202306748,,,
227,226,,,-78.9603739949862,96,False,True,True,False,collision,5.421266555786133,,,ou_noise,0,91091,172184,86092,25.357316692670185,8.54743281006813,,,
228,227,,,-60.05663810399549,75,False,True,True,False,collision,4.310272216796875,,,ou_noise,0,91166,172334,86167,25.59819139480591,8.433464209238688,,,
229,228,,,-187.8270626112875,1000,False,False,False,True,cutoff,4.5868353843688965,,,ou_noise,0,92166,174334,87167,23.817041100025175,9.029358180999756,,,
230,229,,,-251.9490902713161,1000,False,False,False,True,cutoff,8.935263633728027,,,ou_noise,0,93166,176334,88167,25.049720724105836,10.090208909988403,,,
231,230,,,-216.77720545567482,1000,False,False,False,True,cutoff,9.346641540527344,,,ou_noise,0,94166,178334,89167,24.515792344093324,11.489395727157593,,,
232,231,,,154.5947715799225,191,True,False,True,False,success,0.45437219738960266,,,ou_noise,0,94357,178716,89358,23.126834402533724,12.416368711681265,,,
233,232,,,-230.58753903301744,1000,False,False,False,True,cutoff,8.821831703186035,,,ou_noise,0,95357,180716,90358,25.018168970108032,13.375316846370698,,,
234,233,,,-257.44572391925436,1000,False,False,False,True,cutoff,7.379667282104492,,,ou_noise,0,96357,182716,91358,24.664608333587648,14.774908694267273,,,
235,234,,,94.95334174174873,447,True,False,True,False,success,0.48139816522598267,,,ou_noise,0,96804,183610,91805,24.095004281208286,15.768238120964442,,,
236,235,,,-233.17821450112854,1000,False,False,False,True,cutoff,3.581756591796875,,,ou_noise,0,97804,185610,92805,22.636473751068117,16.36287311267853,,,
237,236,,,-229.9103846143452,1000,False,False,False,True,cutoff,9.908538818359375,,,ou_noise,0,98804,187610,93805,23.382983905792237,17.231267172813414,,,
238,237,,,-230.11569230162374,1000,False,False,False,True,cutoff,3.7765953540802,,,ou_noise,0,99804,189610,94805,22.92114545059204,17.840200689315797,,,
239,238,,,-247.51854445409933,1000,False,False,False,True,cutoff,3.6717982292175293,,,ou_noise,0,100804,191610,95805,21.674650458335876,18.60398187160492,,,
240,239,,,-232.22874969596222,1000,False,False,False,True,cutoff,7.197413921356201,,,ou_noise,0,101804,193610,96805,20.636965061187745,19.444292137145997,,,
241,240,,,-82.27810485756412,101,False,True,True,False,collision,5.87524938583374,,,ou_noise,0,101905,193812,96906,20.949904871459054,19.848033659528976,,,
242,241,,,-228.74575732119033,1000,False,False,False,True,cutoff,7.112053394317627,,,ou_noise,0,102905,195812,97906,20.979679272174835,19.905732645988465,,,
243,242,,,-226.0648286386002,428,False,True,True,False,collision,7.928482532501221,,,ou_noise,0,103333,196668,98334,19.62762991624458,19.984652427869424,,,
244,243,,,-72.11713225487196,67,False,True,True,False,collision,5.529017925262451,,,ou_noise,0,103400,196802,98401,20.24361716455488,20.26909748475943,,,
245,244,,,-327.4259291105456,1000,False,False,False,True,cutoff,8.18154239654541,,,ou_noise,0,104400,198802,99401,20.054432046175002,20.42979442501068,,,
246,245,,,171.43374617410404,117,True,False,True,False,success,0.4869473874568939,,,ou_noise,0,104517,199036,99518,21.952712340232654,20.789541945498215,,,
247,246,,,-275.6373229067014,1000,False,False,False,True,cutoff,7.048837661743164,,,ou_noise,0,105517,201036,100518,20.034440583229063,20.96751563644409,,,
248,247,,,-231.26896409272757,1000,False,False,False,True,cutoff,1.7081745862960815,,,ou_noise,0,106517,203036,101518,20.938765137434007,21.18630019760132,,,
249,248,,,-273.162686642771,1000,False,False,False,True,cutoff,4.000692367553711,,,ou_noise,0,107517,205036,102518,21.556240215301514,21.41361520576477,,,
250,249,,,111.79454810427194,301,True,False,True,False,success,0.4451143741607666,,,ou_noise,0,107818,205638,102819,21.9746250916161,21.502562126844033,,,
251,250,,,-294.5555700510128,1000,False,False,False,True,cutoff,7.51470422744751,,,ou_noise,0,108818,207638,103819,22.072238768577577,22.048955936431884,,,
252,251,,,-189.8101674804184,1000,False,False,False,True,cutoff,5.074356555938721,,,ou_noise,0,109818,209638,104819,22.909304792881013,22.5108399105072,,,
253,252,,,-19.159190993928803,618,True,False,True,False,success,0.43752607703208923,,,ou_noise,0,110436,210874,105437,23.902763757890867,22.9146131496985,,,
254,253,,,-208.63095474281047,1000,False,False,False,True,cutoff,9.083402633666992,,,ou_noise,0,111436,212874,106437,23.240798085212706,22.958852895736694,,,
255,254,,,161.50057436623445,145,True,False,True,False,success,0.4984341561794281,,,ou_noise,0,111581,213164,106582,22.746757050218253,23.008549446895206,,,
256,255,,,-253.67746075198025,1000,False,False,False,True,cutoff,6.5952229499816895,,,ou_noise,0,112581,215164,107582,23.067650108337403,23.460063930511474,,,
257,256,,,149.6811830542836,179,True,False,True,False,success,0.47567835450172424,,,ou_noise,0,112760,215522,107761,22.724964794499915,23.898862252688275,,,
258,257,,,-197.4045750593277,1000,False,False,False,True,cutoff,3.7308595180511475,,,ou_noise,0,113760,217522,108761,23.336220727920534,23.905024171829222,,,
259,258,,,-320.0054186231848,1000,False,False,False,True,cutoff,7.965850353240967,,,ou_noise,0,114760,219522,109761,21.633536645412445,24.230554054260253,,,
260,259,,,166.18318607590106,129,True,False,True,False,success,0.49667638540267944,,,ou_noise,0,114889,219780,109890,22.204719820687938,24.49460941876552,,,
261,260,,,164.17463934658025,139,True,False,True,False,success,0.49852848052978516,,,ou_noise,0,115028,220058,110029,21.304820012703217,24.673466552075723,,,
262,261,,,-228.9462956377261,1000,False,False,False,True,cutoff,7.243369102478027,,,ou_noise,0,116028,222058,111029,21.315163587093352,24.344549551010132,,,
263,262,,,171.016950477538,121,True,False,True,False,success,0.4279588758945465,,,ou_noise,0,116149,222300,111150,21.77971614884936,24.5549567987111,,,
264,263,,,-331.27752660421845,796,False,True,True,False,collision,8.537728309631348,,,ou_noise,0,116945,223892,111946,20.487723278939423,24.369799975773798,,,
265,264,,,-288.67897565776394,1000,False,False,False,True,cutoff,8.706782341003418,,,ou_noise,0,117945,225892,112946,19.6606229763031,24.311825366973878,,,
266,265,,,-219.94404707564885,1000,False,False,False,True,cutoff,7.60319185256958,,,ou_noise,0,118945,227892,113946,20.249502420425415,24.283636381149293,,,
267,266,,,-247.4375256920082,1000,False,False,False,True,cutoff,7.488440036773682,,,ou_noise,0,119945,229892,114946,19.837740064144135,24.348543533325195,,,
268,267,,,166.22600154782046,133,True,False,True,False,success,0.4737286865711212,,,ou_noise,0,120078,230158,115079,18.246180322833528,24.290851162788563,,,
269,268,,,-263.2276495840309,1000,False,False,False,True,cutoff,4.211432456970215,,,ou_noise,0,121078,232158,116079,18.997872674465178,24.507638429641723,,,
270,269,,,-246.4661320692828,1000,False,False,False,True,cutoff,8.443561553955078,,,ou_noise,0,122078,234158,117079,19.193351580381393,24.592492612838747,,,
271,270,,,-271.50357528032174,1000,False,False,False,True,cutoff,7.2572760581970215,,,ou_noise,0,123078,236158,118079,18.76462237715721,24.904154895782472,,,
272,271,,,162.89409699594714,146,True,False,True,False,success,0.43425503373146057,,,ou_noise,0,123224,236450,118225,18.921097030378366,25.052315529078655,,,
273,272,,,163.60391525932118,135,True,False,True,False,success,0.4445396065711975,,,ou_noise,0,123359,236720,118360,19.694427045186362,25.035597243132415,,,
274,273,,,-301.257722046421,672,False,True,True,False,collision,7.895791053771973,,,ou_noise,0,124031,238064,119032,17.76216354540416,25.317483953067235,,,
275,274,,,77.40203901188407,399,True,False,True,False,success,0.4829036295413971,,,ou_noise,0,124430,238862,119431,17.546706724286377,25.48646092235594,,,
276,275,,,102.85705342458095,360,True,False,True,False,success,0.4913254678249359,,,ou_noise,0,124790,239582,119791,17.31195754342609,25.31483686235216,,,
277,276,,,160.60910092704296,151,True,False,True,False,success,0.4924197494983673,,,ou_noise,0,124941,239884,119942,18.476646761231073,25.79284867545627,,,
278,277,,,165.4984914832963,133,True,False,True,False,success,0.44975584745407104,,,ou_noise,0,125074,240150,120075,17.389903158173524,25.411586732792674,,,
279,278,,,153.98404913405568,163,True,False,True,False,success,0.44611409306526184,,,ou_noise,0,125237,240476,120238,18.410338928363075,25.65196983945882,,,
280,279,,,-301.89094162167373,1000,False,False,False,True,cutoff,9.227166175842285,,,ou_noise,0,126237,242476,121238,17.78222495794296,25.688749855041504,,,
281,280,,,168.65016525439964,121,True,False,True,False,success,0.4941194951534271,,,ou_noise,0,126358,242718,121359,16.8468617959456,26.187038484683708,,,
282,281,,,167.75501828336263,126,True,False,True,False,success,0.46433618664741516,,,ou_noise,0,126484,242970,121485,18.757692904699418,25.794002987089613,,,
283,282,,,166.31710658574886,127,True,False,True,False,success,0.4968039393424988,,,ou_noise,0,126611,243224,121612,19.134312787393885,26.227075952244554,,,
284,283,,,164.96362734980514,141,True,False,True,False,success,0.4968731105327606,,,ou_noise,0,126752,243506,121753,17.737322827602956,25.83460461501534,,,
285,284,,,165.42190547467104,135,True,False,True,False,success,0.4556901156902313,,,ou_noise,0,126887,243776,121888,18.564007165696886,25.76026503951461,,,
286,285,,,-285.88164129712266,1000,False,False,False,True,cutoff,8.884236335754395,,,ou_noise,0,127887,245776,122888,19.92221739244461,26.053282207489012,,,
287,286,,,163.51607239780583,140,True,False,True,False,success,0.4248967170715332,,,ou_noise,0,128027,246056,123028,18.62069935458047,26.23868567602975,,,
288,287,,,-211.83254566922244,1000,False,False,False,True,cutoff,3.8064489364624023,,,ou_noise,0,129027,248056,124028,19.145562340259552,26.224533155441286,,,
289,288,,,-274.2226431688206,1000,False,False,False,True,cutoff,5.225822925567627,,,ou_noise,0,130027,250056,125028,19.142589802742005,26.651161155700684,,,
290,289,,,-233.53701905544148,1000,False,False,False,True,cutoff,3.888821840286255,,,ou_noise,0,131027,252056,126028,19.473266707897185,26.926893335342406,,,
291,290,,,-270.3414445908701,1000,False,False,False,True,cutoff,7.725888252258301,,,ou_noise,0,132027,254056,127028,19.524326506614685,27.14037462234497,,,
292,291,,,-248.59792105714754,1000,False,False,False,True,cutoff,7.868655681610107,,,ou_noise,0,133027,256056,128028,19.88592653942108,27.60738671684265,,,
293,292,,,170.24256636953055,122,True,False,True,False,success,0.4546925723552704,,,ou_noise,0,133149,256300,128150,19.383984757251426,27.796924168946312,,,
294,293,,,170.6534923654689,116,True,False,True,False,success,0.49950483441352844,,,ou_noise,0,133265,256532,128266,21.098139035290686,28.037689472066944,,,
295,294,,,166.33170221367638,128,True,False,True,False,success,0.4955082833766937,,,ou_noise,0,133393,256788,128394,21.17145599797368,28.125863626599312,,,
296,295,,,-290.0762247519196,1000,False,False,False,True,cutoff,8.1188383102417,,,ou_noise,0,134393,258788,129394,20.200432813167573,27.756219902038573,,,
297,296,,,169.07847179301078,124,True,False,True,False,success,0.4697754979133606,,,ou_noise,0,134517,259036,129518,20.288177355643242,27.248705725516043,,,
298,297,,,-283.6650769338323,1000,False,False,False,True,cutoff,8.153915405273438,,,ou_noise,0,135517,261036,130518,20.21630530166626,27.395202754974367,,,
299,298,,,171.21509258090072,116,True,False,True,False,success,0.4448970854282379,,,ou_noise,0,135633,261268,130634,20.91840150438506,27.255244090639312,,,
300,299,,,171.28434411837864,114,True,False,True,False,success,0.4834468364715576,,,ou_noise,0,135747,261496,130748,19.86561840040642,26.90216737044485,,,
301,300,,,172.14018180223127,113,True,False,True,False,success,0.497713178396225,,,ou_noise,0,135860,261722,130861,21.767080155094114,26.948694431676273,,,
302,301,,,-83.40158789221965,175,False,True,True,False,collision,3.311522960662842,,,ou_noise,0,136035,262072,131036,20.8483159664699,26.735873271397182,,,
303,302,,,169.75634871794256,120,True,False,True,False,success,0.49381518363952637,,,ou_noise,0,136155,262312,131156,20.938388605912525,26.62131271362305,,,
304,303,,,-307.2930244521513,1000,False,False,False,True,cutoff,8.86175537109375,,,ou_noise,0,137155,264312,132156,21.033394546508788,26.595892724990843,,,
305,304,,,170.82378595764158,116,True,False,True,False,success,0.4459875822067261,,,ou_noise,0,137271,264544,132272,20.631453522320452,26.421407436502392,,,
306,305,,,167.50054888345142,132,True,False,True,False,success,0.4513532817363739,,,ou_noise,0,137403,264808,132404,21.788528243700664,26.26372493397106,,,
307,306,,,-110.72112270397102,121,False,True,True,False,collision,7.133697986602783,,,ou_noise,0,137524,265050,132525,21.862130610410833,26.077581894299215,,,
308,307,,,158.36741715760786,166,True,False,True,False,success,0.45122653245925903,,,ou_noise,0,137690,265382,132691,23.353032295962414,25.702879227787616,,,
309,308,,,-89.18155631452028,93,False,True,True,False,collision,6.278219223022461,,,ou_noise,0,137783,265568,132784,20.411835173124906,26.217808179957892,,,
310,309,,,-240.52644791066766,1000,False,False,False,True,cutoff,6.8866682052612305,,,ou_noise,0,138783,267568,133784,20.494168273448945,26.07444652557373,,,
311,310,,,165.65153884574448,142,True,False,True,False,success,0.44063207507133484,,,ou_noise,0,138925,267852,133926,19.858436057265376,26.277146446872766,,,
312,311,,,-99.78191906865416,107,False,True,True,False,collision,7.1020026206970215,,,ou_noise,0,139032,268066,134033,21.776961464748204,26.12514346113829,,,
313,312,,,-91.67657431934276,144,False,True,True,False,collision,5.254386901855469,,,ou_noise,0,139176,268354,134177,21.78764135307736,25.846644626723396,,,
314,313,,,-62.6263332589551,87,False,True,True,False,collision,4.533100128173828,,,ou_noise,0,139263,268528,134264,20.47331869191137,26.020064167592718,,,
315,314,,,151.20261691648327,171,True,False,True,False,success,0.4231151044368744,,,ou_noise,0,139434,268870,134435,21.957067300004567,26.195228610122413,,,
316,315,,,166.60012788686498,128,True,False,True,False,success,0.49629533290863037,,,ou_noise,0,139562,269126,134563,20.616494204849005,26.212628543376923,,,
317,316,,,170.18126795687112,123,True,False,True,False,success,0.43366387486457825,,,ou_noise,0,139685,269372,134686,22.82963962477397,25.856540803986835,,,
318,317,,,-131.19039363005035,188,False,True,True,False,collision,8.629968643188477,,,ou_noise,0,139873,269748,134874,21.31525619486545,26.282318115234375,,,
319,318,,,157.2844811782349,163,True,False,True,False,success,0.4361740052700043,,,ou_noise,0,140036,270074,135037,22.288118145948538,26.043272346075327,,,
320,319,,,-247.29514782910613,1000,False,False,False,True,cutoff,8.637223243713379,,,ou_noise,0,141036,272074,136037,23.11525979089737,26.04880818939209,,,
321,320,,,169.98284061091334,121,True,False,True,False,success,0.45484399795532227,,,ou_noise,0,141157,272316,136158,21.51773621819236,26.074068763039328,,,
322,321,,,169.90071977531727,116,True,False,True,False,success,0.4805934429168701,,,ou_noise,0,141273,272548,136274,21.747395178367352,26.093400478363037,,,
323,322,,,-285.14802479223164,1000,False,False,False,True,cutoff,8.88602352142334,,,ou_noise,0,142273,274548,137274,22.50971202611923,26.01020722961426,,,
324,323,,,-326.7413719928954,1000,False,False,False,True,cutoff,8.278655052185059,,,ou_noise,0,143273,276548,138274,21.62037571144104,26.07185878753662,,,
325,324,,,-332.55238840632165,1000,False,False,False,True,cutoff,8.727776527404785,,,ou_noise,0,144273,278548,139274,21.594125569343568,26.580213258743285,,,
326,325,,,-272.4001234032819,1000,False,False,False,True,cutoff,6.1695098876953125,,,ou_noise,0,145273,280548,140274,21.084606263160705,26.987950580596923,,,
327,326,,,-312.2147188449305,1000,False,False,False,True,cutoff,8.710427284240723,,,ou_noise,0,146273,282548,141274,22.099884929656984,27.328428041458128,,,
328,327,,,-247.8814463775678,1000,False,False,False,True,cutoff,3.4531214237213135,,,ou_noise,0,147273,284548,142274,22.428922617912292,27.773211303710937,,,
329,328,,,-58.67195391386693,918,True,False,True,False,success,0.495356023311615,,,ou_noise,0,148191,286384,143192,23.1984845288179,28.22000241123773,,,
330,329,,,-298.30574925134755,1000,False,False,False,True,cutoff,7.424668312072754,,,ou_noise,0,149191,288384,144192,22.994340379714966,28.17110683441162,,,
331,330,,,169.07338255033045,129,True,False,True,False,success,0.4406902492046356,,,ou_noise,0,149320,288642,144321,24.412056963573132,28.484100149583448,,,
332,331,,,-217.56881947363001,1000,False,False,False,True,cutoff,4.248889446258545,,,ou_noise,0,150320,290642,145321,24.21275668334961,28.49611630821228,,,
333,332,,,90.43900535251679,389,True,False,True,False,success,0.47725167870521545,,,ou_noise,0,150709,291420,145710,23.281547898192027,28.59336835375788,,,
334,333,,,-279.9416591223325,1000,False,False,False,True,cutoff,5.380838871002197,,,ou_noise,0,151709,293420,146710,22.7404249997139,29.041927762985228,,,
335,334,,,171.031473233204,115,True,False,True,False,success,0.46367090940475464,,,ou_noise,0,151824,293650,146825,21.829255954079006,28.943268087635868,,,
336,335,,,-308.2644807101919,1000,False,False,False,True,cutoff,7.663991928100586,,,ou_noise,0,152824,295650,147825,23.479224301815034,29.133108804702758,,,
337,336,,,163.6702440041872,134,True,False,True,False,success,0.46980124711990356,,,ou_noise,0,152958,295918,147959,21.670819880357428,29.54883044513304,,,
338,337,,,-317.1431191452109,1000,False,False,False,True,cutoff,7.654319763183594,,,ou_noise,0,153958,297918,148959,22.85301485443115,29.259117027282716,,,
339,338,,,31.92334698735405,579,True,False,True,False,success,0.43148452043533325,,,ou_noise,0,154537,299076,149538,22.336634901932896,29.381167041205373,,,
340,339,,,-280.12775902161127,1000,False,False,False,True,cutoff,7.94550085067749,,,ou_noise,0,155537,301076,150538,23.410580281734468,29.567701822280885,,,
341,340,,,139.6380571754647,212,True,False,True,False,success,0.43438032269477844,,,ou_noise,0,155749,301500,150750,24.43643456135156,29.619817562823027,,,
342,341,,,161.97222067404138,139,True,False,True,False,success,0.46911150217056274,,,ou_noise,0,155888,301778,150889,21.232863309572068,29.650474287623123,,,
343,342,,,164.8750847750725,132,True,False,True,False,success,0.46501246094703674,,,ou_noise,0,156020,302042,151021,21.701360604979776,29.7341188806476,,,
344,343,,,155.68843598561926,165,True,False,True,False,success,0.49361810088157654,,,ou_noise,0,156185,302372,151186,22.300647481282553,29.673063451593574,,,
345,344,,,-183.46109846497333,1000,False,False,False,True,cutoff,3.973092794418335,,,ou_noise,0,157185,304372,152186,24.51497680044174,29.725574420928954,,,
346,345,,,157.0608330777709,158,True,False,True,False,success,0.43532422184944153,,,ou_noise,0,157343,304688,152344,22.41341130944747,29.796036442623862,,,
347,346,,,-306.42487788857807,1000,False,False,False,True,cutoff,7.767669200897217,,,ou_noise,0,158343,306688,153344,24.93803875160217,29.895917577743532,,,
348,347,,,-296.31407503892723,1000,False,False,False,True,cutoff,7.343929290771484,,,ou_noise,0,159343,308688,154344,23.49992810535431,30.489650661468506,,,
349,348,,,-266.9322384665902,1000,False,False,False,True,cutoff,7.591667175292969,,,ou_noise,0,160343,310688,155344,24.687848383903503,31.269441316604613,,,
350,349,,,-242.78588349992188,1000,False,False,False,True,cutoff,7.202912330627441,,,ou_noise,0,161343,312688,156344,24.76826678419113,31.466378377914427,,,
351,350,,,151.91224959324268,159,True,False,True,False,success,0.43918830156326294,,,ou_noise,0,161502,313006,156503,25.44606304468599,31.890240291379534,,,
352,351,,,-212.09031083955563,1000,False,False,False,True,cutoff,4.972692012786865,,,ou_noise,0,162502,315006,157503,25.10652872133255,32.09538639068604,,,
353,352,,,-262.7092474857948,1000,False,False,False,True,cutoff,7.173055648803711,,,ou_noise,0,163502,317006,158503,24.09577414751053,32.63900005531311,,,
354,353,,,-188.60757534411897,1000,False,False,False,True,cutoff,3.6559221744537354,,,ou_noise,0,164502,319006,159503,23.892067870140075,32.883431377410886,,,
355,354,,,-256.34041649895454,1000,False,False,False,True,cutoff,3.4523611068725586,,,ou_noise,0,165502,321006,160503,23.295028999328615,33.01548069190979,,,
356,355,,,-261.28041753157015,1000,False,False,False,True,cutoff,7.670274257659912,,,ou_noise,0,166502,323006,161503,22.631445672035216,32.924598993301395,,,
357,356,,,-275.93832104740005,1000,False,False,False,True,cutoff,7.726243495941162,,,ou_noise,0,167502,325006,162503,21.90633605289459,32.95046891021728,,,
358,357,,,-265.827000232262,1000,False,False,False,True,cutoff,7.592918872833252,,,ou_noise,0,168502,327006,163503,22.16180486822128,33.06548594474793,,,
359,358,,,-176.60400243021292,945,True,False,True,False,success,0.4775269031524658,,,ou_noise,0,169447,328896,164448,22.644266178998997,32.78563970535521,,,
360,359,,,167.62541474647549,128,True,False,True,False,success,0.4548303782939911,,,ou_noise,0,169575,329152,164576,20.594826336950064,32.38708707690239,,,
361,360,,,-241.13910484220716,1000,False,False,False,True,cutoff,5.619146823883057,,,ou_noise,0,170575,331152,165576,20.51063514995575,32.431855043411254,,,
362,361,,,-241.52673571981728,1000,False,False,False,True,cutoff,7.2244768142700195,,,ou_noise,0,171575,333152,166576,19.75526119184494,32.296132478713986,,,
363,362,,,-265.66819480144034,1000,False,False,False,True,cutoff,7.504309177398682,,,ou_noise,0,172575,335152,167576,19.28796868753433,32.23776466941833,,,
364,363,,,75.50667650187377,421,True,False,True,False,success,0.4859655499458313,,,ou_noise,0,172996,335994,167997,19.301509528715084,31.950610154031857,,,
365,364,,,-247.3017132836114,1000,False,False,False,True,cutoff,7.478466987609863,,,ou_noise,0,173996,337994,168997,18.741591612815856,31.94932656097412,,,
366,365,,,113.86720109521549,274,True,False,True,False,success,0.42188969254493713,,,ou_noise,0,174270,338542,169271,19.568049777163207,32.25776449607237,,,
367,366,,,-109.22638681077598,15,False,True,True,False,collision,11.055055618286133,,,ou_noise,0,174285,338572,169286,20.350918896993,31.034988657633463,,,
368,367,,,-217.09559796351658,405,False,True,True,False,collision,7.794641971588135,,,ou_noise,0,174690,339382,169691,20.01643003769863,32.13898465662827,,,
369,368,,,-246.3104368094257,1000,False,False,False,True,cutoff,7.157692909240723,,,ou_noise,0,175690,341382,170691,19.56281844806671,32.29320694923401,,,
370,369,,,169.12714113448556,120,True,False,True,False,success,0.4763171970844269,,,ou_noise,0,175810,341622,170811,19.506027925014497,32.10972949663798,,,
371,370,,,151.4760013316699,185,True,False,True,False,success,0.44935306906700134,,,ou_noise,0,175995,341992,170996,19.85495125280844,32.286553212758655,,,
372,371,,,115.44145009786936,258,True,False,True,False,success,0.4687381088733673,,,ou_noise,0,176253,342508,171254,19.2980347751647,32.18441758414571,,,
373,372,,,169.63746625803702,121,True,False,True,False,success,0.4572046995162964,,,ou_noise,0,176374,342750,171375,18.430053663647865,32.16649440103326,,,
374,373,,,169.35652722473435,128,True,False,True,False,success,0.4549817144870758,,,ou_noise,0,176502,343006,171503,19.48728397861123,32.0406691133976,,,
375,374,,,-114.03841979427541,115,False,True,True,False,collision,8.186434745788574,,,ou_noise,0,176617,343236,171618,19.78672403667284,32.15144976740298,,,
376,375,,,171.53615645200296,118,True,False,True,False,success,0.467598021030426,,,ou_noise,0,176735,343472,171736,19.977874586137673,31.954622753595903,,,
377,376,,,166.1042604896382,131,True,False,True,False,success,0.49120303988456726,,,ou_noise,0,176866,343734,171867,20.281765981484916,32.52059348302943,,,
378,377,,,-121.96054439075203,54,False,True,True,False,collision,11.11805534362793,,,ou_noise,0,176920,343842,171921,19.71932233704461,31.897721855728715,,,
379,378,,,164.68485556575706,134,True,False,True,False,success,0.48731836676597595,,,ou_noise,0,177054,344110,172055,20.151170509964672,32.11113966756792,,,
380,379,,,168.26106744605306,126,True,False,True,False,success,0.47104611992836,,,ou_noise,0,177180,344362,172181,22.309665025226654,32.31476892743792,,,
381,380,,,-324.62084943491163,1000,False,False,False,True,cutoff,6.966305255889893,,,ou_noise,0,178180,346362,173181,20.74194519329071,32.09910682868958,,,
382,381,,,163.810952025168,146,True,False,True,False,success,0.4741596579551697,,,ou_noise,0,178326,346654,173327,20.132753607344952,31.997841756637783,,,
383,382,,,-323.4674349103434,1000,False,False,False,True,cutoff,7.3362016677856445,,,ou_noise,0,179326,348654,174327,19.866483206272125,31.97901086997986,,,
384,383,,,-296.4054643361638,1000,False,False,False,True,cutoff,7.296587944030762,,,ou_noise,0,180326,350654,175327,19.626449130058287,31.8973131942749,,,
385,384,,,167.26801729119074,127,True,False,True,False,success,0.4716251492500305,,,ou_noise,0,180453,350908,175454,20.00165741274676,31.451409182210607,,,
386,385,,,-91.3144335370259,45,False,True,True,False,collision,8.349494934082031,,,ou_noise,0,180498,350998,175499,18.71918076409234,31.771834225124785,,,
387,386,,,-245.59727498765872,1000,False,False,False,True,cutoff,7.081543922424316,,,ou_noise,0,181498,352998,176499,19.824905806064606,31.418608880996704,,,
388,387,,,-111.66467636752786,108,False,True,True,False,collision,8.31139087677002,,,ou_noise,0,181606,353214,176607,20.639768498915213,32.06080761662236,,,
389,388,,,-100.61063239184722,98,False,True,True,False,collision,7.763938903808594,,,ou_noise,0,181704,353410,176705,19.73453755767978,31.480607305254257,,,
390,389,,,-286.68642910895056,1000,False,False,False,True,cutoff,7.663333415985107,,,ou_noise,0,182704,355410,177705,20.42721456718445,31.141092973709107,,,
391,390,,,167.03123651596098,127,True,False,True,False,success,0.4968862533569336,,,ou_noise,0,182831,355664,177832,19.91067419652864,30.89425888962633,,,
392,391,,,-99.94052593741229,92,False,True,True,False,collision,7.866207122802734,,,ou_noise,0,182923,355848,177924,20.161729340967923,30.727258018825363,,,
393,392,,,-272.8580827895224,1000,False,False,False,True,cutoff,8.07481575012207,,,ou_noise,0,183923,357848,178924,20.348964487552642,30.903485935211183,,,
394,393,,,-292.39173195171674,1000,False,False,False,True,cutoff,8.65451431274414,,,ou_noise,0,184923,359848,179924,20.809765994548798,30.58071685409546,,,
395,394,,,162.1988109378825,149,True,False,True,False,success,0.4876341223716736,,,ou_noise,0,185072,360146,180073,21.57719745892006,30.12094824106101,,,
396,395,,,-155.52624740060793,268,False,True,True,False,collision,7.911965370178223,,,ou_noise,0,185340,360682,180341,21.313866896415824,30.252501380977346,,,
397,396,,,-290.6443324263561,1000,False,False,False,True,cutoff,7.932580947875977,,,ou_noise,0,186340,362682,181341,19.73268647813797,29.98895193481445,,,
398,397,,,-210.3175846912625,1000,False,False,False,True,cutoff,4.413795471191406,,,ou_noise,0,187340,364682,182341,19.391951030015946,29.799614910125733,,,
399,398,,,159.59776905306492,150,True,False,True,False,success,0.42110130190849304,,,ou_noise,0,187490,364982,182491,18.68474636077881,29.21200210571289,,,
400,399,,,168.4903135989759,123,True,False,True,False,success,0.4969884753227234,,,ou_noise,0,187613,365228,182614,18.405966801372,29.67767498357509,,,
401,400,,,-248.49106428349376,1000,False,False,False,True,cutoff,7.240407466888428,,,ou_noise,0,188613,367228,183614,19.420478655338286,29.508262874603272,,,
402,401,,,163.1958202474519,143,True,False,True,False,success,0.4356679618358612,,,ou_noise,0,188756,367514,183757,19.30275580933044,29.33389215536051,,,
403,402,,,-261.92978191005545,1000,False,False,False,True,cutoff,7.799380302429199,,,ou_noise,0,189756,369514,184757,20.1207385866642,29.16008178329468,,,
404,403,,,-281.94359607227955,1000,False,False,False,True,cutoff,7.6434760093688965,,,ou_noise,0,190756,371514,185757,20.377572939872742,28.96997450065613,,,
405,404,,,-228.15735550134792,1000,False,False,False,True,cutoff,7.360795021057129,,,ou_noise,0,191756,373514,186757,20.21733820915222,28.62474263000488,,,
406,405,,,171.00692877083162,121,True,False,True,False,success,0.4087010622024536,,,ou_noise,0,191877,373756,186878,20.240424676374957,28.50376652489024,,,
407,406,,,-240.61314711978065,1000,False,False,False,True,cutoff,6.7090044021606445,,,ou_noise,0,192877,375756,187878,20.75244456911087,28.224323707580567,,,
408,407,,,-264.3300685522845,1000,False,False,False,True,cutoff,9.505369186401367,,,ou_noise,0,193877,377756,188878,21.151333774566652,28.052227294921874,,,
409,408,,,167.40709390875102,127,True,False,True,False,success,0.4610059857368469,,,ou_noise,0,194004,378010,189005,21.605981293625717,27.690988045039138,,,
410,409,,,-257.25229594924417,1000,False,False,False,True,cutoff,7.747344017028809,,,ou_noise,0,195004,380010,190005,21.173444452285768,27.821594961166383,,,
411,410,,,169.96538610720032,119,True,False,True,False,success,0.48683810234069824,,,ou_noise,0,195123,380248,190124,20.52288426070654,27.517664628870346,,,
412,411,,,-255.28825697079395,1000,False,False,False,True,cutoff,7.098804473876953,,,ou_noise,0,196123,382248,191124,21.026830792427063,27.557266111373902,,,
413,412,,,167.29615369997362,127,True,False,True,False,success,0.4704620838165283,,,ou_noise,0,196250,382502,191251,21.192633050633226,26.820039583942084,,,
414,413,,,-269.7151082701884,1000,False,False,False,True,cutoff,7.232621192932129,,,ou_noise,0,197250,384502,192251,22.582760506153107,27.674213512420653,,,
415,414,,,168.6130434444204,119,True,False,True,False,success,0.44751784205436707,,,ou_noise,0,197369,384740,192370,23.741496751288405,27.660844017477597,,,
416,415,,,166.09703566652195,132,True,False,True,False,success,0.4514976441860199,,,ou_noise,0,197501,385004,192502,22.457387086116906,27.65127469554092,,,
417,416,,,-253.98629248917578,1000,False,False,False,True,cutoff,7.186848163604736,,,ou_noise,0,198501,387004,193502,22.49625048160553,27.541939937591554,,,
418,417,,,171.87154945987436,116,True,False,True,False,success,0.40756046772003174,,,ou_noise,0,198617,387236,193618,23.559464824610743,27.104804039001465,,,
419,418,,,-254.8055176479271,1000,False,False,False,True,cutoff,7.4477715492248535,,,ou_noise,0,199617,389236,194618,22.398582938194274,27.76953204345703,,,
420,419,,,136.91929604583373,223,True,False,True,False,success,0.4960213899612427,,,ou_noise,0,199840,389682,194841,22.06360277039053,27.60939793950239,,,
421,420,,,171.84456291752474,114,True,False,True,False,success,0.4095250368118286,,,ou_noise,0,199954,389910,194955,21.27120138469495,27.64533255393045,,,
422,421,,,-270.2585107744658,1000,False,False,False,True,cutoff,7.2406229972839355,,,ou_noise,0,200954,391910,195955,21.795852330207826,27.52466524887085,,,
423,422,,,168.64484743544213,124,True,False,True,False,success,0.40374985337257385,,,ou_noise,0,201078,392158,196079,22.25223788522905,27.725720697833644,,,
424,423,,,169.8020810864626,120,True,False,True,False,success,0.49069440364837646,,,ou_noise,0,201198,392398,196199,21.914894711971282,27.43105192184448,,,
425,424,,,-287.00097697029736,1000,False,False,False,True,cutoff,4.049378871917725,,,ou_noise,0,202198,394398,197199,21.986021753311157,27.481608470916747,,,
426,425,,,-241.6655454052993,1000,False,False,False,True,cutoff,7.453355312347412,,,ou_noise,0,203198,396398,198199,21.301507428169252,27.430911909103393,,,
427,426,,,167.266634522606,122,True,False,True,False,success,0.4944027066230774,,,ou_noise,0,203320,396642,198321,21.13916841882174,27.747900243665352,,,
428,427,,,168.9426517066819,120,True,False,True,False,success,0.4992617666721344,,,ou_noise,0,203440,396882,198441,20.174460180600484,27.017535130182903,,,
429,428,,,169.6606779388543,118,True,False,True,False,success,0.46222588419914246,,,ou_noise,0,203558,397118,198559,20.390433299339424,27.924469462895797,,,
430,429,,,166.15961699590002,132,True,False,True,False,success,0.4533214271068573,,,ou_noise,0,203690,397382,198691,20.11841637799234,27.43882179260254,,,
431,430,,,166.63239466529308,131,True,False,True,False,success,0.41830548644065857,,,ou_noise,0,203821,397644,198822,20.970706168021863,27.13076116838528,,,
432,431,,,-287.46263984906216,1000,False,False,False,True,cutoff,7.1434807777404785,,,ou_noise,0,204821,399644,199822,20.740750629901886,27.3008252620697,,,
433,432,,,169.08601862007822,118,True,False,True,False,success,0.48906031250953674,,,ou_noise,0,204939,399880,199940,19.248389943171357,27.704188508502508,,,
434,433,,,-208.63320085253218,1000,False,False,False,True,cutoff,7.84347677230835,,,ou_noise,0,205939,401880,200940,20.83311536312103,27.3552833442688,,,
435,434,,,-271.659027352826,1000,False,False,False,True,cutoff,7.530781269073486,,,ou_noise,0,206939,403880,201940,20.417964543819426,27.362456090927125,,,
436,435,,,166.88940330561866,122,True,False,True,False,success,0.49628007411956787,,,ou_noise,0,207061,404124,202062,20.582948989555483,27.433393243883476,,,
437,436,,,-278.5806917662497,1000,False,False,False,True,cutoff,7.147773742675781,,,ou_noise,0,208061,406124,203062,20.450786457538605,27.195062740325927,,,
438,437,,,-249.983638678789,1000,False,False,False,True,cutoff,7.693634033203125,,,ou_noise,0,209061,408124,204062,19.676936648845672,26.94914302825928,,,
439,438,,,158.1094791470162,143,True,False,True,False,success,0.48707374930381775,,,ou_noise,0,209204,408410,204205,19.377669187692497,27.064712270990118,,,
440,439,,,160.91810699106819,145,True,False,True,False,success,0.4585944414138794,,,ou_noise,0,209349,408700,204350,19.09668510042388,26.809435390603955,,,
441,440,,,172.67883461542527,112,True,False,True,False,success,0.44338324666023254,,,ou_noise,0,209461,408924,204462,19.544648723942892,26.865833725248063,,,
442,441,,,-275.7193440397525,1000,False,False,False,True,cutoff,7.586948871612549,,,ou_noise,0,210461,410924,205462,20.02858903193474,26.687089223861694,,,
443,442,,,166.00573297048118,129,True,False,True,False,success,0.42337605357170105,,,ou_noise,0,210590,411182,205591,19.934574023697728,26.387530955233316,,,
444,443,,,-294.7053910986281,1000,False,False,False,True,cutoff,7.35845947265625,,,ou_noise,0,211590,413182,206591,19.337425342082977,26.460720024108888,,,
445,444,,,165.73854566748813,127,True,False,True,False,success,0.41920924186706543,,,ou_noise,0,211717,413436,206718,19.189536507674088,25.89267060888095,,,
446,445,,,-288.7775257257415,1000,False,False,False,True,cutoff,4.3083062171936035,,,ou_noise,0,212717,415436,207718,18.590778980255127,26.017742822647094,,,
447,446,,,102.27421986296206,337,True,False,True,False,success,0.42137691378593445,,,ou_noise,0,213054,416110,208055,18.936270044536194,25.795380204650698,,,
448,447,,,158.60806511284244,164,True,False,True,False,success,0.4261360168457031,,,ou_noise,0,213218,416438,208219,18.479276953673946,25.712979537684742,,,
449,448,,,-329.31387643865475,1000,False,False,False,True,cutoff,7.200713157653809,,,ou_noise,0,214218,418438,209219,17.83400056552887,25.983187381744386,,,
450,449,,,169.05691346643218,126,True,False,True,False,success,0.4765719175338745,,,ou_noise,0,214344,418690,209345,18.175831499553862,25.81129184601799,,,
451,450,,,166.47254211537705,127,True,False,True,False,success,0.4487728178501129,,,ou_noise,0,214471,418944,209472,17.950198774262677,26.162697619340552,,,
452,451,,,-281.45371138935343,1000,False,False,False,True,cutoff,4.104905128479004,,,ou_noise,0,215471,420944,210472,17.336049479484558,26.146324468612672,,,
453,452,,,166.8383161303643,127,True,False,True,False,success,0.4392377734184265,,,ou_noise,0,215598,421198,210599,18.66180286820479,26.15814052792046,,,
454,453,,,-242.79173345524268,1000,False,False,False,True,cutoff,7.288670539855957,,,ou_noise,0,216598,423198,211599,17.398527415513993,26.373460199356078,,,
455,454,,,-230.95517679023155,1000,False,False,False,True,cutoff,7.524920463562012,,,ou_noise,0,217598,425198,212599,17.14901328277588,26.3002620677948,,,
456,455,,,-74.25091528878903,133,False,True,True,False,collision,3.4008796215057373,,,ou_noise,0,217731,425464,212732,17.356780566667254,26.54343659537179,,,
457,456,,,-272.5679020683421,1000,False,False,False,True,cutoff,3.262136936187744,,,ou_noise,0,218731,427464,213732,17.239697318315507,26.58636608695984,,,
458,457,,,117.2250694730183,278,True,False,True,False,success,0.4593185484409332,,,ou_noise,0,219009,428020,214010,17.30749089769322,26.283572821308383,,,
459,458,,,-274.66981843942955,1000,False,False,False,True,cutoff,3.71099591255188,,,ou_noise,0,220009,430020,215010,17.950827869176866,26.57292984008789,,,
460,459,,,132.7666225580499,233,True,False,True,False,success,0.4641134738922119,,,ou_noise,0,220242,430486,215243,18.86489192917623,26.48404027259401,,,
461,460,,,-229.39458319227631,1000,False,False,False,True,cutoff,7.339962005615234,,,ou_noise,0,221242,432486,216243,18.6189130859375,26.56751171875,,,
462,461,,,169.9544473856457,119,True,False,True,False,success,0.4581465423107147,,,ou_noise,0,221361,432724,216362,18.633036801794997,27.227139561116193,,,
463,462,,,170.94496853547253,127,True,False,True,False,success,0.44583243131637573,,,ou_noise,0,221488,432978,216489,18.90146668501726,26.933691775704933,,,
464,463,,,171.01932728703449,121,True,False,True,False,success,0.454752653837204,,,ou_noise,0,221609,433220,216610,20.430343499853592,26.8236340924728,,,
465,464,,,165.33239571514207,133,True,False,True,False,success,0.49428030848503113,,,ou_noise,0,221742,433486,216743,18.705978232218808,27.311839139551147,,,
466,465,,,160.70252827773754,143,True,False,True,False,success,0.42309826612472534,,,ou_noise,0,221885,433772,216886,20.456075359891344,26.967456470836293,,,
467,466,,,-208.1711051507286,1000,False,False,False,True,cutoff,7.446926593780518,,,ou_noise,0,222885,435772,217886,19.684060673236846,26.848741104125978,,,
468,467,,,145.05897293290462,218,True,False,True,False,success,0.44778239727020264,,,ou_noise,0,223103,436208,218104,21.224338676951348,26.75151804827769,,,
469,468,,,167.86347264328646,125,True,False,True,False,success,0.4992491602897644,,,ou_noise,0,223228,436458,218229,21.60611868286133,27.032127075195312,,,
470,469,,,170.96027279957292,119,True,False,True,False,success,0.4100230038166046,,,ou_noise,0,223347,436696,218348,22.576022003879068,26.974646880847065,,,
471,470,,,160.96939169391476,143,True,False,True,False,success,0.43949094414711,,,ou_noise,0,223490,436982,218491,22.548322901025518,26.692776886733263,,,
472,471,,,-225.4840127217885,1000,False,False,False,True,cutoff,7.691553115844727,,,ou_noise,0,224490,438982,219491,20.978670015573503,26.677338199615477,,,
473,472,,,163.17651270728194,141,True,False,True,False,success,0.4709520936012268,,,ou_noise,0,224631,439264,219632,22.59324633145163,26.837632429515217,,,
474,473,,,167.58529605385846,127,True,False,True,False,success,0.4453672766685486,,,ou_noise,0,224758,439518,219759,25.22500888944611,26.838927952323374,,,
475,474,,,162.1011908396576,145,True,False,True,False,success,0.4575842320919037,,,ou_noise,0,224903,439808,219904,20.46797295603259,26.547021392296102,,,
476,475,,,-218.26820972920552,1000,False,False,False,True,cutoff,7.620479583740234,,,ou_noise,0,225903,441808,220904,22.62408121442795,26.726711238861085,,,
477,476,,,-205.95581329712212,1000,False,False,False,True,cutoff,7.183637619018555,,,ou_noise,0,226903,443808,221904,23.95571258687973,26.94000869369507,,,
478,477,,,172.7935790277552,115,True,False,True,False,success,0.4123844504356384,,,ou_noise,0,227018,444038,222019,28.3496867760368,26.7260335839313,,,
479,478,,,22.616448274382236,635,True,False,True,False,success,0.4910881519317627,,,ou_noise,0,227653,445308,222654,23.227057655214324,26.89439899414543,,,
480,479,,,-245.90291263215065,1000,False,False,False,True,cutoff,7.284145832061768,,,ou_noise,0,228653,447308,223654,25.332510816574096,27.23439692687988,,,
481,480,,,-273.0917885408742,1000,False,False,False,True,cutoff,4.2903947830200195,,,ou_noise,0,229653,449308,224654,26.724835923671723,27.741483234405518,,,
482,481,,,165.3744420398325,129,True,False,True,False,success,0.46974411606788635,,,ou_noise,0,229782,449566,224783,29.582339168519013,27.986668889836746,,,
483,482,,,146.3659446459298,189,True,False,True,False,success,0.4903315007686615,,,ou_noise,0,229971,449944,224972,27.541820452957555,27.92488675395017,,,
484,483,,,-265.59517522647104,1000,False,False,False,True,cutoff,7.517407417297363,,,ou_noise,0,230971,451944,225972,30.785204793453218,28.038050216674804,,,
485,484,,,-237.36488033972952,1000,False,False,False,True,cutoff,7.148362636566162,,,ou_noise,0,231971,453944,226972,31.01720595550537,28.200524085998534,,,
486,485,,,-249.04077035763066,1000,False,False,False,True,cutoff,4.123542785644531,,,ou_noise,0,232971,455944,227972,29.89923580670357,28.26501148033142,,,
487,486,,,-97.6611011381225,30,False,True,True,False,collision,9.039022445678711,,,ou_noise,0,233001,456004,228002,25.484998321533205,28.19036293029785,,,
488,487,,,-321.3041057289425,1000,False,False,False,True,cutoff,5.9123406410217285,,,ou_noise,0,234001,458004,229002,24.877285299777984,28.186239444732667,,,
489,488,,,-307.38114398542587,1000,False,False,False,True,cutoff,8.214637756347656,,,ou_noise,0,235001,460004,230002,25.349906303882598,27.96591273880005,,,
490,489,,,168.64335281888347,121,True,False,True,False,success,0.457688570022583,,,ou_noise,0,235122,460246,230123,22.990771920227807,27.725759726910553,,,
491,490,,,-253.30931415376259,1000,False,False,False,True,cutoff,7.01795768737793,,,ou_noise,0,236122,462246,231123,23.773568434715273,28.128591060638428,,,
492,491,,,165.6199701483261,129,True,False,True,False,success,0.4340849220752716,,,ou_noise,0,236251,462504,231252,24.053886125254078,28.27540696314139,,,
493,492,,,164.81142528422987,135,True,False,True,False,success,0.422806978225708,,,ou_noise,0,236386,462774,231387,23.585084657315853,27.995697360568577,,,
494,493,,,170.86134017728403,114,True,False,True,False,success,0.44761592149734497,,,ou_noise,0,236500,463002,231501,21.352471255419548,27.405037428203382,,,
495,494,,,137.1636791999344,213,True,False,True,False,success,0.4783839285373688,,,ou_noise,0,236713,463428,231714,23.488810673565933,27.99943818284872,,,
496,495,,,147.65194517749504,194,True,False,True,False,success,0.4361517131328583,,,ou_noise,0,236907,463816,231908,22.733732085867025,27.869272055085172,,,
497,496,,,170.77038352206137,117,True,False,True,False,success,0.4577482044696808,,,ou_noise,0,237024,464050,232025,25.87269352643918,27.421312446268196,,,
498,497,,,-279.7243981605533,1000,False,False,False,True,cutoff,5.635303497314453,,,ou_noise,0,238024,466050,233025,22.905184469223023,27.83896215248108,,,
499,498,,,169.59881162155966,119,True,False,True,False,success,0.42145922780036926,,,ou_noise,0,238143,466288,233144,23.262281538057728,27.681841169084823,,,
500,499,,,169.2240300030489,125,True,False,True,False,success,0.4395331144332886,,,ou_noise,0,238268,466538,233269,23.043952701568603,27.985238479614257,,,
501,500,,,164.90022466094152,134,True,False,True,False,success,0.425127774477005,,,ou_noise,0,238402,466806,233403,23.55655712512002,27.646171555590275,,,
502,501,,,168.17812278030476,127,True,False,True,False,success,0.46128320693969727,,,ou_noise,0,238529,467060,233530,21.778913152499463,27.313426761176643,,,
503,502,,,-276.7629215401176,1000,False,False,False,True,cutoff,8.67333698272705,,,ou_noise,0,239529,469060,234530,22.327479927539827,27.502332391738893,,,
504,503,,,-195.15424542137728,1000,False,False,False,True,cutoff,4.033451080322266,,,ou_noise,0,240529,471060,235530,21.407467930316926,27.122124629974365,,,
505,504,,,-287.95252099702725,1000,False,False,False,True,cutoff,8.05906867980957,,,ou_noise,0,241529,473060,236530,21.58201293325424,26.940538707733154,,,
506,505,,,-79.68741747836563,968,True,False,True,False,success,0.4977867603302002,,,ou_noise,0,242497,474996,237498,21.812173664569855,26.47185215674156,,,
507,506,,,-286.81954159667373,1000,False,False,False,True,cutoff,8.583592414855957,,,ou_noise,0,243497,476996,238498,22.189509403228758,26.248568773269653,,,
508,507,,,-262.3018168985886,1000,False,False,False,True,cutoff,8.275930404663086,,,ou_noise,0,244497,478996,239498,21.736642758369445,26.24593527984619,,,
509,508,,,165.77398489346857,130,True,False,True,False,success,0.4440959692001343,,,ou_noise,0,244627,479256,239628,23.029062461853027,26.239146599402794,,,
510,509,,,-296.40944673403055,1000,False,False,False,True,cutoff,7.405553340911865,,,ou_noise,0,245627,481256,240628,21.615669964790346,26.187061332702637,,,
511,510,,,167.92638958758852,123,True,False,True,False,success,0.4980003833770752,,,ou_noise,0,245750,481502,240751,23.119555050764628,26.24796768126449,,,
512,511,,,169.53584413170492,117,True,False,True,False,success,0.46211889386177063,,,ou_noise,0,245867,481736,240868,20.415721982972237,25.84097614451351,,,
513,512,,,-305.2882596767632,1000,False,False,False,True,cutoff,8.028141021728516,,,ou_noise,0,246867,483736,241868,20.58526697564125,25.635002042770385,,,
514,513,,,-287.8696003379777,1000,False,False,False,True,cutoff,7.308661460876465,,,ou_noise,0,247867,485736,242868,20.85810493516922,25.42956838798523,,,
515,514,,,168.96048084760366,116,True,False,True,False,success,0.49768850207328796,,,ou_noise,0,247983,485968,242984,20.771892592824738,25.59882014373253,,,
516,515,,,122.08493180025582,254,True,False,True,False,success,0.4246191680431366,,,ou_noise,0,248237,486476,243238,20.36564659696864,24.9936963329165,,,
517,516,,,-330.8530948307223,1000,False,False,False,True,cutoff,7.70585823059082,,,ou_noise,0,249237,488476,244238,21.321917012214662,25.02795796775818,,,
518,517,,,-207.52880884214582,1000,False,False,False,True,cutoff,3.0982799530029297,,,ou_noise,0,250237,490476,245238,21.71423468589783,25.0568882522583,,,
519,518,,,-309.74987032994756,1000,False,False,False,True,cutoff,7.1995086669921875,,,ou_noise,0,251237,492476,246238,21.881263709783553,25.020868236541748,,,
520,519,,,-310.4650305983084,1000,False,False,False,True,cutoff,7.204833507537842,,,ou_noise,0,252237,494476,247238,21.489260477542878,25.00432434272766,,,
521,520,,,-275.0134825512268,1000,False,False,False,True,cutoff,8.376016616821289,,,ou_noise,0,253237,496476,248238,21.80730598783493,24.978209043502808,,,
522,521,,,-248.16449462634094,1000,False,False,False,True,cutoff,3.5379436016082764,,,ou_noise,0,254237,498476,249238,22.486180658340455,24.777290117263792,,,
523,522,,,-261.8301101398884,1000,False,False,False,True,cutoff,7.281496047973633,,,ou_noise,0,255237,500476,250238,23.245197184085846,24.84755727005005,,,
524,523,,,-283.7959057127338,1000,False,False,False,True,cutoff,7.251195907592773,,,ou_noise,0,256237,502476,251238,24.67482546377182,24.896379076004028,,,
525,524,,,-263.335622224381,1000,False,False,False,True,cutoff,7.012790203094482,,,ou_noise,0,257237,504476,252238,25.716532544612885,24.6038314037323,,,
526,525,,,165.64467307955448,129,True,False,True,False,success,0.4119713306427002,,,ou_noise,0,257366,504734,252367,24.97324162490608,24.824518455091372,,,
527,526,,,-246.70608791815852,1000,False,False,False,True,cutoff,7.656633377075195,,,ou_noise,0,258366,506734,253367,25.48419659948349,24.561681163787842,,,
528,527,,,149.38438145398425,175,True,False,True,False,success,0.47406908869743347,,,ou_noise,0,258541,507084,253542,24.40975503921509,24.88394045148577,,,
529,528,,,172.64497937753796,112,True,False,True,False,success,0.4918587803840637,,,ou_noise,0,258653,507308,253654,24.27819666692189,24.472827621868678,,,
530,529,,,-233.88380176672806,1000,False,False,False,True,cutoff,7.26698637008667,,,ou_noise,0,259653,509308,254654,25.200771294116972,24.651374881744385,,,
531,530,,,163.40222384179452,131,True,False,True,False,success,0.47501176595687866,,,ou_noise,0,259784,509570,254785,27.19590085517359,24.88358295236835,,,
532,531,,,167.18618213558494,122,True,False,True,False,success,0.42144620418548584,,,ou_noise,0,259906,509814,254907,28.43218171010252,24.49492229399134,,,
533,532,,,-256.94303275750065,1000,False,False,False,True,cutoff,7.655537128448486,,,ou_noise,0,260906,511814,255907,25.009417360782624,24.684391767501833,,,
534,533,,,170.33818159218598,116,True,False,True,False,success,0.42212387919425964,,,ou_noise,0,261022,512046,256023,24.171480972191382,24.755875028412916,,,
535,534,,,163.6922587433506,141,True,False,True,False,success,0.4152570068836212,,,ou_noise,0,261163,512328,256164,25.34674655292051,24.972043882870505,,,
536,535,,,167.32300811885318,122,True,False,True,False,success,0.4749361574649811,,,ou_noise,0,261285,512572,256286,23.16065383739159,24.6058036147571,,,
537,536,,,-271.3415857746564,1000,False,False,False,True,cutoff,7.908463954925537,,,ou_noise,0,262285,514572,257286,23.993870894908905,24.596732908248903,,,
538,537,,,-284.81912970432984,1000,False,False,False,True,cutoff,7.143086910247803,,,ou_noise,0,263285,516572,258286,24.04579460477829,24.572453605651855,,,
539,538,,,163.729825749806,134,True,False,True,False,success,0.48212242126464844,,,ou_noise,0,263419,516840,258420,22.57917776392467,24.295990274913276,,,
540,539,,,-274.0086016415782,1000,False,False,False,True,cutoff,7.679637432098389,,,ou_noise,0,264419,518840,259420,22.5881355881691,24.278734888076784,,,
541,540,,,-314.4147821283182,1000,False,False,False,True,cutoff,7.404040336608887,,,ou_noise,0,265419,520840,260420,21.55056002140045,24.53623903083801,,,
542,541,,,-237.9899133609878,1000,False,False,False,True,cutoff,3.122373104095459,,,ou_noise,0,266419,522840,261420,20.4348853662014,24.090708829879762,,,
543,542,,,168.04708277925783,121,True,False,True,False,success,0.4651518166065216,,,ou_noise,0,266540,523082,261541,20.795057399213807,24.506320827263448,,,
544,543,,,-234.195288978167,1000,False,False,False,True,cutoff,3.9747302532196045,,,ou_noise,0,267540,525082,262541,19.767578584432602,24.045708681106568,,,
545,544,,,-275.52899605279276,1000,False,False,False,True,cutoff,7.309335708618164,,,ou_noise,0,268540,527082,263541,20.575040729522705,24.473972986221312,,,
546,545,,,-257.80966819161455,1000,False,False,False,True,cutoff,6.927563190460205,,,ou_noise,0,269540,529082,264541,20.771459566116334,24.960141471862794,,,
547,546,,,167.2545164496155,123,True,False,True,False,success,0.49997150897979736,,,ou_noise,0,269663,529328,264664,20.022489908264905,25.604476727121245,,,
548,547,,,-242.88173096349962,1000,False,False,False,True,cutoff,7.0701189041137695,,,ou_noise,0,270663,531328,265664,22.262224791049956,25.4112225856781,,,
549,548,,,-248.80101661632202,1000,False,False,False,True,cutoff,7.1692070960998535,,,ou_noise,0,271663,533328,266664,20.9848019695282,25.473545770645142,,,
550,549,,,-279.62606620113974,1000,False,False,False,True,cutoff,7.599581718444824,,,ou_noise,0,272663,535328,267664,20.34297608947754,25.710195640563963,,,
551,550,,,-239.586954636451,1000,False,False,False,True,cutoff,6.962260723114014,,,ou_noise,0,273663,537328,268664,20.691269983768464,25.638524797439576,,,
552,551,,,172.3831049768126,115,True,False,True,False,success,0.4244292974472046,,,ou_noise,0,273778,537558,268779,20.836782401541004,25.350780885115913,,,
553,552,,,-277.6319500762297,1000,False,False,False,True,cutoff,7.6233439445495605,,,ou_noise,0,274778,539558,269779,20.342246872901917,25.378060680389403,,,
554,553,,,-239.62104267939287,1000,False,False,False,True,cutoff,5.313685417175293,,,ou_noise,0,275778,541558,270779,19.97426348924637,25.40233212471008,,,
555,554,,,-43.59666954439725,102,False,True,True,False,collision,2.2370941638946533,,,ou_noise,0,275880,541762,270881,18.98500318620719,25.13179158229454,,,
556,555,,,-285.01841451693787,1000,False,False,False,True,cutoff,7.4499030113220215,,,ou_noise,0,276880,543762,271881,19.99648299241066,25.497721515655517,,,
557,556,,,167.0305668049158,127,True,False,True,False,success,0.4510936737060547,,,ou_noise,0,277007,544016,272008,19.037549998816544,25.620833629698264,,,
558,557,,,162.9371464455734,147,True,False,True,False,success,0.4581281542778015,,,ou_noise,0,277154,544310,272155,19.71160191905742,25.627925717100805,,,
559,558,,,53.7865774778904,513,True,False,True,False,success,0.47240835428237915,,,ou_noise,0,277667,545336,272668,20.051149943651048,25.384122201573778,,,
560,559,,,167.72218521816205,123,True,False,True,False,success,0.44909805059432983,,,ou_noise,0,277790,545582,272791,20.47018334148376,25.497580256888536,,,
561,560,,,159.41810589748778,149,True,False,True,False,success,0.4645320475101471,,,ou_noise,0,277939,545880,272940,18.55791164564606,25.35824920347073,,,
562,561,,,-233.50526226858761,1000,False,False,False,True,cutoff,3.749985694885254,,,ou_noise,0,278939,547880,273940,20.377724354743957,25.470673217773438,,,
563,562,,,143.24421097445867,187,True,False,True,False,success,0.4460534453392029,,,ou_noise,0,279126,548254,274127,20.36097111676466,25.788609326204515,,,
564,563,,,-219.039229497968,1000,False,False,False,True,cutoff,7.164218902587891,,,ou_noise,0,280126,550254,275127,19.78481567144394,25.468175132751465,,,
565,564,,,163.31158330514614,139,True,False,True,False,success,0.4929122030735016,,,ou_noise,0,280265,550532,275266,20.165660762100767,25.754066357509696,,,
566,565,,,166.18207375405524,128,True,False,True,False,success,0.45621034502983093,,,ou_noise,0,280393,550788,275394,17.649707101285458,25.389238268136978,,,
567,566,,,169.96071983546784,116,True,False,True,False,success,0.49932044744491577,,,ou_noise,0,280509,551020,275510,19.11030367325092,25.56692728502997,,,
568,567,,,160.84249896149697,145,True,False,True,False,success,0.4635075032711029,,,ou_noise,0,280654,551310,275655,18.905960429947953,25.51031615158607,,,
569,568,,,166.81193799890585,125,True,False,True,False,success,0.4356329143047333,,,ou_noise,0,280779,551560,275780,19.418225471496584,25.495142990112306,,,
570,569,,,167.90760000827208,118,True,False,True,False,success,0.4297279119491577,,,ou_noise,0,280897,551796,275898,18.738787919788038,25.45387387679795,,,
571,570,,,165.01660738426148,132,True,False,True,False,success,0.4512035846710205,,,ou_noise,0,281029,552060,276030,18.65052194667585,25.366907090851754,,,
572,571,,,-178.36733489854802,1000,False,False,False,True,cutoff,4.260200500488281,,,ou_noise,0,282029,554060,277030,20.013845145463943,25.177076831817626,,,
573,572,,,-234.49083228857938,611,False,True,True,False,collision,4.814883708953857,,,ou_noise,0,282640,555282,277641,19.00767955764421,25.378219080049355,,,
574,573,,,-230.7771582520983,1000,False,False,False,True,cutoff,7.225329875946045,,,ou_noise,0,283640,557282,278641,19.556148223400115,25.567063508987427,,,
575,574,,,167.22665392530675,120,True,False,True,False,success,0.4612051248550415,,,ou_noise,0,283760,557522,278761,18.031726183493934,25.617105595270793,,,
576,575,,,-241.1502445661799,1000,False,False,False,True,cutoff,7.165900707244873,,,ou_noise,0,284760,559522,279761,18.64635236263275,25.7374792137146,,,
577,576,,,-116.04191644327327,181,False,True,True,False,collision,6.117298603057861,,,ou_noise,0,284941,559884,279942,19.114685930599823,26.121978675462923,,,
578,577,,,166.97072013851238,124,True,False,True,False,success,0.4961830973625183,,,ou_noise,0,285065,560132,280066,18.922471719403422,25.80504515863234,,,
579,578,,,-291.23523918190125,1000,False,False,False,True,cutoff,7.46297025680542,,,ou_noise,0,286065,562132,281066,20.087559908390045,25.88818015098572,,,
580,579,,,-351.7908896949925,1000,False,False,False,True,cutoff,7.206616401672363,,,ou_noise,0,287065,564132,282066,19.70346920657158,26.214698369979857,,,
581,580,,,-329.53485099161327,1000,False,False,False,True,cutoff,7.493156433105469,,,ou_noise,0,288065,566132,283066,19.607229938030244,26.717144496917726,,,
582,581,,,-208.413069948458,1000,False,False,False,True,cutoff,4.194211959838867,,,ou_noise,0,289065,568132,284066,19.603423026561735,27.060284719467163,,,
583,582,,,-288.6817712963513,1000,False,False,False,True,cutoff,6.580843925476074,,,ou_noise,0,290065,570132,285066,19.82359613990784,27.387981714248657,,,
584,583,,,-267.1504888109729,1000,False,False,False,True,cutoff,7.079667091369629,,,ou_noise,0,291065,572132,286066,20.308828602552413,27.772656337738038,,,
585,584,,,142.19998930548388,167,True,False,True,False,success,0.45577237010002136,,,ou_noise,0,291232,572466,286233,20.191153372119288,27.875132098169384,,,
586,585,,,-230.902558668078,1000,False,False,False,True,cutoff,6.9815144538879395,,,ou_noise,0,292232,574466,287233,20.032006552696227,28.120553777694703,,,
587,586,,,-339.89806684345683,1000,False,False,False,True,cutoff,7.010218143463135,,,ou_noise,0,293232,576466,288233,19.58496775507927,28.581644021987916,,,
588,587,,,-232.81241679499684,1000,False,False,False,True,cutoff,7.216656684875488,,,ou_noise,0,294232,578466,289233,19.21328165650368,29.098588523864745,,,
589,588,,,-115.14063708765767,41,False,True,True,False,collision,10.012236595153809,,,ou_noise,0,294273,578548,289274,19.126797362071713,28.867470718011624,,,
590,589,,,166.59284877644268,126,True,False,True,False,success,0.46994560956954956,,,ou_noise,0,294399,578800,289400,19.66663724657089,29.008472200423952,,,
591,590,,,166.18292858539374,122,True,False,True,False,success,0.4874947965145111,,,ou_noise,0,294521,579044,289522,17.81981979432653,29.2336672954872,,,
592,591,,,-299.38439033188615,1000,False,False,False,True,cutoff,7.0771164894104,,,ou_noise,0,295521,581044,290522,18.577009590625764,29.496590684890748,,,
593,592,,,-238.19329796394376,1000,False,False,False,True,cutoff,7.27242374420166,,,ou_noise,0,296521,583044,291522,18.37617382645607,29.690760570526123,,,
594,593,,,-199.3076924172898,1000,False,False,False,True,cutoff,5.0145463943481445,,,ou_noise,0,297521,585044,292522,18.35829475569725,29.844028726577758,,,
595,594,,,-317.72848033881615,1000,False,False,False,True,cutoff,6.848817825317383,,,ou_noise,0,298521,587044,293522,18.501439882516863,30.026056594848633,,,
596,595,,,159.42883777928694,149,True,False,True,False,success,0.44137734174728394,,,ou_noise,0,298670,587342,293671,18.545216253139827,30.251126142156203,,,
597,596,,,165.8064703090708,128,True,False,True,False,success,0.4668785333633423,,,ou_noise,0,298798,587598,293799,19.255911208689213,30.14914658665657,,,
598,597,,,161.2956883274037,135,True,False,True,False,success,0.4693984091281891,,,ou_noise,0,298933,587868,293934,16.75780778284426,30.080766310515227,,,
599,598,,,153.4479278544153,160,True,False,True,False,success,0.45258885622024536,,,ou_noise,0,299093,588188,294094,17.292631006240846,29.72577061653137,,,
600,599,,,164.78191496091716,134,True,False,True,False,success,0.41295379400253296,,,ou_noise,0,299227,588456,294228,17.693832692815295,29.850759563161365,,,
601,600,,,-232.6336035890164,1000,False,False,False,True,cutoff,7.423147201538086,,,ou_noise,0,300227,590456,295228,17.804096415281297,29.666581411361694,,,
602,601,,,167.26715037803947,126,True,False,True,False,success,0.48187875747680664,,,ou_noise,0,300353,590708,295354,16.671680177961075,29.58574414631677,,,
603,602,,,-267.67952984190254,1000,False,False,False,True,cutoff,6.624246120452881,,,ou_noise,0,301353,592708,296354,16.963535958051683,29.1504686088562,,,
604,603,,,-319.628124164342,1000,False,False,False,True,cutoff,7.030550479888916,,,ou_noise,0,302353,594708,297354,17.37585163784027,28.81832143974304,,,
605,604,,,-343.8647352476611,1000,False,False,False,True,cutoff,7.087124347686768,,,ou_noise,0,303353,596708,298354,17.75503090620041,28.577555158615112,,,
606,605,,,-288.85420765800944,1000,False,False,False,True,cutoff,7.1139912605285645,,,ou_noise,0,304353,598708,299354,17.852134825229644,28.29385143852234,,,
607,606,,,160.47336985007937,148,True,False,True,False,success,0.4878859519958496,,,ou_noise,0,304501,599004,299502,17.990539995399683,27.9836162103189,,,
608,607,,,167.84684855854175,118,True,False,True,False,success,0.47655776143074036,,,ou_noise,0,304619,599240,299620,18.378045518519514,28.25460920495502,,,
609,608,,,169.26072265837286,114,True,False,True,False,success,0.44460758566856384,,,ou_noise,0,304733,599468,299734,17.951142480498866,28.367150909022282,,,
610,609,,,-230.44065939149007,1000,False,False,False,True,cutoff,4.00922966003418,,,ou_noise,0,305733,601468,300734,17.701369809389114,27.91227121734619,,,
611,610,,,-227.69353964739636,1000,False,False,False,True,cutoff,7.431936740875244,,,ou_noise,0,306733,603468,301734,18.70898984003067,27.783546096801757,,,
612,611,,,165.8071294453768,127,True,False,True,False,success,0.49144065380096436,,,ou_noise,0,306860,603722,301861,18.27924737780113,27.971905805933194,,,
613,612,,,-229.1586190593329,1000,False,False,False,True,cutoff,7.533175468444824,,,ou_noise,0,307860,605722,302861,18.354972334384918,27.75097239112854,,,
614,613,,,165.55008424910244,128,True,False,True,False,success,0.4995717704296112,,,ou_noise,0,307988,605978,302989,18.662369154393673,28.060196489095688,,,
615,614,,,-237.40000832039843,1000,False,False,False,True,cutoff,7.458908557891846,,,ou_noise,0,308988,607978,303989,18.95321407675743,27.803262178421022,,,
616,615,,,160.53661820797294,140,True,False,True,False,success,0.4439677298069,,,ou_noise,0,309128,608258,304129,17.761435103416442,27.78413407461984,,,
617,616,,,-268.7001698568914,1000,False,False,False,True,cutoff,7.48380184173584,,,ou_noise,0,310128,610258,305129,19.302897776126862,27.931276630401612,,,
618,617,,,-296.7442863889096,1000,False,False,False,True,cutoff,9.108119010925293,,,ou_noise,0,311128,612258,306129,19.53911627817154,28.09613985824585,,,
619,618,,,167.14352285398576,127,True,False,True,False,success,0.4079805612564087,,,ou_noise,0,311255,612512,306256,18.333486373030293,28.147367912953293,,,
620,619,,,-248.68527089033756,1000,False,False,False,True,cutoff,7.661827564239502,,,ou_noise,0,312255,614512,307256,18.869503568410874,28.54447039413452,,,
621,620,,,138.00113158884,227,True,False,True,False,success,0.47011274099349976,,,ou_noise,0,312482,614966,307483,20.606824361280196,28.669280300056357,,,
622,621,,,164.97179348322004,132,True,False,True,False,success,0.4380720853805542,,,ou_noise,0,312614,615230,307615,16.011163073958773,28.78424533208211,,,
623,622,,,-305.3401243073717,1000,False,False,False,True,cutoff,7.6004509925842285,,,ou_noise,0,313614,617230,308615,17.2300580368042,28.83529379463196,,,
624,623,,,-231.4266033415854,1000,False,False,False,True,cutoff,7.496695518493652,,,ou_noise,0,314614,619230,309615,17.706741704940796,29.18739343070984,,,
625,624,,,-261.9977955954238,1000,False,False,False,True,cutoff,7.7661213874816895,,,ou_noise,0,315614,621230,310615,17.512566264152525,29.306689125061034,,,
626,625,,,-69.36069559960166,120,False,True,True,False,collision,4.1961798667907715,,,ou_noise,0,315734,621470,310735,16.035854677359264,29.26152164141337,,,
627,626,,,141.83382025236,211,True,False,True,False,success,0.47650885581970215,,,ou_noise,0,315945,621892,310946,16.65363889734892,29.49455385976493,,,
628,627,,,-258.57731060173626,1000,False,False,False,True,cutoff,7.3530778884887695,,,ou_noise,0,316945,623892,311946,17.113758791685104,29.52722131919861,,,
629,628,,,167.79725776109012,121,True,False,True,False,success,0.47149789333343506,,,ou_noise,0,317066,624134,312067,15.50919037811027,29.60745535606195,,,
630,629,,,37.404575129275926,574,True,False,True,False,success,0.4375016689300537,,,ou_noise,0,317640,625282,312641,17.843879462949907,29.446635927472794,,,
631,630,,,-223.9526457050652,1000,False,False,False,True,cutoff,4.00377082824707,,,ou_noise,0,318640,627282,313641,16.87583647823334,29.567801866531372,,,
632,631,,,167.3233667303547,125,True,False,True,False,success,0.43903806805610657,,,ou_noise,0,318765,627532,313766,16.3810243434906,29.045186569213868,,,
633,632,,,-244.16130682796512,1000,False,False,False,True,cutoff,7.133785724639893,,,ou_noise,0,319765,629532,314766,16.714651628494263,29.35775821495056,,,
634,633,,,-265.2885330300156,1000,False,False,False,True,cutoff,7.706650733947754,,,ou_noise,0,320765,631532,315766,18.20049630308151,29.18389782524109,,,
635,634,,,-63.386095116239005,155,False,True,True,False,collision,2.4067800045013428,,,ou_noise,0,320920,631842,315921,18.51504722872088,29.002792567591513,,,
636,635,,,-275.5715118779243,1000,False,False,False,True,cutoff,8.868828773498535,,,ou_noise,0,321920,633842,316921,17.165403382062912,29.035277444839476,,,
637,636,,,-227.09195257616634,1000,False,False,False,True,cutoff,7.545841693878174,,,ou_noise,0,322920,635842,317921,17.468825808048248,29.053154834747314,,,
638,637,,,-249.77268653366738,1000,False,False,False,True,cutoff,7.385555744171143,,,ou_noise,0,323920,637842,318921,16.98454952669144,28.951636846542357,,,
639,638,,,-222.730094376697,1000,False,False,False,True,cutoff,7.767045974731445,,,ou_noise,0,324920,639842,319921,17.72044611120224,28.983246501922608,,,
640,639,,,170.40952987841172,119,True,False,True,False,success,0.4423274099826813,,,ou_noise,0,325039,640080,320040,20.9978348086862,28.883245868843144,,,
641,640,,,167.9042767018093,121,True,False,True,False,success,0.47355976700782776,,,ou_noise,0,325160,640322,320161,15.86354426707118,29.17770604850832,,,
642,641,,,-266.42556624091054,1000,False,False,False,True,cutoff,7.641805648803711,,,ou_noise,0,326160,642322,321161,18.562552709817886,29.330240154266356,,,
643,642,,,166.1459336026067,122,True,False,True,False,success,0.46433591842651367,,,ou_noise,0,326282,642566,321283,16.961461280213026,29.55010515744569,,,
644,643,,,-220.7249481209345,1000,False,False,False,True,cutoff,7.635964870452881,,,ou_noise,0,327282,644566,322283,17.451450659275054,29.450899112701418,,,
645,644,,,164.9660793604768,131,True,False,True,False,success,0.41564133763313293,,,ou_noise,0,327413,644828,322414,15.572260603649926,29.484663839558607,,,
646,645,,,168.14031690307448,118,True,False,True,False,success,0.4872896373271942,,,ou_noise,0,327531,645064,322532,14.913043517177387,29.67194343825518,,,
647,646,,,165.96286307782128,126,True,False,True,False,success,0.4756459891796112,,,ou_noise,0,327657,645316,322658,14.566209202721005,29.66324906122117,,,
648,647,,,165.218359125366,128,True,False,True,False,success,0.48043784499168396,,,ou_noise,0,327785,645572,322786,15.154682269319892,29.68933142721653,,,
649,648,,,168.37348821703918,122,True,False,True,False,success,0.4743596613407135,,,ou_noise,0,327907,645816,322908,16.054971622639016,29.243335817680983,,,
650,649,,,168.96957634223475,118,True,False,True,False,success,0.42243143916130066,,,ou_noise,0,328025,646052,323026,16.537750595707003,29.400873766107075,,,
651,650,,,160.21734734474956,144,True,False,True,False,success,0.49505484104156494,,,ou_noise,0,328169,646340,323170,16.70649463435014,29.66049936082628,,,
652,651,,,-263.09055879011584,1000,False,False,False,True,cutoff,7.620278358459473,,,ou_noise,0,329169,648340,324170,15.501441202163697,29.34502613067627,,,
653,652,,,-204.54105510426106,1000,False,False,False,True,cutoff,3.846130132675171,,,ou_noise,0,330169,650340,325170,15.414575488567353,29.387138090133668,,,
654,653,,,-266.0745942002326,1000,False,False,False,True,cutoff,7.347721576690674,,,ou_noise,0,331169,652340,326170,15.17840314745903,29.30764799118042,,,
655,654,,,-280.9298372469534,1000,False,False,False,True,cutoff,9.343695640563965,,,ou_noise,0,332169,654340,327170,15.293303012132645,29.25965048599243,,,
656,655,,,-188.73150347895466,1000,False,False,False,True,cutoff,3.740767478942871,,,ou_noise,0,333169,656340,328170,15.043863323688507,29.201031211853028,,,
657,656,,,-242.5485247032615,1000,False,False,False,True,cutoff,7.197982311248779,,,ou_noise,0,334169,658340,329170,15.807532819986344,29.075330043792725,,,
658,657,,,119.46993391701855,270,True,False,True,False,success,0.45031946897506714,,,ou_noise,0,334439,658880,329440,16.60617458378827,28.925844941315827,,,
659,658,,,-323.1693890358772,1000,False,False,False,True,cutoff,7.323639392852783,,,ou_noise,0,335439,660880,330440,16.36676433324814,28.926514808654787,,,
660,659,,,-248.04530768435404,1000,False,False,False,True,cutoff,7.255043983459473,,,ou_noise,0,336439,662880,331440,16.0858963599205,28.92591866493225,,,
661,660,,,167.87628190844222,123,True,False,True,False,success,0.4453426003456116,,,ou_noise,0,336562,663126,331563,16.976466506477294,29.30609696861205,,,
662,661,,,-192.37896721713662,400,False,True,True,False,collision,7.039286136627197,,,ou_noise,0,336962,663926,331963,14.908055817484856,29.1005526971817,,,
663,662,,,-264.9385423588419,1000,False,False,False,True,cutoff,7.172235488891602,,,ou_noise,0,337962,665926,332963,14.493497307300567,29.18123785018921,,,
664,663,,,-254.08273538880078,1000,False,False,False,True,cutoff,6.9455180168151855,,,ou_noise,0,338962,667926,333963,14.526314908742904,29.27085908126831,,,
665,664,,,166.06930444485184,126,True,False,True,False,success,0.4744105935096741,,,ou_noise,0,339088,668178,334089,15.420366659997002,29.302430970328196,,,
666,665,,,-281.8058547844037,650,False,True,True,False,collision,7.533271312713623,,,ou_noise,0,339738,669478,334739,15.373810084783115,29.169331603417028,,,
667,666,,,167.8191112087943,119,True,False,True,False,success,0.45740002393722534,,,ou_noise,0,339857,669716,334858,16.319219837669564,28.96899470160989,,,
668,667,,,-246.1296105029524,1000,False,False,False,True,cutoff,6.936110973358154,,,ou_noise,0,340857,671716,335858,14.143848754405976,29.103655258178712,,,
669,668,,,159.29215423377937,148,True,False,True,False,success,0.4317153990268707,,,ou_noise,0,341005,672012,336006,14.140815580213392,28.901451278377223,,,
670,669,,,-262.98333338963675,1000,False,False,False,True,cutoff,6.769269943237305,,,ou_noise,0,342005,674012,337006,14.30618828511238,28.959476240158082,,,
671,670,,,-277.19569877322334,1000,False,False,False,True,cutoff,7.153558254241943,,,ou_noise,0,343005,676012,338006,13.901064958095551,29.118474420547486,,,
672,671,,,167.80592771014997,119,True,False,True,False,success,0.4395294189453125,,,ou_noise,0,343124,676250,338125,16.17809897711297,29.168206206890716,,,
673,672,,,168.71690921960433,114,True,False,True,False,success,0.4976394474506378,,,ou_noise,0,343238,676478,338239,14.399097605755454,28.9415474941856,,,
674,673,,,162.24825030838082,134,True,False,True,False,success,0.4723481237888336,,,ou_noise,0,343372,676746,338373,13.510928212706723,29.151697699703387,,,
675,674,,,-235.6377842145964,1000,False,False,False,True,cutoff,7.308985710144043,,,ou_noise,0,344372,678746,339373,14.538047050118447,28.948282468795778,,,
676,675,,,-241.4215546910525,1000,False,False,False,True,cutoff,6.945476531982422,,,ou_noise,0,345372,680746,340373,14.342186084985734,28.93942449951172,,,
677,676,,,-297.19624101252214,1000,False,False,False,True,cutoff,7.454545497894287,,,ou_noise,0,346372,682746,341373,15.768407647371292,28.770296237945555,,,
678,677,,,-226.1269285571908,1000,False,False,False,True,cutoff,7.042425155639648,,,ou_noise,0,347372,684746,342373,15.666862717151641,28.778125453948974,,,
679,678,,,169.67658155437155,112,True,False,True,False,success,0.4491109848022461,,,ou_noise,0,347484,684970,342485,13.996197281139237,28.49531970705305,,,
680,679,,,-293.47208155603266,1000,False,False,False,True,cutoff,7.3183794021606445,,,ou_noise,0,348484,686970,343485,14.662969551563263,28.797254608154297,,,
681,680,,,-219.28526109545845,1000,False,False,False,True,cutoff,7.123695373535156,,,ou_noise,0,349484,688970,344485,14.146828501701355,28.847901874542238,,,
682,681,,,-246.68499440694194,1000,False,False,False,True,cutoff,5.772207260131836,,,ou_noise,0,350484,690970,345485,14.083543401002883,28.59461771774292,,,
683,682,,,167.1843741977687,121,True,False,True,False,success,0.4644280970096588,,,ou_noise,0,350605,691212,345606,14.196031428565664,28.228641777984368,,,
684,683,,,147.69929419707216,191,True,False,True,False,success,0.44777384400367737,,,ou_noise,0,350796,691594,345797,14.383247843587586,28.500306244295928,,,
685,684,,,169.15239978787343,119,True,False,True,False,success,0.4214233458042145,,,ou_noise,0,350915,691832,345916,15.152584564785997,28.492644991193497,,,
686,685,,,154.1092336628552,168,True,False,True,False,success,0.4699093997478485,,,ou_noise,0,351083,692168,346084,16.463695091860636,28.252501351492747,,,
687,686,,,162.12288970231353,137,True,False,True,False,success,0.4948517382144928,,,ou_noise,0,351220,692442,346221,15.925328637561659,28.198028842898182,,,
688,687,,,-252.16898993141535,1000,False,False,False,True,cutoff,7.666950225830078,,,ou_noise,0,352220,694442,347221,15.347780198335647,28.12574556541443,,,
689,688,,,-272.65435086650297,1000,False,False,False,True,cutoff,7.796545028686523,,,ou_noise,0,353220,696442,348221,14.550022285938264,27.913133403778076,,,
690,689,,,-300.0627046625138,1000,False,False,False,True,cutoff,7.784566402435303,,,ou_noise,0,354220,698442,349221,14.489089824199677,27.99134599685669,,,
691,690,,,-310.0306009378305,1000,False,False,False,True,cutoff,9.472993850708008,,,ou_noise,0,355220,700442,350221,14.133983225107192,28.105718212127684,,,
692,691,,,159.35607866064507,138,True,False,True,False,success,0.4340195655822754,,,ou_noise,0,355358,700718,350359,13.16111477734386,27.864220937093098,,,
693,692,,,-297.5366172713852,1000,False,False,False,True,cutoff,7.575899124145508,,,ou_noise,0,356358,702718,351359,14.02889779305458,28.19859985923767,,,
694,693,,,-155.89593546896447,949,True,False,True,False,success,0.4423556923866272,,,ou_noise,0,357307,704616,352308,14.125849059057687,28.49855366496819,,,
695,694,,,166.19528298836752,124,True,False,True,False,success,0.4911313056945801,,,ou_noise,0,357431,704864,352432,13.87002719025458,28.33275805750201,,,
696,695,,,-233.02732628484182,1000,False,False,False,True,cutoff,7.241093158721924,,,ou_noise,0,358431,706864,353432,14.565746984243393,28.508066566467285,,,
697,696,,,158.4369895218872,145,True,False,True,False,success,0.4435558021068573,,,ou_noise,0,358576,707154,353577,13.327522332092812,28.528353829219423,,,
698,697,,,-231.6617475422011,1000,False,False,False,True,cutoff,7.280552864074707,,,ou_noise,0,359576,709154,354577,14.220485681056976,28.66597787666321,,,
699,698,,,165.43913943139864,124,True,False,True,False,success,0.4349445402622223,,,ou_noise,0,359700,709402,354701,14.23762200147875,29.016162226277014,,,
700,699,,,165.4734188859491,127,True,False,True,False,success,0.49923861026763916,,,ou_noise,0,359827,709656,354828,16.042254519274856,28.607489383126808,,,
701,700,,,-238.35091363791366,1000,False,False,False,True,cutoff,7.2843546867370605,,,ou_noise,0,360827,711656,355828,13.845539824008942,28.552435014724733,,,
702,701,,,141.32142402538997,210,True,False,True,False,success,0.4519561231136322,,,ou_noise,0,361037,712076,356038,14.133457323483059,28.904467119489397,,,
703,702,,,-234.70393280882794,1000,False,False,False,True,cutoff,7.611708641052246,,,ou_noise,0,362037,714076,357038,14.312649569272995,28.50229189491272,,,
704,703,,,166.19559343637204,125,True,False,True,False,success,0.4537235200405121,,,ou_noise,0,362162,714326,357163,13.685727354049682,28.429428329467772,,,
705,704,,,-231.61350531333176,1000,False,False,False,True,cutoff,7.266868591308594,,,ou_noise,0,363162,716326,358163,13.070530484199525,28.43938660430908,,,
706,705,,,150.28039200852837,179,True,False,True,False,success,0.478670209646225,,,ou_noise,0,363341,716684,358342,13.416832542952212,28.341102578786497,,,
707,706,,,-251.17834601683322,1000,False,False,False,True,cutoff,7.289793968200684,,,ou_noise,0,364341,718684,359342,12.8484155626297,28.309298511505126,,,
708,707,,,166.70383963803476,125,True,False,True,False,success,0.4988471567630768,,,ou_noise,0,364466,718934,359467,13.374558895111084,28.28103271484375,,,
709,708,,,168.62702859580523,117,True,False,True,False,success,0.47027531266212463,,,ou_noise,0,364583,719168,359584,13.912967048139654,28.04792205288879,,,
710,709,,,-202.1252036597137,1000,False,False,False,True,cutoff,3.810145616531372,,,ou_noise,0,365583,721168,360584,13.231972697973251,28.373101446151733,,,
711,710,,,-238.6791093163106,1000,False,False,False,True,cutoff,7.456729888916016,,,ou_noise,0,366583,723168,361584,12.961116924762726,28.332352825164794,,,
712,711,,,167.19840594230826,121,True,False,True,False,success,0.46944209933280945,,,ou_noise,0,366704,723410,361705,12.311892751819832,27.94362809047226,,,
713,712,,,-343.9355782988971,874,False,True,True,False,collision,7.587800025939941,,,ou_noise,0,367578,725158,362579,12.359898206843937,28.23413067606003,,,
714,713,,,-248.9655192793469,1000,False,False,False,True,cutoff,7.095006942749023,,,ou_noise,0,368578,727158,363579,13.360136887431144,28.379267042160034,,,
715,714,,,164.62417576922695,131,True,False,True,False,success,0.487507700920105,,,ou_noise,0,368709,727420,363710,12.528720987662105,28.314163484646162,,,
716,715,,,-119.8224129811889,167,False,True,True,False,collision,6.404604911804199,,,ou_noise,0,368876,727754,363877,12.209888366881959,28.38394989653262,,,
717,716,,,169.67891510112165,114,True,False,True,False,success,0.4484953284263611,,,ou_noise,0,368990,727982,363991,11.584782598311442,28.31425036045543,,,
718,717,,,169.37634387754287,116,True,False,True,False,success,0.4416031837463379,,,ou_noise,0,369106,728214,364107,12.56462693625483,28.554347400007575,,,
719,718,,,-246.53345321121517,1000,False,False,False,True,cutoff,4.7820844650268555,,,ou_noise,0,370106,730214,365107,12.64971251821518,28.238702980041502,,,
720,719,,,-226.1264380345592,1000,False,False,False,True,cutoff,4.715208530426025,,,ou_noise,0,371106,732214,366107,12.758723671436309,28.295513399124147,,,
721,720,,,-276.0132554839729,1000,False,False,False,True,cutoff,7.470340728759766,,,ou_noise,0,372106,734214,367107,12.388236338376998,28.3825043964386,,,
722,721,,,-228.04823457185472,1000,False,False,False,True,cutoff,7.114798545837402,,,ou_noise,0,373106,736214,368107,11.875957505702972,28.53104821777344,,,
723,722,,,164.1932351493649,132,True,False,True,False,success,0.476285457611084,,,ou_noise,0,373238,736478,368239,12.084730415633231,28.30608587554007,,,
724,723,,,-271.85514243683946,1000,False,False,False,True,cutoff,7.467930793762207,,,ou_noise,0,374238,738478,369239,11.988804210186006,28.376779951095582,,,
725,724,,,-225.00236880091555,1000,False,False,False,True,cutoff,7.061556339263916,,,ou_noise,0,375238,740478,370239,11.95579921221733,28.06895834159851,,,
726,725,,,168.1235936696074,117,True,False,True,False,success,0.49431341886520386,,,ou_noise,0,375355,740712,370356,12.906206377551086,27.966027561415974,,,
727,726,,,-261.6895526958195,1000,False,False,False,True,cutoff,7.671722888946533,,,ou_noise,0,376355,742712,371356,11.972054138183594,27.90910890388489,,,
728,727,,,-266.88203998266056,1000,False,False,False,True,cutoff,7.640095233917236,,,ou_noise,0,377355,744712,372356,12.004621616601945,27.845536460876463,,,
729,728,,,168.40977650809242,118,True,False,True,False,success,0.44712284207344055,,,ou_noise,0,377473,744948,372474,13.36178624832024,27.666894249996897,,,
730,729,,,167.27779584566122,123,True,False,True,False,success,0.45750072598457336,,,ou_noise,0,377596,745194,372597,12.879230778391769,27.588385357120174,,,
731,730,,,-268.4070609015923,1000,False,False,False,True,cutoff,7.625497817993164,,,ou_noise,0,378596,747194,373597,12.310295530557632,27.386667337417602,,,
732,731,,,-225.33966191604722,1000,False,False,False,True,cutoff,7.637221813201904,,,ou_noise,0,379596,749194,374597,12.450508935213088,27.06160182380676,,,
733,732,,,163.66078967548165,132,True,False,True,False,success,0.4697808027267456,,,ou_noise,0,379728,749458,374729,12.371048831578458,27.047898856076326,,,
734,733,,,-239.87446592718766,1000,False,False,False,True,cutoff,6.957997798919678,,,ou_noise,0,380728,751458,375729,12.168274441719054,26.624003271102904,,,
735,734,,,166.36745813874256,124,True,False,True,False,success,0.4945596158504486,,,ou_noise,0,380852,751706,375853,11.888707933887359,26.768559963472427,,,
736,735,,,-262.88980069662136,1000,False,False,False,True,cutoff,6.875028610229492,,,ou_noise,0,381852,753706,376853,12.743577758193016,26.287981590270995,,,
737,736,,,163.28354186852658,137,True,False,True,False,success,0.40598535537719727,,,ou_noise,0,381989,753980,376990,11.994976788541697,25.614431422992343,,,
738,737,,,-328.50059141747215,1000,False,False,False,True,cutoff,7.361372470855713,,,ou_noise,0,382989,755980,377990,12.383293518781661,25.44824262046814,,,
739,738,,,168.13172156984723,120,True,False,True,False,success,0.45906776189804077,,,ou_noise,0,383109,756220,378110,14.491343313455582,25.42284919420878,,,
740,739,,,-290.89772229642364,1000,False,False,False,True,cutoff,5.168406963348389,,,ou_noise,0,384109,758220,379110,12.238243663549424,24.749065076828003,,,
741,740,,,-93.08195411735004,86,False,True,True,False,collision,6.889461994171143,,,ou_noise,0,384195,758392,379196,11.888912794201874,24.228403113609136,,,
742,741,,,-282.13001125228055,1000,False,False,False,True,cutoff,7.409730911254883,,,ou_noise,0,385195,760392,380196,12.49975624537468,24.13971948814392,,,
743,742,,,160.78411639639523,142,True,False,True,False,success,0.4882020652294159,,,ou_noise,0,385337,760676,380338,11.949893214333226,23.85488300592127,,,
744,743,,,-268.56133174987235,1000,False,False,False,True,cutoff,8.578685760498047,,,ou_noise,0,386337,762676,381338,12.114229332447051,23.61832384109497,,,
745,744,,,170.22208189052077,112,True,False,True,False,success,0.47177985310554504,,,ou_noise,0,386449,762900,381450,10.936304103050913,23.339975833892822,,,
746,745,,,-262.5112743137479,1000,False,False,False,True,cutoff,6.625951766967773,,,ou_noise,0,387449,764900,382450,11.129049518823624,23.499816621780397,,,
747,746,,,166.85079315879,123,True,False,True,False,success,0.44093242287635803,,,ou_noise,0,387572,765146,382573,10.503591944531697,23.695091821313873,,,
748,747,,,162.67344891498215,135,True,False,True,False,success,0.4980345070362091,,,ou_noise,0,387707,765416,382708,10.671540802496452,23.840649555347586,,,
749,748,,,151.48999972843575,172,True,False,True,False,success,0.48018598556518555,,,ou_noise,0,387879,765760,382880,11.782979085001834,23.741090353145157,,,
750,749,,,164.26886221888049,137,True,False,True,False,success,0.48477408289909363,,,ou_noise,0,388016,766034,383017,10.7733500543302,23.754156098748645,,,
751,750,,,118.80110627566273,327,True,False,True,False,success,0.4660014510154724,,,ou_noise,0,388343,766688,383344,11.206394332629095,23.962166929099173,,,
752,751,,,-251.90045085583094,1000,False,False,False,True,cutoff,8.285541534423828,,,ou_noise,0,389343,768688,384344,11.013014983534813,24.01162088394165,,,
753,752,,,168.3278288383078,118,True,False,True,False,success,0.47845375537872314,,,ou_noise,0,389461,768924,384462,11.631633554474782,24.067153187121374,,,
754,753,,,-271.6245509368713,1000,False,False,False,True,cutoff,7.4079179763793945,,,ou_noise,0,390461,770924,385462,10.547931128501892,24.122160181045533,,,
755,754,,,84.6350976416755,355,True,False,True,False,success,0.4058379828929901,,,ou_noise,0,390816,771634,385817,10.275564172234334,24.497885583152232,,,
756,755,,,168.3026319506164,119,True,False,True,False,success,0.4695836901664734,,,ou_noise,0,390935,771872,385936,11.13923379753818,24.293946226103966,,,
757,756,,,-250.13463587022025,1000,False,False,False,True,cutoff,7.039800643920898,,,ou_noise,0,391935,773872,386936,10.35237036216259,24.471460594177245,,,
758,757,,,167.19931792273078,122,True,False,True,False,success,0.46728596091270447,,,ou_noise,0,392057,774116,387058,9.577172113246606,24.42299764664447,,,
759,758,,,168.85923488539413,118,True,False,True,False,success,0.42960962653160095,,,ou_noise,0,392175,774352,387176,9.523584866927841,24.483511730775994,,,
760,759,,,-240.99626412632398,1000,False,False,False,True,cutoff,7.300551891326904,,,ou_noise,0,393175,776352,388176,10.039642632842064,24.36244917869568,,,
761,760,,,165.66897510080645,125,True,False,True,False,success,0.44669654965400696,,,ou_noise,0,393300,776602,388301,11.8857844247818,24.58025875854492,,,
762,761,,,164.72489336076353,131,True,False,True,False,success,0.47277402877807617,,,ou_noise,0,393431,776864,388432,9.484307181744175,24.55266760323794,,,
763,762,,,-239.282931626551,1000,False,False,False,True,cutoff,7.330615997314453,,,ou_noise,0,394431,778864,389432,10.337323688149452,24.592022903442384,,,
764,763,,,166.64752671388993,124,True,False,True,False,success,0.4603814482688904,,,ou_noise,0,394555,779112,389556,9.427010320848034,24.783024141865393,,,
765,764,,,171.5506881189113,109,True,False,True,False,success,0.47482407093048096,,,ou_noise,0,394664,779330,389665,10.072966026603629,24.85324810623029,,,
766,765,,,167.79572566294894,121,True,False,True,False,success,0.4673377275466919,,,ou_noise,0,394785,779572,389786,10.005866866466427,24.583812540227715,,,
767,766,,,-241.98470177530606,1000,False,False,False,True,cutoff,8.077404022216797,,,ou_noise,0,395785,781572,390786,10.528829125881195,24.541280963897705,,,
768,767,,,145.66520355793978,181,True,False,True,False,success,0.49175795912742615,,,ou_noise,0,395966,781934,390967,10.492745527246381,24.82096684703511,,,
769,768,,,160.2946178342987,147,True,False,True,False,success,0.4739004373550415,,,ou_noise,0,396113,782228,391114,10.676682801473708,24.70371677113228,,,
770,769,,,170.58492653121743,111,True,False,True,False,success,0.4971175789833069,,,ou_noise,0,396224,782450,391225,11.13110791455518,24.706453598297394,,,
771,770,,,163.34110485823402,144,True,False,True,False,success,0.46276599168777466,,,ou_noise,0,396368,782738,391369,11.726340431306097,24.624958488676285,,,
772,771,,,165.91444275871214,129,True,False,True,False,success,0.47802823781967163,,,ou_noise,0,396497,782996,391498,10.40906637213951,24.638441899026088,,,
773,772,,,-239.76350190573828,1000,False,False,False,True,cutoff,7.182305335998535,,,ou_noise,0,397497,784996,392498,10.814065174460412,24.403672996520996,,,
774,773,,,-246.35236762788324,1000,False,False,False,True,cutoff,7.4089674949646,,,ou_noise,0,398497,786996,393498,10.725320981264115,24.358115329742432,,,
775,774,,,-250.5232382337754,1000,False,False,False,True,cutoff,6.734420299530029,,,ou_noise,0,399497,788996,394498,10.977203839063645,24.31366429710388,,,
776,775,,,-261.7475920854469,1000,False,False,False,True,cutoff,7.2965617179870605,,,ou_noise,0,400497,790996,395498,11.024945039629936,24.075140989303588,,,
777,776,,,-238.92982598906195,1000,False,False,False,True,cutoff,6.82145881652832,,,ou_noise,0,401497,792996,396498,11.137117611408234,23.8582781791687,,,
778,777,,,163.54060503225773,134,True,False,True,False,success,0.4634912312030792,,,ou_noise,0,401631,793264,396632,10.066584313093726,24.164767891613405,,,
779,778,,,-247.09615780031635,1000,False,False,False,True,cutoff,7.752607345581055,,,ou_noise,0,402631,795264,397632,10.886238896369933,23.483608892440795,,,
780,779,,,-237.72675783490564,1000,False,False,False,True,cutoff,7.251794338226318,,,ou_noise,0,403631,797264,398632,10.953887073874473,23.354371850967407,,,
781,780,,,-217.95699219996607,1000,False,False,False,True,cutoff,7.648069858551025,,,ou_noise,0,404631,799264,399632,10.826721904993057,22.819243867874146,,,
782,781,,,148.70731072025248,188,True,False,True,False,success,0.42150554060935974,,,ou_noise,0,404819,799640,399820,10.65266933846981,22.534084512832315,,,
783,782,,,-222.50469996937088,1000,False,False,False,True,cutoff,6.913391590118408,,,ou_noise,0,405819,801640,400820,10.97694960308075,22.203475717544556,,,
784,783,,,-222.28995607534858,1000,False,False,False,True,cutoff,7.409766674041748,,,ou_noise,0,406819,803640,401820,11.055079840183257,22.416652061462404,,,
785,784,,,-222.73101042097554,1000,False,False,False,True,cutoff,7.328341960906982,,,ou_noise,0,407819,805640,402820,10.908487044095994,22.54729783630371,,,
786,785,,,168.44218854944307,119,True,False,True,False,success,0.47634708881378174,,,ou_noise,0,407938,805878,402939,10.585813684623782,22.155619116390454,,,
787,786,,,-116.09388664327666,52,False,True,True,False,collision,10.255736351013184,,,ou_noise,0,407990,805982,402991,10.720321164681362,22.46685846035297,,,
788,787,,,-244.37036259737513,1000,False,False,False,True,cutoff,7.244344234466553,,,ou_noise,0,408990,807982,403991,11.45063189792633,22.485427607536316,,,
789,788,,,-260.36882987832985,1000,False,False,False,True,cutoff,7.2276201248168945,,,ou_noise,0,409990,809982,404991,11.363230030179023,22.490774003982544,,,
790,789,,,-243.8686312297564,1000,False,False,False,True,cutoff,7.2961883544921875,,,ou_noise,0,410990,811982,405991,10.787145208358764,22.8873450012207,,,
791,790,,,167.18000748720618,124,True,False,True,False,success,0.43329599499702454,,,ou_noise,0,411114,812230,406115,11.089787300555937,22.893065006502212,,,
792,791,,,165.81210387557067,124,True,False,True,False,success,0.4553496241569519,,,ou_noise,0,411238,812478,406239,11.100486024733513,22.683303925298876,,,
793,792,,,163.56595771031837,134,True,False,True,False,success,0.47929614782333374,,,ou_noise,0,411372,812746,406373,10.014499982791161,22.69328170036202,,,
794,793,,,-225.61991258870367,575,False,True,True,False,collision,4.986250400543213,,,ou_noise,0,411947,813896,406948,11.118071127974469,22.614774763687798,,,
795,794,,,159.3603971231736,148,True,False,True,False,success,0.4319283664226532,,,ou_noise,0,412095,814192,407096,13.143751962764844,22.805281999948864,,,
796,795,,,164.7256193920846,132,True,False,True,False,success,0.43065017461776733,,,ou_noise,0,412227,814456,407228,10.465636296705766,22.570431593692664,,,
797,796,,,166.935797550144,121,True,False,True,False,success,0.497964084148407,,,ou_noise,0,412348,814698,407349,12.149566725265881,22.720030067380794,,,
798,797,,,-238.7510703361792,1000,False,False,False,True,cutoff,7.402421951293945,,,ou_noise,0,413348,816698,408349,11.585558802127839,22.486225212097168,,,
799,798,,,-221.7851284043331,447,False,True,True,False,collision,8.176846504211426,,,ou_noise,0,413795,817592,408796,11.391351647825049,22.370587359605487,,,
800,799,,,144.95048933596286,193,True,False,True,False,success,0.4875328540802002,,,ou_noise,0,413988,817978,408989,9.923925283659308,22.212535235548266,,,
801,800,,,-229.20244644008096,1000,False,False,False,True,cutoff,7.265937328338623,,,ou_noise,0,414988,819978,409989,10.904354481577872,22.211418372154235,,,
802,801,,,-238.90261311319261,1000,False,False,False,True,cutoff,7.60018253326416,,,ou_noise,0,415988,821978,410989,11.205369982481002,22.165737330436706,,,
803,802,,,32.06553383776168,562,True,False,True,False,success,0.47461721301078796,,,ou_noise,0,416550,823102,411551,11.53089621079774,22.142000099942354,,,
804,803,,,166.73251388897108,122,True,False,True,False,success,0.42040368914604187,,,ou_noise,0,416672,823346,411673,10.787318829630243,22.30641762155001,,,
805,804,,,170.16205179652675,115,True,False,True,False,success,0.49225297570228577,,,ou_noise,0,416787,823576,411788,10.783788231144781,22.21515010336171,,,
806,805,,,-296.4700953640576,1000,False,False,False,True,cutoff,8.186460494995117,,,ou_noise,0,417787,825576,412788,11.248362129211426,21.978572748184202,,,
807,806,,,148.4016265073298,180,True,False,True,False,success,0.49765533208847046,,,ou_noise,0,417967,825936,412968,11.364670627646976,21.928954304589166,,,
808,807,,,163.26245254000798,132,True,False,True,False,success,0.4775713384151459,,,ou_noise,0,418099,826200,413100,11.36352484515219,21.9572172164917,,,
809,808,,,169.45656881137546,116,True,False,True,False,success,0.4064920246601105,,,ou_noise,0,418215,826432,413216,11.091571844857315,22.232704096827014,,,
810,809,,,-266.61178517498445,1000,False,False,False,True,cutoff,8.026244163513184,,,ou_noise,0,419215,828432,414216,11.731151554584503,21.989647899627684,,,
811,810,,,156.98627432429305,157,True,False,True,False,success,0.4705038070678711,,,ou_noise,0,419372,828746,414373,12.07227541686623,22.175653141774948,,,
812,811,,,160.30999306486672,143,True,False,True,False,success,0.4619891047477722,,,ou_noise,0,419515,829032,414516,11.040542199061466,22.063720596420183,,,
813,812,,,137.79385252413303,223,True,False,True,False,success,0.45347338914871216,,,ou_noise,0,419738,829478,414739,11.711972809693204,21.721988006557584,,,
814,813,,,-234.6456520215671,1000,False,False,False,True,cutoff,7.452669143676758,,,ou_noise,0,420738,831478,415739,11.726061488866806,21.87049634742737,,,
815,814,,,161.1484690725067,139,True,False,True,False,success,0.48108628392219543,,,ou_noise,0,420877,831756,415878,10.673064806478486,21.91218296572459,,,
816,815,,,162.7341302201489,141,True,False,True,False,success,0.40894100069999695,,,ou_noise,0,421018,832038,416019,11.494077860040868,21.30409553203177,,,
817,816,,,163.54175373432315,135,True,False,True,False,success,0.42871570587158203,,,ou_noise,0,421153,832308,416154,10.871964158835235,21.98180615460431,,,
818,817,,,-210.3851500182855,1000,False,False,False,True,cutoff,6.78770637512207,,,ou_noise,0,422153,834308,417154,11.079693321347238,21.879825748443604,,,
819,818,,,-241.84663161700746,1000,False,False,False,True,cutoff,7.193667888641357,,,ou_noise,0,423153,836308,418154,11.159409416079521,21.679444024086,,,
820,819,,,-367.1493232193196,961,False,True,True,False,collision,7.889538288116455,,,ou_noise,0,424114,838230,419115,10.530524706245089,21.677499830660786,,,
821,820,,,-252.7255470856885,1000,False,False,False,True,cutoff,9.236412048339844,,,ou_noise,0,425114,840230,420115,10.981051834225655,21.67367578125,,,
822,821,,,48.483056045529764,477,True,False,True,False,success,0.4675794541835785,,,ou_noise,0,425591,841184,420592,11.115819758589163,21.919484148485356,,,
823,822,,,167.6062306091067,118,True,False,True,False,success,0.46651574969291687,,,ou_noise,0,425709,841420,420710,11.708445769245342,21.841875932984433,,,
824,823,,,169.05223819602793,116,True,False,True,False,success,0.44005656242370605,,,ou_noise,0,425825,841652,420826,12.350808351204313,21.38265639338,,,
825,824,,,164.86280411994943,131,True,False,True,False,success,0.4967557489871979,,,ou_noise,0,425956,841914,420957,11.888099067993746,21.48220749483764,,,
826,825,,,-225.88045038388557,1000,False,False,False,True,cutoff,7.558742046356201,,,ou_noise,0,426956,843914,421957,11.462548693537713,21.71151595211029,,,
827,826,,,-232.427544335419,1000,False,False,False,True,cutoff,7.171582221984863,,,ou_noise,0,427956,845914,422957,11.299145845294,21.83807569026947,,,
828,827,,,-91.08611752329008,35,False,True,True,False,collision,8.571887969970703,,,ou_noise,0,427991,845984,422992,10.06161800793239,21.835376140049526,,,
829,828,,,-236.93648478111896,1000,False,False,False,True,cutoff,7.505487442016602,,,ou_noise,0,428991,847984,423992,11.258160870671272,21.85164345741272,,,
830,829,,,159.29376948824114,150,True,False,True,False,success,0.42486798763275146,,,ou_noise,0,429141,848284,424142,9.642665281295777,21.81680507659912,,,
831,830,,,-228.68312470020174,1000,False,False,False,True,cutoff,7.228791236877441,,,ou_noise,0,430141,850284,425142,10.65265319609642,21.806998544692995,,,
832,831,,,160.58260663613981,142,True,False,True,False,success,0.4389129877090454,,,ou_noise,0,430283,850568,425284,11.346679124194132,21.75051779142568,,,
833,832,,,170.07065246762733,114,True,False,True,False,success,0.48049938678741455,,,ou_noise,0,430397,850796,425398,9.932578396378902,21.776885668436687,,,
834,833,,,164.48187431705946,132,True,False,True,False,success,0.468368262052536,,,ou_noise,0,430529,851060,425530,9.944368593620531,21.722643462094393,,,
835,834,,,163.9746195193212,131,True,False,True,False,success,0.471545934677124,,,ou_noise,0,430660,851322,425661,11.03449350640974,21.413588269066263,,,
836,835,,,-85.15493631966396,63,False,True,True,False,collision,6.992827892303467,,,ou_noise,0,430723,851448,425724,9.94646388008481,21.62253325326102,,,
837,836,,,-222.0401265880737,1000,False,False,False,True,cutoff,6.995811462402344,,,ou_noise,0,431723,853448,426724,9.748990824580192,21.649298664093017,,,
838,837,,,-209.83776847650313,1000,False,False,False,True,cutoff,3.916200876235962,,,ou_noise,0,432723,855448,427724,9.707135373592378,21.40893273162842,,,
839,838,,,137.44858534832582,216,True,False,True,False,success,0.47270622849464417,,,ou_noise,0,432939,855880,427940,9.469393411168346,21.33876570948848,,,
840,839,,,166.42946026532724,123,True,False,True,False,success,0.4289511740207672,,,ou_noise,0,433062,856126,428063,9.490455673962105,21.569469482918095,,,
841,840,,,164.37975274859758,134,True,False,True,False,success,0.42898595333099365,,,ou_noise,0,433196,856394,428197,9.920791414246631,21.15605430460688,,,
842,841,,,162.72213177016505,138,True,False,True,False,success,0.4811193346977234,,,ou_noise,0,433334,856670,428335,12.929131288459336,20.97071809354036,,,
843,842,,,165.29201726003606,127,True,False,True,False,success,0.4547933340072632,,,ou_noise,0,433461,856924,428462,9.914063697724831,21.24639479569563,,,
844,843,,,166.3160446864149,129,True,False,True,False,success,0.4215964674949646,,,ou_noise,0,433590,857182,428591,9.88109724558601,21.243252340213274,,,
845,844,,,165.6142265685633,127,True,False,True,False,success,0.4341045618057251,,,ou_noise,0,433717,857436,428718,10.648583283574562,20.974207893131286,,,
846,845,,,164.931918489054,129,True,False,True,False,success,0.4686584174633026,,,ou_noise,0,433846,857694,428847,9.81614459947098,21.199787317320357,,,
847,846,,,30.084854202370593,587,True,False,True,False,success,0.4951343536376953,,,ou_noise,0,434433,858868,429434,10.373089295229676,21.162797037543797,,,
848,847,,,-228.9760171458533,1000,False,False,False,True,cutoff,7.379201412200928,,,ou_noise,0,435433,860868,430434,10.703895158290862,20.75851594734192,,,
849,848,,,154.31117546538678,166,True,False,True,False,success,0.46029558777809143,,,ou_noise,0,435599,861200,430600,11.736856038311878,20.689434947737727,,,
850,849,,,-220.6881679777283,1000,False,False,False,True,cutoff,4.48193359375,,,ou_noise,0,436599,863200,431600,9.622332604289054,20.77506529045105,,,
851,850,,,-232.35313649057537,1000,False,False,False,True,cutoff,7.244277477264404,,,ou_noise,0,437599,865200,432600,9.607699333190919,20.86509426498413,,,
852,851,,,-136.5111141700839,379,False,True,True,False,collision,3.15529465675354,,,ou_noise,0,437978,865958,432979,9.391610539682937,20.625751908033063,,,
853,852,,,158.2946051968149,143,True,False,True,False,success,0.45854437351226807,,,ou_noise,0,438121,866244,433122,9.680981543514278,20.68445753217577,,,
854,853,,,167.55103724673336,119,True,False,True,False,success,0.48906028270721436,,,ou_noise,0,438240,866482,433241,11.268724174058738,20.646483204945795,,,
855,854,,,167.7896497086981,120,True,False,True,False,success,0.48371294140815735,,,ou_noise,0,438360,866722,433361,9.883454046646754,20.650096543629964,,,
856,855,,,159.91557393070903,138,True,False,True,False,success,0.47574561834335327,,,ou_noise,0,438498,866998,433499,10.796425674272621,20.659426495648813,,,
857,856,,,-216.8690934358158,1000,False,False,False,True,cutoff,7.442172050476074,,,ou_noise,0,439498,868998,434499,10.235861338734626,20.691944075584413,,,
858,857,,,-211.79235073366675,1000,False,False,False,True,cutoff,7.182422637939453,,,ou_noise,0,440498,870998,435499,9.707448032617569,20.805924860954285,,,
859,858,,,167.14771779963627,119,True,False,True,False,success,0.4920331537723541,,,ou_noise,0,440617,871236,435618,8.748879090076736,20.89460828123974,,,
860,859,,,-220.4460653194767,1000,False,False,False,True,cutoff,7.393771648406982,,,ou_noise,0,441617,873236,436618,9.221704536199569,20.774460606575012,,,
861,860,,,168.58565162977072,117,True,False,True,False,success,0.421233206987381,,,ou_noise,0,441734,873470,436735,9.088112839266785,20.570443829919537,,,
862,861,,,-110.75422410440106,263,False,True,True,False,collision,2.4267473220825195,,,ou_noise,0,441997,873996,436998,10.41544850606882,20.771941870337656,,,
863,862,,,164.05737526327707,131,True,False,True,False,success,0.49548283219337463,,,ou_noise,0,442128,874258,437129,9.86655174593889,20.580247107352918,,,
864,863,,,77.85553038388383,383,True,False,True,False,success,0.4318702816963196,,,ou_noise,0,442511,875024,437512,9.894360987386877,20.763568420011755,,,
865,864,,,-229.43314360185752,1000,False,False,False,True,cutoff,7.497344970703125,,,ou_noise,0,443511,877024,438512,10.468717485666275,20.827754442214967,,,
866,865,,,-277.74714172619554,1000,False,False,False,True,cutoff,9.651251792907715,,,ou_noise,0,444511,879024,439512,9.778189675450324,20.814340309143066,,,
867,866,,,-248.7627688163861,1000,False,False,False,True,cutoff,7.019279479980469,,,ou_noise,0,445511,881024,440512,9.911993631958962,20.899654178619386,,,
868,867,,,164.04219067807753,134,True,False,True,False,success,0.4604627192020416,,,ou_noise,0,445645,881292,440646,9.298946581669707,20.75622158619895,,,
869,868,,,169.3635037512326,114,True,False,True,False,success,0.4551141560077667,,,ou_noise,0,445759,881520,440760,9.454024582578425,20.863177148919355,,,
870,869,,,166.35171881054663,124,True,False,True,False,success,0.44179096817970276,,,ou_noise,0,445883,881768,440884,9.420192505082776,20.94185850697179,,,
871,870,,,-229.1480717574788,1000,False,False,False,True,cutoff,7.1008687019348145,,,ou_noise,0,446883,883768,441884,9.465004995346069,20.890536549568175,,,
872,871,,,-196.8863880311368,1000,False,False,False,True,cutoff,6.978732585906982,,,ou_noise,0,447883,885768,442884,10.070360170960427,21.09449593734741,,,
873,872,,,155.37324597390284,164,True,False,True,False,success,0.47547683119773865,,,ou_noise,0,448047,886096,443048,10.236740698174733,21.113436605872177,,,
874,873,,,165.8490607371033,124,True,False,True,False,success,0.4106906056404114,,,ou_noise,0,448171,886344,443172,9.238468381666369,21.258872339802405,,,
875,874,,,169.82726518879866,113,True,False,True,False,success,0.45808058977127075,,,ou_noise,0,448284,886570,443285,9.621786776897126,20.884234318691018,,,
876,875,,,-212.98723595049077,1000,False,False,False,True,cutoff,6.975400447845459,,,ou_noise,0,449284,888570,444285,9.554512225031853,21.1249459733963,,,
877,876,,,159.11048486976665,152,True,False,True,False,success,0.46373099088668823,,,ou_noise,0,449436,888874,444437,9.288924109778906,21.373202010204917,,,
878,877,,,-239.70487396532636,1000,False,False,False,True,cutoff,7.812150001525879,,,ou_noise,0,450436,890874,445437,9.765261248588562,21.25694492816925,,,
879,878,,,-324.7143585858885,1000,False,False,False,True,cutoff,8.427915573120117,,,ou_noise,0,451436,892874,446437,9.71048635005951,21.406084857940673,,,
880,879,,,-85.35705661959943,172,False,True,True,False,collision,3.5675697326660156,,,ou_noise,0,451608,893218,446609,10.269543629053027,21.513876415962397,,,
881,880,,,-218.85157598756933,1000,False,False,False,True,cutoff,7.673627853393555,,,ou_noise,0,452608,895218,447609,9.862087918281555,21.56269701004028,,,
882,881,,,-201.02153563320064,1000,False,False,False,True,cutoff,6.73792839050293,,,ou_noise,0,453608,897218,448609,9.681848217964172,21.341234773635865,,,
883,882,,,167.97558305487632,123,True,False,True,False,success,0.4237591624259949,,,ou_noise,0,453731,897464,448732,8.801348574762422,21.296721078516022,,,
884,883,,,162.43746644855125,137,True,False,True,False,success,0.4920556843280792,,,ou_noise,0,453868,897738,448869,9.732236430592781,21.338861827432673,,,
885,884,,,165.02423993285163,130,True,False,True,False,success,0.4901810586452484,,,ou_noise,0,453998,897998,448999,9.465790810034825,21.337075365506685,,,
886,885,,,154.10288322473784,159,True,False,True,False,success,0.49926427006721497,,,ou_noise,0,454157,898316,449158,11.051282631526202,21.28359719042508,,,
887,886,,,163.71486270572845,136,True,False,True,False,success,0.40607917308807373,,,ou_noise,0,454293,898588,449294,8.822068579056683,21.03853715868557,,,
888,887,,,166.215821090206,124,True,False,True,False,success,0.498636931180954,,,ou_noise,0,454417,898836,449418,10.168710224090084,21.29618732390865,,,
889,888,,,-228.5594555587098,1000,False,False,False,True,cutoff,7.274213790893555,,,ou_noise,0,455417,900836,450418,9.520023632407188,21.137848200798036,,,
890,889,,,-203.00565843888185,1000,False,False,False,True,cutoff,7.308567047119141,,,ou_noise,0,456417,902836,451418,9.690869843721389,21.03225684261322,,,
891,890,,,-198.61031356241466,1000,False,False,False,True,cutoff,7.477142333984375,,,ou_noise,0,457417,904836,452418,10.10302654659748,21.112566701889037,,,
892,891,,,156.02946047703318,152,True,False,True,False,success,0.4985860586166382,,,ou_noise,0,457569,905140,452570,8.669500792497082,21.051961484708283,,,
893,892,,,-195.21459234345357,1000,False,False,False,True,cutoff,7.228270530700684,,,ou_noise,0,458569,907140,453570,9.212956328392028,20.759871490478517,,,
894,893,,,168.1842591075207,120,True,False,True,False,success,0.44218909740448,,,ou_noise,0,458689,907380,453690,8.441065058112144,20.828326479593912,,,
895,894,,,-192.87657447251576,1000,False,False,False,True,cutoff,6.737216949462891,,,ou_noise,0,459689,909380,454690,9.46857290315628,20.567454244613646,,,
896,895,,,166.88672559218867,123,True,False,True,False,success,0.40763452649116516,,,ou_noise,0,459812,909626,454813,10.186041000412732,20.26773488424658,,,
897,896,,,154.64089216463506,170,True,False,True,False,success,0.44740942120552063,,,ou_noise,0,459982,909966,454983,10.31844274787342,20.315994560017305,,,
898,897,,,168.77535381520275,121,True,False,True,False,success,0.4170166552066803,,,ou_noise,0,460103,910208,455104,9.160297559312552,20.23636374985876,,,
899,898,,,168.44389554956376,121,True,False,True,False,success,0.4443148076534271,,,ou_noise,0,460224,910450,455225,11.32110060640603,20.19318973919577,,,
900,899,,,170.0827484816161,113,True,False,True,False,success,0.47077062726020813,,,ou_noise,0,460337,910676,455338,8.926201207447896,20.598277539278552,,,
901,900,,,-211.82616581174034,1000,False,False,False,True,cutoff,7.21257209777832,,,ou_noise,0,461337,912676,456338,9.155454023957253,20.0168812417984,,,
902,901,,,165.7227773514333,129,True,False,True,False,success,0.42616117000579834,,,ou_noise,0,461466,912934,456467,8.602391872295113,19.819193078565966,,,
903,902,,,-194.67921115153345,1000,False,False,False,True,cutoff,7.3137335777282715,,,ou_noise,0,462466,914934,457467,8.990489862918853,19.602772033691405,,,
904,903,,,-199.29031844162705,1000,False,False,False,True,cutoff,7.61426305770874,,,ou_noise,0,463466,916934,458467,10.069541445970536,19.632098233222962,,,
905,904,,,-221.6601061156969,1000,False,False,False,True,cutoff,7.709231376647949,,,ou_noise,0,464466,918934,459467,9.226288684606551,19.766778079032896,,,
906,905,,,165.94520214686486,124,True,False,True,False,success,0.4865838289260864,,,ou_noise,0,464590,919182,459591,9.807973592512068,19.764335970724783,,,
907,906,,,167.73771405591327,127,True,False,True,False,success,0.485685795545578,,,ou_noise,0,464717,919436,459718,10.0284033018773,19.59171221575399,,,
908,907,,,162.47896845496373,141,True,False,True,False,success,0.4264642000198364,,,ou_noise,0,464858,919718,459859,9.535942918019938,19.133437623368934,,,
909,908,,,169.78953764115255,118,True,False,True,False,success,0.40220946073532104,,,ou_noise,0,464976,919954,459977,9.581355449506791,19.328892917956335,,,
910,909,,,165.12381459899422,126,True,False,True,False,success,0.4173532724380493,,,ou_noise,0,465102,920206,460103,8.80410261192019,19.27279986275567,,,
911,910,,,-205.96977900350788,1000,False,False,False,True,cutoff,7.510397911071777,,,ou_noise,0,466102,922206,461103,10.108876443386078,19.41676226425171,,,
912,911,,,165.64003812646257,129,True,False,True,False,success,0.4871496558189392,,,ou_noise,0,466231,922464,461232,9.801480699879255,19.500759065613266,,,
913,912,,,-45.37216287808536,903,True,False,True,False,success,0.48495468497276306,,,ou_noise,0,467134,924270,462135,10.148363029309946,19.424117866676642,,,
914,913,,,-188.5077842561153,1000,False,False,False,True,cutoff,7.476813316345215,,,ou_noise,0,468134,926270,463135,10.013290338754654,19.180633158683776,,,
915,914,,,170.1845573244227,114,True,False,True,False,success,0.41738003492355347,,,ou_noise,0,468248,926498,463249,9.624386678662216,18.973843616351747,,,
916,915,,,-204.58982279570165,1000,False,False,False,True,cutoff,7.712934494018555,,,ou_noise,0,469248,928498,464249,10.283632462143897,19.024509569168092,,,
917,916,,,-201.3741942950043,1000,False,False,False,True,cutoff,7.614926338195801,,,ou_noise,0,470248,930498,465249,9.36251590025425,18.87320085144043,,,
918,917,,,-206.16751040373455,1000,False,False,False,True,cutoff,7.659614086151123,,,ou_noise,0,471248,932498,466249,9.128983743429185,18.771452491760254,,,
919,918,,,-205.53665504468023,1000,False,False,False,True,cutoff,7.155731678009033,,,ou_noise,0,472248,934498,467249,8.728437058448792,18.26719863796234,,,
920,919,,,165.48232312654122,123,True,False,True,False,success,0.4887339770793915,,,ou_noise,0,472371,934744,467372,7.525884131105935,17.68805557344018,,,
921,920,,,-190.67215398197476,1000,False,False,False,True,cutoff,7.410909652709961,,,ou_noise,0,473371,936744,468372,8.9062394053936,17.617571347236634,,,
922,921,,,-212.82929759159583,1000,False,False,False,True,cutoff,7.628682613372803,,,ou_noise,0,474371,938744,469372,8.123683552622795,17.010423021316527,,,
923,922,,,-220.9707775577913,1000,False,False,False,True,cutoff,5.064968109130859,,,ou_noise,0,475371,940744,470372,8.752061433672905,16.75921143245697,,,
924,923,,,159.38535038214965,152,True,False,True,False,success,0.483653724193573,,,ou_noise,0,475523,941048,470524,8.960613257006594,16.626544205765974,,,
925,924,,,166.93307701441321,128,True,False,True,False,success,0.43236756324768066,,,ou_noise,0,475651,941304,470652,9.542932767421007,16.560406863689423,,,
926,925,,,160.27797116472934,142,True,False,True,False,success,0.4686450660228729,,,ou_noise,0,475793,941588,470794,8.031541099011058,16.646104308920847,,,
927,926,,,171.34991568028107,112,True,False,True,False,success,0.4571220874786377,,,ou_noise,0,475905,941812,470906,8.88469628563949,16.527990962777817,,,
928,927,,,166.4752858888972,127,True,False,True,False,success,0.42115849256515503,,,ou_noise,0,476032,942066,471033,7.504166017367146,16.42000075212614,,,
929,928,,,-190.65013936901946,1000,False,False,False,True,cutoff,7.727969169616699,,,ou_noise,0,477032,944066,472033,8.06300724720955,16.439297686576843,,,
930,929,,,-225.1014809446451,1000,False,False,False,True,cutoff,6.672521114349365,,,ou_noise,0,478032,946066,473033,8.141856043934823,16.496839765548707,,,
931,930,,,-222.55179694492122,1000,False,False,False,True,cutoff,7.6650800704956055,,,ou_noise,0,479032,948066,474033,8.090243222475053,16.228152309417723,,,
932,931,,,169.8161680827195,115,True,False,True,False,success,0.4513378441333771,,,ou_noise,0,479147,948296,474148,7.646921512354975,16.260315405804178,,,
933,932,,,92.70687397237508,371,True,False,True,False,success,0.4841984212398529,,,ou_noise,0,479518,949038,474519,8.325296579666858,16.233656726436152,,,
934,933,,,-208.93592909921497,1000,False,False,False,True,cutoff,7.3933491706848145,,,ou_noise,0,480518,951038,475519,8.631211211204528,16.031656036376955,,,
935,934,,,-225.23994511852518,1000,False,False,False,True,cutoff,6.77340841293335,,,ou_noise,0,481518,953038,476519,8.68748179578781,16.068688222885132,,,
936,935,,,-215.8109857917346,1000,False,False,False,True,cutoff,7.507833480834961,,,ou_noise,0,482518,955038,477519,7.971029263734818,16.055162161827088,,,
937,936,,,-232.47753367744676,1000,False,False,False,True,cutoff,6.727485179901123,,,ou_noise,0,483518,957038,478519,8.083788785934448,16.10322661113739,,,
938,937,,,166.80399945673136,125,True,False,True,False,success,0.48058971762657166,,,ou_noise,0,483643,957288,478644,11.043407614707947,16.168796669006348,,,
939,938,,,167.97138927900914,125,True,False,True,False,success,0.47115516662597656,,,ou_noise,0,483768,957538,478769,9.05072871208191,16.077751007080078,,,
940,939,,,170.8899002615125,125,True,False,True,False,success,0.4504014551639557,,,ou_noise,0,483893,957788,478894,8.695177958488465,16.285552322387694,,,
941,940,,,166.31297488224877,126,True,False,True,False,success,0.4823804199695587,,,ou_noise,0,484019,958040,479020,7.975874947177039,16.180378981998988,,,
942,941,,,170.38360976085454,114,True,False,True,False,success,0.4557798504829407,,,ou_noise,0,484133,958268,479134,7.3789703877348645,15.851329443747538,,,
943,942,,,-198.0638543966194,1000,False,False,False,True,cutoff,7.261441230773926,,,ou_noise,0,485133,960268,480134,8.345224558115005,16.067279517173766,,,
944,943,,,166.26392689105057,133,True,False,True,False,success,0.4807472229003906,,,ou_noise,0,485266,960534,480267,8.291578741001903,16.270461118310912,,,
945,944,,,-203.44008180799358,1000,False,False,False,True,cutoff,7.302823543548584,,,ou_noise,0,486266,962534,481267,8.36044820177555,16.05238217163086,,,
946,945,,,165.9508285325179,137,True,False,True,False,success,0.46243563294410706,,,ou_noise,0,486403,962808,481404,8.988239612892597,16.08785063332885,,,
947,946,,,-197.96496048840146,1000,False,False,False,True,cutoff,7.618382930755615,,,ou_noise,0,487403,964808,482404,8.414864749252796,16.004527846336366,,,
948,947,,,161.36109475705882,150,True,False,True,False,success,0.47743839025497437,,,ou_noise,0,487553,965108,482554,7.822168742020925,15.92905506769816,,,
949,948,,,166.8919561217653,126,True,False,True,False,success,0.48372501134872437,,,ou_noise,0,487679,965360,482680,7.174238417829786,15.801377455393473,,,
950,949,,,169.52358863622698,119,True,False,True,False,success,0.49462711811065674,,,ou_noise,0,487798,965598,482799,9.44921643593732,15.865660058350123,,,
951,950,,,-207.54515174165624,1000,False,False,False,True,cutoff,7.159487724304199,,,ou_noise,0,488798,967598,483799,8.877857130408287,16.016053832054137,,,
952,951,,,-184.9162630159929,1000,False,False,False,True,cutoff,5.811024188995361,,,ou_noise,0,489798,969598,484799,8.15634272313118,15.963311040878295,,,
953,952,,,-205.83128911082625,1000,False,False,False,True,cutoff,7.475855827331543,,,ou_noise,0,490798,971598,485799,8.366771015524865,16.106899819374085,,,
954,953,,,-198.74911277111445,1000,False,False,False,True,cutoff,7.074987411499023,,,ou_noise,0,491798,973598,486799,8.269092750430108,15.923373753547668,,,
955,954,,,168.28490839588045,119,True,False,True,False,success,0.4579693675041199,,,ou_noise,0,491917,973836,486918,9.471322692742868,16.03256410710952,,,
956,955,,,-207.23468517101716,1000,False,False,False,True,cutoff,7.5589399337768555,,,ou_noise,0,492917,975836,487918,8.876004272937775,15.8604512052536,,,
957,956,,,167.64197209991445,127,True,False,True,False,success,0.4566706717014313,,,ou_noise,0,493044,976090,488045,10.651005097261564,15.694819915951706,,,
958,957,,,-204.6166734782367,1000,False,False,False,True,cutoff,7.278771877288818,,,ou_noise,0,494044,978090,489045,8.922294984459876,15.859729988098145,,,
959,958,,,165.4863193494628,134,True,False,True,False,success,0.4672773480415344,,,ou_noise,0,494178,978358,489179,8.386612774720833,15.84977455993197,,,
960,959,,,168.7948018459022,123,True,False,True,False,success,0.49401259422302246,,,ou_noise,0,494301,978604,489302,8.816081587861223,15.957819907645868,,,
961,960,,,-195.89356715711003,1000,False,False,False,True,cutoff,6.662937164306641,,,ou_noise,0,495301,980604,490302,8.204681656360627,15.761320275306701,,,
962,961,,,166.26385623511794,128,True,False,True,False,success,0.44019564986228943,,,ou_noise,0,495429,980860,490430,7.533271376043558,15.790496237576008,,,
963,962,,,-209.29874635662858,1000,False,False,False,True,cutoff,6.561345100402832,,,ou_noise,0,496429,982860,491430,8.980602816343307,15.727209445953369,,,
964,963,,,-185.11062434073972,1000,False,False,False,True,cutoff,6.601221561431885,,,ou_noise,0,497429,984860,492430,9.05718498659134,15.760002080917358,,,
965,964,,,167.41183345292262,133,True,False,True,False,success,0.47141265869140625,,,ou_noise,0,497562,985126,492563,8.935906436210288,15.742343450847425,,,
966,965,,,-185.6885103984646,471,False,True,True,False,collision,5.774880886077881,,,ou_noise,0,498033,986068,493034,8.090738974052883,15.79121126389554,,,
967,966,,,-284.84374226512153,1000,False,False,False,True,cutoff,7.828093528747559,,,ou_noise,0,499033,988068,494034,8.95917356956005,15.824395880699157,,,
968,967,,,171.83490284083896,115,True,False,True,False,success,0.4208552837371826,,,ou_noise,0,499148,988298,494149,7.663908023419587,15.897596251446268,,,
969,968,,,171.49123212547093,117,True,False,True,False,success,0.4474049508571625,,,ou_noise,0,499265,988532,494266,8.15643898034707,15.721127126970861,,,
970,969,,,136.43318497811032,225,True,False,True,False,success,0.485509991645813,,,ou_noise,0,499490,988982,494491,8.996055997212729,15.951103439331055,,,
971,970,,,166.7451073366785,131,True,False,True,False,success,0.4129713773727417,,,ou_noise,0,499621,989244,494622,7.948581143189933,16.04610438019265,,,
972,971,,,-192.3759228499522,1000,False,False,False,True,cutoff,6.857311725616455,,,ou_noise,0,500621,991244,495622,8.346750196695329,15.718495429039,,,
973,972,,,168.8351423174051,125,True,False,True,False,success,0.40902164578437805,,,ou_noise,0,500746,991494,495747,7.971735935211182,15.580697639465331,,,
974,973,,,169.07143056033814,124,True,False,True,False,success,0.4976842999458313,,,ou_noise,0,500870,991742,495871,9.048688952961276,15.698576996403355,,,
975,974,,,162.56515844217483,144,True,False,True,False,success,0.4916861951351166,,,ou_noise,0,501014,992030,496015,8.467192407283518,15.576629751258427,,,
976,975,,,-204.24426242132,1000,False,False,False,True,cutoff,7.366727828979492,,,ou_noise,0,502014,994030,497015,8.845390598654747,15.699492457389832,,,
977,976,,,170.56234103483416,118,True,False,True,False,success,0.4754418134689331,,,ou_noise,0,502132,994266,497133,8.045377654544378,15.226934230933756,,,
978,977,,,171.10217074101,120,True,False,True,False,success,0.4462273120880127,,,ou_noise,0,502252,994506,497253,9.214855576554934,15.603870852788289,,,
979,978,,,168.57632683107138,122,True,False,True,False,success,0.4779835045337677,,,ou_noise,0,502374,994750,497375,7.937999637400518,15.664057387680304,,,
980,979,,,-195.08188472927196,1000,False,False,False,True,cutoff,7.87921142578125,,,ou_noise,0,503374,996750,498375,8.733653364777565,15.652503931045532,,,
981,980,,,163.3307152831573,137,True,False,True,False,success,0.4717712998390198,,,ou_noise,0,503511,997024,498512,8.046341217347305,15.678735057802966,,,
982,981,,,173.05341012514444,114,True,False,True,False,success,0.421858549118042,,,ou_noise,0,503625,997252,498626,9.179815007929216,15.597613476870352,,,
983,982,,,169.5547386554643,124,True,False,True,False,success,0.4611877202987671,,,ou_noise,0,503749,997500,498750,11.67361397608634,15.458739288391605,,,
984,983,,,169.36588444163618,119,True,False,True,False,success,0.48801204562187195,,,ou_noise,0,503868,997738,498869,7.907743341782513,15.861715613293047,,,
985,984,,,-199.0270567781124,1000,False,False,False,True,cutoff,7.188162803649902,,,ou_noise,0,504868,999738,499869,8.429131188154221,15.763808581352233,,,
986,985,,,-85.50381188776251,107,False,True,True,False,collision,5.103599548339844,,,ou_noise,0,504975,999952,499976,8.68966945866558,15.899875738910426,,,
987,986,,,-178.34319516542348,493,False,True,True,False,collision,6.292921543121338,,,ou_noise,0,505468,1000938,500469,9.174675986442798,15.883969929832475,,,
988,987,,,151.09438042445584,166,True,False,True,False,success,0.4652680456638336,,,ou_noise,0,505634,1001270,500635,9.754759926393808,15.899291635995889,,,
989,988,,,169.75426612082117,121,True,False,True,False,success,0.42389199137687683,,,ou_noise,0,505755,1001512,500756,8.67902845292052,15.844409367269721,,,
990,989,,,171.55217567971195,118,True,False,True,False,success,0.4952085316181183,,,ou_noise,0,505873,1001748,500874,9.866216725212032,16.288263425988667,,,
991,990,,,-195.04535512414333,1000,False,False,False,True,cutoff,7.674135684967041,,,ou_noise,0,506873,1003748,501874,9.434383563160896,15.780705571174622,,,
992,991,,,168.7317181393671,130,True,False,True,False,success,0.4944547712802887,,,ou_noise,0,507003,1004008,502004,8.116911131602068,15.86960070683406,,,
993,992,,,161.44979640351949,148,True,False,True,False,success,0.4565183222293854,,,ou_noise,0,507151,1004304,502152,8.392524211793333,15.616484564703864,,,
994,993,,,-197.75140591506658,1000,False,False,False,True,cutoff,7.708741664886475,,,ou_noise,0,508151,1006304,503152,8.677470852017402,15.889240480422973,,,
995,994,,,159.17947483161603,162,True,False,True,False,success,0.43890559673309326,,,ou_noise,0,508313,1006628,503314,10.227746893594295,16.04214382171631,,,
996,995,,,-198.25550955191125,1000,False,False,False,True,cutoff,7.439347267150879,,,ou_noise,0,509313,1008628,504314,9.117426849246025,15.874988859176636,,,
997,996,,,-205.60113681041116,1000,False,False,False,True,cutoff,7.541201114654541,,,ou_noise,0,510313,1010628,505314,8.635331297039986,16.03126804637909,,,
998,997,,,166.79583257599126,134,True,False,True,False,success,0.466757208108902,,,ou_noise,0,510447,1010896,505448,8.361644315185831,15.92399592186088,,,
999,998,,,170.11151108268663,126,True,False,True,False,success,0.4216257631778717,,,ou_noise,0,510573,1011148,505574,9.829414988320972,15.905697550092425,,,
1000,999,,,167.04246582209774,127,True,False,True,False,success,0.47283029556274414,,,ou_noise,0,510700,1011402,505701,9.266842085545457,16.10918881574015,,,
1001,1000,,,-68.00747088637615,86,False,True,True,False,collision,5.14293909072876,,,ou_noise,0,510786,1011574,505787,8.84467502943305,15.89855541184891,,,
1002,1001,,,173.16964713365684,113,True,False,True,False,success,0.42237210273742676,,,ou_noise,0,510899,1011800,505900,9.839975972091203,15.881275371112654,,,
1003,1002,,,-193.48567810392686,1000,False,False,False,True,cutoff,7.252876281738281,,,ou_noise,0,511899,1013800,506900,9.30830744612217,15.946844546318054,,,
1004,1003,,,-198.07888066460694,1000,False,False,False,True,cutoff,7.316669464111328,,,ou_noise,0,512899,1015800,507900,8.6423339086771,16.189042145729065,,,
1005,1004,,,-207.77694087503795,1000,False,False,False,True,cutoff,7.235334873199463,,,ou_noise,0,513899,1017800,508900,9.439460264325142,16.277227686882018,,,
1006,1005,,,-195.767159921608,1000,False,False,False,True,cutoff,7.144390106201172,,,ou_noise,0,514899,1019800,509900,8.634188930153847,16.46851630496979,,,
1007,1006,,,-203.75554319032983,1000,False,False,False,True,cutoff,7.520481586456299,,,ou_noise,0,515899,1021800,510900,8.92506659579277,16.559305228233338,,,
1008,1007,,,-189.91026552059287,1000,False,False,False,True,cutoff,6.956684112548828,,,ou_noise,0,516899,1023800,511900,9.28826726770401,16.665366486549377,,,
1009,1008,,,-206.5429157818813,1000,False,False,False,True,cutoff,7.229785442352295,,,ou_noise,0,517899,1025800,512900,9.080156574606896,16.714075400352478,,,
1010,1009,,,-217.97136220883507,1000,False,False,False,True,cutoff,7.091937065124512,,,ou_noise,0,518899,1027800,513900,8.74008017730713,16.776212953567505,,,
1011,1010,,,-197.843276170878,1000,False,False,False,True,cutoff,7.030159950256348,,,ou_noise,0,519899,1029800,514900,8.792817060232162,16.968243901252748,,,
1012,1011,,,-210.30015246116432,1000,False,False,False,True,cutoff,7.452572345733643,,,ou_noise,0,520899,1031800,515900,8.741237866282463,16.936591444969178,,,
1013,1012,,,-199.18268798184997,1000,False,False,False,True,cutoff,7.153408050537109,,,ou_noise,0,521899,1033800,516900,8.376916275143623,17.014925754547118,,,
1014,1013,,,156.0731976491812,163,True,False,True,False,success,0.4334518015384674,,,ou_noise,0,522062,1034126,517063,9.160553637457772,17.103088033711252,,,
1015,1014,,,170.16549155637983,121,True,False,True,False,success,0.44223955273628235,,,ou_noise,0,522183,1034368,517184,7.491751070850151,17.13335606283393,,,
1016,1015,,,-206.37039394351396,1000,False,False,False,True,cutoff,7.565094947814941,,,ou_noise,0,523183,1036368,518184,9.266625781178474,16.93827196788788,,,
1017,1016,,,-191.62874559643856,1000,False,False,False,True,cutoff,7.37869119644165,,,ou_noise,0,524183,1038368,519184,8.470830194592477,17.002181716918944,,,
1018,1017,,,165.99338626299004,129,True,False,True,False,success,0.4777066707611084,,,ou_noise,0,524312,1038626,519313,8.07883850086567,16.98483745072239,,,
1019,1018,,,169.90966295864558,119,True,False,True,False,success,0.47275200486183167,,,ou_noise,0,524431,1038864,519432,8.724342466402454,17.11089022820737,,,
1020,1019,,,-202.802324289813,1000,False,False,False,True,cutoff,6.994654655456543,,,ou_noise,0,525431,1040864,520432,8.454764467120171,16.822862635612488,,,
1021,1020,,,168.51144045340354,129,True,False,True,False,success,0.48251327872276306,,,ou_noise,0,525560,1041122,520561,7.318597944207894,16.959776390430537,,,
1022,1021,,,-135.1935244884296,265,False,True,True,False,collision,6.128717422485352,,,ou_noise,0,525825,1041652,520826,8.207925475768324,16.945493007156085,,,
1023,1022,,,-200.94004976667014,1000,False,False,False,True,cutoff,7.173642635345459,,,ou_noise,0,526825,1043652,521826,7.958567483782768,16.737060316085817,,,
1024,1023,,,-194.81221990122495,1000,False,False,False,True,cutoff,7.169343948364258,,,ou_noise,0,527825,1045652,522826,8.597709664702416,16.761910853385924,,,
1025,1024,,,-194.81792461552092,1000,False,False,False,True,cutoff,7.563453197479248,,,ou_noise,0,528825,1047652,523826,8.295029554724694,16.59539105606079,,,
1026,1025,,,156.73439907972354,161,True,False,True,False,success,0.443424791097641,,,ou_noise,0,528986,1047974,523987,7.470731658965164,16.51875683091442,,,
1027,1026,,,-199.71251073116125,1000,False,False,False,True,cutoff,7.387563228607178,,,ou_noise,0,529986,1049974,524987,9.176245745420456,16.628054327011107,,,
1028,1027,,,-209.65537348362793,1000,False,False,False,True,cutoff,6.823304653167725,,,ou_noise,0,530986,1051974,525987,7.961265047311783,16.698272737503054,,,
1029,1028,,,168.17517489098387,126,True,False,True,False,success,0.4602524936199188,,,ou_noise,0,531112,1052226,526113,8.512733780202412,16.480067177424356,,,
1030,1029,,,173.38990763042017,118,True,False,True,False,success,0.43413612246513367,,,ou_noise,0,531230,1052462,526231,7.29553269127668,16.402658688820015,,,
1031,1030,,,-197.84687648962395,1000,False,False,False,True,cutoff,6.910878658294678,,,ou_noise,0,532230,1054462,527231,8.12539919090271,16.437714807510375,,,
1032,1031,,,168.30636401378726,125,True,False,True,False,success,0.498664915561676,,,ou_noise,0,532355,1054712,527356,9.984087865829467,16.245418907165526,,,
1033,1032,,,163.36954235043356,147,True,False,True,False,success,0.4232902526855469,,,ou_noise,0,532502,1055006,527503,8.822115546992036,16.50101121915441,,,
1034,1033,,,-122.78392196101507,220,False,True,True,False,collision,6.0452880859375,,,ou_noise,0,532722,1055446,527723,8.109271564266898,16.11688008741899,,,
1035,1034,,,172.13842827524365,118,True,False,True,False,success,0.4651220142841339,,,ou_noise,0,532840,1055682,527841,8.923555533764725,16.563076900223553,,,
1036,1035,,,-194.4985090195406,1000,False,False,False,True,cutoff,7.464599609375,,,ou_noise,0,533840,1057682,528841,9.198971419930459,16.42175111961365,,,
1037,1036,,,-198.39778118574188,1000,False,False,False,True,cutoff,7.378540515899658,,,ou_noise,0,534840,1059682,529841,8.610049317359925,16.478782327651977,,,
1038,1037,,,-198.49636161152847,1000,False,False,False,True,cutoff,7.0306620597839355,,,ou_noise,0,535840,1061682,530841,8.697667339205742,16.368728452682497,,,
1039,1038,,,-201.88128677505136,1000,False,False,False,True,cutoff,7.25889253616333,,,ou_noise,0,536840,1063682,531841,8.72183800536394,16.490298628807068,,,
1040,1039,,,162.88185089910922,137,True,False,True,False,success,0.43339696526527405,,,ou_noise,0,536977,1063956,531978,9.572340007245975,16.692978079301596,,,
1041,1040,,,165.47149892728262,135,True,False,True,False,success,0.41958194971084595,,,ou_noise,0,537112,1064226,532113,7.9135958459642195,16.312600107546206,,,
1042,1041,,,167.50422661414393,130,True,False,True,False,success,0.4995630979537964,,,ou_noise,0,537242,1064486,532243,8.835391359145826,16.21365978534405,,,
1043,1042,,,-202.58968836408675,1000,False,False,False,True,cutoff,7.129107475280762,,,ou_noise,0,538242,1066486,533243,9.060875834345818,16.550474955558776,,,
1044,1043,,,-205.5666428509189,1000,False,False,False,True,cutoff,7.08574914932251,,,ou_noise,0,539242,1068486,534243,8.575293576598167,16.608139361381532,,,
1045,1044,,,136.26239047195622,210,True,False,True,False,success,0.4074746072292328,,,ou_noise,0,539452,1068906,534453,8.168895529565358,16.519397835504442,,,
1046,1045,,,171.64141312149036,115,True,False,True,False,success,0.46767497062683105,,,ou_noise,0,539567,1069136,534568,8.265388625601064,16.58547291133715,,,
1047,1046,,,-97.92626909562618,70,False,True,True,False,collision,8.030648231506348,,,ou_noise,0,539637,1069276,534638,7.6439275826726645,16.60787764957973,,,
1048,1047,,,165.83367978221986,122,True,False,True,False,success,0.4901759624481201,,,ou_noise,0,539759,1069520,534760,8.675487455774526,16.49329472369835,,,
1049,1048,,,-199.23186673497221,1000,False,False,False,True,cutoff,5.188406467437744,,,ou_noise,0,540759,1071520,535760,7.884280776381493,16.53741220474243,,,
1050,1049,,,-101.46964450777993,85,False,True,True,False,collision,7.4779534339904785,,,ou_noise,0,540844,1071690,535845,7.691208859050975,16.604065008724437,,,
1051,1050,,,-71.32854443830905,79,False,True,True,False,collision,5.557569980621338,,,ou_noise,0,540923,1071848,535924,7.846393553516533,16.73193667206583,,,
1052,1051,,,165.03928632691276,139,True,False,True,False,success,0.45259544253349304,,,ou_noise,0,541062,1072126,536063,9.629729342975205,16.2286952794027,,,
1053,1052,,,-205.46195004087707,1000,False,False,False,True,cutoff,7.233985424041748,,,ou_noise,0,542062,1074126,537063,8.56826918977499,16.588351443290712,,,
1054,1053,,,169.41958834195896,126,True,False,True,False,success,0.4368913471698761,,,ou_noise,0,542188,1074378,537189,8.945114543513647,16.805653049832298,,,
1055,1054,,,152.1163238470361,149,True,False,True,False,success,0.41880711913108826,,,ou_noise,0,542337,1074676,537338,8.069732127573666,16.789609921858613,,,
1056,1055,,,166.87639571518855,132,True,False,True,False,success,0.4924287796020508,,,ou_noise,0,542469,1074940,537470,9.311860799789429,16.586287202257097,,,
1057,1056,,,170.6822946048624,118,True,False,True,False,success,0.42502060532569885,,,ou_noise,0,542587,1075176,537588,8.328685069488266,16.88581709942575,,,
1058,1057,,,-198.9398886050052,1000,False,False,False,True,cutoff,7.097665786743164,,,ou_noise,0,543587,1077176,538588,8.27935562568903,16.856914596557615,,,
1059,1058,,,-214.7388837687125,1000,False,False,False,True,cutoff,6.616944313049316,,,ou_noise,0,544587,1079176,539588,8.217267130970955,16.918922684669493,,,
1060,1059,,,166.55388426889917,130,True,False,True,False,success,0.43830934166908264,,,ou_noise,0,544717,1079436,539718,7.461210888165694,16.96459187727708,,,
1061,1060,,,171.81391781085318,116,True,False,True,False,success,0.4786970019340515,,,ou_noise,0,544833,1079668,539834,9.020085006952286,17.143453244505256,,,
1062,1061,,,172.0396555746247,115,True,False,True,False,success,0.4633544981479645,,,ou_noise,0,544948,1079898,539949,9.603979227335557,17.02507791104524,,,
1063,1062,,,-157.36908370850963,1000,False,False,False,True,cutoff,3.5785398483276367,,,ou_noise,0,545948,1081898,540949,8.367606633186341,16.899374736785887,,,
1064,1063,,,108.65438574422876,278,True,False,True,False,success,0.48687422275543213,,,ou_noise,0,546226,1082454,541227,8.968441585842655,17.060014062648197,,,
1065,1064,,,-226.6864522951732,1000,False,False,False,True,cutoff,7.6176323890686035,,,ou_noise,0,547226,1084454,542227,9.227279951810837,17.07118786907196,,,
1066,1065,,,166.7566050202991,134,True,False,True,False,success,0.49416306614875793,,,ou_noise,0,547360,1084722,542361,8.645770159230304,17.44224277183191,,,
1067,1066,,,172.13409718130566,115,True,False,True,False,success,0.4749394655227661,,,ou_noise,0,547475,1084952,542476,8.224543232503144,17.344394468224568,,,
1068,1067,,,166.7937016438247,126,True,False,True,False,success,0.4695509970188141,,,ou_noise,0,547601,1085204,542602,9.857394809760745,17.0408778569055,,,
1069,1068,,,171.39123298540716,117,True,False,True,False,success,0.46573853492736816,,,ou_noise,0,547718,1085438,542719,7.923432565142965,17.37101504334018,,,
1070,1069,,,173.66136149280382,112,True,False,True,False,success,0.49553707242012024,,,ou_noise,0,547830,1085662,542831,11.10705380141735,16.93969953911645,,,
1071,1070,,,151.37765746702007,169,True,False,True,False,success,0.4460950493812561,,,ou_noise,0,547999,1086000,543000,7.996261118431769,17.162796488880407,,,
1072,1071,,,-216.3965735922083,1000,False,False,False,True,cutoff,7.052939414978027,,,ou_noise,0,548999,1088000,544000,8.550038858175277,17.26209743976593,,,
1073,1072,,,170.43182646762807,123,True,False,True,False,success,0.465131014585495,,,ou_noise,0,549122,1088246,544123,7.089089573883429,17.32871742558673,,,
1074,1073,,,-232.1700476452744,1000,False,False,False,True,cutoff,7.09124231338501,,,ou_noise,0,550122,1090246,545123,8.884294154763221,17.256627710342407,,,
1075,1074,,,169.70083835109475,123,True,False,True,False,success,0.4741653501987457,,,ou_noise,0,550245,1090492,545246,8.530473041340587,17.1874417948529,,,
1076,1075,,,173.7091636936341,110,True,False,True,False,success,0.47552257776260376,,,ou_noise,0,550355,1090712,545356,7.850429767912084,17.483251389590176,,,
1077,1076,,,-206.8731883411615,1000,False,False,False,True,cutoff,6.646274089813232,,,ou_noise,0,551355,1092712,546356,8.306124815225601,17.37743858528137,,,
1078,1077,,,174.96886509176443,113,True,False,True,False,success,0.41938722133636475,,,ou_noise,0,551468,1092938,546469,9.34850346620104,17.482221578074768,,,
1079,1078,,,172.90039328353996,118,True,False,True,False,success,0.40628358721733093,,,ou_noise,0,551586,1093174,546587,8.354060424586473,17.25526316691253,,,
1080,1079,,,167.9574047401698,132,True,False,True,False,success,0.4957592189311981,,,ou_noise,0,551718,1093438,546719,7.955841782418164,17.439702778151542,,,
1081,1080,,,162.96531134333017,148,True,False,True,False,success,0.4825887978076935,,,ou_noise,0,551866,1093734,546867,10.270963539142866,17.184275105192853,,,
1082,1081,,,-226.78174706146572,1000,False,False,False,True,cutoff,4.050636291503906,,,ou_noise,0,552866,1095734,547867,8.573639339208603,17.224432403564453,,,
1083,1082,,,168.10392182080352,133,True,False,True,False,success,0.45502617955207825,,,ou_noise,0,552999,1096000,548000,7.239617489334336,17.231732289593918,,,
1084,1083,,,173.30167471184376,112,True,False,True,False,success,0.4208226799964905,,,ou_noise,0,553111,1096224,548112,9.237380695130144,17.155891852719442,,,
1085,1084,,,170.7101955152556,121,True,False,True,False,success,0.4558144807815552,,,ou_noise,0,553232,1096466,548233,9.600327285853298,17.03550468791615,,,
1086,1085,,,168.01136353275484,125,True,False,True,False,success,0.42329996824264526,,,ou_noise,0,553357,1096716,548358,8.48544611263275,17.16419901275635,,,
1087,1086,,,160.02975150845185,152,True,False,True,False,success,0.48398518562316895,,,ou_noise,0,553509,1097020,548510,9.409089275096592,16.97318174337086,,,
1088,1087,,,168.24440831262945,129,True,False,True,False,success,0.47378742694854736,,,ou_noise,0,553638,1097278,548639,8.064513547475947,17.05707541177439,,,
1089,1088,,,-177.6951606620306,1000,False,False,False,True,cutoff,3.755004644393921,,,ou_noise,0,554638,1099278,549639,8.99236032950878,17.057889934539794,,,
1090,1089,,,-204.961278891853,1000,False,False,False,True,cutoff,7.374557018280029,,,ou_noise,0,555638,1101278,550639,9.384154849410058,17.228523547172546,,,
1091,1090,,,166.39608135251513,128,True,False,True,False,success,0.47050637006759644,,,ou_noise,0,555766,1101534,550767,8.422283058054745,17.008221827447414,,,
1092,1091,,,-236.12277426126158,1000,False,False,False,True,cutoff,7.001500129699707,,,ou_noise,0,556766,1103534,551767,8.589737759232522,17.243097034454344,,,
1093,1092,,,56.39390657563734,533,True,False,True,False,success,0.469700425863266,,,ou_noise,0,557299,1104600,552300,9.492628259238337,17.32547232178765,,,
1094,1093,,,169.8325093923748,120,True,False,True,False,success,0.47196337580680847,,,ou_noise,0,557419,1104840,552420,8.517714661359786,17.28037470181783,,,
1095,1094,,,172.56552156713394,113,True,False,True,False,success,0.43756747245788574,,,ou_noise,0,557532,1105066,552533,8.73971678830881,17.305746863373614,,,
1096,1095,,,167.57724062364974,125,True,False,True,False,success,0.4665175676345825,,,ou_noise,0,557657,1105316,552658,9.126395411491394,17.185267433166505,,,
1097,1096,,,173.1742774425622,115,True,False,True,False,success,0.4100382328033447,,,ou_noise,0,557772,1105546,552773,9.797632709793422,17.46061015751051,,,
1098,1097,,,-189.91068213422875,1000,False,False,False,True,cutoff,4.548304080963135,,,ou_noise,0,558772,1107546,553773,9.553485331892967,17.140222529411314,,,
1099,1098,,,165.69309838876467,142,True,False,True,False,success,0.43578654527664185,,,ou_noise,0,558914,1107830,553915,9.816814000337896,17.197111579733836,,,
1100,1099,,,-208.75790911518112,1000,False,False,False,True,cutoff,7.524012088775635,,,ou_noise,0,559914,1109830,554915,8.613904655098915,17.229791499137878,,,
1101,1100,,,-211.29073190638252,1000,False,False,False,True,cutoff,6.827455520629883,,,ou_noise,0,560914,1111830,555915,8.794131077706814,17.394947350502015,,,
1102,1101,,,123.29820983068797,313,True,False,True,False,success,0.48190876841545105,,,ou_noise,0,561227,1112456,556228,8.637871517160068,17.362630466302743,,,
1103,1102,,,163.53862166169407,137,True,False,True,False,success,0.40878233313560486,,,ou_noise,0,561364,1112730,556365,9.82909607800254,17.161196367584004,,,
1104,1103,,,-217.05469605488963,1000,False,False,False,True,cutoff,6.995516300201416,,,ou_noise,0,562364,1114730,557365,9.574035198926925,17.468773350715637,,,
1105,1104,,,-208.15122716211684,1000,False,False,False,True,cutoff,7.317676067352295,,,ou_noise,0,563364,1116730,558365,9.310905952095986,17.457611936569215,,,
1106,1105,,,165.71605519512764,140,True,False,True,False,success,0.47166645526885986,,,ou_noise,0,563504,1117010,558505,9.157990330457688,17.691686521257672,,,
1107,1106,,,172.01291596479632,117,True,False,True,False,success,0.49109169840812683,,,ou_noise,0,563621,1117244,558622,9.491853975842142,17.572272080641525,,,
1108,1107,,,171.1926370029832,123,True,False,True,False,success,0.4968166947364807,,,ou_noise,0,563744,1117490,558745,8.239580784386735,17.553780865863086,,,
1109,1108,,,126.46061811857376,280,True,False,True,False,success,0.4171728193759918,,,ou_noise,0,564024,1118050,559025,8.946676886507444,17.55376649243491,,,
1110,1109,,,170.05323563313215,123,True,False,True,False,success,0.4352453947067261,,,ou_noise,0,564147,1118296,559148,9.265139072891174,17.448481280629228,,,
1111,1110,,,166.71738262992935,138,True,False,True,False,success,0.413451611995697,,,ou_noise,0,564285,1118572,559286,8.747665451056715,17.517279583474863,,,
1112,1111,,,169.42118984456943,125,True,False,True,False,success,0.4782673418521881,,,ou_noise,0,564410,1118822,559411,10.219378129005433,17.276327507019044,,,
1113,1112,,,173.36229034250806,111,True,False,True,False,success,0.4905671179294586,,,ou_noise,0,564521,1119044,559522,10.711098863197877,17.32189906180442,,,
1114,1113,,,171.46196617566164,119,True,False,True,False,success,0.4857865273952484,,,ou_noise,0,564640,1119282,559641,8.168103122911534,17.226588112967356,,,
1115,1114,,,-224.16535547674889,1000,False,False,False,True,cutoff,6.919295787811279,,,ou_noise,0,565640,1121282,560641,9.336128814578057,17.36685782146454,,,
1116,1115,,,-254.20047938701865,1000,False,False,False,True,cutoff,7.040010452270508,,,ou_noise,0,566640,1123282,561641,9.12118565762043,17.465100409507752,,,
1117,1116,,,171.03441844952306,115,True,False,True,False,success,0.4868204891681671,,,ou_noise,0,566755,1123512,561756,8.862915927430858,17.438337350928265,,,
1118,1117,,,162.93826943446294,131,True,False,True,False,success,0.46232566237449646,,,ou_noise,0,566886,1123774,561887,8.916967642216282,17.70129818224725,,,
1119,1118,,,-228.10284901340765,1000,False,False,False,True,cutoff,7.44040060043335,,,ou_noise,0,567886,1125774,562887,10.033228268802166,17.517437852859498,,,
1120,1119,,,-176.41255070875164,1000,False,False,False,True,cutoff,3.5935659408569336,,,ou_noise,0,568886,1127774,563887,10.211215907335282,17.579264656066893,,,
1121,1120,,,-232.53169260005663,1000,False,False,False,True,cutoff,7.321133613586426,,,ou_noise,0,569886,1129774,564887,9.840572934031487,17.656845928192137,,,
1122,1121,,,-216.91196573748996,1000,False,False,False,True,cutoff,6.402671813964844,,,ou_noise,0,570886,1131774,565887,9.477332738757134,17.705682231903076,,,
1123,1122,,,161.69154258030196,148,True,False,True,False,success,0.4853232204914093,,,ou_noise,0,571034,1132070,566035,8.492851233160174,17.853643623558252,,,
1124,1123,,,-214.23468923518016,1000,False,False,False,True,cutoff,7.67534065246582,,,ou_noise,0,572034,1134070,567035,10.104120988368988,17.6650284576416,,,
1125,1124,,,-239.56733587101158,1000,False,False,False,True,cutoff,7.722850322723389,,,ou_noise,0,573034,1136070,568035,9.677713751196862,17.720238669395446,,,
1126,1125,,,172.13322937058064,116,True,False,True,False,success,0.4866737425327301,,,ou_noise,0,573150,1136302,568151,9.308717586870852,17.728763522772955,,,
1127,1126,,,-210.4690291985835,1000,False,False,False,True,cutoff,7.519808292388916,,,ou_noise,0,574150,1138302,569151,9.756145804286003,17.787436346054076,,,
1128,1127,,,168.09000546630602,126,True,False,True,False,success,0.43356195092201233,,,ou_noise,0,574276,1138554,569277,9.404901092014615,17.662364112006294,,,
1129,1128,,,88.73626556871021,419,True,False,True,False,success,0.481687068939209,,,ou_noise,0,574695,1139392,569696,10.193046717199904,17.617638260197243,,,
1130,1129,,,167.86844371991032,127,True,False,True,False,success,0.4375765025615692,,,ou_noise,0,574822,1139646,569823,9.335425421008914,17.748598286486047,,,
1131,1130,,,-209.56370296843411,1000,False,False,False,True,cutoff,6.836770057678223,,,ou_noise,0,575822,1141646,570823,9.41781526350975,17.699038879394532,,,
1132,1131,,,168.7145091282332,126,True,False,True,False,success,0.4439071714878082,,,ou_noise,0,575948,1141898,570949,9.013519000439416,17.938436402214897,,,
1133,1132,,,-220.8344525893798,1000,False,False,False,True,cutoff,7.428875923156738,,,ou_noise,0,576948,1143898,571949,9.643025173902512,17.54168410873413,,,
1134,1133,,,172.50082439263497,116,True,False,True,False,success,0.4973812997341156,,,ou_noise,0,577064,1144130,572065,9.286347227877584,17.61459710680205,,,
1135,1134,,,-68.29861298505755,131,False,True,True,False,collision,3.943798065185547,,,ou_noise,0,577195,1144392,572196,10.33244045818125,17.64404518913677,,,
1136,1135,,,172.8793134722407,115,True,False,True,False,success,0.40383362770080566,,,ou_noise,0,577310,1144622,572311,10.064120457483375,17.847048651653786,,,
1137,1136,,,173.1817069303199,116,True,False,True,False,success,0.42479199171066284,,,ou_noise,0,577426,1144854,572427,10.811342734715033,17.612695110255274,,,
1138,1137,,,-205.21220182261047,1000,False,False,False,True,cutoff,7.369072437286377,,,ou_noise,0,578426,1146854,573427,10.298677701592446,17.664602091789245,,,
1139,1138,,,168.9509827768034,121,True,False,True,False,success,0.49672260880470276,,,ou_noise,0,578547,1147096,573548,8.252054609543036,17.621540392725922,,,
1140,1139,,,172.46379729626312,115,True,False,True,False,success,0.43946102261543274,,,ou_noise,0,578662,1147326,573663,9.810140155709307,17.514163357278576,,,
1141,1140,,,-214.02337843897493,1000,False,False,False,True,cutoff,7.454371929168701,,,ou_noise,0,579662,1149326,574663,9.550038444519043,17.656771103858947,,,
1142,1141,,,-212.99807220917646,1000,False,False,False,True,cutoff,7.173980236053467,,,ou_noise,0,580662,1151326,575663,10.309159744501114,17.692002214431763,,,
1143,1142,,,-204.63717843099448,1000,False,False,False,True,cutoff,7.293615818023682,,,ou_noise,0,581662,1153326,576663,9.65045792210102,17.859473565101624,,,
1144,1143,,,-286.5604875624514,1000,False,False,False,True,cutoff,7.295618534088135,,,ou_noise,0,582662,1155326,577663,9.615275157690048,17.646396867752074,,,
1145,1144,,,170.70725331211446,119,True,False,True,False,success,0.45622724294662476,,,ou_noise,0,582781,1155564,577782,8.870324524510808,17.67148848140941,,,
1146,1145,,,169.6095796663459,124,True,False,True,False,success,0.4819261133670807,,,ou_noise,0,582905,1155812,577906,11.073781328816567,17.58356639646715,,,
1147,1146,,,166.22823036732666,140,True,False,True,False,success,0.47015923261642456,,,ou_noise,0,583045,1156092,578046,11.471240990502494,17.48027186393738,,,
1148,1147,,,170.6897693548659,125,True,False,True,False,success,0.47821080684661865,,,ou_noise,0,583170,1156342,578171,9.214348989486695,17.59228688812256,,,
1149,1148,,,-84.16931564558725,98,False,True,True,False,collision,5.754689693450928,,,ou_noise,0,583268,1156538,578269,9.667850490735502,17.30363557776626,,,
1150,1149,,,168.27226990030573,128,True,False,True,False,success,0.4707242548465729,,,ou_noise,0,583396,1156794,578397,9.90167433861643,17.381587207317352,,,
1151,1150,,,-102.94938319925474,180,False,True,True,False,collision,4.436347961425781,,,ou_noise,0,583576,1157154,578577,9.495691382222706,17.486044608222112,,,
1152,1151,,,101.31961780006992,368,True,False,True,False,success,0.45884713530540466,,,ou_noise,0,583944,1157890,578945,10.208090802249702,17.418668010960456,,,
1153,1152,,,-198.38361950438858,1000,False,False,False,True,cutoff,7.4429545402526855,,,ou_noise,0,584944,1159890,579945,10.313135872721672,17.460512601852418,,,
1154,1153,,,-194.97301840093274,1000,False,False,False,True,cutoff,6.951632976531982,,,ou_noise,0,585944,1161890,580945,9.525986557245254,17.591097509384156,,,
1155,1154,,,149.8280779401216,181,True,False,True,False,success,0.41799280047416687,,,ou_noise,0,586125,1162252,581126,9.565120590984492,17.43737543748887,,,
1156,1155,,,167.34324043248978,128,True,False,True,False,success,0.4835217595100403,,,ou_noise,0,586253,1162508,581254,11.38560828473419,17.456240952014923,,,
1157,1156,,,174.96343229891198,115,True,False,True,False,success,0.4221876859664917,,,ou_noise,0,586368,1162738,581369,9.93511918005736,17.556575816610586,,,
1158,1157,,,170.39603792354274,120,True,False,True,False,success,0.4967241585254669,,,ou_noise,0,586488,1162978,581489,9.670911231637001,17.593443314234417,,,
1159,1158,,,-194.5102649423824,1000,False,False,False,True,cutoff,7.000864028930664,,,ou_noise,0,587488,1164978,582489,9.494911762952805,17.630920473098755,,,
1160,1159,,,173.01175219262805,111,True,False,True,False,success,0.435719758272171,,,ou_noise,0,587599,1165200,582600,10.758007813144374,17.40504820711978,,,
1161,1160,,,-196.8681259287681,1000,False,False,False,True,cutoff,6.887314319610596,,,ou_noise,0,588599,1167200,583600,9.691905318975449,17.426964936256407,,,
1162,1161,,,167.46851916463748,135,True,False,True,False,success,0.45393216609954834,,,ou_noise,0,588734,1167470,583735,9.757490002667462,17.35710178657814,,,
1163,1162,,,142.6481589024612,217,True,False,True,False,success,0.44330358505249023,,,ou_noise,0,588951,1167904,583952,9.164568692308418,17.312566330905334,,,
1164,1163,,,-195.33841141998033,1000,False,False,False,True,cutoff,7.091822147369385,,,ou_noise,0,589951,1169904,584952,9.66214068478346,17.381923645973206,,,
1165,1164,,,170.9867516808822,122,True,False,True,False,success,0.4257563352584839,,,ou_noise,0,590073,1170148,585074,8.611544505494539,17.657051672700977,,,
1166,1165,,,172.45485365486007,114,True,False,True,False,success,0.4526772201061249,,,ou_noise,0,590187,1170376,585188,9.823768865643887,17.544471498121297,,,
1167,1166,,,167.0968366830527,138,True,False,True,False,success,0.4164964556694031,,,ou_noise,0,590325,1170652,585326,9.760832422021506,17.405993655108023,,,
1168,1167,,,167.6832268334492,127,True,False,True,False,success,0.47706758975982666,,,ou_noise,0,590452,1170906,585453,10.423134908901424,17.55425930774118,,,
1169,1168,,,169.53534854579806,120,True,False,True,False,success,0.4960887134075165,,,ou_noise,0,590572,1171146,585573,10.477280019720395,17.342727772394817,,,
1170,1169,,,-210.02220641824115,1000,False,False,False,True,cutoff,7.224791049957275,,,ou_noise,0,591572,1173146,586573,10.125511294364928,17.346568311691286,,,
1171,1170,,,-218.15979931851695,1000,False,False,False,True,cutoff,7.69072961807251,,,ou_noise,0,592572,1175146,587573,10.111694511055946,17.472579283714296,,,
1172,1171,,,169.30847435099133,123,True,False,True,False,success,0.4501960873603821,,,ou_noise,0,592695,1175392,587696,9.605924423147993,17.51130486310013,,,
1173,1172,,,168.2545964226484,129,True,False,True,False,success,0.4256480038166046,,,ou_noise,0,592824,1175650,587825,9.655673379121824,17.619233064873274,,,
1174,1173,,,165.39362656343974,132,True,False,True,False,success,0.48732468485832214,,,ou_noise,0,592956,1175914,587957,9.52971010226192,17.599000179406367,,,
1175,1174,,,171.87915879103662,112,True,False,True,False,success,0.4685075879096985,,,ou_noise,0,593068,1176138,588069,9.29526800768716,17.509317636489868,,,
1176,1175,,,164.85218491123825,128,True,False,True,False,success,0.4443804919719696,,,ou_noise,0,593196,1176394,588197,9.739064059220254,17.132378786802292,,,
1177,1176,,,166.77452321034235,124,True,False,True,False,success,0.44954121112823486,,,ou_noise,0,593320,1176642,588321,10.937666574793477,17.131041772903934,,,
1178,1177,,,-205.68596020662542,1000,False,False,False,True,cutoff,7.376053333282471,,,ou_noise,0,594320,1178642,589321,9.754418545126915,17.18183246040344,,,
1179,1178,,,-228.54091057102372,1000,False,False,False,True,cutoff,7.689999580383301,,,ou_noise,0,595320,1180642,590321,9.65215346622467,17.309311140060426,,,
1180,1179,,,-220.11864968978043,1000,False,False,False,True,cutoff,7.863287448883057,,,ou_noise,0,596320,1182642,591321,9.3153538697958,17.439571219444275,,,
1181,1180,,,172.5628040436496,113,True,False,True,False,success,0.46769294142723083,,,ou_noise,0,596433,1182868,591434,9.421627602746002,17.536356200159123,,,
1182,1181,,,-215.90224383237654,1000,False,False,False,True,cutoff,7.642571926116943,,,ou_noise,0,597433,1184868,592434,10.248476918697357,17.316942708015443,,,
1183,1182,,,171.9437858834625,112,True,False,True,False,success,0.441773384809494,,,ou_noise,0,597545,1185092,592546,11.56806159977402,17.288530358246394,,,
1184,1183,,,-207.04964095570247,1000,False,False,False,True,cutoff,7.296054840087891,,,ou_noise,0,598545,1187092,593546,9.686401316285133,17.228558792114256,,,
1185,1184,,,169.73082123130405,125,True,False,True,False,success,0.49983492493629456,,,ou_noise,0,598670,1187342,593671,10.555213809013367,17.282216522216796,,,
1186,1185,,,-82.98707486356389,121,False,True,True,False,collision,4.247835636138916,,,ou_noise,0,598791,1187584,593792,10.751510001411123,17.10693569813878,,,
1187,1186,,,162.91029326734713,144,True,False,True,False,success,0.43444958329200745,,,ou_noise,0,598935,1187872,593936,10.724010718365511,17.322251346376206,,,
1188,1187,,,169.54617446590618,128,True,False,True,False,success,0.45325151085853577,,,ou_noise,0,599063,1188128,594064,9.336737890727818,16.933397814631462,,,
1189,1188,,,-201.68069820319192,1000,False,False,False,True,cutoff,7.251636505126953,,,ou_noise,0,600063,1190128,595064,9.526811931729316,17.372182369232178,,,
1190,1189,,,171.43988915944863,119,True,False,True,False,success,0.43426764011383057,,,ou_noise,0,600182,1190366,595183,8.31044772793265,17.119134630475724,,,
1191,1190,,,167.0897452326554,124,True,False,True,False,success,0.47238221764564514,,,ou_noise,0,600306,1190614,595307,9.796776697520286,17.07266854470776,,,
1192,1191,,,-247.32494625924096,1000,False,False,False,True,cutoff,7.689998626708984,,,ou_noise,0,601306,1192614,596307,8.726477002859115,17.333872852325438,,,
1193,1192,,,164.1907102996106,134,True,False,True,False,success,0.49661141633987427,,,ou_noise,0,601440,1192882,596441,8.70817919898389,17.428459345404782,,,
1194,1193,,,-207.8202729356562,1000,False,False,False,True,cutoff,7.770371913909912,,,ou_noise,0,602440,1194882,597441,8.82656922364235,17.261448244094847,,,
1195,1194,,,168.9511918255958,130,True,False,True,False,success,0.48045310378074646,,,ou_noise,0,602570,1195142,597571,8.926766526699065,17.344794970292313,,,
1196,1195,,,168.936194334692,126,True,False,True,False,success,0.4034532308578491,,,ou_noise,0,602696,1195394,597697,9.898226778658609,16.91288715695578,,,
1197,1196,,,-193.36222703986994,1000,False,False,False,True,cutoff,7.384804725646973,,,ou_noise,0,603696,1197394,598697,9.616371459841728,17.09847265148163,,,
1198,1197,,,-227.56213880330355,1000,False,False,False,True,cutoff,4.477291107177734,,,ou_noise,0,604696,1199394,599697,9.04180685019493,17.032307141304017,,,
1199,1198,,,-197.85336386743975,1000,False,False,False,True,cutoff,7.7204461097717285,,,ou_noise,0,605696,1201394,600697,8.873009560704231,17.204577154159544,,,
1200,1199,,,171.19122064673024,127,True,False,True,False,success,0.4475979804992676,,,ou_noise,0,605823,1201648,600824,8.303249910121828,16.985498022845412,,,
1201,1200,,,167.24899935073705,132,True,False,True,False,success,0.4734596908092499,,,ou_noise,0,605955,1201912,600956,8.52221938064604,16.808297980915416,,,
1202,1201,,,171.11988553071973,113,True,False,True,False,success,0.4696885943412781,,,ou_noise,0,606068,1202138,601069,10.584543099445579,17.10824688767965,,,
1203,1202,,,-200.7167117286816,1000,False,False,False,True,cutoff,7.630408763885498,,,ou_noise,0,607068,1204138,602069,9.572737923145294,17.07133150291443,,,
1204,1203,,,-202.14083974560552,1000,False,False,False,True,cutoff,7.178237438201904,,,ou_noise,0,608068,1206138,603069,9.332607825160027,17.13659288215637,,,
1205,1204,,,-254.8816338745051,1000,False,False,False,True,cutoff,5.0795698165893555,,,ou_noise,0,609068,1208138,604069,9.063193094611169,17.27865504360199,,,
1206,1205,,,175.81051040849178,111,True,False,True,False,success,0.4660479426383972,,,ou_noise,0,609179,1208360,604180,8.335793180508656,17.07528370350331,,,
1207,1206,,,-193.66969124734388,1000,False,False,False,True,cutoff,7.295609951019287,,,ou_noise,0,610179,1210360,605180,8.69552461695671,17.229954840660096,,,
1208,1207,,,-195.06749319288807,1000,False,False,False,True,cutoff,7.0651469230651855,,,ou_noise,0,611179,1212360,606180,9.33401396548748,17.012648903846742,,,
1209,1208,,,169.04165261983033,124,True,False,True,False,success,0.4948023855686188,,,ou_noise,0,611303,1212608,606304,9.435147695964382,16.95263095055857,,,
1210,1209,,,-199.2654080962311,1000,False,False,False,True,cutoff,7.144571781158447,,,ou_noise,0,612303,1214608,607304,9.718955053210259,16.896545685768128,,,
1211,1210,,,-198.2732978759882,1000,False,False,False,True,cutoff,7.419189453125,,,ou_noise,0,613303,1216608,608304,8.925578257918358,17.090037369728087,,,
1212,1211,,,170.74620548383103,119,True,False,True,False,success,0.49098557233810425,,,ou_noise,0,613422,1216846,608423,7.894093936230956,16.90814763558011,,,
1213,1212,,,-197.22002616160515,1000,False,False,False,True,cutoff,7.590002536773682,,,ou_noise,0,614422,1218846,609423,9.432628128051757,17.085607566833495,,,
1214,1213,,,-145.93372895595195,295,False,True,True,False,collision,3.607482433319092,,,ou_noise,0,614717,1219436,609718,9.8385269771188,16.966333596181062,,,
1215,1214,,,-45.113507655947124,122,False,True,True,False,collision,2.02569842338562,,,ou_noise,0,614839,1219680,609840,8.976100842483708,16.879742583290476,,,
1216,1215,,,-206.17986313909236,1000,False,False,False,True,cutoff,7.72359561920166,,,ou_noise,0,615839,1221680,610840,10.454811678171158,16.84166128540039,,,
1217,1216,,,-193.33453422309427,1000,False,False,False,True,cutoff,7.311939239501953,,,ou_noise,0,616839,1223680,611840,9.639049235582352,17.172373299598693,,,
1218,1217,,,172.86945934422,118,True,False,True,False,success,0.46151888370513916,,,ou_noise,0,616957,1223916,611958,8.51451309555668,17.015144525948216,,,
1219,1218,,,168.5034516879385,130,True,False,True,False,success,0.4512030780315399,,,ou_noise,0,617087,1224176,612088,8.06042907329706,17.084759140014647,,,
1220,1219,,,-90.12541415283447,151,False,True,True,False,collision,4.354987144470215,,,ou_noise,0,617238,1224478,612239,10.096441883125053,17.039189888152066,,,
1221,1220,,,167.28846037626957,130,True,False,True,False,success,0.48031994700431824,,,ou_noise,0,617368,1224738,612369,8.568527030944825,17.037716770172118,,,
1222,1221,,,175.17589216461184,114,True,False,True,False,success,0.42033523321151733,,,ou_noise,0,617482,1224966,612483,8.262255229448018,17.546186204542195,,,
1223,1222,,,-203.08432248950163,1000,False,False,False,True,cutoff,7.778932571411133,,,ou_noise,0,618482,1226966,613483,8.498781267642975,17.152083527565,,,
1224,1223,,,-199.2997951710693,1000,False,False,False,True,cutoff,7.4451069831848145,,,ou_noise,0,619482,1228966,614483,9.104768380403518,17.096367255210875,,,
1225,1224,,,-199.00296001057976,1000,False,False,False,True,cutoff,7.305264472961426,,,ou_noise,0,620482,1230966,615483,8.684829770803452,17.27727681159973,,,
1226,1225,,,171.28941539174062,119,True,False,True,False,success,0.44509661197662354,,,ou_noise,0,620601,1231204,615602,8.393538374860748,17.14648805345808,,,
1227,1226,,,168.08808489271684,129,True,False,True,False,success,0.4962790608406067,,,ou_noise,0,620730,1231462,615731,8.4729596967845,17.143152747043345,,,
1228,1227,,,170.37078767161177,118,True,False,True,False,success,0.47654804587364197,,,ou_noise,0,620848,1231698,615849,7.752325239828077,17.012328487331583,,,
1229,1228,,,172.42370848517461,114,True,False,True,False,success,0.4407831132411957,,,ou_noise,0,620962,1231926,615963,10.950556326330753,17.06888713334736,,,
1230,1229,,,-200.0961276338831,1000,False,False,False,True,cutoff,7.404695510864258,,,ou_noise,0,621962,1233926,616963,8.680859998345374,17.07868274784088,,,
1231,1230,,,-202.9512415614191,1000,False,False,False,True,cutoff,7.62349796295166,,,ou_noise,0,622962,1235926,617963,8.670814979672432,17.114462080955505,,,
1232,1231,,,164.3669490082744,127,True,False,True,False,success,0.4887803792953491,,,ou_noise,0,623089,1236180,618090,8.373142309076204,17.01599691045566,,,
1233,1232,,,173.5248043102755,114,True,False,True,False,success,0.4830054044723511,,,ou_noise,0,623203,1236408,618204,9.37176037252995,17.249313245739852,,,
1234,1233,,,-3.421675853936918,789,True,False,True,False,success,0.4936201572418213,,,ou_noise,0,623992,1237986,618993,9.12246972239365,17.104737706057474,,,
1235,1234,,,166.17499229468464,132,True,False,True,False,success,0.4161458909511566,,,ou_noise,0,624124,1238250,619125,8.621920328248631,16.922710122484148,,,
1236,1235,,,-203.87740426139288,1000,False,False,False,True,cutoff,7.659383296966553,,,ou_noise,0,625124,1240250,620125,9.199740035533905,17.05803623867035,,,
1237,1236,,,163.4898580747572,142,True,False,True,False,success,0.45870280265808105,,,ou_noise,0,625266,1240534,620267,9.967339461118403,16.87916166681639,,,
1238,1237,,,169.87584228652838,120,True,False,True,False,success,0.4864572584629059,,,ou_noise,0,625386,1240774,620387,8.28867365817229,16.746717238426207,,,
1239,1238,,,173.43942727002838,114,True,False,True,False,success,0.42179736495018005,,,ou_noise,0,625500,1241002,620501,7.629618805751466,16.659647673891303,,,
1240,1239,,,-296.65029013826876,946,False,True,True,False,collision,5.138359546661377,,,ou_noise,0,626446,1242894,621447,9.147774511739517,16.97190583533515,,,
1241,1240,,,-197.90486177647983,1000,False,False,False,True,cutoff,7.424601078033447,,,ou_noise,0,627446,1244894,622447,9.273116224646568,16.9667867603302,,,
1242,1241,,,168.37272823178392,132,True,False,True,False,success,0.4887642562389374,,,ou_noise,0,627578,1245158,622579,11.435260380759384,17.45179690736713,,,
1243,1242,,,-203.48767744615904,1000,False,False,False,True,cutoff,7.443670272827148,,,ou_noise,0,628578,1247158,623579,9.161388616919517,17.071315159797667,,,
1244,1243,,,-226.44392647054414,1000,False,False,False,True,cutoff,7.657093524932861,,,ou_noise,0,629578,1249158,624579,9.232303587794304,17.166339652061463,,,
1245,1244,,,165.97774085386925,136,True,False,True,False,success,0.45931488275527954,,,ou_noise,0,629714,1249430,624715,9.006561865701395,17.298208937925452,,,
1246,1245,,,169.37309924645427,125,True,False,True,False,success,0.46257174015045166,,,ou_noise,0,629839,1249680,624840,9.855566153526306,17.027100173950195,,,
1247,1246,,,161.24782865210204,154,True,False,True,False,success,0.4089646339416504,,,ou_noise,0,629993,1249988,624994,9.567233940997681,16.765980788639613,,,
1248,1247,,,-199.83475535776745,1000,False,False,False,True,cutoff,7.310960292816162,,,ou_noise,0,630993,1251988,625994,9.05725328540802,16.955393286705018,,,
1249,1248,,,-194.62209153645173,1000,False,False,False,True,cutoff,7.012228012084961,,,ou_noise,0,631993,1253988,626994,9.177259749889373,16.858907428741453,,,
1250,1249,,,-197.7460264526787,1000,False,False,False,True,cutoff,7.220084190368652,,,ou_noise,0,632993,1255988,627994,9.510915929675102,16.92487336540222,,,
1251,1250,,,163.49431446038705,142,True,False,True,False,success,0.46208062767982483,,,ou_noise,0,633135,1256272,628136,8.539307969556727,16.75910229078481,,,
1252,1251,,,-201.37841808194128,1000,False,False,False,True,cutoff,7.430489540100098,,,ou_noise,0,634135,1258272,629136,8.62379614174366,16.819959330558778,,,
1253,1252,,,-201.14097648452054,1000,False,False,False,True,cutoff,7.466550350189209,,,ou_noise,0,635135,1260272,630136,9.350484511852265,16.921803809165954,,,
1254,1253,,,-205.2739239997999,1000,False,False,False,True,cutoff,4.122239112854004,,,ou_noise,0,636135,1262272,631136,9.141396948695183,16.91789209461212,,,
1255,1254,,,-212.6510419096973,1000,False,False,False,True,cutoff,6.541131496429443,,,ou_noise,0,637135,1264272,632136,8.94587336075306,16.79181542015076,,,
1256,1255,,,-201.8305082584845,1000,False,False,False,True,cutoff,7.3386335372924805,,,ou_noise,0,638135,1266272,633136,9.237430794119835,16.873975373268127,,,
1257,1256,,,-206.66828771027957,1000,False,False,False,True,cutoff,7.802814483642578,,,ou_noise,0,639135,1268272,634136,9.158027879714966,16.92537695121765,,,
1258,1257,,,-202.04709939531492,1000,False,False,False,True,cutoff,7.169703483581543,,,ou_noise,0,640135,1270272,635136,9.069033142566681,16.971126232147217,,,
1259,1258,,,-252.23345105355787,1000,False,False,False,True,cutoff,4.806440353393555,,,ou_noise,0,641135,1272272,636136,8.931191290378571,17.079447379112242,,,
1260,1259,,,-209.27368814497078,1000,False,False,False,True,cutoff,7.777186393737793,,,ou_noise,0,642135,1274272,637136,9.395525543570518,17.278687441825866,,,
1261,1260,,,169.90532207499035,124,True,False,True,False,success,0.43941614031791687,,,ou_noise,0,642259,1274520,637260,8.555764004107445,17.23462785443952,,,
1262,1261,,,-208.33771587130536,1000,False,False,False,True,cutoff,7.511206150054932,,,ou_noise,0,643259,1276520,638260,9.30087360584736,17.25038828277588,,,
1263,1262,,,167.26484975092532,129,True,False,True,False,success,0.4405864179134369,,,ou_noise,0,643388,1276778,638389,9.725654977236607,17.335050797277642,,,
1264,1263,,,-203.82375680732957,1000,False,False,False,True,cutoff,7.480007171630859,,,ou_noise,0,644388,1278778,639389,9.76907114124298,17.186395340919496,,,
1265,1264,,,172.97326862360688,116,True,False,True,False,success,0.42651912569999695,,,ou_noise,0,644504,1279010,639505,8.943153617710903,17.407498885845317,,,
1266,1265,,,169.0804151387636,123,True,False,True,False,success,0.45522671937942505,,,ou_noise,0,644627,1279256,639628,9.117417872436647,17.440541856657198,,,
1267,1266,,,167.4303922456058,127,True,False,True,False,success,0.43641993403434753,,,ou_noise,0,644754,1279510,639755,8.60084315078465,17.26054386078842,,,
1268,1267,,,-208.67812693388922,1000,False,False,False,True,cutoff,7.537931442260742,,,ou_noise,0,645754,1281510,640755,9.82104370892048,17.31906231689453,,,
1269,1268,,,-111.56330135492959,64,False,True,True,False,collision,8.652786254882812,,,ou_noise,0,645818,1281638,640819,10.93228123895824,17.051366537809372,,,
1270,1269,,,-229.14314813884218,1000,False,False,False,True,cutoff,7.569891452789307,,,ou_noise,0,646818,1283638,641819,9.17240204668045,17.4333687915802,,,
1271,1270,,,168.8154400868379,124,True,False,True,False,success,0.45391905307769775,,,ou_noise,0,646942,1283886,641943,9.608977050550523,17.353468679612682,,,
1272,1271,,,174.41300786859026,110,True,False,True,False,success,0.4675759971141815,,,ou_noise,0,647052,1284106,642053,11.942766045440328,17.62212148146196,,,
1273,1272,,,167.10976262573348,133,True,False,True,False,success,0.4120085537433624,,,ou_noise,0,647185,1284372,642186,11.949439955833263,17.6189878076539,,,
1274,1273,,,-203.9613872182868,1000,False,False,False,True,cutoff,4.318293571472168,,,ou_noise,0,648185,1286372,643186,9.551980157494546,17.47962259578705,,,
1275,1274,,,170.34530630062716,116,True,False,True,False,success,0.4953937232494354,,,ou_noise,0,648301,1286604,643302,12.166862837199506,17.134429898755304,,,
1276,1275,,,-261.19404103319914,1000,False,False,False,True,cutoff,7.134895324707031,,,ou_noise,0,649301,1288604,644302,10.27577974331379,17.48958119869232,,,
1277,1276,,,-224.38579422714676,1000,False,False,False,True,cutoff,7.1116228103637695,,,ou_noise,0,650301,1290604,645302,10.155650168061257,17.6803338432312,,,
1278,1277,,,-218.99732063487193,1000,False,False,False,True,cutoff,6.621502876281738,,,ou_noise,0,651301,1292604,646302,9.803977314829826,17.90076925563812,,,
1279,1278,,,165.84611893053076,128,True,False,True,False,success,0.457884818315506,,,ou_noise,0,651429,1292860,646430,9.74415573477745,17.93997073173523,,,
1280,1279,,,172.841935664674,110,True,False,True,False,success,0.4639788866043091,,,ou_noise,0,651539,1293080,646540,10.761547564376484,17.52381005720659,,,
1281,1280,,,170.19921968191653,124,True,False,True,False,success,0.45728665590286255,,,ou_noise,0,651663,1293328,646664,10.767274608535152,18.170394412932858,,,
1282,1281,,,161.43539606158328,150,True,False,True,False,success,0.4390953779220581,,,ou_noise,0,651813,1293628,646814,9.961418854395548,17.929010283152262,,,
1283,1282,,,-211.8829715863831,1000,False,False,False,True,cutoff,3.152390718460083,,,ou_noise,0,652813,1295628,647814,10.07210933792591,18.1086757106781,,,
1284,1283,,,170.229016339777,121,True,False,True,False,success,0.4422438144683838,,,ou_noise,0,652934,1295870,647935,10.898297359135526,18.002381829190846,,,
1285,1284,,,-228.28930835401468,1000,False,False,False,True,cutoff,6.965729236602783,,,ou_noise,0,653934,1297870,648935,10.297392776489257,18.025108283042908,,,
1286,1285,,,-253.1833528814405,1000,False,False,False,True,cutoff,7.423847675323486,,,ou_noise,0,654934,1299870,649935,10.222903576254845,18.113457863807678,,,
1287,1286,,,-226.75178500178149,1000,False,False,False,True,cutoff,7.427082538604736,,,ou_noise,0,655934,1301870,650935,11.018633554816246,18.487615204811096,,,
1288,1287,,,154.05228750642257,167,True,False,True,False,success,0.45727086067199707,,,ou_noise,0,656101,1302204,651102,12.976490631074963,18.477367915079267,,,
1289,1288,,,-275.14590061948627,1000,False,False,False,True,cutoff,7.05766487121582,,,ou_noise,0,657101,1304204,652102,10.997492611169815,18.7220610704422,,,
1290,1289,,,-203.19871515282685,1000,False,False,False,True,cutoff,7.503973960876465,,,ou_noise,0,658101,1306204,653102,10.346990717053414,19.171512904167177,,,
1291,1290,,,171.9059096352387,117,True,False,True,False,success,0.4912990629673004,,,ou_noise,0,658218,1306438,653219,11.07165568914169,19.274919355017506,,,
1292,1291,,,-223.96171243106627,1000,False,False,False,True,cutoff,7.182277679443359,,,ou_noise,0,659218,1308438,654219,11.769784569978714,19.385321418762206,,,
1293,1292,,,90.28761994193431,417,True,False,True,False,success,0.4692554175853729,,,ou_noise,0,659635,1309272,654636,11.03791366349593,19.55002390680839,,,
1294,1293,,,-93.62448111276107,17,False,True,True,False,collision,9.271932601928711,,,ou_noise,0,659652,1309306,654653,10.664990453159108,19.782543070176068,,,
1295,1294,,,-223.90671692721844,1000,False,False,False,True,cutoff,7.692323207855225,,,ou_noise,0,660652,1311306,655653,11.452695364952087,19.74268548965454,,,
1296,1295,,,-223.60630308170153,1000,False,False,False,True,cutoff,7.8250627517700195,,,ou_noise,0,661652,1313306,656653,11.645217047095299,20.036273463249206,,,
1297,1296,,,-235.35462713839593,1000,False,False,False,True,cutoff,7.503509521484375,,,ou_noise,0,662652,1315306,657653,11.131578225016593,20.338248379707338,,,
1298,1297,,,170.81533212602224,119,True,False,True,False,success,0.4823610484600067,,,ou_noise,0,662771,1315544,657772,10.48905824112291,20.498193901126125,,,
1299,1298,,,-209.5698848563034,1000,False,False,False,True,cutoff,7.483426570892334,,,ou_noise,0,663771,1317544,658772,11.337241596341133,20.43997662639618,,,
1300,1299,,,-232.5895671605522,1000,False,False,False,True,cutoff,7.151933670043945,,,ou_noise,0,664771,1319544,659772,11.128496863722802,20.703205506324768,,,
1301,1300,,,161.04706879486474,143,True,False,True,False,success,0.4845890700817108,,,ou_noise,0,664914,1319830,659915,10.572790530178096,21.061772346496582,,,
1302,1301,,,-204.14535602798026,1000,False,False,False,True,cutoff,7.48906946182251,,,ou_noise,0,665914,1321830,660915,11.753078488230706,20.98429445362091,,,
1303,1302,,,161.54684881094104,144,True,False,True,False,success,0.4192933440208435,,,ou_noise,0,666058,1322118,661059,11.32644564906756,20.968946158885956,,,
1304,1303,,,170.62843363657566,119,True,False,True,False,success,0.42363467812538147,,,ou_noise,0,666177,1322356,661178,11.987569490400682,20.99251576431659,,,
1305,1304,,,-200.39769393686993,1000,False,False,False,True,cutoff,7.082279205322266,,,ou_noise,0,667177,1324356,662178,11.82005635893345,21.266285536766052,,,
1306,1305,,,-194.05194010759897,465,False,True,True,False,collision,6.8707427978515625,,,ou_noise,0,667642,1325286,662643,11.31737390564334,21.323773185155726,,,
1307,1306,,,-197.9882437272785,1000,False,False,False,True,cutoff,7.717596054077148,,,ou_noise,0,668642,1327286,663643,12.197884641885757,21.42906195449829,,,
1308,1307,,,168.56910575886485,123,True,False,True,False,success,0.48115336894989014,,,ou_noise,0,668765,1327532,663766,13.119029266078298,21.811597669027684,,,
1309,1308,,,164.31699375866756,133,True,False,True,False,success,0.46674636006355286,,,ou_noise,0,668898,1327798,663899,12.389579523774914,21.518029033689572,,,
1310,1309,,,-272.2244286040565,1000,False,False,False,True,cutoff,7.5658087730407715,,,ou_noise,0,669898,1329798,664899,11.960656282424926,21.575543437957762,,,
1311,1310,,,-214.90468046193908,1000,False,False,False,True,cutoff,7.454881191253662,,,ou_noise,0,670898,1331798,665899,12.22276878619194,21.823203669548036,,,
1312,1311,,,168.42407030409294,129,True,False,True,False,success,0.44006940722465515,,,ou_noise,0,671027,1332056,666028,12.880992835806321,22.01646140933961,,,
1313,1312,,,-210.96473008949937,1000,False,False,False,True,cutoff,7.027439117431641,,,ou_noise,0,672027,1334056,667028,12.387302721142769,21.86674762058258,,,
1314,1313,,,-202.74610090186806,1000,False,False,False,True,cutoff,7.820143699645996,,,ou_noise,0,673027,1336056,668028,11.864382420420647,21.846351431846617,,,
1315,1314,,,-201.37723292632728,1000,False,False,False,True,cutoff,7.795780658721924,,,ou_noise,0,674027,1338056,669028,12.182874862313271,22.117929336547853,,,
1316,1315,,,165.64142536392768,132,True,False,True,False,success,0.4267687201499939,,,ou_noise,0,674159,1338320,669160,14.814922046480756,22.261668768796053,,,
1317,1316,,,-231.4911767104081,1000,False,False,False,True,cutoff,7.626745700836182,,,ou_noise,0,675159,1340320,670160,12.257898664593696,22.211843499183654,,,
1318,1317,,,142.47187848569988,199,True,False,True,False,success,0.48731982707977295,,,ou_noise,0,675358,1340718,670359,12.024227732390015,22.16165556979539,,,
1319,1318,,,169.56429977349285,120,True,False,True,False,success,0.44967103004455566,,,ou_noise,0,675478,1340958,670479,12.098569601774216,22.130934635798138,,,
1320,1319,,,-204.63131287923335,1000,False,False,False,True,cutoff,7.599117279052734,,,ou_noise,0,676478,1342958,671479,13.85689289355278,22.279079652786255,,,
1321,1320,,,-266.48668807340897,1000,False,False,False,True,cutoff,7.311877727508545,,,ou_noise,0,677478,1344958,672479,13.13496163034439,22.591938472747803,,,
1322,1321,,,172.53109214008103,115,True,False,True,False,success,0.45742496848106384,,,ou_noise,0,677593,1345188,672594,13.672862302738688,22.857818122532056,,,
1323,1322,,,130.98097142165363,271,True,False,True,False,success,0.44659897685050964,,,ou_noise,0,677864,1345730,672865,13.810550779434148,23.141907132419714,,,
1324,1323,,,168.54243551370118,123,True,False,True,False,success,0.47506624460220337,,,ou_noise,0,677987,1345976,672988,13.298608289501532,22.797972888481326,,,
1325,1324,,,-241.68613081391712,1000,False,False,False,True,cutoff,7.439065456390381,,,ou_noise,0,678987,1347976,673988,12.657302157759666,22.96626152610779,,,
1326,1325,,,146.38824333205696,185,True,False,True,False,success,0.4288981258869171,,,ou_noise,0,679172,1348346,674173,12.243997899906056,23.006898044895483,,,
1327,1326,,,169.7073849531589,119,True,False,True,False,success,0.40918585658073425,,,ou_noise,0,679291,1348584,674292,12.172506300341182,23.06658634217847,,,
1328,1327,,,-225.77235967870686,1000,False,False,False,True,cutoff,7.395354747772217,,,ou_noise,0,680291,1350584,675292,13.167097292661667,23.23734753036499,,,
1329,1328,,,168.56073244888563,127,True,False,True,False,success,0.4299260675907135,,,ou_noise,0,680418,1350838,675419,13.133139925678885,23.336260788084015,,,
1330,1329,,,-225.22298915144563,1000,False,False,False,True,cutoff,7.819934844970703,,,ou_noise,0,681418,1352838,676419,13.10901188337803,23.407268873214722,,,
1331,1330,,,168.03936243986834,125,True,False,True,False,success,0.49325841665267944,,,ou_noise,0,681543,1353088,676544,12.955999284744262,23.435395629882812,,,
1332,1331,,,164.93581861591616,121,True,False,True,False,success,0.4205818772315979,,,ou_noise,0,681664,1353330,676665,12.001312967174309,23.571075029609617,,,
1333,1332,,,145.34344691560108,185,True,False,True,False,success,0.4940304160118103,,,ou_noise,0,681849,1353700,676850,13.422935818337105,23.453008002203863,,,
1334,1333,,,169.773634515274,120,True,False,True,False,success,0.4401027262210846,,,ou_noise,0,681969,1353940,676970,12.560085769494375,23.30873703956604,,,
1335,1334,,,-38.140294835865085,114,False,True,True,False,collision,1.4685157537460327,,,ou_noise,0,682083,1354168,677084,12.093898166689957,23.466921940184477,,,
1336,1335,,,160.6929126804349,142,True,False,True,False,success,0.4406445026397705,,,ou_noise,0,682225,1354452,677226,13.168079236863365,23.642153148919764,,,
1337,1336,,,-206.27565669488584,1000,False,False,False,True,cutoff,7.699412822723389,,,ou_noise,0,683225,1356452,678226,13.8397041990757,23.438873083114625,,,
1338,1337,,,166.76772734801557,133,True,False,True,False,success,0.4834184944629669,,,ou_noise,0,683358,1356718,678359,12.320250919886998,23.50093342487077,,,
1339,1338,,,170.5417229327142,119,True,False,True,False,success,0.489366352558136,,,ou_noise,0,683477,1356956,678478,13.256311504780745,23.532971806886817,,,
1340,1339,,,158.128213151848,145,True,False,True,False,success,0.4829658567905426,,,ou_noise,0,683622,1357246,678623,13.857034630611025,23.223066001102843,,,
1341,1340,,,169.72479760081143,121,True,False,True,False,success,0.4178396761417389,,,ou_noise,0,683743,1357488,678744,12.77065878466141,23.3760196906476,,,
1342,1341,,,-207.37210807489208,1000,False,False,False,True,cutoff,7.71461296081543,,,ou_noise,0,684743,1359488,679744,13.231065279722214,23.34183183479309,,,
1343,1342,,,171.01953382112004,120,True,False,True,False,success,0.4259319007396698,,,ou_noise,0,684863,1359728,679864,11.988283908367157,23.435493087768556,,,
1344,1343,,,-229.97782913233766,1000,False,False,False,True,cutoff,7.552131652832031,,,ou_noise,0,685863,1361728,680864,13.099398434996605,23.4886819190979,,,
1345,1344,,,-211.78715925221772,1000,False,False,False,True,cutoff,7.906287670135498,,,ou_noise,0,686863,1363728,681864,13.253973413467408,23.62538911819458,,,
1346,1345,,,165.3363962064106,133,True,False,True,False,success,0.48625221848487854,,,ou_noise,0,686996,1363994,681997,14.348398351131525,23.788295674144774,,,
1347,1346,,,156.84496926852952,157,True,False,True,False,success,0.41533133387565613,,,ou_noise,0,687153,1364308,682154,14.12304705419358,23.321268154557345,,,
1348,1347,,,-227.18685953240038,1000,False,False,False,True,cutoff,6.963893890380859,,,ou_noise,0,688153,1366308,683154,12.63882744014263,23.552062019348146,,,
1349,1348,,,134.19151417205182,273,True,False,True,False,success,0.44665244221687317,,,ou_noise,0,688426,1366854,683427,12.219105462888221,23.65560495635092,,,
1350,1349,,,-205.5059648928689,1000,False,False,False,True,cutoff,7.456170082092285,,,ou_noise,0,689426,1368854,684427,12.845254522562026,23.584647003173828,,,
1351,1350,,,171.3930672655742,111,True,False,True,False,success,0.49652451276779175,,,ou_noise,0,689537,1369076,684538,11.876304414895204,23.477833997021925,,,
1352,1351,,,-216.32747156397994,1000,False,False,False,True,cutoff,7.547357082366943,,,ou_noise,0,690537,1371076,685538,12.63273983001709,23.523039838790893,,,
1353,1352,,,170.12700284877653,120,True,False,True,False,success,0.47750917077064514,,,ou_noise,0,690657,1371316,685658,11.593988883495332,23.54492875734965,,,
1354,1353,,,168.17161523928542,124,True,False,True,False,success,0.49832451343536377,,,ou_noise,0,690781,1371564,685782,12.125193090208116,23.23225212097168,,,
1355,1354,,,163.08846259329724,140,True,False,True,False,success,0.4827382266521454,,,ou_noise,0,690921,1371844,685922,12.05273357970374,23.348632076808386,,,
1356,1355,,,167.45080485391819,124,True,False,True,False,success,0.45157819986343384,,,ou_noise,0,691045,1372092,686046,11.035174486137205,23.304536004220285,,,
1357,1356,,,-242.3784580864707,1000,False,False,False,True,cutoff,7.515599250793457,,,ou_noise,0,692045,1374092,687046,13.09101991569996,23.273335693359375,,,
1358,1357,,,-191.72506273535356,1000,False,False,False,True,cutoff,7.442491054534912,,,ou_noise,0,693045,1376092,688046,13.16301196372509,23.09213108253479,,,
1359,1358,,,164.28840404957975,134,True,False,True,False,success,0.44061028957366943,,,ou_noise,0,693179,1376360,688180,11.91691833556588,22.758286148754518,,,
1360,1359,,,-198.5676740003921,1000,False,False,False,True,cutoff,7.191401958465576,,,ou_noise,0,694179,1378360,689180,12.970394896149635,22.912795013427733,,,
1361,1360,,,-222.0108462503485,1000,False,False,False,True,cutoff,7.520330905914307,,,ou_noise,0,695179,1380360,690180,13.663406784653663,22.944236740112306,,,
1362,1361,,,171.60049070773462,113,True,False,True,False,success,0.48687654733657837,,,ou_noise,0,695292,1380586,690293,12.581012122398985,22.775942253855476,,,
1363,1362,,,-400.7698087369912,1000,False,False,False,True,cutoff,7.9317240715026855,,,ou_noise,0,696292,1382586,691293,13.06621567261219,22.981795038223268,,,
1364,1363,,,168.35072824528726,125,True,False,True,False,success,0.457084596157074,,,ou_noise,0,696417,1382836,691418,13.626589651107787,22.83008639526367,,,
1365,1364,,,-47.34778346612815,136,False,True,True,False,collision,1.5721638202667236,,,ou_noise,0,696553,1383108,691554,13.27383282955955,23.077890760758343,,,
1366,1365,,,-222.606855655168,1000,False,False,False,True,cutoff,7.4681572914123535,,,ou_noise,0,697553,1385108,692554,12.203186234354973,22.933343004226685,,,
1367,1366,,,173.56156905506205,113,True,False,True,False,success,0.4553205668926239,,,ou_noise,0,697666,1385334,692667,11.912962981029949,22.99163865621111,,,
1368,1367,,,-195.45919813851145,1000,False,False,False,True,cutoff,7.06404447555542,,,ou_noise,0,698666,1387334,693667,13.042902281045913,22.94679114151001,,,
1369,1368,,,167.03323184600848,120,True,False,True,False,success,0.4819815754890442,,,ou_noise,0,698786,1387574,693787,11.061670696735382,22.805958843231203,,,
1370,1369,,,-206.79672214244087,1000,False,False,False,True,cutoff,7.250339984893799,,,ou_noise,0,699786,1389574,694787,12.75094600045681,22.717495022773743,,,
1371,1370,,,-333.23991205299353,929,False,True,True,False,collision,7.4950175285339355,,,ou_noise,0,700715,1391432,695716,11.869295209165024,22.565430484110625,,,
1372,1371,,,-204.3033709442159,1000,False,False,False,True,cutoff,7.713536739349365,,,ou_noise,0,701715,1393432,696716,12.599050999641419,22.526781591415407,,,
1373,1372,,,-243.04661998534456,1000,False,False,False,True,cutoff,7.680618762969971,,,ou_noise,0,702715,1395432,697716,12.180123784422875,22.41211810207367,,,
1374,1373,,,-184.63534810572236,462,False,True,True,False,collision,7.297701835632324,,,ou_noise,0,703177,1396356,698178,12.16382048243568,22.595576348242822,,,
1375,1374,,,-32.83447552497462,104,False,True,True,False,collision,1.2010635137557983,,,ou_noise,0,703281,1396564,698282,13.598300539530241,22.4689765893496,,,
1376,1375,,,-215.22010455009354,1000,False,False,False,True,cutoff,7.025639057159424,,,ou_noise,0,704281,1398564,699282,11.704563929796219,22.342417963981628,,,
1377,1376,,,-235.13916232415474,1000,False,False,False,True,cutoff,8.152356147766113,,,ou_noise,0,705281,1400564,700282,12.781285998344421,22.197354719161986,,,
1378,1377,,,170.99603381136498,117,True,False,True,False,success,0.40697595477104187,,,ou_noise,0,705398,1400798,700399,13.52720610708253,22.33144215640859,,,
1379,1378,,,-198.7849766464641,1000,False,False,False,True,cutoff,7.8253045082092285,,,ou_noise,0,706398,1402798,701399,12.123858711361885,22.077764503479003,,,
1380,1379,,,165.25796892463984,138,True,False,True,False,success,0.42879942059516907,,,ou_noise,0,706536,1403074,701537,11.067930331264717,22.247479867244113,,,
1381,1380,,,-47.79266925549843,124,False,True,True,False,collision,1.9215055704116821,,,ou_noise,0,706660,1403322,701661,11.339858953029879,22.25387280987155,,,
1382,1381,,,169.26584630434954,120,True,False,True,False,success,0.49857035279273987,,,ou_noise,0,706780,1403562,701781,12.28222129146258,21.828603299458823,,,
1383,1382,,,173.15626727377673,124,True,False,True,False,success,0.42823460698127747,,,ou_noise,0,706904,1403810,701905,14.358371116461292,22.10704638881068,,,
1384,1383,,,171.80285873022905,115,True,False,True,False,success,0.42196911573410034,,,ou_noise,0,707019,1404040,702020,12.611738242273745,22.173095379705014,,,
1385,1384,,,-231.82466218657999,1000,False,False,False,True,cutoff,7.817448616027832,,,ou_noise,0,708019,1406040,703020,11.849149758338928,22.109956122398376,,,
1386,1385,,,-60.72228119443004,70,False,True,True,False,collision,4.552476406097412,,,ou_noise,0,708089,1406180,703090,10.49166019814355,22.019930621555872,,,
1387,1386,,,168.06706098797025,128,True,False,True,False,success,0.4636809229850769,,,ou_noise,0,708217,1406436,703218,12.844947898760438,21.746031917631626,,,
1388,1387,,,-221.54244052129968,1000,False,False,False,True,cutoff,7.779659271240234,,,ou_noise,0,709217,1408436,704218,12.36196231532097,22.047394459724426,,,
1389,1388,,,-225.5290395587761,1000,False,False,False,True,cutoff,7.530630111694336,,,ou_noise,0,710217,1410436,705218,12.863217607855796,21.858272351264954,,,
1390,1389,,,171.17885097328963,119,True,False,True,False,success,0.4776178002357483,,,ou_noise,0,710336,1410674,705337,13.625040827679033,22.165203535256264,,,
1391,1390,,,170.57347505841747,128,True,False,True,False,success,0.49424025416374207,,,ou_noise,0,710464,1410930,705465,12.32926855608821,22.008379220962524,,,
1392,1391,,,171.19528464303244,118,True,False,True,False,success,0.4802477955818176,,,ou_noise,0,710582,1411166,705583,10.964509751837133,21.859280165979417,,,
1393,1392,,,-222.92487657095415,1000,False,False,False,True,cutoff,7.234869480133057,,,ou_noise,0,711582,1413166,706583,12.081393583893776,21.953231205940245,,,
1394,1393,,,172.1073955199796,119,True,False,True,False,success,0.4881060719490051,,,ou_noise,0,711701,1413404,706702,12.60584418312842,21.91631873315122,,,
1395,1394,,,169.52457617570977,121,True,False,True,False,success,0.4513828754425049,,,ou_noise,0,711822,1413646,706823,10.584059557638877,21.750345561129986,,,
1396,1395,,,-212.18407009339427,1000,False,False,False,True,cutoff,7.620877742767334,,,ou_noise,0,712822,1415646,707823,11.50522122812271,21.91028095436096,,,
1397,1396,,,-225.47264608563583,1000,False,False,False,True,cutoff,7.449713230133057,,,ou_noise,0,713822,1417646,708823,11.594406429171562,22.00356470489502,,,
1398,1397,,,171.04065679757812,119,True,False,True,False,success,0.4291187822818756,,,ou_noise,0,713941,1417884,708942,11.036512096389002,22.30333284971093,,,
1399,1398,,,-160.77661501074567,195,False,True,True,False,collision,10.545353889465332,,,ou_noise,0,714136,1418274,709137,12.167451562025608,21.740714909480168,,,
1400,1399,,,168.35656943338412,127,True,False,True,False,success,0.4650435447692871,,,ou_noise,0,714263,1418528,709264,12.270235704624747,21.777247271199865,,,
1401,1400,,,-240.13811850787746,1000,False,False,False,True,cutoff,7.693949222564697,,,ou_noise,0,715263,1420528,710264,11.97234586250782,22.00068779373169,,,
1402,1401,,,166.85027350753234,126,True,False,True,False,success,0.48260852694511414,,,ou_noise,0,715389,1420780,710390,13.921484943420168,22.02097387162466,,,
1403,1402,,,164.21457999452775,143,True,False,True,False,success,0.4706057906150818,,,ou_noise,0,715532,1421066,710533,12.452223160883763,21.9137530293498,,,
1404,1403,,,-208.6801671537449,1000,False,False,False,True,cutoff,8.017586708068848,,,ou_noise,0,716532,1423066,711533,11.921620536446571,21.913261056900023,,,
1405,1404,,,-205.9294161326708,1000,False,False,False,True,cutoff,7.613958358764648,,,ou_noise,0,717532,1425066,712533,11.815351578950882,22.137087107658385,,,
1406,1405,,,-210.39347468297748,1000,False,False,False,True,cutoff,6.814869403839111,,,ou_noise,0,718532,1427066,713533,10.960244285464286,22.10927179145813,,,
1407,1406,,,-218.49379466830672,1000,False,False,False,True,cutoff,7.723170280456543,,,ou_noise,0,719532,1429066,714533,11.107944305777549,22.23772152709961,,,
1408,1407,,,-245.5924924523766,1000,False,False,False,True,cutoff,6.08827018737793,,,ou_noise,0,720532,1431066,715533,10.986137248158455,22.339193523406983,,,
1409,1408,,,-209.36887392929202,1000,False,False,False,True,cutoff,7.530004024505615,,,ou_noise,0,721532,1433066,716533,12.107986186385155,22.500551038742067,,,
1410,1409,,,172.01278257507997,118,True,False,True,False,success,0.42078712582588196,,,ou_noise,0,721650,1433302,716651,10.337617032608744,22.760029372522386,,,
1411,1410,,,-194.64433909366753,1000,False,False,False,True,cutoff,7.305948257446289,,,ou_noise,0,722650,1435302,717651,11.500354316473008,22.597646144866943,,,
1412,1411,,,168.69933194901358,126,True,False,True,False,success,0.49136123061180115,,,ou_noise,0,722776,1435554,717777,9.850746117887043,22.486250604901993,,,
1413,1412,,,-214.03599533677772,1000,False,False,False,True,cutoff,7.752103328704834,,,ou_noise,0,723776,1437554,718777,11.419231906056405,22.566914905548096,,,
1414,1413,,,168.61557052243762,123,True,False,True,False,success,0.46871331334114075,,,ou_noise,0,723899,1437800,718900,11.2283690673549,22.749819639252454,,,
1415,1414,,,163.6989557767863,130,True,False,True,False,success,0.4451292157173157,,,ou_noise,0,724029,1438060,719030,11.38203377356896,22.663291535010703,,,
1416,1415,,,-216.56288909085976,1000,False,False,False,True,cutoff,7.826077938079834,,,ou_noise,0,725029,1440060,720030,12.051250871062278,22.617859251976014,,,
1417,1416,,,-245.13734897489692,1000,False,False,False,True,cutoff,3.223339080810547,,,ou_noise,0,726029,1442060,721030,10.916821884036064,22.692633569717408,,,
1418,1417,,,-208.0397265444511,1000,False,False,False,True,cutoff,7.718833923339844,,,ou_noise,0,727029,1444060,722030,10.284628068447113,22.79099232673645,,,
1419,1418,,,91.22543056882579,408,True,False,True,False,success,0.4880610704421997,,,ou_noise,0,727437,1444876,722438,10.788171998133846,22.75937747487835,,,
1420,1419,,,165.31482820934127,135,True,False,True,False,success,0.4657081067562103,,,ou_noise,0,727572,1445146,722573,12.136835572454665,22.61091608118128,,,
1421,1420,,,-224.29717592534445,1000,False,False,False,True,cutoff,7.544112205505371,,,ou_noise,0,728572,1447146,723573,10.853997956514359,22.79062478065491,,,
1422,1421,,,165.25208914822724,136,True,False,True,False,success,0.48184025287628174,,,ou_noise,0,728708,1447418,723709,11.436064317822456,22.603161559385413,,,
1423,1422,,,-229.00273241955296,1000,False,False,False,True,cutoff,7.59261417388916,,,ou_noise,0,729708,1449418,724709,11.213499004721642,22.86155679512024,,,
1424,1423,,,165.90858996105817,136,True,False,True,False,success,0.4582514464855194,,,ou_noise,0,729844,1449690,724845,9.954433015164208,22.809858855079202,,,
1425,1424,,,-218.3003045338425,1000,False,False,False,True,cutoff,7.28538179397583,,,ou_noise,0,730844,1451690,725845,10.470473784327506,22.968297538757323,,,
1426,1425,,,-189.42085835135944,1000,False,False,False,True,cutoff,7.6370720863342285,,,ou_noise,0,731844,1453690,726845,10.757760373950005,23.165190401077272,,,
1427,1426,,,164.2912756714404,136,True,False,True,False,success,0.4707081913948059,,,ou_noise,0,731980,1453962,726981,11.425584654597674,23.14378884259392,,,
1428,1427,,,-260.72722453778414,1000,False,False,False,True,cutoff,6.5974016189575195,,,ou_noise,0,732980,1455962,727981,10.894426723122598,23.041432914733885,,,
1429,1428,,,166.31167759179658,135,True,False,True,False,success,0.481987327337265,,,ou_noise,0,733115,1456232,728116,9.838184938165877,23.12057256345396,,,
1430,1429,,,171.27050579690527,120,True,False,True,False,success,0.4894369840621948,,,ou_noise,0,733235,1456472,728236,8.951101737221082,23.06788125038147,,,
1431,1430,,,-188.68484416373235,1000,False,False,False,True,cutoff,7.35770320892334,,,ou_noise,0,734235,1458472,729236,10.274774169325829,23.115401111602782,,,
1432,1431,,,166.13475908604323,145,True,False,True,False,success,0.426506906747818,,,ou_noise,0,734380,1458762,729381,8.6249498104227,23.134909202312603,,,
1433,1432,,,170.09560134090003,120,True,False,True,False,success,0.4542231261730194,,,ou_noise,0,734500,1459002,729501,10.77962710360686,23.154488118489585,,,
1434,1433,,,-233.63989831155237,1000,False,False,False,True,cutoff,7.005895614624023,,,ou_noise,0,735500,1461002,730501,10.0925285936594,23.14577829551697,,,
1435,1434,,,-281.40184873786495,1000,False,False,False,True,cutoff,6.883875370025635,,,ou_noise,0,736500,1463002,731501,9.994566008925437,23.377566345214845,,,
1436,1435,,,134.1592955051668,232,True,False,True,False,success,0.4878176748752594,,,ou_noise,0,736732,1463466,731733,11.21372711709861,23.05696410146253,,,
1437,1436,,,-193.75657959460185,1000,False,False,False,True,cutoff,7.70582389831543,,,ou_noise,0,737732,1465466,732733,11.264335760712624,23.21357271003723,,,
1438,1437,,,-285.66160203500556,1000,False,False,False,True,cutoff,7.757046222686768,,,ou_noise,0,738732,1467466,733733,10.965075516343116,23.505069307327272,,,
1439,1438,,,163.44137454485016,136,True,False,True,False,success,0.44583091139793396,,,ou_noise,0,738868,1467738,733869,10.639697687590823,23.667415632921106,,,
1440,1439,,,170.61190099093682,119,True,False,True,False,success,0.4465615153312683,,,ou_noise,0,738987,1467976,733988,12.501855497600651,23.761141833137064,,,
1441,1440,,,163.80474748740838,126,True,False,True,False,success,0.45092177391052246,,,ou_noise,0,739113,1468228,734114,11.076504641109043,23.20552435375395,,,
1442,1441,,,170.08456900102254,124,True,False,True,False,success,0.4129762351512909,,,ou_noise,0,739237,1468476,734238,10.84534750734606,23.369027214665568,,,
1443,1442,,,170.49080387420008,116,True,False,True,False,success,0.4980514347553253,,,ou_noise,0,739353,1468708,734354,10.31456172466278,23.298122323792555,,,
1444,1443,,,172.01127139965337,116,True,False,True,False,success,0.47993889451026917,,,ou_noise,0,739469,1468940,734470,11.929617011341556,23.32109122440733,,,
1445,1444,,,-259.8131489388071,1000,False,False,False,True,cutoff,7.288084030151367,,,ou_noise,0,740469,1470940,735470,10.850280056357384,23.348254409790037,,,
1446,1445,,,-220.71856013925472,1000,False,False,False,True,cutoff,7.286073207855225,,,ou_noise,0,741469,1472940,736470,9.94420026087761,23.386586778640748,,,
1447,1446,,,173.2344126216825,114,True,False,True,False,success,0.4042043089866638,,,ou_noise,0,741583,1473168,736584,11.882414720560375,23.37977101510031,,,
1448,1447,,,-214.7995126800324,1000,False,False,False,True,cutoff,7.493073463439941,,,ou_noise,0,742583,1475168,737584,10.343603312134743,23.341094051361083,,,
1449,1448,,,-199.24614577594264,1000,False,False,False,True,cutoff,7.05327033996582,,,ou_noise,0,743583,1477168,738584,10.226837552070618,23.47029271888733,,,
1450,1449,,,-218.79657676600843,1000,False,False,False,True,cutoff,7.553641319274902,,,ou_noise,0,744583,1479168,739584,9.767823311448097,23.22151522064209,,,
1451,1450,,,-185.50059297288777,1000,False,False,False,True,cutoff,7.657485008239746,,,ou_noise,0,745583,1481168,740584,9.980285498738288,23.049223552703857,,,
1452,1451,,,172.56118406724494,114,True,False,True,False,success,0.4708968698978424,,,ou_noise,0,745697,1481396,740698,8.565495022556238,22.870108069035044,,,
1453,1452,,,-241.57015929721484,1000,False,False,False,True,cutoff,7.646506309509277,,,ou_noise,0,746697,1483396,741698,9.682669260144234,23.13832026100159,,,
1454,1453,,,165.83063735488088,133,True,False,True,False,success,0.4204070270061493,,,ou_noise,0,746830,1483662,741831,9.903606188028379,23.063425150132716,,,
1455,1454,,,-193.82496714253278,1000,False,False,False,True,cutoff,7.720694065093994,,,ou_noise,0,747830,1485662,742831,9.71249958896637,22.95061809158325,,,
1456,1455,,,-186.2644592180461,1000,False,False,False,True,cutoff,7.282042026519775,,,ou_noise,0,748830,1487662,743831,9.473135234475135,23.070481464385985,,,
1457,1456,,,-190.18676442506128,1000,False,False,False,True,cutoff,7.53402042388916,,,ou_noise,0,749830,1489662,744831,9.703605386734008,22.87308171272278,,,
1458,1457,,,-203.5978447034251,1000,False,False,False,True,cutoff,7.603403091430664,,,ou_noise,0,750830,1491662,745831,10.160234148263932,22.882685939788818,,,
1459,1458,,,-232.18845300147845,1000,False,False,False,True,cutoff,7.103736400604248,,,ou_noise,0,751830,1493662,746831,9.619040982842446,22.85836319732666,,,
1460,1459,,,170.85660381298743,120,True,False,True,False,success,0.41811230778694153,,,ou_noise,0,751950,1493902,746951,8.449945699175199,23.11112993558248,,,
1461,1460,,,162.63833329988793,142,True,False,True,False,success,0.4312884211540222,,,ou_noise,0,752092,1494186,747093,10.417623273923363,23.126087900618433,,,
1462,1461,,,-186.49618103780196,1000,False,False,False,True,cutoff,7.244075775146484,,,ou_noise,0,753092,1496186,748093,9.045859808444977,22.841587713241577,,,
1463,1462,,,154.90403699863316,166,True,False,True,False,success,0.44195425510406494,,,ou_noise,0,753258,1496518,748259,8.333234501172262,22.386895541685174,,,
1464,1463,,,-246.15505360941128,1000,False,False,False,True,cutoff,7.779815196990967,,,ou_noise,0,754258,1498518,749259,9.429557401657105,22.639999828338624,,,
1465,1464,,,-195.54759560165863,1000,False,False,False,True,cutoff,7.422859191894531,,,ou_noise,0,755258,1500518,750259,8.523520744681358,22.63785149002075,,,
1466,1465,,,171.1229044695686,119,True,False,True,False,success,0.4699515402317047,,,ou_noise,0,755377,1500756,750378,8.462774110441448,22.460936650508593,,,
1467,1466,,,-224.63889815759208,1000,False,False,False,True,cutoff,6.868768215179443,,,ou_noise,0,756377,1502756,751378,9.135177850186825,22.408137712478638,,,
1468,1467,,,-182.7270695216308,1000,False,False,False,True,cutoff,7.39996862411499,,,ou_noise,0,757377,1504756,752378,8.868913318216801,22.159738620758056,,,
1469,1468,,,-223.96232816873868,1000,False,False,False,True,cutoff,6.2958903312683105,,,ou_noise,0,758377,1506756,753378,8.424992876708508,21.86472770500183,,,
1470,1469,,,-225.23034733521152,1000,False,False,False,True,cutoff,7.78823184967041,,,ou_noise,0,759377,1508756,754378,8.638206729531289,21.64656259918213,,,
1471,1470,,,171.6323059526937,117,True,False,True,False,success,0.467501699924469,,,ou_noise,0,759494,1508990,754495,8.535901252021137,21.743868134979508,,,
1472,1471,,,169.53389594784062,124,True,False,True,False,success,0.4779776334762573,,,ou_noise,0,759618,1509238,754619,8.636037267023518,21.559428491900043,,,
1473,1472,,,167.34332138210272,133,True,False,True,False,success,0.4824213683605194,,,ou_noise,0,759751,1509504,754752,7.6425202511306995,21.572186799873982,,,
1474,1473,,,-55.41286035279243,101,False,True,True,False,collision,2.9781270027160645,,,ou_noise,0,759852,1509706,754853,7.403412894447251,21.62733025125938,,,
1475,1474,,,-185.4267964791037,1000,False,False,False,True,cutoff,7.481930255889893,,,ou_noise,0,760852,1511706,755853,8.599807952165603,21.63322803211212,,,
1476,1475,,,-194.5200125195539,1000,False,False,False,True,cutoff,7.350306034088135,,,ou_noise,0,761852,1513706,756853,9.879907028198243,21.426794672966004,,,
1477,1476,,,170.67363959746217,124,True,False,True,False,success,0.4950559139251709,,,ou_noise,0,761976,1513954,756977,8.767170145626991,21.477303858726255,,,
1478,1477,,,170.12494220184374,127,True,False,True,False,success,0.45167306065559387,,,ou_noise,0,762103,1514208,757104,8.258924178251132,21.2491158162515,,,
1479,1478,,,171.70218210793857,118,True,False,True,False,success,0.40414249897003174,,,ou_noise,0,762221,1514444,757222,9.44246151487706,21.51596408779338,,,
1480,1479,,,-56.91805621498307,781,True,False,True,False,success,0.48615455627441406,,,ou_noise,0,763002,1516006,758003,8.554427496297107,21.182667091164486,,,
1481,1480,,,170.43957112410573,124,True,False,True,False,success,0.4841971695423126,,,ou_noise,0,763126,1516254,758127,8.90696854745188,20.997816962580526,,,
1482,1481,,,-232.6800414328966,1000,False,False,False,True,cutoff,5.999966144561768,,,ou_noise,0,764126,1518254,759127,10.073445246577263,20.959639365196228,,,
1483,1482,,,-292.0386322858174,1000,False,False,False,True,cutoff,7.133697986602783,,,ou_noise,0,765126,1520254,760127,9.154545004725456,20.89500163650513,,,
1484,1483,,,-209.72488629282813,1000,False,False,False,True,cutoff,7.651394367218018,,,ou_noise,0,766126,1522254,761127,9.631829293966293,20.973550766944886,,,
1485,1484,,,173.8992404242434,115,True,False,True,False,success,0.4303075671195984,,,ou_noise,0,766241,1522484,761242,8.157370867936507,21.003315967062246,,,
1486,1485,,,-197.77386358041227,1000,False,False,False,True,cutoff,7.393860340118408,,,ou_noise,0,767241,1524484,762242,9.402492209792138,20.924693680763244,,,
1487,1486,,,-185.05847517596732,1000,False,False,False,True,cutoff,7.626517295837402,,,ou_noise,0,768241,1526484,763242,9.670662286520004,20.860447017669678,,,
1488,1487,,,169.03105841755297,121,True,False,True,False,success,0.4626988172531128,,,ou_noise,0,768362,1526726,763363,9.710497761560866,20.69965001571277,,,
1489,1488,,,-208.7437896772631,1000,False,False,False,True,cutoff,7.263669967651367,,,ou_noise,0,769362,1528726,764363,9.513432603538037,20.797504079818726,,,
1490,1489,,,-197.06862571087558,1000,False,False,False,True,cutoff,7.510993003845215,,,ou_noise,0,770362,1530726,765363,9.426019665002823,20.917943007469177,,,
1491,1490,,,-245.68341157989101,1000,False,False,False,True,cutoff,8.072985649108887,,,ou_noise,0,771362,1532726,766363,10.604739875793458,20.879155465126036,,,
1492,1491,,,-211.1847621922478,1000,False,False,False,True,cutoff,8.020681381225586,,,ou_noise,0,772362,1534726,767363,10.454996855020523,21.018614075660704,,,
1493,1492,,,-74.67157205027215,101,False,True,True,False,collision,4.959655284881592,,,ou_noise,0,772463,1534928,767464,9.973278756188874,20.632822150051005,,,
1494,1493,,,-197.97576695152833,1000,False,False,False,True,cutoff,7.667503356933594,,,ou_noise,0,773463,1536928,768464,11.34647195160389,20.812246557235717,,,
1495,1494,,,168.40758360779262,128,True,False,True,False,success,0.45211443305015564,,,ou_noise,0,773591,1537184,768592,10.537146526388824,20.604393735527992,,,
1496,1495,,,170.58484226891255,120,True,False,True,False,success,0.43240949511528015,,,ou_noise,0,773711,1537424,768712,10.809711813926697,20.700205008188885,,,
1497,1496,,,163.6861045631738,139,True,False,True,False,success,0.4641791582107544,,,ou_noise,0,773850,1537702,768851,10.235088969306123,20.6184006080353,,,
1498,1497,,,171.20768988755367,122,True,False,True,False,success,0.46177586913108826,,,ou_noise,0,773972,1537946,768973,9.738046014895204,20.49589394741371,,,
1499,1498,,,-193.76589560704002,1000,False,False,False,True,cutoff,7.477541446685791,,,ou_noise,0,774972,1539946,769973,9.84225003707409,20.433827474594118,,,
1500,1499,,,173.33536838000364,119,True,False,True,False,success,0.4657842218875885,,,ou_noise,0,775091,1540184,770092,10.068731506331629,20.42262226393243,,,
1501,1500,,,-206.2069892978944,1000,False,False,False,True,cutoff,7.5264105796813965,,,ou_noise,0,776091,1542184,771092,9.529646927118302,20.57441478538513,,,
1502,1501,,,-196.11104657387907,1000,False,False,False,True,cutoff,7.676804542541504,,,ou_noise,0,777091,1544184,772092,9.81601461827755,20.50807855129242,,,
1503,1502,,,167.74004141568474,138,True,False,True,False,success,0.4479248523712158,,,ou_noise,0,777229,1544460,772230,10.84481750191122,20.63405780515809,,,
1504,1503,,,150.41080810239725,186,True,False,True,False,success,0.45878660678863525,,,ou_noise,0,777415,1544832,772416,10.069072218351467,20.647477170472506,,,
1505,1504,,,169.75998231542815,130,True,False,True,False,success,0.469072550535202,,,ou_noise,0,777545,1545092,772546,8.258708783296438,20.45148988870474,,,
1506,1505,,,167.8496926261587,124,True,False,True,False,success,0.41664475202560425,,,ou_noise,0,777669,1545340,772670,8.101829669167918,20.63927758893659,,,
1507,1506,,,-251.92890635392615,1000,False,False,False,True,cutoff,7.80530309677124,,,ou_noise,0,778669,1547340,773670,9.821440552830696,20.51354937839508,,,
1508,1507,,,168.97971657341486,122,True,False,True,False,success,0.4598572552204132,,,ou_noise,0,778791,1547584,773792,10.289331540709636,20.454971954470775,,,
1509,1508,,,-238.42759696706574,1000,False,False,False,True,cutoff,7.768229007720947,,,ou_noise,0,779791,1549584,774792,9.761094371795654,20.57589320755005,,,
1510,1509,,,-214.62500676375066,1000,False,False,False,True,cutoff,7.034645080566406,,,ou_noise,0,780791,1551584,775792,9.006174737334252,20.674125101089476,,,
1511,1510,,,170.87549383364762,116,True,False,True,False,success,0.4921528398990631,,,ou_noise,0,780907,1551816,775908,9.381744850298453,20.609712033436217,,,
1512,1511,,,-193.2955259513205,1000,False,False,False,True,cutoff,7.382851600646973,,,ou_noise,0,781907,1553816,776908,9.563353225469589,20.57467615699768,,,
1513,1512,,,144.3651720027155,245,True,False,True,False,success,0.453298956155777,,,ou_noise,0,782152,1554306,777153,9.076395122372375,20.487377770093023,,,
1514,1513,,,-210.69269740454885,1000,False,False,False,True,cutoff,7.865251541137695,,,ou_noise,0,783152,1556306,778153,9.398932801604271,20.64136434364319,,,
1515,1514,,,171.00888466646884,113,True,False,True,False,success,0.4930209517478943,,,ou_noise,0,783265,1556532,778266,9.854497755523276,20.636848348431883,,,
1516,1515,,,168.23233881014983,123,True,False,True,False,success,0.4939192533493042,,,ou_noise,0,783388,1556778,778389,9.377181827537413,20.689467127730207,,,
1517,1516,,,-194.05738359922688,1000,False,False,False,True,cutoff,7.130955219268799,,,ou_noise,0,784388,1558778,779389,9.154965211391449,20.60700218296051,,,
1518,1517,,,-196.4866906262842,1000,False,False,False,True,cutoff,7.687479019165039,,,ou_noise,0,785388,1560778,780389,8.981990100324154,20.714600171089174,,,
1519,1518,,,-189.1131760352038,1000,False,False,False,True,cutoff,7.338943004608154,,,ou_noise,0,786388,1562778,781389,8.873072254359721,20.732624076843262,,,
1520,1519,,,-268.63414239889033,1000,False,False,False,True,cutoff,8.021432876586914,,,ou_noise,0,787388,1564778,782389,9.411372781693935,20.95958341503143,,,
1521,1520,,,165.2533230161188,142,True,False,True,False,success,0.47632458806037903,,,ou_noise,0,787530,1565062,782531,9.319760856494097,20.913805491487746,,,
1522,1521,,,169.49546021389605,129,True,False,True,False,success,0.43134987354278564,,,ou_noise,0,787659,1565320,782660,8.400646367738414,20.778031888858294,,,
1523,1522,,,171.7711824473613,118,True,False,True,False,success,0.4314084053039551,,,ou_noise,0,787777,1565556,782778,9.23548305842836,21.026724799204683,,,
1524,1523,,,169.6469344481911,121,True,False,True,False,success,0.4762777090072632,,,ou_noise,0,787898,1565798,782899,9.702485787967019,21.033724398652385,,,
1525,1524,,,171.70346919109556,118,True,False,True,False,success,0.43354806303977966,,,ou_noise,0,788016,1566034,783017,8.936018982176053,20.833126617690265,,,
1526,1525,,,172.3942770643776,112,True,False,True,False,success,0.47562509775161743,,,ou_noise,0,788128,1566258,783129,7.861325702496937,21.253898160798208,,,
1527,1526,,,-203.2702599463873,1000,False,False,False,True,cutoff,7.409924507141113,,,ou_noise,0,789128,1568258,784129,9.766430149316788,20.879516801834107,,,
1528,1527,,,-190.96389426790984,1000,False,False,False,True,cutoff,7.8563923835754395,,,ou_noise,0,790128,1570258,785129,9.950770210921764,20.929747072219847,,,
1529,1528,,,-219.03807072479347,1000,False,False,False,True,cutoff,7.016502380371094,,,ou_noise,0,791128,1572258,786129,9.777435221791267,20.87999709892273,,,
1530,1529,,,-197.86749178313536,1000,False,False,False,True,cutoff,7.90385627746582,,,ou_noise,0,792128,1574258,787129,9.596494909346104,20.82999014377594,,,
1531,1530,,,170.5957275789246,125,True,False,True,False,success,0.43620002269744873,,,ou_noise,0,792253,1574508,787254,10.06677052307129,20.714435661315918,,,
1532,1531,,,167.8969482198637,128,True,False,True,False,success,0.4861234724521637,,,ou_noise,0,792381,1574764,787382,8.82492478005588,20.76904885470867,,,
1533,1532,,,172.36360310915637,113,True,False,True,False,success,0.44246432185173035,,,ou_noise,0,792494,1574990,787495,8.790636740954577,20.711303871289818,,,
1534,1533,,,-204.76159905791712,1000,False,False,False,True,cutoff,7.88606071472168,,,ou_noise,0,793494,1576990,788495,9.955470192670822,20.721441539764406,,,
1535,1534,,,-208.7482221968313,1000,False,False,False,True,cutoff,7.6499342918396,,,ou_noise,0,794494,1578990,789495,9.685298317432403,20.584223839759826,,,
1536,1535,,,176.32946149827302,109,True,False,True,False,success,0.4335210621356964,,,ou_noise,0,794603,1579208,789604,8.835192079937785,20.66453632739706,,,
1537,1536,,,-67.5542526943127,66,False,True,True,False,collision,5.430278301239014,,,ou_noise,0,794669,1579340,789670,11.331296731125224,20.471424680767637,,,
1538,1537,,,-206.2233203710216,1000,False,False,False,True,cutoff,7.433236122131348,,,ou_noise,0,795669,1581340,790670,9.528528913617134,20.774535118103028,,,
1539,1538,,,-197.72302932702524,1000,False,False,False,True,cutoff,7.502562999725342,,,ou_noise,0,796669,1583340,791670,9.29352998507023,20.959854864120484,,,
1540,1539,,,167.0988232352147,136,True,False,True,False,success,0.4721631705760956,,,ou_noise,0,796805,1583612,791806,9.71399983588387,20.750587554538953,,,
1541,1540,,,172.01567708584332,121,True,False,True,False,success,0.4793792963027954,,,ou_noise,0,796926,1583854,791927,9.48192892291329,20.81355566229702,,,
1542,1541,,,170.53309592268846,122,True,False,True,False,success,0.4466991126537323,,,ou_noise,0,797048,1584098,792049,9.756768898885758,20.96452293239656,,,
1543,1542,,,172.17390936338847,120,True,False,True,False,success,0.47289004921913147,,,ou_noise,0,797168,1584338,792169,9.504216021299362,20.8025812625885,,,
1544,1543,,,173.66615370444953,113,True,False,True,False,success,0.4841298758983612,,,ou_noise,0,797281,1584564,792282,10.206108967814826,20.617753526805778,,,
1545,1544,,,170.02355542790158,122,True,False,True,False,success,0.41687384247779846,,,ou_noise,0,797403,1584808,792404,9.427906144837864,21.0552655986098,,,
1546,1545,,,-228.92138240876707,1000,False,False,False,True,cutoff,6.62515926361084,,,ou_noise,0,798403,1586808,793404,9.445065633058547,20.833617240905763,,,
1547,1546,,,-190.26605869683664,1000,False,False,False,True,cutoff,7.673537731170654,,,ou_noise,0,799403,1588808,794404,9.433159583806992,20.691868290901184,,,
1548,1547,,,-227.3020648235256,1000,False,False,False,True,cutoff,6.924251079559326,,,ou_noise,0,800403,1590808,795404,9.155555724084378,20.790790649414063,,,
1549,1548,,,-236.19582822810898,1000,False,False,False,True,cutoff,7.2753143310546875,,,ou_noise,0,801403,1592808,796404,10.423166042923928,20.907173142433166,,,
1550,1549,,,-73.01019086962607,94,False,True,True,False,collision,5.281329154968262,,,ou_noise,0,801497,1592996,796498,10.966355990856252,20.91448694594363,,,
1551,1550,,,171.465373717003,123,True,False,True,False,success,0.48975273966789246,,,ou_noise,0,801620,1593242,796621,9.699181641020425,20.623206549543674,,,
1552,1551,,,39.457344198669084,717,True,False,True,False,success,0.48984867334365845,,,ou_noise,0,802337,1594676,797338,10.054623638735656,20.913140130674822,,,
1553,1552,,,170.8934490433022,124,True,False,True,False,success,0.4401402175426483,,,ou_noise,0,802461,1594924,797462,9.239219810693495,20.756906109471476,,,
1554,1553,,,170.87443151304976,130,True,False,True,False,success,0.40763887763023376,,,ou_noise,0,802591,1595184,797592,9.036143939311687,20.83460933978741,,,
1555,1554,,,171.24638840419524,121,True,False,True,False,success,0.48682552576065063,,,ou_noise,0,802712,1595426,797713,9.193201266044428,20.80371342808747,,,
1556,1555,,,169.26541602433286,124,True,False,True,False,success,0.45861440896987915,,,ou_noise,0,802836,1595674,797837,9.41517248942006,21.138779209506126,,,
1557,1556,,,-223.11292767808317,1000,False,False,False,True,cutoff,7.3714494705200195,,,ou_noise,0,803836,1597674,798837,9.459820924401283,20.673947504997255,,,
1558,1557,,,163.38943654497808,148,True,False,True,False,success,0.4148888885974884,,,ou_noise,0,803984,1597970,798985,9.35939945884653,20.84084642900003,,,
1559,1558,,,-198.82386986835888,1000,False,False,False,True,cutoff,7.230380058288574,,,ou_noise,0,804984,1599970,799985,9.324053428292274,20.68398252105713,,,
1560,1559,,,168.5045515070662,131,True,False,True,False,success,0.49503588676452637,,,ou_noise,0,805115,1600232,800116,8.20566823555313,20.453386292202783,,,
1561,1560,,,-239.0783145568035,1000,False,False,False,True,cutoff,7.6089677810668945,,,ou_noise,0,806115,1602232,801116,9.705611567258835,20.65285610485077,,,
1562,1561,,,172.98061426937755,120,True,False,True,False,success,0.40580910444259644,,,ou_noise,0,806235,1602472,801236,8.996221747994422,20.51571224530538,,,
1563,1562,,,-215.65627234796813,1000,False,False,False,True,cutoff,7.579835891723633,,,ou_noise,0,807235,1604472,802236,9.986150051355361,20.597531223297118,,,
1564,1563,,,-228.39621789550418,1000,False,False,False,True,cutoff,7.6999688148498535,,,ou_noise,0,808235,1606472,803236,9.48508221501112,20.616342527389527,,,
1565,1564,,,-225.01336349353807,1000,False,False,False,True,cutoff,7.550339698791504,,,ou_noise,0,809235,1608472,804236,8.991840268433094,20.49208826637268,,,
1566,1565,,,172.95699342808803,109,True,False,True,False,success,0.4608033299446106,,,ou_noise,0,809344,1608690,804345,11.132227833117915,20.5673164402673,,,
1567,1566,,,172.18542974588354,113,True,False,True,False,success,0.4643765091896057,,,ou_noise,0,809457,1608916,804458,7.285110844975025,20.52979807727105,,,
1568,1567,,,170.8764150983682,120,True,False,True,False,success,0.4148253798484802,,,ou_noise,0,809577,1609156,804578,7.822627114256223,20.685195207595825,,,
1569,1568,,,-201.7239945262214,1000,False,False,False,True,cutoff,7.618819713592529,,,ou_noise,0,810577,1611156,805578,8.867833176970482,20.591108216285704,,,
1570,1569,,,-219.3154473126532,1000,False,False,False,True,cutoff,7.479630947113037,,,ou_noise,0,811577,1613156,806578,8.927329380989075,20.8316698551178,,,
1571,1570,,,-198.68343709389868,1000,False,False,False,True,cutoff,7.464323043823242,,,ou_noise,0,812577,1615156,807578,8.802643879175186,20.690307447433472,,,
1572,1571,,,-217.13962027800514,1000,False,False,False,True,cutoff,7.491148471832275,,,ou_noise,0,813577,1617156,808578,9.536673695623875,20.93981041240692,,,
1573,1572,,,-219.1269334024496,1000,False,False,False,True,cutoff,7.073782444000244,,,ou_noise,0,814577,1619156,809578,9.544005222678184,21.19620770454407,,,
1574,1573,,,167.76473971424093,142,True,False,True,False,success,0.4744707942008972,,,ou_noise,0,814719,1619440,809720,9.345499836223226,20.862562045245102,,,
1575,1574,,,-250.72291250526294,1000,False,False,False,True,cutoff,7.333890438079834,,,ou_noise,0,815719,1621440,810720,9.65912360650301,21.494178853988647,,,
1576,1575,,,-257.71495216386677,1000,False,False,False,True,cutoff,7.470657825469971,,,ou_noise,0,816719,1623440,811720,9.058760724782944,21.843525134086608,,,
1577,1576,,,166.95379544832196,137,True,False,True,False,success,0.47772976756095886,,,ou_noise,0,816856,1623714,811857,7.737742514505873,21.71865129122769,,,
1578,1577,,,-272.36028148065077,1000,False,False,False,True,cutoff,7.099170684814453,,,ou_noise,0,817856,1625714,812857,10.243139060854912,22.046904466629027,,,
1579,1578,,,-235.60543655324295,1000,False,False,False,True,cutoff,9.034597396850586,,,ou_noise,0,818856,1627714,813857,9.663395762205123,22.479596232414245,,,
1580,1579,,,-215.26560254954686,1000,False,False,False,True,cutoff,7.420831203460693,,,ou_noise,0,819856,1629714,814857,9.582905213832856,22.83880286884308,,,
1581,1580,,,172.3175690707003,118,True,False,True,False,success,0.4571680724620819,,,ou_noise,0,819974,1629950,814975,9.309734636444157,23.22407030655166,,,
1582,1581,,,-318.9307912643586,1000,False,False,False,True,cutoff,7.619622230529785,,,ou_noise,0,820974,1631950,815975,9.555761609435082,23.153174215316774,,,
1583,1582,,,-211.79524965158333,1000,False,False,False,True,cutoff,8.589105606079102,,,ou_noise,0,821974,1633950,816975,9.995319463253022,23.53783409309387,,,
1584,1583,,,-205.08685572768155,1000,False,False,False,True,cutoff,8.524420738220215,,,ou_noise,0,822974,1635950,817975,9.507580306410789,24.11786999130249,,,
1585,1584,,,171.46597098653905,126,True,False,True,False,success,0.47936126589775085,,,ou_noise,0,823100,1636202,818101,9.180420381682259,24.093384016127814,,,
1586,1585,,,170.59332271207,122,True,False,True,False,success,0.46408694982528687,,,ou_noise,0,823222,1636446,818223,10.125339934083282,24.05256299503514,,,
1587,1586,,,167.84828009013154,130,True,False,True,False,success,0.43611904978752136,,,ou_noise,0,823352,1636706,818353,10.829844888357016,23.971244547917294,,,
1588,1587,,,173.74746940779235,115,True,False,True,False,success,0.45508596301078796,,,ou_noise,0,823467,1636936,818468,8.177798006845558,24.297253666753353,,,
1589,1588,,,-89.79644331655618,87,False,True,True,False,collision,5.8145904541015625,,,ou_noise,0,823554,1637110,818555,10.703113129769248,23.841298640459435,,,
1590,1589,,,168.86739041103505,123,True,False,True,False,success,0.4532791078090668,,,ou_noise,0,823677,1637356,818678,8.77058515606857,23.819124330350053,,,
1591,1590,,,168.35569398059866,130,True,False,True,False,success,0.4632529616355896,,,ou_noise,0,823807,1637616,818808,10.86592980164748,23.98925941173847,,,
1592,1591,,,-223.3451034259918,1000,False,False,False,True,cutoff,7.425991535186768,,,ou_noise,0,824807,1639616,819808,10.002872374534608,23.943380058288575,,,
1593,1592,,,169.4832970796054,125,True,False,True,False,success,0.48243194818496704,,,ou_noise,0,824932,1639866,819933,9.34526622581482,24.103031646728514,,,
1594,1593,,,-251.8277212136215,1000,False,False,False,True,cutoff,7.339118480682373,,,ou_noise,0,825932,1641866,820933,9.313565778970718,24.1529278717041,,,
1595,1594,,,168.57389909353566,124,True,False,True,False,success,0.45636746287345886,,,ou_noise,0,826056,1642114,821057,8.086349087376748,23.959853818339685,,,
1596,1595,,,170.0748972086672,121,True,False,True,False,success,0.4548395276069641,,,ou_noise,0,826177,1642356,821178,8.922043770797982,24.26998674376937,,,
1597,1596,,,-210.87014116300827,1000,False,False,False,True,cutoff,6.902735710144043,,,ou_noise,0,827177,1644356,822178,9.460378989577293,24.04062473678589,,,
1598,1597,,,173.86325351652647,110,True,False,True,False,success,0.49474602937698364,,,ou_noise,0,827287,1644576,822288,9.384639225222848,23.82318331978538,,,
1599,1598,,,163.6623025371548,139,True,False,True,False,success,0.45388442277908325,,,ou_noise,0,827426,1644854,822427,9.53406234010518,23.923791446274134,,,
1600,1599,,,173.13812783597174,120,True,False,True,False,success,0.4316205680370331,,,ou_noise,0,827546,1645094,822547,8.13084115087986,23.493183914820353,,,
1601,1600,,,-236.8019034606021,1000,False,False,False,True,cutoff,7.553361415863037,,,ou_noise,0,828546,1647094,823547,9.735808360695838,23.436856824874877,,,
1602,1601,,,-248.75312531330866,1000,False,False,False,True,cutoff,7.931638240814209,,,ou_noise,0,829546,1649094,824547,9.168633080601692,23.172556343078615,,,
1603,1602,,,164.59676897295014,127,True,False,True,False,success,0.4362448751926422,,,ou_noise,0,829673,1649348,824674,9.071328119968804,22.964579739908533,,,
1604,1603,,,-248.8683726639488,1000,False,False,False,True,cutoff,7.684282302856445,,,ou_noise,0,830673,1651348,825674,9.493648298382759,22.909183263778687,,,
1605,1604,,,174.83197096631918,111,True,False,True,False,success,0.477804571390152,,,ou_noise,0,830784,1651570,825785,9.552289904774847,22.649462966231614,,,
1606,1605,,,-103.88302444014113,116,False,True,True,False,collision,6.600584506988525,,,ou_noise,0,830900,1651802,825901,10.707737956581445,22.83449727091296,,,
1607,1606,,,-241.55537834566246,1000,False,False,False,True,cutoff,7.566895484924316,,,ou_noise,0,831900,1653802,826901,9.037064706921578,22.785822875976564,,,
1608,1607,,,171.48101292238303,113,True,False,True,False,success,0.49632272124290466,,,ou_noise,0,832013,1654028,827014,10.119586612270997,22.810838648703246,,,
1609,1608,,,-267.3379537405271,1000,False,False,False,True,cutoff,7.5756025314331055,,,ou_noise,0,833013,1656028,828014,8.563003969788552,22.684619316101074,,,
1610,1609,,,-224.43430125229983,1000,False,False,False,True,cutoff,7.268756866455078,,,ou_noise,0,834013,1658028,829014,8.728270196318626,22.413599652290344,,,
1611,1610,,,-299.5618409300858,1000,False,False,False,True,cutoff,7.534836292266846,,,ou_noise,0,835013,1660028,830014,8.676182838082314,22.242518924713135,,,
1612,1611,,,-233.63881837830576,1000,False,False,False,True,cutoff,7.443803787231445,,,ou_noise,0,836013,1662028,831014,9.05839381313324,22.16936788749695,,,
1613,1612,,,-247.84239714671608,1000,False,False,False,True,cutoff,8.00284481048584,,,ou_noise,0,837013,1664028,832014,8.869962799429894,22.19678224182129,,,
1614,1613,,,174.75166980366762,114,True,False,True,False,success,0.4124615788459778,,,ou_noise,0,837127,1664256,832128,10.501133430422398,22.065554133632727,,,
1615,1614,,,-234.6222324675161,1000,False,False,False,True,cutoff,7.6272172927856445,,,ou_noise,0,838127,1666256,833128,8.503763732612134,22.31175269508362,,,
1616,1615,,,172.4277497640735,112,True,False,True,False,success,0.46100151538848877,,,ou_noise,0,838239,1666480,833240,8.268526065562453,22.415010452270508,,,
1617,1616,,,168.20955296792692,133,True,False,True,False,success,0.47715938091278076,,,ou_noise,0,838372,1666746,833373,8.545083964677682,22.48268093023085,,,
1618,1617,,,174.71126965537673,111,True,False,True,False,success,0.44853198528289795,,,ou_noise,0,838483,1666968,833484,9.098926106014767,22.53859757088326,,,
1619,1618,,,170.42499975706994,121,True,False,True,False,success,0.46337011456489563,,,ou_noise,0,838604,1667210,833605,8.443964540465805,22.51598326627873,,,
1620,1619,,,170.04401378553254,126,True,False,True,False,success,0.4096674919128418,,,ou_noise,0,838730,1667462,833731,8.113215033970182,22.179567503550697,,,
1621,1620,,,-241.40258608123858,1000,False,False,False,True,cutoff,7.682494163513184,,,ou_noise,0,839730,1669462,834731,9.314889712810515,22.386880756378172,,,
1622,1621,,,-257.12469641140046,1000,False,False,False,True,cutoff,7.831007480621338,,,ou_noise,0,840730,1671462,835731,8.940968820810317,22.842293014526366,,,
1623,1622,,,-256.2826942782379,1000,False,False,False,True,cutoff,7.317953109741211,,,ou_noise,0,841730,1673462,836731,8.512284244775772,23.24012777328491,,,
1624,1623,,,171.21421820756893,127,True,False,True,False,success,0.4243141710758209,,,ou_noise,0,841857,1673716,836858,9.367178530204953,23.210447161216436,,,
1625,1624,,,-216.77297238016507,1000,False,False,False,True,cutoff,8.956579208374023,,,ou_noise,0,842857,1675716,837858,8.751901240825653,23.507043504714964,,,
1626,1625,,,-83.05495201509538,70,False,True,True,False,collision,6.503402233123779,,,ou_noise,0,842927,1675856,837928,7.722654247283936,23.60824999128069,,,
1627,1626,,,-241.51079003293307,1000,False,False,False,True,cutoff,7.12969970703125,,,ou_noise,0,843927,1677856,838928,8.701945615828038,23.685270483016968,,,
1628,1627,,,171.85434608126633,121,True,False,True,False,success,0.469475120306015,,,ou_noise,0,844048,1678098,839049,9.162639796241256,23.35953874824461,,,
1629,1628,,,172.1561267073728,120,True,False,True,False,success,0.476343035697937,,,ou_noise,0,844168,1678338,839169,8.118467089533805,23.85181498527527,,,
1630,1629,,,-293.24056783545353,1000,False,False,False,True,cutoff,8.386826515197754,,,ou_noise,0,845168,1680338,840169,8.292171803116798,23.5116577129364,,,
1631,1630,,,-233.14916806835208,1000,False,False,False,True,cutoff,7.436234951019287,,,ou_noise,0,846168,1682338,841169,8.813299945354462,23.680563432693482,,,
1632,1631,,,149.87660004946173,196,True,False,True,False,success,0.4668201208114624,,,ou_noise,0,846364,1682730,841365,9.03017000032931,23.54650742667062,,,
1633,1632,,,174.47149699453945,109,True,False,True,False,success,0.46623295545578003,,,ou_noise,0,846473,1682948,841474,9.396064629248523,23.689097710705678,,,
1634,1633,,,-217.56278529184476,1000,False,False,False,True,cutoff,7.0101165771484375,,,ou_noise,0,847473,1684948,842474,9.460105192422867,23.55827353858948,,,
1635,1634,,,-293.8581444261415,1000,False,False,False,True,cutoff,7.650940418243408,,,ou_noise,0,848473,1686948,843474,8.546356107354164,23.880986345291138,,,
1636,1635,,,-222.81379022120984,1000,False,False,False,True,cutoff,7.559800148010254,,,ou_noise,0,849473,1688948,844474,8.680222330331802,24.05332069206238,,,
1637,1636,,,170.24927140994657,129,True,False,True,False,success,0.46105632185935974,,,ou_noise,0,849602,1689206,844603,8.331666735715645,24.220265484595483,,,
1638,1637,,,-306.2557261986528,1000,False,False,False,True,cutoff,7.7235002517700195,,,ou_noise,0,850602,1691206,845603,8.548147245764733,24.25511605644226,,,
1639,1638,,,160.39327535161826,154,True,False,True,False,success,0.4716101586818695,,,ou_noise,0,850756,1691514,845757,7.942245356448285,24.38904806855437,,,
1640,1639,,,-196.22874167773696,1000,False,False,False,True,cutoff,7.798702239990234,,,ou_noise,0,851756,1693514,846757,8.75469103193283,24.352801317214965,,,
1641,1640,,,171.41941796961606,122,True,False,True,False,success,0.4245668649673462,,,ou_noise,0,851878,1693758,846879,8.508795712814957,24.265961334353587,,,
1642,1641,,,170.72361062990717,126,True,False,True,False,success,0.49700209498405457,,,ou_noise,0,852004,1694010,847005,7.500552237979949,24.24387524619935,,,
1643,1642,,,166.72473426225963,125,True,False,True,False,success,0.41292035579681396,,,ou_noise,0,852129,1694260,847130,8.530890347480774,24.739083267211914,,,
1644,1643,,,170.5324971638504,125,True,False,True,False,success,0.48576119542121887,,,ou_noise,0,852254,1694510,847255,8.83459484386444,24.287327270507813,,,
1645,1644,,,-224.85901993629506,1000,False,False,False,True,cutoff,7.137557506561279,,,ou_noise,0,853254,1696510,848255,8.336277834296226,24.317622997283937,,,
1646,1645,,,165.59285389384306,141,True,False,True,False,success,0.4560312032699585,,,ou_noise,0,853395,1696792,848396,8.794952289432498,24.40125892855597,,,
1647,1646,,,164.89143219300388,133,True,False,True,False,success,0.45838168263435364,,,ou_noise,0,853528,1697058,848529,8.29282982367322,24.25744260343394,,,
1648,1647,,,173.81054840399685,118,True,False,True,False,success,0.4550575017929077,,,ou_noise,0,853646,1697294,848647,8.179074764251709,24.26736767009153,,,
1649,1648,,,-230.83048894917928,1000,False,False,False,True,cutoff,7.3214592933654785,,,ou_noise,0,854646,1699294,849647,8.810890399456024,24.311416511535644,,,
1650,1649,,,173.81209867392832,114,True,False,True,False,success,0.4731125831604004,,,ou_noise,0,854760,1699522,849761,7.397721719323543,24.273511518511857,,,
1651,1650,,,168.50863190509543,128,True,False,True,False,success,0.41844475269317627,,,ou_noise,0,854888,1699778,849889,9.533256689086556,24.2186349183321,,,
1652,1651,,,-184.08946844872617,1000,False,False,False,True,cutoff,7.191514492034912,,,ou_noise,0,855888,1701778,850889,9.053612321734429,24.02007277107239,,,
1653,1652,,,-216.70203880288344,1000,False,False,False,True,cutoff,8.310707092285156,,,ou_noise,0,856888,1703778,851889,8.593021870732308,23.88362353515625,,,
1654,1653,,,-207.19628577722293,1000,False,False,False,True,cutoff,7.9127984046936035,,,ou_noise,0,857888,1705778,852889,8.474196840763092,23.697745155334474,,,
1655,1654,,,-189.43266232119777,1000,False,False,False,True,cutoff,7.634964466094971,,,ou_noise,0,858888,1707778,853889,8.012598174273968,23.653302215576172,,,
1656,1655,,,174.0173110924257,122,True,False,True,False,success,0.45819929242134094,,,ou_noise,0,859010,1708022,854011,7.978328671611723,23.78685324309302,,,
1657,1656,,,173.93401041162804,111,True,False,True,False,success,0.49253129959106445,,,ou_noise,0,859121,1708244,854122,7.45088448502996,23.48871373700666,,,
1658,1657,,,173.4080282508212,110,True,False,True,False,success,0.4705318510532379,,,ou_noise,0,859231,1708464,854232,7.347466012564572,23.52301823009144,,,
1659,1658,,,168.92792793642198,127,True,False,True,False,success,0.45953211188316345,,,ou_noise,0,859358,1708718,854359,7.805597873653952,23.46031209990734,,,
1660,1659,,,-57.965019443802724,87,False,True,True,False,collision,3.8784027099609375,,,ou_noise,0,859445,1708892,854446,8.773158299511877,22.95675437751858,,,
1661,1660,,,171.2222267803931,120,True,False,True,False,success,0.4564879238605499,,,ou_noise,0,859565,1709132,854566,7.739992832144101,23.30712691942851,,,
1662,1661,,,-204.19629842148785,1000,False,False,False,True,cutoff,7.766679763793945,,,ou_noise,0,860565,1711132,855566,8.491233119010925,23.138979972839355,,,
1663,1662,,,-224.03079702496942,1000,False,False,False,True,cutoff,7.488887786865234,,,ou_noise,0,861565,1713132,856566,8.1239068723917,22.97559539794922,,,
1664,1663,,,174.5602142631334,115,True,False,True,False,success,0.4235478937625885,,,ou_noise,0,861680,1713362,856681,6.410830569267273,22.89770567520805,,,
1665,1664,,,168.79232317896017,131,True,False,True,False,success,0.45416614413261414,,,ou_noise,0,861811,1713624,856812,7.523907443949285,22.900407106821774,,,
1666,1665,,,-197.19241391099405,1000,False,False,False,True,cutoff,7.5599164962768555,,,ou_noise,0,862811,1715624,857812,7.919467622756958,22.59647301864624,,,
1667,1666,,,-264.38555352222187,1000,False,False,False,True,cutoff,6.510711193084717,,,ou_noise,0,863811,1717624,858812,8.14141329675913,22.5296517162323,,,
1668,1667,,,169.2963285157823,125,True,False,True,False,success,0.4214467704296112,,,ou_noise,0,863936,1717874,858937,8.116111177921296,22.670818283081054,,,
1669,1668,,,169.02767454852096,131,True,False,True,False,success,0.4574890732765198,,,ou_noise,0,864067,1718136,859068,7.900899633196474,22.31369292281056,,,
1670,1669,,,-211.68813921430274,1000,False,False,False,True,cutoff,7.5163445472717285,,,ou_noise,0,865067,1720136,860068,7.7280434619784355,22.54692531776428,,,
1671,1670,,,171.37601103045796,121,True,False,True,False,success,0.4909195005893707,,,ou_noise,0,865188,1720378,860189,9.832003916590667,22.70233417542513,,,
1672,1671,,,-238.85585693420637,1000,False,False,False,True,cutoff,7.925868988037109,,,ou_noise,0,866188,1722378,861189,7.681360337972641,22.357559581756593,,,
1673,1672,,,-66.765436111202,156,False,True,True,False,collision,3.0013229846954346,,,ou_noise,0,866344,1722690,861345,8.383470918123539,22.171227149474316,,,
1674,1673,,,-194.95355449925552,1000,False,False,False,True,cutoff,7.950367450714111,,,ou_noise,0,867344,1724690,862345,7.76178185069561,22.342381517410278,,,
1675,1674,,,-208.54565175551411,1000,False,False,False,True,cutoff,7.259218692779541,,,ou_noise,0,868344,1726690,863345,8.473952238380908,22.297617444992067,,,
1676,1675,,,-248.6252964146084,1000,False,False,False,True,cutoff,7.485527992248535,,,ou_noise,0,869344,1728690,864345,8.347345694363117,22.265006834983826,,,
1677,1676,,,170.67799982137345,125,True,False,True,False,success,0.4623130261898041,,,ou_noise,0,869469,1728940,864470,6.721179577827454,22.09756736755371,,,
1678,1677,,,169.77580748635359,134,True,False,True,False,success,0.4945182502269745,,,ou_noise,0,869603,1729208,864604,6.684114256456716,22.044866020999738,,,
1679,1678,,,172.5359257854958,119,True,False,True,False,success,0.47769424319267273,,,ou_noise,0,869722,1729446,864723,6.45640706414936,21.980226981539687,,,
1680,1679,,,173.6640667861241,119,True,False,True,False,success,0.4575444757938385,,,ou_noise,0,869841,1729684,864842,7.036276297408993,21.712531530556557,,,
1681,1680,,,-187.6153706595,1000,False,False,False,True,cutoff,7.558446884155273,,,ou_noise,0,870841,1731684,865842,7.642786998748779,22.015893094062804,,,
1682,1681,,,-63.61488153990377,81,False,True,True,False,collision,4.414752006530762,,,ou_noise,0,870922,1731846,865923,8.706991657798673,22.091648431471835,,,
1683,1682,,,171.99889018839863,120,True,False,True,False,success,0.4237968921661377,,,ou_noise,0,871042,1732086,866043,7.4772177721063295,21.663689676920573,,,
1684,1683,,,-189.86763597256987,1000,False,False,False,True,cutoff,8.039716720581055,,,ou_noise,0,872042,1734086,867043,7.962874631106853,21.752790895462034,,,
1685,1684,,,171.21829471208503,122,True,False,True,False,success,0.47966986894607544,,,ou_noise,0,872164,1734330,867165,8.298843912413863,21.694389734111848,,,
1686,1685,,,-49.18952678124951,94,False,True,True,False,collision,3.060600519180298,,,ou_noise,0,872258,1734518,867259,8.27843371223896,21.301989413322286,,,
1687,1686,,,-187.84810311990148,1000,False,False,False,True,cutoff,7.385066509246826,,,ou_noise,0,873258,1736518,868259,8.425470934152603,21.500706077575682,,,
1688,1687,,,-60.69800287869905,80,False,True,True,False,collision,4.35173225402832,,,ou_noise,0,873338,1736678,868339,7.281916938722134,21.132536792755126,,,
1689,1688,,,-260.1230576123541,1000,False,False,False,True,cutoff,7.381250381469727,,,ou_noise,0,874338,1738678,869339,8.869995246767997,21.572730162620545,,,
1690,1689,,,-50.31837027851055,105,False,True,True,False,collision,2.410801649093628,,,ou_noise,0,874443,1738888,869444,8.798200100944156,21.391589664277575,,,
1691,1690,,,-186.66157758404543,1000,False,False,False,True,cutoff,7.250209331512451,,,ou_noise,0,875443,1740888,870444,7.9272286875844005,21.450829584121703,,,
1692,1691,,,171.14705822208936,127,True,False,True,False,success,0.4467913806438446,,,ou_noise,0,875570,1741142,870571,8.439981862315982,21.694286091121164,,,
1693,1692,,,-311.4077047290942,1000,False,False,False,True,cutoff,7.504919052124023,,,ou_noise,0,876570,1743142,871571,8.331365958690643,21.535450536727904,,,
1694,1693,,,169.4843037744737,132,True,False,True,False,success,0.4613920748233795,,,ou_noise,0,876702,1743406,871703,6.7116287093270905,21.533077839649085,,,
1695,1694,,,-72.42304552019746,83,False,True,True,False,collision,5.226378440856934,,,ou_noise,0,876785,1743572,871786,8.089259200785534,21.51428378920957,,,
1696,1695,,,-236.54246142970587,1000,False,False,False,True,cutoff,7.177274703979492,,,ou_noise,0,877785,1745572,872786,7.671945019245148,21.554764369964598,,,
1697,1696,,,171.97377121099294,118,True,False,True,False,success,0.4333982765674591,,,ou_noise,0,877903,1745808,872904,8.167801967111684,21.732610904564293,,,
1698,1697,,,171.07058306849171,125,True,False,True,False,success,0.44657599925994873,,,ou_noise,0,878028,1746058,873029,7.1580989608764645,21.515787673950197,,,
1699,1698,,,174.57816264708572,110,True,False,True,False,success,0.44062063097953796,,,ou_noise,0,878138,1746278,873139,9.15183503627777,21.256092990528455,,,
1700,1699,,,-200.6080910478121,1000,False,False,False,True,cutoff,7.85917854309082,,,ou_noise,0,879138,1748278,874139,7.823365456640721,21.49698629283905,,,
1701,1700,,,-204.21758733202805,1000,False,False,False,True,cutoff,7.345498561859131,,,ou_noise,0,880138,1750278,875139,8.831531585216522,21.389202574729918,,,
1702,1701,,,-235.93883891868978,1000,False,False,False,True,cutoff,5.138153553009033,,,ou_noise,0,881138,1752278,876139,8.702221138775348,21.240012221336364,,,
1703,1702,,,171.2369055589109,126,True,False,True,False,success,0.44131797552108765,,,ou_noise,0,881264,1752530,876265,8.610619886526985,21.384354023706344,,,
1704,1703,,,149.0863001191585,186,True,False,True,False,success,0.46087774634361267,,,ou_noise,0,881450,1752902,876451,7.008470430809965,21.343925942656814,,,
1705,1704,,,170.88846300670065,124,True,False,True,False,success,0.4116894602775574,,,ou_noise,0,881574,1753150,876575,9.029579035697445,21.443310460736676,,,
1706,1705,,,173.95790507719568,116,True,False,True,False,success,0.4523773491382599,,,ou_noise,0,881690,1753382,876691,9.890700049441437,21.287470406499402,,,
1707,1706,,,-200.71225874766964,1000,False,False,False,True,cutoff,7.496171951293945,,,ou_noise,0,882690,1755382,877691,9.268609407484531,21.065133769035338,,,
1708,1707,,,157.37973699321668,152,True,False,True,False,success,0.4299013018608093,,,ou_noise,0,882842,1755686,877843,9.571482438398036,20.886464997341758,,,
1709,1708,,,-195.74984438297744,1000,False,False,False,True,cutoff,7.862354278564453,,,ou_noise,0,883842,1757686,878843,8.167914007127285,21.14298641681671,,,
1710,1709,,,-226.96549201726225,1000,False,False,False,True,cutoff,7.346049785614014,,,ou_noise,0,884842,1759686,879843,7.760382400155067,21.09604012107849,,,
1711,1710,,,171.9896070851239,116,True,False,True,False,success,0.43514037132263184,,,ou_noise,0,884958,1759918,879959,6.61553146407522,21.062369116421404,,,
1712,1711,,,-215.1120008499729,1000,False,False,False,True,cutoff,7.5555315017700195,,,ou_noise,0,885958,1761918,880959,8.39513179886341,20.965324133872986,,,
1713,1712,,,155.3414748090952,161,True,False,True,False,success,0.4894466698169708,,,ou_noise,0,886119,1762240,881120,8.107415622065526,20.653094060672736,,,
1714,1713,,,-180.76645073400954,1000,False,False,False,True,cutoff,7.752860069274902,,,ou_noise,0,887119,1764240,882120,8.001051386356353,21.051765137672426,,,
1715,1714,,,-192.5636646276578,1000,False,False,False,True,cutoff,8.217302322387695,,,ou_noise,0,888119,1766240,883120,7.345396066606045,21.00334290599823,,,
1716,1715,,,172.84939947518643,121,True,False,True,False,success,0.4455989897251129,,,ou_noise,0,888240,1766482,883241,8.579132837697495,20.963278289668818,,,
1717,1716,,,-198.2027468237078,1000,False,False,False,True,cutoff,8.130655288696289,,,ou_noise,0,889240,1768482,884241,8.325804719626904,20.741234322547914,,,
1718,1717,,,-227.73424648589756,1000,False,False,False,True,cutoff,7.593325138092041,,,ou_noise,0,890240,1770482,885241,7.4798015782237055,20.796939670562743,,,
1719,1718,,,171.33981767831023,128,True,False,True,False,success,0.44105264544487,,,ou_noise,0,890368,1770738,885369,6.924914802890271,20.687504641711712,,,
1720,1719,,,171.86982291235987,120,True,False,True,False,success,0.4705924093723297,,,ou_noise,0,890488,1770978,885489,7.229401471217473,20.58768669764201,,,
1721,1720,,,-219.115762034435,1000,False,False,False,True,cutoff,7.925536155700684,,,ou_noise,0,891488,1772978,886489,7.65632644456625,20.60137405872345,,,
1722,1721,,,-196.52497385869583,1000,False,False,False,True,cutoff,7.554927349090576,,,ou_noise,0,892488,1774978,887489,6.919553083181381,20.376660387039184,,,
1723,1722,,,-187.3345980937782,1000,False,False,False,True,cutoff,7.749878406524658,,,ou_noise,0,893488,1776978,888489,7.8460159809589385,20.430231885910032,,,
1724,1723,,,-187.64901054181092,1000,False,False,False,True,cutoff,7.888444423675537,,,ou_noise,0,894488,1778978,889489,8.11387495881319,20.431100131988526,,,
1725,1724,,,173.08610908137484,119,True,False,True,False,success,0.40810924768447876,,,ou_noise,0,894607,1779216,889608,5.891359127369247,20.461630893354656,,,
1726,1725,,,-215.02622024045053,1000,False,False,False,True,cutoff,7.790889739990234,,,ou_noise,0,895607,1781216,890608,7.640227456450463,20.206785332679747,,,
1727,1726,,,-195.26806971847034,1000,False,False,False,True,cutoff,7.082727432250977,,,ou_noise,0,896607,1783216,891608,7.028366409540176,20.179943877220154,,,
1728,1727,,,-260.9317912867028,1000,False,False,False,True,cutoff,7.013986110687256,,,ou_noise,0,897607,1785216,892608,7.664865231335163,20.192008660316468,,,
1729,1728,,,-57.06676764847693,91,False,True,True,False,collision,3.847721576690674,,,ou_noise,0,897698,1785398,892699,8.656672450867328,19.939272125998695,,,
1730,1729,,,-199.81148520577102,1000,False,False,False,True,cutoff,7.5185227394104,,,ou_noise,0,898698,1787398,893699,7.755341252923012,20.107763856887818,,,
1731,1730,,,170.71563639922664,125,True,False,True,False,success,0.48330292105674744,,,ou_noise,0,898823,1787648,893824,7.73217137002945,20.241153213500976,,,
1732,1731,,,-218.45546733266931,1000,False,False,False,True,cutoff,7.080578804016113,,,ou_noise,0,899823,1789648,894824,6.895016037583352,20.06805322265625,,,
1733,1732,,,-260.5735101403902,1000,False,False,False,True,cutoff,8.439224243164062,,,ou_noise,0,900823,1791648,895824,7.406133433043957,20.227042231559754,,,
1734,1733,,,-234.80716969249107,1000,False,False,False,True,cutoff,6.97235631942749,,,ou_noise,0,901823,1793648,896824,7.537549223303795,20.27841266155243,,,
1735,1734,,,-213.50455090774395,1000,False,False,False,True,cutoff,7.486001968383789,,,ou_noise,0,902823,1795648,897824,6.90309930729866,20.331180614471435,,,
1736,1735,,,172.91547758128536,114,True,False,True,False,success,0.4954189658164978,,,ou_noise,0,902937,1795876,897938,8.735725487010521,20.72563147963139,,,
1737,1736,,,-230.29965155260945,1000,False,False,False,True,cutoff,6.81864070892334,,,ou_noise,0,903937,1797876,898938,7.6105747746527195,20.33913439655304,,,
1738,1737,,,172.29746647832064,114,True,False,True,False,success,0.46372169256210327,,,ou_noise,0,904051,1798104,899052,8.352985562985403,20.77303089175308,,,
1739,1738,,,172.07402750523215,119,True,False,True,False,success,0.41577452421188354,,,ou_noise,0,904170,1798342,899171,8.057600473656374,20.223043634110137,,,
1740,1739,,,-232.59761582677612,1000,False,False,False,True,cutoff,6.935177326202393,,,ou_noise,0,905170,1800342,900171,6.8321665701270105,20.465270496368408,,,
1741,1740,,,169.68335193299527,121,True,False,True,False,success,0.4846842885017395,,,ou_noise,0,905291,1800584,900292,7.887391013547409,20.347057870596892,,,
1742,1741,,,174.8486780461204,115,True,False,True,False,success,0.44661781191825867,,,ou_noise,0,905406,1800814,900407,8.477144325816113,20.725346009627632,,,
1743,1742,,,-66.58959199486486,72,False,True,True,False,collision,5.339079856872559,,,ou_noise,0,905478,1800958,900479,10.578269032968414,20.282186163796318,,,
1744,1743,,,-69.6746503502802,73,False,True,True,False,collision,5.257912635803223,,,ou_noise,0,905551,1801104,900552,9.61754298618395,19.885356850820045,,,
1745,1744,,,-196.0141234263343,1000,False,False,False,True,cutoff,6.780907154083252,,,ou_noise,0,906551,1803104,901552,7.315946386277676,20.353429711341857,,,
1746,1745,,,168.61911102044058,130,True,False,True,False,success,0.45328637957572937,,,ou_noise,0,906681,1803364,901682,7.035580938137494,20.40495601800772,,,
1747,1746,,,171.17943061888792,126,True,False,True,False,success,0.4428896903991699,,,ou_noise,0,906807,1803616,901808,8.286061659218772,20.30954234562223,,,
1748,1747,,,-281.52626856053706,828,False,True,True,False,collision,6.309321880340576,,,ou_noise,0,907635,1805272,902636,7.21236122381572,20.317692067888046,,,
1749,1748,,,-62.391801824904135,78,False,True,True,False,collision,4.466310024261475,,,ou_noise,0,907713,1805428,902714,9.860518518166664,20.074996226873154,,,
1750,1749,,,172.02609587842346,121,True,False,True,False,success,0.42078620195388794,,,ou_noise,0,907834,1805670,902835,7.025842941496983,20.029612013131135,,,
1751,1750,,,170.30660953293506,129,True,False,True,False,success,0.4358269274234772,,,ou_noise,0,907963,1805928,902964,6.063073490017144,20.202203292255255,,,
1752,1751,,,170.86219153456545,127,True,False,True,False,success,0.49469149112701416,,,ou_noise,0,908090,1806182,903091,6.503051704778446,20.21752316182054,,,
1753,1752,,,170.27936210596812,130,True,False,True,False,success,0.4880499243736267,,,ou_noise,0,908220,1806442,903221,7.059791376040532,20.292407872126653,,,
1754,1753,,,-188.2327687376435,1000,False,False,False,True,cutoff,6.803314685821533,,,ou_noise,0,909220,1808442,904221,7.044041075468064,20.228235713005066,,,
1755,1754,,,174.92466208546657,110,True,False,True,False,success,0.47528254985809326,,,ou_noise,0,909330,1808662,904331,7.1794757479971105,20.23592931574041,,,
1756,1755,,,-222.23902608798252,1000,False,False,False,True,cutoff,7.240981578826904,,,ou_noise,0,910330,1810662,905331,7.378397923052311,20.06823947238922,,,
1757,1756,,,169.28666076239804,133,True,False,True,False,success,0.43469181656837463,,,ou_noise,0,910463,1810928,905464,10.400492838002686,20.02575801189681,,,
1758,1757,,,-245.765161723772,1000,False,False,False,True,cutoff,7.077453136444092,,,ou_noise,0,911463,1812928,906464,7.31454245364666,20.08873145866394,,,
1759,1758,,,-157.55245179500267,310,False,True,True,False,collision,6.826427936553955,,,ou_noise,0,911773,1813548,906774,7.000732913132636,19.963268738408242,,,
1760,1759,,,-263.43818464519825,1000,False,False,False,True,cutoff,4.416499137878418,,,ou_noise,0,912773,1815548,907774,7.512808465480805,20.02924336338043,,,
1761,1760,,,-263.45746939841007,1000,False,False,False,True,cutoff,7.048758506774902,,,ou_noise,0,913773,1817548,908774,8.67309012132883,20.181001467704775,,,
1762,1761,,,-198.87435225691686,1000,False,False,False,True,cutoff,6.975601673126221,,,ou_noise,0,914773,1819548,909774,7.731167564272881,20.23591536617279,,,
1763,1762,,,171.11898454991336,122,True,False,True,False,success,0.4712983965873718,,,ou_noise,0,914895,1819792,909896,6.334064634119878,20.018794810185668,,,
1764,1763,,,176.54051318192225,105,True,False,True,False,success,0.4303911030292511,,,ou_noise,0,915000,1820002,910001,7.664198961712065,20.189779908316478,,,
1765,1764,,,-231.47521527469686,1000,False,False,False,True,cutoff,7.697141647338867,,,ou_noise,0,916000,1822002,911001,7.840695104002952,19.996761481285095,,,
1766,1765,,,171.4842611634634,122,True,False,True,False,success,0.4988441467285156,,,ou_noise,0,916122,1822246,911123,7.707485738836351,20.359323892437043,,,
1767,1766,,,-194.08887167960089,1000,False,False,False,True,cutoff,7.4561591148376465,,,ou_noise,0,917122,1824246,912123,8.314289266586304,20.05329927444458,,,
1768,1767,,,-245.43516817372165,1000,False,False,False,True,cutoff,4.80121374130249,,,ou_noise,0,918122,1826246,913123,8.218309642910958,20.487778738975525,,,
1769,1768,,,-255.81368698437913,1000,False,False,False,True,cutoff,6.699734210968018,,,ou_noise,0,919122,1828246,914123,8.792368952572346,20.545899553298952,,,
1770,1769,,,-198.57698994838609,1000,False,False,False,True,cutoff,8.051105499267578,,,ou_noise,0,920122,1830246,915123,7.814431731402874,20.896913038253786,,,
1771,1770,,,169.19354688945373,124,True,False,True,False,success,0.47050386667251587,,,ou_noise,0,920246,1830494,915247,7.698711378920462,20.76533762101204,,,
1772,1771,,,172.6181465234812,115,True,False,True,False,success,0.4267615079879761,,,ou_noise,0,920361,1830724,915362,9.024410734487617,21.171302024177884,,,
1773,1772,,,-203.4918449626315,1000,False,False,False,True,cutoff,6.827826023101807,,,ou_noise,0,921361,1832724,916362,8.215742944478988,21.146463212966918,,,
1774,1773,,,173.17507121038682,114,True,False,True,False,success,0.4956086575984955,,,ou_noise,0,921475,1832952,916476,7.451644592117845,21.40362771352132,,,
1775,1774,,,173.76762750035016,122,True,False,True,False,success,0.4452190101146698,,,ou_noise,0,921597,1833196,916598,8.50403828943362,21.478077294396574,,,
1776,1775,,,172.25741183167045,117,True,False,True,False,success,0.4129471182823181,,,ou_noise,0,921714,1833430,916715,11.082234737200615,21.59116802052555,,,
1777,1776,,,-212.97256788166328,1000,False,False,False,True,cutoff,6.981918811798096,,,ou_noise,0,922714,1835430,917715,8.705149759769439,21.35622389793396,,,
1778,1777,,,174.358858574316,115,True,False,True,False,success,0.45744290947914124,,,ou_noise,0,922829,1835660,917830,9.812795748917953,21.744311987835427,,,
1779,1778,,,-214.10828304439514,1000,False,False,False,True,cutoff,7.144867420196533,,,ou_noise,0,923829,1837660,918830,10.92449015712738,21.591986711502074,,,
1780,1779,,,173.48321502322636,117,True,False,True,False,success,0.4702717959880829,,,ou_noise,0,923946,1837894,918947,8.046738887444521,21.21288628048367,,,
1781,1780,,,173.65826672059052,117,True,False,True,False,success,0.4435528516769409,,,ou_noise,0,924063,1838128,919064,11.466264182685787,21.796660610753246,,,
1782,1781,,,-201.5266638797061,1000,False,False,False,True,cutoff,6.500040054321289,,,ou_noise,0,925063,1840128,920064,10.2183081908226,21.595446546554566,,,
1783,1782,,,168.7562407490368,127,True,False,True,False,success,0.4455716609954834,,,ou_noise,0,925190,1840382,920191,10.247241954165181,21.81710794403797,,,
1784,1783,,,168.61639532082262,128,True,False,True,False,success,0.45043399930000305,,,ou_noise,0,925318,1840638,920319,8.641552355606109,21.905635237693787,,,
1785,1784,,,-212.11700220382875,1000,False,False,False,True,cutoff,6.601919174194336,,,ou_noise,0,926318,1842638,921319,10.212578688144683,21.96270468902588,,,
1786,1785,,,-224.03285263942365,1000,False,False,False,True,cutoff,7.411934852600098,,,ou_noise,0,927318,1844638,922319,9.937858533740044,22.021725440979004,,,
1787,1786,,,-206.3109252373619,1000,False,False,False,True,cutoff,6.853046894073486,,,ou_noise,0,928318,1846638,923319,9.335469308674336,22.02004149246216,,,
1788,1787,,,172.71745260077006,114,True,False,True,False,success,0.4936255216598511,,,ou_noise,0,928432,1846866,923433,8.131499025905342,21.809539410105923,,,
1789,1788,,,-213.44764510504993,1000,False,False,False,True,cutoff,4.314775466918945,,,ou_noise,0,929432,1848866,924433,10.309212299823761,21.899205856323242,,,
1790,1789,,,168.9980206436474,129,True,False,True,False,success,0.41477182507514954,,,ou_noise,0,929561,1849124,924562,9.304015076437661,21.883610392725746,,,
1791,1790,,,-216.53308490260568,1000,False,False,False,True,cutoff,7.350482940673828,,,ou_noise,0,930561,1851124,925562,9.377134291291236,21.695418910980223,,,
1792,1791,,,-285.4008287125172,828,False,True,True,False,collision,7.201754093170166,,,ou_noise,0,931389,1852780,926390,8.740042894934687,21.72483647963851,,,
1793,1792,,,-202.34581520309368,1000,False,False,False,True,cutoff,7.961520671844482,,,ou_noise,0,932389,1854780,927390,8.484790242135524,21.834174362182615,,,
1794,1793,,,168.16391640925758,126,True,False,True,False,success,0.4289657771587372,,,ou_noise,0,932515,1855032,927516,8.035444608756475,22.121341251191637,,,
1795,1794,,,171.8949873670481,118,True,False,True,False,success,0.45303091406822205,,,ou_noise,0,932633,1855268,927634,6.99640635211589,21.619142015101545,,,
1796,1795,,,-208.4997627173822,1000,False,False,False,True,cutoff,7.1060791015625,,,ou_noise,0,933633,1857268,928634,8.733672108650207,21.683948307037355,,,
1797,1796,,,-95.14287367762195,171,False,True,True,False,collision,4.943775653839111,,,ou_noise,0,933804,1857610,928805,7.5100516251653255,21.44540973016393,,,
1798,1797,,,173.8371561935018,118,True,False,True,False,success,0.46124064922332764,,,ou_noise,0,933922,1857846,928923,8.36538403721179,21.626767756575244,,,
1799,1798,,,171.95898371036284,116,True,False,True,False,success,0.48469969630241394,,,ou_noise,0,934038,1858078,929039,9.838047716124304,21.56999944818431,,,
1800,1799,,,173.16637166234523,117,True,False,True,False,success,0.4715718626976013,,,ou_noise,0,934155,1858312,929156,7.785368856201824,21.530694016024597,,,
1801,1800,,,171.28167169436034,117,True,False,True,False,success,0.420772522687912,,,ou_noise,0,934272,1858546,929273,8.37963284080864,21.508805103791065,,,
1802,1801,,,172.91140592975836,118,True,False,True,False,success,0.484280526638031,,,ou_noise,0,934390,1858782,929391,8.130648003291276,21.48475722943322,,,
1803,1802,,,172.1831233912626,119,True,False,True,False,success,0.44121697545051575,,,ou_noise,0,934509,1859020,929510,9.608194003586007,21.869262326665286,,,
1804,1803,,,171.32314546772636,117,True,False,True,False,success,0.48958882689476013,,,ou_noise,0,934626,1859254,929627,7.458767153259016,21.131894739265118,,,
1805,1804,,,-200.08953809614275,1000,False,False,False,True,cutoff,7.70603609085083,,,ou_noise,0,935626,1861254,930627,8.776071348309516,21.361225646018983,,,
1806,1805,,,-270.29943826262706,1000,False,False,False,True,cutoff,7.781405925750732,,,ou_noise,0,936626,1863254,931627,8.546738177597522,21.343169412612916,,,
1807,1806,,,-216.52133755856676,1000,False,False,False,True,cutoff,7.567514896392822,,,ou_noise,0,937626,1865254,932627,8.426177074193955,21.17023055267334,,,
1808,1807,,,173.41071684320164,119,True,False,True,False,success,0.4181532859802246,,,ou_noise,0,937745,1865492,932746,7.849487155926328,21.04660207283597,,,
1809,1808,,,166.04735325595323,142,True,False,True,False,success,0.4351693391799927,,,ou_noise,0,937887,1865776,932888,7.948199167637758,20.875915688528142,,,
1810,1809,,,169.05108514371938,122,True,False,True,False,success,0.4879097640514374,,,ou_noise,0,938009,1866020,933010,9.768918875299516,21.06554247121342,,,
1811,1810,,,175.33648071103448,115,True,False,True,False,success,0.4037298262119293,,,ou_noise,0,938124,1866250,933125,9.37581746370896,21.066537392657736,,,
1812,1811,,,-202.47428122092057,1000,False,False,False,True,cutoff,6.803460597991943,,,ou_noise,0,939124,1868250,934125,7.619463350355625,21.04984995174408,,,
1813,1812,,,172.83582501608072,121,True,False,True,False,success,0.47138068079948425,,,ou_noise,0,939245,1868492,934246,7.333824563124948,20.91144022665733,,,
1814,1813,,,-210.60390228076633,1000,False,False,False,True,cutoff,7.039880752563477,,,ou_noise,0,940245,1870492,935246,8.313023298025131,20.75677744293213,,,
1815,1814,,,-220.18786085609202,635,False,True,True,False,collision,3.4645116329193115,,,ou_noise,0,940880,1871762,935881,8.022318801635832,20.658718031034695,,,
1816,1815,,,-209.63679904064486,1000,False,False,False,True,cutoff,6.881961822509766,,,ou_noise,0,941880,1873762,936881,9.114201389849185,20.772573170661925,,,
1817,1816,,,140.78612323608232,216,True,False,True,False,success,0.4467473328113556,,,ou_noise,0,942096,1874194,937097,9.423198487471652,20.651827966725385,,,
1818,1817,,,174.7221245910581,107,True,False,True,False,success,0.48341450095176697,,,ou_noise,0,942203,1874408,937204,9.017995471709243,21.153259509077696,,,
1819,1818,,,168.05232543544844,135,True,False,True,False,success,0.49889323115348816,,,ou_noise,0,942338,1874678,937339,9.915547531622428,21.349731120356807,,,
1820,1819,,,-217.86702728954552,1000,False,False,False,True,cutoff,6.952435493469238,,,ou_noise,0,943338,1876678,938339,8.139676883876323,20.92668318939209,,,
1821,1820,,,-224.53486483940728,1000,False,False,False,True,cutoff,7.148839950561523,,,ou_noise,0,944338,1878678,939339,8.183430032849312,21.048218319892882,,,
1822,1821,,,-46.845238536839965,93,False,True,True,False,collision,2.8752706050872803,,,ou_noise,0,944431,1878864,939432,6.206311715546475,21.068346208141698,,,
1823,1822,,,167.74404929251713,132,True,False,True,False,success,0.4196634888648987,,,ou_noise,0,944563,1879128,939564,9.28462885862047,21.444883837844387,,,
1824,1823,,,-214.75256020368866,1000,False,False,False,True,cutoff,6.918959140777588,,,ou_noise,0,945563,1881128,940564,8.693252769470215,21.124587113380432,,,
1825,1824,,,-181.5982623880345,1000,False,False,False,True,cutoff,7.770331859588623,,,ou_noise,0,946563,1883128,941564,8.151321072995662,21.301803455352783,,,
1826,1825,,,166.9247903850113,139,True,False,True,False,success,0.4209042489528656,,,ou_noise,0,946702,1883406,941703,9.381509951550326,21.372805657146646,,,
1827,1826,,,173.6164460962861,120,True,False,True,False,success,0.4551982581615448,,,ou_noise,0,946822,1883646,941823,9.582116378347079,21.317328381538392,,,
1828,1827,,,-200.51715522364228,1000,False,False,False,True,cutoff,7.009646892547607,,,ou_noise,0,947822,1885646,942823,8.47034412497282,21.470759002685547,,,
1829,1828,,,173.0250875642268,118,True,False,True,False,success,0.42945703864097595,,,ou_noise,0,947940,1885882,942941,10.855347780858056,21.656702672020863,,,
1830,1829,,,170.15568366332778,128,True,False,True,False,success,0.48312950134277344,,,ou_noise,0,948068,1886138,943069,7.363485824782401,21.33549538254738,,,
1831,1830,,,169.97894507632557,127,True,False,True,False,success,0.4915626645088196,,,ou_noise,0,948195,1886392,943196,7.892937044459065,21.4309601070374,,,
1832,1831,,,168.69012927578927,133,True,False,True,False,success,0.42098888754844666,,,ou_noise,0,948328,1886658,943329,6.805461674256432,21.409847144793748,,,
1833,1832,,,-302.2961238150451,1000,False,False,False,True,cutoff,8.672999382019043,,,ou_noise,0,949328,1888658,944329,9.217323839366436,21.521908430099487,,,
1834,1833,,,-232.2254591140645,1000,False,False,False,True,cutoff,7.586811065673828,,,ou_noise,0,950328,1890658,945329,8.727888860583306,21.62315061569214,,,
1835,1834,,,-57.58978315931486,77,False,True,True,False,collision,4.381181716918945,,,ou_noise,0,950405,1890812,945406,13.089659611126045,21.659479933899718,,,
1836,1835,,,-239.05568155866416,1000,False,False,False,True,cutoff,7.546535491943359,,,ou_noise,0,951405,1892812,946406,8.875628412485122,21.747919853210448,,,
1837,1836,,,-52.107859789987536,81,False,True,True,False,collision,3.7332828044891357,,,ou_noise,0,951486,1892974,946487,6.997167761679049,21.615199642416872,,,
1838,1837,,,-94.72111504193536,111,False,True,True,False,collision,6.347708702087402,,,ou_noise,0,951597,1893196,946598,7.883811007748853,21.662557997145093,,,
1839,1838,,,-158.5075011113445,250,False,True,True,False,collision,7.76134729385376,,,ou_noise,0,951847,1893696,946848,10.337440222263336,21.68556519317627,,,
1840,1839,,,174.64990473842363,120,True,False,True,False,success,0.4686695635318756,,,ou_noise,0,951967,1893936,946968,9.436035224795342,21.553225469589233,,,
1841,1840,,,173.4054836390432,111,True,False,True,False,success,0.48852506279945374,,,ou_noise,0,952078,1894158,947079,8.491613325771985,21.777388082968223,,,
1842,1841,,,165.96693420006957,138,True,False,True,False,success,0.4962439239025116,,,ou_noise,0,952216,1894434,947217,11.501665801241778,21.91310035318568,,,
1843,1842,,,173.51084880335435,119,True,False,True,False,success,0.4283536374568939,,,ou_noise,0,952335,1894672,947336,8.711784996906248,21.295308073027794,,,
1844,1843,,,167.25154855820978,128,True,False,True,False,success,0.4468933641910553,,,ou_noise,0,952463,1894928,947464,8.898988724686205,21.524666130542755,,,
1845,1844,,,-274.9645583358291,1000,False,False,False,True,cutoff,7.693821430206299,,,ou_noise,0,953463,1896928,948464,9.84276046168804,21.523979298591613,,,
1846,1845,,,171.9695556739432,120,True,False,True,False,success,0.47494813799858093,,,ou_noise,0,953583,1897168,948584,9.428053892652194,21.185771163304647,,,
1847,1846,,,171.4084210017303,123,True,False,True,False,success,0.43572232127189636,,,ou_noise,0,953706,1897414,948707,9.992211746006477,21.700710777344742,,,
1848,1847,,,171.2196221446988,127,True,False,True,False,success,0.42749354243278503,,,ou_noise,0,953833,1897668,948834,8.725008123502956,21.587361493448572,,,
1849,1848,,,-223.60707629479688,1000,False,False,False,True,cutoff,7.094635486602783,,,ou_noise,0,954833,1899668,949834,9.538435175657272,21.441715950012206,,,
1850,1849,,,-79.54950549933574,161,False,True,True,False,collision,3.9781787395477295,,,ou_noise,0,954994,1899990,949995,8.66021129100219,21.425011249802868,,,
1851,1850,,,-72.11266052126962,81,False,True,True,False,collision,5.395423412322998,,,ou_noise,0,955075,1900152,950076,13.001824106699155,21.49863655184522,,,
1852,1851,,,-252.76471454922483,1000,False,False,False,True,cutoff,7.815776824951172,,,ou_noise,0,956075,1902152,951076,9.808232086122036,21.34058157444,,,
1853,1852,,,-274.7107031960865,1000,False,False,False,True,cutoff,7.849182605743408,,,ou_noise,0,957075,1904152,952076,10.46705650317669,21.399221737861634,,,
1854,1853,,,-217.96032505884764,1000,False,False,False,True,cutoff,6.998579502105713,,,ou_noise,0,958075,1906152,953076,10.3820810688138,21.19359721183777,,,
1855,1854,,,169.4939893260999,122,True,False,True,False,success,0.4960784614086151,,,ou_noise,0,958197,1906396,953198,7.852523862338457,21.13320089559086,,,
1856,1855,,,168.3946254170281,133,True,False,True,False,success,0.48500531911849976,,,ou_noise,0,958330,1906662,953331,11.852734037359854,20.659861026849963,,,
1857,1856,,,173.84146588171976,119,True,False,True,False,success,0.42896509170532227,,,ou_noise,0,958449,1906900,953450,11.273530867921204,21.127061010408802,,,
1858,1857,,,171.07930359729642,123,True,False,True,False,success,0.4899725615978241,,,ou_noise,0,958572,1907146,953573,9.82075252474808,20.903934788897754,,,
1859,1858,,,-206.76638625256336,1000,False,False,False,True,cutoff,6.69148063659668,,,ou_noise,0,959572,1909146,954573,9.439675705492496,20.983194856643678,,,
1860,1859,,,172.1374358784616,125,True,False,True,False,success,0.4149969518184662,,,ou_noise,0,959697,1909396,954698,10.376647019386292,20.875569984436034,,,
1861,1860,,,169.32422209256202,130,True,False,True,False,success,0.4384148418903351,,,ou_noise,0,959827,1909656,954828,10.304566640120287,20.77509041566115,,,
1862,1861,,,169.85411499004516,123,True,False,True,False,success,0.44457900524139404,,,ou_noise,0,959950,1909902,954951,10.592721230615446,21.25316391921625,,,
1863,1862,,,-276.63273700295605,1000,False,False,False,True,cutoff,8.034132957458496,,,ou_noise,0,960950,1911902,955951,10.434997258722783,20.880512268066408,,,
1864,1863,,,171.4011579506875,122,True,False,True,False,success,0.4876372516155243,,,ou_noise,0,961072,1912146,956073,9.04396986814796,20.79682005428877,,,
1865,1864,,,175.68362860442986,109,True,False,True,False,success,0.46381479501724243,,,ou_noise,0,961181,1912364,956182,8.495524353937272,20.91778735939516,,,
1866,1865,,,175.08582064358592,116,True,False,True,False,success,0.4474717974662781,,,ou_noise,0,961297,1912596,956298,10.55441063334202,20.584932508139776,,,
1867,1866,,,162.07490587380838,153,True,False,True,False,success,0.43687954545021057,,,ou_noise,0,961450,1912902,956451,9.643726652354196,20.812822329452615,,,
1868,1867,,,171.75977181492942,124,True,False,True,False,success,0.48628491163253784,,,ou_noise,0,961574,1913150,956575,10.149809086515058,20.5365953599253,,,
1869,1868,,,-218.8081593025396,1000,False,False,False,True,cutoff,6.949000358581543,,,ou_noise,0,962574,1915150,957575,9.495082542181015,20.619384862899782,,,
1870,1869,,,-231.04233470598533,1000,False,False,False,True,cutoff,6.793329238891602,,,ou_noise,0,963574,1917150,958575,9.954464222729206,20.479226526260376,,,
1871,1870,,,-223.6311112098847,1000,False,False,False,True,cutoff,7.624883651733398,,,ou_noise,0,964574,1919150,959575,10.447642373144626,20.798990772247315,,,
1872,1871,,,172.05704965059732,124,True,False,True,False,success,0.4681342840194702,,,ou_noise,0,964698,1919398,959699,10.450214440303464,20.980882921526508,,,
1873,1872,,,167.80821018704836,123,True,False,True,False,success,0.4931350648403168,,,ou_noise,0,964821,1919644,959822,9.602858645160024,20.623563735465694,,,
1874,1873,,,-221.1027148055998,1000,False,False,False,True,cutoff,7.152018070220947,,,ou_noise,0,965821,1921644,960822,9.48542807394266,20.744157782554627,,,
1875,1874,,,173.39314679964446,118,True,False,True,False,success,0.4105670750141144,,,ou_noise,0,965939,1921880,960940,11.841577636993538,20.581521915177166,,,
1876,1875,,,-224.17252118920607,1000,False,False,False,True,cutoff,7.062544822692871,,,ou_noise,0,966939,1923880,961940,10.199311242580414,20.97436626148224,,,
1877,1876,,,-235.3002604881618,1000,False,False,False,True,cutoff,6.4057698249816895,,,ou_noise,0,967939,1925880,962940,9.407981306195259,21.15373051071167,,,
1878,1877,,,-240.59003137005644,1000,False,False,False,True,cutoff,7.4310832023620605,,,ou_noise,0,968939,1927880,963940,9.288399277210235,21.18610255908966,,,
1879,1878,,,170.7280543676367,124,True,False,True,False,success,0.4405357539653778,,,ou_noise,0,969063,1928128,964064,9.50380124199775,21.280394231119462,,,
1880,1879,,,168.43564041472854,140,True,False,True,False,success,0.49769285321235657,,,ou_noise,0,969203,1928408,964204,10.985819573913302,21.18291014262608,,,
1881,1880,,,172.29467461244414,122,True,False,True,False,success,0.4987013041973114,,,ou_noise,0,969325,1928652,964326,9.312974215530959,21.32404097572702,,,
1882,1881,,,168.2705995503257,129,True,False,True,False,success,0.48333311080932617,,,ou_noise,0,969454,1928910,964455,7.774445944516233,21.113628683164137,,,
1883,1882,,,163.77944149976278,133,True,False,True,False,success,0.4806174635887146,,,ou_noise,0,969587,1929176,964588,9.480131768642512,20.843167032514298,,,
1884,1883,,,174.38177501773202,121,True,False,True,False,success,0.454959899187088,,,ou_noise,0,969708,1929418,964709,9.967373568164415,21.003634839018513,,,
1885,1884,,,-226.90078429777378,1000,False,False,False,True,cutoff,7.825927257537842,,,ou_noise,0,970708,1931418,965709,9.88113152706623,21.20629435825348,,,
1886,1885,,,-210.90896007893994,1000,False,False,False,True,cutoff,6.986695766448975,,,ou_noise,0,971708,1933418,966709,9.1925175370574,21.255726444244385,,,
1887,1886,,,-228.95929918622005,1000,False,False,False,True,cutoff,7.245199680328369,,,ou_noise,0,972708,1935418,967709,9.507632674872875,21.274556025505067,,,
1888,1887,,,172.4896624000346,118,True,False,True,False,success,0.45904341340065,,,ou_noise,0,972826,1935654,967827,10.395181330583863,21.002515404911364,,,
1889,1888,,,169.85843867276463,130,True,False,True,False,success,0.4688953459262848,,,ou_noise,0,972956,1935914,967957,10.548762513124025,21.04030086810772,,,
1890,1889,,,138.21430821753972,192,True,False,True,False,success,0.4644133746623993,,,ou_noise,0,973148,1936298,968149,9.815077080391347,21.09097769856453,,,
1891,1890,,,-254.49944343303676,1000,False,False,False,True,cutoff,7.02437162399292,,,ou_noise,0,974148,1938298,969149,9.673053866624832,21.334985929489136,,,
1892,1891,,,-216.04220820885328,1000,False,False,False,True,cutoff,7.305313587188721,,,ou_noise,0,975148,1940298,970149,10.51983397334814,21.40987990283966,,,
1893,1892,,,-220.49934319829052,1000,False,False,False,True,cutoff,6.839745998382568,,,ou_noise,0,976148,1942298,971149,9.297466896355152,21.639929903030396,,,
1894,1893,,,168.98279531449515,128,True,False,True,False,success,0.4317094683647156,,,ou_noise,0,976276,1942554,971277,9.286557495594025,21.472314208745956,,,
1895,1894,,,169.2259706905146,129,True,False,True,False,success,0.44093552231788635,,,ou_noise,0,976405,1942812,971406,10.355122214139895,21.72554807145466,,,
1896,1895,,,-233.02325086414146,551,False,True,True,False,collision,7.3985514640808105,,,ou_noise,0,976956,1943914,971957,10.495846658241943,21.694956480050475,,,
1897,1896,,,173.05856775026928,116,True,False,True,False,success,0.477748841047287,,,ou_noise,0,977072,1944146,972073,9.952288966754388,21.798940379044105,,,
1898,1897,,,-269.0282545858653,773,False,True,True,False,collision,6.848714828491211,,,ou_noise,0,977845,1945692,972846,9.91029294619739,21.753703050749113,,,
1899,1898,,,165.88734346010256,132,True,False,True,False,success,0.4975476861000061,,,ou_noise,0,977977,1945956,972978,10.613114480719421,21.695639169577397,,,
1900,1899,,,176.00484864096475,108,True,False,True,False,success,0.4179961085319519,,,ou_noise,0,978085,1946172,973086,9.371904115434047,21.74300543467204,,,
1901,1900,,,-185.59961119438168,1000,False,False,False,True,cutoff,6.9560980796813965,,,ou_noise,0,979085,1948172,974086,9.95350506156683,21.940891018867493,,,
1902,1901,,,172.4334135649324,121,True,False,True,False,success,0.4341886341571808,,,ou_noise,0,979206,1948414,974207,9.737431046391322,21.753416006230125,,,
1903,1902,,,173.54184097814084,112,True,False,True,False,success,0.488063246011734,,,ou_noise,0,979318,1948638,974319,8.847500439201083,21.965658349650248,,,
1904,1903,,,173.2877871021184,120,True,False,True,False,success,0.4917411208152771,,,ou_noise,0,979438,1948878,974439,7.286700381835302,22.439506498972573,,,
1905,1904,,,172.6114785120663,121,True,False,True,False,success,0.458160936832428,,,ou_noise,0,979559,1949120,974560,9.090723369732377,21.969637122036012,,,
1906,1905,,,-238.02242161987505,1000,False,False,False,True,cutoff,6.952595233917236,,,ou_noise,0,980559,1951120,975560,9.63675512546301,21.97453005886078,,,
1907,1906,,,-219.04153924689376,1000,False,False,False,True,cutoff,7.647420883178711,,,ou_noise,0,981559,1953120,976560,8.670688066422938,21.88831723690033,,,
1908,1907,,,169.13470381145606,129,True,False,True,False,success,0.47628268599510193,,,ou_noise,0,981688,1953378,976689,10.907253172046454,21.6534239598947,,,
1909,1908,,,-256.01027863821014,1000,False,False,False,True,cutoff,7.535575866699219,,,ou_noise,0,982688,1955378,977689,9.241504738092422,22.048988874435423,,,
1910,1909,,,171.95891798024454,126,True,False,True,False,success,0.41285139322280884,,,ou_noise,0,982814,1955630,977815,10.766545336397867,22.022633022732204,,,
1911,1910,,,175.16589660911825,108,True,False,True,False,success,0.40225887298583984,,,ou_noise,0,982922,1955846,977923,9.094061357003671,21.90443683553625,,,
1912,1911,,,-189.61230383506043,1000,False,False,False,True,cutoff,7.102340221405029,,,ou_noise,0,983922,1957846,978923,10.031139504611492,22.081626377105714,,,
1913,1912,,,171.6665885996978,122,True,False,True,False,success,0.4184206426143646,,,ou_noise,0,984044,1958090,979045,8.806178021626394,22.101390604112968,,,
1914,1913,,,-222.63331510710378,1000,False,False,False,True,cutoff,6.96312141418457,,,ou_noise,0,985044,1960090,980045,8.918901187121868,22.13973879814148,,,
1915,1914,,,-89.395407379411,48,False,True,True,False,collision,7.982605934143066,,,ou_noise,0,985092,1960186,980093,9.48236002276341,21.748165607452393,,,
1916,1915,,,130.9781635053546,205,True,False,True,False,success,0.4129742681980133,,,ou_noise,0,985297,1960596,980298,9.125761870349326,22.055034851446383,,,
1917,1916,,,-287.2911407526237,1000,False,False,False,True,cutoff,3.34045672416687,,,ou_noise,0,986297,1962596,981298,9.625131190001964,22.05603438472748,,,
1918,1917,,,171.8343163123082,123,True,False,True,False,success,0.41404712200164795,,,ou_noise,0,986420,1962842,981421,7.897759693424876,21.861455359110018,,,
1919,1918,,,-219.05838065757447,1000,False,False,False,True,cutoff,7.64211368560791,,,ou_noise,0,987420,1964842,982421,9.47788216716051,22.012208409309387,,,
1920,1919,,,169.28252579031505,136,True,False,True,False,success,0.4064629375934601,,,ou_noise,0,987556,1965114,982557,10.035106464343912,21.99063949023976,,,
1921,1920,,,172.48319001028216,121,True,False,True,False,success,0.4952794015407562,,,ou_noise,0,987677,1965356,982678,8.538656785468424,22.01120040830502,,,
1922,1921,,,173.27232622246913,117,True,False,True,False,success,0.4621216654777527,,,ou_noise,0,987794,1965590,982795,10.59093715543421,21.82970943613949,,,
1923,1922,,,-221.23632219837515,1000,False,False,False,True,cutoff,7.4025559425354,,,ou_noise,0,988794,1967590,983795,8.989073019444943,21.772346988677977,,,
1924,1923,,,168.74351775479215,138,True,False,True,False,success,0.466202050447464,,,ou_noise,0,988932,1967866,983933,7.685863167479418,21.852603732675746,,,
1925,1924,,,174.01883187609678,115,True,False,True,False,success,0.44111472368240356,,,ou_noise,0,989047,1968096,984048,10.774583805125692,21.72400489475416,,,
1926,1925,,,-199.3759749790702,1000,False,False,False,True,cutoff,7.4484381675720215,,,ou_noise,0,990047,1970096,985048,9.026794144272804,21.723193845748902,,,
1927,1926,,,-215.0673126752771,1000,False,False,False,True,cutoff,7.665256023406982,,,ou_noise,0,991047,1972096,986048,9.603721154093742,21.71699580001831,,,
1928,1927,,,171.76237039908898,123,True,False,True,False,success,0.4811689853668213,,,ou_noise,0,991170,1972342,986171,9.038039192920778,21.719399917416457,,,
1929,1928,,,169.41800941274028,124,True,False,True,False,success,0.4548359215259552,,,ou_noise,0,991294,1972590,986295,11.4514395176403,21.597230188308224,,,
1930,1929,,,-212.02715123140928,1000,False,False,False,True,cutoff,7.110916614532471,,,ou_noise,0,992294,1974590,987295,9.977402384400367,21.764902567863466,,,
1931,1930,,,171.95452851983146,125,True,False,True,False,success,0.4773244261741638,,,ou_noise,0,992419,1974840,987420,7.907608668327332,21.920429489135742,,,
1932,1931,,,174.0996848300481,119,True,False,True,False,success,0.4634658098220825,,,ou_noise,0,992538,1975078,987539,9.16637865034472,21.412391750752423,,,
1933,1932,,,-220.3443585121652,1000,False,False,False,True,cutoff,7.454110145568848,,,ou_noise,0,993538,1977078,988539,9.480236994087695,21.56068938732147,,,
1934,1933,,,-225.35127345296246,1000,False,False,False,True,cutoff,7.82387113571167,,,ou_noise,0,994538,1979078,989539,9.202140804469586,21.603768292427063,,,
1935,1934,,,-223.7457048922182,1000,False,False,False,True,cutoff,7.535542964935303,,,ou_noise,0,995538,1981078,990539,9.777243303239345,21.57672784328461,,,
1936,1935,,,-272.54828063872316,1000,False,False,False,True,cutoff,4.556743621826172,,,ou_noise,0,996538,1983078,991539,9.958674878954888,21.567054210662842,,,
1937,1936,,,-212.55425056702836,1000,False,False,False,True,cutoff,7.337186336517334,,,ou_noise,0,997538,1985078,992539,10.421349167823792,21.639157460212708,,,
1938,1937,,,-216.88769524542684,1000,False,False,False,True,cutoff,7.180568218231201,,,ou_noise,0,998538,1987078,993539,10.689474724709987,21.675843766212463,,,
1939,1938,,,-299.5065178437342,797,False,True,True,False,collision,6.442091464996338,,,ou_noise,0,999335,1988672,994336,10.042595002103779,21.864885872250966,,,
1940,1939,,,161.43891345735747,151,True,False,True,False,success,0.47624439001083374,,,ou_noise,0,999486,1988974,994487,12.284308384585854,22.232549124206137,,,
1941,1940,,,172.60188823218238,118,True,False,True,False,success,0.44564205408096313,,,ou_noise,0,999604,1989210,994605,12.463987774768118,22.25843882156631,,,
1942,1941,,,-122.30424626473436,260,False,True,True,False,collision,4.805248260498047,,,ou_noise,0,999864,1989730,994865,12.999387716788512,21.908604698914747,,,
1943,1942,,,-198.59660083756654,1000,False,False,False,True,cutoff,7.219019889831543,,,ou_noise,0,1000864,1991730,995865,12.36493682551384,21.84877703666687,,,
1944,1943,,,-221.4739477229726,1000,False,False,False,True,cutoff,8.250468254089355,,,ou_noise,0,1001864,1993730,996865,11.640406238734721,22.022550992012025,,,
1945,1944,,,-207.8920987947552,1000,False,False,False,True,cutoff,6.854092121124268,,,ou_noise,0,1002864,1995730,997865,11.548120503544807,21.980356950759887,,,
1946,1945,,,173.44084888916097,126,True,False,True,False,success,0.4151274859905243,,,ou_noise,0,1002990,1995982,997991,10.153103942908938,21.884218374888103,,,
1947,1946,,,78.39159798929381,411,True,False,True,False,success,0.47046878933906555,,,ou_noise,0,1003401,1996804,998402,11.070344444609036,21.993183414431385,,,
1948,1947,,,171.32899849688343,121,True,False,True,False,success,0.48051631450653076,,,ou_noise,0,1003522,1997046,998523,11.141197805562296,22.15760689727531,,,
1949,1948,,,-215.5836116294624,1000,False,False,False,True,cutoff,7.423394203186035,,,ou_noise,0,1004522,1999046,999523,11.70894542300701,21.93149052429199,,,
1950,1949,,,172.104407215325,120,True,False,True,False,success,0.4518051743507385,,,ou_noise,0,1004642,1999286,999643,12.303203200300535,22.24803733030955,,,
1951,1950,,,169.4163376012612,123,True,False,True,False,success,0.4931240975856781,,,ou_noise,0,1004765,1999532,999766,12.21791021513745,22.27758049383396,,,
1952,1951,,,-224.20846295858288,1000,False,False,False,True,cutoff,7.1676177978515625,,,ou_noise,0,1005765,2001532,1000766,11.139043566584586,22.122011308670043,,,
1953,1952,,,20.98925972049409,619,True,False,True,False,success,0.4617336690425873,,,ou_noise,0,1006384,2002770,1001385,12.040764328351122,22.277969569882593,,,
1954,1953,,,-214.1349884809228,1000,False,False,False,True,cutoff,6.736268997192383,,,ou_noise,0,1007384,2004770,1002385,11.730000868678093,22.546185506820677,,,
1955,1954,,,171.7565736461825,121,True,False,True,False,success,0.41799256205558777,,,ou_noise,0,1007505,2005012,1002506,11.375373650188289,22.58850138640601,,,
1956,1955,,,-209.79218520988465,1000,False,False,False,True,cutoff,7.153436660766602,,,ou_noise,0,1008505,2007012,1003506,11.842547090172769,22.84496683883667,,,
1957,1956,,,-232.06146313927388,1000,False,False,False,True,cutoff,7.198202610015869,,,ou_noise,0,1009505,2009012,1004506,11.52030262374878,23.13249619293213,,,
1958,1957,,,170.08447910399516,127,True,False,True,False,success,0.4228822886943817,,,ou_noise,0,1009632,2009266,1004633,12.72028979917211,22.77531988789716,,,
1959,1958,,,-229.64205195622537,1000,False,False,False,True,cutoff,7.210465908050537,,,ou_noise,0,1010632,2011266,1005633,11.30448620557785,23.359806297302246,,,
1960,1959,,,169.39340005827546,127,True,False,True,False,success,0.4984270930290222,,,ou_noise,0,1010759,2011520,1005760,11.388819909471227,23.884193810890977,,,
1961,1960,,,161.37830728500313,152,True,False,True,False,success,0.45499205589294434,,,ou_noise,0,1010911,2011824,1005912,10.33806320711186,23.424097839154694,,,
1962,1961,,,171.94915953519387,118,True,False,True,False,success,0.4569237232208252,,,ou_noise,0,1011029,2012060,1006030,12.640142175100618,23.52924497248763,,,
1963,1962,,,-239.98296845952916,1000,False,False,False,True,cutoff,6.880892753601074,,,ou_noise,0,1012029,2014060,1007030,11.59038842844963,23.816464193344117,,,
1964,1963,,,168.67303951689894,135,True,False,True,False,success,0.4428139626979828,,,ou_noise,0,1012164,2014330,1007165,11.659226988863063,24.18091304920338,,,
1965,1964,,,171.91032455924653,117,True,False,True,False,success,0.4767032861709595,,,ou_noise,0,1012281,2014564,1007282,9.927955141434303,23.848516089284523,,,
1966,1965,,,-220.45702755393089,1000,False,False,False,True,cutoff,6.979408264160156,,,ou_noise,0,1013281,2016564,1008282,11.855094472289085,24.253098217010496,,,
1967,1966,,,171.77291145982954,120,True,False,True,False,success,0.499838650226593,,,ou_noise,0,1013401,2016804,1008402,11.12175971865654,24.093513202667236,,,
1968,1967,,,175.64193100545154,114,True,False,True,False,success,0.42094120383262634,,,ou_noise,0,1013515,2017032,1008516,11.000334333955196,24.446848919517116,,,
1969,1968,,,174.23886572033237,117,True,False,True,False,success,0.48372122645378113,,,ou_noise,0,1013632,2017266,1008633,11.208439907457075,24.521705904577534,,,
1970,1969,,,168.26054511945506,125,True,False,True,False,success,0.44699639081954956,,,ou_noise,0,1013757,2017516,1008758,12.780106123924256,24.219130493164062,,,
1971,1970,,,166.2613002557771,141,True,False,True,False,success,0.4225894510746002,,,ou_noise,0,1013898,2017798,1008899,12.93829171623744,24.32405216135877,,,
1972,1971,,,-275.08945118589577,1000,False,False,False,True,cutoff,5.937227725982666,,,ou_noise,0,1014898,2019798,1009899,13.617027502298354,24.462071983337403,,,
1973,1972,,,173.0529550029891,113,True,False,True,False,success,0.478084921836853,,,ou_noise,0,1015011,2020024,1010012,13.970082602669708,24.551486091276185,,,
1974,1973,,,152.36550612746254,184,True,False,True,False,success,0.49728941917419434,,,ou_noise,0,1015195,2020392,1010196,12.797898700703746,24.576223570367564,,,
1975,1974,,,172.45453392060327,116,True,False,True,False,success,0.480501264333725,,,ou_noise,0,1015311,2020624,1010312,13.360623464502137,24.559591819500103,,,
1976,1975,,,171.9280151514939,122,True,False,True,False,success,0.4481574594974518,,,ou_noise,0,1015433,2020868,1010434,13.026514430515101,24.65738273057781,,,
1977,1976,,,168.51606922041782,134,True,False,True,False,success,0.49059879779815674,,,ou_noise,0,1015567,2021136,1010568,12.885667673687436,24.62023528654184,,,
1978,1977,,,-230.15383064458163,1000,False,False,False,True,cutoff,7.22144889831543,,,ou_noise,0,1016567,2023136,1011568,12.941886890769005,24.73291365814209,,,
1979,1978,,,-22.16345359461218,642,True,False,True,False,success,0.4229753017425537,,,ou_noise,0,1017209,2024420,1012210,12.982322287151003,24.921913230159202,,,
1980,1979,,,-202.31506103400446,1000,False,False,False,True,cutoff,7.1457343101501465,,,ou_noise,0,1018209,2026420,1013210,14.054295822381974,25.14893375968933,,,
1981,1980,,,-208.94349208568354,1000,False,False,False,True,cutoff,7.581866264343262,,,ou_noise,0,1019209,2028420,1014210,13.568858543872834,25.13160576248169,,,
1982,1981,,,-250.95199611963108,1000,False,False,False,True,cutoff,6.691867351531982,,,ou_noise,0,1020209,2030420,1015210,12.614269385695458,25.314954330444337,,,
1983,1982,,,128.02897007717627,245,True,False,True,False,success,0.49746742844581604,,,ou_noise,0,1020454,2030910,1015455,11.276039680656122,25.12991175748864,,,
1984,1983,,,-239.33320072463772,1000,False,False,False,True,cutoff,7.6030449867248535,,,ou_noise,0,1021454,2032910,1016455,13.052432143807412,25.342015703201294,,,
1985,1984,,,-234.89352006456826,1000,False,False,False,True,cutoff,6.88777494430542,,,ou_noise,0,1022454,2034910,1017455,12.626353237986566,25.162561775207518,,,
1986,1985,,,-215.8165395865529,1000,False,False,False,True,cutoff,7.906434059143066,,,ou_noise,0,1023454,2036910,1018455,12.37297812449932,25.117353021621703,,,
1987,1986,,,-231.98147619567268,1000,False,False,False,True,cutoff,7.903076171875,,,ou_noise,0,1024454,2038910,1019455,12.103106553196907,25.286822370529176,,,
1988,1987,,,-224.61478754600626,1000,False,False,False,True,cutoff,7.804563999176025,,,ou_noise,0,1025454,2040910,1020455,11.875459729433059,25.142632915496826,,,
1989,1988,,,-250.90450685831448,1000,False,False,False,True,cutoff,5.775624752044678,,,ou_noise,0,1026454,2042910,1021455,12.523234689593314,25.023970598220824,,,
1990,1989,,,-230.68919867190593,1000,False,False,False,True,cutoff,7.724349498748779,,,ou_noise,0,1027454,2044910,1022455,12.312839648365975,25.221381755828858,,,
1991,1990,,,170.29503640467703,133,True,False,True,False,success,0.44532686471939087,,,ou_noise,0,1027587,2045176,1022588,12.151632132386803,25.207383478494513,,,
1992,1991,,,171.23280066246525,123,True,False,True,False,success,0.4543423652648926,,,ou_noise,0,1027710,2045422,1022711,12.72150625058306,25.18397044360153,,,
1993,1992,,,-225.77621268415282,1000,False,False,False,True,cutoff,7.943443775177002,,,ou_noise,0,1028710,2047422,1023711,12.453957625627517,25.159057970046998,,,
1994,1993,,,175.13129888376068,111,True,False,True,False,success,0.4378317594528198,,,ou_noise,0,1028821,2047644,1023822,13.662349605345511,25.1524438256616,,,
1995,1994,,,172.04480517060702,116,True,False,True,False,success,0.4444018006324768,,,ou_noise,0,1028937,2047876,1023938,15.811011727513938,25.381429770897174,,,
1996,1995,,,172.01284344779026,121,True,False,True,False,success,0.4727480113506317,,,ou_noise,0,1029058,2048118,1024059,13.82820572340784,25.210415784977684,,,
1997,1996,,,170.88304490818683,123,True,False,True,False,success,0.45274341106414795,,,ou_noise,0,1029181,2048364,1024182,12.95144887280658,25.053255112190556,,,
1998,1997,,,171.16079261953715,121,True,False,True,False,success,0.46327292919158936,,,ou_noise,0,1029302,2048606,1024303,12.945384948706824,25.159409672760766,,,
1999,1998,,,174.99202741760107,109,True,False,True,False,success,0.4359973967075348,,,ou_noise,0,1029411,2048824,1024412,11.741876524522764,25.260585364945438,,,
2000,1999,,,158.76777378856826,164,True,False,True,False,success,0.45049992203712463,,,ou_noise,0,1029575,2049152,1024576,13.315462938169153,24.84048436909187,,,
2001,2000,,,165.65889592174028,138,True,False,True,False,success,0.41296178102493286,,,ou_noise,0,1029713,2049428,1024714,12.683100413585056,25.31779430223548,,,
2002,2001,,,171.61002219926252,122,True,False,True,False,success,0.4718710482120514,,,ou_noise,0,1029835,2049672,1024836,13.654273441580475,25.15767472689269,,,
2003,2002,,,174.7654571230642,115,True,False,True,False,success,0.4619353711605072,,,ou_noise,0,1029950,2049902,1024951,15.302775215065997,25.11992368283479,,,
2004,2003,,,-193.80846413782692,1000,False,False,False,True,cutoff,7.45523738861084,,,ou_noise,0,1030950,2051902,1025951,13.094997898459434,24.9529524269104,,,
2005,2004,,,-262.4348080665419,1000,False,False,False,True,cutoff,7.403692245483398,,,ou_noise,0,1031950,2053902,1026951,14.012276074886323,25.119234334945677,,,
2006,2005,,,172.05316052863208,117,True,False,True,False,success,0.4225480258464813,,,ou_noise,0,1032067,2054136,1027068,14.58264114917853,24.953493183494633,,,
2007,2006,,,172.29028435593943,121,True,False,True,False,success,0.4510331153869629,,,ou_noise,0,1032188,2054378,1027189,14.090756398587187,25.47373963978665,,,
2008,2007,,,173.07257046318944,116,True,False,True,False,success,0.43172773718833923,,,ou_noise,0,1032304,2054610,1027305,14.129243912367984,25.17239187503683,,,
2009,2008,,,170.23836222125982,133,True,False,True,False,success,0.439413845539093,,,ou_noise,0,1032437,2054876,1027438,14.174619233697877,24.94661309665307,,,
2010,2009,,,-206.9664645384424,1000,False,False,False,True,cutoff,7.507292747497559,,,ou_noise,0,1033437,2056876,1028438,14.032762792825698,24.97327055358887,,,
2011,2010,,,-234.1694466091198,1000,False,False,False,True,cutoff,7.160587310791016,,,ou_noise,0,1034437,2058876,1029438,13.522081808447838,25.15564109992981,,,
2012,2011,,,170.57453515950903,121,True,False,True,False,success,0.4392866790294647,,,ou_noise,0,1034558,2059118,1029559,15.389461921266287,25.064225551510646,,,
2013,2012,,,-241.65411144414398,1000,False,False,False,True,cutoff,6.904021739959717,,,ou_noise,0,1035558,2061118,1030559,13.712124594807625,25.28354991722107,,,
2014,2013,,,-244.11985510293553,1000,False,False,False,True,cutoff,7.362090587615967,,,ou_noise,0,1036558,2063118,1031559,13.63685479080677,25.211712213516236,,,
2015,2014,,,157.70622868979683,164,True,False,True,False,success,0.4450903832912445,,,ou_noise,0,1036722,2063446,1031723,13.532968372833437,25.29730009451145,,,
2016,2015,,,169.1409337848546,129,True,False,True,False,success,0.4593391418457031,,,ou_noise,0,1036851,2063704,1031852,15.334519965704096,25.478946345721106,,,
2017,2016,,,167.01190099180567,130,True,False,True,False,success,0.4019221365451813,,,ou_noise,0,1036981,2063964,1031982,15.09652617436189,25.45507090641902,,,
2018,2017,,,166.2439254716503,134,True,False,True,False,success,0.4878841042518616,,,ou_noise,0,1037115,2064232,1032116,13.413939596112094,25.42415677255659,,,
2019,2018,,,174.5367109477325,111,True,False,True,False,success,0.43164506554603577,,,ou_noise,0,1037226,2064454,1032227,14.423649081238755,25.194989762864672,,,
2020,2019,,,-238.6324117940401,1000,False,False,False,True,cutoff,6.928404331207275,,,ou_noise,0,1038226,2066454,1033227,14.363372934103012,25.157600574493408,,,
2021,2020,,,172.1353517012422,121,True,False,True,False,success,0.46677741408348083,,,ou_noise,0,1038347,2066696,1033348,14.90870530349164,25.419143850153144,,,
2022,2021,,,172.56764277809788,115,True,False,True,False,success,0.4518534243106842,,,ou_noise,0,1038462,2066926,1033463,14.927629914491073,25.102466666180156,,,
2023,2022,,,-284.4282685486378,752,False,True,True,False,collision,6.255429267883301,,,ou_noise,0,1039214,2068430,1034215,14.499124720058543,25.314817715198437,,,
2024,2023,,,-169.9138082113542,351,False,True,True,False,collision,6.808307647705078,,,ou_noise,0,1039565,2069132,1034566,14.541336280667883,25.33242316395469,,,
2025,2024,,,65.5466623353835,499,True,False,True,False,success,0.4195862412452698,,,ou_noise,0,1040064,2070130,1035065,14.890380669213489,25.482523820682136,,,
2026,2025,,,-95.6956285575681,30,False,True,True,False,collision,8.778467178344727,,,ou_noise,0,1040094,2070190,1035095,13.011904541651408,25.63886286417643,,,
2027,2026,,,-272.43151539632225,1000,False,False,False,True,cutoff,8.976106643676758,,,ou_noise,0,1041094,2072190,1036095,14.536172614097595,25.39484091758728,,,
2028,2027,,,-79.36251712319628,52,False,True,True,False,collision,6.964447021484375,,,ou_noise,0,1041146,2072294,1036147,15.918300821230961,25.43142417760996,,,
2029,2028,,,-214.03601424759455,1000,False,False,False,True,cutoff,7.184326171875,,,ou_noise,0,1042146,2074294,1037147,14.608538977265358,25.545662544250487,,,
2030,2029,,,171.28339618137935,122,True,False,True,False,success,0.4435514509677887,,,ou_noise,0,1042268,2074538,1037269,14.523998238024165,25.676744273451508,,,
2031,2030,,,-193.1119769330875,1000,False,False,False,True,cutoff,7.202898025512695,,,ou_noise,0,1043268,2076538,1038269,14.730371894598008,25.62515715408325,,,
2032,2031,,,-208.16254556038547,1000,False,False,False,True,cutoff,6.769783020019531,,,ou_noise,0,1044268,2078538,1039269,14.520446699500084,25.820023162841796,,,
2033,2032,,,170.61066621305042,123,True,False,True,False,success,0.47195783257484436,,,ou_noise,0,1044391,2078784,1039392,16.13760135619621,25.92351697906246,,,
2034,2033,,,-227.86136902356816,1000,False,False,False,True,cutoff,7.684424877166748,,,ou_noise,0,1045391,2080784,1040392,14.384544236302375,26.084047946929932,,,
2035,2034,,,-232.52333927491756,1000,False,False,False,True,cutoff,8.135793685913086,,,ou_noise,0,1046391,2082784,1041392,14.021207213044166,26.241635765075685,,,
2036,2035,,,-219.54076343351704,1000,False,False,False,True,cutoff,7.21021842956543,,,ou_noise,0,1047391,2084784,1042392,14.450285479784013,26.314890211105347,,,
2037,2036,,,171.72259619486053,118,True,False,True,False,success,0.45904362201690674,,,ou_noise,0,1047509,2085020,1042510,15.50081188395872,26.07472579762087,,,
2038,2037,,,144.41064560198382,225,True,False,True,False,success,0.4735027253627777,,,ou_noise,0,1047734,2085470,1042735,15.27686241891649,26.39719770643446,,,
2039,2038,,,168.88962111856392,138,True,False,True,False,success,0.4682944715023041,,,ou_noise,0,1047872,2085746,1042873,15.461598111235578,26.232601566591125,,,
2040,2039,,,172.8898627811832,119,True,False,True,False,success,0.41951876878738403,,,ou_noise,0,1047991,2085984,1042992,14.900644396533485,26.379492623465403,,,
2041,2040,,,-54.65689595271612,93,False,True,True,False,collision,3.4388270378112793,,,ou_noise,0,1048084,2086170,1043085,18.632289978765673,26.02713361350439,,,
2042,2041,,,170.12587881708527,124,True,False,True,False,success,0.4014168977737427,,,ou_noise,0,1048208,2086418,1043209,16.608061924096077,26.356918842561782,,,
2043,2042,,,170.10270491441628,124,True,False,True,False,success,0.4980102479457855,,,ou_noise,0,1048332,2086666,1043333,15.692037568938348,26.49726798457484,,,
2044,2043,,,168.97421591877708,130,True,False,True,False,success,0.46460115909576416,,,ou_noise,0,1048462,2086926,1043463,15.468840059867272,25.862998170119067,,,
2045,2044,,,169.36407088846028,127,True,False,True,False,success,0.44754576683044434,,,ou_noise,0,1048589,2087180,1043590,14.343967063220466,26.025939641036388,,,
2046,2045,,,-77.29035243062513,122,False,True,True,False,collision,4.677942752838135,,,ou_noise,0,1048711,2087424,1043712,14.908671818795751,26.144786537670697,,,
2047,2046,,,-200.910983763446,1000,False,False,False,True,cutoff,4.36310338973999,,,ou_noise,0,1049711,2089424,1044712,15.909472859978676,26.16596375274658,,,
2048,2047,,,170.37500294644968,121,True,False,True,False,success,0.4808502197265625,,,ou_noise,0,1049832,2089666,1044833,15.081728797313595,25.94401843488709,,,
2049,2048,,,-235.0084233837006,1000,False,False,False,True,cutoff,2.967589855194092,,,ou_noise,0,1050832,2091666,1045833,15.580114564776421,26.076071504592896,,,
2050,2049,,,-215.92591915948364,1000,False,False,False,True,cutoff,7.1906538009643555,,,ou_noise,0,1051832,2093666,1046833,15.51074338209629,26.031041049957274,,,
2051,2050,,,172.99358275667032,120,True,False,True,False,success,0.4203760623931885,,,ou_noise,0,1051952,2093906,1046953,13.49506317973137,26.4647532304128,,,
2052,2051,,,-77.52364214893277,155,False,True,True,False,collision,3.6995389461517334,,,ou_noise,0,1052107,2094216,1047108,13.54394428345465,26.169064355665636,,,
2053,2052,,,-203.2573842819298,1000,False,False,False,True,cutoff,7.5296735763549805,,,ou_noise,0,1053107,2096216,1048108,16.28601282095909,26.271750661849975,,,
2054,2053,,,169.88259003647215,119,True,False,True,False,success,0.4860118329524994,,,ou_noise,0,1053226,2096454,1048227,17.265817101262197,26.509657915900736,,,
2055,2054,,,166.55946652304794,130,True,False,True,False,success,0.48722827434539795,,,ou_noise,0,1053356,2096714,1048357,13.928342278187092,26.114550531827486,,,
2056,2055,,,171.61503865484286,122,True,False,True,False,success,0.4425584077835083,,,ou_noise,0,1053478,2096958,1048479,15.644443787512232,25.93778145899538,,,
2057,2056,,,-223.0829312932955,1000,False,False,False,True,cutoff,8.981300354003906,,,ou_noise,0,1054478,2098958,1049479,15.435440875530244,26.14518650817871,,,
2058,2057,,,172.54495229199898,118,True,False,True,False,success,0.44357332587242126,,,ou_noise,0,1054596,2099194,1049597,18.279263694407575,26.3910547676733,,,
2059,2058,,,173.84748837749305,108,True,False,True,False,success,0.4503474831581116,,,ou_noise,0,1054704,2099410,1049705,16.208672669198776,26.22950711073699,,,
2060,2059,,,-266.76882531006174,1000,False,False,False,True,cutoff,8.975130081176758,,,ou_noise,0,1055704,2101410,1050705,16.355503781795502,26.255922981262206,,,
2061,2060,,,173.82976755748797,114,True,False,True,False,success,0.44963380694389343,,,ou_noise,0,1055818,2101638,1050819,18.543895382630197,26.145013558237178,,,
2062,2061,,,-205.0007041512578,1000,False,False,False,True,cutoff,6.763911724090576,,,ou_noise,0,1056818,2103638,1051819,15.889386433959007,26.151576219558716,,,
2063,2062,,,172.65975032886755,118,True,False,True,False,success,0.47333353757858276,,,ou_noise,0,1056936,2103874,1051937,14.36215101460279,26.311673713942707,,,
2064,2063,,,-205.47655294264965,1000,False,False,False,True,cutoff,6.680830001831055,,,ou_noise,0,1057936,2105874,1052937,16.100093410730363,26.02670885848999,,,
2065,2064,,,171.90192428193177,113,True,False,True,False,success,0.4659045934677124,,,ou_noise,0,1058049,2106100,1053050,17.709834539784794,25.783115775184292,,,
2066,2065,,,150.88344606763428,187,True,False,True,False,success,0.48417434096336365,,,ou_noise,0,1058236,2106474,1053237,16.45855897760646,25.98704016782383,,,
2067,2066,,,-224.3062568971752,1000,False,False,False,True,cutoff,6.820865154266357,,,ou_noise,0,1059236,2108474,1054237,15.047202873826027,25.955000734329225,,,
2068,2067,,,168.58542266734736,129,True,False,True,False,success,0.46693143248558044,,,ou_noise,0,1059365,2108732,1054366,13.42593893154647,25.970748738725057,,,
2069,2068,,,170.27844078461442,119,True,False,True,False,success,0.46311506628990173,,,ou_noise,0,1059484,2108970,1054485,13.025194306333526,26.080808094569615,,,
2070,2069,,,-222.33939584746685,1000,False,False,False,True,cutoff,7.297918319702148,,,ou_noise,0,1060484,2110970,1055485,13.788424413919449,26.02204818344116,,,
2071,2070,,,-212.07901256114596,1000,False,False,False,True,cutoff,7.221611976623535,,,ou_noise,0,1061484,2112970,1056485,13.54867931342125,26.185637140274046,,,
2072,2071,,,170.8629250160166,118,True,False,True,False,success,0.4993613362312317,,,ou_noise,0,1061602,2113206,1056603,12.26692039481664,26.060868457212287,,,
2073,2072,,,-227.0721712176533,1000,False,False,False,True,cutoff,7.461123466491699,,,ou_noise,0,1062602,2115206,1057603,13.098895848631859,26.122657417297365,,,
2074,2073,,,168.38247680306796,136,True,False,True,False,success,0.46952253580093384,,,ou_noise,0,1062738,2115478,1057739,12.953282946172882,25.94548773765564,,,
2075,2074,,,-219.20373879858263,1000,False,False,False,True,cutoff,7.497246742248535,,,ou_noise,0,1063738,2117478,1058739,13.312028965473175,26.017238117218017,,,
2076,2075,,,170.28307202387975,124,True,False,True,False,success,0.4766130745410919,,,ou_noise,0,1063862,2117726,1058863,11.641344123309658,25.904302089445054,,,
2077,2076,,,-225.2103591622081,1000,False,False,False,True,cutoff,6.987858295440674,,,ou_noise,0,1064862,2119726,1059863,13.640693414449691,25.959828426361085,,,
2078,2077,,,170.18703466707,123,True,False,True,False,success,0.4923226535320282,,,ou_noise,0,1064985,2119972,1059986,13.64733909882181,26.203342127606152,,,
2079,2078,,,170.39598817541662,118,True,False,True,False,success,0.4474196135997772,,,ou_noise,0,1065103,2120208,1060104,14.038946832640697,26.032505067728334,,,
2080,2079,,,167.43128339939724,136,True,False,True,False,success,0.49873462319374084,,,ou_noise,0,1065239,2120480,1060240,14.732577579862932,25.91083745395436,,,
2081,2080,,,-226.15653719757594,1000,False,False,False,True,cutoff,6.752208709716797,,,ou_noise,0,1066239,2122480,1061240,13.787739737987518,25.891176277160646,,,
2082,2081,,,-189.40513539028967,1000,False,False,False,True,cutoff,7.597381591796875,,,ou_noise,0,1067239,2124480,1062240,13.817927112340927,25.796647327423095,,,
2083,2082,,,169.37146902538422,122,True,False,True,False,success,0.45239150524139404,,,ou_noise,0,1067361,2124724,1062362,14.590207664692988,25.80647584258533,,,
2084,2083,,,166.7397242737451,137,True,False,True,False,success,0.42852646112442017,,,ou_noise,0,1067498,2124998,1062499,14.34710113497546,26.024261878354707,,,
2085,2084,,,166.23924891550865,140,True,False,True,False,success,0.43031641840934753,,,ou_noise,0,1067638,2125278,1062639,13.941388556786945,25.831696142469134,,,
2086,2085,,,169.56179397169956,127,True,False,True,False,success,0.46315324306488037,,,ou_noise,0,1067765,2125532,1062766,15.774601215452659,25.55045075303926,,,
2087,2086,,,-224.29698337230326,1000,False,False,False,True,cutoff,7.396648406982422,,,ou_noise,0,1068765,2127532,1063766,13.449552891254426,25.727632926940917,,,
2088,2087,,,173.20762413928898,108,True,False,True,False,success,0.4184090197086334,,,ou_noise,0,1068873,2127748,1063874,12.393623310106772,25.9636197619968,,,
2089,2088,,,-227.32549676745597,1000,False,False,False,True,cutoff,6.572964191436768,,,ou_noise,0,1069873,2129748,1064874,12.78338719367981,25.700130193710326,,,
2090,2089,,,-217.2169959565052,1000,False,False,False,True,cutoff,7.12011194229126,,,ou_noise,0,1070873,2131748,1065874,13.776585064053535,25.694095539093016,,,
2091,2090,,,167.45749521650635,139,True,False,True,False,success,0.47582513093948364,,,ou_noise,0,1071012,2132026,1066013,13.022444254202808,25.58109618262421,,,
2092,2091,,,-244.855266976733,1000,False,False,False,True,cutoff,7.579253673553467,,,ou_noise,0,1072012,2134026,1067013,13.02603760266304,25.554410764694214,,,
2093,2092,,,173.20977196574597,117,True,False,True,False,success,0.4533155858516693,,,ou_noise,0,1072129,2134260,1067130,14.728236754735311,25.56841793223324,,,
2094,2093,,,172.23901951864832,119,True,False,True,False,success,0.47350013256073,,,ou_noise,0,1072248,2134498,1067249,14.89750232315865,25.565365494800215,,,
2095,2094,,,-217.80018469587395,590,False,True,True,False,collision,6.383838176727295,,,ou_noise,0,1072838,2135678,1067839,13.681210034378504,25.55336762767727,,,
2096,2095,,,-271.34318359805206,851,False,True,True,False,collision,3.069174289703369,,,ou_noise,0,1073689,2137380,1068690,14.976886035412655,25.43152275040623,,,
2097,2096,,,-210.18070155041173,1000,False,False,False,True,cutoff,7.413543701171875,,,ou_noise,0,1074689,2139380,1069690,15.544767894864082,25.67718361854553,,,
2098,2097,,,-243.85539535645265,1000,False,False,False,True,cutoff,7.826019287109375,,,ou_noise,0,1075689,2141380,1070690,16.65710093808174,25.771446426391602,,,
2099,2098,,,173.0159158518464,118,True,False,True,False,success,0.4611707925796509,,,ou_noise,0,1075807,2141616,1070808,15.92110039420047,25.820445561813095,,,
2100,2099,,,171.1446956218403,116,True,False,True,False,success,0.49348658323287964,,,ou_noise,0,1075923,2141848,1070924,14.932386182505509,25.72294044494629,,,
2101,2100,,,-208.24899735144598,1000,False,False,False,True,cutoff,7.600575923919678,,,ou_noise,0,1076923,2143848,1071924,15.363214077949523,25.886610471725465,,,
2102,2101,,,-223.3629083927164,1000,False,False,False,True,cutoff,7.225822448730469,,,ou_noise,0,1077923,2145848,1072924,14.178795536518097,25.929946868896483,,,
2103,2102,,,-204.09641990797147,1000,False,False,False,True,cutoff,7.313521385192871,,,ou_noise,0,1078923,2147848,1073924,13.295344807624817,26.091612884521485,,,
2104,2103,,,169.69211967480308,125,True,False,True,False,success,0.4760584831237793,,,ou_noise,0,1079048,2148098,1074049,14.225694728851318,26.33045523071289,,,
2105,2104,,,169.41589451901393,120,True,False,True,False,success,0.4185236394405365,,,ou_noise,0,1079168,2148338,1074169,13.787272081772487,26.110000578562417,,,
2106,2105,,,107.48599729587853,322,True,False,True,False,success,0.44167202711105347,,,ou_noise,0,1079490,2148982,1074491,13.118704314557663,26.0745849609375,,,
2107,2106,,,167.04546294680364,140,True,False,True,False,success,0.4962731897830963,,,ou_noise,0,1079630,2149262,1074631,14.042859825066158,25.978611850738524,,,
2108,2107,,,-218.84808415505765,1000,False,False,False,True,cutoff,7.4001641273498535,,,ou_noise,0,1080630,2151262,1075631,13.62173512530327,26.109075271606446,,,
2109,2108,,,169.94900463213344,128,True,False,True,False,success,0.4822932183742523,,,ou_noise,0,1080758,2151518,1075759,13.155869049951434,26.053786739706993,,,
2110,2109,,,-230.71229473867692,1000,False,False,False,True,cutoff,6.995102405548096,,,ou_noise,0,1081758,2153518,1076759,12.777837455272675,26.04091442680359,,,
2111,2110,,,170.35121566677356,121,True,False,True,False,success,0.49708420038223267,,,ou_noise,0,1081879,2153760,1076880,12.962122506346585,25.83389517098419,,,
2112,2111,,,164.30006789039822,144,True,False,True,False,success,0.49698469042778015,,,ou_noise,0,1082023,2154048,1077024,14.59214533203178,26.03811162047916,,,
2113,2112,,,-215.0726068660797,1000,False,False,False,True,cutoff,7.418528079986572,,,ou_noise,0,1083023,2156048,1078024,12.521250004649163,25.96398705291748,,,
2114,2113,,,172.97100052924404,117,True,False,True,False,success,0.44254231452941895,,,ou_noise,0,1083140,2156282,1078141,11.045113960901896,26.062896255753998,,,
2115,2114,,,168.10856152960434,127,True,False,True,False,success,0.4740321934223175,,,ou_noise,0,1083267,2156536,1078268,12.8804822512499,25.711304521936132,,,
2116,2115,,,171.37334802403947,118,True,False,True,False,success,0.4981417655944824,,,ou_noise,0,1083385,2156772,1078386,12.868597608501629,25.900405010934602,,,
2117,2116,,,-93.79377365377448,236,False,True,True,False,collision,3.0546817779541016,,,ou_noise,0,1083621,2157244,1078622,11.703334328481706,26.09583417439865,,,
2118,2117,,,-223.44534051511118,1000,False,False,False,True,cutoff,7.438275337219238,,,ou_noise,0,1084621,2159244,1079622,13.174503100395203,25.911671333312988,,,
2119,2118,,,-226.35275799986545,1000,False,False,False,True,cutoff,6.841959476470947,,,ou_noise,0,1085621,2161244,1080622,13.04091751408577,26.069362337112427,,,
2120,2119,,,-235.50420280097248,1000,False,False,False,True,cutoff,7.571866512298584,,,ou_noise,0,1086621,2163244,1081622,12.647222916483878,25.965186220169066,,,
2121,2120,,,-208.55181529275407,1000,False,False,False,True,cutoff,7.409024715423584,,,ou_noise,0,1087621,2165244,1082622,12.07805550968647,25.97756492805481,,,
2122,2121,,,167.24074492406208,132,True,False,True,False,success,0.4553470015525818,,,ou_noise,0,1087753,2165508,1082754,13.933012512597172,26.0564253691471,,,
2123,2122,,,170.23321580521434,122,True,False,True,False,success,0.49134013056755066,,,ou_noise,0,1087875,2165752,1082876,11.779377630499543,26.05579077611204,,,
2124,2123,,,-204.78201297992376,1000,False,False,False,True,cutoff,7.272982120513916,,,ou_noise,0,1088875,2167752,1083876,11.991614753365516,25.93314309692383,,,
2125,2124,,,170.4292107926987,115,True,False,True,False,success,0.4776632785797119,,,ou_noise,0,1088990,2167982,1083991,12.3893697137418,26.224657937754756,,,
2126,2125,,,-225.772243349414,1000,False,False,False,True,cutoff,7.275478839874268,,,ou_noise,0,1089990,2169982,1084991,12.00093422150612,25.760428884506226,,,
2127,2126,,,-220.83181194136296,1000,False,False,False,True,cutoff,7.564675807952881,,,ou_noise,0,1090990,2171982,1085991,11.937333786725999,25.704199928283693,,,
2128,2127,,,169.49260349683024,118,True,False,True,False,success,0.4861069917678833,,,ou_noise,0,1091108,2172218,1086109,10.962729719735808,25.339393987494,,,
2129,2128,,,170.92972610975036,117,True,False,True,False,success,0.4806416928768158,,,ou_noise,0,1091225,2172452,1086226,11.266413050839025,25.943988800048828,,,
2130,2129,,,175.25733732062983,113,True,False,True,False,success,0.4343450367450714,,,ou_noise,0,1091338,2172678,1086339,11.65207014885624,25.616062636924,,,
2131,2130,,,-267.769636603377,1000,False,False,False,True,cutoff,8.62801742553711,,,ou_noise,0,1092338,2174678,1087339,12.28150342130661,25.454000225067137,,,
2132,2131,,,-226.25700490317027,1000,False,False,False,True,cutoff,7.063276290893555,,,ou_noise,0,1093338,2176678,1088339,12.187913801670074,25.461593521118164,,,
2133,2132,,,169.26912595198434,126,True,False,True,False,success,0.4202737808227539,,,ou_noise,0,1093464,2176930,1088465,12.725973987390125,25.32420701829214,,,
2134,2133,,,-199.32841412361964,1000,False,False,False,True,cutoff,6.927563190460205,,,ou_noise,0,1094464,2178930,1089465,11.506062558293342,25.444772829055786,,,
2135,2134,,,172.9344057423908,114,True,False,True,False,success,0.4063091278076172,,,ou_noise,0,1094578,2179158,1089579,14.424640147309555,25.205091727407353,,,
2136,2135,,,-64.00797609817623,114,False,True,True,False,collision,3.7627627849578857,,,ou_noise,0,1094692,2179386,1089693,11.507538241252565,25.516780250950863,,,
2137,2136,,,171.3381339245111,120,True,False,True,False,success,0.4976745843887329,,,ou_noise,0,1094812,2179626,1089813,11.996205189824105,25.71234173774719,,,
2138,2137,,,-210.67094849155026,1000,False,False,False,True,cutoff,7.007967472076416,,,ou_noise,0,1095812,2181626,1090813,11.64036282479763,25.46142984199524,,,
2139,2138,,,-225.49666189684626,1000,False,False,False,True,cutoff,7.434048175811768,,,ou_noise,0,1096812,2183626,1091813,12.045769157767296,25.435236742019654,,,
2140,2139,,,171.62205832089572,132,True,False,True,False,success,0.45618659257888794,,,ou_noise,0,1096944,2183890,1091945,12.809338041327216,25.855496406555176,,,
2141,2140,,,-223.03618015904442,1000,False,False,False,True,cutoff,7.458216667175293,,,ou_noise,0,1097944,2185890,1092945,12.336964275240899,25.799964057922363,,,
2142,2141,,,-218.42777950764273,1000,False,False,False,True,cutoff,7.4172444343566895,,,ou_noise,0,1098944,2187890,1093945,12.660981835961342,25.80156938743591,,,
2143,2142,,,-215.3356598548413,1000,False,False,False,True,cutoff,7.3449201583862305,,,ou_noise,0,1099944,2189890,1094945,12.516077824234962,25.760843914031984,,,
2144,2143,,,-230.16163326693953,1000,False,False,False,True,cutoff,4.740846157073975,,,ou_noise,0,1100944,2191890,1095945,13.62563010418415,25.742603481292726,,,
2145,2144,,,-192.80708348687554,1000,False,False,False,True,cutoff,7.06535530090332,,,ou_noise,0,1101944,2193890,1096945,13.995395760655404,25.788679166793823,,,
2146,2145,,,163.6674083674493,154,True,False,True,False,success,0.45319512486457825,,,ou_noise,0,1102098,2194198,1097099,12.744998215080855,25.803307260785783,,,
2147,2146,,,-228.8899098648864,1000,False,False,False,True,cutoff,7.455578327178955,,,ou_noise,0,1103098,2196198,1098099,14.299255171060562,25.747345920562744,,,
2148,2147,,,-217.4457910289686,1000,False,False,False,True,cutoff,7.231414318084717,,,ou_noise,0,1104098,2198198,1099099,14.507872292399407,25.891669897079467,,,
2149,2148,,,-328.0231318111476,1000,False,False,False,True,cutoff,7.145580291748047,,,ou_noise,0,1105098,2200198,1100099,13.650873139977454,26.05874045372009,,,
2150,2149,,,-188.65486743061706,1000,False,False,False,True,cutoff,7.279477596282959,,,ou_noise,0,1106098,2202198,1101099,14.03738520526886,26.155311590194703,,,
2151,2150,,,173.09835681869268,121,True,False,True,False,success,0.4126264154911041,,,ou_noise,0,1106219,2202440,1101220,15.869032353409066,26.064015033816503,,,
2152,2151,,,166.9026042971907,131,True,False,True,False,success,0.41035041213035583,,,ou_noise,0,1106350,2202702,1101351,16.216331321774547,26.07270373278902,,,
2153,2152,,,-230.15197102356976,1000,False,False,False,True,cutoff,2.8893542289733887,,,ou_noise,0,1107350,2204702,1102351,17.301859882950783,25.91725916481018,,,
2154,2153,,,-257.6473277262659,1000,False,False,False,True,cutoff,6.433567523956299,,,ou_noise,0,1108350,2206702,1103351,18.549809680938722,26.114732524871826,,,
2155,2154,,,167.75781934893334,125,True,False,True,False,success,0.49441543221473694,,,ou_noise,0,1108475,2206952,1103476,19.0415387840271,26.606050033569336,,,
2156,2155,,,-226.96603932442213,671,False,True,True,False,collision,7.425988674163818,,,ou_noise,0,1109146,2208294,1104147,18.633599763833285,26.388612929115354,,,
2157,2156,,,171.38473943190178,120,True,False,True,False,success,0.4797889292240143,,,ou_noise,0,1109266,2208534,1104267,19.603829903403916,26.262293942769368,,,
2158,2157,,,172.5693035969352,111,True,False,True,False,success,0.46147724986076355,,,ou_noise,0,1109377,2208756,1104378,18.99553056665369,26.524907034796637,,,
2159,2158,,,-223.92495082568036,1000,False,False,False,True,cutoff,7.10877799987793,,,ou_noise,0,1110377,2210756,1105378,19.396847012758254,26.684027700424195,,,
2160,2159,,,-200.29178444632706,1000,False,False,False,True,cutoff,7.348331451416016,,,ou_noise,0,1111377,2212756,1106378,20.10412334942818,27.099062810897827,,,
2161,2160,,,170.2940463120813,121,True,False,True,False,success,0.45700395107269287,,,ou_noise,0,1111498,2212998,1106499,21.77037502320345,27.406783285219806,,,
2162,2161,,,175.41018892455008,110,True,False,True,False,success,0.4961155951023102,,,ou_noise,0,1111608,2213218,1106609,20.8912305875258,27.363402037187058,,,
2163,2162,,,-195.76320958262275,1000,False,False,False,True,cutoff,7.383487224578857,,,ou_noise,0,1112608,2215218,1107609,19.516942226886748,27.376100759506226,,,
2164,2163,,,170.80737881309514,122,True,False,True,False,success,0.44961315393447876,,,ou_noise,0,1112730,2215462,1107731,19.455010208927217,27.813864004416544,,,
2165,2164,,,-309.52792749762284,920,False,True,True,False,collision,7.125669956207275,,,ou_noise,0,1113650,2217302,1108651,20.885882439950237,27.52179315815801,,,
2166,2165,,,138.02501310678164,228,True,False,True,False,success,0.41154107451438904,,,ou_noise,0,1113878,2217758,1108879,22.746078496439416,27.730438558678877,,,
2167,2166,,,-188.4132844314597,496,False,True,True,False,collision,6.402953147888184,,,ou_noise,0,1114374,2218750,1109375,22.214412743045436,27.70957387262775,,,
2168,2167,,,-99.62863101272939,8,False,True,True,False,collision,10.056573867797852,,,ou_noise,0,1114382,2218766,1109383,28.36017793416977,27.279181241989136,,,
2169,2168,,,171.56612191186724,123,True,False,True,False,success,0.47786927223205566,,,ou_noise,0,1114505,2219012,1109506,21.57457794018877,27.86596085773251,,,
2170,2169,,,174.8579189006939,119,True,False,True,False,success,0.4429255723953247,,,ou_noise,0,1114624,2219250,1109625,20.88306819290674,27.814270211868926,,,
2171,2170,,,-202.7609715597922,1000,False,False,False,True,cutoff,4.399519443511963,,,ou_noise,0,1115624,2221250,1110625,20.2529230799675,28.036847330093384,,,
2172,2171,,,167.52827893051784,127,True,False,True,False,success,0.4991413652896881,,,ou_noise,0,1115751,2221504,1110752,18.039187281150518,28.411246517511803,,,
2173,2172,,,-69.78245618284708,93,False,True,True,False,collision,4.535051345825195,,,ou_noise,0,1115844,2221690,1110845,20.928203585327314,27.777223710090883,,,
2174,2173,,,167.14597678185385,135,True,False,True,False,success,0.4744702875614166,,,ou_noise,0,1115979,2221960,1110980,17.72208330542953,28.037148595739293,,,
2175,2174,,,170.03641660211997,124,True,False,True,False,success,0.47050631046295166,,,ou_noise,0,1116103,2222208,1111104,20.09626136095293,27.797325072749967,,,
2176,2175,,,-211.64674914265532,1000,False,False,False,True,cutoff,7.348504543304443,,,ou_noise,0,1117103,2224208,1112104,17.120779080390932,27.889143997192384,,,
2177,2176,,,166.2437466725745,136,True,False,True,False,success,0.47206202149391174,,,ou_noise,0,1117239,2224480,1112240,17.543240483192836,27.859736723058365,,,
2178,2177,,,-205.73262923237837,1000,False,False,False,True,cutoff,7.713701248168945,,,ou_noise,0,1118239,2226480,1113240,16.595838187217712,27.715124004364014,,,
2179,2178,,,-242.27955172077927,1000,False,False,False,True,cutoff,7.53533411026001,,,ou_noise,0,1119239,2228480,1114240,15.601779807329178,27.507520359039308,,,
2180,2179,,,-210.40649751176656,1000,False,False,False,True,cutoff,7.534738540649414,,,ou_noise,0,1120239,2230480,1115240,15.962866545438766,27.535401403427123,,,
2181,2180,,,-213.12429084368387,1000,False,False,False,True,cutoff,7.150869369506836,,,ou_noise,0,1121239,2232480,1116240,15.535107403993607,27.289451671600343,,,
2182,2181,,,-199.27005974233785,1000,False,False,False,True,cutoff,7.511749267578125,,,ou_noise,0,1122239,2234480,1117240,14.882383846521378,27.04634493637085,,,
2183,2182,,,170.2822463617268,124,True,False,True,False,success,0.48804304003715515,,,ou_noise,0,1122363,2234728,1117364,15.725121844199396,26.946455001831055,,,
2184,2183,,,-186.57350712311955,1000,False,False,False,True,cutoff,7.371026515960693,,,ou_noise,0,1123363,2236728,1118364,15.0813570728302,26.803868907928468,,,
2185,2184,,,-199.21434464165577,1000,False,False,False,True,cutoff,7.421431064605713,,,ou_noise,0,1124363,2238728,1119364,15.331220343112946,26.693324285507202,,,
2186,2185,,,137.26673405134966,215,True,False,True,False,success,0.4270816445350647,,,ou_noise,0,1124578,2239158,1119579,16.99359045472256,26.707949908944062,,,
2187,2186,,,-185.6993506101307,1000,False,False,False,True,cutoff,7.740740776062012,,,ou_noise,0,1125578,2241158,1120579,14.439588847994804,26.55206593132019,,,
2188,2187,,,-217.39239221372517,1000,False,False,False,True,cutoff,7.6968255043029785,,,ou_noise,0,1126578,2243158,1121579,14.331208923578263,26.38563345336914,,,
2189,2188,,,-197.5076607418347,1000,False,False,False,True,cutoff,7.261508941650391,,,ou_noise,0,1127578,2245158,1122579,13.844486537575722,26.34420453262329,,,
2190,2189,,,170.19323929198708,121,True,False,True,False,success,0.4825234115123749,,,ou_noise,0,1127699,2245400,1122700,13.782009705039096,26.246900936788762,,,
2191,2190,,,169.1572641824634,135,True,False,True,False,success,0.470141738653183,,,ou_noise,0,1127834,2245670,1122835,14.422003752213937,26.504628033108183,,,
2192,2191,,,-188.15234742125557,1000,False,False,False,True,cutoff,7.665377140045166,,,ou_noise,0,1128834,2247670,1123835,14.448101380944252,26.148201635360717,,,
2193,2192,,,-198.8710485037265,1000,False,False,False,True,cutoff,7.635056018829346,,,ou_noise,0,1129834,2249670,1124835,14.86959542632103,26.057185649871826,,,
2194,2193,,,170.26471273959848,127,True,False,True,False,success,0.4491765797138214,,,ou_noise,0,1129961,2249924,1124962,13.155363020934457,26.31152845367672,,,
2195,2194,,,173.01292353394803,119,True,False,True,False,success,0.4496239125728607,,,ou_noise,0,1130080,2250162,1125081,13.73138980905549,26.02704921690356,,,
2196,2195,,,167.21678001507976,135,True,False,True,False,success,0.4447920024394989,,,ou_noise,0,1130215,2250432,1125216,13.496105433393408,25.968906430844907,,,
2197,2196,,,173.9617984095081,118,True,False,True,False,success,0.47442424297332764,,,ou_noise,0,1130333,2250668,1125334,14.020741318242024,26.294358447446662,,,
2198,2197,,,170.65156039825038,120,True,False,True,False,success,0.48684075474739075,,,ou_noise,0,1130453,2250908,1125454,15.086782658100129,25.866661675771077,,,
2199,2198,,,169.04857904825883,131,True,False,True,False,success,0.4615371525287628,,,ou_noise,0,1130584,2251170,1125585,13.696058009417003,25.854012496598806,,,
2200,2199,,,-70.85288553769415,84,False,True,True,False,collision,5.290419578552246,,,ou_noise,0,1130668,2251338,1125669,14.060473671981267,26.03264111564273,,,
2201,2200,,,169.3928119692859,128,True,False,True,False,success,0.42523083090782166,,,ou_noise,0,1130796,2251594,1125797,12.837883746251464,25.69768361747265,,,
2202,2201,,,169.49326751256382,132,True,False,True,False,success,0.48920077085494995,,,ou_noise,0,1130928,2251858,1125929,14.13187972162709,25.688285379698783,,,
2203,2202,,,168.83187065902672,138,True,False,True,False,success,0.4332358241081238,,,ou_noise,0,1131066,2252134,1126067,15.353690933490146,25.75518670289413,,,
2204,2203,,,-184.63080835564745,1000,False,False,False,True,cutoff,7.811484336853027,,,ou_noise,0,1132066,2254134,1127067,14.755855591058731,25.675247495651245,,,
2205,2204,,,119.40215381270032,308,True,False,True,False,success,0.49547475576400757,,,ou_noise,0,1132374,2254750,1127375,14.790491150958198,25.64506819960359,,,
2206,2205,,,170.0206379716791,125,True,False,True,False,success,0.4693151116371155,,,ou_noise,0,1132499,2255000,1127500,13.841913686752319,25.606382720947266,,,
2207,2206,,,168.7518262636484,124,True,False,True,False,success,0.41404402256011963,,,ou_noise,0,1132623,2255248,1127624,13.658999558418028,25.363397890521632,,,
2208,2207,,,170.67018722974706,121,True,False,True,False,success,0.4931228458881378,,,ou_noise,0,1132744,2255490,1127745,15.865366715045015,25.373375112360176,,,
2209,2208,,,171.71370965571955,121,True,False,True,False,success,0.4425564110279083,,,ou_noise,0,1132865,2255732,1127866,13.636774532065903,25.405426466760556,,,
2210,2209,,,-187.24989173416105,1000,False,False,False,True,cutoff,7.5947465896606445,,,ou_noise,0,1133865,2257732,1128866,14.372538405656815,25.51333003616333,,,
2211,2210,,,172.13590484791297,114,True,False,True,False,success,0.4372134208679199,,,ou_noise,0,1133979,2257960,1128980,14.749776752371536,25.398251884861995,,,
2212,2211,,,169.11074261842586,130,True,False,True,False,success,0.4107891619205475,,,ou_noise,0,1134109,2258220,1129110,13.959290110147917,25.41120262145996,,,
2213,2212,,,175.03032538915002,114,True,False,True,False,success,0.4778554439544678,,,ou_noise,0,1134223,2258448,1129224,15.363151411215464,25.574311072366278,,,
2214,2213,,,-83.40310630116016,43,False,True,True,False,collision,7.367708206176758,,,ou_noise,0,1134266,2258534,1129267,14.16563111127809,26.096277813578762,,,
2215,2214,,,-197.52830152866872,1000,False,False,False,True,cutoff,7.76013708114624,,,ou_noise,0,1135266,2260534,1130267,15.15241112112999,25.38172861480713,,,
2216,2215,,,173.59524995995042,115,True,False,True,False,success,0.46684619784355164,,,ou_noise,0,1135381,2260764,1130382,14.157732796669006,25.089365436719813,,,
2217,2216,,,167.59709284861242,128,True,False,True,False,success,0.4738215208053589,,,ou_noise,0,1135509,2261020,1130510,15.498876973986626,25.380125522613525,,,
2218,2217,,,169.0090803622722,131,True,False,True,False,success,0.48396745324134827,,,ou_noise,0,1135640,2261282,1130641,15.453417506836752,25.211489058632885,,,
2219,2218,,,-230.52102441331053,1000,False,False,False,True,cutoff,7.531476020812988,,,ou_noise,0,1136640,2263282,1131641,15.742250164866448,25.301861177444458,,,
2220,2219,,,168.84991558536964,125,True,False,True,False,success,0.43764635920524597,,,ou_noise,0,1136765,2263532,1131766,16.663304502487183,25.3084415435791,,,
2221,2220,,,113.96443943135515,380,True,False,True,False,success,0.490468293428421,,,ou_noise,0,1137145,2264292,1132146,15.57457846622718,25.29845273369237,,,
2222,2221,,,168.64495767422545,131,True,False,True,False,success,0.4351779520511627,,,ou_noise,0,1137276,2264554,1132277,15.078102987231189,25.225586359737484,,,
2223,2222,,,-185.7313188251628,1000,False,False,False,True,cutoff,7.538389682769775,,,ou_noise,0,1138276,2266554,1133277,16.41144658768177,25.251801137924193,,,
2224,2223,,,-233.48050337197918,1000,False,False,False,True,cutoff,6.735128402709961,,,ou_noise,0,1139276,2268554,1134277,15.695011099338531,25.135081657409668,,,
2225,2224,,,165.80501362345942,134,True,False,True,False,success,0.4892827570438385,,,ou_noise,0,1139410,2268822,1134411,15.314822725395658,24.989647936465136,,,
2226,2225,,,-214.44393952536814,1000,False,False,False,True,cutoff,7.34060001373291,,,ou_noise,0,1140410,2270822,1135411,16.37944748222828,25.128722806930543,,,
2227,2226,,,169.86770720646422,123,True,False,True,False,success,0.4896164536476135,,,ou_noise,0,1140533,2271068,1135534,16.206660613781068,25.25535574191954,,,
2228,2227,,,161.46524791711175,160,True,False,True,False,success,0.4836045801639557,,,ou_noise,0,1140693,2271388,1135694,16.42776959091425,25.202902936935423,,,
2229,2228,,,169.71198521164342,124,True,False,True,False,success,0.4452643096446991,,,ou_noise,0,1140817,2271636,1135818,15.906968880084253,25.191720162668535,,,
2230,2229,,,-217.3641102411975,1000,False,False,False,True,cutoff,7.37327766418457,,,ou_noise,0,1141817,2273636,1136818,16.869581305265427,24.988036487579347,,,
2231,2230,,,168.2116812599674,132,True,False,True,False,success,0.4864289462566376,,,ou_noise,0,1141949,2273900,1136950,16.615570212855484,25.033037893699877,,,
2232,2231,,,170.86789942795917,119,True,False,True,False,success,0.4481397569179535,,,ou_noise,0,1142068,2274138,1137069,17.21890906526261,25.13819122314453,,,
2233,2232,,,167.32652383138463,120,True,False,True,False,success,0.4253968596458435,,,ou_noise,0,1142188,2274378,1137189,17.242157236735025,25.031625684102377,,,
2234,2233,,,-227.1642809463743,1000,False,False,False,True,cutoff,6.802171230316162,,,ou_noise,0,1143188,2276378,1138189,18.140675572633743,24.906107805252073,,,
2235,2234,,,-218.02924324979787,1000,False,False,False,True,cutoff,8.223213195800781,,,ou_noise,0,1144188,2278378,1139189,18.661973692417146,25.029620544433595,,,
2236,2235,,,169.7786614217141,127,True,False,True,False,success,0.4726993441581726,,,ou_noise,0,1144315,2278632,1139316,21.126017842705796,25.37095922935666,,,
2237,2236,,,-208.27251214302976,1000,False,False,False,True,cutoff,7.5123419761657715,,,ou_noise,0,1145315,2280632,1140316,19.897362107157708,25.195110427856445,,,
2238,2237,,,172.94754191628056,121,True,False,True,False,success,0.40582749247550964,,,ou_noise,0,1145436,2280874,1140437,21.13617737825252,24.928813792457266,,,
2239,2238,,,167.9077947109604,132,True,False,True,False,success,0.452244371175766,,,ou_noise,0,1145568,2281138,1140569,21.63520418875145,25.372796029755563,,,
2240,2239,,,171.46856203316207,116,True,False,True,False,success,0.47323086857795715,,,ou_noise,0,1145684,2281370,1140685,20.738851687003827,25.197735506912757,,,
2241,2240,,,167.97942230595135,131,True,False,True,False,success,0.4077645540237427,,,ou_noise,0,1145815,2281632,1140816,21.210031036202235,25.44663366652627,,,
2242,2241,,,163.59910475163025,136,True,False,True,False,success,0.40108972787857056,,,ou_noise,0,1145951,2281904,1140952,21.010452435297125,25.067652071223538,,,
2243,2242,,,174.4871510324599,113,True,False,True,False,success,0.469043493270874,,,ou_noise,0,1146064,2282130,1141065,19.507749479428856,25.24052854554843,,,
2244,2243,,,-207.16628817274568,1000,False,False,False,True,cutoff,7.4445366859436035,,,ou_noise,0,1147064,2284130,1142065,20.96158496451378,25.318436723709105,,,
2245,2244,,,169.44817966300027,125,True,False,True,False,success,0.4729374349117279,,,ou_noise,0,1147189,2284380,1142190,18.65248847579956,25.342406036376953,,,
2246,2245,,,171.87828138688567,114,True,False,True,False,success,0.4962080717086792,,,ou_noise,0,1147303,2284608,1142304,20.899615235495986,25.430669734352513,,,
2247,2246,,,-299.3348108746563,1000,False,False,False,True,cutoff,7.852865219116211,,,ou_noise,0,1148303,2286608,1143304,17.695612406015396,25.580203596115112,,,
2248,2247,,,-222.48976350723737,1000,False,False,False,True,cutoff,7.388689041137695,,,ou_noise,0,1149303,2288608,1144304,15.735639708042145,25.54139284133911,,,
2249,2248,,,169.0547761439978,133,True,False,True,False,success,0.4694302976131439,,,ou_noise,0,1149436,2288874,1144437,15.959522586119803,25.572557678796294,,,
2250,2249,,,170.7315159650795,121,True,False,True,False,success,0.45577335357666016,,,ou_noise,0,1149557,2289116,1144558,15.960348911521848,25.948266856926534,,,
2251,2250,,,-208.74361972304513,1000,False,False,False,True,cutoff,7.160545825958252,,,ou_noise,0,1150557,2291116,1145558,15.972766652584076,25.474675172805785,,,
2252,2251,,,175.39644016332363,111,True,False,True,False,success,0.4078255295753479,,,ou_noise,0,1150668,2291338,1145669,16.751610792434967,25.203079086166245,,,
2253,2252,,,-220.99746818359245,1000,False,False,False,True,cutoff,7.486163139343262,,,ou_noise,0,1151668,2293338,1146669,15.339041359424591,25.439085563659667,,,
2254,2253,,,-199.37851356066474,1000,False,False,False,True,cutoff,8.296090126037598,,,ou_noise,0,1152668,2295338,1147669,16.085919511556625,25.666394695281983,,,
2255,2254,,,-223.04517642394904,1000,False,False,False,True,cutoff,7.110260963439941,,,ou_noise,0,1153668,2297338,1148669,17.252697076082228,25.64879658317566,,,
2256,2255,,,-207.34198710116345,1000,False,False,False,True,cutoff,7.1132426261901855,,,ou_noise,0,1154668,2299338,1149669,18.301976051807404,25.74578388404846,,,
2257,2256,,,170.59378523954433,128,True,False,True,False,success,0.481047660112381,,,ou_noise,0,1154796,2299594,1149797,18.562330216169357,25.799018293619156,,,
2258,2257,,,170.20904733785835,119,True,False,True,False,success,0.4687899649143219,,,ou_noise,0,1154915,2299832,1149916,18.61776099285158,25.785266780051863,,,
2259,2258,,,-207.68101697519992,1000,False,False,False,True,cutoff,7.357504844665527,,,ou_noise,0,1155915,2301832,1150916,18.92929090356827,25.811610057830812,,,
2260,2259,,,169.77992440671193,124,True,False,True,False,success,0.4385353922843933,,,ou_noise,0,1156039,2302080,1151040,19.315559591016463,25.504519554876513,,,
2261,2260,,,-209.1189483111698,1000,False,False,False,True,cutoff,7.2209062576293945,,,ou_noise,0,1157039,2304080,1152040,18.502223235368728,25.772975551605224,,,
2262,2261,,,139.982712237026,234,True,False,True,False,success,0.42152684926986694,,,ou_noise,0,1157273,2304548,1152274,16.98688020869198,25.768549454517853,,,
2263,2262,,,156.52757108386882,173,True,False,True,False,success,0.4531609117984772,,,ou_noise,0,1157446,2304894,1152447,16.84489665417313,25.56134793937551,,,
2264,2263,,,169.35819279338642,127,True,False,True,False,success,0.48738524317741394,,,ou_noise,0,1157573,2305148,1152574,17.526403222497056,25.587425952821267,,,
2265,2264,,,169.03606812709376,122,True,False,True,False,success,0.4898878037929535,,,ou_noise,0,1157695,2305392,1152696,17.926935786106547,25.697035883293776,,,
2266,2265,,,-215.00905385750363,1000,False,False,False,True,cutoff,6.973300933837891,,,ou_noise,0,1158695,2307392,1153696,17.210734531879424,25.668787601470946,,,
2267,2266,,,173.6906514747044,117,True,False,True,False,success,0.42948776483535767,,,ou_noise,0,1158812,2307626,1153813,20.29177267327268,25.759023340339336,,,
2268,2267,,,169.90047085078857,128,True,False,True,False,success,0.432293176651001,,,ou_noise,0,1158940,2307882,1153941,18.658836347982287,25.74435257911682,,,
2269,2268,,,172.33941568747758,117,True,False,True,False,success,0.4603050947189331,,,ou_noise,0,1159057,2308116,1154058,18.181199805349365,25.900816208276993,,,
2270,2269,,,-202.2424513597184,1000,False,False,False,True,cutoff,7.175558567047119,,,ou_noise,0,1160057,2310116,1155058,17.321025976538657,25.65487587738037,,,
2271,2270,,,-206.45338773702275,1000,False,False,False,True,cutoff,7.693459510803223,,,ou_noise,0,1161057,2312116,1156058,18.091066803216933,25.502541994094848,,,
2272,2271,,,167.79328291073563,133,True,False,True,False,success,0.4538852870464325,,,ou_noise,0,1161190,2312382,1156191,16.323404358741932,25.40173962241725,,,
2273,2272,,,-210.97951699834687,1000,False,False,False,True,cutoff,6.502165794372559,,,ou_noise,0,1162190,2314382,1157191,16.72149553692341,25.509027362823485,,,
2274,2273,,,171.8554832411611,121,True,False,True,False,success,0.4047989845275879,,,ou_noise,0,1162311,2314624,1157312,16.49367203200159,25.3654156834626,,,
2275,2274,,,170.9470577434692,116,True,False,True,False,success,0.43988171219825745,,,ou_noise,0,1162427,2314856,1157428,17.057911589227874,25.433993882146375,,,
2276,2275,,,-36.81568632143657,105,False,True,True,False,collision,1.6512227058410645,,,ou_noise,0,1162532,2315066,1157533,16.903921763102215,25.248812248593286,,,
2277,2276,,,-201.99118984789237,1000,False,False,False,True,cutoff,7.1903581619262695,,,ou_noise,0,1163532,2317066,1158533,17.310103989124297,25.152454164505006,,,
2278,2277,,,168.34380364705845,138,True,False,True,False,success,0.47818437218666077,,,ou_noise,0,1163670,2317342,1158671,16.362196106841598,24.968315096868984,,,
2279,2278,,,166.03465142396817,140,True,False,True,False,success,0.4138320982456207,,,ou_noise,0,1163810,2317622,1158811,17.798814024244034,25.13970652988979,,,
2280,2279,,,174.86450254774158,109,True,False,True,False,success,0.4074779748916626,,,ou_noise,0,1163919,2317840,1158920,17.979675717310073,24.80703850842397,,,
2281,2280,,,-214.390126833196,1000,False,False,False,True,cutoff,7.1560959815979,,,ou_noise,0,1164919,2319840,1159920,17.509109740614893,25.0039737739563,,,
2282,2281,,,-206.27022696162524,1000,False,False,False,True,cutoff,7.982154369354248,,,ou_noise,0,1165919,2321840,1160920,17.53391182923317,24.872767433166505,,,
2283,2282,,,171.03123907296276,126,True,False,True,False,success,0.45398956537246704,,,ou_noise,0,1166045,2322092,1161046,18.279591753369285,24.699924574957954,,,
2284,2283,,,171.10805156011457,119,True,False,True,False,success,0.49748969078063965,,,ou_noise,0,1166164,2322330,1161165,16.366556714562808,24.775240970258952,,,
2285,2284,,,-107.29757429670104,207,False,True,True,False,collision,5.450362205505371,,,ou_noise,0,1166371,2322744,1161372,17.964706418594876,24.835490821064383,,,
2286,2285,,,-215.91936928693406,1000,False,False,False,True,cutoff,7.812594890594482,,,ou_noise,0,1167371,2324744,1162372,17.581181385040285,24.66759868812561,,,
2287,2286,,,-227.96330909092288,1000,False,False,False,True,cutoff,7.595398426055908,,,ou_noise,0,1168371,2326744,1163372,16.571379435300827,24.515046842575074,,,
2288,2287,,,-217.73516706950858,1000,False,False,False,True,cutoff,7.267211437225342,,,ou_noise,0,1169371,2328744,1164372,16.295184505462647,24.265893379211427,,,
2289,2288,,,-202.6308208596858,1000,False,False,False,True,cutoff,7.927566051483154,,,ou_noise,0,1170371,2330744,1165372,16.302260233521462,24.264889347076416,,,
2290,2289,,,-205.77147960136347,1000,False,False,False,True,cutoff,5.570741176605225,,,ou_noise,0,1171371,2332744,1166372,16.296062154054642,24.170548404693605,,,
2291,2290,,,-204.94651436192123,1000,False,False,False,True,cutoff,7.219878196716309,,,ou_noise,0,1172371,2334744,1167372,16.758053770065306,24.15637410926819,,,
2292,2291,,,-221.51947194016483,1000,False,False,False,True,cutoff,7.843136310577393,,,ou_noise,0,1173371,2336744,1168372,16.22063480472565,24.115220531463624,,,
2293,2292,,,-208.66903472460135,1000,False,False,False,True,cutoff,7.487288475036621,,,ou_noise,0,1174371,2338744,1169372,16.44209207844734,24.203008794784544,,,
2294,2293,,,-227.56328965595375,1000,False,False,False,True,cutoff,7.1399827003479,,,ou_noise,0,1175371,2340744,1170372,16.01095018172264,24.102225580215453,,,
2295,2294,,,129.66190440523985,256,True,False,True,False,success,0.41040441393852234,,,ou_noise,0,1175627,2341256,1170628,17.43078526854515,24.12885020673275,,,
2296,2295,,,168.76600148571845,128,True,False,True,False,success,0.41981241106987,,,ou_noise,0,1175755,2341512,1170756,18.072038827463984,23.931482285261154,,,
2297,2296,,,-61.171581378217326,136,False,True,True,False,collision,3.2789037227630615,,,ou_noise,0,1175891,2341784,1170892,16.47320456715191,24.041019327500287,,,
2298,2297,,,168.06637781094707,129,True,False,True,False,success,0.44602370262145996,,,ou_noise,0,1176020,2342042,1171021,16.602961224178934,23.740521053935208,,,
2299,2298,,,167.32788124946237,132,True,False,True,False,success,0.4886796474456787,,,ou_noise,0,1176152,2342306,1171153,17.580272996064387,23.736528035366174,,,
2300,2299,,,-200.66204469491709,1000,False,False,False,True,cutoff,7.251750946044922,,,ou_noise,0,1177152,2344306,1172153,17.592234516382216,23.881625679016114,,,
2301,2300,,,172.1018027885059,119,True,False,True,False,success,0.4710959494113922,,,ou_noise,0,1177271,2344544,1172272,16.647986750642794,23.73216239544524,,,
2302,2301,,,168.13890789069563,131,True,False,True,False,success,0.4451972246170044,,,ou_noise,0,1177402,2344806,1172403,15.572604159362443,23.350031583363773,,,
2303,2302,,,171.00571626439068,122,True,False,True,False,success,0.44274577498435974,,,ou_noise,0,1177524,2345050,1172525,18.82098286855416,23.890258179336296,,,
2304,2303,,,171.6439049399592,119,True,False,True,False,success,0.4134554862976074,,,ou_noise,0,1177643,2345288,1172644,16.17457939596737,23.56731908461627,,,
2305,2304,,,-276.9287925680944,1000,False,False,False,True,cutoff,8.517705917358398,,,ou_noise,0,1178643,2347288,1173644,16.599928636312484,23.519904695510863,,,
2306,2305,,,-213.50412304195095,1000,False,False,False,True,cutoff,7.346643924713135,,,ou_noise,0,1179643,2349288,1174644,16.142874762892724,23.550470024108886,,,
2307,2306,,,157.1992795674529,168,True,False,True,False,success,0.42055046558380127,,,ou_noise,0,1179811,2349624,1174812,15.720653627599988,23.71542561621893,,,
2308,2307,,,-213.3477086041186,1000,False,False,False,True,cutoff,7.150726318359375,,,ou_noise,0,1180811,2351624,1175812,16.17605947637558,23.57608045578003,,,
2309,2308,,,168.8410765111147,123,True,False,True,False,success,0.4779163599014282,,,ou_noise,0,1180934,2351870,1175935,15.209175309514611,23.553170506547136,,,
2310,2309,,,167.2943585878051,136,True,False,True,False,success,0.45520955324172974,,,ou_noise,0,1181070,2352142,1176071,15.388363235137042,23.78465192458209,,,
2311,2310,,,165.10925134493493,139,True,False,True,False,success,0.4770337641239166,,,ou_noise,0,1181209,2352420,1176210,18.230961827065446,23.496408188085763,,,
2312,2311,,,-207.72942218375096,1000,False,False,False,True,cutoff,7.069833755493164,,,ou_noise,0,1182209,2354420,1177210,16.309403295755388,23.61866691303253,,,
2313,2312,,,-66.68685459298416,118,False,True,True,False,collision,4.207649230957031,,,ou_noise,0,1182327,2354656,1177328,17.671971650446874,23.8441860554582,,,
2314,2313,,,-217.15359972516262,1000,False,False,False,True,cutoff,7.101451873779297,,,ou_noise,0,1183327,2356656,1178328,17.053055193662644,23.736086866378784,,,
2315,2314,,,-215.96356671279818,1000,False,False,False,True,cutoff,6.825079441070557,,,ou_noise,0,1184327,2358656,1179328,16.35781589245796,23.55952398109436,,,
2316,2315,,,-209.8092569150925,1000,False,False,False,True,cutoff,7.201991558074951,,,ou_noise,0,1185327,2360656,1180328,17.036467247486115,23.831518007278444,,,
2317,2316,,,173.00333369204952,118,True,False,True,False,success,0.49182453751564026,,,ou_noise,0,1185445,2360892,1180446,15.849258639044681,23.984655962151997,,,
2318,2317,,,171.7158276425032,122,True,False,True,False,success,0.4851846396923065,,,ou_noise,0,1185567,2361136,1180568,14.224695031760168,23.800328098359657,,,
2319,2318,,,172.1876738051887,119,True,False,True,False,success,0.4370867908000946,,,ou_noise,0,1185686,2361374,1180687,15.949456327101764,23.59605191334957,,,
2320,2319,,,127.12407069891775,243,True,False,True,False,success,0.46180200576782227,,,ou_noise,0,1185929,2361860,1180930,15.91228887769911,23.65731408076031,,,
2321,2320,,,-182.59784521794458,1000,False,False,False,True,cutoff,6.914729118347168,,,ou_noise,0,1186929,2363860,1181930,15.732636357784271,23.562633167266846,,,
2322,2321,,,-206.91411612265313,1000,False,False,False,True,cutoff,7.722445964813232,,,ou_noise,0,1187929,2365860,1182930,16.23159109711647,23.526639209747316,,,
2323,2322,,,-228.30312651893414,1000,False,False,False,True,cutoff,5.908735752105713,,,ou_noise,0,1188929,2367860,1183930,16.31702678155899,23.44805179977417,,,
2324,2323,,,-207.9578863121745,1000,False,False,False,True,cutoff,7.305165767669678,,,ou_noise,0,1189929,2369860,1184930,15.801777451395989,23.451617710113524,,,
2325,2324,,,149.1682540142401,184,True,False,True,False,success,0.4121975004673004,,,ou_noise,0,1190113,2370228,1185114,14.591516510300014,23.36265434389529,,,
2326,2325,,,-205.37991010335134,1000,False,False,False,True,cutoff,5.473201751708984,,,ou_noise,0,1191113,2372228,1186114,15.328766721248627,23.638780055999757,,,
2327,2326,,,171.75759319094328,121,True,False,True,False,success,0.4482695460319519,,,ou_noise,0,1191234,2372470,1186235,17.512527057947207,23.787863849608367,,,
2328,2327,,,169.8745029046554,127,True,False,True,False,success,0.482261061668396,,,ou_noise,0,1191361,2372724,1186362,16.189324790098535,23.695587263332577,,,
2329,2328,,,118.63266104915137,339,True,False,True,False,success,0.49875885248184204,,,ou_noise,0,1191700,2373402,1186701,14.958813604703694,23.51369575905589,,,
2330,2329,,,170.17733128365785,129,True,False,True,False,success,0.41677165031433105,,,ou_noise,0,1191829,2373660,1186830,15.394292175307754,23.315253117287806,,,
2331,2330,,,172.3573605364428,118,True,False,True,False,success,0.45646238327026367,,,ou_noise,0,1191947,2373896,1186948,15.964569152411768,23.504339654566877,,,
2332,2331,,,164.53574139722164,140,True,False,True,False,success,0.44548916816711426,,,ou_noise,0,1192087,2374176,1187088,14.983235476698194,23.642957646506172,,,
2333,2332,,,-195.15486347512032,1000,False,False,False,True,cutoff,8.025251388549805,,,ou_noise,0,1193087,2376176,1188088,16.833809350013734,23.345039445877074,,,
2334,2333,,,170.0131290052363,125,True,False,True,False,success,0.4623808264732361,,,ou_noise,0,1193212,2376426,1188213,15.109293649673463,23.58634278869629,,,
2335,2334,,,170.02168091331424,128,True,False,True,False,success,0.41063353419303894,,,ou_noise,0,1193340,2376682,1188341,16.6484286878258,23.265810281038284,,,
2336,2335,,,167.96554721063512,132,True,False,True,False,success,0.49610376358032227,,,ou_noise,0,1193472,2376946,1188473,15.219797428810235,23.024619160276472,,,
2337,2336,,,-195.1279871061024,1000,False,False,False,True,cutoff,7.573781967163086,,,ou_noise,0,1194472,2378946,1189473,16.633413482427596,23.47967247200012,,,
2338,2337,,,170.40520081826674,127,True,False,True,False,success,0.46000948548316956,,,ou_noise,0,1194599,2379200,1189600,21.163032948501467,23.54260766036867,,,
2339,2338,,,-205.29799058939665,1000,False,False,False,True,cutoff,7.627062797546387,,,ou_noise,0,1195599,2381200,1190600,16.623404401540757,23.563443517684938,,,
2340,2339,,,161.77755259900238,159,True,False,True,False,success,0.47305184602737427,,,ou_noise,0,1195758,2381518,1190759,15.923942018604878,23.44204360434094,,,
2341,2340,,,-223.96820724865003,1000,False,False,False,True,cutoff,7.54630184173584,,,ou_noise,0,1196758,2383518,1191759,16.454072021961213,23.60939395904541,,,
2342,2341,,,170.32313236782431,123,True,False,True,False,success,0.43747180700302124,,,ou_noise,0,1196881,2383764,1191882,15.924119532592897,23.793257612523025,,,
2343,2342,,,170.56848312120854,119,True,False,True,False,success,0.4925321340560913,,,ou_noise,0,1197000,2384002,1192001,15.78168835559813,23.538831278055657,,,
2344,2343,,,173.2949630563371,110,True,False,True,False,success,0.4732506275177002,,,ou_noise,0,1197110,2384222,1192111,16.21209176236933,23.680733247236773,,,
2345,2344,,,-90.87219966847522,133,False,True,True,False,collision,5.529918670654297,,,ou_noise,0,1197243,2384488,1192244,16.669972667120454,23.515423351660708,,,
2346,2345,,,166.69298188068447,136,True,False,True,False,success,0.4700700640678406,,,ou_noise,0,1197379,2384760,1192380,17.893587028279025,23.320961012559778,,,
2347,2346,,,-218.3471372355972,1000,False,False,False,True,cutoff,7.4016499519348145,,,ou_noise,0,1198379,2386760,1193380,17.39616966342926,23.76294970035553,,,
2348,2347,,,-254.01322560908997,1000,False,False,False,True,cutoff,6.77292537689209,,,ou_noise,0,1199379,2388760,1194380,17.682510875701904,24.114020427703856,,,
2349,2348,,,-203.1388442863469,1000,False,False,False,True,cutoff,7.46418571472168,,,ou_noise,0,1200379,2390760,1195380,17.185697314977645,24.21979824256897,,,
2350,2349,,,-202.0107957638324,1000,False,False,False,True,cutoff,7.394264221191406,,,ou_noise,0,1201379,2392760,1196380,18.82713417482376,24.441489515304564,,,
2351,2350,,,172.8577524998634,126,True,False,True,False,success,0.465558797121048,,,ou_noise,0,1201505,2393012,1196506,21.382908537274314,24.51871425386459,,,
2352,2351,,,170.2166658128995,127,True,False,True,False,success,0.4413905441761017,,,ou_noise,0,1201632,2393266,1196633,18.51540971740963,24.49103867538332,,,
2353,2352,,,-144.36401451960853,319,False,True,True,False,collision,5.930657386779785,,,ou_noise,0,1201951,2393904,1196952,18.0264701693783,24.424005909025855,,,
2354,2353,,,154.9790170504509,186,True,False,True,False,success,0.49343255162239075,,,ou_noise,0,1202137,2394276,1197138,18.842306480612805,24.873016890659127,,,
2355,2354,,,-213.27620847343033,1000,False,False,False,True,cutoff,7.501549243927002,,,ou_noise,0,1203137,2396276,1198138,19.338923040866852,24.802172822952272,,,
2356,2355,,,-74.86653476219195,101,False,True,True,False,collision,5.125492572784424,,,ou_noise,0,1203238,2396478,1198239,21.23917820430038,24.730570424901376,,,
2357,2356,,,-226.99828277817662,1000,False,False,False,True,cutoff,7.491897106170654,,,ou_noise,0,1204238,2398478,1199239,19.153883307695388,25.093236867904665,,,
2358,2357,,,-226.12105210627854,1000,False,False,False,True,cutoff,7.140768051147461,,,ou_noise,0,1205238,2400478,1200239,19.16747895503044,25.380033912658693,,,
2359,2358,,,-88.8272415867369,145,False,True,True,False,collision,5.931042671203613,,,ou_noise,0,1205383,2400768,1200384,18.17947133162926,25.23972335026182,,,
2360,2359,,,-194.53115510335874,395,False,True,True,False,collision,7.5483527183532715,,,ou_noise,0,1205778,2401558,1200779,18.09054968507984,25.383197021484374,,,
2361,2360,,,3.399847880450409,700,True,False,True,False,success,0.49868863821029663,,,ou_noise,0,1206478,2402958,1201479,20.003359478541782,25.484633609226773,,,
2362,2361,,,157.5870157920989,187,True,False,True,False,success,0.49506890773773193,,,ou_noise,0,1206665,2403332,1201666,17.73539647954033,25.42096108421285,,,
2363,2362,,,162.53080173900727,142,True,False,True,False,success,0.45897942781448364,,,ou_noise,0,1206807,2403616,1201808,18.66736837843774,25.28017357033743,,,
2364,2363,,,-215.03068571589708,1000,False,False,False,True,cutoff,7.911492824554443,,,ou_noise,0,1207807,2405616,1202808,19.901040801286698,25.688966941833495,,,
2365,2364,,,171.35366168125233,121,True,False,True,False,success,0.4870751202106476,,,ou_noise,0,1207928,2405858,1202929,19.387234863170907,25.681394309051765,,,
2366,2365,,,167.86030495994052,131,True,False,True,False,success,0.44751837849617004,,,ou_noise,0,1208059,2406120,1203060,19.06646879028728,25.494734028823505,,,
2367,2366,,,-208.3835267448322,1000,False,False,False,True,cutoff,7.759314060211182,,,ou_noise,0,1209059,2408120,1204060,19.55751659822464,25.692070081710817,,,
2368,2367,,,-236.60830379108288,1000,False,False,False,True,cutoff,6.949463844299316,,,ou_noise,0,1210059,2410120,1205060,18.746000965356828,25.858167474746704,,,
2369,2368,,,170.92963570122998,128,True,False,True,False,success,0.4404054880142212,,,ou_noise,0,1210187,2410376,1205188,20.159233015030622,25.57352039217949,,,
2370,2369,,,-244.21270223379156,1000,False,False,False,True,cutoff,7.089134216308594,,,ou_noise,0,1211187,2412376,1206188,19.188815925836565,25.993053882598876,,,
2371,2370,,,168.0672878176785,135,True,False,True,False,success,0.4136885404586792,,,ou_noise,0,1211322,2412646,1206323,20.183251566357082,26.015707623517073,,,
2372,2371,,,174.57017362643307,110,True,False,True,False,success,0.42962369322776794,,,ou_noise,0,1211432,2412866,1206433,18.29022602601485,26.513259159434927,,,
2373,2372,,,-99.89399449216396,33,False,True,True,False,collision,9.623273849487305,,,ou_noise,0,1211465,2412932,1206466,17.885299169656,26.35191131360603,,,
2374,2373,,,166.97151452883406,134,True,False,True,False,success,0.43274444341659546,,,ou_noise,0,1211599,2413200,1206600,19.068261701669265,25.855136088470914,,,
2375,2374,,,-237.35959821260633,1000,False,False,False,True,cutoff,6.868730545043945,,,ou_noise,0,1212599,2415200,1207600,18.241522589683534,25.81871308517456,,,
2376,2375,,,-241.22506731969568,1000,False,False,False,True,cutoff,6.7222161293029785,,,ou_noise,0,1213599,2417200,1208600,17.46970639181137,26.01250981140137,,,
2377,2376,,,167.3492030311633,135,True,False,True,False,success,0.4869222044944763,,,ou_noise,0,1213734,2417470,1208735,18.256652053197225,26.141859294750073,,,
2378,2377,,,-252.16520630540592,1000,False,False,False,True,cutoff,6.907790660858154,,,ou_noise,0,1214734,2419470,1209735,17.658420892477036,25.878864423751832,,,
2379,2378,,,-237.52037192400647,1000,False,False,False,True,cutoff,6.670413017272949,,,ou_noise,0,1215734,2421470,1210735,17.331243212223054,26.072127254486084,,,
2380,2379,,,171.92681752607675,118,True,False,True,False,success,0.42133134603500366,,,ou_noise,0,1215852,2421706,1210853,17.7559536311586,25.9678703566729,,,
2381,2380,,,-261.06626809286007,1000,False,False,False,True,cutoff,6.959230422973633,,,ou_noise,0,1216852,2423706,1211853,17.26217821455002,26.27237159538269,,,
2382,2381,,,167.70524624387488,130,True,False,True,False,success,0.4188586473464966,,,ou_noise,0,1216982,2423966,1211983,16.45427755392515,26.175572175246018,,,
2383,2382,,,-203.98622311836448,1000,False,False,False,True,cutoff,7.2865071296691895,,,ou_noise,0,1217982,2425966,1212983,17.11357589793205,26.282050008773805,,,
2384,2383,,,172.45430115374535,118,True,False,True,False,success,0.47771182656288147,,,ou_noise,0,1218100,2426202,1213101,17.376132696361864,26.0213369272523,,,
2385,2384,,,-65.2045933483161,150,False,True,True,False,collision,2.5260274410247803,,,ou_noise,0,1218250,2426502,1213251,16.993046582539876,26.271726150512695,,,
2386,2385,,,-227.79636762370637,1000,False,False,False,True,cutoff,6.9733195304870605,,,ou_noise,0,1219250,2428502,1214251,17.999510362148285,26.176492723464968,,,
2387,2386,,,-216.47336882218798,1000,False,False,False,True,cutoff,6.92510461807251,,,ou_noise,0,1220250,2430502,1215251,17.817451447725297,26.43031558418274,,,
2388,2387,,,173.49362899156426,114,True,False,True,False,success,0.4908348023891449,,,ou_noise,0,1220364,2430730,1215365,16.983932674976817,26.558007892809417,,,
2389,2388,,,168.11777984202905,132,True,False,True,False,success,0.49470627307891846,,,ou_noise,0,1220496,2430994,1215497,17.63940652030887,26.495161721200652,,,
2390,2389,,,172.10208829371732,117,True,False,True,False,success,0.45358750224113464,,,ou_noise,0,1220613,2431228,1215614,19.29609105933426,26.677027156210354,,,
2391,2390,,,170.9830331870345,117,True,False,True,False,success,0.4578840434551239,,,ou_noise,0,1220730,2431462,1215731,16.647182107990623,26.046286803025467,,,
2392,2391,,,149.58155935932137,209,True,False,True,False,success,0.46717703342437744,,,ou_noise,0,1220939,2431880,1215940,17.365470867978328,26.353533311323687,,,
2393,2392,,,172.27326230940093,123,True,False,True,False,success,0.44942232966423035,,,ou_noise,0,1221062,2432126,1216063,18.25827321773622,26.448523560190587,,,
2394,2393,,,-202.7060208089121,1000,False,False,False,True,cutoff,7.528807163238525,,,ou_noise,0,1222062,2434126,1217063,18.012852990150453,26.59941347312927,,,
2395,2394,,,169.10864563723885,127,True,False,True,False,success,0.47340109944343567,,,ou_noise,0,1222189,2434380,1217190,17.13605357530549,26.5020182301679,,,
2396,2395,,,169.2064752602353,124,True,False,True,False,success,0.4992394745349884,,,ou_noise,0,1222313,2434628,1217314,16.29448075640586,26.899276225797593,,,
2397,2396,,,134.24716064054854,238,True,False,True,False,success,0.4358948767185211,,,ou_noise,0,1222551,2435104,1217552,17.06580738159789,26.719073632184198,,,
2398,2397,,,-214.1652492547992,1000,False,False,False,True,cutoff,7.103857040405273,,,ou_noise,0,1223551,2437104,1218552,18.126251178264617,26.73680010986328,,,
2399,2398,,,166.91139260417154,130,True,False,True,False,success,0.489382803440094,,,ou_noise,0,1223681,2437364,1218682,18.995972649867717,27.016566907442535,,,
2400,2399,,,172.9531080387314,121,True,False,True,False,success,0.4835745394229889,,,ou_noise,0,1223802,2437606,1218803,17.86989675671601,26.524635283414984,,,
2401,2400,,,174.33787739967715,114,True,False,True,False,success,0.4406132400035858,,,ou_noise,0,1223916,2437834,1218917,17.081857905053255,26.470437735841987,,,
2402,2401,,,166.89648866183256,138,True,False,True,False,success,0.419315904378891,,,ou_noise,0,1224054,2438110,1219055,18.813831315524336,26.65954183495563,,,
2403,2402,,,170.39961138286515,124,True,False,True,False,success,0.49123430252075195,,,ou_noise,0,1224178,2438358,1219179,19.544059899545484,26.818920335462018,,,
2404,2403,,,168.33655619408245,133,True,False,True,False,success,0.42877501249313354,,,ou_noise,0,1224311,2438624,1219312,17.90608168723888,26.735123110893078,,,
2405,2404,,,171.61121123131852,124,True,False,True,False,success,0.4458763897418976,,,ou_noise,0,1224435,2438872,1219436,16.92028683423996,26.697323891424364,,,
2406,2405,,,-237.5438674787969,1000,False,False,False,True,cutoff,6.521373748779297,,,ou_noise,0,1225435,2440872,1220436,18.411384062290193,26.773286417007448,,,
2407,2406,,,171.27645586803766,122,True,False,True,False,success,0.40862342715263367,,,ou_noise,0,1225557,2441116,1220558,18.204588979971213,26.815219081816124,,,
2408,2407,,,173.61452227734264,120,True,False,True,False,success,0.4473215341567993,,,ou_noise,0,1225677,2441356,1220678,18.381778587897617,26.79473640124003,,,
2409,2408,,,-216.05339570647865,1000,False,False,False,True,cutoff,6.536323070526123,,,ou_noise,0,1226677,2443356,1221678,18.653155935525895,26.946059589385985,,,
2410,2409,,,-214.49023549697304,1000,False,False,False,True,cutoff,7.168498992919922,,,ou_noise,0,1227677,2445356,1222678,18.51187476706505,26.960138147354126,,,
2411,2410,,,-217.72684738161828,1000,False,False,False,True,cutoff,7.159451484680176,,,ou_noise,0,1228677,2447356,1223678,19.062817039728166,27.08359663581848,,,
2412,2411,,,172.74700677072838,116,True,False,True,False,success,0.48715853691101074,,,ou_noise,0,1228793,2447588,1223794,18.374019735846026,27.055389618051464,,,
2413,2412,,,-218.26672219663598,1000,False,False,False,True,cutoff,7.780905246734619,,,ou_noise,0,1229793,2449588,1224794,19.117172526836395,27.17326462173462,,,
2414,2413,,,-220.43973978085504,1000,False,False,False,True,cutoff,7.657136917114258,,,ou_noise,0,1230793,2451588,1225794,19.248768857002258,27.227346952438353,,,
2415,2414,,,174.38181710605272,118,True,False,True,False,success,0.4435539245605469,,,ou_noise,0,1230911,2451824,1225912,19.471224970736746,27.272383528240656,,,
2416,2415,,,-215.2178537116581,1000,False,False,False,True,cutoff,7.707715034484863,,,ou_noise,0,1231911,2453824,1226912,19.602996994256973,27.298776887893677,,,
2417,2416,,,-209.94826534688724,1000,False,False,False,True,cutoff,7.62000036239624,,,ou_noise,0,1232911,2455824,1227912,18.92847031378746,27.4311296005249,,,
2418,2417,,,172.65736348508554,114,True,False,True,False,success,0.4748636782169342,,,ou_noise,0,1233025,2456052,1228026,18.827320061231916,27.587866515444038,,,
2419,2418,,,172.63304279877923,114,True,False,True,False,success,0.49243593215942383,,,ou_noise,0,1233139,2456280,1228140,19.5031602131693,27.816134653593366,,,
2420,2419,,,-221.22244192261851,1000,False,False,False,True,cutoff,7.135915279388428,,,ou_noise,0,1234139,2458280,1229140,19.00474365568161,27.777923509597777,,,
2421,2420,,,-50.56399591503848,92,False,True,True,False,collision,3.2293715476989746,,,ou_noise,0,1234231,2458464,1229232,19.08976999313935,27.898764154185418,,,
2422,2421,,,-214.48261886380206,1000,False,False,False,True,cutoff,7.320267200469971,,,ou_noise,0,1235231,2460464,1230232,18.765166732549666,28.14136085510254,,,
2423,2422,,,-224.50235252623577,1000,False,False,False,True,cutoff,6.998438835144043,,,ou_noise,0,1236231,2462464,1231232,19.02414130282402,28.152707551956176,,,
2424,2423,,,-211.42554340662684,1000,False,False,False,True,cutoff,7.278072834014893,,,ou_noise,0,1237231,2464464,1232232,18.492487389326097,28.302699235916137,,,
2425,2424,,,160.32642843823416,164,True,False,True,False,success,0.48807570338249207,,,ou_noise,0,1237395,2464792,1232396,17.539917197169327,28.175489390768657,,,
2426,2425,,,161.96849740305103,138,True,False,True,False,success,0.4791649878025055,,,ou_noise,0,1237533,2465068,1232534,19.356900095939636,28.120629904926687,,,
2427,2426,,,173.74210612737988,115,True,False,True,False,success,0.4370688498020172,,,ou_noise,0,1237648,2465298,1232649,17.99046700519064,27.961986956389055,,,
2428,2427,,,-210.83580988675513,1000,False,False,False,True,cutoff,7.279922962188721,,,ou_noise,0,1238648,2467298,1233649,17.903242310285567,28.35381942176819,,,
2429,2428,,,65.08875126418948,541,True,False,True,False,success,0.4952191710472107,,,ou_noise,0,1239189,2468380,1234190,19.084176606920423,28.354907559378972,,,
2430,2429,,,-62.12411669160389,111,False,True,True,False,collision,3.1424622535705566,,,ou_noise,0,1239300,2468602,1234301,19.760989734718393,28.585730819014817,,,
2431,2430,,,-219.7177292772697,1000,False,False,False,True,cutoff,7.259808540344238,,,ou_noise,0,1240300,2470602,1235301,19.497570247411726,28.59669439315796,,,
2432,2431,,,173.00545400965677,117,True,False,True,False,success,0.4902833104133606,,,ou_noise,0,1240417,2470836,1235418,19.478809289443188,28.62184596265483,,,
2433,2432,,,-198.22579488938376,1000,False,False,False,True,cutoff,7.010066986083984,,,ou_noise,0,1241417,2472836,1236418,19.24518716096878,28.513276363372803,,,
2434,2433,,,169.17926350574987,129,True,False,True,False,success,0.4746728539466858,,,ou_noise,0,1241546,2473094,1236547,18.658519637677095,28.29012100456297,,,
2435,2434,,,-208.12726785744698,1000,False,False,False,True,cutoff,7.340487957000732,,,ou_noise,0,1242546,2475094,1237547,17.980066701889037,28.45760482978821,,,
2436,2435,,,170.64431322619237,124,True,False,True,False,success,0.43585023283958435,,,ou_noise,0,1242670,2475342,1237671,18.846691525751545,28.578352651288434,,,
2437,2436,,,171.25803859867352,115,True,False,True,False,success,0.47048136591911316,,,ou_noise,0,1242785,2475572,1237786,19.809441454514214,28.183829282677692,,,
2438,2437,,,-215.1138470416964,1000,False,False,False,True,cutoff,7.467690467834473,,,ou_noise,0,1243785,2477572,1238786,17.85090117621422,28.373501611709596,,,
2439,2438,,,-208.76404171970256,1000,False,False,False,True,cutoff,7.445234775543213,,,ou_noise,0,1244785,2479572,1239786,18.109847851991653,28.484216060638428,,,
2440,2439,,,172.73693913354666,112,True,False,True,False,success,0.451467365026474,,,ou_noise,0,1244897,2479796,1239898,18.097736132996424,28.540189470563615,,,
2441,2440,,,170.16767791597005,121,True,False,True,False,success,0.4182125926017761,,,ou_noise,0,1245018,2480038,1240019,17.848950640229155,28.62104392248737,,,
2442,2441,,,175.13773824263188,113,True,False,True,False,success,0.4442247450351715,,,ou_noise,0,1245131,2480264,1240132,17.33052690472223,28.38830379047225,,,
2443,2442,,,-145.2937918339158,317,False,True,True,False,collision,6.314563274383545,,,ou_noise,0,1245448,2480898,1240449,18.890401605551926,28.48950774737337,,,
2444,2443,,,170.46277777776757,132,True,False,True,False,success,0.4756370782852173,,,ou_noise,0,1245580,2481162,1240581,17.643695125074096,28.52748066006285,,,
2445,2444,,,-222.526135548073,1000,False,False,False,True,cutoff,7.480559825897217,,,ou_noise,0,1246580,2483162,1241581,18.13151689839363,28.432285135269165,,,
2446,2445,,,-224.04108454068995,1000,False,False,False,True,cutoff,7.861595630645752,,,ou_noise,0,1247580,2485162,1242581,17.49720949578285,28.41498484992981,,,
2447,2446,,,-221.36412108864084,1000,False,False,False,True,cutoff,6.9918532371521,,,ou_noise,0,1248580,2487162,1243581,17.41123590350151,28.418239791870118,,,
2448,2447,,,161.99027845534235,141,True,False,True,False,success,0.45474493503570557,,,ou_noise,0,1248721,2487444,1243722,17.388460421393102,28.494331887427798,,,
2449,2448,,,-217.72823573281087,1000,False,False,False,True,cutoff,7.4132256507873535,,,ou_noise,0,1249721,2489444,1244722,17.90867123246193,28.272624759674073,,,
2450,2449,,,174.50651852135826,110,True,False,True,False,success,0.4753669202327728,,,ou_noise,0,1249831,2489664,1244832,18.80968085202304,28.233270593123002,,,
2451,2450,,,169.94251569594746,123,True,False,True,False,success,0.4708744287490845,,,ou_noise,0,1249954,2489910,1244955,17.392588892603307,28.430200964454713,,,
2452,2451,,,-220.0292551608597,1000,False,False,False,True,cutoff,6.645936489105225,,,ou_noise,0,1250954,2491910,1245955,18.08840725493431,28.31695393180847,,,
2453,2452,,,-234.3064438392036,1000,False,False,False,True,cutoff,7.2840423583984375,,,ou_noise,0,1251954,2493910,1246955,18.262322863578795,28.262587606430053,,,
2454,2453,,,-201.03156541204848,1000,False,False,False,True,cutoff,7.114911079406738,,,ou_noise,0,1252954,2495910,1247955,18.70463874530792,28.48140153694153,,,
2455,2454,,,172.54456395116583,123,True,False,True,False,success,0.44309788942337036,,,ou_noise,0,1253077,2496156,1248078,19.184116842300913,28.527529739752048,,,
2456,2455,,,-230.65039294706526,1000,False,False,False,True,cutoff,7.491943836212158,,,ou_noise,0,1254077,2498156,1249078,18.980651720285415,28.467337295532225,,,
2457,2456,,,-247.25316091911236,1000,False,False,False,True,cutoff,6.746448993682861,,,ou_noise,0,1255077,2500156,1250078,17.8014948322773,28.446343521118163,,,
2458,2457,,,-196.4129602624698,1000,False,False,False,True,cutoff,7.841019630432129,,,ou_noise,0,1256077,2502156,1251078,18.279662100553512,28.488365211486816,,,
2459,2458,,,171.81818632992005,125,True,False,True,False,success,0.4823260009288788,,,ou_noise,0,1256202,2502406,1251203,18.48271838760376,28.50107597351074,,,
2460,2459,,,168.6641359220058,136,True,False,True,False,success,0.4971064627170563,,,ou_noise,0,1256338,2502678,1251339,18.98483081950861,28.583834830452414,,,
2461,2460,,,172.87374701204357,120,True,False,True,False,success,0.4034663438796997,,,ou_noise,0,1256458,2502918,1251459,19.17526956597964,28.246870724360146,,,
2462,2461,,,168.15071278823405,137,True,False,True,False,success,0.45799005031585693,,,ou_noise,0,1256595,2503192,1251596,20.14999174549632,28.47038906682147,,,
2463,2462,,,-213.39377146645015,1000,False,False,False,True,cutoff,7.088709831237793,,,ou_noise,0,1257595,2505192,1252596,18.414001412153244,28.208456180572508,,,
2464,2463,,,-223.78409411784776,1000,False,False,False,True,cutoff,7.0208611488342285,,,ou_noise,0,1258595,2507192,1253596,21.025154767990113,28.27627993774414,,,
2465,2464,,,170.19698620806636,128,True,False,True,False,success,0.44189536571502686,,,ou_noise,0,1258723,2507448,1253724,25.07628266327083,28.57208076119423,,,
2466,2465,,,171.2838704065831,125,True,False,True,False,success,0.44888949394226074,,,ou_noise,0,1258848,2507698,1253849,25.36802429199219,28.504519790649415,,,
2467,2466,,,173.63049746089445,112,True,False,True,False,success,0.46110913157463074,,,ou_noise,0,1258960,2507922,1253961,26.233870717031614,28.60429699080331,,,
2468,2467,,,-115.3507267954985,286,False,True,True,False,collision,3.0094692707061768,,,ou_noise,0,1259246,2508494,1254247,30.180393339870694,28.425094257701527,,,
2469,2468,,,-75.27771190972032,60,False,True,True,False,collision,5.935622215270996,,,ou_noise,0,1259306,2508614,1254307,25.151029749711356,28.971377690633137,,,
2470,2469,,,-210.0133899246747,1000,False,False,False,True,cutoff,7.253000259399414,,,ou_noise,0,1260306,2510614,1255307,28.403311207294465,28.917561323165895,,,
2471,2470,,,-215.07937259459874,1000,False,False,False,True,cutoff,8.689165115356445,,,ou_noise,0,1261306,2512614,1256307,28.033138911485672,29.372196868896484,,,
2472,2471,,,168.04346806124732,135,True,False,True,False,success,0.42815691232681274,,,ou_noise,0,1261441,2512884,1256442,29.881755971908568,29.656540708188658,,,
2473,2472,,,-207.78531074718308,1000,False,False,False,True,cutoff,7.347440242767334,,,ou_noise,0,1262441,2514884,1257442,29.281053761482237,29.700823482513428,,,
2474,2473,,,172.52349590968618,116,True,False,True,False,success,0.4768613278865814,,,ou_noise,0,1262557,2515116,1257558,28.54789517254665,29.622259189342632,,,
2475,2474,,,-227.26195488240086,1000,False,False,False,True,cutoff,7.741913318634033,,,ou_noise,0,1263557,2517116,1258558,30.911951736927033,29.694837690353392,,,
2476,2475,,,-200.11322843327838,1000,False,False,False,True,cutoff,6.0403547286987305,,,ou_noise,0,1264557,2519116,1259558,31.388703292846678,29.680962856292723,,,
2477,2476,,,-100.79067776411647,148,False,True,True,False,collision,6.120172023773193,,,ou_noise,0,1264705,2519412,1259706,29.77369913217184,29.850499320674587,,,
2478,2477,,,172.37590947994607,115,True,False,True,False,success,0.499431312084198,,,ou_noise,0,1264820,2519642,1259821,31.115402932789014,30.1734573032545,,,
2479,2478,,,107.64477374939138,327,True,False,True,False,success,0.4448612630367279,,,ou_noise,0,1265147,2520296,1260148,30.08903236709968,30.090041437644842,,,
2480,2479,,,170.00996283868372,124,True,False,True,False,success,0.47789472341537476,,,ou_noise,0,1265271,2520544,1260272,30.759096868576542,30.22091281029486,,,
2481,2480,,,158.56918429844183,157,True,False,True,False,success,0.4427919089794159,,,ou_noise,0,1265428,2520858,1260429,30.979636489965355,30.330177270682753,,,
2482,2481,,,172.44139937932576,115,True,False,True,False,success,0.4516618847846985,,,ou_noise,0,1265543,2521088,1260544,32.230284027431324,29.736827203501825,,,
2483,2482,,,167.35408726488393,136,True,False,True,False,success,0.48364734649658203,,,ou_noise,0,1265679,2521360,1260680,32.22350353353164,30.292612061781043,,,
2484,2483,,,174.61720499163152,112,True,False,True,False,success,0.4157789945602417,,,ou_noise,0,1265791,2521584,1260792,35.9600505062512,30.152267609323776,,,
2485,2484,,,170.26654565807877,123,True,False,True,False,success,0.44686612486839294,,,ou_noise,0,1265914,2521830,1260915,34.38330943797662,29.838802415180982,,,
2486,2485,,,-229.11115896007212,1000,False,False,False,True,cutoff,7.680337429046631,,,ou_noise,0,1266914,2523830,1261915,33.0119033203125,30.421002727508544,,,
2487,2486,,,-208.35724743811002,1000,False,False,False,True,cutoff,7.472390651702881,,,ou_noise,0,1267914,2525830,1262915,32.50426282548904,30.72881594657898,,,
2488,2487,,,173.68182725662575,112,True,False,True,False,success,0.43081381916999817,,,ou_noise,0,1268026,2526054,1263027,29.69333785346576,30.755120413643972,,,
2489,2488,,,-259.4654351730328,1000,False,False,False,True,cutoff,8.710742950439453,,,ou_noise,0,1269026,2528054,1264027,32.474843209266666,30.792324144363402,,,
2490,2489,,,-187.3544747336749,1000,False,False,False,True,cutoff,8.033279418945312,,,ou_noise,0,1270026,2530054,1265027,31.675216850280762,31.489566513061522,,,
2491,2490,,,167.58780422595288,133,True,False,True,False,success,0.44125762581825256,,,ou_noise,0,1270159,2530320,1265160,31.57666410001597,32.131460089432565,,,
2492,2491,,,-223.7365182611858,1000,False,False,False,True,cutoff,7.288418292999268,,,ou_noise,0,1271159,2532320,1266160,31.439033689975737,32.20022734069824,,,
2493,2492,,,-212.8496971555441,1000,False,False,False,True,cutoff,7.242857456207275,,,ou_noise,0,1272159,2534320,1267160,30.177921191692352,33.21982817077637,,,
2494,2493,,,171.17267326866988,127,True,False,True,False,success,0.49397191405296326,,,ou_noise,0,1272286,2534574,1267287,31.496300040267585,33.529763574675314,,,
2495,2494,,,-196.48207824059634,1000,False,False,False,True,cutoff,7.176719665527344,,,ou_noise,0,1273286,2536574,1268287,28.16723865056038,33.919582818984985,,,
2496,2495,,,164.04102278567336,137,True,False,True,False,success,0.4752315282821655,,,ou_noise,0,1273423,2536848,1268424,26.34816851233044,34.58021060915759,,,
2497,2496,,,-263.9978387204579,1000,False,False,False,True,cutoff,8.185922622680664,,,ou_noise,0,1274423,2538848,1269424,27.773460262537004,34.63482104873657,,,
2498,2497,,,174.0184623161496,111,True,False,True,False,success,0.4353591501712799,,,ou_noise,0,1274534,2539070,1269535,29.461055545119553,35.05321403022285,,,
2499,2498,,,-168.75420603516426,395,False,True,True,False,collision,5.531685829162598,,,ou_noise,0,1274929,2539860,1269930,30.571561462064334,34.913584595692306,,,
2500,2499,,,-219.75197048374775,1000,False,False,False,True,cutoff,6.973304271697998,,,ou_noise,0,1275929,2541860,1270930,32.50014235305786,34.993045637130734,,,
2501,2500,,,163.588157311732,138,True,False,True,False,success,0.4578709006309509,,,ou_noise,0,1276067,2542136,1271068,33.502959783526435,35.10992603025575,,,
2502,2501,,,169.34258993949152,131,True,False,True,False,success,0.4255608320236206,,,ou_noise,0,1276198,2542398,1271199,35.54567097889558,35.280827660597005,,,
2503,2502,,,170.32208464226315,121,True,False,True,False,success,0.44653865694999695,,,ou_noise,0,1276319,2542640,1271320,32.2006355317171,35.15163996988092,,,
2504,2503,,,-218.78847969838634,1000,False,False,False,True,cutoff,7.387476444244385,,,ou_noise,0,1277319,2544640,1272320,36.85770155382156,35.40031596755981,,,
2505,2504,,,-303.87056173322435,1000,False,False,False,True,cutoff,8.321930885314941,,,ou_noise,0,1278319,2546640,1273320,45.058357263088226,36.11810249328613,,,
2506,2505,,,-210.58876632208347,1000,False,False,False,True,cutoff,7.116230010986328,,,ou_noise,0,1279319,2548640,1274320,50.182176154136656,36.45510214805603,,,
2507,2506,,,172.80161245199145,117,True,False,True,False,success,0.4785204529762268,,,ou_noise,0,1279436,2548874,1274437,56.11677067911523,36.72889389951005,,,
2508,2507,,,-208.9261008091132,1000,False,False,False,True,cutoff,7.591582775115967,,,ou_noise,0,1280436,2550874,1275437,65.63825180530549,37.02186917877197,,,
2509,2508,,,-269.5222086801675,1000,False,False,False,True,cutoff,7.518599987030029,,,ou_noise,0,1281436,2552874,1276437,90.92176448822022,38.10572585678101,,,
2510,2509,,,169.21621417261673,124,True,False,True,False,success,0.4852648973464966,,,ou_noise,0,1281560,2553122,1276561,128.76494786816258,38.736587093722434,,,
2511,2510,,,-222.05051253601977,1000,False,False,False,True,cutoff,8.115521430969238,,,ou_noise,0,1282560,2555122,1277561,137.097926469326,39.21986818885803,,,
2512,2511,,,-235.8251538790491,1000,False,False,False,True,cutoff,7.675770282745361,,,ou_noise,0,1283560,2557122,1278561,197.94882915210724,41.21856815338135,,,
2513,2512,,,169.697374822985,128,True,False,True,False,success,0.4514026343822479,,,ou_noise,0,1283688,2557378,1278689,238.14492397010326,42.78069606423378,,,
2514,2513,,,-208.97269174758557,1000,False,False,False,True,cutoff,8.0006742477417,,,ou_noise,0,1284688,2559378,1279689,320.6052290000915,44.30882845306397,,,
2515,2514,,,163.35539984918051,144,True,False,True,False,success,0.468548983335495,,,ou_noise,0,1284832,2559666,1279833,446.8278066052331,46.58048759566413,,,
2516,2515,,,-225.04567349012027,1000,False,False,False,True,cutoff,8.144201278686523,,,ou_noise,0,1285832,2561666,1280833,588.2836568641662,48.481287212371825,,,
2517,2516,,,170.13615858753275,132,True,False,True,False,success,0.41109541058540344,,,ou_noise,0,1285964,2561930,1280965,737.923839785836,50.05834267356179,,,
2518,2517,,,-131.18794505177144,92,False,True,True,False,collision,10.76834774017334,,,ou_noise,0,1286056,2562114,1281057,791.5726820074993,50.14831219548764,,,
2519,2518,,,-116.4459423432827,44,False,True,True,False,collision,10.82229232788086,,,ou_noise,0,1286100,2562202,1281101,639.3526848446239,51.82451152801514,,,
2520,2519,,,-117.65788772403612,63,False,True,True,False,collision,10.271821975708008,,,ou_noise,0,1286163,2562328,1281164,792.9585676950122,51.16820925757999,,,
2521,2520,,,-258.9453163805108,595,False,True,True,False,collision,10.13278865814209,,,ou_noise,0,1286758,2563518,1281759,943.1779093317625,53.2971238080193,,,
2522,2521,,,-217.86924824408936,467,False,True,True,False,collision,10.483224868774414,,,ou_noise,0,1287225,2564452,1282226,931.3439196560062,54.155376017731825,,,
2523,2522,,,167.5411637821066,130,True,False,True,False,success,0.46015650033950806,,,ou_noise,0,1287355,2564712,1282356,1018.2975496732272,55.17691351083609,,,
2524,2523,,,-112.32605384288901,22,False,True,True,False,collision,11.144818305969238,,,ou_noise,0,1287377,2564756,1282378,1116.5571928891268,55.96857868541371,,,
2525,2524,,,-263.3131195597652,1000,False,False,False,True,cutoff,6.6359663009643555,,,ou_noise,0,1288377,2566756,1283378,1390.1324435272218,56.59616052627563,,,
2526,2525,,,172.58489628680303,117,True,False,True,False,success,0.42120492458343506,,,ou_noise,0,1288494,2566990,1283495,1447.7857028276492,58.00930453569461,,,
2527,2526,,,-263.8724881387563,1000,False,False,False,True,cutoff,7.510557174682617,,,ou_noise,0,1289494,2568990,1284495,1989.744060131073,60.256710891723635,,,
2528,2527,,,-244.81377851144848,1000,False,False,False,True,cutoff,8.077032089233398,,,ou_noise,0,1290494,2570990,1285495,2351.3441279678345,65.13008618164062,,,
2529,2528,,,3.2980222300725757,727,True,False,True,False,success,0.4999856948852539,,,ou_noise,0,1291221,2572444,1286222,3291.871996316818,72.28767231307627,,,
2530,2529,,,166.3588987179873,132,True,False,True,False,success,0.49433499574661255,,,ou_noise,0,1291353,2572708,1286354,3674.034650542519,75.24694676832719,,,
2531,2530,,,166.00983145036045,138,True,False,True,False,success,0.4693893790245056,,,ou_noise,0,1291491,2572984,1286492,3612.0875870524974,76.20190711643384,,,
2532,2531,,,172.13373796394097,119,True,False,True,False,success,0.4178328514099121,,,ou_noise,0,1291610,2573222,1286611,3395.1649439515186,77.62908839378036,,,
2533,2532,,,149.8402900957588,184,True,False,True,False,success,0.49398791790008545,,,ou_noise,0,1291794,2573590,1286795,3352.7340347455897,78.13094089342201,,,
2534,2533,,,160.44172627988596,148,True,False,True,False,success,0.42133668065071106,,,ou_noise,0,1291942,2573886,1286943,3601.318893845017,80.40354671993771,,,
2535,2534,,,-114.71914724048813,30,False,True,True,False,collision,11.174732208251953,,,ou_noise,0,1291972,2573946,1286973,2663.988418324788,79.83079096476237,,,
2536,2535,,,-218.65993147716034,395,False,True,True,False,collision,11.139079093933105,,,ou_noise,0,1292367,2574736,1287368,3040.355765417558,81.1010587668117,,,
2537,2536,,,-205.89642236780912,413,False,True,True,False,collision,9.715784072875977,,,ou_noise,0,1292780,2575562,1287781,3076.9198136872296,85.31347347749059,,,
2538,2537,,,-111.03974292167837,18,False,True,True,False,collision,11.21146011352539,,,ou_noise,0,1292798,2575598,1287799,2195.7132019466826,88.18767632378473,,,
2539,2538,,,-227.01078573298858,1000,False,False,False,True,cutoff,7.235967636108398,,,ou_noise,0,1293798,2577598,1288799,1648.2272228012084,93.43066714477538,,,
2540,2539,,,163.6703559073989,145,True,False,True,False,success,0.47790053486824036,,,ou_noise,0,1293943,2577888,1288944,1252.9516414510792,99.34004569218077,,,
2541,2540,,,-109.07128241638412,18,False,True,True,False,collision,10.878134727478027,,,ou_noise,0,1293961,2577924,1288962,911.1502011617025,99.32272805107965,,,
2542,2541,,,157.56670326493878,168,True,False,True,False,success,0.45902296900749207,,,ou_noise,0,1294129,2578260,1289130,1073.5901927720934,100.36987799689884,,,
2543,2542,,,-227.82311031261662,1000,False,False,False,True,cutoff,4.807232856750488,,,ou_noise,0,1295129,2580260,1290130,640.6276781654358,104.20804205322266,,,
2544,2543,,,162.43172040028892,153,True,False,True,False,success,0.41281935572624207,,,ou_noise,0,1295282,2580566,1290283,337.4519213882147,105.48406563553155,,,
2545,2544,,,-355.8323662542397,910,False,True,True,False,collision,10.795059204101562,,,ou_noise,0,1296192,2582386,1291193,176.29171991453066,105.84833133404072,,,
2546,2545,,,-110.07622485557154,15,False,True,True,False,collision,11.158422470092773,,,ou_noise,0,1296207,2582416,1291208,103.63998425801596,107.09743855794271,,,
2547,2546,,,-110.33484705411563,22,False,True,True,False,collision,10.895306587219238,,,ou_noise,0,1296229,2582460,1291230,124.47337688099255,107.05398212779652,,,
2548,2547,,,170.35383372476122,129,True,False,True,False,success,0.4489956200122833,,,ou_noise,0,1296358,2582718,1291359,117.52520827359932,106.01413774120715,,,
2549,2548,,,-271.7416268293534,1000,False,False,False,True,cutoff,10.202144622802734,,,ou_noise,0,1297358,2584718,1292359,101.36027126216888,106.13485670471191,,,
2550,2549,,,-293.1184275257797,1000,False,False,False,True,cutoff,9.837233543395996,,,ou_noise,0,1298358,2586718,1293359,95.10901922988891,107.8657668762207,,,
2551,2550,,,151.0564065485064,180,True,False,True,False,success,0.45724809169769287,,,ou_noise,0,1298538,2587078,1293539,90.02528764936659,108.03218841552734,,,
2552,2551,,,162.90167299334541,144,True,False,True,False,success,0.42242756485939026,,,ou_noise,0,1298682,2587366,1293683,97.41833547751109,108.59600480397542,,,
2553,2552,,,-240.11877712895506,498,False,True,True,False,collision,10.364282608032227,,,ou_noise,0,1299180,2588362,1294181,104.40817463924607,108.83896451590051,,,
2554,2553,,,-171.04016696649325,261,False,True,True,False,collision,10.117361068725586,,,ou_noise,0,1299441,2588884,1294442,112.88927428293046,108.01460505810734,,,
2555,2554,,,-199.66468123292225,496,False,True,True,False,collision,6.484481334686279,,,ou_noise,0,1299937,2589876,1294938,103.95356647622201,107.31764911836193,,,
2556,2555,,,-340.4595946389358,1000,False,False,False,True,cutoff,10.065945625305176,,,ou_noise,0,1300937,2591876,1295938,98.26233676147461,105.57584337615967,,,
2557,2556,,,-183.05846076274318,544,False,True,True,False,collision,4.487513542175293,,,ou_noise,0,1301481,2592964,1296482,184.1435183181482,107.29004230218776,,,
2558,2557,,,163.66556490376115,144,True,False,True,False,success,0.4922393262386322,,,ou_noise,0,1301625,2593252,1296626,340.4472322463989,105.12932051552667,,,
2559,2558,,,-286.80535934075345,1000,False,False,False,True,cutoff,8.541276931762695,,,ou_noise,0,1302625,2595252,1297626,210.22245064544677,104.61831065368652,,,
2560,2559,,,-331.6668879950026,1000,False,False,False,True,cutoff,10.201028823852539,,,ou_noise,0,1303625,2597252,1298626,165.574357919693,107.8930002746582,,,
2561,2560,,,167.31332939838347,130,True,False,True,False,success,0.4440612494945526,,,ou_noise,0,1303755,2597512,1298756,83.34819982968844,105.49854671771709,,,
2562,2561,,,-326.37989515453745,1000,False,False,False,True,cutoff,10.198086738586426,,,ou_noise,0,1304755,2599512,1299756,52.6081212310791,103.2935390548706,,,
2563,2562,,,157.6192985264043,166,True,False,True,False,success,0.4675898253917694,,,ou_noise,0,1304921,2599844,1299922,43.1317339288183,101.68090673239834,,,
2564,2563,,,-301.62865515845095,597,False,True,True,False,collision,10.512404441833496,,,ou_noise,0,1305518,2601038,1300519,41.19474972672199,100.59219213386676,,,
2565,2564,,,-139.51881611753532,116,False,True,True,False,collision,10.671608924865723,,,ou_noise,0,1305634,2601270,1300635,37.29159173472174,99.77476369923559,,,
2566,2565,,,-150.49166252382645,157,False,True,True,False,collision,10.44393539428711,,,ou_noise,0,1305791,2601584,1300792,38.50160931022304,98.89108888662545,,,
2567,2566,,,-264.60515423626504,544,False,True,True,False,collision,10.316672325134277,,,ou_noise,0,1306335,2602672,1301336,37.37659407012603,98.37462175593657,,,
2568,2567,,,-153.348565254331,160,False,True,True,False,collision,10.698454856872559,,,ou_noise,0,1306495,2602992,1301496,36.25144340991974,97.54943795204163,,,
2569,2568,,,-131.07964999048477,86,False,True,True,False,collision,10.952116012573242,,,ou_noise,0,1306581,2603164,1301582,35.05986318477365,97.63674793686978,,,
2570,2569,,,-111.04322579679345,17,False,True,True,False,collision,11.193572998046875,,,ou_noise,0,1306598,2603198,1301599,37.52264370637781,98.57509568158318,,,
2571,2570,,,167.2214342659285,135,True,False,True,False,success,0.44713491201400757,,,ou_noise,0,1306733,2603468,1301734,36.15920347284388,97.07329694959853,,,
2572,2571,,,-141.11295566589916,118,False,True,True,False,collision,10.795553207397461,,,ou_noise,0,1306851,2603704,1301852,34.289525872569975,96.91767094498974,,,
2573,2572,,,153.37454000000605,188,True,False,True,False,success,0.4625411331653595,,,ou_noise,0,1307039,2604080,1302040,34.574843487841015,96.01595480898594,,,
2574,2573,,,-125.89599185891142,68,False,True,True,False,collision,10.998802185058594,,,ou_noise,0,1307107,2604216,1302108,37.30407552158131,95.78181580936207,,,
2575,2574,,,-132.36735094314184,93,False,True,True,False,collision,10.764182090759277,,,ou_noise,0,1307200,2604402,1302201,35.50963144404914,95.52876741142683,,,
2576,2575,,,-129.00459128888946,80,False,True,True,False,collision,10.927206993103027,,,ou_noise,0,1307280,2604562,1302281,34.17644436359406,95.4105751991272,,,
2577,2576,,,-111.13008486671309,19,False,True,True,False,collision,11.128521919250488,,,ou_noise,0,1307299,2604600,1302300,32.61309794375771,95.02262918572677,,,
2578,2577,,,-224.32887132382857,639,False,True,True,False,collision,6.353484153747559,,,ou_noise,0,1307938,2605878,1302939,34.62205740133175,94.42901651922712,,,
2579,2578,,,-121.12276624087374,52,False,True,True,False,collision,11.059205055236816,,,ou_noise,0,1307990,2605982,1302991,33.618624751384445,93.71694858257587,,,
2580,2579,,,-111.90451473049741,21,False,True,True,False,collision,11.140515327453613,,,ou_noise,0,1308011,2606024,1303012,32.488170283181326,94.2046149117606,,,
2581,2580,,,168.31506627541233,127,True,False,True,False,success,0.46880441904067993,,,ou_noise,0,1308138,2606278,1303139,33.58732942896565,93.60054322490542,,,
2582,2581,,,-139.8822616481003,115,False,True,True,False,collision,10.920987129211426,,,ou_noise,0,1308253,2606508,1303254,32.9735379550768,92.79174731710683,,,
2583,2582,,,-116.97134989350883,39,False,True,True,False,collision,11.127591133117676,,,ou_noise,0,1308292,2606586,1303293,32.574066871251816,92.01832169752855,,,
2584,2583,,,-230.2511989276763,1000,False,False,False,True,cutoff,6.9155120849609375,,,ou_noise,0,1309292,2608586,1304293,33.35982855367661,90.84021449279786,,,
2585,2584,,,167.18865521219834,133,True,False,True,False,success,0.43275412917137146,,,ou_noise,0,1309425,2608852,1304426,33.185632239607045,89.21742162489353,,,
2586,2585,,,-223.01168555820328,446,False,True,True,False,collision,7.204680442810059,,,ou_noise,0,1309871,2609744,1304872,32.503335099583786,88.0344258808769,,,
2587,2586,,,166.61918423398447,135,True,False,True,False,success,0.42220425605773926,,,ou_noise,0,1310006,2610014,1305007,32.42099710393835,87.50205174198857,,,
2588,2587,,,-264.89088094933095,1000,False,False,False,True,cutoff,4.483454704284668,,,ou_noise,0,1311006,2612014,1306007,33.17676418876648,85.88301634216309,,,
2589,2588,,,-194.55548829452914,1000,False,False,False,True,cutoff,7.436830520629883,,,ou_noise,0,1312006,2614014,1307007,33.20268528652191,83.26324134063721,,,
2590,2589,,,171.65034773883414,122,True,False,True,False,success,0.4357779622077942,,,ou_noise,0,1312128,2614258,1307129,32.91203407381402,81.7513364572994,,,
2591,2590,,,-71.57669871176718,74,False,True,True,False,collision,5.276478290557861,,,ou_noise,0,1312202,2614406,1307203,33.51347737054567,81.52531350625527,,,
2592,2591,,,174.68026460873767,110,True,False,True,False,success,0.48653924465179443,,,ou_noise,0,1312312,2614626,1307313,29.733743762969972,81.27419482144442,,,
2593,2592,,,-275.69610593274615,1000,False,False,False,True,cutoff,3.2444090843200684,,,ou_noise,0,1313312,2616626,1308313,33.19887622833252,79.9512056427002,,,
2594,2593,,,163.1729119949385,144,True,False,True,False,success,0.42624494433403015,,,ou_noise,0,1313456,2616914,1308457,33.52957109279103,78.46473778618707,,,
2595,2594,,,-255.8518842254508,786,False,True,True,False,collision,6.424905776977539,,,ou_noise,0,1314242,2618486,1309243,33.949359600780575,77.58033592282361,,,
2596,2595,,,-197.06763081978355,1000,False,False,False,True,cutoff,7.207183361053467,,,ou_noise,0,1315242,2620486,1310243,35.39398106479645,75.72406244659423,,,
2597,2596,,,-203.90591494561508,1000,False,False,False,True,cutoff,7.554303169250488,,,ou_noise,0,1316242,2622486,1311243,35.563219515800476,73.65876811218261,,,
2598,2597,,,-202.2955644439625,1000,False,False,False,True,cutoff,7.407180309295654,,,ou_noise,0,1317242,2624486,1312243,34.98498133563995,72.02273963546753,,,
2599,2598,,,-204.8876596137204,1000,False,False,False,True,cutoff,7.423645973205566,,,ou_noise,0,1318242,2626486,1313243,34.26450399684906,70.1371205368042,,,
2600,2599,,,-214.44781142113595,1000,False,False,False,True,cutoff,7.381076812744141,,,ou_noise,0,1319242,2628486,1314243,35.1444456076622,68.34403227615357,,,
2601,2600,,,-267.3800584587425,1000,False,False,False,True,cutoff,5.448111534118652,,,ou_noise,0,1320242,2630486,1315243,36.24551654958725,66.53482181549072,,,
2602,2601,,,-219.98050786447558,1000,False,False,False,True,cutoff,7.58777379989624,,,ou_noise,0,1321242,2632486,1316243,35.8856267695427,64.7073179588318,,,
2603,2602,,,-205.91253098871437,1000,False,False,False,True,cutoff,7.283872127532959,,,ou_noise,0,1322242,2634486,1317243,34.66396390867233,62.93089114379883,,,
2604,2603,,,-244.95361984359133,1000,False,False,False,True,cutoff,10.270578384399414,,,ou_noise,0,1323242,2636486,1318243,35.851510550498965,61.23933267593384,,,
2605,2604,,,167.23495186983865,128,True,False,True,False,success,0.44504472613334656,,,ou_noise,0,1323370,2636742,1318371,33.763256181031466,60.47853508591652,,,
2606,2605,,,171.46733778964898,128,True,False,True,False,success,0.40457046031951904,,,ou_noise,0,1323498,2636998,1318499,34.40911569818854,60.21479135751724,,,
2607,2606,,,143.31110594327217,202,True,False,True,False,success,0.440713107585907,,,ou_noise,0,1323700,2637402,1318701,33.922104134418,59.89107602185542,,,
2608,2607,,,-223.8927786616269,1000,False,False,False,True,cutoff,7.607525825500488,,,ou_noise,0,1324700,2639402,1319701,34.54840314149857,59.20886658096313,,,
2609,2608,,,-222.84094578784087,1000,False,False,False,True,cutoff,7.453434944152832,,,ou_noise,0,1325700,2641402,1320701,34.08513409996033,58.02758072662353,,,
2610,2609,,,160.2149288162467,162,True,False,True,False,success,0.4593959450721741,,,ou_noise,0,1325862,2641726,1320863,32.21499088075426,57.100120944741334,,,
2611,2610,,,169.79753191046404,127,True,False,True,False,success,0.4419178068637848,,,ou_noise,0,1325989,2641980,1320990,34.646237106773796,56.97331532155435,,,
2612,2611,,,165.99949675544786,135,True,False,True,False,success,0.4512665569782257,,,ou_noise,0,1326124,2642250,1321125,35.05273615519206,56.850544964825666,,,
2613,2612,,,-205.44720983466897,1000,False,False,False,True,cutoff,4.881152629852295,,,ou_noise,0,1327124,2644250,1322125,40.82882311964035,55.64200837707519,,,
2614,2613,,,169.7045453555139,122,True,False,True,False,success,0.41392314434051514,,,ou_noise,0,1327246,2644494,1322247,45.482492142036314,54.436272199036644,,,
2615,2614,,,173.48333479376348,116,True,False,True,False,success,0.4511203467845917,,,ou_noise,0,1327362,2644726,1322363,43.610715475575674,53.93181468700541,,,
2616,2615,,,169.84365125653346,133,True,False,True,False,success,0.4064907729625702,,,ou_noise,0,1327495,2644992,1322496,44.93728132534744,53.808428685467945,,,
2617,2616,,,-279.1437172784946,1000,False,False,False,True,cutoff,7.798720359802246,,,ou_noise,0,1328495,2646992,1323496,39.26066101503372,52.452159782409666,,,
2618,2617,,,149.57661579231126,186,True,False,True,False,success,0.47796952724456787,,,ou_noise,0,1328681,2647364,1323682,37.06478654184649,51.03349070395193,,,
2619,2618,,,-82.91682962411736,188,False,True,True,False,collision,2.8687584400177,,,ou_noise,0,1328869,2647740,1323870,35.675124546314805,50.40839962249107,,,
2620,2619,,,-285.54890686702583,1000,False,False,False,True,cutoff,7.1594438552856445,,,ou_noise,0,1329869,2649740,1324870,32.30026576328277,49.10165969848633,,,
2621,2620,,,-186.3507373794577,1000,False,False,False,True,cutoff,7.652035713195801,,,ou_noise,0,1330869,2651740,1325870,29.93849687576294,47.13806047439575,,,
2622,2621,,,167.78485721284738,136,True,False,True,False,success,0.45507240295410156,,,ou_noise,0,1331005,2652012,1326006,28.32187830700594,46.71394283631269,,,
2623,2622,,,173.01354638079556,111,True,False,True,False,success,0.4654538631439209,,,ou_noise,0,1331116,2652234,1326117,28.90015004561828,46.1049811217162,,,
2624,2623,,,-208.06803380035188,1000,False,False,False,True,cutoff,7.8057026863098145,,,ou_noise,0,1332116,2654234,1327117,28.415039053440093,45.6634900970459,,,
2625,2624,,,-181.3049475524195,1000,False,False,False,True,cutoff,7.28209114074707,,,ou_noise,0,1333116,2656234,1328117,26.908728781700134,44.624775478363034,,,
2626,2625,,,-67.24524650721429,48,False,True,True,False,collision,6.08011531829834,,,ou_noise,0,1333164,2656330,1328165,25.76649417479833,44.03927079836527,,,
2627,2626,,,-199.99298943924853,1000,False,False,False,True,cutoff,7.519230842590332,,,ou_noise,0,1334164,2658330,1329165,25.291998898029327,43.48602048492432,,,
2628,2627,,,173.7412524527905,115,True,False,True,False,success,0.4875694513320923,,,ou_noise,0,1334279,2658560,1329280,24.96879131897636,42.65238647460937,,,
2629,2628,,,-213.52850411165778,1000,False,False,False,True,cutoff,7.097744464874268,,,ou_noise,0,1335279,2660560,1330280,24.862082066297532,42.42182696151733,,,
2630,2629,,,170.71313601976604,122,True,False,True,False,success,0.4478107988834381,,,ou_noise,0,1335401,2660804,1330402,23.76725875354204,41.71910245301294,,,
2631,2630,,,-215.18900586564845,1000,False,False,False,True,cutoff,7.705852031707764,,,ou_noise,0,1336401,2662804,1331402,23.482256051778794,41.42607429122925,,,
2632,2631,,,-203.34862475034788,1000,False,False,False,True,cutoff,7.353099346160889,,,ou_noise,0,1337401,2664804,1332402,23.454094924688338,40.55696237945557,,,
2633,2632,,,167.58037548497612,125,True,False,True,False,success,0.4977334439754486,,,ou_noise,0,1337526,2665054,1332527,22.71157865905762,39.91565985107422,,,
2634,2633,,,-215.80639776091968,1000,False,False,False,True,cutoff,7.696201801300049,,,ou_noise,0,1338526,2667054,1333527,24.030618287324906,39.654751014709475,,,
2635,2634,,,161.45775703431207,160,True,False,True,False,success,0.4060099720954895,,,ou_noise,0,1338686,2667374,1333687,25.43076904118061,39.38171281814575,,,
2636,2635,,,168.11674550652765,139,True,False,True,False,success,0.4178129732608795,,,ou_noise,0,1338825,2667652,1333826,24.045682574347627,39.32043934554505,,,
2637,2636,,,-228.46310299550683,1000,False,False,False,True,cutoff,4.708299160003662,,,ou_noise,0,1339825,2669652,1334826,23.897183993816377,38.700636890411374,,,
2638,2637,,,173.49806026079204,117,True,False,True,False,success,0.4811239540576935,,,ou_noise,0,1339942,2669886,1334943,23.124522219356308,38.02535202156784,,,
2639,2638,,,-265.86082384200563,1000,False,False,False,True,cutoff,4.527728080749512,,,ou_noise,0,1340942,2671886,1335943,22.55452737903595,37.96659066772461,,,
2640,2639,,,-215.3724297723874,1000,False,False,False,True,cutoff,7.653846263885498,,,ou_noise,0,1341942,2673886,1336943,23.062734574079514,37.396441928863524,,,
2641,2640,,,-167.71373445456368,176,False,True,True,False,collision,9.993656158447266,,,ou_noise,0,1342118,2674238,1337119,23.31402060931379,37.41126114671881,,,
2642,2641,,,-222.4803829476487,603,False,True,True,False,collision,6.546050548553467,,,ou_noise,0,1342721,2675444,1337722,24.538585601952143,37.101613666287705,,,
2643,2642,,,-188.5928845016098,1000,False,False,False,True,cutoff,7.354605197906494,,,ou_noise,0,1343721,2677444,1338722,24.510852188825606,36.88992647361756,,,
2644,2643,,,166.04832411946552,141,True,False,True,False,success,0.4237132966518402,,,ou_noise,0,1343862,2677726,1338863,24.581079533759585,36.986140799015125,,,
2645,2644,,,173.1389363805212,112,True,False,True,False,success,0.4743295907974243,,,ou_noise,0,1343974,2677950,1338975,23.967438665883883,37.08137454305376,,,
2646,2645,,,171.50066066220663,116,True,False,True,False,success,0.49971380829811096,,,ou_noise,0,1344090,2678182,1339091,25.544975231433735,36.736784852784254,,,
2647,2646,,,-223.83743311054195,1000,False,False,False,True,cutoff,6.830502986907959,,,ou_noise,0,1345090,2680182,1340091,24.334507089853286,37.020500316619874,,,
2648,2647,,,145.94710810568574,232,True,False,True,False,success,0.45910558104515076,,,ou_noise,0,1345322,2680646,1340323,25.252384666738838,37.03164063650986,,,
2649,2648,,,-335.6121561819847,978,False,True,True,False,collision,9.109498977661133,,,ou_noise,0,1346300,2682602,1341301,23.24410404603174,37.121903778341405,,,
2650,2649,,,173.59336463367964,113,True,False,True,False,success,0.4496043026447296,,,ou_noise,0,1346413,2682828,1341414,22.852596388453932,36.79594883876564,,,
2651,2650,,,-193.51497340790996,1000,False,False,False,True,cutoff,7.454716682434082,,,ou_noise,0,1347413,2684828,1342414,22.798458602905274,37.13004137420654,,,
2652,2651,,,-219.511205928947,1000,False,False,False,True,cutoff,8.464685440063477,,,ou_noise,0,1348413,2686828,1343414,22.42749218392372,37.12466524887085,,,
2653,2652,,,-216.2617698367108,1000,False,False,False,True,cutoff,7.488552570343018,,,ou_noise,0,1349413,2688828,1344414,21.933129017353057,37.369014486312864,,,
2654,2653,,,164.7990922295839,146,True,False,True,False,success,0.4530448317527771,,,ou_noise,0,1349559,2689120,1344560,21.502741070642863,37.19612244383929,,,
2655,2654,,,168.82549370750252,123,True,False,True,False,success,0.46425536274909973,,,ou_noise,0,1349682,2689366,1344683,20.554078896840412,37.42926192865139,,,
2656,2655,,,167.5036007810507,131,True,False,True,False,success,0.4886278808116913,,,ou_noise,0,1349813,2689628,1344814,23.652498065060332,37.40826648974237,,,
2657,2656,,,-188.66685979562175,1000,False,False,False,True,cutoff,7.210383415222168,,,ou_noise,0,1350813,2691628,1345814,22.468891350030898,37.564295932769774,,,
2658,2657,,,-205.63648804726643,1000,False,False,False,True,cutoff,7.478739261627197,,,ou_noise,0,1351813,2693628,1346814,22.563101722955704,37.39487631607056,,,
2659,2658,,,168.0575661722798,128,True,False,True,False,success,0.47946247458457947,,,ou_noise,0,1351941,2693884,1346942,22.06254383176565,37.36616213619709,,,
2660,2659,,,171.08313470601712,114,True,False,True,False,success,0.4408430755138397,,,ou_noise,0,1352055,2694112,1347056,22.014141743643243,37.3235792528119,,,
2661,2660,,,162.23117466519528,144,True,False,True,False,success,0.4584014415740967,,,ou_noise,0,1352199,2694400,1347200,22.670420832104153,37.50263704193963,,,
2662,2661,,,167.2788842346597,125,True,False,True,False,success,0.4958917498588562,,,ou_noise,0,1352324,2694650,1347325,22.42523614883423,37.291780990600586,,,
2663,2662,,,170.14920743223263,119,True,False,True,False,success,0.49424347281455994,,,ou_noise,0,1352443,2694888,1347444,23.01845392259229,37.14065013212316,,,
2664,2663,,,169.59223898918015,122,True,False,True,False,success,0.44491446018218994,,,ou_noise,0,1352565,2695132,1347566,22.543350888080283,37.22731171279657,,,
2665,2664,,,-213.15521382556682,1000,False,False,False,True,cutoff,7.673762321472168,,,ou_noise,0,1353565,2697132,1348566,22.112334150314332,37.315446287155154,,,
2666,2665,,,168.8218156102921,119,True,False,True,False,success,0.49644094705581665,,,ou_noise,0,1353684,2697370,1348685,21.171575542257614,37.29149932220203,,,
2667,2666,,,-220.47375779527547,1000,False,False,False,True,cutoff,5.342043876647949,,,ou_noise,0,1354684,2699370,1349685,21.57034138774872,37.42528228569031,,,
2668,2667,,,-211.26215760001975,1000,False,False,False,True,cutoff,5.410785675048828,,,ou_noise,0,1355684,2701370,1350685,22.140666039466858,37.764420642852784,,,
2669,2668,,,102.91169802825331,372,True,False,True,False,success,0.4520081579685211,,,ou_noise,0,1356056,2702114,1351057,24.148667346405727,37.83174211235457,,,
2670,2669,,,-209.13154726908894,1000,False,False,False,True,cutoff,8.103888511657715,,,ou_noise,0,1357056,2704114,1352057,23.1370713493824,38.14359323120117,,,
2671,2670,,,-202.69021940116335,1000,False,False,False,True,cutoff,7.674131393432617,,,ou_noise,0,1358056,2706114,1353057,23.827696633577347,38.61921170043945,,,
2672,2671,,,-231.81184291000403,1000,False,False,False,True,cutoff,8.267212867736816,,,ou_noise,0,1359056,2708114,1354057,25.276157219171523,38.9542995262146,,,
2673,2672,,,169.6386658975456,120,True,False,True,False,success,0.4729602336883545,,,ou_noise,0,1359176,2708354,1354177,25.704233634471894,39.317712020874026,,,
2674,2673,,,-200.43155010308234,1000,False,False,False,True,cutoff,7.616876602172852,,,ou_noise,0,1360176,2710354,1355177,27.668555119991304,40.3070348739624,,,
2675,2674,,,-210.24588282919976,1000,False,False,False,True,cutoff,7.989383697509766,,,ou_noise,0,1361176,2712354,1356177,29.426386608123778,40.81677918624878,,,
2676,2675,,,169.51625049992268,116,True,False,True,False,success,0.46435660123825073,,,ou_noise,0,1361292,2712586,1356293,30.183852569810277,41.204850920315444,,,
2677,2676,,,-221.45011416781009,1000,False,False,False,True,cutoff,7.773843288421631,,,ou_noise,0,1362292,2714586,1357293,35.77481160402298,41.093601078033444,,,
2678,2677,,,-238.89504202254108,1000,False,False,False,True,cutoff,7.894979953765869,,,ou_noise,0,1363292,2716586,1358293,41.15485057783127,41.17825094223022,,,
2679,2678,,,166.8412721841886,135,True,False,True,False,success,0.45867571234703064,,,ou_noise,0,1363427,2716856,1358428,28.411824417114257,42.30053123191551,,,
2680,2679,,,161.09919460782191,144,True,False,True,False,success,0.4781874716281891,,,ou_noise,0,1363571,2717144,1358572,28.79371870888604,42.479206005732216,,,
2681,2680,,,-234.80056009952796,1000,False,False,False,True,cutoff,7.619838714599609,,,ou_noise,0,1364571,2719144,1359572,24.753174728155138,43.05956714248657,,,
2682,2681,,,162.39264197613224,150,True,False,True,False,success,0.4396387040615082,,,ou_noise,0,1364721,2719444,1359722,21.869480288823446,42.469609095255535,,,
2683,2682,,,-242.82433542066912,1000,False,False,False,True,cutoff,7.5183210372924805,,,ou_noise,0,1365721,2721444,1360722,21.80100730776787,42.42431856918335,,,
2684,2683,,,155.22643083444285,163,True,False,True,False,success,0.45577535033226013,,,ou_noise,0,1365884,2721770,1360885,19.48211929695738,42.63665170025972,,,
2685,2684,,,168.68636315696818,124,True,False,True,False,success,0.4287569522857666,,,ou_noise,0,1366008,2722018,1361009,19.23347573895608,42.57534300896429,,,
2686,2685,,,-250.1538395801456,1000,False,False,False,True,cutoff,7.759215831756592,,,ou_noise,0,1367008,2724018,1362009,20.042745230913162,42.417148872375485,,,
2687,2686,,,171.08972955201557,121,True,False,True,False,success,0.4120323956012726,,,ou_noise,0,1367129,2724260,1362130,19.915212032223536,42.883937268217736,,,
2688,2687,,,-274.72176169184206,1000,False,False,False,True,cutoff,7.339242458343506,,,ou_noise,0,1368129,2726260,1363130,20.830510226011278,42.88367236709595,,,
2689,2688,,,-149.40659981716297,369,False,True,True,False,collision,2.5365095138549805,,,ou_noise,0,1368498,2726998,1363499,23.274793109273524,42.898643638383405,,,
2690,2689,,,-175.945015682482,433,False,True,True,False,collision,5.826922416687012,,,ou_noise,0,1368931,2727864,1363932,23.95697906221033,43.18687839816404,,,
2691,2690,,,167.57825374807211,135,True,False,True,False,success,0.4269803762435913,,,ou_noise,0,1369066,2728134,1364067,24.850659799575805,43.15420498318142,,,
2692,2691,,,-232.50891008779269,1000,False,False,False,True,cutoff,7.6533026695251465,,,ou_noise,0,1370066,2730134,1365067,24.94254083442688,43.516811336517335,,,
2693,2692,,,172.27648199233673,113,True,False,True,False,success,0.48469796776771545,,,ou_noise,0,1370179,2730360,1365180,23.893770196796517,43.69874231794239,,,
2694,2693,,,-85.58358561277774,108,False,True,True,False,collision,6.155516147613525,,,ou_noise,0,1370287,2730576,1365288,25.498687832443803,43.41067723874693,,,
2695,2694,,,-276.4389485980015,1000,False,False,False,True,cutoff,7.201910972595215,,,ou_noise,0,1371287,2732576,1366288,22.534029462575912,43.84007620620728,,,
2696,2695,,,-193.62677381300958,1000,False,False,False,True,cutoff,3.9114761352539062,,,ou_noise,0,1372287,2734576,1367288,20.805035819768907,43.59370018386841,,,
2697,2696,,,120.0124433815289,336,True,False,True,False,success,0.4831063747406006,,,ou_noise,0,1372623,2735248,1367624,19.298096831355775,43.44630375362578,,,
2698,2697,,,168.236318630185,124,True,False,True,False,success,0.47760432958602905,,,ou_noise,0,1372747,2735496,1367748,19.581349842010006,43.01380575856855,,,
2699,2698,,,166.73044631578904,129,True,False,True,False,success,0.43597227334976196,,,ou_noise,0,1372876,2735754,1367877,19.750233642814695,43.28943367891534,,,
2700,2699,,,-249.0175045781888,1000,False,False,False,True,cutoff,7.429019451141357,,,ou_noise,0,1373876,2737754,1368877,18.55465199637413,43.104220615386964,,,
2701,2700,,,-232.2585855656311,1000,False,False,False,True,cutoff,7.697213649749756,,,ou_noise,0,1374876,2739754,1369877,17.035532706022263,42.949434425354006,,,
2702,2701,,,-226.26490473178404,1000,False,False,False,True,cutoff,7.97144079208374,,,ou_noise,0,1375876,2741754,1370877,15.937925039291382,42.77610416412354,,,
2703,2702,,,-213.04594960876045,1000,False,False,False,True,cutoff,7.199765682220459,,,ou_noise,0,1376876,2743754,1371877,15.081016612291336,42.72767008972168,,,
2704,2703,,,170.35431036019958,120,True,False,True,False,success,0.436588317155838,,,ou_noise,0,1376996,2743994,1371997,15.007754133145015,42.61644430160523,,,
2705,2704,,,-187.18179014257333,1000,False,False,False,True,cutoff,7.263082504272461,,,ou_noise,0,1377996,2745994,1372997,14.38993725180626,42.35144543075562,,,
2706,2705,,,149.59135758698034,186,True,False,True,False,success,0.4891292452812195,,,ou_noise,0,1378182,2746366,1373183,14.062208624296291,41.96923155425697,,,
2707,2706,,,-215.6452461058615,1000,False,False,False,True,cutoff,4.2407002449035645,,,ou_noise,0,1379182,2748366,1374183,14.8770173432827,41.84665951156616,,,
2708,2707,,,-211.85011905009557,1000,False,False,False,True,cutoff,7.091802597045898,,,ou_noise,0,1380182,2750366,1375183,14.580377292871475,41.471057064056396,,,
2709,2708,,,173.7730880663216,110,True,False,True,False,success,0.4240385591983795,,,ou_noise,0,1380292,2750586,1375293,13.935723636367104,41.05096591602672,,,
2710,2709,,,-226.4084610932929,1000,False,False,False,True,cutoff,7.443976879119873,,,ou_noise,0,1381292,2752586,1376293,13.53380033993721,41.003976146698,,,
2711,2710,,,166.68915410685005,130,True,False,True,False,success,0.4986688196659088,,,ou_noise,0,1381422,2752846,1376423,13.646281517468966,40.85603106572078,,,
2712,2711,,,-339.353741023427,869,False,True,True,False,collision,7.879532337188721,,,ou_noise,0,1382291,2754584,1377292,14.02251807016388,40.39037782605416,,,
2713,2712,,,149.03997722724347,169,True,False,True,False,success,0.4191892445087433,,,ou_noise,0,1382460,2754922,1377461,14.395733034822362,40.109723491781565,,,
2714,2713,,,-212.05301501377738,1000,False,False,False,True,cutoff,7.061636447906494,,,ou_noise,0,1383460,2756922,1378461,14.386350277662277,39.89213737487793,,,
2715,2714,,,166.2073319286207,126,True,False,True,False,success,0.4071172773838043,,,ou_noise,0,1383586,2757174,1378587,14.37127337380061,39.55763320317344,,,
2716,2715,,,169.2206535629764,120,True,False,True,False,success,0.4980155825614929,,,ou_noise,0,1383706,2757414,1378707,13.05187792579333,39.73382403055827,,,
2717,2716,,,-259.3335096489391,1000,False,False,False,True,cutoff,7.804838180541992,,,ou_noise,0,1384706,2759414,1379707,13.998997826814652,39.142198635101316,,,
2718,2717,,,167.9276347023013,128,True,False,True,False,success,0.47159069776535034,,,ou_noise,0,1384834,2759670,1379835,14.676766673102975,38.9435820877552,,,
2719,2718,,,-218.69534804165102,1000,False,False,False,True,cutoff,7.256495952606201,,,ou_noise,0,1385834,2761670,1380835,14.163929242610932,38.51297780609131,,,
2720,2719,,,169.2841649002214,121,True,False,True,False,success,0.4599706828594208,,,ou_noise,0,1385955,2761912,1380956,13.521817788604862,38.35629899836769,,,
2721,2720,,,-252.80987305712267,1000,False,False,False,True,cutoff,6.023780345916748,,,ou_noise,0,1386955,2763912,1381956,14.43171538221836,37.89367350387573,,,
2722,2721,,,-201.84547138627784,1000,False,False,False,True,cutoff,7.127130508422852,,,ou_noise,0,1387955,2765912,1382956,14.764455201387406,37.41719446182251,,,
2723,2722,,,-199.59116220152876,1000,False,False,False,True,cutoff,7.323728561401367,,,ou_noise,0,1388955,2767912,1383956,14.114272084236145,36.838784223556516,,,
2724,2723,,,165.98146145244982,140,True,False,True,False,success,0.4793355166912079,,,ou_noise,0,1389095,2768192,1384096,13.799795375551497,36.551841912950785,,,
2725,2724,,,168.64137487274326,128,True,False,True,False,success,0.4709359407424927,,,ou_noise,0,1389223,2768448,1384224,14.0284010656178,36.56442043185234,,,
2726,2725,,,-285.0113564636056,488,False,True,True,False,collision,7.9457011222839355,,,ou_noise,0,1389711,2769424,1384712,15.737601842059464,36.152467680759116,,,
2727,2726,,,-202.83541349774737,1000,False,False,False,True,cutoff,8.124956130981445,,,ou_noise,0,1390711,2771424,1385712,14.92933022236824,36.071949352264404,,,
2728,2727,,,-212.22253436182294,1000,False,False,False,True,cutoff,7.149673938751221,,,ou_noise,0,1391711,2773424,1386712,15.014569316625595,35.63648279953003,,,
2729,2728,,,-244.01808754061807,1000,False,False,False,True,cutoff,7.777714252471924,,,ou_noise,0,1392711,2775424,1387712,14.503969830513,35.4043427734375,,,
2730,2729,,,147.16731756441732,199,True,False,True,False,success,0.46475452184677124,,,ou_noise,0,1392910,2775822,1387911,15.908180329068822,34.98434830670381,,,
2731,2730,,,164.41250867238682,136,True,False,True,False,success,0.46174487471580505,,,ou_noise,0,1393046,2776094,1388047,13.32040160894394,34.87383043064791,,,
2732,2731,,,-234.72312753208033,1000,False,False,False,True,cutoff,7.826204299926758,,,ou_noise,0,1394046,2778094,1389047,14.223634221553802,34.614987300872805,,,
2733,2732,,,169.5179067275124,120,True,False,True,False,success,0.46680575609207153,,,ou_noise,0,1394166,2778334,1389167,13.710208237171173,34.396028470993045,,,
2734,2733,,,163.917493792207,140,True,False,True,False,success,0.4248807430267334,,,ou_noise,0,1394306,2778614,1389307,14.696573039463589,34.23389366694859,,,
2735,2734,,,165.58322491384277,135,True,False,True,False,success,0.43437573313713074,,,ou_noise,0,1394441,2778884,1389442,14.404741857669972,34.04634465818052,,,
2736,2735,,,169.26467159967893,120,True,False,True,False,success,0.44587400555610657,,,ou_noise,0,1394561,2779124,1389562,15.337835065523784,34.143694925308225,,,
2737,2736,,,-217.56955934952114,1000,False,False,False,True,cutoff,8.101638793945312,,,ou_noise,0,1395561,2781124,1390562,14.270706984519958,33.781208744049074,,,
2738,2737,,,158.4792413395536,155,True,False,True,False,success,0.4852997362613678,,,ou_noise,0,1395716,2781434,1390717,14.054062201899868,33.51022630506946,,,
2739,2738,,,-240.50525051677383,1000,False,False,False,True,cutoff,7.949512004852295,,,ou_noise,0,1396716,2783434,1391717,14.491170558929444,33.137046922683716,,,
2740,2739,,,-91.89670947733781,72,False,True,True,False,collision,7.622664451599121,,,ou_noise,0,1396788,2783578,1391789,14.597345292568207,33.014017740885414,,,
2741,2740,,,162.19308296082195,124,True,False,True,False,success,0.4848165810108185,,,ou_noise,0,1396912,2783826,1391913,14.415052481235996,32.607154753900346,,,
2742,2741,,,130.45547673474914,211,True,False,True,False,success,0.4443739056587219,,,ou_noise,0,1397123,2784248,1392124,14.988164007946214,32.4136001442281,,,
2743,2742,,,171.33325195043204,125,True,False,True,False,success,0.45513302087783813,,,ou_noise,0,1397248,2784498,1392249,15.651021976470947,32.41619554138184,,,
2744,2743,,,-90.06928825964673,55,False,True,True,False,collision,7.6776227951049805,,,ou_noise,0,1397303,2784608,1392304,15.348760509490967,32.47355686534535,,,
2745,2744,,,172.31441901688885,114,True,False,True,False,success,0.45181193947792053,,,ou_noise,0,1397417,2784836,1392418,16.070173303286236,31.921427191349498,,,
2746,2745,,,-83.51633939136138,45,False,True,True,False,collision,7.580141067504883,,,ou_noise,0,1397462,2784926,1392463,15.711577945285374,31.789051564534507,,,
2747,2746,,,170.5126392795761,122,True,False,True,False,success,0.4755436182022095,,,ou_noise,0,1397584,2785170,1392585,14.684097952530033,31.53195737619869,,,
2748,2747,,,-57.157508154155664,87,False,True,True,False,collision,3.9554030895233154,,,ou_noise,0,1397671,2785344,1392672,14.908733354217704,31.899695231996734,,,
2749,2748,,,169.46783400992592,121,True,False,True,False,success,0.48228952288627625,,,ou_noise,0,1397792,2785586,1392793,16.647878510892884,31.484238159558004,,,
2750,2749,,,-314.06004105532435,1000,False,False,False,True,cutoff,7.129673004150391,,,ou_noise,0,1398792,2787586,1393793,15.443458793640136,31.22141842842102,,,
2751,2750,,,-251.19332936823986,1000,False,False,False,True,cutoff,7.531848907470703,,,ou_noise,0,1399792,2789586,1394793,15.201578948259353,30.97994933319092,,,
2752,2751,,,-207.95985441463264,1000,False,False,False,True,cutoff,6.988340377807617,,,ou_noise,0,1400792,2791586,1395793,14.329569986343383,31.0613351688385,,,
2753,2752,,,168.16130837713916,127,True,False,True,False,success,0.40699470043182373,,,ou_noise,0,1400919,2791840,1395920,14.018108026249202,31.293336868286133,,,
2754,2753,,,170.23986676390777,119,True,False,True,False,success,0.4475722312927246,,,ou_noise,0,1401038,2792078,1396039,14.215533831540276,31.077512532723052,,,
2755,2754,,,148.15224555602015,196,True,False,True,False,success,0.4304652512073517,,,ou_noise,0,1401234,2792470,1396235,13.416829985015246,30.922853138982035,,,
2756,2755,,,165.30134518517255,137,True,False,True,False,success,0.48166218400001526,,,ou_noise,0,1401371,2792744,1396372,13.747051950788846,30.879898126978073,,,
2757,2756,,,172.09188358213024,112,True,False,True,False,success,0.4760217070579529,,,ou_noise,0,1401483,2792968,1396484,14.00394252368382,30.799909319196427,,,
2758,2757,,,-231.08826577439737,1000,False,False,False,True,cutoff,7.525496006011963,,,ou_noise,0,1402483,2794968,1397484,13.326328013300897,30.921624380111695,,,
2759,2758,,,168.8830585117238,126,True,False,True,False,success,0.47050535678863525,,,ou_noise,0,1402609,2795220,1397610,13.67364691931104,30.92898582276844,,,
2760,2759,,,169.66031757534,119,True,False,True,False,success,0.474823534488678,,,ou_noise,0,1402728,2795458,1397729,13.464711385614732,31.05601615264636,,,
2761,2760,,,172.03991265516444,115,True,False,True,False,success,0.4049052298069,,,ou_noise,0,1402843,2795688,1397844,13.755598812517912,30.89462600376295,,,
2762,2761,,,166.96348779744,127,True,False,True,False,success,0.4928535223007202,,,ou_noise,0,1402970,2795942,1397971,12.940116572567797,30.984602274857167,,,
2763,2762,,,-237.17586136610313,1000,False,False,False,True,cutoff,7.104401588439941,,,ou_noise,0,1403970,2797942,1398971,13.763738090515137,31.043969879150392,,,
2764,2763,,,-239.7156469317659,1000,False,False,False,True,cutoff,7.115910530090332,,,ou_noise,0,1404970,2799942,1399971,13.6312921987772,31.16693313407898,,,
2765,2764,,,168.4745269575859,123,True,False,True,False,success,0.44073590636253357,,,ou_noise,0,1405093,2800188,1400094,13.297784241234384,31.375497538868974,,,
2766,2765,,,-54.3642572524079,93,False,True,True,False,collision,3.5818049907684326,,,ou_noise,0,1405186,2800374,1400187,12.719898475113736,31.288795901883034,,,
2767,2766,,,166.64369864323965,134,True,False,True,False,success,0.4202505350112915,,,ou_noise,0,1405320,2800642,1400321,13.85476065927477,31.262862233973262,,,
2768,2767,,,-227.48208849533225,1000,False,False,False,True,cutoff,7.463141441345215,,,ou_noise,0,1406320,2802642,1401321,13.285876410245896,31.3270040473938,,,
2769,2768,,,164.25191087496947,140,True,False,True,False,success,0.4789210557937622,,,ou_noise,0,1406460,2802922,1401461,14.115439185074397,31.494084072113036,,,
2770,2769,,,173.30426041149389,110,True,False,True,False,success,0.4319940507411957,,,ou_noise,0,1406570,2803142,1401571,14.248600114475597,31.43842176957564,,,
2771,2770,,,168.44504247777348,126,True,False,True,False,success,0.4150214195251465,,,ou_noise,0,1406696,2803394,1401697,14.734651294965593,31.272562360006667,,,
2772,2771,,,-228.82447561468703,1000,False,False,False,True,cutoff,7.297440528869629,,,ou_noise,0,1407696,2805394,1402697,13.306064698219298,31.031053173065185,,,
2773,2772,,,-192.14363979895427,1000,False,False,False,True,cutoff,7.394388675689697,,,ou_noise,0,1408696,2807394,1403697,12.81287703371048,30.76121558761597,,,
2774,2773,,,167.87130357843432,131,True,False,True,False,success,0.4823366403579712,,,ou_noise,0,1408827,2807656,1403828,11.627643099267974,30.25264022186512,,,
2775,2774,,,-245.5734496322438,1000,False,False,False,True,cutoff,7.739040374755859,,,ou_noise,0,1409827,2809656,1404828,12.845818795084954,30.417753839492796,,,
2776,2775,,,172.58849698758522,108,True,False,True,False,success,0.4608268439769745,,,ou_noise,0,1409935,2809872,1404936,15.112860235902998,29.750274569899947,,,
2777,2776,,,169.51814907401925,123,True,False,True,False,success,0.4934259057044983,,,ou_noise,0,1410058,2810118,1405059,13.921174338193444,29.959808582212865,,,
2778,2777,,,163.26503113791685,141,True,False,True,False,success,0.44980114698410034,,,ou_noise,0,1410199,2810400,1405200,12.262101176782704,30.151197419944385,,,
2779,2778,,,-367.3881359470497,871,False,True,True,False,collision,5.925675868988037,,,ou_noise,0,1411070,2812142,1406071,12.323324747665879,29.73802983911385,,,
2780,2779,,,166.1796340691183,133,True,False,True,False,success,0.4407285749912262,,,ou_noise,0,1411203,2812408,1406204,11.460674907928123,29.682006305321714,,,
2781,2780,,,-223.02128528757018,1000,False,False,False,True,cutoff,8.260174751281738,,,ou_noise,0,1412203,2814408,1407204,12.790564007759095,29.444534759521485,,,
2782,2781,,,164.2447166556789,139,True,False,True,False,success,0.4427317678928375,,,ou_noise,0,1412342,2814686,1407343,14.990626132745536,29.559354960489618,,,
2783,2782,,,168.74201325295914,122,True,False,True,False,success,0.48401322960853577,,,ou_noise,0,1412464,2814930,1407465,13.963920180914831,29.259855942647967,,,
2784,2783,,,159.17746793207004,156,True,False,True,False,success,0.4313548505306244,,,ou_noise,0,1412620,2815242,1407621,12.506058229849888,29.486232671982204,,,
2785,2784,,,166.88408275905607,127,True,False,True,False,success,0.43848347663879395,,,ou_noise,0,1412747,2815496,1407748,12.929336151738806,29.668534676859696,,,
2786,2785,,,161.81926438452612,144,True,False,True,False,success,0.4815618395805359,,,ou_noise,0,1412891,2815784,1407892,13.211063277390268,29.314411838849384,,,
2787,2786,,,-31.381485171960975,108,False,True,True,False,collision,0.9037524461746216,,,ou_noise,0,1412999,2816000,1408000,12.809525392673633,28.950589603847927,,,
2788,2787,,,-216.40763765356667,1000,False,False,False,True,cutoff,7.662204742431641,,,ou_noise,0,1413999,2818000,1409000,12.749441143631936,29.133572929382325,,,
2789,2788,,,168.48262655629668,125,True,False,True,False,success,0.48107409477233887,,,ou_noise,0,1414124,2818250,1409125,13.501935205459596,29.174664077758788,,,
2790,2789,,,-199.53012003711842,1000,False,False,False,True,cutoff,8.361712455749512,,,ou_noise,0,1415124,2820250,1410125,13.404849532008171,29.067079217910766,,,
2791,2790,,,164.67370323256,137,True,False,True,False,success,0.4302959740161896,,,ou_noise,0,1415261,2820524,1410262,13.04938181647419,28.940149697074055,,,
2792,2791,,,168.38731822403793,123,True,False,True,False,success,0.4430852234363556,,,ou_noise,0,1415384,2820770,1410385,15.576136901126645,28.711659811376556,,,
2793,2792,,,165.78703392268648,132,True,False,True,False,success,0.4043349027633667,,,ou_noise,0,1415516,2821034,1410517,12.196349624431495,28.978380911278002,,,
2794,2793,,,-221.94645744283676,1000,False,False,False,True,cutoff,7.608808517456055,,,ou_noise,0,1416516,2823034,1411517,12.613935081243515,28.568304197311402,,,
2795,2794,,,170.09856349529662,116,True,False,True,False,success,0.49165239930152893,,,ou_noise,0,1416632,2823266,1411633,12.193592940938883,28.582554537674476,,,
2796,2795,,,169.2240526735556,117,True,False,True,False,success,0.46078717708587646,,,ou_noise,0,1416749,2823500,1411750,13.539759395468948,28.361409798646584,,,
2797,2796,,,-227.5150517756686,1000,False,False,False,True,cutoff,7.589521408081055,,,ou_noise,0,1417749,2825500,1412750,11.857851659655571,28.226112020492554,,,
2798,2797,,,168.16786084960728,122,True,False,True,False,success,0.4679762125015259,,,ou_noise,0,1417871,2825744,1412872,13.694428973510616,27.70359437973773,,,
2799,2798,,,165.92204146849224,125,True,False,True,False,success,0.42675620317459106,,,ou_noise,0,1417996,2825994,1412997,11.874460180282593,27.653766189575194,,,
2800,2799,,,167.94296397681555,122,True,False,True,False,success,0.4430241882801056,,,ou_noise,0,1418118,2826238,1413119,11.283736012998174,27.664422035217285,,,
2801,2800,,,166.76706524723198,129,True,False,True,False,success,0.4551258683204651,,,ou_noise,0,1418247,2826496,1413248,12.90455682795177,27.68781379581422,,,
2802,2801,,,160.3994749536509,156,True,False,True,False,success,0.411464124917984,,,ou_noise,0,1418403,2826808,1413404,12.321939621216211,27.522533221122547,,,
2803,2802,,,-237.5079443425163,1000,False,False,False,True,cutoff,8.217529296875,,,ou_noise,0,1419403,2828808,1414404,11.869349144220353,27.381610624313353,,,
2804,2803,,,167.516333350575,129,True,False,True,False,success,0.45471101999282837,,,ou_noise,0,1419532,2829066,1414533,12.222024127494457,26.888415580572083,,,
2805,2804,,,159.84565168186262,155,True,False,True,False,success,0.46657997369766235,,,ou_noise,0,1419687,2829376,1414688,12.86150507619304,26.8511653161818,,,
2806,2805,,,-208.7669833919823,1000,False,False,False,True,cutoff,7.121181011199951,,,ou_noise,0,1420687,2831376,1415688,11.466802299380303,26.735793336868287,,,
2807,2806,,,166.33926860168663,127,True,False,True,False,success,0.48622021079063416,,,ou_noise,0,1420814,2831630,1415815,11.431254324011915,26.61869026544526,,,
2808,2807,,,167.3176706818102,131,True,False,True,False,success,0.41019874811172485,,,ou_noise,0,1420945,2831892,1415946,11.690958463508665,26.6814592230411,,,
2809,2808,,,-307.2472922011607,1000,False,False,False,True,cutoff,7.328636646270752,,,ou_noise,0,1421945,2833892,1416946,12.47020067358017,26.143999116897582,,,
2810,2809,,,166.38888538455578,130,True,False,True,False,success,0.4560694694519043,,,ou_noise,0,1422075,2834152,1417076,13.11749346439655,26.151879677405724,,,
2811,2810,,,169.867226116467,120,True,False,True,False,success,0.4562724530696869,,,ou_noise,0,1422195,2834392,1417196,12.608627067009609,25.997024488449096,,,
2812,2811,,,-220.46446090296715,1000,False,False,False,True,cutoff,7.158581733703613,,,ou_noise,0,1423195,2836392,1418196,12.132754185318946,25.753893800735472,,,
2813,2812,,,162.21956865111903,141,True,False,True,False,success,0.4880720376968384,,,ou_noise,0,1423336,2836674,1418337,11.302314456473006,25.576202798396984,,,
2814,2813,,,156.82329767642784,155,True,False,True,False,success,0.47584235668182373,,,ou_noise,0,1423491,2836984,1418492,11.677374895157353,25.69313646131946,,,
2815,2814,,,-210.14928051715196,1000,False,False,False,True,cutoff,7.17897367477417,,,ou_noise,0,1424491,2838984,1419492,12.71268557703495,25.46165528678894,,,
2816,2815,,,-267.73734114636557,1000,False,False,False,True,cutoff,7.169993877410889,,,ou_noise,0,1425491,2840984,1420492,11.93153694152832,25.231289766311644,,,
2817,2816,,,-202.14981645500228,1000,False,False,False,True,cutoff,7.008913040161133,,,ou_noise,0,1426491,2842984,1421492,13.002456729769706,25.038966342926024,,,
2818,2817,,,164.56714286471487,137,True,False,True,False,success,0.4896189272403717,,,ou_noise,0,1426628,2843258,1421629,13.401696602793505,24.914762023591646,,,
2819,2818,,,166.8265781530871,129,True,False,True,False,success,0.4655313789844513,,,ou_noise,0,1426757,2843516,1421758,13.513237832128539,24.879805335702823,,,
2820,2819,,,164.9174995024881,137,True,False,True,False,success,0.46887150406837463,,,ou_noise,0,1426894,2843790,1421895,12.624154936658204,24.515773870649127,,,
2821,2820,,,-231.53446597903888,1000,False,False,False,True,cutoff,7.8623366355896,,,ou_noise,0,1427894,2845790,1422895,13.185824739813805,24.52846469116211,,,
2822,2821,,,166.84583504208564,131,True,False,True,False,success,0.45553460717201233,,,ou_noise,0,1428025,2846052,1423026,12.782666983495233,24.16682987358734,,,
2823,2822,,,161.26146205904215,148,True,False,True,False,success,0.4218425452709198,,,ou_noise,0,1428173,2846348,1423174,13.275955625482508,24.27719933277852,,,
2824,2823,,,165.93355103324896,132,True,False,True,False,success,0.45840904116630554,,,ou_noise,0,1428305,2846612,1423306,12.442777155023633,24.303655523242373,,,
2825,2824,,,-220.9941151657249,1000,False,False,False,True,cutoff,6.962856292724609,,,ou_noise,0,1429305,2848612,1424306,13.301985249400138,24.09235464668274,,,
2826,2825,,,-246.28626401293582,1000,False,False,False,True,cutoff,7.56570291519165,,,ou_noise,0,1430305,2850612,1425306,13.719964363455773,23.807461896896363,,,
2827,2826,,,165.50666241436403,129,True,False,True,False,success,0.46282684803009033,,,ou_noise,0,1430434,2850870,1425435,14.100146956222002,23.832344528316526,,,
2828,2827,,,-196.80259261602927,490,False,True,True,False,collision,3.1323413848876953,,,ou_noise,0,1430924,2851850,1425925,13.338406168441383,23.938925159220794,,,
2829,2828,,,166.10191016295417,128,True,False,True,False,success,0.4619026780128479,,,ou_noise,0,1431052,2852106,1426053,14.331681940704584,23.870093628764153,,,
2830,2829,,,165.20674828408994,132,True,False,True,False,success,0.49296677112579346,,,ou_noise,0,1431184,2852370,1426185,13.289360233328559,23.518090378154408,,,
2831,2830,,,-214.86820893655167,1000,False,False,False,True,cutoff,7.173703193664551,,,ou_noise,0,1432184,2854370,1427185,13.41428737437725,23.533743188858033,,,
2832,2831,,,166.44699694026755,127,True,False,True,False,success,0.48291248083114624,,,ou_noise,0,1432311,2854624,1427312,12.229229215561874,23.243557772298498,,,
2833,2832,,,164.99152951825215,137,True,False,True,False,success,0.47304078936576843,,,ou_noise,0,1432448,2854898,1427449,13.223586773350291,23.28605214696731,,,
2834,2833,,,168.23162400055787,123,True,False,True,False,success,0.4650464951992035,,,ou_noise,0,1432571,2855144,1427572,14.177427904392646,23.288379731217052,,,
2835,2834,,,-222.78021418300693,1000,False,False,False,True,cutoff,7.1045918464660645,,,ou_noise,0,1433571,2857144,1428572,13.907463538050651,23.31013048171997,,,
2836,2835,,,170.5535904811279,112,True,False,True,False,success,0.499557226896286,,,ou_noise,0,1433683,2857368,1428684,15.160644170429025,23.125742622784205,,,
2837,2836,,,163.7828521336408,125,True,False,True,False,success,0.46789485216140747,,,ou_noise,0,1433808,2857618,1428809,13.949787467956543,23.100995513916015,,,
2838,2837,,,171.26913035239886,112,True,False,True,False,success,0.4161142408847809,,,ou_noise,0,1433920,2857842,1428921,15.54085127370698,23.054087247167313,,,
2839,2838,,,-206.12253149186282,1000,False,False,False,True,cutoff,7.5832200050354,,,ou_noise,0,1434920,2859842,1429921,13.53774482345581,22.909160526275635,,,
2840,2839,,,169.30607909631524,121,True,False,True,False,success,0.44177234172821045,,,ou_noise,0,1435041,2860084,1430042,13.867392750810986,22.581523422367315,,,
2841,2840,,,158.60293908250898,150,True,False,True,False,success,0.4934455454349518,,,ou_noise,0,1435191,2860384,1430192,13.325979436238606,22.621332613627114,,,
2842,2841,,,166.20829116422306,127,True,False,True,False,success,0.4630209803581238,,,ou_noise,0,1435318,2860638,1430319,12.777219393121914,22.689008757824034,,,
2843,2842,,,166.0106639266491,129,True,False,True,False,success,0.4760972261428833,,,ou_noise,0,1435447,2860896,1430448,14.600153972936232,22.56868306241294,,,
2844,2843,,,171.49926466224696,112,True,False,True,False,success,0.4218645393848419,,,ou_noise,0,1435559,2861120,1430560,14.029780917934008,22.636170353208268,,,
2845,2844,,,162.116525146193,136,True,False,True,False,success,0.4422045052051544,,,ou_noise,0,1435695,2861392,1430696,14.15291358881137,22.190740992041196,,,
2846,2845,,,-195.709034905677,1000,False,False,False,True,cutoff,8.269028663635254,,,ou_noise,0,1436695,2863392,1431696,14.364277632951737,22.370100313186647,,,
2847,2846,,,-193.65844194757275,1000,False,False,False,True,cutoff,7.266139984130859,,,ou_noise,0,1437695,2865392,1432696,14.33726120519638,22.242880935668946,,,
2848,2847,,,-240.6695429948464,1000,False,False,False,True,cutoff,6.624722957611084,,,ou_noise,0,1438695,2867392,1433696,13.474197876930237,22.10128863143921,,,
2849,2848,,,171.28203754159676,114,True,False,True,False,success,0.43997377157211304,,,ou_noise,0,1438809,2867620,1433810,14.071559759608487,22.105652457789372,,,
2850,2849,,,-216.62739573520508,500,False,True,True,False,collision,6.593353271484375,,,ou_noise,0,1439309,2868620,1434310,14.742607985496521,21.864695739746093,,,
2851,2850,,,-199.06864883135648,1000,False,False,False,True,cutoff,5.7458720207214355,,,ou_noise,0,1440309,2870620,1435310,14.514408288478851,21.775796515464783,,,
2852,2851,,,165.8212364275335,132,True,False,True,False,success,0.43565842509269714,,,ou_noise,0,1440441,2870884,1435442,14.432162649703749,21.5463848547502,,,
2853,2852,,,168.5480663678986,119,True,False,True,False,success,0.4462224245071411,,,ou_noise,0,1440560,2871122,1435561,16.357937043454466,21.4173704275564,,,
2854,2853,,,-216.9895620534256,1000,False,False,False,True,cutoff,6.530287742614746,,,ou_noise,0,1441560,2873122,1436561,14.051002479553222,21.71668069076538,,,
2855,2854,,,171.05504900775244,115,True,False,True,False,success,0.45355895161628723,,,ou_noise,0,1441675,2873352,1436676,12.459577462984168,21.675628164540168,,,
2856,2855,,,-224.0750562085121,1000,False,False,False,True,cutoff,7.203163146972656,,,ou_noise,0,1442675,2875352,1437676,14.544464979171753,21.464538862228395,,,
2857,2856,,,171.8755379765579,114,True,False,True,False,success,0.4450250267982483,,,ou_noise,0,1442789,2875580,1437790,16.072235630269635,21.591402371724445,,,
2858,2857,,,-203.41880406045877,1000,False,False,False,True,cutoff,7.473733425140381,,,ou_noise,0,1443789,2877580,1438790,14.716003192782402,21.371644552230833,,,
2859,2858,,,-281.49831412477437,1000,False,False,False,True,cutoff,7.437602519989014,,,ou_noise,0,1444789,2879580,1439790,13.617634759187698,21.483741081237792,,,
2860,2859,,,169.62431727518504,117,True,False,True,False,success,0.47343313694000244,,,ou_noise,0,1444906,2879814,1439907,13.9917121330897,21.814297162569485,,,
2861,2860,,,160.20722397857446,150,True,False,True,False,success,0.45590391755104065,,,ou_noise,0,1445056,2880114,1440057,12.775136365890503,21.444364223480225,,,
2862,2861,,,-280.06256029943546,1000,False,False,False,True,cutoff,7.256330490112305,,,ou_noise,0,1446056,2882114,1441057,13.979607558727265,21.602510689735414,,,
2863,2862,,,165.95387044731015,132,True,False,True,False,success,0.4867187440395355,,,ou_noise,0,1446188,2882378,1441189,15.078981271295836,21.717935013048578,,,
2864,2863,,,-336.2431834681338,1000,False,False,False,True,cutoff,7.585062026977539,,,ou_noise,0,1447188,2884378,1442189,14.49030070066452,21.841285047531127,,,
2865,2864,,,165.73312195369266,132,True,False,True,False,success,0.48704954981803894,,,ou_noise,0,1447320,2884642,1442321,17.127997210531525,21.983549493731875,,,
2866,2865,,,-231.94873655295646,1000,False,False,False,True,cutoff,5.960425853729248,,,ou_noise,0,1448320,2886642,1443321,14.693411037564278,22.168134298324585,,,
2867,2866,,,-256.03384683212664,1000,False,False,False,True,cutoff,7.167620658874512,,,ou_noise,0,1449320,2888642,1444321,13.968800837516785,22.217702085494995,,,
2868,2867,,,-211.70658572101402,1000,False,False,False,True,cutoff,5.433282852172852,,,ou_noise,0,1450320,2890642,1445321,13.44626735663414,22.435423137664795,,,
2869,2868,,,-221.41004940981475,1000,False,False,False,True,cutoff,6.792828559875488,,,ou_noise,0,1451320,2892642,1446321,14.9335850379467,22.52300923347473,,,
2870,2869,,,-252.14839689832078,1000,False,False,False,True,cutoff,6.365413188934326,,,ou_noise,0,1452320,2894642,1447321,14.068310367941857,22.407469581604005,,,
2871,2870,,,171.16836050716591,116,True,False,True,False,success,0.4989479184150696,,,ou_noise,0,1452436,2894874,1447437,13.899934265120276,22.173613235868256,,,
2872,2871,,,-196.90675404235725,1000,False,False,False,True,cutoff,8.167365074157715,,,ou_noise,0,1453436,2896874,1448437,13.850236572265626,22.379077819824218,,,
2873,2872,,,-85.60499416689038,57,False,True,True,False,collision,7.203390121459961,,,ou_noise,0,1453493,2896988,1448494,12.848966182323924,22.469954473930493,,,
2874,2873,,,-227.30284775241554,1000,False,False,False,True,cutoff,7.122833251953125,,,ou_noise,0,1454493,2898988,1449494,14.554252601742744,22.309109536170958,,,
2875,2874,,,163.08119389484406,137,True,False,True,False,success,0.43665438890457153,,,ou_noise,0,1454630,2899262,1449631,14.597750644614226,22.25403114652982,,,
2876,2875,,,164.65691499351968,135,True,False,True,False,success,0.42355895042419434,,,ou_noise,0,1454765,2899532,1449766,11.561454741160075,21.98537411159939,,,
2877,2876,,,-249.75529333453684,1000,False,False,False,True,cutoff,6.864331245422363,,,ou_noise,0,1455765,2901532,1450766,13.973970600247384,22.162574459075927,,,
2878,2877,,,-221.90789650879373,1000,False,False,False,True,cutoff,7.275155544281006,,,ou_noise,0,1456765,2903532,1451766,14.965263480186463,22.31419711112976,,,
2879,2878,,,163.71008311681328,137,True,False,True,False,success,0.49628791213035583,,,ou_noise,0,1456902,2903806,1451903,12.152838586890784,22.229577711898916,,,
2880,2879,,,-300.5377858635867,764,False,True,True,False,collision,5.944721221923828,,,ou_noise,0,1457666,2905334,1452667,16.39378114801427,22.372014526297285,,,
2881,2880,,,170.0490614059023,120,True,False,True,False,success,0.4266679883003235,,,ou_noise,0,1457786,2905574,1452787,22.890145365397135,22.633531045913696,,,
2882,2881,,,170.08612129354427,119,True,False,True,False,success,0.42714402079582214,,,ou_noise,0,1457905,2905812,1452906,19.54346770398757,22.77620238616687,,,
2883,2882,,,-221.1048299589223,578,False,True,True,False,collision,6.556484699249268,,,ou_noise,0,1458483,2906968,1453484,13.548149978000813,22.662229650160846,,,
2884,2883,,,-142.36053582729738,314,False,True,True,False,collision,6.196163177490234,,,ou_noise,0,1458797,2907596,1453798,16.728033220692044,22.627737045288086,,,
2885,2884,,,163.01370622950628,140,True,False,True,False,success,0.4520627558231354,,,ou_noise,0,1458937,2907876,1453938,15.1853566970144,22.943118109021867,,,
2886,2885,,,-198.25152029652298,1000,False,False,False,True,cutoff,8.23924446105957,,,ou_noise,0,1459937,2909876,1454938,16.930746663212776,22.849452047348024,,,
2887,2886,,,-215.62002749229592,1000,False,False,False,True,cutoff,7.069518566131592,,,ou_noise,0,1460937,2911876,1455938,16.947907175302504,22.874789377212526,,,
2888,2887,,,169.8918501243756,116,True,False,True,False,success,0.45095619559288025,,,ou_noise,0,1461053,2912108,1456054,18.956410695766582,22.907871164124586,,,
2889,2888,,,-88.18595302420186,22,False,True,True,False,collision,8.792011260986328,,,ou_noise,0,1461075,2912152,1456076,13.292049949819392,22.690220486034047,,,
2890,2889,,,168.39953670280164,123,True,False,True,False,success,0.49218785762786865,,,ou_noise,0,1461198,2912398,1456199,17.63444939279944,22.80671220484788,,,
2891,2890,,,159.01848885106733,140,True,False,True,False,success,0.483341246843338,,,ou_noise,0,1461338,2912678,1456339,16.127047387191226,22.64321451187134,,,
2892,2891,,,-221.605112667605,1000,False,False,False,True,cutoff,7.038948059082031,,,ou_noise,0,1462338,2914678,1457339,16.427449552059173,22.788018354415893,,,
2893,2892,,,-215.11071666529642,1000,False,False,False,True,cutoff,6.986495018005371,,,ou_noise,0,1463338,2916678,1458339,18.678465229034423,22.698213561058044,,,
2894,2893,,,170.84731077193703,120,True,False,True,False,success,0.40281936526298523,,,ou_noise,0,1463458,2916918,1458459,15.938152418533962,22.601842848459878,,,
2895,2894,,,-246.4548668753537,1000,False,False,False,True,cutoff,5.559951305389404,,,ou_noise,0,1464458,2918918,1459459,18.027364367485045,22.64618555355072,,,
2896,2895,,,158.95108022986267,148,True,False,True,False,success,0.4748126268386841,,,ou_noise,0,1464606,2919214,1459607,16.26068288893313,22.674631428074193,,,
2897,2896,,,170.36864226449276,121,True,False,True,False,success,0.4741986393928528,,,ou_noise,0,1464727,2919456,1459728,15.67050429809192,22.69780278796992,,,
2898,2897,,,165.15345996415374,138,True,False,True,False,success,0.41493692994117737,,,ou_noise,0,1464865,2919732,1459866,22.01538005946339,22.60431701549585,,,
2899,2898,,,-225.5001270679732,1000,False,False,False,True,cutoff,7.2261223793029785,,,ou_noise,0,1465865,2921732,1460866,19.631313682079316,22.545909742355345,,,
2900,2899,,,-242.7680773289355,634,False,True,True,False,collision,6.694515228271484,,,ou_noise,0,1466499,2923000,1461500,18.54795328638155,22.527793225429786,,,
2901,2900,,,170.50306674910172,121,True,False,True,False,success,0.42915603518486023,,,ou_noise,0,1466620,2923242,1461621,14.323622021793334,22.46317173035677,,,
2902,2901,,,168.87376407776966,120,True,False,True,False,success,0.4810262620449066,,,ou_noise,0,1466740,2923482,1461741,14.942087040344875,22.645933882395425,,,
2903,2902,,,-228.6096616809727,635,False,True,True,False,collision,6.436986446380615,,,ou_noise,0,1467375,2924752,1462376,18.46014075279236,22.990761337881015,,,
2904,2903,,,166.74685419070173,129,True,False,True,False,success,0.4432949125766754,,,ou_noise,0,1467504,2925010,1462505,13.924265869828158,23.372404105903566,,,
2905,2904,,,169.58539466193133,122,True,False,True,False,success,0.4211004674434662,,,ou_noise,0,1467626,2925254,1462627,18.306486026185457,23.460602744680937,,,
2906,2905,,,-297.3929080527927,1000,False,False,False,True,cutoff,3.884688138961792,,,ou_noise,0,1468626,2927254,1463627,15.88021740913391,23.675883218765257,,,
2907,2906,,,-297.9485688292058,1000,False,False,False,True,cutoff,7.262076377868652,,,ou_noise,0,1469626,2929254,1464627,17.946439125299452,24.230732597351075,,,
2908,2907,,,-232.93370433269956,1000,False,False,False,True,cutoff,6.558877468109131,,,ou_noise,0,1470626,2931254,1465627,18.867504339694978,24.65963551712036,,,
2909,2908,,,167.6031761302475,130,True,False,True,False,success,0.4406529664993286,,,ou_noise,0,1470756,2931514,1465757,15.71747591312115,24.76374431023231,,,
2910,2909,,,-303.2280104744614,1000,False,False,False,True,cutoff,6.651432514190674,,,ou_noise,0,1471756,2933514,1466757,19.373654191493987,25.304744121551515,,,
2911,2910,,,170.26195595478603,123,True,False,True,False,success,0.4205603003501892,,,ou_noise,0,1471879,2933760,1466880,18.11965946065701,26.11815330071178,,,
2912,2911,,,167.57334624997173,132,True,False,True,False,success,0.4241238236427307,,,ou_noise,0,1472011,2934024,1467012,17.42568504449093,26.099466569495924,,,
2913,2912,,,172.40140818000884,117,True,False,True,False,success,0.44367724657058716,,,ou_noise,0,1472128,2934258,1467129,22.49450568459992,26.154319567558094,,,
2914,2913,,,168.89345858937452,116,True,False,True,False,success,0.499449759721756,,,ou_noise,0,1472244,2934490,1467245,19.083614365807897,26.060405024166766,,,
2915,2914,,,-81.80160565318994,175,False,True,True,False,collision,3.000692844390869,,,ou_noise,0,1472419,2934840,1467420,23.076858188084195,26.55302079336984,,,
2916,2915,,,170.72305996658406,115,True,False,True,False,success,0.49544668197631836,,,ou_noise,0,1472534,2935070,1467535,19.782105317323104,26.459818383921746,,,
2917,2916,,,166.6245687797805,127,True,False,True,False,success,0.47224515676498413,,,ou_noise,0,1472661,2935324,1467662,20.694882991745715,26.195836224893885,,,
2918,2917,,,-299.2270033224467,1000,False,False,False,True,cutoff,7.136110305786133,,,ou_noise,0,1473661,2937324,1468662,20.45659135556221,26.735822326660156,,,
2919,2918,,,168.41075381559403,123,True,False,True,False,success,0.49831345677375793,,,ou_noise,0,1473784,2937570,1468785,25.194262326248293,27.220394661756067,,,
2920,2919,,,-209.28419045931653,1000,False,False,False,True,cutoff,8.341068267822266,,,ou_noise,0,1474784,2939570,1469785,20.685148113965987,26.720792430877687,,,
2921,2920,,,-215.29286643213854,1000,False,False,False,True,cutoff,8.427733421325684,,,ou_noise,0,1475784,2941570,1470785,17.289913055181504,26.407382593154907,,,
2922,2921,,,170.09158068854157,118,True,False,True,False,success,0.48868444561958313,,,ou_noise,0,1475902,2941806,1470903,16.561700727980014,26.41217799105887,,,
2923,2922,,,-211.67208086266166,1000,False,False,False,True,cutoff,8.361749649047852,,,ou_noise,0,1476902,2943806,1471903,20.014844920158385,26.207826887130736,,,
2924,2923,,,-189.95914962807143,1000,False,False,False,True,cutoff,8.300046920776367,,,ou_noise,0,1477902,2945806,1472903,17.98671567726135,25.85154966545105,,,
2925,2924,,,169.8288797800841,126,True,False,True,False,success,0.42684876918792725,,,ou_noise,0,1478028,2946058,1473029,22.221507835009742,25.486841701325915,,,
2926,2925,,,170.7554920232222,122,True,False,True,False,success,0.4369969666004181,,,ou_noise,0,1478150,2946302,1473151,19.017846728934618,25.586147777369764,,,
2927,2926,,,172.78932988695425,109,True,False,True,False,success,0.4478181004524231,,,ou_noise,0,1478259,2946520,1473260,23.760384537758082,25.32753802658221,,,
2928,2927,,,1.0120640932294265,735,True,False,True,False,success,0.46902787685394287,,,ou_noise,0,1478994,2947990,1473995,17.717243710991475,25.341148438745616,,,
2929,2928,,,-230.8084561588254,1000,False,False,False,True,cutoff,7.324168682098389,,,ou_noise,0,1479994,2949990,1474995,18.06300163912773,25.417010427474974,,,
2930,2929,,,-140.1255040259285,331,False,True,True,False,collision,6.329200267791748,,,ou_noise,0,1480325,2950652,1475326,17.024419011666335,25.296534535387853,,,
2931,2930,,,171.40685707403537,114,True,False,True,False,success,0.4877808392047882,,,ou_noise,0,1480439,2950880,1475440,17.228555526649743,25.228473613136693,,,
2932,2931,,,-223.10899476690955,1000,False,False,False,True,cutoff,8.49491024017334,,,ou_noise,0,1481439,2952880,1476440,18.443826809883117,25.361282409667968,,,
2933,2932,,,-157.94029168340617,336,False,True,True,False,collision,6.380154609680176,,,ou_noise,0,1481775,2953552,1476776,22.2708081780445,25.44632861160097,,,
2934,2933,,,170.7047081154826,128,True,False,True,False,success,0.46722209453582764,,,ou_noise,0,1481903,2953808,1476904,15.776723410002887,25.333078548312187,,,
2935,2934,,,164.7230939622039,134,True,False,True,False,success,0.49556034803390503,,,ou_noise,0,1482037,2954076,1477038,15.01023911540188,25.13751203622391,,,
2936,2935,,,-231.0974718320804,1000,False,False,False,True,cutoff,7.426307201385498,,,ou_noise,0,1483037,2956076,1478038,21.24339887547493,25.329496587753297,,,
2937,2936,,,-227.3299172553685,1000,False,False,False,True,cutoff,8.029376029968262,,,ou_noise,0,1484037,2958076,1479038,19.22989090323448,25.244452558517455,,,
2938,2937,,,163.88390665998125,137,True,False,True,False,success,0.41247087717056274,,,ou_noise,0,1484174,2958350,1479175,25.726824487212802,25.29220310962983,,,
2939,2938,,,170.2190061592854,126,True,False,True,False,success,0.4504229426383972,,,ou_noise,0,1484300,2958602,1479301,17.877557343906826,25.43271603659978,,,
2940,2939,,,173.97388991296685,113,True,False,True,False,success,0.4384942948818207,,,ou_noise,0,1484413,2958828,1479414,13.361939419687321,24.833792897452295,,,
2941,2940,,,-243.7299312295786,1000,False,False,False,True,cutoff,7.067263126373291,,,ou_noise,0,1485413,2960828,1480414,20.332535049915315,25.253883718490602,,,
2942,2941,,,168.41942323177466,125,True,False,True,False,success,0.48311683535575867,,,ou_noise,0,1485538,2961078,1480539,15.262954303741456,25.06072732543945,,,
2943,2942,,,172.65910852342336,111,True,False,True,False,success,0.43550992012023926,,,ou_noise,0,1485649,2961300,1480650,15.711476880150872,25.21861237878198,,,
2944,2943,,,-217.75886586650253,1000,False,False,False,True,cutoff,6.902864456176758,,,ou_noise,0,1486649,2963300,1481650,16.367915024995803,25.03301818847656,,,
2945,2944,,,169.39340241583136,120,True,False,True,False,success,0.4804650843143463,,,ou_noise,0,1486769,2963540,1481770,24.684521704912186,24.875358009338377,,,
2946,2945,,,-227.334388511482,1000,False,False,False,True,cutoff,7.713774681091309,,,ou_noise,0,1487769,2965540,1482770,18.513948884010315,24.780555728912354,,,
2947,2946,,,-219.62639016714706,1000,False,False,False,True,cutoff,7.351649761199951,,,ou_noise,0,1488769,2967540,1483770,16.27782592010498,24.493711633682253,,,
2948,2947,,,-256.3184392841461,1000,False,False,False,True,cutoff,7.527769565582275,,,ou_noise,0,1489769,2969540,1484770,19.990953588485716,24.286967596054076,,,
2949,2948,,,-240.82451416813933,1000,False,False,False,True,cutoff,7.226091384887695,,,ou_noise,0,1490769,2971540,1485770,20.26137924146652,24.08631439971924,,,
2950,2949,,,170.28733562400316,127,True,False,True,False,success,0.4326983392238617,,,ou_noise,0,1490896,2971794,1485897,18.867039415780013,23.954065743393784,,,
2951,2950,,,162.89147870379605,141,True,False,True,False,success,0.49401968717575073,,,ou_noise,0,1491037,2972076,1486038,19.310345201627584,23.889842351277668,,,
2952,2951,,,-198.59046079300097,1000,False,False,False,True,cutoff,7.632892608642578,,,ou_noise,0,1492037,2974076,1487038,18.074772483348845,24.014301630020142,,,
2953,2952,,,171.18449388804618,113,True,False,True,False,success,0.4973149001598358,,,ou_noise,0,1492150,2974302,1487151,17.483230109763355,23.95985081765504,,,
2954,2953,,,170.87166016846737,118,True,False,True,False,success,0.48727333545684814,,,ou_noise,0,1492268,2974538,1487269,20.633947637121555,24.438210406545867,,,
2955,2954,,,168.10586781448734,124,True,False,True,False,success,0.4241315424442291,,,ou_noise,0,1492392,2974786,1487393,23.172609023509487,24.32228619052518,,,
2956,2955,,,70.93150035179592,440,True,False,True,False,success,0.4878771901130676,,,ou_noise,0,1492832,2975666,1487833,16.163304871320726,23.905254186283457,,,
2957,2956,,,169.07386931497257,121,True,False,True,False,success,0.4565902054309845,,,ou_noise,0,1492953,2975908,1487954,18.718825277218148,23.979735429621925,,,
2958,2957,,,-198.53003414654677,1000,False,False,False,True,cutoff,7.100521087646484,,,ou_noise,0,1493953,2977908,1488954,19.746478666067123,24.008623655319212,,,
2959,2958,,,-222.36045899533565,1000,False,False,False,True,cutoff,7.3388166427612305,,,ou_noise,0,1494953,2979908,1489954,19.02533769130707,24.213101349830627,,,
2960,2959,,,135.3385162256726,209,True,False,True,False,success,0.42832210659980774,,,ou_noise,0,1495162,2980326,1490163,18.85802666194131,24.394167713001014,,,
2961,2960,,,165.87487626575316,134,True,False,True,False,success,0.4542883336544037,,,ou_noise,0,1495296,2980594,1490297,17.488100655043304,24.120863202792496,,,
2962,2961,,,152.64901888218557,186,True,False,True,False,success,0.4373488426208496,,,ou_noise,0,1495482,2980966,1490483,16.537319353831712,24.320093708653605,,,
2963,2962,,,-294.22050226764736,1000,False,False,False,True,cutoff,4.506284236907959,,,ou_noise,0,1496482,2982966,1491483,19.061275052070616,24.4248571434021,,,
2964,2963,,,-242.50639950501744,1000,False,False,False,True,cutoff,7.343336582183838,,,ou_noise,0,1497482,2984966,1492483,21.715409932613372,24.968976112365723,,,
2965,2964,,,165.37536242033028,136,True,False,True,False,success,0.4845629930496216,,,ou_noise,0,1497618,2985238,1492619,24.302490888273013,25.26647426100338,,,
2966,2965,,,-260.8143284108656,1000,False,False,False,True,cutoff,6.6857476234436035,,,ou_noise,0,1498618,2987238,1493619,18.472264444112778,25.37600662994385,,,
2967,2966,,,165.7830737859714,128,True,False,True,False,success,0.4798685908317566,,,ou_noise,0,1498746,2987494,1493747,17.006049325689673,25.21484938263893,,,
2968,2967,,,167.427028150635,122,True,False,True,False,success,0.4776923358440399,,,ou_noise,0,1498868,2987738,1493869,21.77706816743632,25.699088252958703,,,
2969,2968,,,-199.6030112355707,1000,False,False,False,True,cutoff,8.538458824157715,,,ou_noise,0,1499868,2989738,1494869,17.569401053905487,25.589903402328492,,,
2970,2969,,,-202.5143302035218,1000,False,False,False,True,cutoff,7.396063804626465,,,ou_noise,0,1500868,2991738,1495869,22.120526064157485,25.878768745422363,,,
2971,2970,,,-232.80275388256908,1000,False,False,False,True,cutoff,4.7557525634765625,,,ou_noise,0,1501868,2993738,1496869,21.463576447486876,26.191828903198243,,,
2972,2971,,,-296.24955100503587,1000,False,False,False,True,cutoff,7.275337219238281,,,ou_noise,0,1502868,2995738,1497869,21.75747182011604,26.432985803604126,,,
2973,2972,,,163.82733674681373,134,True,False,True,False,success,0.44271120429039,,,ou_noise,0,1503002,2996006,1498003,27.622428111175992,26.80573578734896,,,
2974,2973,,,169.7279617951078,118,True,False,True,False,success,0.42471858859062195,,,ou_noise,0,1503120,2996242,1498121,20.0208891488738,26.63827883186987,,,
2975,2974,,,-212.87837513028882,1000,False,False,False,True,cutoff,7.072216033935547,,,ou_noise,0,1504120,2998242,1499121,21.648713265657424,26.57095880317688,,,
2976,2975,,,-263.8205899889113,1000,False,False,False,True,cutoff,6.813429832458496,,,ou_noise,0,1505120,3000242,1500121,22.478884404182434,26.50525129508972,,,
2977,2976,,,157.40151761802957,151,True,False,True,False,success,0.4288434386253357,,,ou_noise,0,1505271,3000544,1500272,20.95827735970352,26.530986634311297,,,
2978,2977,,,167.3642448329241,130,True,False,True,False,success,0.49758175015449524,,,ou_noise,0,1505401,3000804,1500402,19.374815249443053,26.29019059401292,,,
2979,2978,,,170.8090741513006,117,True,False,True,False,success,0.46366631984710693,,,ou_noise,0,1505518,3001038,1500519,18.147830950908173,26.857054262079743,,,
2980,2979,,,-243.84334128665753,1000,False,False,False,True,cutoff,7.093921661376953,,,ou_noise,0,1506518,3003038,1501519,23.462237270116805,26.94618450164795,,,
2981,2980,,,168.2829288251128,127,True,False,True,False,success,0.4313034415245056,,,ou_noise,0,1506645,3003292,1501646,19.68761939138878,27.05660440039447,,,
2982,2981,,,171.16602270771074,112,True,False,True,False,success,0.43046635389328003,,,ou_noise,0,1506757,3003516,1501758,40.19800023095949,27.17857367651803,,,
2983,2982,,,154.33199371842676,179,True,False,True,False,success,0.43491023778915405,,,ou_noise,0,1506936,3003874,1501937,20.75165874864802,27.189268783484092,,,
2984,2983,,,79.58049280238242,417,True,False,True,False,success,0.4824850261211395,,,ou_noise,0,1507353,3004708,1502354,28.70040516944812,27.365736369034654,,,
2985,2984,,,-235.88301506345712,1000,False,False,False,True,cutoff,6.5334153175354,,,ou_noise,0,1508353,3006708,1503354,24.086788239479066,27.289731746673585,,,
2986,2985,,,-289.5989147807871,1000,False,False,False,True,cutoff,7.511784553527832,,,ou_noise,0,1509353,3008708,1504354,23.810469494819642,27.581874519348144,,,
2987,2986,,,164.87904373016312,135,True,False,True,False,success,0.4700024425983429,,,ou_noise,0,1509488,3008978,1504489,18.42539445205971,27.743089972601997,,,
2988,2987,,,171.17765055796488,118,True,False,True,False,success,0.44067665934562683,,,ou_noise,0,1509606,3009214,1504607,22.456230929342368,27.621792647798184,,,
2989,2988,,,168.38930162375766,120,True,False,True,False,success,0.45757460594177246,,,ou_noise,0,1509726,3009454,1504727,41.649482198556264,27.54258050918579,,,
2990,2989,,,-225.91894656867564,1000,False,False,False,True,cutoff,8.399992942810059,,,ou_noise,0,1510726,3011454,1505727,23.1805589363575,27.646855041503905,,,
2991,2990,,,-280.3333727942968,1000,False,False,False,True,cutoff,6.831564903259277,,,ou_noise,0,1511726,3013454,1506727,21.153118770837782,27.60748921585083,,,
2992,2991,,,169.56992965189585,122,True,False,True,False,success,0.42841073870658875,,,ou_noise,0,1511848,3013698,1506849,18.85426224059746,27.6351285215284,,,
2993,2992,,,169.05289173233376,120,True,False,True,False,success,0.48282590508461,,,ou_noise,0,1511968,3013938,1506969,41.20306386947632,27.571173763275148,,,
2994,2993,,,-260.5536677838772,1000,False,False,False,True,cutoff,7.495296478271484,,,ou_noise,0,1512968,3015938,1507969,25.196876145839692,27.70180375289917,,,
2995,2994,,,-282.5149556592235,1000,False,False,False,True,cutoff,7.167288780212402,,,ou_noise,0,1513968,3017938,1508969,20.72469673013687,27.542724910736084,,,
2996,2995,,,168.92790626876626,119,True,False,True,False,success,0.47711068391799927,,,ou_noise,0,1514087,3018176,1509088,38.47026718564394,27.464280809674943,,,
2997,2996,,,-160.5027618114351,199,False,True,True,False,collision,9.250125885009766,,,ou_noise,0,1514286,3018574,1509287,17.401259270145665,27.52708557742325,,,
2998,2997,,,-236.40686960811414,1000,False,False,False,True,cutoff,7.2977614402771,,,ou_noise,0,1515286,3020574,1510287,25.308497200489043,27.69939659881592,,,
2999,2998,,,172.280229656579,112,True,False,True,False,success,0.4619617760181427,,,ou_noise,0,1515398,3020798,1510399,17.58319981609072,27.58139169216156,,,
3000,2999,,,167.84833864838572,122,True,False,True,False,success,0.4790969789028168,,,ou_noise,0,1515520,3021042,1510521,18.410096105982046,27.816990211361745,,,
3001,3000,,,167.79871607177228,133,True,False,True,False,success,0.48671576380729675,,,ou_noise,0,1515653,3021308,1510654,19.692175813187333,27.561914243196185,,,
3002,3001,,,164.01134956446836,137,True,False,True,False,success,0.4494755268096924,,,ou_noise,0,1515790,3021582,1510791,21.985748912296156,27.756031746411846,,,
3003,3002,,,-205.17072989289395,1000,False,False,False,True,cutoff,6.885312080383301,,,ou_noise,0,1516790,3023582,1511791,28.847942700862884,27.56425123023987,,,
3004,3003,,,-225.65451632243122,1000,False,False,False,True,cutoff,7.2041144371032715,,,ou_noise,0,1517790,3025582,1512791,24.189730163812637,27.4056093044281,,,
3005,3004,,,162.21590275832767,146,True,False,True,False,success,0.47906962037086487,,,ou_noise,0,1517936,3025874,1512937,25.200710463197264,27.788845859161796,,,
3006,3005,,,-219.70478427243103,1000,False,False,False,True,cutoff,7.513418197631836,,,ou_noise,0,1518936,3027874,1513937,25.46769669508934,27.820970119476318,,,
3007,3006,,,-236.2989243018155,1000,False,False,False,True,cutoff,7.354146957397461,,,ou_noise,0,1519936,3029874,1514937,20.43628222703934,27.696922092437745,,,
3008,3007,,,168.92690742631538,119,True,False,True,False,success,0.4740091860294342,,,ou_noise,0,1520055,3030112,1515056,17.89927590794924,27.69254258099724,,,
3009,3008,,,172.60959640243604,115,True,False,True,False,success,0.4616185128688812,,,ou_noise,0,1520170,3030342,1515171,24.062210126545118,27.70638832423998,,,
3010,3009,,,170.04049081313906,125,True,False,True,False,success,0.4426029920578003,,,ou_noise,0,1520295,3030592,1515296,26.617824645996095,27.377129165649414,,,
3011,3010,,,-209.68941087979772,1000,False,False,False,True,cutoff,7.432431221008301,,,ou_noise,0,1521295,3032592,1516296,27.197405518770218,27.92349726867676,,,
3012,3011,,,162.64136870362327,139,True,False,True,False,success,0.4226018786430359,,,ou_noise,0,1521434,3032870,1516435,30.496766045796786,28.096181759731376,,,
3013,3012,,,-286.2711840116062,1000,False,False,False,True,cutoff,7.709273815155029,,,ou_noise,0,1522434,3034870,1517435,22.79395896267891,28.107981945037842,,,
3014,3013,,,-233.00625739287423,1000,False,False,False,True,cutoff,7.5561747550964355,,,ou_noise,0,1523434,3036870,1518435,25.29212561202049,28.153669937133788,,,
3015,3014,,,166.6931050077846,129,True,False,True,False,success,0.4281606674194336,,,ou_noise,0,1523563,3037128,1518564,23.128075490626255,28.188315177148628,,,
3016,3015,,,-303.20323083171957,1000,False,False,False,True,cutoff,6.5317559242248535,,,ou_noise,0,1524563,3039128,1519564,32.49400963807106,28.379001791000366,,,
3017,3016,,,-188.9723414697501,1000,False,False,False,True,cutoff,4.107122898101807,,,ou_noise,0,1525563,3041128,1520564,31.19119372010231,28.501969257354737,,,
3018,3017,,,-242.06928475138076,1000,False,False,False,True,cutoff,7.076547145843506,,,ou_noise,0,1526563,3043128,1521564,30.881413108348845,28.66941682434082,,,
3019,3018,,,171.2103580263656,110,True,False,True,False,success,0.48095083236694336,,,ou_noise,0,1526673,3043348,1521674,20.489315156503157,29.04235213886608,,,
3020,3019,,,168.5332014196769,124,True,False,True,False,success,0.4824928343296051,,,ou_noise,0,1526797,3043596,1521798,37.65979892784549,28.54134088946927,,,
3021,3020,,,168.6486718564753,126,True,False,True,False,success,0.48939448595046997,,,ou_noise,0,1526923,3043848,1521924,37.04211544422876,28.650307201203844,,,
3022,3021,,,-277.951343216138,1000,False,False,False,True,cutoff,7.907619953155518,,,ou_noise,0,1527923,3045848,1522924,35.07521554303169,28.773144035339357,,,
3023,3022,,,-266.6822439095705,1000,False,False,False,True,cutoff,7.056125640869141,,,ou_noise,0,1528923,3047848,1523924,35.13271674466133,28.953399980545043,,,
3024,3023,,,-219.81231534509953,1000,False,False,False,True,cutoff,7.519899845123291,,,ou_noise,0,1529923,3049848,1524924,34.06962267518043,29.106938552856445,,,
3025,3024,,,168.403888741074,122,True,False,True,False,success,0.47053131461143494,,,ou_noise,0,1530045,3050092,1525046,25.198781894855813,29.016590118408203,,,
3026,3025,,,170.63016356067573,121,True,False,True,False,success,0.46440714597702026,,,ou_noise,0,1530166,3050334,1525167,33.60444073637655,29.18014274155798,,,
3027,3026,,,-67.25594570154021,65,False,True,True,False,collision,5.362616539001465,,,ou_noise,0,1530231,3050464,1525232,36.6465367097121,29.24141449561486,,,
3028,3027,,,-194.56002055181972,1000,False,False,False,True,cutoff,7.181876182556152,,,ou_noise,0,1531231,3052464,1526232,31.84517660522461,28.961398391723634,,,
3029,3028,,,-167.5768939069922,395,False,True,True,False,collision,6.933599948883057,,,ou_noise,0,1531626,3053254,1526627,36.65325596060934,29.082988637610327,,,
3030,3029,,,165.16660633985475,124,True,False,True,False,success,0.4540126323699951,,,ou_noise,0,1531750,3053502,1526751,38.40708413816267,28.857611210115493,,,
3031,3030,,,166.41564980772299,127,True,False,True,False,success,0.44899889826774597,,,ou_noise,0,1531877,3053756,1526878,25.155209787248626,28.58521918049009,,,
3032,3031,,,-185.28076302561894,1000,False,False,False,True,cutoff,7.473763942718506,,,ou_noise,0,1532877,3055756,1527878,29.755559942245483,28.857144901275635,,,
3033,3032,,,169.40876873761405,126,True,False,True,False,success,0.45481181144714355,,,ou_noise,0,1533003,3056008,1528004,31.29419733986022,28.622806760999893,,,
3034,3033,,,162.10337685270474,139,True,False,True,False,success,0.4906611442565918,,,ou_noise,0,1533142,3056286,1528143,28.898504029075017,28.93571157935712,,,
3035,3034,,,-259.9667996624929,1000,False,False,False,True,cutoff,6.954495906829834,,,ou_noise,0,1534142,3058286,1529143,39.678198611974715,28.873075094223022,,,
3036,3035,,,-188.64628575809573,1000,False,False,False,True,cutoff,7.269668102264404,,,ou_noise,0,1535142,3060286,1530143,31.242438549280166,28.803975994110107,,,
3037,3036,,,165.01370495074943,136,True,False,True,False,success,0.4573703408241272,,,ou_noise,0,1535278,3060558,1530279,35.35884993391878,28.87601015147041,,,
3038,3037,,,169.22773841857156,120,True,False,True,False,success,0.4986567497253418,,,ou_noise,0,1535398,3060798,1530399,32.9799892326196,28.78963917096456,,,
3039,3038,,,169.6826224937965,123,True,False,True,False,success,0.47238659858703613,,,ou_noise,0,1535521,3061044,1530522,31.841681048152893,28.745927593572354,,,
3040,3039,,,-215.80347336559743,1000,False,False,False,True,cutoff,7.924432277679443,,,ou_noise,0,1536521,3063044,1531522,35.56609608078003,28.70638676261902,,,
3041,3040,,,-289.20037531367257,1000,False,False,False,True,cutoff,7.462615966796875,,,ou_noise,0,1537521,3065044,1532522,36.80050229239464,28.96821909713745,,,
3042,3041,,,-275.08343932639195,1000,False,False,False,True,cutoff,7.4205169677734375,,,ou_noise,0,1538521,3067044,1533522,41.943891465902325,29.040862813949584,,,
3043,3042,,,-265.58619227389755,1000,False,False,False,True,cutoff,7.012087821960449,,,ou_noise,0,1539521,3069044,1534522,32.96297653532028,29.011206104278564,,,
3044,3043,,,166.23307341643257,126,True,False,True,False,success,0.43965697288513184,,,ou_noise,0,1539647,3069296,1534648,56.8264069216592,28.87646806807745,,,
3045,3044,,,138.4109823475634,232,True,False,True,False,success,0.43876421451568604,,,ou_noise,0,1539879,3069760,1534880,51.88508557040116,28.82340801173243,,,
3046,3045,,,167.11302782719912,131,True,False,True,False,success,0.43828678131103516,,,ou_noise,0,1540010,3070022,1535011,27.61652271984188,29.01918191400193,,,
3047,3046,,,162.02351496508368,148,True,False,True,False,success,0.47852033376693726,,,ou_noise,0,1540158,3070318,1535159,52.736412254539694,28.71945943059148,,,
3048,3047,,,-216.45297829328553,1000,False,False,False,True,cutoff,8.154916763305664,,,ou_noise,0,1541158,3072318,1536159,38.60883303785324,28.94984804916382,,,
3049,3048,,,-202.005567502384,1000,False,False,False,True,cutoff,7.65932035446167,,,ou_noise,0,1542158,3074318,1537159,40.387467828035355,29.045371938705443,,,
3050,3049,,,165.49936966808178,132,True,False,True,False,success,0.49867990612983704,,,ou_noise,0,1542290,3074582,1537291,27.426667710145313,28.87062913721258,,,
3051,3050,,,170.22489126365537,114,True,False,True,False,success,0.43809571862220764,,,ou_noise,0,1542404,3074810,1537405,52.18538167602137,28.738186133535283,,,
3052,3051,,,-219.35765925251317,1000,False,False,False,True,cutoff,7.350964546203613,,,ou_noise,0,1543404,3076810,1538405,40.73496965193748,29.014427715301515,,,
3053,3052,,,-228.158041330904,1000,False,False,False,True,cutoff,6.184915065765381,,,ou_noise,0,1544404,3078810,1539405,40.77479820513725,29.087072946548464,,,
3054,3053,,,169.97963193342952,122,True,False,True,False,success,0.4367466866970062,,,ou_noise,0,1544526,3079054,1539527,20.015478472240634,28.88605528972188,,,
3055,3054,,,-371.13964830158375,863,False,True,True,False,collision,7.807083606719971,,,ou_noise,0,1545389,3080780,1540390,40.763767123084214,29.15938126308755,,,
3056,3055,,,169.70212382322188,120,True,False,True,False,success,0.45309779047966003,,,ou_noise,0,1545509,3081020,1540510,50.19776048461596,29.178494469324747,,,
3057,3056,,,-213.12869633336612,1000,False,False,False,True,cutoff,7.932044506072998,,,ou_noise,0,1546509,3083020,1541510,37.960531624555585,29.26053129196167,,,
3058,3057,,,-97.5607362234625,31,False,True,True,False,collision,9.421951293945312,,,ou_noise,0,1546540,3083082,1541541,103.14310460705912,28.609012788341893,,,
3059,3058,,,-247.00881876520185,1000,False,False,False,True,cutoff,8.181319236755371,,,ou_noise,0,1547540,3085082,1542541,37.1239526348114,29.354360576629638,,,
3060,3059,,,171.68460278683926,114,True,False,True,False,success,0.42530909180641174,,,ou_noise,0,1547654,3085310,1542655,44.45386377552099,29.331541680453117,,,
3061,3060,,,26.20191271166074,567,True,False,True,False,success,0.4953286945819855,,,ou_noise,0,1548221,3086444,1543222,34.74909378191361,29.407618806896178,,,
3062,3061,,,-216.61368641909067,1000,False,False,False,True,cutoff,7.1792731285095215,,,ou_noise,0,1549221,3088444,1544222,43.92305400228501,29.317269647598266,,,
3063,3062,,,171.86045793316265,115,True,False,True,False,success,0.4541856348514557,,,ou_noise,0,1549336,3088674,1544337,29.983607524374257,29.52969277423361,,,
3064,3063,,,168.8380402196246,126,True,False,True,False,success,0.4749397933483124,,,ou_noise,0,1549462,3088926,1544463,48.73940427341159,29.194308402046325,,,
3065,3064,,,170.2951649436704,119,True,False,True,False,success,0.4238879978656769,,,ou_noise,0,1549581,3089164,1544582,31.65287316947424,29.107060280166753,,,
3066,3065,,,-210.04413670931555,1000,False,False,False,True,cutoff,7.846304416656494,,,ou_noise,0,1550581,3091164,1545582,41.19919290971756,29.40034798049927,,,
3067,3066,,,-189.30196611459917,1000,False,False,False,True,cutoff,7.796680450439453,,,ou_noise,0,1551581,3093164,1546582,50.998119641304015,29.528497383117674,,,
3068,3067,,,166.82889481674027,132,True,False,True,False,success,0.45587214827537537,,,ou_noise,0,1551713,3093428,1546714,40.130563143527866,29.52718075838956,,,
3069,3068,,,-206.4828038025069,1000,False,False,False,True,cutoff,7.302224159240723,,,ou_noise,0,1552713,3095428,1547714,46.544389561891556,29.590632707595827,,,
3070,3069,,,170.7619399604498,117,True,False,True,False,success,0.49147140979766846,,,ou_noise,0,1552830,3095662,1547831,105.30601439516768,29.42452988257775,,,
3071,3070,,,-242.97563190469046,1000,False,False,False,True,cutoff,7.79862117767334,,,ou_noise,0,1553830,3097662,1548831,51.156631744146345,29.695315715789796,,,
3072,3071,,,166.51770257775942,131,True,False,True,False,success,0.4149288833141327,,,ou_noise,0,1553961,3097924,1548962,20.258513133944447,29.693908589486856,,,
3073,3072,,,-203.60100847813942,1000,False,False,False,True,cutoff,7.760884761810303,,,ou_noise,0,1554961,3099924,1549962,52.141996603250504,29.866661811828614,,,
3074,3073,,,169.03365460693783,125,True,False,True,False,success,0.4792608916759491,,,ou_noise,0,1555086,3100174,1550087,62.892767461776735,29.61624319458008,,,
3075,3074,,,171.23658530726823,120,True,False,True,False,success,0.4343988299369812,,,ou_noise,0,1555206,3100414,1550207,54.43454075256984,29.838389174143472,,,
3076,3075,,,155.5403618486327,178,True,False,True,False,success,0.4572290778160095,,,ou_noise,0,1555384,3100770,1550385,85.38143834237302,29.622767523433385,,,
3077,3076,,,171.73016537042156,116,True,False,True,False,success,0.43884187936782837,,,ou_noise,0,1555500,3101002,1550501,51.83915754227802,29.63688723794345,,,
3078,3077,,,-204.49016410204425,1000,False,False,False,True,cutoff,7.557478427886963,,,ou_noise,0,1556500,3103002,1551501,58.4715856115818,29.6757495098114,,,
3079,3078,,,169.3614221424696,124,True,False,True,False,success,0.4332744777202606,,,ou_noise,0,1556624,3103250,1551625,79.01400943725339,29.713139472469205,,,
3080,3079,,,160.37276061237662,147,True,False,True,False,success,0.4334951341152191,,,ou_noise,0,1556771,3103544,1551772,45.842263135780286,29.701670406627006,,,
3081,3080,,,168.451328362528,131,True,False,True,False,success,0.4476400315761566,,,ou_noise,0,1556902,3103806,1551903,48.9897500540464,29.838610583589276,,,
3082,3081,,,166.35051306438456,132,True,False,True,False,success,0.4579480290412903,,,ou_noise,0,1557034,3104070,1552035,35.00356490684278,29.444715470978707,,,
3083,3082,,,166.25200825619274,129,True,False,True,False,success,0.45491182804107666,,,ou_noise,0,1557163,3104328,1552164,38.89474479727043,29.613694316657014,,,
3084,3083,,,-234.2406474506575,1000,False,False,False,True,cutoff,8.00271987915039,,,ou_noise,0,1558163,3106328,1553164,48.1925844938755,29.744492958068847,,,
3085,3084,,,34.52762436779024,625,True,False,True,False,success,0.42634838819503784,,,ou_noise,0,1558788,3107578,1553789,50.344332939529416,29.47927093811035,,,
3086,3085,,,-205.24288250182994,1000,False,False,False,True,cutoff,7.048583984375,,,ou_noise,0,1559788,3109578,1554789,63.074651743650435,29.590323783874513,,,
3087,3086,,,170.2508402079743,118,True,False,True,False,success,0.41125717759132385,,,ou_noise,0,1559906,3109814,1554907,42.823449120683186,29.678970579373633,,,
3088,3087,,,168.01565329711175,127,True,False,True,False,success,0.4356200098991394,,,ou_noise,0,1560033,3110068,1555034,51.87651741598535,29.501697405116765,,,
3089,3088,,,-105.49965253244686,19,False,True,True,False,collision,9.97053050994873,,,ou_noise,0,1560052,3110106,1555053,21.358817853425677,28.80570381566098,,,
3090,3089,,,172.51496068858873,113,True,False,True,False,success,0.4178621470928192,,,ou_noise,0,1560165,3110332,1555166,60.443383149341145,29.517798179018815,,,
3091,3090,,,-206.6156653761009,1000,False,False,False,True,cutoff,7.14970064163208,,,ou_noise,0,1561165,3112332,1556166,67.23345833563805,29.137506431579588,,,
3092,3091,,,169.929674037264,118,True,False,True,False,success,0.48108240962028503,,,ou_noise,0,1561283,3112568,1556284,58.38095433025037,29.34533161227986,,,
3093,3092,,,171.5071687319699,112,True,False,True,False,success,0.4320327341556549,,,ou_noise,0,1561395,3112792,1556396,46.907100351793424,29.24419547830309,,,
3094,3093,,,170.6973758519257,118,True,False,True,False,success,0.49570637941360474,,,ou_noise,0,1561513,3113028,1556514,20.60536918599727,29.001714108353955,,,
3095,3094,,,-290.92786524182895,1000,False,False,False,True,cutoff,8.245753288269043,,,ou_noise,0,1562513,3115028,1557514,57.47403576159477,28.882955137252807,,,
3096,3095,,,-243.21053552059018,1000,False,False,False,True,cutoff,8.098260879516602,,,ou_noise,0,1563513,3117028,1558514,88.94006779623031,28.695758440017702,,,
3097,3096,,,164.54324653183744,135,True,False,True,False,success,0.45908138155937195,,,ou_noise,0,1563648,3117298,1558649,102.95678991564998,28.496759231002244,,,
3098,3097,,,163.90679566555076,145,True,False,True,False,success,0.4437071681022644,,,ou_noise,0,1563793,3117588,1558794,112.47201392732818,28.318073483171133,,,
3099,3098,,,-73.18516333385682,63,False,True,True,False,collision,6.185436248779297,,,ou_noise,0,1563856,3117714,1558857,93.34311032673669,27.999453408377512,,,
3100,3099,,,169.62951329083785,122,True,False,True,False,success,0.442426860332489,,,ou_noise,0,1563978,3117958,1558979,62.54203718216693,28.271150291943158,,,
3101,3100,,,170.64552928741887,119,True,False,True,False,success,0.4713190793991089,,,ou_noise,0,1564097,3118196,1559098,62.574503706282925,28.62832893243357,,,
3102,3101,,,164.92770166969035,132,True,False,True,False,success,0.4603360593318939,,,ou_noise,0,1564229,3118460,1559230,108.45857761845444,28.371428952072606,,,
3103,3102,,,-110.4754530213308,871,True,False,True,False,success,0.49588534235954285,,,ou_noise,0,1565100,3120202,1560101,60.43026112552078,28.21444553239474,,,
3104,3103,,,-308.55831811622403,1000,False,False,False,True,cutoff,7.460102081298828,,,ou_noise,0,1566100,3122202,1561101,84.99538899827003,28.32182987976074,,,
3105,3104,,,168.54263247469896,123,True,False,True,False,success,0.47630050778388977,,,ou_noise,0,1566223,3122448,1561224,43.19852727021628,28.522797142587056,,,
3106,3105,,,151.77660230483212,186,True,False,True,False,success,0.498315691947937,,,ou_noise,0,1566409,3122820,1561410,70.44389534252946,28.450869385914135,,,
3107,3106,,,-216.85875431632158,1000,False,False,False,True,cutoff,8.174986839294434,,,ou_noise,0,1567409,3124820,1562410,71.96558257865905,28.179151098251342,,,
3108,3107,,,171.2792247580297,114,True,False,True,False,success,0.4986698031425476,,,ou_noise,0,1567523,3125048,1562524,111.2151433564069,28.020210818240518,,,
3109,3108,,,166.05091126413652,131,True,False,True,False,success,0.46605998277664185,,,ou_noise,0,1567654,3125310,1562655,73.85669704611975,27.794690285020202,,,
3110,3109,,,167.45623510969517,127,True,False,True,False,success,0.45671337842941284,,,ou_noise,0,1567781,3125564,1562782,72.44496222743838,27.60742286622055,,,
3111,3110,,,159.8500852597112,159,True,False,True,False,success,0.467934250831604,,,ou_noise,0,1567940,3125882,1562941,82.66197671530382,27.842466798218542,,,
3112,3111,,,150.37735985911132,197,True,False,True,False,success,0.4784936308860779,,,ou_noise,0,1568137,3126276,1563138,107.9006460124466,27.810610872839913,,,
3113,3112,,,-206.50808249782412,1000,False,False,False,True,cutoff,7.228768825531006,,,ou_noise,0,1569137,3128276,1564138,100.7331927535534,27.70164610671997,,,
3114,3113,,,-212.4385865659738,1000,False,False,False,True,cutoff,7.510465621948242,,,ou_noise,0,1570137,3130276,1565138,98.93475905179977,27.56536919403076,,,
3115,3114,,,-250.38974257199018,1000,False,False,False,True,cutoff,7.230212211608887,,,ou_noise,0,1571137,3132276,1566138,60.1723610253334,27.355421432495117,,,
3116,3115,,,-209.95868324030454,1000,False,False,False,True,cutoff,7.27050256729126,,,ou_noise,0,1572137,3134276,1567138,82.07372778081894,27.0130849609375,,,
3117,3116,,,-187.72186775302242,1000,False,False,False,True,cutoff,7.749383449554443,,,ou_noise,0,1573137,3136276,1568138,58.77046867609024,26.913225927352904,,,
3118,3117,,,-221.63395834606567,1000,False,False,False,True,cutoff,6.923134803771973,,,ou_noise,0,1574137,3138276,1569138,90.73607622051239,26.658740482330323,,,
3119,3118,,,-214.07299746074787,1000,False,False,False,True,cutoff,6.828728675842285,,,ou_noise,0,1575137,3140276,1570138,94.2993435075283,26.325698545455932,,,
3120,3119,,,-238.83740547869107,1000,False,False,False,True,cutoff,7.041628360748291,,,ou_noise,0,1576137,3142276,1571138,70.70470578527451,25.98671543121338,,,
3121,3120,,,169.74253149484065,123,True,False,True,False,success,0.49591460824012756,,,ou_noise,0,1576260,3142522,1571261,53.579379546933055,25.736390726353093,,,
3122,3121,,,170.47838161336844,121,True,False,True,False,success,0.44520843029022217,,,ou_noise,0,1576381,3142764,1571382,21.928100538647865,25.641336677488216,,,
3123,3122,,,-220.5450204386714,1000,False,False,False,True,cutoff,7.271402835845947,,,ou_noise,0,1577381,3144764,1572382,86.07023710083962,25.64561726951599,,,
3124,3123,,,169.30670638917132,126,True,False,True,False,success,0.4848422706127167,,,ou_noise,0,1577507,3145016,1572508,101.71175588880267,25.416941112942165,,,
3125,3124,,,168.07920928354395,126,True,False,True,False,success,0.42042770981788635,,,ou_noise,0,1577633,3145268,1572634,70.58618218368954,25.24306665148054,,,
3126,3125,,,-204.5480287867912,1000,False,False,False,True,cutoff,7.296141624450684,,,ou_noise,0,1578633,3147268,1573634,85.67584780621529,25.615114387512207,,,
3127,3126,,,167.08525677420204,126,True,False,True,False,success,0.45235589146614075,,,ou_noise,0,1578759,3147520,1573760,53.69509570749979,25.515434431651283,,,
3128,3127,,,169.10535505643838,124,True,False,True,False,success,0.45832574367523193,,,ou_noise,0,1578883,3147768,1573884,87.61064238509825,25.452713228041127,,,
3129,3128,,,146.7380510555428,168,True,False,True,False,success,0.4729852080345154,,,ou_noise,0,1579051,3148104,1574052,47.714742722965426,25.46055350984846,,,
3130,3129,,,132.2790328686154,190,True,False,True,False,success,0.4794642925262451,,,ou_noise,0,1579241,3148484,1574242,61.156972049411976,25.49738880960565,,,
3131,3130,,,-156.2186175241208,356,False,True,True,False,collision,3.6537604331970215,,,ou_noise,0,1579597,3149196,1574598,58.0770048967908,25.168190870392188,,,
3132,3131,,,149.3600048830544,168,True,False,True,False,success,0.47674402594566345,,,ou_noise,0,1579765,3149532,1574766,75.01888989692642,25.35525249299549,,,
3133,3132,,,-263.42390651578125,1000,False,False,False,True,cutoff,0.5976744294166565,,,ou_noise,0,1580765,3151532,1575766,78.28181804299355,25.250987031936646,,,
3134,3133,,,-220.6919135727826,1000,False,False,False,True,cutoff,7.153176784515381,,,ou_noise,0,1581765,3153532,1576766,94.89648965001106,25.26860535430908,,,
3135,3134,,,169.85179401836743,122,True,False,True,False,success,0.41396158933639526,,,ou_noise,0,1581887,3153776,1576888,87.74668710349036,25.184013444869244,,,
3136,3135,,,170.44558506045763,117,True,False,True,False,success,0.46702155470848083,,,ou_noise,0,1582004,3154010,1577005,21.951286992456158,24.786383441370777,,,
3137,3136,,,170.3550383419068,123,True,False,True,False,success,0.43449270725250244,,,ou_noise,0,1582127,3154256,1577128,18.918929635024654,24.797648344582658,,,
3138,3137,,,-232.59082855100652,1000,False,False,False,True,cutoff,6.843452453613281,,,ou_noise,0,1583127,3156256,1578128,95.18412807440758,25.212728307724,,,
3139,3138,,,-364.52409374238175,1000,False,False,False,True,cutoff,7.547949314117432,,,ou_noise,0,1584127,3158256,1579128,84.91526091885567,25.694603580474855,,,
3140,3139,,,162.6644771286119,141,True,False,True,False,success,0.48497360944747925,,,ou_noise,0,1584268,3158538,1579269,45.555071876404135,26.13829215029453,,,
3141,3140,,,174.0903306664133,115,True,False,True,False,success,0.45925962924957275,,,ou_noise,0,1584383,3158768,1579384,50.726874475893766,26.337883758544923,,,
3142,3141,,,-209.68032139249522,1000,False,False,False,True,cutoff,7.994301795959473,,,ou_noise,0,1585383,3160768,1580384,71.8100367102623,26.19359973526001,,,
3143,3142,,,172.48623958760368,112,True,False,True,False,success,0.4909748435020447,,,ou_noise,0,1585495,3160992,1580496,74.72226301048484,25.9843168088368,,,
3144,3143,,,-208.989836050961,1000,False,False,False,True,cutoff,7.664515018463135,,,ou_noise,0,1586495,3162992,1581496,72.46581727409362,26.054467346191405,,,
3145,3144,,,-264.74261056426104,1000,False,False,False,True,cutoff,7.813193321228027,,,ou_noise,0,1587495,3164992,1582496,45.04280270028114,25.80636092567444,,,
3146,3145,,,-256.838025787291,1000,False,False,False,True,cutoff,9.503896713256836,,,ou_noise,0,1588495,3166992,1583496,71.27247983241081,25.80634965515137,,,
3147,3146,,,169.55709732282486,122,True,False,True,False,success,0.45950159430503845,,,ou_noise,0,1588617,3167236,1583618,79.66910363220778,25.69749797758509,,,
3148,3147,,,-280.5727128988834,1000,False,False,False,True,cutoff,9.821961402893066,,,ou_noise,0,1589617,3169236,1584618,46.77188010430336,25.515382511138917,,,
3149,3148,,,150.3536766452939,183,True,False,True,False,success,0.4914011061191559,,,ou_noise,0,1589800,3169602,1584801,93.90519240123979,25.063164299303065,,,
3150,3149,,,172.02595842587115,115,True,False,True,False,success,0.4106453061103821,,,ou_noise,0,1589915,3169832,1584916,51.768806453373124,25.14972159344217,,,
3151,3150,,,-280.9568910009748,1000,False,False,False,True,cutoff,9.57537841796875,,,ou_noise,0,1590915,3171832,1585916,59.635269774198534,25.04252536582947,,,
3152,3151,,,168.77311112829776,119,True,False,True,False,success,0.4883749485015869,,,ou_noise,0,1591034,3172070,1586035,34.12759809133385,24.871033003350266,,,
3153,3152,,,-258.52352949966075,1000,False,False,False,True,cutoff,9.629085540771484,,,ou_noise,0,1592034,3174070,1587035,53.22263954424858,24.918970726013182,,,
3154,3153,,,-203.3018905833791,1000,False,False,False,True,cutoff,7.123105049133301,,,ou_noise,0,1593034,3176070,1588035,36.08089845299721,24.4600442905426,,,
3155,3154,,,-281.7474684057752,1000,False,False,False,True,cutoff,10.062366485595703,,,ou_noise,0,1594034,3178070,1589035,37.52201053404808,24.2913628616333,,,
3156,3155,,,169.53332131109704,126,True,False,True,False,success,0.42827650904655457,,,ou_noise,0,1594160,3178322,1589161,44.56105713995676,23.84966550554548,,,
3157,3156,,,166.68784314182295,126,True,False,True,False,success,0.4540541172027588,,,ou_noise,0,1594286,3178574,1589287,23.513773136668735,23.903434465801904,,,
3158,3157,,,162.53672299847068,151,True,False,True,False,success,0.470022976398468,,,ou_noise,0,1594437,3178876,1589438,34.19344164835696,24.305886944398186,,,
3159,3158,,,172.36658605531932,115,True,False,True,False,success,0.46299055218696594,,,ou_noise,0,1594552,3179106,1589553,25.15243582310884,23.68148616293202,,,
3160,3159,,,-258.09965191547025,1000,False,False,False,True,cutoff,3.2139880657196045,,,ou_noise,0,1595552,3181106,1590553,42.75405439138412,23.73211245918274,,,
3161,3160,,,172.61359805709697,117,True,False,True,False,success,0.4937286972999573,,,ou_noise,0,1595669,3181340,1590670,38.48741410125015,23.395644081963432,,,
3162,3161,,,-227.63852630287985,1000,False,False,False,True,cutoff,7.357915878295898,,,ou_noise,0,1596669,3183340,1591670,37.15028255391121,23.49713614845276,,,
3163,3162,,,-288.42635728386813,1000,False,False,False,True,cutoff,9.901652336120605,,,ou_noise,0,1597669,3185340,1592670,41.79835462117195,23.21316131591797,,,
3164,3163,,,-296.953104518361,1000,False,False,False,True,cutoff,7.740579605102539,,,ou_noise,0,1598669,3187340,1593670,30.242009114503862,22.870927976608275,,,
3165,3164,,,163.40051533544835,138,True,False,True,False,success,0.47467878460884094,,,ou_noise,0,1598807,3187616,1593808,33.714681970900386,22.77861628325089,,,
3166,3165,,,173.49754814514554,114,True,False,True,False,success,0.48391270637512207,,,ou_noise,0,1598921,3187844,1593922,22.556566106645686,22.699292300040263,,,
3167,3166,,,-196.9581802082329,1000,False,False,False,True,cutoff,7.174001216888428,,,ou_noise,0,1599921,3189844,1594922,32.3386938829422,22.35114176940918,,,
3168,3167,,,169.79877397179519,117,True,False,True,False,success,0.4650268256664276,,,ou_noise,0,1600038,3190078,1595039,25.89222226998745,22.077424481383755,,,
3169,3168,,,132.28145386504818,247,True,False,True,False,success,0.43287190794944763,,,ou_noise,0,1600285,3190572,1595286,25.252298467072396,22.04345089607393,,,
3170,3169,,,-208.82450304564955,1000,False,False,False,True,cutoff,5.6966986656188965,,,ou_noise,0,1601285,3192572,1596286,22.82191523373127,21.762057385444642,,,
3171,3170,,,-208.6600823970501,1000,False,False,False,True,cutoff,8.151546478271484,,,ou_noise,0,1602285,3194572,1597286,21.060151991724968,21.507983558654786,,,
3172,3171,,,175.48914598355537,109,True,False,True,False,success,0.48483505845069885,,,ou_noise,0,1602394,3194790,1597395,19.28298657531038,21.529636881767065,,,
3173,3172,,,-207.52950896737633,1000,False,False,False,True,cutoff,7.745506286621094,,,ou_noise,0,1603394,3196790,1598395,21.78891140818596,21.086483452796937,,,
3174,3173,,,-215.57407173243107,1000,False,False,False,True,cutoff,8.003938674926758,,,ou_noise,0,1604394,3198790,1599395,21.963256420850755,20.85167062854767,,,
3175,3174,,,167.78533028698212,130,True,False,True,False,success,0.45988795161247253,,,ou_noise,0,1604524,3199050,1599525,21.010758075347315,20.684990706810584,,,
3176,3175,,,168.08084231056876,125,True,False,True,False,success,0.48903337121009827,,,ou_noise,0,1604649,3199300,1599650,16.23505724143982,20.408669021606446,,,
3177,3176,,,-202.0694179495975,1000,False,False,False,True,cutoff,7.1698317527771,,,ou_noise,0,1605649,3201300,1600650,18.96275641989708,20.265845388412476,,,
3178,3177,,,168.7542639443634,121,True,False,True,False,success,0.4725583791732788,,,ou_noise,0,1605770,3201542,1600771,21.75100138955865,20.213416942880173,,,
3179,3178,,,-211.5781837651072,1000,False,False,False,True,cutoff,7.005712985992432,,,ou_noise,0,1606770,3203542,1601771,17.129387108325957,19.909115321159362,,,
3180,3179,,,-205.06879711039267,1000,False,False,False,True,cutoff,7.211616516113281,,,ou_noise,0,1607770,3205542,1602771,16.786710842728613,19.712326375007628,,,
3181,3180,,,154.50652942539898,175,True,False,True,False,success,0.46140751242637634,,,ou_noise,0,1607945,3205892,1602946,15.361923728670392,19.539798344203405,,,
3182,3181,,,164.74511352408945,132,True,False,True,False,success,0.4689093828201294,,,ou_noise,0,1608077,3206156,1603078,15.665049254894257,19.575858571312644,,,
3183,3182,,,-208.76137296356978,1000,False,False,False,True,cutoff,7.038895130157471,,,ou_noise,0,1609077,3208156,1604078,14.671562829852105,19.576285082817076,,,
3184,3183,,,167.7379395998814,132,True,False,True,False,success,0.49078020453453064,,,ou_noise,0,1609209,3208420,1604210,17.88511944178379,19.50455117225647,,,
3185,3184,,,-55.533706265913295,82,False,True,True,False,collision,4.055752754211426,,,ou_noise,0,1609291,3208584,1604292,13.68344686525624,19.417816941331072,,,
3186,3185,,,170.1182792222827,121,True,False,True,False,success,0.45046520233154297,,,ou_noise,0,1609412,3208826,1604413,14.385959388795962,19.541365079643313,,,
3187,3186,,,170.60969739754535,116,True,False,True,False,success,0.4708128869533539,,,ou_noise,0,1609528,3209058,1604529,12.517428264535706,19.143968417726715,,,
3188,3187,,,156.06032237893578,175,True,False,True,False,success,0.4703347682952881,,,ou_noise,0,1609703,3209408,1604704,14.071371599606104,19.208010226658413,,,
3189,3188,,,-278.5001531729861,495,False,True,True,False,collision,10.73631477355957,,,ou_noise,0,1610198,3210398,1605199,15.27418242295583,19.323548012550432,,,
3190,3189,,,2.304594823703482,761,True,False,True,False,success,0.4779491722583771,,,ou_noise,0,1610959,3211920,1605960,14.345027345395433,19.216776330273664,,,
3191,3190,,,170.16969623454503,119,True,False,True,False,success,0.4643414616584778,,,ou_noise,0,1611078,3212158,1606079,12.327846202529779,19.197501751555116,,,
3192,3191,,,-191.8889293273438,1000,False,False,False,True,cutoff,7.58238410949707,,,ou_noise,0,1612078,3214158,1607079,13.390713976979256,18.93945853614807,,,
3193,3192,,,-204.83713743744175,1000,False,False,False,True,cutoff,7.346766471862793,,,ou_noise,0,1613078,3216158,1608079,13.787454975247384,18.753157485961914,,,
3194,3193,,,-209.39998312569443,1000,False,False,False,True,cutoff,6.987454891204834,,,ou_noise,0,1614078,3218158,1609079,12.759295908212662,18.789819952964784,,,
3195,3194,,,172.65501308297104,112,True,False,True,False,success,0.4685125946998596,,,ou_noise,0,1614190,3218382,1609191,12.114305333367415,19.054886153766088,,,
3196,3195,,,-219.75580964327986,1000,False,False,False,True,cutoff,7.785190582275391,,,ou_noise,0,1615190,3220382,1610191,12.411314484238625,18.59477592086792,,,
3197,3196,,,-220.50003841324508,1000,False,False,False,True,cutoff,7.630526065826416,,,ou_noise,0,1616190,3222382,1611191,12.72265836763382,18.417902700424193,,,
3198,3197,,,172.2717470249803,117,True,False,True,False,success,0.4545621871948242,,,ou_noise,0,1616307,3222616,1611308,12.027091395141731,18.146664929186176,,,
3199,3198,,,-227.71137768669504,1000,False,False,False,True,cutoff,7.4711432456970215,,,ou_noise,0,1617307,3224616,1612308,12.190386232495309,18.313421917915345,,,
3200,3199,,,161.8289988273727,148,True,False,True,False,success,0.4732626676559448,,,ou_noise,0,1617455,3224912,1612456,11.296937686366004,18.43889601166184,,,
3201,3200,,,168.15873975951678,140,True,False,True,False,success,0.40506741404533386,,,ou_noise,0,1617595,3225192,1612596,12.728881091730935,18.02402079445975,,,
3202,3201,,,-224.9735392033726,1000,False,False,False,True,cutoff,7.902719974517822,,,ou_noise,0,1618595,3227192,1613596,12.392790833950043,17.97934725856781,,,
3203,3202,,,-178.48944348492242,326,False,True,True,False,collision,7.82232666015625,,,ou_noise,0,1618921,3227844,1613922,12.009238401804964,18.01912609638612,,,
3204,3203,,,165.01091768073567,137,True,False,True,False,success,0.4603615999221802,,,ou_noise,0,1619058,3228118,1614059,12.160085826024522,18.346898336480134,,,
3205,3204,,,-221.938663728655,1000,False,False,False,True,cutoff,7.528987407684326,,,ou_noise,0,1620058,3230118,1615059,12.083804482460023,18.183288446426392,,,
3206,3205,,,162.40293150217062,145,True,False,True,False,success,0.48090237379074097,,,ou_noise,0,1620203,3230408,1615204,11.989551374830048,18.249501629533437,,,
3207,3206,,,-218.62546156203743,1000,False,False,False,True,cutoff,8.036006927490234,,,ou_noise,0,1621203,3232408,1616204,12.183921228647232,18.284109746932984,,,
3208,3207,,,-221.9952543455938,1000,False,False,False,True,cutoff,8.195425033569336,,,ou_noise,0,1622203,3234408,1617204,13.110511442661286,18.33189454650879,,,
3209,3208,,,167.7314015049207,124,True,False,True,False,success,0.4956323504447937,,,ou_noise,0,1622327,3234656,1617328,13.322718070399377,18.74379104183566,,,
3210,3209,,,172.99656242322786,110,True,False,True,False,success,0.42862915992736816,,,ou_noise,0,1622437,3234876,1617438,12.137050739201632,18.44777990687977,,,
3211,3210,,,158.27405676401162,150,True,False,True,False,success,0.4338645040988922,,,ou_noise,0,1622587,3235176,1617588,11.872478926976521,18.54343371709188,,,
3212,3211,,,-208.15487489225484,1000,False,False,False,True,cutoff,5.776484489440918,,,ou_noise,0,1623587,3237176,1618588,12.371290100932121,18.646456461906432,,,
3213,3212,,,167.57433172684472,129,True,False,True,False,success,0.44053176045417786,,,ou_noise,0,1623716,3237434,1618717,12.259859436242156,18.793133913084517,,,
3214,3213,,,170.03490002990827,124,True,False,True,False,success,0.4582895040512085,,,ou_noise,0,1623840,3237682,1618841,14.335224639984869,18.575646131269394,,,
3215,3214,,,162.96636754686247,137,True,False,True,False,success,0.4947088956832886,,,ou_noise,0,1623977,3237956,1618978,12.398423337588346,19.095084594113985,,,
3216,3215,,,171.5556414361998,116,True,False,True,False,success,0.45441821217536926,,,ou_noise,0,1624093,3238188,1619094,14.133453307480648,18.88304385645636,,,
3217,3216,,,-215.16737348034093,1000,False,False,False,True,cutoff,8.036681175231934,,,ou_noise,0,1625093,3240188,1620094,13.190486247897148,19.028724038124086,,,
3218,3217,,,-218.88888572213537,1000,False,False,False,True,cutoff,7.720113754272461,,,ou_noise,0,1626093,3242188,1621094,12.842698543787003,19.153474435806274,,,
3219,3218,,,166.9023255572077,133,True,False,True,False,success,0.4569850265979767,,,ou_noise,0,1626226,3242454,1621227,12.66528828879048,19.250171704399854,,,
3220,3219,,,169.74672030651658,126,True,False,True,False,success,0.45644769072532654,,,ou_noise,0,1626352,3242706,1621353,14.029692975301591,19.18121201651437,,,
3221,3220,,,-222.9065552408903,1000,False,False,False,True,cutoff,6.914144515991211,,,ou_noise,0,1627352,3244706,1622353,13.047409559249878,19.528610187530518,,,
3222,3221,,,169.1559942327188,127,True,False,True,False,success,0.45188793540000916,,,ou_noise,0,1627479,3244960,1622480,13.678725105570996,19.668389598215658,,,
3223,3222,,,166.80768699878558,131,True,False,True,False,success,0.4774327874183655,,,ou_noise,0,1627610,3245222,1622611,12.525876101646714,19.849288867630122,,,
3224,3223,,,171.81316710596505,123,True,False,True,False,success,0.456436425447464,,,ou_noise,0,1627733,3245468,1622734,12.804021967135794,19.458998424250904,,,
3225,3224,,,-224.93983714035681,1000,False,False,False,True,cutoff,8.061243057250977,,,ou_noise,0,1628733,3247468,1623734,12.306260608673096,19.689622915267943,,,
3226,3225,,,163.20143026723287,144,True,False,True,False,success,0.46305862069129944,,,ou_noise,0,1628877,3247756,1623878,13.714847649137178,19.87982389662001,,,
3227,3226,,,-244.59620407229306,1000,False,False,False,True,cutoff,7.63222599029541,,,ou_noise,0,1629877,3249756,1624878,12.452898146390915,19.93522066116333,,,
3228,3227,,,-213.42365948886246,1000,False,False,False,True,cutoff,6.974961280822754,,,ou_noise,0,1630877,3251756,1625878,11.879321912527084,19.96567946243286,,,
3229,3228,,,-215.5519122252249,1000,False,False,False,True,cutoff,8.326033592224121,,,ou_noise,0,1631877,3253756,1626878,11.405639054656028,19.958770743370057,,,
3230,3229,,,162.30720087874425,145,True,False,True,False,success,0.42294076085090637,,,ou_noise,0,1632022,3254046,1627023,11.752328945850504,20.260561607623924,,,
3231,3230,,,172.63277185874733,120,True,False,True,False,success,0.4705672562122345,,,ou_noise,0,1632142,3254286,1627143,10.04806244969368,19.798433216412864,,,
3232,3231,,,-209.16640668019562,1000,False,False,False,True,cutoff,7.5413970947265625,,,ou_noise,0,1633142,3256286,1628143,11.160040638923645,20.032800479888916,,,
3233,3232,,,-200.3898181406279,1000,False,False,False,True,cutoff,7.45559024810791,,,ou_noise,0,1634142,3258286,1629143,10.89555841577053,20.015251600265504,,,
3234,3233,,,-191.45581428106118,1000,False,False,False,True,cutoff,7.328853130340576,,,ou_noise,0,1635142,3260286,1630143,11.41282897746563,19.906660407066344,,,
3235,3234,,,157.665364716757,167,True,False,True,False,success,0.4737526774406433,,,ou_noise,0,1635309,3260620,1630310,10.816496664892414,19.99404264210227,,,
3236,3235,,,-199.72309512600717,1000,False,False,False,True,cutoff,7.279601573944092,,,ou_noise,0,1636309,3262620,1631310,10.882266088247299,19.82164980506897,,,
3237,3236,,,-219.82963725483043,1000,False,False,False,True,cutoff,7.592986106872559,,,ou_noise,0,1637309,3264620,1632310,11.139100357294083,19.53240788269043,,,
3238,3237,,,-254.86534370036807,1000,False,False,False,True,cutoff,5.692168712615967,,,ou_noise,0,1638309,3266620,1633310,11.456962659716606,19.513611909866334,,,
3239,3238,,,-214.29078343538515,1000,False,False,False,True,cutoff,7.278966426849365,,,ou_noise,0,1639309,3268620,1634310,11.154638715744019,19.256207867622376,,,
3240,3239,,,170.24602415318668,123,True,False,True,False,success,0.4174559712409973,,,ou_noise,0,1639432,3268866,1634433,9.502609300419566,19.31220844702992,,,
3241,3240,,,-211.4147783474554,1000,False,False,False,True,cutoff,7.28877592086792,,,ou_noise,0,1640432,3270866,1635433,10.771993359804153,19.10442112541199,,,
3242,3241,,,165.94866164035355,129,True,False,True,False,success,0.45363327860832214,,,ou_noise,0,1640561,3271124,1635562,10.641654824101648,19.260082488836243,,,
3243,3242,,,169.23173406652643,119,True,False,True,False,success,0.4904329180717468,,,ou_noise,0,1640680,3271362,1635681,10.755593886896342,19.08072920406566,,,
3244,3243,,,-217.9242031251197,1000,False,False,False,True,cutoff,6.837385654449463,,,ou_noise,0,1641680,3273362,1636681,10.308185754299164,18.866455622673033,,,
3245,3244,,,170.8606851949527,115,True,False,True,False,success,0.472507119178772,,,ou_noise,0,1641795,3273592,1636796,8.956412877207217,18.610634994506835,,,
3246,3245,,,163.01396739181263,142,True,False,True,False,success,0.48715776205062866,,,ou_noise,0,1641937,3273876,1636938,9.764464208777522,18.728959681282582,,,
3247,3246,,,166.03605027773284,136,True,False,True,False,success,0.4561368525028229,,,ou_noise,0,1642073,3274148,1637074,9.861386647995781,18.57526439077714,,,
3248,3247,,,165.96398086775696,137,True,False,True,False,success,0.47429966926574707,,,ou_noise,0,1642210,3274422,1637211,9.19751742808488,19.013386802951786,,,
3249,3248,,,-193.88025463295185,1000,False,False,False,True,cutoff,7.647779941558838,,,ou_noise,0,1643210,3276422,1638211,9.78607809317112,18.52240610408783,,,
3250,3249,,,-271.65128585075706,1000,False,False,False,True,cutoff,7.1382365226745605,,,ou_noise,0,1644210,3278422,1639211,10.545635953903199,18.3572693901062,,,
3251,3250,,,170.2491871846754,122,True,False,True,False,success,0.4491986334323883,,,ou_noise,0,1644332,3278666,1639333,10.576845157341879,18.44626498613201,,,
3252,3251,,,166.9447526058138,137,True,False,True,False,success,0.4272599518299103,,,ou_noise,0,1644469,3278940,1639470,10.915010069408556,18.451240915451606,,,
3253,3252,,,-213.44163411786042,1000,False,False,False,True,cutoff,7.3948235511779785,,,ou_noise,0,1645469,3280940,1640470,11.08414645755291,18.3082511472702,,,
3254,3253,,,-329.20799776376475,934,False,True,True,False,collision,8.156439781188965,,,ou_noise,0,1646403,3282808,1641404,10.288440961143445,18.22305213001096,,,
3255,3254,,,-277.55377556122244,648,False,True,True,False,collision,8.817481994628906,,,ou_noise,0,1647051,3284104,1642052,9.800072777418443,18.252015979201705,,,
3256,3255,,,123.7877244718253,297,True,False,True,False,success,0.4441385567188263,,,ou_noise,0,1647348,3284698,1642349,11.083760671744042,18.032588374333752,,,
3257,3256,,,-203.08164895708006,1000,False,False,False,True,cutoff,7.819394588470459,,,ou_noise,0,1648348,3286698,1643349,10.699015823602677,18.124827728271484,,,
3258,3257,,,-217.4488776676224,1000,False,False,False,True,cutoff,7.702508926391602,,,ou_noise,0,1649348,3288698,1644349,10.528318244099617,18.100836667060854,,,
3259,3258,,,-216.17365091938294,1000,False,False,False,True,cutoff,6.7579779624938965,,,ou_noise,0,1650348,3290698,1645349,11.117892649054527,18.158441429138183,,,
3260,3259,,,-227.67633481958222,1000,False,False,False,True,cutoff,7.485345840454102,,,ou_noise,0,1651348,3292698,1646349,10.919219344973564,18.158991670608522,,,
3261,3260,,,-213.42298972065518,1000,False,False,False,True,cutoff,7.857990264892578,,,ou_noise,0,1652348,3294698,1647349,10.605406382083892,18.2911210231781,,,
3262,3261,,,-279.3938945436128,1000,False,False,False,True,cutoff,7.087037086486816,,,ou_noise,0,1653348,3296698,1648349,10.804567187190056,18.379872690200806,,,
3263,3262,,,169.60428872404515,125,True,False,True,False,success,0.45949551463127136,,,ou_noise,0,1653473,3296948,1648474,10.777306219100952,18.511370697021484,,,
3264,3263,,,-202.46431391303486,1000,False,False,False,True,cutoff,7.605388164520264,,,ou_noise,0,1654473,3298948,1649474,10.540260377764701,18.43395815563202,,,
3265,3264,,,165.55770988639773,137,True,False,True,False,success,0.4558870494365692,,,ou_noise,0,1654610,3299222,1649611,11.145116156035096,18.380824221311695,,,
3266,3265,,,170.62427596514823,117,True,False,True,False,success,0.4551076889038086,,,ou_noise,0,1654727,3299456,1649728,11.396928356244015,18.524606582445976,,,
3267,3266,,,165.70394483428538,132,True,False,True,False,success,0.4518275856971741,,,ou_noise,0,1654859,3299720,1649860,11.294450109655207,18.494647127209287,,,
3268,3267,,,170.5583548200119,121,True,False,True,False,success,0.4194825291633606,,,ou_noise,0,1654980,3299962,1649981,10.427646600510464,18.295435259164858,,,
3269,3268,,,167.31365738132695,131,True,False,True,False,success,0.419558048248291,,,ou_noise,0,1655111,3300224,1650112,10.599133461486293,18.244867470428233,,,
3270,3269,,,168.8279901572273,125,True,False,True,False,success,0.49392053484916687,,,ou_noise,0,1655236,3300474,1650237,10.712437507629394,18.05038678741455,,,
3271,3270,,,-228.25198412304195,1000,False,False,False,True,cutoff,8.145718574523926,,,ou_noise,0,1656236,3302474,1651237,11.797650320053101,18.404851112365723,,,
3272,3271,,,-233.2777669646458,1000,False,False,False,True,cutoff,6.876145362854004,,,ou_noise,0,1657236,3304474,1652237,11.215578597307205,18.42036427593231,,,
3273,3272,,,169.413425207556,125,True,False,True,False,success,0.4209859073162079,,,ou_noise,0,1657361,3304724,1652362,9.693255892753601,18.39197610473633,,,
3274,3273,,,171.44899539635145,118,True,False,True,False,success,0.49510228633880615,,,ou_noise,0,1657479,3304960,1652480,12.56337512751757,17.94928512734882,,,
3275,3274,,,169.23086993369003,127,True,False,True,False,success,0.4997539818286896,,,ou_noise,0,1657606,3305214,1652607,11.973459711225013,18.31470173362672,,,
3276,3275,,,-213.80746314644094,1000,False,False,False,True,cutoff,7.191046237945557,,,ou_noise,0,1658606,3307214,1653607,11.235092955350876,18.38028039932251,,,
3277,3276,,,167.23045055626093,129,True,False,True,False,success,0.47370582818984985,,,ou_noise,0,1658735,3307472,1653736,12.230013764181802,18.140681562497633,,,
3278,3277,,,170.70952140900255,121,True,False,True,False,success,0.4214877486228943,,,ou_noise,0,1658856,3307714,1653857,13.196591882666281,18.302141378733737,,,
3279,3278,,,170.86785624297346,121,True,False,True,False,success,0.41838017106056213,,,ou_noise,0,1658977,3307956,1653978,11.923699231187173,18.31909749527608,,,
3280,3279,,,157.6993454838043,166,True,False,True,False,success,0.4796561300754547,,,ou_noise,0,1659143,3308288,1654144,11.692474837762763,18.301308890423144,,,
3281,3280,,,-240.1228892057309,1000,False,False,False,True,cutoff,7.5212225914001465,,,ou_noise,0,1660143,3310288,1655144,11.468524209737778,18.229590176582338,,,
3282,3281,,,-210.6402196266052,1000,False,False,False,True,cutoff,7.451675891876221,,,ou_noise,0,1661143,3312288,1656144,11.838912764787674,18.295016966819762,,,
3283,3282,,,169.2696526341818,121,True,False,True,False,success,0.46838587522506714,,,ou_noise,0,1661264,3312530,1656265,12.958984197663867,18.45654171557466,,,
3284,3283,,,-210.38556972505071,1000,False,False,False,True,cutoff,7.893718242645264,,,ou_noise,0,1662264,3314530,1657265,13.186145703554153,18.35186600780487,,,
3285,3284,,,125.19796457338143,245,True,False,True,False,success,0.4807179570198059,,,ou_noise,0,1662509,3315020,1657510,12.297170239078755,18.532111919169523,,,
3286,3285,,,169.67771929145079,123,True,False,True,False,success,0.4928939938545227,,,ou_noise,0,1662632,3315266,1657633,13.853186377664892,17.948397977565364,,,
3287,3286,,,171.08567782181058,115,True,False,True,False,success,0.46973347663879395,,,ou_noise,0,1662747,3315496,1657748,12.972945725399516,18.169141462574835,,,
3288,3287,,,170.77987444426304,116,True,False,True,False,success,0.4292711317539215,,,ou_noise,0,1662863,3315728,1657864,12.204635500907898,18.059239609488124,,,
3289,3288,,,-220.82889054342118,1000,False,False,False,True,cutoff,7.29157829284668,,,ou_noise,0,1663863,3317728,1658864,13.017065990567207,18.32218391799927,,,
3290,3289,,,160.2059681086558,138,True,False,True,False,success,0.4970778226852417,,,ou_noise,0,1664001,3318004,1659002,14.11993878647901,18.54502869343412,,,
3291,3290,,,164.84675759726156,136,True,False,True,False,success,0.42584356665611267,,,ou_noise,0,1664137,3318276,1659138,12.71059612842167,18.426997703664444,,,
3292,3291,,,-199.938033881778,1000,False,False,False,True,cutoff,7.3504862785339355,,,ou_noise,0,1665137,3320276,1660138,13.932581380963326,18.29215240573883,,,
3293,3292,,,76.3264016121792,412,True,False,True,False,success,0.4373359978199005,,,ou_noise,0,1665549,3321100,1660550,14.483806316134999,18.131237986018355,,,
3294,3293,,,-195.8235178927534,385,False,True,True,False,collision,7.115141868591309,,,ou_noise,0,1665934,3321870,1660935,15.736809455574333,18.2328161239624,,,
3295,3294,,,-211.19729089761265,1000,False,False,False,True,cutoff,6.937451362609863,,,ou_noise,0,1666934,3323870,1661935,14.804809099912644,18.44993979549408,,,
3296,3295,,,167.26049097605323,133,True,False,True,False,success,0.4565162658691406,,,ou_noise,0,1667067,3324136,1662068,13.013966309396844,18.209526255614776,,,
3297,3296,,,167.3391060716126,123,True,False,True,False,success,0.43148359656333923,,,ou_noise,0,1667190,3324382,1662191,14.036458153065627,18.24911687432266,,,
3298,3297,,,-195.70907036848928,454,False,True,True,False,collision,3.3067941665649414,,,ou_noise,0,1667644,3325290,1662645,16.676182412891137,18.22600312169953,,,
3299,3298,,,165.59924280552218,127,True,False,True,False,success,0.4729488492012024,,,ou_noise,0,1667771,3325544,1662772,15.200354711277278,18.185345499534307,,,
3300,3299,,,168.67898515584181,122,True,False,True,False,success,0.49265027046203613,,,ou_noise,0,1667893,3325788,1662894,17.15955340275999,18.23535813659918,,,
3301,3300,,,166.83696027072455,130,True,False,True,False,success,0.43676894903182983,,,ou_noise,0,1668023,3326048,1663024,15.28336927157182,18.219064844571626,,,
3302,3301,,,168.55730048398746,127,True,False,True,False,success,0.45142239332199097,,,ou_noise,0,1668150,3326302,1663151,13.75386777825243,18.41038914928286,,,
3303,3302,,,-200.47927264755984,1000,False,False,False,True,cutoff,6.869112968444824,,,ou_noise,0,1669150,3328302,1664151,14.81334489274025,18.19106906223297,,,
3304,3303,,,169.6359575661354,120,True,False,True,False,success,0.45137307047843933,,,ou_noise,0,1669270,3328542,1664271,21.80063336690267,18.359943159421285,,,
3305,3304,,,171.40755659944142,121,True,False,True,False,success,0.4119011163711548,,,ou_noise,0,1669391,3328784,1664392,14.802237796389367,18.777623342088432,,,
3306,3305,,,85.74814810545209,396,True,False,True,False,success,0.49925661087036133,,,ou_noise,0,1669787,3329576,1664788,17.420243156678747,18.131378628990866,,,
3307,3306,,,-157.59212864516388,311,False,True,True,False,collision,7.239348888397217,,,ou_noise,0,1670098,3330198,1665099,18.091355710167594,18.39818394835739,,,
3308,3307,,,166.02548433577172,132,True,False,True,False,success,0.4530608654022217,,,ou_noise,0,1670230,3330462,1665231,17.02948196187164,18.246647487987172,,,
3309,3308,,,-262.0582263014029,716,False,True,True,False,collision,7.242414474487305,,,ou_noise,0,1670946,3331894,1665947,18.327174314240505,18.132218340921668,,,
3310,3309,,,49.040289702809396,461,True,False,True,False,success,0.4823327362537384,,,ou_noise,0,1671407,3332816,1666408,19.993605210310466,18.218724463870366,,,
3311,3310,,,121.34917256076169,263,True,False,True,False,success,0.4991050660610199,,,ou_noise,0,1671670,3333342,1666671,17.670712267038034,18.34191595374858,,,
3312,3311,,,162.1649672287929,140,True,False,True,False,success,0.49430814385414124,,,ou_noise,0,1671810,3333622,1666811,19.935910860129766,18.4111241544996,,,
3313,3312,,,-339.22062874973363,1000,False,False,False,True,cutoff,7.817991256713867,,,ou_noise,0,1672810,3335622,1667811,16.726708537817,18.76100707912445,,,
3314,3313,,,-111.42802403858416,169,False,True,True,False,collision,6.208132266998291,,,ou_noise,0,1672979,3335960,1667980,16.97928805323042,19.54199169091219,,,
3315,3314,,,164.49276202224223,140,True,False,True,False,success,0.4503834843635559,,,ou_noise,0,1673119,3336240,1668120,19.56538760321481,19.329726580211094,,,
3316,3315,,,168.30067470713163,123,True,False,True,False,success,0.4346207082271576,,,ou_noise,0,1673242,3336486,1668243,18.049362054685268,19.70144609125649,,,
3317,3316,,,6.131859642880073,740,True,False,True,False,success,0.4636440873146057,,,ou_noise,0,1673982,3337966,1668983,17.146784683498176,19.70112368609454,,,
3318,3317,,,165.4210029096908,130,True,False,True,False,success,0.42459946870803833,,,ou_noise,0,1674112,3338226,1669113,18.16087329020867,20.04071884888869,,,
3319,3318,,,-234.51072268650643,1000,False,False,False,True,cutoff,7.908873558044434,,,ou_noise,0,1675112,3340226,1670113,15.773652407407761,20.510401180267333,,,
3320,3319,,,167.3213014151212,124,True,False,True,False,success,0.4524562358856201,,,ou_noise,0,1675236,3340474,1670237,16.238027972559774,21.03959769587363,,,
3321,3320,,,-211.18140524638463,1000,False,False,False,True,cutoff,7.783159255981445,,,ou_noise,0,1676236,3342474,1671237,14.954182807922363,21.6359140958786,,,
3322,3321,,,168.1142841766976,120,True,False,True,False,success,0.4869862496852875,,,ou_noise,0,1676356,3342714,1671357,14.70040136774381,22.00903253555298,,,
3323,3322,,,161.89740259230854,150,True,False,True,False,success,0.48472779989242554,,,ou_noise,0,1676506,3343014,1671507,20.458766016960144,22.030230013529458,,,
3324,3323,,,169.05352089879432,118,True,False,True,False,success,0.41667160391807556,,,ou_noise,0,1676624,3343250,1671625,14.815617124913102,22.130627761452885,,,
3325,3324,,,-59.15218435410131,919,True,False,True,False,success,0.47057870030403137,,,ou_noise,0,1677543,3345088,1672544,16.439474617176657,22.398644525156445,,,
3326,3325,,,167.0286230604338,125,True,False,True,False,success,0.4387381374835968,,,ou_noise,0,1677668,3345338,1672669,14.769857580184937,22.559405349731446,,,
3327,3326,,,-240.50972024342522,1000,False,False,False,True,cutoff,8.09812068939209,,,ou_noise,0,1678668,3347338,1673669,16.938813942432404,23.21096865272522,,,
3328,3327,,,70.20762143150966,509,True,False,True,False,success,0.48611700534820557,,,ou_noise,0,1679177,3348356,1674178,16.302909505859105,23.506339528471642,,,
3329,3328,,,168.20739498921543,130,True,False,True,False,success,0.4612759053707123,,,ou_noise,0,1679307,3348616,1674308,14.902479712779705,23.626958524263824,,,
3330,3329,,,-272.9671820916808,1000,False,False,False,True,cutoff,7.009843826293945,,,ou_noise,0,1680307,3350616,1675308,16.179539653539656,23.750967073440552,,,
3331,3330,,,169.6769014735868,118,True,False,True,False,success,0.4143885672092438,,,ou_noise,0,1680425,3350852,1675426,14.680382379030776,23.876672389143604,,,
3332,3331,,,-132.76761715045393,243,False,True,True,False,collision,6.524835109710693,,,ou_noise,0,1680668,3351338,1675669,13.603593591799951,24.053012879297075,,,
3333,3332,,,-77.0228427458151,77,False,True,True,False,collision,6.042336940765381,,,ou_noise,0,1680745,3351492,1675746,15.928637866850023,24.13148726426162,,,
3334,3333,,,169.90760229863633,117,True,False,True,False,success,0.4392477571964264,,,ou_noise,0,1680862,3351726,1675863,14.963633628991934,24.18997448326176,,,
3335,3334,,,168.466252519091,124,True,False,True,False,success,0.4107702374458313,,,ou_noise,0,1680986,3351974,1675987,14.900383439756208,24.232213174143144,,,
3336,3335,,,166.7163902906874,133,True,False,True,False,success,0.4785078763961792,,,ou_noise,0,1681119,3352240,1676120,15.390785677988726,24.37961764801714,,,
3337,3336,,,-256.74199890295046,1000,False,False,False,True,cutoff,6.6936936378479,,,ou_noise,0,1682119,3354240,1677120,17.33054557442665,24.40459924697876,,,
3338,3337,,,-83.53030991029281,51,False,True,True,False,collision,7.275993347167969,,,ou_noise,0,1682170,3354342,1677171,12.760127909043256,24.846575419108074,,,
3339,3338,,,-259.2475907302874,1000,False,False,False,True,cutoff,7.093710422515869,,,ou_noise,0,1683170,3356342,1678171,15.847931384086609,24.940105058670046,,,
3340,3339,,,163.82306175122383,135,True,False,True,False,success,0.41567927598953247,,,ou_noise,0,1683305,3356612,1678306,16.47475506288034,24.906890417028357,,,
3341,3340,,,-103.79047436560734,126,False,True,True,False,collision,7.114867687225342,,,ou_noise,0,1683431,3356864,1678432,13.210537047613235,24.785368631756494,,,
3342,3341,,,-244.3310365502361,1000,False,False,False,True,cutoff,6.858147144317627,,,ou_noise,0,1684431,3358864,1679432,17.624171186447143,25.46821232032776,,,
3343,3342,,,163.59760420721008,141,True,False,True,False,success,0.473367840051651,,,ou_noise,0,1684572,3359146,1679573,21.225557678980184,25.883506044428398,,,
3344,3343,,,-85.54058841088968,46,False,True,True,False,collision,7.421008586883545,,,ou_noise,0,1684618,3359238,1679619,14.827388157015262,25.958792105964992,,,
3345,3344,,,-294.9383499403799,1000,False,False,False,True,cutoff,7.895235538482666,,,ou_noise,0,1685618,3361238,1680619,18.844036744117737,26.11898089027405,,,
3346,3345,,,162.8003752088508,137,True,False,True,False,success,0.48930785059928894,,,ou_noise,0,1685755,3361512,1680756,14.203314817734878,26.301697445611882,,,
3347,3346,,,136.4015653816273,246,True,False,True,False,success,0.46341708302497864,,,ou_noise,0,1686001,3362004,1681002,24.609071372970334,26.394198076511785,,,
3348,3347,,,-262.85325831059197,1000,False,False,False,True,cutoff,6.823400497436523,,,ou_noise,0,1687001,3364004,1682002,17.700037364244462,26.148270208358763,,,
3349,3348,,,-242.273248097071,1000,False,False,False,True,cutoff,4.7116570472717285,,,ou_noise,0,1688001,3366004,1683002,17.863237972259522,26.436786548614503,,,
3350,3349,,,167.85432371394833,123,True,False,True,False,success,0.47379881143569946,,,ou_noise,0,1688124,3366250,1683125,14.33292249741593,26.695210433587796,,,
3351,3350,,,167.23675065217776,126,True,False,True,False,success,0.49870413541793823,,,ou_noise,0,1688250,3366502,1683251,25.551495994840348,26.600545247395832,,,
3352,3351,,,-297.1758147554012,1000,False,False,False,True,cutoff,7.749345302581787,,,ou_noise,0,1689250,3368502,1684251,18.6451993932724,26.605069986343384,,,
3353,3352,,,162.8602794423549,134,True,False,True,False,success,0.47472572326660156,,,ou_noise,0,1689384,3368770,1684385,13.69720064704098,26.994053968742712,,,
3354,3353,,,172.38475133056355,113,True,False,True,False,success,0.42260777950286865,,,ou_noise,0,1689497,3368996,1684498,24.503701640441353,26.564439672284422,,,
3355,3354,,,165.4141934576695,132,True,False,True,False,success,0.4769650101661682,,,ou_noise,0,1689629,3369260,1684630,31.242397263194576,26.75489314397176,,,
3356,3355,,,171.8466633026614,112,True,False,True,False,success,0.48070216178894043,,,ou_noise,0,1689741,3369484,1684742,14.28366995709283,26.477028608322144,,,
3357,3356,,,-234.02847044576387,1000,False,False,False,True,cutoff,6.50154972076416,,,ou_noise,0,1690741,3371484,1685742,18.233471393942832,26.585558809280396,,,
3358,3357,,,-269.6195890434119,1000,False,False,False,True,cutoff,7.595765113830566,,,ou_noise,0,1691741,3373484,1686742,16.813662484049797,26.687573932647705,,,
3359,3358,,,167.53251425896667,133,True,False,True,False,success,0.4484875500202179,,,ou_noise,0,1691874,3373750,1686875,14.347749082665695,26.62192442184104,,,
3360,3359,,,-305.8113336528029,638,False,True,True,False,collision,7.932390213012695,,,ou_noise,0,1692512,3375026,1687513,19.25473661220933,26.834622131993406,,,
3361,3360,,,167.2123273512197,129,True,False,True,False,success,0.4507279098033905,,,ou_noise,0,1692641,3375284,1687642,21.50356649428375,26.85500146437061,,,
3362,3361,,,168.8926882348746,120,True,False,True,False,success,0.4147821366786957,,,ou_noise,0,1692761,3375524,1687762,14.800332774718603,27.294482390085857,,,
3363,3362,,,164.08724571338604,136,True,False,True,False,success,0.42397594451904297,,,ou_noise,0,1692897,3375796,1687898,15.87412933566991,27.14613603143131,,,
3364,3363,,,-225.09122725924837,1000,False,False,False,True,cutoff,6.585381507873535,,,ou_noise,0,1693897,3377796,1688898,14.423653710603714,27.13558086013794,,,
3365,3364,,,165.73647141282686,138,True,False,True,False,success,0.42427536845207214,,,ou_noise,0,1694035,3378072,1689036,19.537802754968837,27.108029711073723,,,
3366,3365,,,172.5403678502734,111,True,False,True,False,success,0.46177390217781067,,,ou_noise,0,1694146,3378294,1689147,13.566703940297032,27.06152108338502,,,
3367,3366,,,-240.61119372202015,1000,False,False,False,True,cutoff,7.0905914306640625,,,ou_noise,0,1695146,3380294,1690147,16.380324096202852,27.18169920158386,,,
3368,3367,,,-246.7577051891446,1000,False,False,False,True,cutoff,6.987813472747803,,,ou_noise,0,1696146,3382294,1691147,14.931713032841682,27.24682386779785,,,
3369,3368,,,169.15621765501857,117,True,False,True,False,success,0.4640199542045593,,,ou_noise,0,1696263,3382528,1691264,11.892929615118565,26.798417588584442,,,
3370,3369,,,-258.20968458127317,1000,False,False,False,True,cutoff,7.9296183586120605,,,ou_noise,0,1697263,3384528,1692264,13.99799931049347,26.97181698036194,,,
3371,3370,,,166.78646364282693,123,True,False,True,False,success,0.4822975695133209,,,ou_noise,0,1697386,3384774,1692387,12.134063226420706,27.028382944866895,,,
3372,3371,,,-228.39695798044337,1000,False,False,False,True,cutoff,6.131040573120117,,,ou_noise,0,1698386,3386774,1693387,13.66829610991478,27.040358488082887,,,
3373,3372,,,-242.8433159852243,1000,False,False,False,True,cutoff,7.88462495803833,,,ou_noise,0,1699386,3388774,1694387,14.162286595225334,26.743657835006715,,,
3374,3373,,,-125.95093634586907,196,False,True,True,False,collision,6.125568866729736,,,ou_noise,0,1699582,3389166,1694583,15.624594223742582,26.50176595181835,,,
3375,3374,,,167.92804475496163,123,True,False,True,False,success,0.44855383038520813,,,ou_noise,0,1699705,3389412,1694706,12.70257945370868,26.467405830941548,,,
3376,3375,,,166.17954150524105,133,True,False,True,False,success,0.42733579874038696,,,ou_noise,0,1699838,3389678,1694839,11.059552648013696,26.253228811393107,,,
3377,3376,,,168.84153862562215,121,True,False,True,False,success,0.47406721115112305,,,ou_noise,0,1699959,3389920,1694960,14.135585258814913,26.35016628927436,,,
3378,3377,,,-244.94779694291725,1000,False,False,False,True,cutoff,7.483554840087891,,,ou_noise,0,1700959,3391920,1695960,12.880776316165925,26.263468589782715,,,
3379,3378,,,168.7252688478942,121,True,False,True,False,success,0.45582085847854614,,,ou_noise,0,1701080,3392162,1696081,14.482262920742192,26.042931233555816,,,
3380,3379,,,169.91684738283845,116,True,False,True,False,success,0.4544721841812134,,,ou_noise,0,1701196,3392394,1696197,12.662295240780402,26.116371631622314,,,
3381,3380,,,-263.15801328616004,1000,False,False,False,True,cutoff,7.210988521575928,,,ou_noise,0,1702196,3394394,1697197,12.811888348698616,25.94537095451355,,,
3382,3381,,,169.0661704230282,117,True,False,True,False,success,0.491289883852005,,,ou_noise,0,1702313,3394628,1697314,15.248320161786854,26.000261600200947,,,
3383,3382,,,171.7767031007492,115,True,False,True,False,success,0.46671175956726074,,,ou_noise,0,1702428,3394858,1697429,12.665934965921485,25.639226084170133,,,
3384,3383,,,170.1387647377585,121,True,False,True,False,success,0.44927382469177246,,,ou_noise,0,1702549,3395100,1697550,11.114961770940418,25.39556807525887,,,
3385,3384,,,170.98315146827008,115,True,False,True,False,success,0.47010931372642517,,,ou_noise,0,1702664,3395330,1697665,11.883388525506724,25.688139177405315,,,
3386,3385,,,166.23111142936833,130,True,False,True,False,success,0.4841833710670471,,,ou_noise,0,1702794,3395590,1697795,10.597869374201847,25.456609535217286,,,
3387,3386,,,-253.7535674537667,1000,False,False,False,True,cutoff,7.699712753295898,,,ou_noise,0,1703794,3397590,1698795,11.499951809644699,25.524478994369506,,,
3388,3387,,,-267.30232650756153,1000,False,False,False,True,cutoff,7.473901748657227,,,ou_noise,0,1704794,3399590,1699795,11.69398849761486,25.133540435791016,,,
3389,3388,,,-222.6406275886145,1000,False,False,False,True,cutoff,7.327963829040527,,,ou_noise,0,1705794,3401590,1700795,11.703508046150208,24.882684284210207,,,
3390,3389,,,-225.27544071220083,1000,False,False,False,True,cutoff,6.965427875518799,,,ou_noise,0,1706794,3403590,1701795,11.564623638868332,24.700857683181763,,,
3391,3390,,,-157.62983423031474,181,False,True,True,False,collision,9.502734184265137,,,ou_noise,0,1706975,3403952,1701976,12.14466950182098,24.648156087042878,,,
3392,3391,,,166.81606231219524,131,True,False,True,False,success,0.4242279827594757,,,ou_noise,0,1707106,3404214,1702107,11.509192437616013,24.632271701142987,,,
3393,3392,,,170.38161608803347,120,True,False,True,False,success,0.4351577162742615,,,ou_noise,0,1707226,3404454,1702227,12.74419859846433,24.323011048634847,,,
3394,3393,,,-102.86196045421438,194,False,True,True,False,collision,3.7735228538513184,,,ou_noise,0,1707420,3404842,1702421,12.616637313488832,24.379534957335167,,,
3395,3394,,,-255.45283079293353,1000,False,False,False,True,cutoff,7.624517917633057,,,ou_noise,0,1708420,3406842,1703421,13.14669155228138,24.33382504272461,,,
3396,3395,,,-245.2168918453375,1000,False,False,False,True,cutoff,7.34391975402832,,,ou_noise,0,1709420,3408842,1704421,12.2565647482872,24.187700902938843,,,
3397,3396,,,-238.93030790444047,1000,False,False,False,True,cutoff,7.339724063873291,,,ou_noise,0,1710420,3410842,1705421,10.69966148674488,24.04232077407837,,,
3398,3397,,,170.19956916812905,115,True,False,True,False,success,0.4641675055027008,,,ou_noise,0,1710535,3411072,1705536,12.212572794375212,23.708206873354705,,,
3399,3398,,,165.01082288778335,137,True,False,True,False,success,0.42841973900794983,,,ou_noise,0,1710672,3411346,1705673,10.062818763029837,23.95933149852892,,,
3400,3399,,,-259.6212041331434,1000,False,False,False,True,cutoff,7.482402801513672,,,ou_noise,0,1711672,3413346,1706673,11.33130522632599,23.72847385406494,,,
3401,3400,,,-218.89112440940184,1000,False,False,False,True,cutoff,6.914649963378906,,,ou_noise,0,1712672,3415346,1707673,11.334863585710526,23.383894211769103,,,
3402,3401,,,171.3494772380206,118,True,False,True,False,success,0.42691653966903687,,,ou_noise,0,1712790,3415582,1707791,10.586186945438385,23.102599370277535,,,
3403,3402,,,-202.7468729294426,1000,False,False,False,True,cutoff,4.471264362335205,,,ou_noise,0,1713790,3417582,1708791,12.227634042739869,23.24345188522339,,,
3404,3403,,,172.17005377920765,115,True,False,True,False,success,0.4509385824203491,,,ou_noise,0,1713905,3417812,1708906,11.331163129599197,23.31258551556131,,,
3405,3404,,,-269.4741056069865,1000,False,False,False,True,cutoff,7.325882911682129,,,ou_noise,0,1714905,3419812,1709906,11.365002162098884,23.223793176651,,,
3406,3405,,,167.37211907673674,122,True,False,True,False,success,0.4905906915664673,,,ou_noise,0,1715027,3420056,1710028,12.846217119302906,23.26187612189621,,,
3407,3406,,,-244.87717906394957,1000,False,False,False,True,cutoff,7.437336444854736,,,ou_noise,0,1716027,3422056,1711028,11.36589509654045,23.281569458007812,,,
3408,3407,,,-242.764155056098,1000,False,False,False,True,cutoff,7.669593811035156,,,ou_noise,0,1717027,3424056,1712028,12.027914638400079,23.231918701171875,,,
3409,3408,,,166.8434895008765,125,True,False,True,False,success,0.4720064401626587,,,ou_noise,0,1717152,3424306,1712153,10.917876749038696,23.240880966186523,,,
3410,3409,,,167.64888423239,130,True,False,True,False,success,0.4145437777042389,,,ou_noise,0,1717282,3424566,1712283,11.595630245942337,23.12902522453895,,,
3411,3410,,,164.22561409651573,134,True,False,True,False,success,0.49189281463623047,,,ou_noise,0,1717416,3424834,1712417,11.492367418844308,23.582180293638316,,,
3412,3411,,,-244.66529166156545,1000,False,False,False,True,cutoff,7.439066410064697,,,ou_noise,0,1718416,3426834,1713417,11.645697628498077,23.37212487602234,,,
3413,3412,,,-223.2336183136838,1000,False,False,False,True,cutoff,7.1498260498046875,,,ou_noise,0,1719416,3428834,1714417,10.867245066642761,23.53557187652588,,,
3414,3413,,,-257.5988617361264,1000,False,False,False,True,cutoff,7.413501262664795,,,ou_noise,0,1720416,3430834,1715417,11.297584238886833,23.507308893203735,,,
3415,3414,,,-236.40036015408936,1000,False,False,False,True,cutoff,7.000364780426025,,,ou_noise,0,1721416,3432834,1716417,11.665807566165924,23.670429363250733,,,
3416,3415,,,166.8298620708078,127,True,False,True,False,success,0.48401087522506714,,,ou_noise,0,1721543,3433088,1716544,13.105224685406121,23.299126887884665,,,
3417,3416,,,169.0735187825947,120,True,False,True,False,success,0.4904422163963318,,,ou_noise,0,1721663,3433328,1716664,10.76787182688713,23.51587610244751,,,
3418,3417,,,-92.10755162454669,73,False,True,True,False,collision,7.304320335388184,,,ou_noise,0,1721736,3433474,1716737,13.040247250909674,23.73205030780949,,,
3419,3418,,,167.43859747527517,125,True,False,True,False,success,0.46859434247016907,,,ou_noise,0,1721861,3433724,1716862,10.789329566955566,23.340111267089842,,,
3420,3419,,,-221.42230838924942,1000,False,False,False,True,cutoff,7.074724197387695,,,ou_noise,0,1722861,3435724,1717862,11.202344864964486,23.643955965042114,,,
3421,3420,,,-269.87404935262873,696,False,True,True,False,collision,7.07466459274292,,,ou_noise,0,1723557,3437116,1718558,11.761000740630873,23.61282043621458,,,
3422,3421,,,166.628384435681,133,True,False,True,False,success,0.4972647428512573,,,ou_noise,0,1723690,3437382,1718691,12.748047733665409,23.52274445842083,,,
3423,3422,,,172.36049957762998,114,True,False,True,False,success,0.4434828758239746,,,ou_noise,0,1723804,3437610,1718805,12.726060357010155,23.585003468028287,,,
3424,3423,,,-240.14460859926928,1000,False,False,False,True,cutoff,7.451783180236816,,,ou_noise,0,1724804,3439610,1719805,12.47472169625759,23.574890502929687,,,
3425,3424,,,169.15478233143082,127,True,False,True,False,success,0.4079340100288391,,,ou_noise,0,1724931,3439864,1719932,11.80522274595546,23.852142574280265,,,
3426,3425,,,168.22734449726832,121,True,False,True,False,success,0.4690100848674774,,,ou_noise,0,1725052,3440106,1720053,12.054477005950675,23.81173600441168,,,
3427,3426,,,-132.58368701128705,283,False,True,True,False,collision,6.278183460235596,,,ou_noise,0,1725335,3440672,1720336,11.269882074093228,23.527961966848206,,,
3428,3427,,,-229.80388469101936,1000,False,False,False,True,cutoff,7.211990833282471,,,ou_noise,0,1726335,3442672,1721336,12.950873792648315,23.54040182685852,,,
3429,3428,,,-257.0437802204746,1000,False,False,False,True,cutoff,5.45025110244751,,,ou_noise,0,1727335,3444672,1722336,12.984538895010948,23.794702886581423,,,
3430,3429,,,167.89403353517048,127,True,False,True,False,success,0.48843273520469666,,,ou_noise,0,1727462,3444926,1722463,14.199749148736789,23.95718442361186,,,
3431,3430,,,131.9309120578179,254,True,False,True,False,success,0.45676589012145996,,,ou_noise,0,1727716,3445434,1722717,13.481150819560675,23.886371342215952,,,
3432,3431,,,-232.61877842888475,1000,False,False,False,True,cutoff,7.293567180633545,,,ou_noise,0,1728716,3447434,1723717,14.197797367095948,23.756489511489868,,,
3433,3432,,,172.1744596005487,114,True,False,True,False,success,0.45249223709106445,,,ou_noise,0,1728830,3447662,1723831,14.564553400926423,23.837890825773542,,,
3434,3433,,,165.00805677401974,137,True,False,True,False,success,0.46597373485565186,,,ou_noise,0,1728967,3447936,1723968,12.86518693144304,23.880588461882876,,,
3435,3434,,,-234.0408575638012,1000,False,False,False,True,cutoff,8.00413703918457,,,ou_noise,0,1729967,3449936,1724968,13.820135845065117,23.68112904071808,,,
3436,3435,,,-234.9271828581119,1000,False,False,False,True,cutoff,6.856428623199463,,,ou_noise,0,1730967,3451936,1725968,13.310667932748794,23.755594880104066,,,
3437,3436,,,-228.88215609128525,1000,False,False,False,True,cutoff,7.375545024871826,,,ou_noise,0,1731967,3453936,1726968,13.934632864117622,23.860379526138306,,,
3438,3437,,,-253.5349287621712,1000,False,False,False,True,cutoff,8.543878555297852,,,ou_noise,0,1732967,3455936,1727968,13.467452555179596,23.926192169189452,,,
3439,3438,,,-237.79702187898116,1000,False,False,False,True,cutoff,8.665075302124023,,,ou_noise,0,1733967,3457936,1728968,12.361497990608216,23.992966176986695,,,
3440,3439,,,-217.88433408077512,1000,False,False,False,True,cutoff,7.515991687774658,,,ou_noise,0,1734967,3459936,1729968,12.332658097743987,23.91066954803467,,,
3441,3440,,,166.41888393982197,127,True,False,True,False,success,0.4335360825061798,,,ou_noise,0,1735094,3460190,1730095,11.342207573530242,23.381339065671906,,,
3442,3441,,,-70.44800167198761,78,False,True,True,False,collision,4.8172607421875,,,ou_noise,0,1735172,3460346,1730173,11.566343328891657,23.596039356329502,,,
3443,3442,,,169.34339904929578,124,True,False,True,False,success,0.43909844756126404,,,ou_noise,0,1735296,3460594,1730297,14.465446666363746,24.1121304112096,,,
3444,3443,,,-239.5765691413059,1000,False,False,False,True,cutoff,7.601162910461426,,,ou_noise,0,1736296,3462594,1731297,12.632561535477638,23.796751710891723,,,
3445,3444,,,171.24793217336645,118,True,False,True,False,success,0.4495367705821991,,,ou_noise,0,1736414,3462830,1731415,12.105190048783513,23.50414550910562,,,
3446,3445,,,171.7888586815506,119,True,False,True,False,success,0.4422151446342468,,,ou_noise,0,1736533,3463068,1731534,11.217180785010843,23.32536852860651,,,
3447,3446,,,-208.2428273820738,1000,False,False,False,True,cutoff,4.105170726776123,,,ou_noise,0,1737533,3465068,1732534,12.170048809885978,23.12870164489746,,,
3448,3447,,,161.27175140639764,137,True,False,True,False,success,0.4913232922554016,,,ou_noise,0,1737670,3465342,1732671,12.328856701398418,23.250740538548378,,,
3449,3448,,,170.8689622616002,122,True,False,True,False,success,0.43049106001853943,,,ou_noise,0,1737792,3465586,1732793,12.33317240730661,23.14869710265613,,,
3450,3449,,,-253.9926150407331,1000,False,False,False,True,cutoff,8.42227554321289,,,ou_noise,0,1738792,3467586,1733793,12.726883704662322,23.098649862289427,,,
3451,3450,,,167.76045113110325,120,True,False,True,False,success,0.44594335556030273,,,ou_noise,0,1738912,3467826,1733913,13.942483776807785,22.872779480616252,,,
3452,3451,,,-223.69258438733434,1000,False,False,False,True,cutoff,7.419978618621826,,,ou_noise,0,1739912,3469826,1734913,12.815839349389076,22.71736984157562,,,
3453,3452,,,167.13867301070502,131,True,False,True,False,success,0.4651942849159241,,,ou_noise,0,1740043,3470088,1735044,11.44132746721952,22.564531064215508,,,
3454,3453,,,-200.62481202988707,1000,False,False,False,True,cutoff,6.961840629577637,,,ou_noise,0,1741043,3472088,1736044,12.626578989505768,22.33158295249939,,,
3455,3454,,,169.56854483830148,126,True,False,True,False,success,0.4427523612976074,,,ou_noise,0,1741169,3472340,1736170,10.937094134943825,21.886256982409765,,,
3456,3455,,,-119.2259284987474,224,False,True,True,False,collision,5.427711009979248,,,ou_noise,0,1741393,3472788,1736394,13.227589659392834,22.280020032610214,,,
3457,3456,,,170.30274842831648,118,True,False,True,False,success,0.4521605372428894,,,ou_noise,0,1741511,3473024,1736512,12.687431670851627,22.10045604382531,,,
3458,3457,,,159.88662759925847,154,True,False,True,False,success,0.4177596867084503,,,ou_noise,0,1741665,3473332,1736666,12.667252110196399,21.997129031590053,,,
3459,3458,,,-153.37321975830085,332,False,True,True,False,collision,5.577062606811523,,,ou_noise,0,1741997,3473996,1736998,12.811929102403571,21.85863955336881,,,
3460,3459,,,166.6558468327136,129,True,False,True,False,success,0.4982393682003021,,,ou_noise,0,1742126,3474254,1737127,12.869372157163399,21.847297742385273,,,
3461,3460,,,-244.0781856703403,1000,False,False,False,True,cutoff,7.2465386390686035,,,ou_noise,0,1743126,3476254,1738127,13.160159081220627,21.718573643684387,,,
3462,3461,,,-98.84929412845807,101,False,True,True,False,collision,7.391526699066162,,,ou_noise,0,1743227,3476456,1738228,11.526447865042355,21.77634335508441,,,
3463,3462,,,171.1538654786951,117,True,False,True,False,success,0.43760618567466736,,,ou_noise,0,1743344,3476690,1738345,14.395801038823576,21.843730249975483,,,
3464,3463,,,-239.74811606335095,1000,False,False,False,True,cutoff,7.316758155822754,,,ou_noise,0,1744344,3478690,1739345,13.630595321655273,21.592486724853515,,,
3465,3464,,,-257.1311097602568,1000,False,False,False,True,cutoff,8.113816261291504,,,ou_noise,0,1745344,3480690,1740345,14.73420386993885,21.105863070487977,,,
3466,3465,,,160.4011919641385,139,True,False,True,False,success,0.46107217669487,,,ou_noise,0,1745483,3480968,1740484,11.501210950261397,20.94649983824586,,,
3467,3466,,,171.33632304635867,119,True,False,True,False,success,0.4421958923339844,,,ou_noise,0,1745602,3481206,1740603,12.510999249810933,20.49219738134817,,,
3468,3467,,,161.37472477295873,138,True,False,True,False,success,0.496501088142395,,,ou_noise,0,1745740,3481482,1740741,12.770606616268987,20.862590997115426,,,
3469,3468,,,163.009422942816,134,True,False,True,False,success,0.48910316824913025,,,ou_noise,0,1745874,3481750,1740875,11.942337557451049,20.684062701552662,,,
3470,3469,,,-225.44253526165653,1000,False,False,False,True,cutoff,7.351434707641602,,,ou_noise,0,1746874,3483750,1741875,11.716741550087928,20.556824754714967,,,
3471,3470,,,-239.3071919454281,1000,False,False,False,True,cutoff,6.84267520904541,,,ou_noise,0,1747874,3485750,1742875,11.284496245145798,20.34836780643463,,,
3472,3471,,,171.81888777487006,117,True,False,True,False,success,0.4799192249774933,,,ou_noise,0,1747991,3485984,1742992,10.743040394579243,20.25941346649431,,,
3473,3472,,,-210.77129279309858,1000,False,False,False,True,cutoff,7.802303314208984,,,ou_noise,0,1748991,3487984,1743992,11.322721047759057,20.17782190799713,,,
3474,3473,,,-236.13843789758192,1000,False,False,False,True,cutoff,7.075491905212402,,,ou_noise,0,1749991,3489984,1744992,11.052022545337676,19.917540523529052,,,
3475,3474,,,-212.19640071879292,1000,False,False,False,True,cutoff,7.423047065734863,,,ou_noise,0,1750991,3491984,1745992,10.874104324698449,19.73326552772522,,,
3476,3475,,,-219.51542486224432,1000,False,False,False,True,cutoff,6.667026042938232,,,ou_noise,0,1751991,3493984,1746992,11.195979076266289,19.650784581184386,,,
3477,3476,,,-84.80515537410848,50,False,True,True,False,collision,7.277065277099609,,,ou_noise,0,1752041,3494084,1747042,10.516089282035828,19.565700817108155,,,
3478,3477,,,-234.01898285768016,1000,False,False,False,True,cutoff,7.442152976989746,,,ou_noise,0,1753041,3496084,1748042,11.925497413635254,19.50181981563568,,,
3479,3478,,,169.72947347918054,126,True,False,True,False,success,0.4668360948562622,,,ou_noise,0,1753167,3496336,1748168,10.338344781171708,19.484124501546223,,,
3480,3479,,,-218.0523746932799,520,False,True,True,False,collision,4.894087314605713,,,ou_noise,0,1753687,3497376,1748688,10.558862852133238,19.41052510004777,,,
3481,3480,,,-204.26495604027164,1000,False,False,False,True,cutoff,6.519341468811035,,,ou_noise,0,1754687,3499376,1749688,12.058044635295868,19.269381344795228,,,
3482,3481,,,163.4359046965601,135,True,False,True,False,success,0.43499085307121277,,,ou_noise,0,1754822,3499646,1749823,9.663892391875939,19.326217460632325,,,
3483,3482,,,171.21099358165316,113,True,False,True,False,success,0.4512193202972412,,,ou_noise,0,1754935,3499872,1749936,9.362043186626604,19.456846515689275,,,
3484,3483,,,168.25007615627766,126,True,False,True,False,success,0.46591997146606445,,,ou_noise,0,1755061,3500124,1750062,10.972851764588128,19.036387034824916,,,
3485,3484,,,-227.09233347712618,1000,False,False,False,True,cutoff,6.910149097442627,,,ou_noise,0,1756061,3502124,1751062,12.141808490037919,19.062616660118103,,,
3486,3485,,,-331.31252844227487,1000,False,False,False,True,cutoff,7.989593029022217,,,ou_noise,0,1757061,3504124,1752062,11.60367737340927,19.010335048675536,,,
3487,3486,,,-237.24268516712326,1000,False,False,False,True,cutoff,5.888278484344482,,,ou_noise,0,1758061,3506124,1753062,12.159153565764427,19.040475563049316,,,
3488,3487,,,-221.6316438894171,1000,False,False,False,True,cutoff,6.863331317901611,,,ou_noise,0,1759061,3508124,1754062,10.134510374784469,18.84997425079346,,,
3489,3488,,,-243.02583420696595,1000,False,False,False,True,cutoff,7.025325775146484,,,ou_noise,0,1760061,3510124,1755062,10.420255732536315,18.792146763801576,,,
3490,3489,,,-261.30877063794475,1000,False,False,False,True,cutoff,7.9539055824279785,,,ou_noise,0,1761061,3512124,1756062,10.298311717748643,18.72160995197296,,,
3491,3490,,,-244.8730050276766,1000,False,False,False,True,cutoff,7.32874870300293,,,ou_noise,0,1762061,3514124,1757062,10.084233664751054,18.74251616573334,,,
3492,3491,,,170.88539393036842,122,True,False,True,False,success,0.43791985511779785,,,ou_noise,0,1762183,3514368,1757184,10.668169779855697,18.386208776567802,,,
3493,3492,,,-85.94080809385108,60,False,True,True,False,collision,7.021452903747559,,,ou_noise,0,1762243,3514488,1757244,9.4495068192482,18.23632706006368,,,
3494,3493,,,170.35683334516366,118,True,False,True,False,success,0.4787665009498596,,,ou_noise,0,1762361,3514724,1757362,11.122549165103395,18.517117952896378,,,
3495,3494,,,166.7713650679421,131,True,False,True,False,success,0.4341502785682678,,,ou_noise,0,1762492,3514986,1757493,10.978909960229888,18.59371143078986,,,
3496,3495,,,-231.27674170880664,1000,False,False,False,True,cutoff,7.040832996368408,,,ou_noise,0,1763492,3516986,1758493,10.606681359887123,18.511955189704896,,,
3497,3496,,,-223.89748598439513,1000,False,False,False,True,cutoff,7.1755290031433105,,,ou_noise,0,1764492,3518986,1759493,9.828610947728157,18.49233990097046,,,
3498,3497,,,-224.7016731818957,1000,False,False,False,True,cutoff,7.3884196281433105,,,ou_noise,0,1765492,3520986,1760493,10.139073178172112,18.668628416061402,,,
3499,3498,,,172.74443806921522,111,True,False,True,False,success,0.421276718378067,,,ou_noise,0,1765603,3521208,1760604,11.770318758380306,18.720919299770046,,,
3500,3499,,,-201.70922464866365,1000,False,False,False,True,cutoff,7.1856279373168945,,,ou_noise,0,1766603,3523208,1761604,10.56328249657154,18.415231503486634,,,
3501,3500,,,-212.65515877242237,1000,False,False,False,True,cutoff,6.945460319519043,,,ou_noise,0,1767603,3525208,1762604,9.950369460225104,18.723326343536378,,,
3502,3501,,,-233.04444662671668,1000,False,False,False,True,cutoff,7.425625801086426,,,ou_noise,0,1768603,3527208,1763604,10.357766902804375,18.647896626472473,,,
3503,3502,,,-232.17756170631077,1000,False,False,False,True,cutoff,6.974196910858154,,,ou_noise,0,1769603,3529208,1764604,10.31461906003952,18.601848890304566,,,
3504,3503,,,-292.62530034531414,1000,False,False,False,True,cutoff,8.399194717407227,,,ou_noise,0,1770603,3531208,1765604,9.993807701826096,18.72265272331238,,,
3505,3504,,,-196.65778300287505,1000,False,False,False,True,cutoff,5.847434997558594,,,ou_noise,0,1771603,3533208,1766604,11.417853202581405,18.79711787891388,,,
3506,3505,,,-232.19051366626113,1000,False,False,False,True,cutoff,6.848213195800781,,,ou_noise,0,1772603,3535208,1767604,10.917667814135552,18.958022860527038,,,
3507,3506,,,-238.65346894735072,1000,False,False,False,True,cutoff,6.791210651397705,,,ou_noise,0,1773603,3537208,1768604,10.784735673189163,19.26009091281891,,,
3508,3507,,,171.80123525003842,111,True,False,True,False,success,0.47176340222358704,,,ou_noise,0,1773714,3537430,1768715,11.430845544144914,18.97128655029847,,,
3509,3508,,,-217.91586685708944,1000,False,False,False,True,cutoff,6.751452445983887,,,ou_noise,0,1774714,3539430,1769715,10.325878690004348,19.491144277572634,,,
3510,3509,,,-226.47713662946774,1000,False,False,False,True,cutoff,6.914157867431641,,,ou_noise,0,1775714,3541430,1770715,10.630320308804512,19.855517691612242,,,
3511,3510,,,56.37328800241636,515,True,False,True,False,success,0.4130919575691223,,,ou_noise,0,1776229,3542460,1771230,10.471913371502774,20.0205499241653,,,
3512,3511,,,164.53974754800606,132,True,False,True,False,success,0.4424237608909607,,,ou_noise,0,1776361,3542724,1771362,10.341284614620786,20.20920006434123,,,
3513,3512,,,169.71428883859346,120,True,False,True,False,success,0.4848192036151886,,,ou_noise,0,1776481,3542964,1771482,13.50336989959081,19.99637951850891,,,
3514,3513,,,-233.9577055054116,1000,False,False,False,True,cutoff,6.898647785186768,,,ou_noise,0,1777481,3544964,1772482,11.885527790307998,20.1909921875,,,
3515,3514,,,167.64360412853262,132,True,False,True,False,success,0.4109801948070526,,,ou_noise,0,1777613,3545228,1772614,12.628297571883056,20.563920252250902,,,
3516,3515,,,-226.35415288178513,1000,False,False,False,True,cutoff,7.211025238037109,,,ou_noise,0,1778613,3547228,1773614,11.809631942033768,20.776881650924683,,,
3517,3516,,,166.47691253286376,132,True,False,True,False,success,0.4819287061691284,,,ou_noise,0,1778745,3547492,1773746,14.30028124108459,21.125663685076166,,,
3518,3517,,,167.95145125679284,128,True,False,True,False,success,0.4774520695209503,,,ou_noise,0,1778873,3547748,1773874,10.745193138718605,21.249212503433228,,,
3519,3518,,,171.40606528701295,119,True,False,True,False,success,0.4671846330165863,,,ou_noise,0,1778992,3547986,1773993,12.752784597773513,20.87706173167509,,,
3520,3519,,,-242.75127901422246,1000,False,False,False,True,cutoff,5.5624847412109375,,,ou_noise,0,1779992,3549986,1774993,12.739828141450882,21.210339707374573,,,
3521,3520,,,-213.25313194628197,1000,False,False,False,True,cutoff,7.070247650146484,,,ou_noise,0,1780992,3551986,1775993,12.522112883090973,21.86878107070923,,,
3522,3521,,,168.96885376796297,123,True,False,True,False,success,0.49595290422439575,,,ou_noise,0,1781115,3552232,1776116,17.16982701154259,22.014286552987446,,,
3523,3522,,,164.34835163314705,137,True,False,True,False,success,0.48937687277793884,,,ou_noise,0,1781252,3552506,1776253,12.754123411909507,22.25653472259967,,,
3524,3523,,,172.07772687233495,108,True,False,True,False,success,0.4569217562675476,,,ou_noise,0,1781360,3552722,1776361,13.078524494612658,21.942542941481978,,,
3525,3524,,,166.67021458250883,131,True,False,True,False,success,0.46223777532577515,,,ou_noise,0,1781491,3552984,1776492,13.537258332012264,22.077693793609853,,,
3526,3525,,,-191.33452453569714,1000,False,False,False,True,cutoff,7.023041725158691,,,ou_noise,0,1782491,3554984,1777492,12.918110319852829,21.94470767402649,,,
3527,3526,,,-86.61410834135869,53,False,True,True,False,collision,7.40080451965332,,,ou_noise,0,1782544,3555090,1777545,13.169135732470819,22.4293084054623,,,
3528,3527,,,166.21055431874322,131,True,False,True,False,success,0.488942414522171,,,ou_noise,0,1782675,3555352,1777676,11.107710780078218,21.93186279471594,,,
3529,3528,,,160.92572914629994,148,True,False,True,False,success,0.49233055114746094,,,ou_noise,0,1782823,3555648,1777824,13.497206145041698,22.404129556707435,,,
3530,3529,,,-60.09237211481476,74,False,True,True,False,collision,4.65034818649292,,,ou_noise,0,1782897,3555796,1777898,12.448962163280797,22.0582089810758,,,
3531,3530,,,168.80655482659847,121,True,False,True,False,success,0.49904659390449524,,,ou_noise,0,1783018,3556038,1778019,14.814707691019231,21.57525429843871,,,
3532,3531,,,-202.08114958750943,1000,False,False,False,True,cutoff,7.057984828948975,,,ou_noise,0,1784018,3558038,1779019,14.638135839462281,21.74246280479431,,,
3533,3532,,,167.75634604816548,131,True,False,True,False,success,0.4728040397167206,,,ou_noise,0,1784149,3558300,1779150,13.428544605051288,21.925263484925715,,,
3534,3533,,,-130.28889023696476,355,False,True,True,False,collision,1.6393096446990967,,,ou_noise,0,1784504,3559010,1779505,13.594997948324176,21.48968407805537,,,
3535,3534,,,-213.83980094033205,1000,False,False,False,True,cutoff,4.1634135246276855,,,ou_noise,0,1785504,3561010,1780505,13.465788170576095,21.582043023109435,,,
3536,3535,,,166.0308311460525,131,True,False,True,False,success,0.478229284286499,,,ou_noise,0,1785635,3561272,1780636,12.697229842193254,21.561537575175745,,,
3537,3536,,,169.72044575523137,119,True,False,True,False,success,0.4258437752723694,,,ou_noise,0,1785754,3561510,1780755,13.875017188176388,21.551668535761472,,,
3538,3537,,,-195.18177256941323,1000,False,False,False,True,cutoff,7.192342758178711,,,ou_noise,0,1786754,3563510,1781755,13.556818380117416,21.709271102905273,,,
3539,3538,,,-190.83789948492662,1000,False,False,False,True,cutoff,7.03103494644165,,,ou_noise,0,1787754,3565510,1782755,12.828177209496499,21.75761603164673,,,
3540,3539,,,-187.52406065256704,1000,False,False,False,True,cutoff,6.912125110626221,,,ou_noise,0,1788754,3567510,1783755,12.137191362500191,21.93885882949829,,,
3541,3540,,,163.45415874754602,132,True,False,True,False,success,0.41857218742370605,,,ou_noise,0,1788886,3567774,1783887,11.699764728546143,21.908167492259633,,,
3542,3541,,,-206.25140112227388,1000,False,False,False,True,cutoff,7.247306823730469,,,ou_noise,0,1789886,3569774,1784887,12.104168682694436,21.802630747795106,,,
3543,3542,,,-190.7573947540618,1000,False,False,False,True,cutoff,7.299059867858887,,,ou_noise,0,1790886,3571774,1785887,12.554311023831367,21.736790128707884,,,
3544,3543,,,-216.62927896632974,1000,False,False,False,True,cutoff,7.123969078063965,,,ou_noise,0,1791886,3573774,1786887,12.862280203580855,21.90250955581665,,,
3545,3544,,,166.95420894014558,134,True,False,True,False,success,0.46067696809768677,,,ou_noise,0,1792020,3574042,1787021,10.843143842113552,21.907776903750293,,,
3546,3545,,,169.9280832343623,121,True,False,True,False,success,0.4985341429710388,,,ou_noise,0,1792141,3574284,1787142,11.555643450130116,21.90204524205736,,,
3547,3546,,,-223.18529801835084,1000,False,False,False,True,cutoff,6.948207378387451,,,ou_noise,0,1793141,3576284,1788142,13.466778421521187,22.057456339836122,,,
3548,3547,,,-206.6595971439485,1000,False,False,False,True,cutoff,6.955467700958252,,,ou_noise,0,1794141,3578284,1789142,13.00928317308426,22.10561548233032,,,
3549,3548,,,171.23196493943863,118,True,False,True,False,success,0.42759642004966736,,,ou_noise,0,1794259,3578520,1789260,13.379977992025472,22.170146360235698,,,
3550,3549,,,-224.88797037155723,1000,False,False,False,True,cutoff,7.5023298263549805,,,ou_noise,0,1795259,3580520,1790260,12.892015699505807,22.10682949256897,,,
3551,3550,,,166.79770709114558,127,True,False,True,False,success,0.49317997694015503,,,ou_noise,0,1795386,3580774,1790387,12.00619176147491,21.86848018676277,,,
3552,3551,,,165.60054368713227,134,True,False,True,False,success,0.48643210530281067,,,ou_noise,0,1795520,3581042,1790521,12.985293448860965,21.96164035797119,,,
3553,3552,,,-201.19817954977808,1000,False,False,False,True,cutoff,7.088314533233643,,,ou_noise,0,1796520,3583042,1791521,13.654968397140504,21.913997216224672,,,
3554,3553,,,-247.73369620780426,589,False,True,True,False,collision,5.953925132751465,,,ou_noise,0,1797109,3584220,1792110,13.663710931565847,21.546798327175587,,,
3555,3554,,,-268.89900474647186,1000,False,False,False,True,cutoff,7.43104887008667,,,ou_noise,0,1798109,3586220,1793110,13.188933345794677,21.668070568084715,,,
3556,3555,,,169.5882174686019,120,True,False,True,False,success,0.4689812958240509,,,ou_noise,0,1798229,3586460,1793230,11.285063878695171,21.84639655749003,,,
3557,3556,,,163.63204392252533,147,True,False,True,False,success,0.45183810591697693,,,ou_noise,0,1798376,3586754,1793377,12.918415007948065,21.46230210414549,,,
3558,3557,,,-211.11445301261617,1000,False,False,False,True,cutoff,7.072885990142822,,,ou_noise,0,1799376,3588754,1794377,12.773040684342384,21.65429574394226,,,
3559,3558,,,-203.6098597915902,1000,False,False,False,True,cutoff,7.268346309661865,,,ou_noise,0,1800376,3590754,1795377,13.110394454836845,21.613913467407226,,,
3560,3559,,,168.60958505372133,121,True,False,True,False,success,0.45307889580726624,,,ou_noise,0,1800497,3590996,1795498,12.370909044565249,21.574103323881292,,,
3561,3560,,,171.0453075689637,120,True,False,True,False,success,0.4768095910549164,,,ou_noise,0,1800617,3591236,1795618,16.53397536277771,21.41859836578369,,,
3562,3561,,,162.7306686384765,141,True,False,True,False,success,0.41988250613212585,,,ou_noise,0,1800758,3591518,1795759,12.685587039230564,21.495041779592526,,,
3563,3562,,,169.495631541922,124,True,False,True,False,success,0.4057428538799286,,,ou_noise,0,1800882,3591766,1795883,15.698096663721147,21.401580733637655,,,
3564,3563,,,166.51281528753861,121,True,False,True,False,success,0.4767015278339386,,,ou_noise,0,1801003,3592008,1796004,15.71764189054158,21.390851154800288,,,
3565,3564,,,165.44960880240535,137,True,False,True,False,success,0.4656180441379547,,,ou_noise,0,1801140,3592282,1796141,16.189018179900454,21.35564153907943,,,
3566,3565,,,-182.31173723757962,1000,False,False,False,True,cutoff,7.095941543579102,,,ou_noise,0,1802140,3594282,1797141,12.269428565502167,21.353848175048828,,,
3567,3566,,,-112.58406929601172,317,False,True,True,False,collision,1.8912893533706665,,,ou_noise,0,1802457,3594916,1797458,15.176112878961893,21.334393492256428,,,
3568,3567,,,171.809371480082,115,True,False,True,False,success,0.45496246218681335,,,ou_noise,0,1802572,3595146,1797573,14.7684809104256,21.435193667204484,,,
3569,3568,,,164.99159682434203,141,True,False,True,False,success,0.49477338790893555,,,ou_noise,0,1802713,3595428,1797714,12.018413591046706,21.191423612283476,,,
3570,3569,,,-190.76365602366832,1000,False,False,False,True,cutoff,6.9005608558654785,,,ou_noise,0,1803713,3597428,1798714,12.873222348332405,21.212985160827635,,,
3571,3570,,,-222.85059558417638,1000,False,False,False,True,cutoff,7.781219959259033,,,ou_noise,0,1804713,3599428,1799714,13.438613748788834,21.276889521598815,,,
3572,3571,,,170.7605611264931,120,True,False,True,False,success,0.4141013026237488,,,ou_noise,0,1804833,3599668,1799834,11.512690411011379,21.378668959935506,,,
3573,3572,,,168.36990892081334,126,True,False,True,False,success,0.4592737853527069,,,ou_noise,0,1804959,3599920,1799960,15.005041423298064,21.277588306911408,,,
3574,3573,,,-230.65805511443332,1000,False,False,False,True,cutoff,7.486163139343262,,,ou_noise,0,1805959,3601920,1800960,13.033744168758393,21.120707756996154,,,
3575,3574,,,171.0384791449027,113,True,False,True,False,success,0.4589425027370453,,,ou_noise,0,1806072,3602146,1801073,12.844248735799198,21.48409149710056,,,
3576,3575,,,164.86111694081183,137,True,False,True,False,success,0.46921777725219727,,,ou_noise,0,1806209,3602420,1801210,10.841171809356577,21.368308589406258,,,
3577,3576,,,-193.22049614342532,1000,False,False,False,True,cutoff,7.247991561889648,,,ou_noise,0,1807209,3604420,1802210,11.98505947816372,21.20604714679718,,,
3578,3577,,,-214.6305822031405,1000,False,False,False,True,cutoff,7.22752571105957,,,ou_noise,0,1808209,3606420,1803210,12.767293558001517,21.31137118434906,,,
3579,3578,,,-199.39659230495337,1000,False,False,False,True,cutoff,7.237180709838867,,,ou_noise,0,1809209,3608420,1804210,12.296551019072533,21.33147343444824,,,
3580,3579,,,-82.16364391117844,67,False,True,True,False,collision,6.66104793548584,,,ou_noise,0,1809276,3608554,1804277,12.695975698641877,21.077773877044223,,,
3581,3580,,,-183.90176705251332,1000,False,False,False,True,cutoff,7.129330635070801,,,ou_noise,0,1810276,3610554,1805277,12.83016668021679,21.390917760849,,,
3582,3581,,,-179.77822587257165,1000,False,False,False,True,cutoff,7.141277313232422,,,ou_noise,0,1811276,3612554,1806277,11.801949877142906,21.289054346084594,,,
3583,3582,,,166.3804751593765,138,True,False,True,False,success,0.45370039343833923,,,ou_noise,0,1811414,3612830,1806415,10.915458115114681,21.486740181411523,,,
3584,3583,,,-217.63196046864402,1000,False,False,False,True,cutoff,7.477714538574219,,,ou_noise,0,1812414,3614830,1807415,11.738011009454727,21.44965992641449,,,
3585,3584,,,-272.50076395458325,1000,False,False,False,True,cutoff,8.129500389099121,,,ou_noise,0,1813414,3616830,1808415,12.23204403603077,21.427542264938353,,,
3586,3585,,,-217.98027550825793,1000,False,False,False,True,cutoff,7.128836631774902,,,ou_noise,0,1814414,3618830,1809415,12.492277052044868,21.33690024757385,,,
3587,3586,,,-231.89046892288258,1000,False,False,False,True,cutoff,7.995165824890137,,,ou_noise,0,1815414,3620830,1810415,10.828293051242829,21.471935207366943,,,
3588,3587,,,169.53877344180304,129,True,False,True,False,success,0.43343982100486755,,,ou_noise,0,1815543,3621088,1810544,11.58525680109512,21.53957746934521,,,
3589,3588,,,166.18450362975074,130,True,False,True,False,success,0.4586600661277771,,,ou_noise,0,1815673,3621348,1810674,10.124255435283368,21.690454468360315,,,
3590,3589,,,-227.4750037019495,1000,False,False,False,True,cutoff,7.79831600189209,,,ou_noise,0,1816673,3623348,1811674,11.814583742141723,21.703666622161865,,,
3591,3590,,,169.86458272248723,119,True,False,True,False,success,0.48162493109703064,,,ou_noise,0,1816792,3623586,1811793,13.184595376503568,21.445832597107447,,,
3592,3591,,,-257.6119835833727,1000,False,False,False,True,cutoff,7.836688041687012,,,ou_noise,0,1817792,3625586,1812793,11.882686648845672,21.670341074943543,,,
3593,3592,,,165.045212932757,138,True,False,True,False,success,0.4730851352214813,,,ou_noise,0,1817930,3625862,1812931,12.418134789535964,21.71456720518029,,,
3594,3593,,,168.31305123466962,124,True,False,True,False,success,0.47646719217300415,,,ou_noise,0,1818054,3626110,1813055,11.347962579419535,21.813324774465254,,,
3595,3594,,,-234.4939942462957,1000,False,False,False,True,cutoff,7.897044658660889,,,ou_noise,0,1819054,3628110,1814055,11.702258390784264,21.77613100147247,,,
3596,3595,,,-198.50714422365803,1000,False,False,False,True,cutoff,7.369320869445801,,,ou_noise,0,1820054,3630110,1815055,12.297137244343757,22.05510891342163,,,
3597,3596,,,-218.78892448911313,1000,False,False,False,True,cutoff,7.389178276062012,,,ou_noise,0,1821054,3632110,1816055,12.159359909415246,22.252579758644103,,,
3598,3597,,,169.24713197127267,122,True,False,True,False,success,0.41811954975128174,,,ou_noise,0,1821176,3632354,1816177,11.29393239783459,22.23944176220503,,,
3599,3598,,,167.86731870534655,128,True,False,True,False,success,0.4964526891708374,,,ou_noise,0,1821304,3632610,1816305,11.065897911787033,21.991349756717682,,,
3600,3599,,,169.2334023648677,132,True,False,True,False,success,0.46537715196609497,,,ou_noise,0,1821436,3632874,1816437,10.971137509201512,22.279976743640322,,,
3601,3600,,,-220.9140447081675,1000,False,False,False,True,cutoff,7.197271347045898,,,ou_noise,0,1822436,3634874,1817437,11.19173035812378,22.193232796669005,,,
3602,3601,,,162.43335993638,146,True,False,True,False,success,0.42438480257987976,,,ou_noise,0,1822582,3635166,1817583,12.334791732161012,22.33334128497398,,,
3603,3602,,,166.74712309007194,130,True,False,True,False,success,0.4047676622867584,,,ou_noise,0,1822712,3635426,1817713,13.928094715338487,22.15324448805589,,,
3604,3603,,,-202.32982857659943,1000,False,False,False,True,cutoff,5.004103183746338,,,ou_noise,0,1823712,3637426,1818713,11.465387188434601,22.2916711101532,,,
3605,3604,,,167.51914422711252,129,True,False,True,False,success,0.44057121872901917,,,ou_noise,0,1823841,3637684,1818842,10.546361518460651,22.07544298689495,,,
3606,3605,,,170.3214164736634,125,True,False,True,False,success,0.48016345500946045,,,ou_noise,0,1823966,3637934,1818967,16.15688474082947,22.152053466796875,,,
3607,3606,,,-226.51358417674678,1000,False,False,False,True,cutoff,8.000011444091797,,,ou_noise,0,1824966,3639934,1819967,11.025215312123299,22.24194063282013,,,
3608,3607,,,-204.32095288294568,378,False,True,True,False,collision,10.92294979095459,,,ou_noise,0,1825344,3640690,1820345,12.184690839083737,22.342767488388787,,,
3609,3608,,,170.75445367817588,123,True,False,True,False,success,0.4719938635826111,,,ou_noise,0,1825467,3640936,1820468,10.762173853269438,21.980560876489655,,,
3610,3609,,,168.16942575299828,126,True,False,True,False,success,0.4576047658920288,,,ou_noise,0,1825593,3641188,1820594,11.142406693526677,22.375649982028538,,,
3611,3610,,,161.19334663184236,151,True,False,True,False,success,0.4891563057899475,,,ou_noise,0,1825744,3641490,1820745,10.380885060259837,22.318471542257345,,,
3612,3611,,,94.74374497531706,393,True,False,True,False,success,0.4663105010986328,,,ou_noise,0,1826137,3642276,1821138,11.187987893895642,22.205281954078576,,,
3613,3612,,,171.18758569416144,113,True,False,True,False,success,0.49581077694892883,,,ou_noise,0,1826250,3642502,1821251,12.650993665762707,22.052988626260674,,,
3614,3613,,,171.05382806159628,119,True,False,True,False,success,0.4522981643676758,,,ou_noise,0,1826369,3642740,1821370,12.663393437361517,22.141584941319056,,,
3615,3614,,,-248.92431408871653,1000,False,False,False,True,cutoff,6.65399694442749,,,ou_noise,0,1827369,3644740,1822370,12.933329523444176,22.241528471946715,,,
3616,3615,,,-94.96969816940374,51,False,True,True,False,collision,7.996687412261963,,,ou_noise,0,1827420,3644842,1822421,12.10361676122628,22.455614314359778,,,
3617,3616,,,-208.91145528358388,1000,False,False,False,True,cutoff,7.4543280601501465,,,ou_noise,0,1828420,3646842,1823421,12.88998145031929,22.327445487976075,,,
3618,3617,,,-263.35121161446324,1000,False,False,False,True,cutoff,5.752469062805176,,,ou_noise,0,1829420,3648842,1824421,12.47036680150032,22.26037233543396,,,
3619,3618,,,172.16030833933732,112,True,False,True,False,success,0.4636322259902954,,,ou_noise,0,1829532,3649066,1824533,12.2371990020786,22.34168199130467,,,
3620,3619,,,-185.93071167541925,1000,False,False,False,True,cutoff,7.179840087890625,,,ou_noise,0,1830532,3651066,1825533,13.426028862953187,22.45479848098755,,,
3621,3620,,,167.1513847657061,133,True,False,True,False,success,0.4795547127723694,,,ou_noise,0,1830665,3651332,1825666,11.919636928945556,22.339221839617966,,,
3622,3621,,,167.3879828927769,133,True,False,True,False,success,0.48234355449676514,,,ou_noise,0,1830798,3651598,1825799,11.007463300138488,22.294525046097604,,,
3623,3622,,,-214.8003018987596,1000,False,False,False,True,cutoff,7.559024333953857,,,ou_noise,0,1831798,3653598,1826799,11.415987516760826,22.32332142829895,,,
3624,3623,,,-215.3471010465687,1000,False,False,False,True,cutoff,7.381311416625977,,,ou_noise,0,1832798,3655598,1827799,12.155764623522758,22.29143430995941,,,
3625,3624,,,169.62355288385274,123,True,False,True,False,success,0.4935149550437927,,,ou_noise,0,1832921,3655844,1827922,13.831831745985077,22.328689792291904,,,
3626,3625,,,169.77547894314176,121,True,False,True,False,success,0.4664969742298126,,,ou_noise,0,1833042,3656086,1828043,11.602114702059218,22.192483066527313,,,
3627,3626,,,-175.28676456397392,1000,False,False,False,True,cutoff,7.1614990234375,,,ou_noise,0,1834042,3658086,1829043,12.015907348036766,22.203663064956665,,,
3628,3627,,,170.15946739321288,121,True,False,True,False,success,0.4479510486125946,,,ou_noise,0,1834163,3658328,1829164,11.134273755648904,22.038502385793638,,,
3629,3628,,,-218.29952765014536,1000,False,False,False,True,cutoff,7.772695064544678,,,ou_noise,0,1835163,3660328,1830164,11.211052387714386,22.24531077671051,,,
3630,3629,,,165.22233172377645,134,True,False,True,False,success,0.49778810143470764,,,ou_noise,0,1835297,3660596,1830298,10.013275032612816,22.32371362999304,,,
3631,3630,,,168.40547184589497,123,True,False,True,False,success,0.4859844744205475,,,ou_noise,0,1835420,3660842,1830421,10.52333828298057,22.494322272820202,,,
3632,3631,,,-215.3031108629468,1000,False,False,False,True,cutoff,7.741028308868408,,,ou_noise,0,1836420,3662842,1831421,12.57830401647091,22.04661488723755,,,
3633,3632,,,169.1904140935043,124,True,False,True,False,success,0.4036690592765808,,,ou_noise,0,1836544,3663090,1831545,12.1136221308862,21.944630607481926,,,
3634,3633,,,171.42505602616305,117,True,False,True,False,success,0.40752679109573364,,,ou_noise,0,1836661,3663324,1831662,13.436479171117147,21.94566593007145,,,
3635,3634,,,-66.44196131828073,87,False,True,True,False,collision,4.91330099105835,,,ou_noise,0,1836748,3663498,1831749,13.615553000877643,21.642293217538416,,,
3636,3635,,,-180.12434929948571,1000,False,False,False,True,cutoff,7.123562335968018,,,ou_noise,0,1837748,3665498,1832749,12.323158556938171,22.009014328956603,,,
3637,3636,,,-183.270822766405,1000,False,False,False,True,cutoff,7.1095170974731445,,,ou_noise,0,1838748,3667498,1833749,12.200041492938995,21.873809363365172,,,
3638,3637,,,-213.3196141351885,1000,False,False,False,True,cutoff,7.53045654296875,,,ou_noise,0,1839748,3669498,1834749,12.017676856517792,21.87919385051727,,,
3639,3638,,,168.94934033335912,121,True,False,True,False,success,0.4963250458240509,,,ou_noise,0,1839869,3669740,1834870,12.761712904804009,22.16325480878846,,,
3640,3639,,,-203.81182243517455,1000,False,False,False,True,cutoff,7.570727825164795,,,ou_noise,0,1840869,3671740,1835870,11.8874893887043,22.046459943771364,,,
3641,3640,,,-64.46230283208183,82,False,True,True,False,collision,4.803213119506836,,,ou_noise,0,1840951,3671904,1835952,10.651802411893518,21.757255693761312,,,
3642,3641,,,172.1496578487251,115,True,False,True,False,success,0.4546322226524353,,,ou_noise,0,1841066,3672134,1836067,12.468075362495753,21.978556052498195,,,
3643,3642,,,-206.18300975813452,1000,False,False,False,True,cutoff,7.470288276672363,,,ou_noise,0,1842066,3674134,1837067,11.841182899475097,22.062800119400023,,,
3644,3643,,,-219.4860378620741,1000,False,False,False,True,cutoff,7.985784530639648,,,ou_noise,0,1843066,3676134,1838067,11.565591663599013,22.070304706573488,,,
3645,3644,,,-230.63387273220124,1000,False,False,False,True,cutoff,8.519892692565918,,,ou_noise,0,1844066,3678134,1839067,11.097513871431351,22.01387392902374,,,
3646,3645,,,-216.17304309434684,1000,False,False,False,True,cutoff,7.800741195678711,,,ou_noise,0,1845066,3680134,1840067,11.136313777804375,21.87354516887665,,,
3647,3646,,,-199.5512091115561,1000,False,False,False,True,cutoff,7.378730297088623,,,ou_noise,0,1846066,3682134,1841067,10.751429158091545,21.72445231437683,,,
3648,3647,,,-220.18220941767763,1000,False,False,False,True,cutoff,8.04849624633789,,,ou_noise,0,1847066,3684134,1842067,11.358527684807777,21.607375652313234,,,
3649,3648,,,165.0828832483308,136,True,False,True,False,success,0.47680050134658813,,,ou_noise,0,1847202,3684406,1842203,12.109465384308029,21.383900985998267,,,
3650,3649,,,-221.4916815288094,1000,False,False,False,True,cutoff,7.3772687911987305,,,ou_noise,0,1848202,3686406,1843203,11.197056558966636,21.54141668987274,,,
3651,3650,,,-194.22332754313442,1000,False,False,False,True,cutoff,7.222189903259277,,,ou_noise,0,1849202,3688406,1844203,11.421056388020515,21.573233444213866,,,
3652,3651,,,-202.71271051474096,1000,False,False,False,True,cutoff,7.291812896728516,,,ou_noise,0,1850202,3690406,1845203,10.844237800955772,21.448350445747376,,,
3653,3652,,,-219.27920710202454,1000,False,False,False,True,cutoff,8.074350357055664,,,ou_noise,0,1851202,3692406,1846203,10.756667424082757,21.631974336624147,,,
3654,3653,,,-201.79855439491254,1000,False,False,False,True,cutoff,7.530292510986328,,,ou_noise,0,1852202,3694406,1847203,11.174448339343071,21.504873101234438,,,
3655,3654,,,172.14284881042028,116,True,False,True,False,success,0.42575573921203613,,,ou_noise,0,1852318,3694638,1847319,10.838259652770798,21.650254578425965,,,
3656,3655,,,165.6759322077037,135,True,False,True,False,success,0.44020184874534607,,,ou_noise,0,1852453,3694908,1847454,10.868420449009648,21.400961925365305,,,
3657,3656,,,-225.07179301049172,1000,False,False,False,True,cutoff,7.957074165344238,,,ou_noise,0,1853453,3696908,1848454,11.785108774065971,21.46276451778412,,,
3658,3657,,,-214.26681036025906,1000,False,False,False,True,cutoff,8.162567138671875,,,ou_noise,0,1854453,3698908,1849454,11.06188967204094,21.56539769077301,,,
3659,3658,,,-259.68846087469666,1000,False,False,False,True,cutoff,7.028918743133545,,,ou_noise,0,1855453,3700908,1850454,11.454155670762063,21.61950974178314,,,
3660,3659,,,171.5554230676844,124,True,False,True,False,success,0.4654369354248047,,,ou_noise,0,1855577,3701156,1850578,10.502394183989495,21.441367995354437,,,
3661,3660,,,171.46283075133283,117,True,False,True,False,success,0.4716096520423889,,,ou_noise,0,1855694,3701390,1850695,11.020866046603928,21.46916633997208,,,
3662,3661,,,169.0149847994265,124,True,False,True,False,success,0.42442187666893005,,,ou_noise,0,1855818,3701638,1850819,10.791676348255526,21.962635363301924,,,
3663,3662,,,150.58268951836672,193,True,False,True,False,success,0.4949764311313629,,,ou_noise,0,1856011,3702024,1851012,10.884140883702688,21.6262043177155,,,
3664,3663,,,163.66620554653875,142,True,False,True,False,success,0.48271629214286804,,,ou_noise,0,1856153,3702308,1851154,10.975029743053543,21.72768342998666,,,
3665,3664,,,168.84491212321626,134,True,False,True,False,success,0.46400412917137146,,,ou_noise,0,1856287,3702576,1851288,10.453185335024079,21.259183670157817,,,
3666,3665,,,168.17254137914585,132,True,False,True,False,success,0.48198938369750977,,,ou_noise,0,1856419,3702840,1851420,11.483275915637162,21.30102267409816,,,
3667,3666,,,-207.1678267047314,1000,False,False,False,True,cutoff,7.393111228942871,,,ou_noise,0,1857419,3704840,1852420,10.922142164587974,21.58028817272186,,,
3668,3667,,,-223.9163671881391,1000,False,False,False,True,cutoff,7.859417915344238,,,ou_noise,0,1858419,3706840,1853420,11.177362793445587,21.685380794525148,,,
3669,3668,,,-224.2230280545749,1000,False,False,False,True,cutoff,7.746440410614014,,,ou_noise,0,1859419,3708840,1854420,10.757772230029106,21.686398200035097,,,
3670,3669,,,171.54045187474722,121,True,False,True,False,success,0.41668766736984253,,,ou_noise,0,1859540,3709082,1854541,10.515304518140052,21.574472190919987,,,
3671,3670,,,-210.9943758221284,1000,False,False,False,True,cutoff,7.985203266143799,,,ou_noise,0,1860540,3711082,1855541,10.158130934119225,21.858161153793336,,,
3672,3671,,,-89.72108383390173,108,False,True,True,False,collision,5.855803966522217,,,ou_noise,0,1860648,3711298,1855649,8.651550806230969,22.219126083232737,,,
3673,3672,,,-238.30230658711372,1000,False,False,False,True,cutoff,6.888720512390137,,,ou_noise,0,1861648,3713298,1856649,11.347522754907608,21.822207620620727,,,
3674,3673,,,-213.76312200102268,1000,False,False,False,True,cutoff,6.837082386016846,,,ou_noise,0,1862648,3715298,1857649,12.025246468424797,21.797361851692198,,,
3675,3674,,,-210.47495126894356,1000,False,False,False,True,cutoff,7.889771461486816,,,ou_noise,0,1863648,3717298,1858649,11.926002225756646,21.725152052879334,,,
3676,3675,,,-206.0030266135743,1000,False,False,False,True,cutoff,8.644171714782715,,,ou_noise,0,1864648,3719298,1859649,11.400468156337737,21.85574447822571,,,
3677,3676,,,-187.723364867285,1000,False,False,False,True,cutoff,3.8706157207489014,,,ou_noise,0,1865648,3721298,1860649,11.32149174773693,21.91511447429657,,,
3678,3677,,,170.39235626482727,121,True,False,True,False,success,0.4633747637271881,,,ou_noise,0,1865769,3721540,1860770,11.333572110853904,21.797685654695368,,,
3679,3678,,,-213.63962162680446,1000,False,False,False,True,cutoff,7.770650386810303,,,ou_noise,0,1866769,3723540,1861770,10.865737643003463,22.010732793807982,,,
3680,3679,,,-228.03425160180757,1000,False,False,False,True,cutoff,7.420008182525635,,,ou_noise,0,1867769,3725540,1862770,11.309803873658181,22.131664871215822,,,
3681,3680,,,170.19978207000037,123,True,False,True,False,success,0.49628424644470215,,,ou_noise,0,1867892,3725786,1862893,10.727459327961371,22.168619202404486,,,
3682,3681,,,-223.62433787497275,1000,False,False,False,True,cutoff,7.158600807189941,,,ou_noise,0,1868892,3727786,1863893,10.805431077837945,22.191923486709594,,,
3683,3682,,,-230.80548614008052,1000,False,False,False,True,cutoff,6.976700782775879,,,ou_noise,0,1869892,3729786,1864893,10.45579654443264,22.31523574256897,,,
3684,3683,,,167.91401615180544,133,True,False,True,False,success,0.4506691098213196,,,ou_noise,0,1870025,3730052,1865026,9.731041373166823,22.740520004043006,,,
3685,3684,,,-210.09982399980876,1000,False,False,False,True,cutoff,7.744870662689209,,,ou_noise,0,1871025,3732052,1866026,10.787718201994895,22.35358692264557,,,
3686,3685,,,-108.33023426052749,56,False,True,True,False,collision,9.144547462463379,,,ou_noise,0,1871081,3732164,1866082,15.04259382401194,22.32307025364467,,,
3687,3686,,,168.85332393269033,127,True,False,True,False,success,0.49966615438461304,,,ou_noise,0,1871208,3732418,1866209,9.969635360822902,22.506850708188033,,,
3688,3687,,,-213.09200781784008,1000,False,False,False,True,cutoff,6.908400535583496,,,ou_noise,0,1872208,3734418,1867209,10.43436058461666,22.394894528388978,,,
3689,3688,,,169.60173198482894,125,True,False,True,False,success,0.4730817973613739,,,ou_noise,0,1872333,3734668,1867334,10.09625050163269,22.543738418579103,,,
3690,3689,,,-225.21267090051558,1000,False,False,False,True,cutoff,7.784910202026367,,,ou_noise,0,1873333,3736668,1868334,10.010855287194252,22.417397289276124,,,
3691,3690,,,169.42679356386043,125,True,False,True,False,success,0.4984804093837738,,,ou_noise,0,1873458,3736918,1868459,9.683364331245423,22.17102822113037,,,
3692,3691,,,170.9017961946674,117,True,False,True,False,success,0.4927721321582794,,,ou_noise,0,1873575,3737152,1868576,10.637519751858507,22.6008238996196,,,
3693,3692,,,164.6445004135133,139,True,False,True,False,success,0.4828886091709137,,,ou_noise,0,1873714,3737430,1868715,9.7312014111512,22.293901896305222,,,
3694,3693,,,170.98392733385143,125,True,False,True,False,success,0.4748910367488861,,,ou_noise,0,1873839,3737680,1868840,8.634048551559449,22.81462644958496,,,
3695,3694,,,-195.47766592843834,1000,False,False,False,True,cutoff,4.863919258117676,,,ou_noise,0,1874839,3739680,1869840,10.597031461477279,22.291901622772215,,,
3696,3695,,,-197.65349580879337,1000,False,False,False,True,cutoff,6.705344200134277,,,ou_noise,0,1875839,3741680,1870840,11.592343055963516,22.520411043167115,,,
3697,3696,,,127.69873234355207,290,True,False,True,False,success,0.47242116928100586,,,ou_noise,0,1876129,3742260,1871130,10.454719412737878,22.324634834815715,,,
3698,3697,,,-205.77480142030305,1000,False,False,False,True,cutoff,6.82608699798584,,,ou_noise,0,1877129,3744260,1872130,10.156100432872773,22.690489276885987,,,
3699,3698,,,173.50841548114286,115,True,False,True,False,success,0.43279245495796204,,,ou_noise,0,1877244,3744490,1872245,9.795524995223335,23.00253552975862,,,
3700,3699,,,-258.7278048852641,1000,False,False,False,True,cutoff,8.843583106994629,,,ou_noise,0,1878244,3746490,1873245,11.103025327324866,23.00546103477478,,,
3701,3700,,,102.14269445342562,378,True,False,True,False,success,0.42488959431648254,,,ou_noise,0,1878622,3747246,1873623,9.746290879274802,22.98850362767618,,,
3702,3701,,,-225.36018643397242,1000,False,False,False,True,cutoff,6.86964750289917,,,ou_noise,0,1879622,3749246,1874623,10.1049032497406,23.284267902374268,,,
3703,3702,,,-213.73014633029428,1000,False,False,False,True,cutoff,5.36164665222168,,,ou_noise,0,1880622,3751246,1875623,10.23013931453228,23.728802968978883,,,
3704,3703,,,-231.5094363733831,1000,False,False,False,True,cutoff,7.249675273895264,,,ou_noise,0,1881622,3753246,1876623,10.366086757540703,24.083373491287233,,,
3705,3704,,,-215.20745892142725,1000,False,False,False,True,cutoff,7.099531650543213,,,ou_noise,0,1882622,3755246,1877623,9.494347511172295,24.502665483474733,,,
3706,3705,,,-203.33649108337195,1000,False,False,False,True,cutoff,7.108886241912842,,,ou_noise,0,1883622,3757246,1878623,9.732631680250169,24.491852073669435,,,
3707,3706,,,170.9110328071675,119,True,False,True,False,success,0.47149813175201416,,,ou_noise,0,1883741,3757484,1878742,9.47692140511104,24.594092729712735,,,
3708,3707,,,164.95029662496063,143,True,False,True,False,success,0.4734349846839905,,,ou_noise,0,1883884,3757770,1878885,9.27592473263507,24.435936027473502,,,
3709,3708,,,-106.35990843287014,41,False,True,True,False,collision,9.488840103149414,,,ou_noise,0,1883925,3757852,1878926,11.463849311921654,24.224426223010553,,,
3710,3709,,,-228.07476179403983,1000,False,False,False,True,cutoff,7.572686195373535,,,ou_noise,0,1884925,3759852,1879926,9.958486554980277,24.60474164581299,,,
3711,3710,,,-210.08369422523313,1000,False,False,False,True,cutoff,5.366537094116211,,,ou_noise,0,1885925,3761852,1880926,9.981159437656403,24.71862076187134,,,
3712,3711,,,170.0837352025548,132,True,False,True,False,success,0.4575746953487396,,,ou_noise,0,1886057,3762116,1881058,10.747028970357144,24.68786657217777,,,
3713,3712,,,-186.67530011468745,1000,False,False,False,True,cutoff,6.938204765319824,,,ou_noise,0,1887057,3764116,1882058,9.959718920588493,24.745461433410643,,,
3714,3713,,,-208.6063086851158,1000,False,False,False,True,cutoff,7.679897308349609,,,ou_noise,0,1888057,3766116,1883058,10.025586697220803,24.885696054458617,,,
3715,3714,,,164.1337022606901,144,True,False,True,False,success,0.47784584760665894,,,ou_noise,0,1888201,3766404,1883202,9.253131783670849,24.877691878212822,,,
3716,3715,,,-243.02187694901943,1000,False,False,False,True,cutoff,7.613115310668945,,,ou_noise,0,1889201,3768404,1884202,10.065342290759087,24.884100053787233,,,
3717,3716,,,172.42968038458991,114,True,False,True,False,success,0.40639615058898926,,,ou_noise,0,1889315,3768632,1884316,11.001746526935644,25.120219247382984,,,
3718,3717,,,-225.73111409107256,1000,False,False,False,True,cutoff,7.84060001373291,,,ou_noise,0,1890315,3770632,1885316,9.788173886656761,25.001471450805663,,,
3719,3718,,,-130.07185795778665,174,False,True,True,False,collision,7.526872158050537,,,ou_noise,0,1890489,3770980,1885490,12.35511732512507,25.065606753031414,,,
3720,3719,,,-281.8530638461345,1000,False,False,False,True,cutoff,7.120347499847412,,,ou_noise,0,1891489,3772980,1886490,10.743087277650833,25.014112230300903,,,
3721,3720,,,160.916732196029,155,True,False,True,False,success,0.4528452754020691,,,ou_noise,0,1891644,3773290,1886645,10.722925553014202,25.216193352976152,,,
3722,3721,,,167.39395005621896,129,True,False,True,False,success,0.46310392022132874,,,ou_noise,0,1891773,3773548,1886774,10.580944816271463,25.118019473645113,,,
3723,3722,,,167.93494289797565,133,True,False,True,False,success,0.4337801933288574,,,ou_noise,0,1891906,3773814,1886907,10.300193234493857,25.058762858684798,,,
3724,3723,,,171.47287652757038,119,True,False,True,False,success,0.4094928205013275,,,ou_noise,0,1892025,3774052,1887026,10.956614150720483,25.250308124958966,,,
3725,3724,,,168.93954267834675,121,True,False,True,False,success,0.47731420397758484,,,ou_noise,0,1892146,3774294,1887147,11.058221673177293,24.94730150207015,,,
3726,3725,,,-213.50857751550387,1000,False,False,False,True,cutoff,7.246345043182373,,,ou_noise,0,1893146,3776294,1888147,10.74102519273758,24.97766543388367,,,
3727,3726,,,168.84950984651687,128,True,False,True,False,success,0.4189680814743042,,,ou_noise,0,1893274,3776550,1888275,9.514918963424861,25.176386520266533,,,
3728,3727,,,170.33656353167646,123,True,False,True,False,success,0.4779512286186218,,,ou_noise,0,1893397,3776796,1888398,12.109875793379496,25.070409945356168,,,
3729,3728,,,-228.81075549178746,1000,False,False,False,True,cutoff,7.42378044128418,,,ou_noise,0,1894397,3778796,1889398,9.540056797385216,25.051804054260256,,,
3730,3729,,,169.36708736042175,129,True,False,True,False,success,0.4683518409729004,,,ou_noise,0,1894526,3779054,1889527,9.296562603277753,25.285606472991233,,,
3731,3730,,,163.74310052007746,139,True,False,True,False,success,0.4752066135406494,,,ou_noise,0,1894665,3779332,1889666,10.801772606458595,25.121426918523774,,,
3732,3731,,,166.95589286543054,134,True,False,True,False,success,0.4551580548286438,,,ou_noise,0,1894799,3779600,1889800,9.653878681695284,25.142085345823375,,,
3733,3732,,,168.85060779893922,127,True,False,True,False,success,0.4281069040298462,,,ou_noise,0,1894926,3779854,1889927,11.15387827017176,25.00024660365788,,,
3734,3733,,,-218.4652615244378,1000,False,False,False,True,cutoff,6.990772724151611,,,ou_noise,0,1895926,3781854,1890927,9.85812990474701,25.14613159751892,,,
3735,3734,,,168.169520445724,132,True,False,True,False,success,0.4536076486110687,,,ou_noise,0,1896058,3782118,1891059,8.831022465770895,24.949310938517254,,,
3736,3735,,,166.53194039250064,132,True,False,True,False,success,0.46127331256866455,,,ou_noise,0,1896190,3782382,1891191,10.166100093812654,25.063142834287703,,,
3737,3736,,,170.4472244238454,123,True,False,True,False,success,0.49871009588241577,,,ou_noise,0,1896313,3782628,1891314,10.614859689541948,25.14010663536506,,,
3738,3737,,,169.37729910486317,124,True,False,True,False,success,0.43045854568481445,,,ou_noise,0,1896437,3782876,1891438,10.861105737186247,25.317198584156653,,,
3739,3738,,,-219.3432266964973,1000,False,False,False,True,cutoff,7.515335559844971,,,ou_noise,0,1897437,3784876,1892438,10.03040067565441,25.247540409088135,,,
3740,3739,,,-226.80014050624982,1000,False,False,False,True,cutoff,7.204120635986328,,,ou_noise,0,1898437,3786876,1893438,11.183717139363289,25.39327841567993,,,
3741,3740,,,-219.92389090266525,1000,False,False,False,True,cutoff,7.273034572601318,,,ou_noise,0,1899437,3788876,1894438,10.78363538002968,25.715237634658813,,,
3742,3741,,,167.70215070254025,128,True,False,True,False,success,0.4128183424472809,,,ou_noise,0,1899565,3789132,1894566,10.955652861855924,26.165578857064247,,,
3743,3742,,,171.6484092097171,113,True,False,True,False,success,0.4676603674888611,,,ou_noise,0,1899678,3789358,1894679,11.827067973339453,25.899497462584907,,,
3744,3743,,,-205.51067365537492,391,False,True,True,False,collision,7.862034320831299,,,ou_noise,0,1900069,3790140,1895070,10.933852667698774,26.138655011306334,,,
3745,3744,,,169.51872766069857,119,True,False,True,False,success,0.4630647599697113,,,ou_noise,0,1900188,3790378,1895189,11.42112401253035,25.98073188397063,,,
3746,3745,,,170.75243993642974,122,True,False,True,False,success,0.46410149335861206,,,ou_noise,0,1900310,3790622,1895311,12.16506616209374,25.915399957875735,,,
3747,3746,,,-239.361094390397,1000,False,False,False,True,cutoff,7.077563285827637,,,ou_noise,0,1901310,3792622,1896311,11.424799419283866,25.976223194122316,,,
3748,3747,,,171.97876459072924,113,True,False,True,False,success,0.40761518478393555,,,ou_noise,0,1901423,3792848,1896424,12.34786290194081,25.892644004484193,,,
3749,3748,,,-128.81379681564363,158,False,True,True,False,collision,8.768316268920898,,,ou_noise,0,1901581,3793164,1896582,11.609875853303112,26.092064990273006,,,
3750,3749,,,166.87321763790993,137,True,False,True,False,success,0.4743887484073639,,,ou_noise,0,1901718,3793438,1896719,9.779056241042422,26.12619425084469,,,
3751,3750,,,-237.78255001771396,1000,False,False,False,True,cutoff,7.193989276885986,,,ou_noise,0,1902718,3795438,1897719,11.270783277273178,26.322927042007446,,,
3752,3751,,,166.6687333405943,132,True,False,True,False,success,0.4238283336162567,,,ou_noise,0,1902850,3795702,1897851,10.289097051728856,26.68893272226507,,,
3753,3752,,,167.1678578887217,137,True,False,True,False,success,0.4140048623085022,,,ou_noise,0,1902987,3795976,1897988,10.089408402895405,26.21261823612408,,,
3754,3753,,,172.5294514528825,114,True,False,True,False,success,0.4630715250968933,,,ou_noise,0,1903101,3796204,1898102,10.914732186417831,26.38263253998338,,,
3755,3754,,,172.4534139940747,114,True,False,True,False,success,0.49161863327026367,,,ou_noise,0,1903215,3796432,1898216,10.607363489636203,25.79277128922312,,,
3756,3755,,,172.81461430266785,113,True,False,True,False,success,0.45225557684898376,,,ou_noise,0,1903328,3796658,1898329,13.378034695059853,26.144316698597596,,,
3757,3756,,,-248.28780597557738,1000,False,False,False,True,cutoff,7.173886775970459,,,ou_noise,0,1904328,3798658,1899329,11.481860808491707,26.065495903015137,,,
3758,3757,,,-235.20550122251646,1000,False,False,False,True,cutoff,6.077686309814453,,,ou_noise,0,1905328,3800658,1900329,11.021365307927132,26.310934240341187,,,
3759,3758,,,168.46857174339686,128,True,False,True,False,success,0.4482543170452118,,,ou_noise,0,1905456,3800914,1900457,10.794185461476445,26.619091913104057,,,
3760,3759,,,164.93340286853115,132,True,False,True,False,success,0.472495436668396,,,ou_noise,0,1905588,3801178,1900589,12.122430525042795,26.178634556857023,,,
3761,3760,,,166.37829596169044,136,True,False,True,False,success,0.4782884120941162,,,ou_noise,0,1905724,3801450,1900725,13.081438126809458,25.732848728404324,,,
3762,3761,,,169.55144792213213,119,True,False,True,False,success,0.46601954102516174,,,ou_noise,0,1905843,3801688,1900844,12.341879181501245,26.11596822337944,,,
3763,3762,,,-230.92012701335813,1000,False,False,False,True,cutoff,6.886523723602295,,,ou_noise,0,1906843,3803688,1901844,10.998222910046577,26.1710825920105,,,
3764,3763,,,168.16402205207555,127,True,False,True,False,success,0.43543362617492676,,,ou_noise,0,1906970,3803942,1901971,12.022003402860145,26.186984144796536,,,
3765,3764,,,-258.1127273321315,1000,False,False,False,True,cutoff,7.0840067863464355,,,ou_noise,0,1907970,3805942,1902971,11.024452750325203,26.428155279159547,,,
3766,3765,,,168.1643999461852,129,True,False,True,False,success,0.4562120735645294,,,ou_noise,0,1908099,3806200,1903100,9.334483556969221,26.218513769696848,,,
3767,3766,,,-252.81876863663345,1000,False,False,False,True,cutoff,7.2144083976745605,,,ou_noise,0,1909099,3808200,1904100,10.933079830050469,26.511830940246583,,,
3768,3767,,,168.43161514829976,125,True,False,True,False,success,0.43630754947662354,,,ou_noise,0,1909224,3808450,1904225,11.477956426620484,26.45844873046875,,,
3769,3768,,,-220.22914873307377,1000,False,False,False,True,cutoff,6.914659023284912,,,ou_noise,0,1910224,3810450,1905225,11.226911846637726,26.750378618240358,,,
3770,3769,,,169.55014609127585,122,True,False,True,False,success,0.4601260721683502,,,ou_noise,0,1910346,3810694,1905347,10.17515948854509,26.456436829488787,,,
3771,3770,,,-231.1713995655035,1000,False,False,False,True,cutoff,7.5711283683776855,,,ou_noise,0,1911346,3812694,1906347,10.568316238164902,26.78955230331421,,,
3772,3771,,,-249.66346459077675,1000,False,False,False,True,cutoff,7.646673679351807,,,ou_noise,0,1912346,3814694,1907347,10.524250723600387,26.838106256484984,,,
3773,3772,,,-150.69602025032933,415,False,True,True,False,collision,4.906893730163574,,,ou_noise,0,1912761,3815524,1907762,10.282041889788157,26.82339290940618,,,
3774,3773,,,-245.94888123965703,1000,False,False,False,True,cutoff,7.049540996551514,,,ou_noise,0,1913761,3817524,1908762,11.296270113110543,26.963045194625856,,,
3775,3774,,,170.70539443912605,118,True,False,True,False,success,0.4573553502559662,,,ou_noise,0,1913879,3817760,1908880,10.715934880709243,26.832142765239134,,,
3776,3775,,,-72.37647037528909,135,False,True,True,False,collision,4.292769908905029,,,ou_noise,0,1914014,3818030,1909015,9.965973980338486,27.003305788393373,,,
3777,3776,,,141.85895746092794,230,True,False,True,False,success,0.4318978786468506,,,ou_noise,0,1914244,3818490,1909245,9.525897542290066,26.817481422424315,,,
3778,3777,,,172.42398815794272,113,True,False,True,False,success,0.4806051254272461,,,ou_noise,0,1914357,3818716,1909358,11.535070121815775,26.79876919974268,,,
3779,3778,,,174.6048455419853,108,True,False,True,False,success,0.4717327058315277,,,ou_noise,0,1914465,3818932,1909466,11.301064453743122,27.02266161530106,,,
3780,3779,,,168.3751184542557,126,True,False,True,False,success,0.46164920926094055,,,ou_noise,0,1914591,3819184,1909592,11.0197586559114,26.67184154571049,,,
3781,3780,,,-228.1430633413786,1000,False,False,False,True,cutoff,7.286994934082031,,,ou_noise,0,1915591,3821184,1910592,11.629292981028557,26.703261407852175,,,
3782,3781,,,-68.14375724463312,63,False,True,True,False,collision,5.718266487121582,,,ou_noise,0,1915654,3821310,1910655,8.78991298826914,27.318228706480966,,,
3783,3782,,,-225.23518054867318,1000,False,False,False,True,cutoff,7.083035945892334,,,ou_noise,0,1916654,3823310,1911655,10.44660674071312,26.675130325317383,,,
3784,3783,,,167.0529193289858,126,True,False,True,False,success,0.46762216091156006,,,ou_noise,0,1916780,3823562,1911781,11.302564853713626,26.450089378962442,,,
3785,3784,,,167.32200637228485,126,True,False,True,False,success,0.408676415681839,,,ou_noise,0,1916906,3823814,1911907,11.026484081669459,26.406394141060964,,,
3786,3785,,,-240.984902770975,1000,False,False,False,True,cutoff,7.525796890258789,,,ou_noise,0,1917906,3825814,1912907,11.69356407535076,26.604323444366454,,,
3787,3786,,,172.2788744699369,119,True,False,True,False,success,0.47271275520324707,,,ou_noise,0,1918025,3826052,1913026,13.928402983841776,26.52850061304429,,,
3788,3787,,,-235.04825470939414,1000,False,False,False,True,cutoff,7.459982395172119,,,ou_noise,0,1919025,3828052,1914026,10.691553466796876,26.696396276473997,,,
3789,3788,,,166.54206452133673,130,True,False,True,False,success,0.4837121367454529,,,ou_noise,0,1919155,3828312,1914156,10.953356874906099,26.81962809929481,,,
3790,3789,,,-225.01870367303985,1000,False,False,False,True,cutoff,7.074565410614014,,,ou_noise,0,1920155,3830312,1915156,11.812069754123687,26.406698532104492,,,
3791,3790,,,-232.36057758533002,1000,False,False,False,True,cutoff,7.071411609649658,,,ou_noise,0,1921155,3832312,1916156,11.59901589679718,26.308760229110717,,,
3792,3791,,,169.3454952577994,127,True,False,True,False,success,0.48382067680358887,,,ou_noise,0,1921282,3832566,1916283,11.367075996136101,26.187750989057886,,,
3793,3792,,,171.4715489312211,119,True,False,True,False,success,0.4319668710231781,,,ou_noise,0,1921401,3832804,1916402,10.954497533686022,26.090360689563912,,,
3794,3793,,,172.66999832220162,116,True,False,True,False,success,0.4904487133026123,,,ou_noise,0,1921517,3833036,1916518,12.399443838103064,26.365560416517585,,,
3795,3794,,,162.39596139912095,139,True,False,True,False,success,0.4557652473449707,,,ou_noise,0,1921656,3833314,1916657,10.575433574992118,26.109501461330936,,,
3796,3795,,,171.12569383950932,115,True,False,True,False,success,0.4222986102104187,,,ou_noise,0,1921771,3833544,1916772,10.84098337629567,26.021644957169244,,,
3797,3796,,,165.74065697136382,127,True,False,True,False,success,0.4919903576374054,,,ou_noise,0,1921898,3833798,1916899,10.689609443108866,25.830639726533665,,,
3798,3797,,,165.11430098905186,141,True,False,True,False,success,0.4674970209598541,,,ou_noise,0,1922039,3834080,1917040,10.91896918986706,25.88739968698921,,,
3799,3798,,,170.67793364021495,116,True,False,True,False,success,0.42578303813934326,,,ou_noise,0,1922155,3834312,1917156,10.150037697676954,25.68017758994267,,,
3800,3799,,,-197.40077681911444,1000,False,False,False,True,cutoff,4.991586685180664,,,ou_noise,0,1923155,3836312,1918156,11.523605448007583,25.760924028396605,,,
3801,3800,,,172.11323044961898,110,True,False,True,False,success,0.4936569929122925,,,ou_noise,0,1923265,3836532,1918266,11.437571071494709,25.771762587807395,,,
3802,3801,,,166.300834507103,138,True,False,True,False,success,0.464592307806015,,,ou_noise,0,1923403,3836808,1918404,10.898664264575295,25.48477389847023,,,
3803,3802,,,-245.88490016976309,1000,False,False,False,True,cutoff,7.465808868408203,,,ou_noise,0,1924403,3838808,1919404,12.387255487203598,25.658777809143068,,,
3804,3803,,,-225.8888722741757,1000,False,False,False,True,cutoff,7.535935401916504,,,ou_noise,0,1925403,3840808,1920404,12.197205456614494,25.473278799057006,,,
3805,3804,,,170.0956915086423,126,True,False,True,False,success,0.4606902301311493,,,ou_noise,0,1925529,3841060,1920530,11.300035851342338,25.004770006452286,,,
3806,3805,,,168.96508388612415,127,True,False,True,False,success,0.47876089811325073,,,ou_noise,0,1925656,3841314,1920657,11.747008563965325,25.43270322844738,,,
3807,3806,,,-235.78067228283007,1000,False,False,False,True,cutoff,7.129426002502441,,,ou_noise,0,1926656,3843314,1921657,13.599680347442627,25.21077145576477,,,
3808,3807,,,-225.83312778021894,1000,False,False,False,True,cutoff,7.3349409103393555,,,ou_noise,0,1927656,3845314,1922657,13.366354630947113,25.036922582626342,,,
3809,3808,,,-237.60399379998066,1000,False,False,False,True,cutoff,6.39348840713501,,,ou_noise,0,1928656,3847314,1923657,14.000377238750458,25.103549787521363,,,
3810,3809,,,-244.07283742125261,1000,False,False,False,True,cutoff,6.9181437492370605,,,ou_noise,0,1929656,3849314,1924657,13.97105567407608,25.301535064697266,,,
3811,3810,,,-54.54024333745444,70,False,True,True,False,collision,4.270024299621582,,,ou_noise,0,1929726,3849454,1924727,14.099308143343244,25.019271114894323,,,
3812,3811,,,170.12318914175125,119,True,False,True,False,success,0.48127633333206177,,,ou_noise,0,1929845,3849692,1924846,13.442960987571908,25.005018154112232,,,
3813,3812,,,-208.1395340130318,1000,False,False,False,True,cutoff,7.254746913909912,,,ou_noise,0,1930845,3851692,1925846,14.616202209234238,25.25278073120117,,,
3814,3813,,,-211.1131245012922,1000,False,False,False,True,cutoff,7.268911361694336,,,ou_noise,0,1931845,3853692,1926846,14.5757179107666,25.069653274536133,,,
3815,3814,,,168.4713169976339,119,True,False,True,False,success,0.4708808660507202,,,ou_noise,0,1931964,3853930,1926965,15.522205272642504,25.17915515739377,,,
3816,3815,,,162.62399887036972,141,True,False,True,False,success,0.44421452283859253,,,ou_noise,0,1932105,3854212,1927106,14.547359458098175,25.171991226520944,,,
3817,3816,,,-232.5246829867616,1000,False,False,False,True,cutoff,7.941529273986816,,,ou_noise,0,1933105,3856212,1928106,13.94208434677124,25.210295707702638,,,
3818,3817,,,-234.3555866200843,1000,False,False,False,True,cutoff,6.836082458496094,,,ou_noise,0,1934105,3858212,1929106,13.666869096517562,25.250272062301637,,,
3819,3818,,,162.27746327340017,151,True,False,True,False,success,0.4131373167037964,,,ou_noise,0,1934256,3858514,1929257,11.783008589649832,25.46466941075609,,,
3820,3819,,,166.68960988301893,126,True,False,True,False,success,0.4715152382850647,,,ou_noise,0,1934382,3858766,1929383,12.73135397169325,25.228901984199645,,,
3821,3820,,,-228.60556313610894,1000,False,False,False,True,cutoff,7.316222667694092,,,ou_noise,0,1935382,3860766,1930383,12.169205944776534,25.15587486076355,,,
3822,3821,,,-241.76592725914657,704,False,True,True,False,collision,2.8283121585845947,,,ou_noise,0,1936086,3862174,1931087,11.879874079403551,25.06740851835771,,,
3823,3822,,,157.56351304170025,159,True,False,True,False,success,0.48098212480545044,,,ou_noise,0,1936245,3862492,1931246,11.632905177350315,24.748803084751344,,,
3824,3823,,,-235.6793998723847,1000,False,False,False,True,cutoff,7.483601093292236,,,ou_noise,0,1937245,3864492,1932246,11.618037776947022,24.82627279472351,,,
3825,3824,,,167.0497711196668,127,True,False,True,False,success,0.4543844163417816,,,ou_noise,0,1937372,3864746,1932373,12.089536824564295,24.592638075821043,,,
3826,3825,,,153.43404321307722,165,True,False,True,False,success,0.44571495056152344,,,ou_noise,0,1937537,3865076,1932538,12.440941418300975,24.779252659190785,,,
3827,3826,,,172.84037208066445,114,True,False,True,False,success,0.43275800347328186,,,ou_noise,0,1937651,3865304,1932652,11.163828906260038,24.889523690206964,,,
3828,3827,,,-251.7356835880321,1000,False,False,False,True,cutoff,7.3142476081848145,,,ou_noise,0,1938651,3867304,1933652,11.780133561611176,24.552876991271972,,,
3829,3828,,,-341.67203389760124,1000,False,False,False,True,cutoff,7.472049713134766,,,ou_noise,0,1939651,3869304,1934652,12.284150380134582,24.620103351593016,,,
3830,3829,,,160.8473411005628,145,True,False,True,False,success,0.44346702098846436,,,ou_noise,0,1939796,3869594,1934797,11.95822552154804,24.42902313758587,,,
3831,3830,,,168.8265163867448,121,True,False,True,False,success,0.4729956388473511,,,ou_noise,0,1939917,3869836,1934918,13.254237017355674,24.285713053931875,,,
3832,3831,,,167.13383510940116,122,True,False,True,False,success,0.4827828109264374,,,ou_noise,0,1940039,3870080,1935040,11.684461611216186,24.320377740703645,,,
3833,3832,,,166.62320854132585,131,True,False,True,False,success,0.4824349284172058,,,ou_noise,0,1940170,3870342,1935171,12.039859749888645,24.21575003179885,,,
3834,3833,,,161.06904385532238,141,True,False,True,False,success,0.42680710554122925,,,ou_noise,0,1940311,3870624,1935312,12.890009641647339,24.27722902500883,,,
3835,3834,,,173.33616107919778,114,True,False,True,False,success,0.4496247470378876,,,ou_noise,0,1940425,3870852,1935426,14.328391054220367,23.921260733353463,,,
3836,3835,,,166.51793783940394,128,True,False,True,False,success,0.43629834055900574,,,ou_noise,0,1940553,3871108,1935554,14.0840187612921,24.31298904120922,,,
3837,3836,,,-95.23298531672945,20,False,True,True,False,collision,9.533888816833496,,,ou_noise,0,1940573,3871148,1935574,17.170310080051422,23.941584873199464,,,
3838,3837,,,35.328814085783776,598,True,False,True,False,success,0.42876526713371277,,,ou_noise,0,1941171,3872344,1936172,14.042497795561086,24.354582346402683,,,
3839,3838,,,162.71822102919307,145,True,False,True,False,success,0.49230825901031494,,,ou_noise,0,1941316,3872634,1936317,13.914384720243257,24.096645052679655,,,
3840,3839,,,169.7170658832776,127,True,False,True,False,success,0.45180845260620117,,,ou_noise,0,1941443,3872888,1936444,15.1169816584099,23.96582813713494,,,
3841,3840,,,-61.53557613484766,78,False,True,True,False,collision,4.203044414520264,,,ou_noise,0,1941521,3873044,1936522,15.098198967102247,24.382579412215794,,,
3842,3841,,,-70.93007076304623,114,False,True,True,False,collision,3.820497512817383,,,ou_noise,0,1941635,3873272,1936636,15.985996053929915,24.11514124953956,,,
3843,3842,,,-225.41695728130674,420,False,True,True,False,collision,6.932145118713379,,,ou_noise,0,1942055,3874112,1937056,14.975507229850406,24.036015020098006,,,
3844,3843,,,-112.17485489313871,134,False,True,True,False,collision,7.431375503540039,,,ou_noise,0,1942189,3874380,1937190,14.194195402202322,24.17010517974398,,,
3845,3844,,,172.0278639896205,116,True,False,True,False,success,0.46032270789146423,,,ou_noise,0,1942305,3874612,1937306,14.627093687139709,24.38967890575014,,,
3846,3845,,,-223.4746818942249,1000,False,False,False,True,cutoff,6.690173625946045,,,ou_noise,0,1943305,3876612,1938306,13.711493590593339,24.26817186164856,,,
3847,3846,,,168.83370291536994,121,True,False,True,False,success,0.47978150844573975,,,ou_noise,0,1943426,3876854,1938427,14.346727672687246,24.779126600785688,,,
3848,3847,,,171.5954384172887,115,True,False,True,False,success,0.4062749743461609,,,ou_noise,0,1943541,3877084,1938542,14.28236658676811,24.39770323711893,,,
3849,3848,,,-270.50907055042256,1000,False,False,False,True,cutoff,6.911092281341553,,,ou_noise,0,1944541,3879084,1939542,13.457852280378342,24.935651901245116,,,
3850,3849,,,-285.6780107249581,1000,False,False,False,True,cutoff,3.1372196674346924,,,ou_noise,0,1945541,3881084,1940542,13.346823960542679,25.112164400100706,,,
3851,3850,,,159.2226283902776,151,True,False,True,False,success,0.4476320147514343,,,ou_noise,0,1945692,3881386,1940693,12.099177824740378,25.35177765145207,,,
3852,3851,,,169.87725706823124,118,True,False,True,False,success,0.45306098461151123,,,ou_noise,0,1945810,3881622,1940811,13.806432402740091,24.878091117083017,,,
3853,3852,,,-271.6058446482279,1000,False,False,False,True,cutoff,6.986021995544434,,,ou_noise,0,1946810,3883622,1941811,12.984932601690293,25.352398729324342,,,
3854,3853,,,170.6211177324909,124,True,False,True,False,success,0.43692559003829956,,,ou_noise,0,1946934,3883870,1941935,12.873461475295406,25.29176232122606,,,
3855,3854,,,167.79162814693328,122,True,False,True,False,success,0.47539427876472473,,,ou_noise,0,1947056,3884114,1942057,13.488334980167327,25.297884894199058,,,
3856,3855,,,169.5744532172808,131,True,False,True,False,success,0.4102460741996765,,,ou_noise,0,1947187,3884376,1942188,12.696125334455767,25.27498553909418,,,
3857,3856,,,169.48486715682483,121,True,False,True,False,success,0.476945161819458,,,ou_noise,0,1947308,3884618,1942309,13.212744210377213,25.505710018567804,,,
3858,3857,,,-263.4272824928889,1000,False,False,False,True,cutoff,7.075040340423584,,,ou_noise,0,1948308,3886618,1943309,12.169325370788574,25.486107833862306,,,
3859,3858,,,166.86529975866364,128,True,False,True,False,success,0.4506773352622986,,,ou_noise,0,1948436,3886874,1943437,12.654103429988027,25.72493176162243,,,
3860,3859,,,168.9424591869269,123,True,False,True,False,success,0.49545398354530334,,,ou_noise,0,1948559,3887120,1943560,11.799177123279106,25.639295159316646,,,
3861,3860,,,-240.74945982593337,1000,False,False,False,True,cutoff,6.632813453674316,,,ou_noise,0,1949559,3889120,1944560,11.801277681589127,25.948836498260498,,,
3862,3861,,,174.1219774641448,113,True,False,True,False,success,0.49033576250076294,,,ou_noise,0,1949672,3889346,1944673,13.471359693898563,26.28784189815015,,,
3863,3862,,,160.00289817223984,153,True,False,True,False,success,0.4455236792564392,,,ou_noise,0,1949825,3889652,1944826,11.429191444434371,26.171523511799332,,,
3864,3863,,,-242.46148319194356,1000,False,False,False,True,cutoff,7.330246925354004,,,ou_noise,0,1950825,3891652,1945826,12.046763351917267,26.38616480255127,,,
3865,3864,,,170.69218731367914,118,True,False,True,False,success,0.4668569266796112,,,ou_noise,0,1950943,3891888,1945944,11.839262612795425,26.7280139761456,,,
3866,3865,,,166.1209388265791,131,True,False,True,False,success,0.49095454812049866,,,ou_noise,0,1951074,3892150,1946075,13.625527161678285,26.826115164137978,,,
3867,3866,,,164.84008837017086,135,True,False,True,False,success,0.4906533360481262,,,ou_noise,0,1951209,3892420,1946210,11.4751353069588,26.810626489144784,,,
3868,3867,,,-234.14779147128993,1000,False,False,False,True,cutoff,7.2312774658203125,,,ou_noise,0,1952209,3894420,1947210,11.787981693148613,26.98572114753723,,,
3869,3868,,,-292.5129705274845,1000,False,False,False,True,cutoff,6.975151062011719,,,ou_noise,0,1953209,3896420,1948210,11.74832670378685,27.455275924682617,,,
3870,3869,,,163.46247699983618,146,True,False,True,False,success,0.44313064217567444,,,ou_noise,0,1953355,3896712,1948356,12.560657542045803,27.42063038969693,,,
3871,3870,,,155.21077316965756,163,True,False,True,False,success,0.4540959894657135,,,ou_noise,0,1953518,3897038,1948519,11.20614795597053,27.701073675799222,,,
3872,3871,,,-285.2893777980234,1000,False,False,False,True,cutoff,7.58901834487915,,,ou_noise,0,1954518,3899038,1949519,11.38933623123169,27.825363466262818,,,
3873,3872,,,171.15542363712012,114,True,False,True,False,success,0.49574270844459534,,,ou_noise,0,1954632,3899266,1949633,12.304370818430918,28.444385478371068,,,
3874,3873,,,164.84701411392862,137,True,False,True,False,success,0.4939567744731903,,,ou_noise,0,1954769,3899540,1949770,13.244883403290798,28.117796640326507,,,
3875,3874,,,169.40028505674528,120,True,False,True,False,success,0.4396810233592987,,,ou_noise,0,1954889,3899780,1949890,12.79809582233429,28.087601121266683,,,
3876,3875,,,-261.7004802754635,1000,False,False,False,True,cutoff,7.678032398223877,,,ou_noise,0,1955889,3901780,1950890,11.759820863962174,28.621179311752318,,,
3877,3876,,,-43.69450059145226,109,False,True,True,False,collision,2.196673631668091,,,ou_noise,0,1955998,3901998,1950999,13.755117558558053,29.362695396493333,,,
3878,3877,,,169.11698504556358,128,True,False,True,False,success,0.45061615109443665,,,ou_noise,0,1956126,3902254,1951127,13.100382026284933,29.03838960826397,,,
3879,3878,,,-275.31116414604253,1000,False,False,False,True,cutoff,7.620695114135742,,,ou_noise,0,1957126,3904254,1952127,12.692852801799773,29.140136934280395,,,
3880,3879,,,-68.9929835914519,143,False,True,True,False,collision,2.784810781478882,,,ou_noise,0,1957269,3904540,1952270,12.674704449993747,29.22481522193322,,,
3881,3880,,,-269.8837555428768,1000,False,False,False,True,cutoff,7.54841947555542,,,ou_noise,0,1958269,3906540,1953270,12.32245451259613,29.692907274246217,,,
3882,3881,,,166.84189097320325,129,True,False,True,False,success,0.45935872197151184,,,ou_noise,0,1958398,3906798,1953399,13.037741685098457,29.764453932296398,,,
3883,3882,,,169.5337506109775,121,True,False,True,False,success,0.4121796786785126,,,ou_noise,0,1958519,3907040,1953520,12.0012703572423,29.796778198116083,,,
3884,3883,,,-280.8811822775764,1000,False,False,False,True,cutoff,8.002975463867188,,,ou_noise,0,1959519,3909040,1954520,13.137348363399505,29.979438528060914,,,
3885,3884,,,-198.28986041942625,460,False,True,True,False,collision,6.192034721374512,,,ou_noise,0,1959979,3909960,1954980,12.486719576690508,30.283769499737282,,,
3886,3885,,,169.93510857302763,121,True,False,True,False,success,0.4579358696937561,,,ou_noise,0,1960100,3910202,1955101,12.952955492271865,30.342937611351328,,,
3887,3886,,,170.4632917804194,121,True,False,True,False,success,0.4108750820159912,,,ou_noise,0,1960221,3910444,1955222,12.993400215117399,30.419364724277465,,,
3888,3887,,,-278.26224927870504,1000,False,False,False,True,cutoff,7.399575710296631,,,ou_noise,0,1961221,3912444,1956222,12.683826287031174,30.541828216552734,,,
3889,3888,,,166.73239011801343,133,True,False,True,False,success,0.4384893476963043,,,ou_noise,0,1961354,3912710,1956355,13.83912473872192,30.723339969950512,,,
3890,3889,,,-257.8832795970162,1000,False,False,False,True,cutoff,7.420418739318848,,,ou_noise,0,1962354,3914710,1957355,12.241717948675156,30.718390350341796,,,
3891,3890,,,-234.8396301542717,1000,False,False,False,True,cutoff,6.893120288848877,,,ou_noise,0,1963354,3916710,1958355,11.83361391055584,31.05669176864624,,,
3892,3891,,,-236.90631071161894,1000,False,False,False,True,cutoff,7.3447465896606445,,,ou_noise,0,1964354,3918710,1959355,11.645558459997178,31.135912521362304,,,
3893,3892,,,-240.95229332373364,1000,False,False,False,True,cutoff,7.265084266662598,,,ou_noise,0,1965354,3920710,1960355,12.134259593605995,31.24143628501892,,,
3894,3893,,,152.00676874821326,181,True,False,True,False,success,0.43296799063682556,,,ou_noise,0,1965535,3921072,1960536,11.478625990409219,31.005495861748965,,,
3895,3894,,,166.71264368789937,129,True,False,True,False,success,0.4665045142173767,,,ou_noise,0,1965664,3921330,1960665,12.13000838701115,30.94369545278623,,,
3896,3895,,,169.13186044464194,124,True,False,True,False,success,0.49606046080589294,,,ou_noise,0,1965788,3921578,1960789,11.985236675508562,31.06397150408837,,,
3897,3896,,,-237.63613021582083,1000,False,False,False,True,cutoff,7.677684783935547,,,ou_noise,0,1966788,3923578,1961789,12.137893058776855,31.134751239776612,,,
3898,3897,,,171.15538552995866,115,True,False,True,False,success,0.4143741726875305,,,ou_noise,0,1966903,3923808,1961904,10.102940443287725,31.3603503683339,,,
3899,3898,,,171.12539295565915,113,True,False,True,False,success,0.4906185567378998,,,ou_noise,0,1967016,3924034,1962017,11.278086592665815,31.224891308134637,,,
3900,3899,,,-107.04160527140264,54,False,True,True,False,collision,9.068243026733398,,,ou_noise,0,1967070,3924142,1962071,11.43663575472655,30.904055171542698,,,
3901,3900,,,138.03992653982877,210,True,False,True,False,success,0.49839216470718384,,,ou_noise,0,1967280,3924562,1962281,11.497627689724876,31.175120580764045,,,
3902,3901,,,-300.2257206073731,1000,False,False,False,True,cutoff,7.611222267150879,,,ou_noise,0,1968280,3926562,1963281,11.48751589512825,31.29328398513794,,,
3903,3902,,,165.74317887884746,136,True,False,True,False,success,0.4312695860862732,,,ou_noise,0,1968416,3926834,1963417,10.981829088400392,31.595597912283505,,,
3904,3903,,,159.16978390615031,156,True,False,True,False,success,0.4910145103931427,,,ou_noise,0,1968572,3927146,1963573,10.662567322070782,31.71515466005374,,,
3905,3904,,,169.17855863436347,116,True,False,True,False,success,0.45351895689964294,,,ou_noise,0,1968688,3927378,1963689,10.72997260093689,31.471660745554956,,,
3906,3905,,,-228.60363890376146,1000,False,False,False,True,cutoff,7.148255825042725,,,ou_noise,0,1969688,3929378,1964689,11.332595271110534,31.334554595947267,,,
3907,3906,,,144.08010118965092,208,True,False,True,False,success,0.4411306083202362,,,ou_noise,0,1969896,3929794,1964897,11.81416704849555,31.008984639094425,,,
3908,3907,,,-270.627684944357,1000,False,False,False,True,cutoff,7.730406284332275,,,ou_noise,0,1970896,3931794,1965897,11.40300109410286,31.09752921295166,,,
3909,3908,,,-273.0226248002628,1000,False,False,False,True,cutoff,5.018758296966553,,,ou_noise,0,1971896,3933794,1966897,12.373580386042596,31.070144641876222,,,
3910,3909,,,171.16851460559474,115,True,False,True,False,success,0.45439085364341736,,,ou_noise,0,1972011,3934024,1967012,11.01504880760027,31.06158551755159,,,
3911,3910,,,-253.85466892941648,1000,False,False,False,True,cutoff,7.571952819824219,,,ou_noise,0,1973011,3936024,1968012,11.098118481516838,30.840409652709962,,,
3912,3911,,,-321.7090650300659,1000,False,False,False,True,cutoff,7.361826419830322,,,ou_noise,0,1974011,3938024,1969012,10.539340141177178,30.88823002243042,,,
3913,3912,,,168.87647544472097,126,True,False,True,False,success,0.4589327871799469,,,ou_noise,0,1974137,3938276,1969138,9.925488002716548,30.726409851558625,,,
3914,3913,,,-306.75948555010655,904,False,True,True,False,collision,5.286728382110596,,,ou_noise,0,1975041,3940084,1970042,10.486212533132164,30.8031907039406,,,
3915,3914,,,-202.38780928621438,1000,False,False,False,True,cutoff,5.480031490325928,,,ou_noise,0,1976041,3942084,1971042,11.156168157458305,30.45898911476135,,,
3916,3915,,,-291.5828606623357,1000,False,False,False,True,cutoff,7.799285888671875,,,ou_noise,0,1977041,3944084,1972042,11.49544679224491,30.427456775665284,,,
3917,3916,,,157.9843174356402,171,True,False,True,False,success,0.43594658374786377,,,ou_noise,0,1977212,3944426,1972213,12.16695371217895,30.300359859801176,,,
3918,3917,,,137.4638045356631,250,True,False,True,False,success,0.484123170375824,,,ou_noise,0,1977462,3944926,1972463,10.36803825044632,30.229409057617186,,,
3919,3918,,,-237.72937205825676,1000,False,False,False,True,cutoff,7.643564701080322,,,ou_noise,0,1978462,3946926,1973463,11.043395239949227,29.863479288101196,,,
3920,3919,,,-301.68108607054774,1000,False,False,False,True,cutoff,7.425349712371826,,,ou_noise,0,1979462,3948926,1974463,11.011792353868485,29.823545225143434,,,
3921,3920,,,-229.75906495555938,1000,False,False,False,True,cutoff,7.054177284240723,,,ou_noise,0,1980462,3950926,1975463,10.911085401356221,29.634209983825684,,,
3922,3921,,,169.8970262581478,120,True,False,True,False,success,0.4313560426235199,,,ou_noise,0,1980582,3951166,1975583,11.847295101483663,29.695508845647176,,,
3923,3922,,,167.54981586282952,126,True,False,True,False,success,0.47575175762176514,,,ou_noise,0,1980708,3951418,1975709,11.472858022129724,29.47982028174022,,,
3924,3923,,,169.28480746636836,124,True,False,True,False,success,0.42322230339050293,,,ou_noise,0,1980832,3951666,1975833,10.89868720692973,29.531137097266413,,,
3925,3924,,,-240.807687244318,1000,False,False,False,True,cutoff,8.094111442565918,,,ou_noise,0,1981832,3953666,1976833,10.715383727312089,29.269120723724367,,,
3926,3925,,,166.87382412169944,125,True,False,True,False,success,0.4722300171852112,,,ou_noise,0,1981957,3953916,1976958,10.589611291885376,29.247777404785158,,,
3927,3926,,,165.39941445439445,137,True,False,True,False,success,0.48047271370887756,,,ou_noise,0,1982094,3954190,1977095,10.559922408013449,29.193277094485985,,,
3928,3927,,,171.10250156947436,120,True,False,True,False,success,0.489886999130249,,,ou_noise,0,1982214,3954430,1977215,9.89090795814991,28.985691006978353,,,
3929,3928,,,-234.2948078765327,1000,False,False,False,True,cutoff,6.9994940757751465,,,ou_noise,0,1983214,3956430,1978215,10.263761185526848,28.837157552719116,,,
3930,3929,,,-222.08827844599801,1000,False,False,False,True,cutoff,7.143729209899902,,,ou_noise,0,1984214,3958430,1979215,10.722396785616874,28.51721692276001,,,
3931,3930,,,-186.56592054995485,1000,False,False,False,True,cutoff,5.297758102416992,,,ou_noise,0,1985214,3960430,1980215,11.754871814370155,28.296636398315428,,,
3932,3931,,,-213.64821708422093,1000,False,False,False,True,cutoff,7.305427074432373,,,ou_noise,0,1986214,3962430,1981215,10.871734777927399,27.97825277709961,,,
3933,3932,,,167.12360776227877,128,True,False,True,False,success,0.41017085313796997,,,ou_noise,0,1986342,3962686,1981343,10.013723466545343,27.91228312253952,,,
3934,3933,,,166.3026003004383,132,True,False,True,False,success,0.4517485797405243,,,ou_noise,0,1986474,3962950,1981475,9.915589696530139,27.085139881480824,,,
3935,3934,,,-259.2539070519375,1000,False,False,False,True,cutoff,7.532068252563477,,,ou_noise,0,1987474,3964950,1982475,10.215374305009842,27.480759815216064,,,
3936,3935,,,-201.36730090262014,1000,False,False,False,True,cutoff,7.250366687774658,,,ou_noise,0,1988474,3966950,1983475,9.64539683687687,27.262911819458008,,,
3937,3936,,,-238.58241460839213,1000,False,False,False,True,cutoff,7.301705360412598,,,ou_noise,0,1989474,3968950,1984475,10.258629811048507,27.031741943359375,,,
3938,3937,,,-222.48933979302313,1000,False,False,False,True,cutoff,1.6539733409881592,,,ou_noise,0,1990474,3970950,1985475,10.289471325039864,26.690436922073363,,,
3939,3938,,,165.99918460605437,137,True,False,True,False,success,0.46291548013687134,,,ou_noise,0,1990611,3971224,1985612,9.819005612039218,26.371492469397776,,,
3940,3939,,,-238.0297204941656,1000,False,False,False,True,cutoff,7.032186031341553,,,ou_noise,0,1991611,3973224,1986612,9.8722861880064,26.282495462417604,,,
3941,3940,,,165.96464725778037,134,True,False,True,False,success,0.40542271733283997,,,ou_noise,0,1991745,3973492,1986746,10.239569334841486,26.21053534835132,,,
3942,3941,,,-224.86238068551452,1000,False,False,False,True,cutoff,5.106466770172119,,,ou_noise,0,1992745,3975492,1987746,9.617407868146897,26.005329441070558,,,
3943,3942,,,166.78613541258528,126,True,False,True,False,success,0.4787970185279846,,,ou_noise,0,1992871,3975744,1987872,11.790407351085118,26.118807459634446,,,
3944,3943,,,-238.62202520444714,1000,False,False,False,True,cutoff,7.063632965087891,,,ou_noise,0,1993871,3977744,1988872,9.312616810321808,25.887565565109252,,,
3945,3944,,,171.42315606838375,115,True,False,True,False,success,0.4205511808395386,,,ou_noise,0,1993986,3977974,1988987,12.182856894576032,25.390629925935166,,,
3946,3945,,,-216.91989339665398,1000,False,False,False,True,cutoff,7.039036750793457,,,ou_noise,0,1994986,3979974,1989987,8.884639698505401,25.538836544036865,,,
3947,3946,,,-232.62703128123766,1000,False,False,False,True,cutoff,7.638533115386963,,,ou_noise,0,1995986,3981974,1990987,10.084530838251114,25.430609409332277,,,
3948,3947,,,-185.84594166870005,1000,False,False,False,True,cutoff,7.408137321472168,,,ou_noise,0,1996986,3983974,1991987,9.29137725663185,25.1669381980896,,,
3949,3948,,,-117.88438933084929,195,False,True,True,False,collision,5.894015789031982,,,ou_noise,0,1997181,3984364,1992182,10.23198843491383,25.07778048393054,,,
3950,3949,,,168.67970196115192,124,True,False,True,False,success,0.4368014633655548,,,ou_noise,0,1997305,3984612,1992306,11.189007297638923,24.818310737609863,,,
3951,3950,,,-222.30213849216034,1000,False,False,False,True,cutoff,10.44156551361084,,,ou_noise,0,1998305,3986612,1993306,10.689869833111763,25.070373025894163,,,
3952,3951,,,169.58003958641478,118,True,False,True,False,success,0.4821811616420746,,,ou_noise,0,1998423,3986848,1993424,11.381846030889932,24.999471826068426,,,
3953,3952,,,-76.65925262073266,145,False,True,True,False,collision,4.406191349029541,,,ou_noise,0,1998568,3987138,1993569,11.145893299990687,24.965515741808662,,,
3954,3953,,,171.0152100219079,118,True,False,True,False,success,0.4268495738506317,,,ou_noise,0,1998686,3987374,1993687,12.32867603281797,24.995585490081268,,,
3955,3954,,,167.6137788471941,131,True,False,True,False,success,0.43773362040519714,,,ou_noise,0,1998817,3987636,1993818,12.320569800056575,24.83426166854742,,,
3956,3955,,,-245.69102431065014,1000,False,False,False,True,cutoff,7.575599670410156,,,ou_noise,0,1999817,3989636,1994818,10.665707695007324,24.940485149383544,,,
3957,3956,,,-226.92433755643432,1000,False,False,False,True,cutoff,8.033432006835938,,,ou_noise,0,2000817,3991636,1995818,10.324925687551499,25.033809684753418,,,
3958,3957,,,-260.80546606745685,1000,False,False,False,True,cutoff,6.519856929779053,,,ou_noise,0,2001817,3993636,1996818,10.586620818972587,25.034736576080324,,,
3959,3958,,,-219.49461388774296,1000,False,False,False,True,cutoff,7.283614158630371,,,ou_noise,0,2002817,3995636,1997818,10.737745705008507,25.070659214019777,,,
3960,3959,,,-215.04105564750895,1000,False,False,False,True,cutoff,5.93441104888916,,,ou_noise,0,2003817,3997636,1998818,10.772881975650787,25.313028762817382,,,
3961,3960,,,-232.5237463693307,1000,False,False,False,True,cutoff,5.864266872406006,,,ou_noise,0,2004817,3999636,1999818,11.43294107735157,25.395594472885133,,,
3962,3961,,,166.14884911289434,127,True,False,True,False,success,0.44247621297836304,,,ou_noise,0,2004944,3999890,1999945,11.47393046213886,25.116514386154535,,,
3963,3962,,,-201.51008230319053,1000,False,False,False,True,cutoff,7.276580333709717,,,ou_noise,0,2005944,4001890,2000945,10.798217322468757,25.28087454032898,,,
3964,3963,,,165.23576623921343,136,True,False,True,False,success,0.4222506284713745,,,ou_noise,0,2006080,4002162,2001081,11.840850807288113,25.456584046868716,,,
3965,3964,,,-83.49052645248545,992,True,False,True,False,success,0.45258191227912903,,,ou_noise,0,2007072,4004146,2002073,11.898293890780018,25.33258806120965,,,
3966,3965,,,-229.6420440630238,1000,False,False,False,True,cutoff,7.442434310913086,,,ou_noise,0,2008072,4006146,2003073,10.943444336414338,25.236693656921386,,,
3967,3966,,,161.1477761276446,150,True,False,True,False,success,0.43861645460128784,,,ou_noise,0,2008222,4006446,2003223,11.02675481081009,25.08329725901286,,,
3968,3967,,,-175.23561323830285,448,False,True,True,False,collision,7.002674579620361,,,ou_noise,0,2008670,4007342,2003671,10.882456557559115,25.01998002614294,,,
3969,3968,,,-211.95035234231128,1000,False,False,False,True,cutoff,7.303542137145996,,,ou_noise,0,2009670,4009342,2004671,11.430590124368667,25.101444330215454,,,
3970,3969,,,80.6979111396483,351,True,False,True,False,success,0.44449734687805176,,,ou_noise,0,2010021,4010044,2005022,11.116783432471447,25.294480364546818,,,
3971,3970,,,-200.8214378398634,1000,False,False,False,True,cutoff,7.244687557220459,,,ou_noise,0,2011021,4012044,2006022,11.361183189749717,25.123375547409058,,,
3972,3971,,,-302.6280756377275,1000,False,False,False,True,cutoff,7.349544525146484,,,ou_noise,0,2012021,4014044,2007022,11.00645298409462,25.045616180419923,,,
3973,3972,,,-236.1248453288354,1000,False,False,False,True,cutoff,6.868706703186035,,,ou_noise,0,2013021,4016044,2008022,11.182384025216102,25.073015954971314,,,
3974,3973,,,-319.42840681868586,1000,False,False,False,True,cutoff,7.236549377441406,,,ou_noise,0,2014021,4018044,2009022,11.588143065214156,25.117006374359132,,,
3975,3974,,,-193.39093653560752,1000,False,False,False,True,cutoff,6.900077819824219,,,ou_noise,0,2015021,4020044,2010022,11.515134990334511,25.32165136528015,,,
3976,3975,,,-216.84119302665744,1000,False,False,False,True,cutoff,7.79612398147583,,,ou_noise,0,2016021,4022044,2011022,11.844733360886574,25.301454334259034,,,
3977,3976,,,-253.90512799588075,1000,False,False,False,True,cutoff,7.285209655761719,,,ou_noise,0,2017021,4024044,2012022,11.55608326458931,25.33971882247925,,,
3978,3977,,,-256.6562208174896,1000,False,False,False,True,cutoff,10.000022888183594,,,ou_noise,0,2018021,4026044,2013022,11.047838633418083,25.51265640068054,,,
3979,3978,,,-216.93129095636368,1000,False,False,False,True,cutoff,7.756202697753906,,,ou_noise,0,2019021,4028044,2014022,11.29639049601555,25.550214420318603,,,
3980,3979,,,170.04578757934894,121,True,False,True,False,success,0.45660921931266785,,,ou_noise,0,2019142,4028286,2014143,10.970744363532578,25.538466918566996,,,
3981,3980,,,172.51664314149684,117,True,False,True,False,success,0.4207126796245575,,,ou_noise,0,2019259,4028520,2014260,11.55573723764501,25.88733161208976,,,
3982,3981,,,159.76636001688126,152,True,False,True,False,success,0.4755192995071411,,,ou_noise,0,2019411,4028824,2014412,9.96787089266275,25.623804970791465,,,
3983,3982,,,-242.77104602135103,1000,False,False,False,True,cutoff,5.014071464538574,,,ou_noise,0,2020411,4030824,2015412,10.952988004803657,25.454598333358764,,,
3984,3983,,,-238.9659230920623,1000,False,False,False,True,cutoff,7.354635238647461,,,ou_noise,0,2021411,4032824,2016412,10.898555869936944,25.67200012397766,,,
3985,3984,,,169.76919000964048,121,True,False,True,False,success,0.4596884548664093,,,ou_noise,0,2021532,4033066,2016533,11.620967835434213,25.4205423465445,,,
3986,3985,,,168.66478167048774,123,True,False,True,False,success,0.46169596910476685,,,ou_noise,0,2021655,4033312,2016656,10.193965537761285,25.67037576194701,,,
3987,3986,,,-206.95112323385968,1000,False,False,False,True,cutoff,7.146266460418701,,,ou_noise,0,2022655,4035312,2017656,11.627408913969994,25.578635553359984,,,
3988,3987,,,165.9671886128978,133,True,False,True,False,success,0.46890580654144287,,,ou_noise,0,2022788,4035578,2017789,11.299428722015897,25.796057077278768,,,
3989,3988,,,-227.11288094029777,1000,False,False,False,True,cutoff,7.2018513679504395,,,ou_noise,0,2023788,4037578,2018789,11.643743238210678,25.661976163864136,,,
3990,3989,,,-233.63546648322875,1000,False,False,False,True,cutoff,7.35546875,,,ou_noise,0,2024788,4039578,2019789,11.520557248592377,25.81232950210571,,,
3991,3990,,,-232.21345325445682,1000,False,False,False,True,cutoff,2.864945888519287,,,ou_noise,0,2025788,4041578,2020789,12.70767230975628,25.823156030654907,,,
3992,3991,,,171.98575597859235,112,True,False,True,False,success,0.4628545343875885,,,ou_noise,0,2025900,4041802,2020901,11.857605135866574,25.6544075523104,,,
3993,3992,,,151.35045792507316,182,True,False,True,False,success,0.44567668437957764,,,ou_noise,0,2026082,4042166,2021083,12.472281386564067,25.745779509072776,,,
3994,3993,,,168.4481232690166,125,True,False,True,False,success,0.4396580457687378,,,ou_noise,0,2026207,4042416,2021208,12.722357040405273,25.979619720458984,,,
3995,3994,,,-199.86885531367446,1000,False,False,False,True,cutoff,5.959856033325195,,,ou_noise,0,2027207,4044416,2022208,12.7618617272377,25.912551862716676,,,
3996,3995,,,170.75641245372037,116,True,False,True,False,success,0.49037739634513855,,,ou_noise,0,2027323,4044648,2022324,11.976934886184232,25.999607415034852,,,
3997,3996,,,-215.3670442820107,1000,False,False,False,True,cutoff,7.029214859008789,,,ou_noise,0,2028323,4046648,2023324,12.324283363938331,26.1960378780365,,,
3998,3997,,,165.28964779811366,132,True,False,True,False,success,0.48548072576522827,,,ou_noise,0,2028455,4046912,2023456,12.677523210193172,26.549455122514203,,,
3999,3998,,,167.5309582896214,126,True,False,True,False,success,0.47531411051750183,,,ou_noise,0,2028581,4047164,2023582,12.4983895052047,26.368294534229097,,,
4000,3999,,,163.45826898970458,139,True,False,True,False,success,0.4409843981266022,,,ou_noise,0,2028720,4047442,2023721,12.429497705089103,26.146185868078,,,
4001,4000,,,165.9980995254195,137,True,False,True,False,success,0.4225318133831024,,,ou_noise,0,2028857,4047716,2023858,12.20869879652984,26.25610546474039,,,
4002,4001,,,-221.18822279518915,1000,False,False,False,True,cutoff,7.114895343780518,,,ou_noise,0,2029857,4049716,2024858,12.436864075899123,26.406769634246825,,,
4003,4002,,,165.1961184291365,142,True,False,True,False,success,0.43989354372024536,,,ou_noise,0,2029999,4050000,2025000,12.364294109210162,26.549263806410238,,,
4004,4003,,,-258.070260954766,1000,False,False,False,True,cutoff,8.225565910339355,,,ou_noise,0,2030999,4052000,2026000,12.394358109354974,26.77742597579956,,,
4005,4004,,,-131.67197304095345,80,False,True,True,False,collision,10.126105308532715,,,ou_noise,0,2031079,4052160,2026080,12.810370907187462,26.99444899559021,,,
4006,4005,,,77.88296119494697,421,True,False,True,False,success,0.4530990421772003,,,ou_noise,0,2031500,4053002,2026501,12.123291646216657,26.890620587274185,,,
4007,4006,,,159.28348799423884,152,True,False,True,False,success,0.41757646203041077,,,ou_noise,0,2031652,4053306,2026653,12.432623524414865,26.89821702555606,,,
4008,4007,,,165.64757231141013,140,True,False,True,False,success,0.4322427809238434,,,ou_noise,0,2031792,4053586,2026793,12.396455420766557,27.022452081952775,,,
4009,4008,,,-219.13425375535505,1000,False,False,False,True,cutoff,8.107043266296387,,,ou_noise,0,2032792,4055586,2027793,12.615815064668656,27.151359798431397,,,
4010,4009,,,-251.39635047546147,1000,False,False,False,True,cutoff,7.609582424163818,,,ou_noise,0,2033792,4057586,2028793,12.793157135605812,27.406947765350342,,,
4011,4010,,,-204.8398284537528,1000,False,False,False,True,cutoff,7.45826530456543,,,ou_noise,0,2034792,4059586,2029793,12.249827296495438,27.352680812835693,,,
4012,4011,,,-237.8259432744451,1000,False,False,False,True,cutoff,7.368133544921875,,,ou_noise,0,2035792,4061586,2030793,11.939325860023498,27.630076219558717,,,
4013,4012,,,171.6851549328411,122,True,False,True,False,success,0.42242729663848877,,,ou_noise,0,2035914,4061830,2030915,12.269995894588408,28.026229436280296,,,
4014,4013,,,-226.0101931271794,1000,False,False,False,True,cutoff,5.6742329597473145,,,ou_noise,0,2036914,4063830,2031915,12.070284081697464,27.83079665184021,,,
4015,4014,,,-211.89510190000445,1000,False,False,False,True,cutoff,7.062301158905029,,,ou_noise,0,2037914,4065830,2032915,11.83378843009472,27.866041870117186,,,
4016,4015,,,165.8782906465057,128,True,False,True,False,success,0.4565637707710266,,,ou_noise,0,2038042,4066086,2033043,12.95493216253817,28.17501638829708,,,
4017,4016,,,-204.45747825934401,1000,False,False,False,True,cutoff,7.528595447540283,,,ou_noise,0,2039042,4068086,2034043,11.819819934606553,27.77542851829529,,,
4018,4017,,,-204.45609270834584,1000,False,False,False,True,cutoff,7.226282119750977,,,ou_noise,0,2040042,4070086,2035043,11.464169513583183,27.82357027244568,,,
4019,4018,,,-221.84012472310928,1000,False,False,False,True,cutoff,5.444477558135986,,,ou_noise,0,2041042,4072086,2036043,12.06773291862011,28.057724353790285,,,
4020,4019,,,169.2215857917178,118,True,False,True,False,success,0.45988741517066956,,,ou_noise,0,2041160,4072322,2036161,11.5641012454437,27.87458445662159,,,
4021,4020,,,163.84259617217074,144,True,False,True,False,success,0.4354022741317749,,,ou_noise,0,2041304,4072610,2036305,11.315880301925871,28.250696473651463,,,
4022,4021,,,167.280604039309,127,True,False,True,False,success,0.48008814454078674,,,ou_noise,0,2041431,4072864,2036432,13.111224311543262,27.9648083363931,,,
4023,4022,,,166.33993584302692,130,True,False,True,False,success,0.49817949533462524,,,ou_noise,0,2041561,4073124,2036562,11.193937971958746,28.053298495366022,,,
4024,4023,,,-208.65683312729206,1000,False,False,False,True,cutoff,6.930444240570068,,,ou_noise,0,2042561,4075124,2037562,11.89453172326088,28.134757604599,,,
4025,4024,,,112.7108495970589,326,True,False,True,False,success,0.44509848952293396,,,ou_noise,0,2042887,4075776,2037888,11.607177782643792,28.142397974166403,,,
4026,4025,,,170.48747478196256,117,True,False,True,False,success,0.416660875082016,,,ou_noise,0,2043004,4076010,2038005,12.573769328940628,28.332763019789997,,,
4027,4026,,,-205.47174173212215,1000,False,False,False,True,cutoff,7.4400434494018555,,,ou_noise,0,2044004,4078010,2039005,11.438394282221795,28.18059719276428,,,
4028,4027,,,166.45939146823048,125,True,False,True,False,success,0.47023120522499084,,,ou_noise,0,2044129,4078260,2039130,11.4904162940979,28.199908294677734,,,
4029,4028,,,-221.90524088645017,1000,False,False,False,True,cutoff,7.612857341766357,,,ou_noise,0,2045129,4080260,2040130,11.300162780284882,28.111524492263793,,,
4030,4029,,,168.33427835977608,124,True,False,True,False,success,0.49793291091918945,,,ou_noise,0,2045253,4080508,2040254,14.979258035459827,28.211124573984453,,,
4031,4030,,,-205.81167174137346,1000,False,False,False,True,cutoff,6.878488063812256,,,ou_noise,0,2046253,4082508,2041254,11.75660919570923,28.154206661224364,,,
4032,4031,,,165.45794136537927,134,True,False,True,False,success,0.45628440380096436,,,ou_noise,0,2046387,4082776,2041388,12.89327038935761,28.05035156990165,,,
4033,4032,,,-222.65228148132204,1000,False,False,False,True,cutoff,7.757022857666016,,,ou_noise,0,2047387,4084776,2042388,11.473069007635116,28.146675313949586,,,
4034,4033,,,165.14914868401706,130,True,False,True,False,success,0.4994358718395233,,,ou_noise,0,2047517,4085036,2042518,11.446873628176176,28.277016639709473,,,
4035,4034,,,-224.5038904224634,1000,False,False,False,True,cutoff,6.892352104187012,,,ou_noise,0,2048517,4087036,2043518,11.432459886193275,28.175773601531983,,,
4036,4035,,,-246.83139428551158,1000,False,False,False,True,cutoff,6.913060665130615,,,ou_noise,0,2049517,4089036,2044518,11.127848259329795,28.226482187271117,,,
4037,4036,,,-217.18158585958423,1000,False,False,False,True,cutoff,7.623167037963867,,,ou_noise,0,2050517,4091036,2045518,11.647666283726693,28.184875509262085,,,
4038,4037,,,-72.18955761256498,66,False,True,True,False,collision,5.944075107574463,,,ou_noise,0,2050583,4091168,2045584,14.634776603091847,28.266820647499777,,,
4039,4038,,,-246.41706945760035,1000,False,False,False,True,cutoff,7.42429256439209,,,ou_noise,0,2051583,4093168,2046584,11.51662511229515,28.011901954650877,,,
4040,4039,,,-230.68101309316998,1000,False,False,False,True,cutoff,4.604233741760254,,,ou_noise,0,2052583,4095168,2047584,12.209411416769028,28.111062812805176,,,
4041,4040,,,-220.5898076432786,1000,False,False,False,True,cutoff,7.01632833480835,,,ou_noise,0,2053583,4097168,2048584,11.460358950614928,28.228970024108886,,,
4042,4041,,,-221.63762907726195,1000,False,False,False,True,cutoff,6.878859519958496,,,ou_noise,0,2054583,4099168,2049584,11.891333647847176,28.151032363891602,,,
4043,4042,,,-224.4206273187641,1000,False,False,False,True,cutoff,7.141556739807129,,,ou_noise,0,2055583,4101168,2050584,11.833529277801514,27.990439685821535,,,
4044,4043,,,-272.1936485600004,1000,False,False,False,True,cutoff,7.458034992218018,,,ou_noise,0,2056583,4103168,2051584,11.738862817287446,28.002233499526977,,,
4045,4044,,,-218.606823759846,1000,False,False,False,True,cutoff,4.348752021789551,,,ou_noise,0,2057583,4105168,2052584,11.756376518726348,27.75988117980957,,,
4046,4045,,,162.25236724477054,142,True,False,True,False,success,0.47997424006462097,,,ou_noise,0,2057725,4105452,2052726,11.053651190139878,27.44790550017021,,,
4047,4046,,,-220.65727843505172,1000,False,False,False,True,cutoff,5.3536834716796875,,,ou_noise,0,2058725,4107452,2053726,11.274395178675652,27.645046844482422,,,
4048,4047,,,166.4329611642898,132,True,False,True,False,success,0.4491797983646393,,,ou_noise,0,2058857,4107716,2053858,12.561268283562226,27.63734583421187,,,
4049,4048,,,165.64430739141255,129,True,False,True,False,success,0.4915792942047119,,,ou_noise,0,2058986,4107974,2053987,12.977437218954396,27.4614674915639,,,
4050,4049,,,-212.21415117908703,1000,False,False,False,True,cutoff,6.749516010284424,,,ou_noise,0,2059986,4109974,2054987,12.064259499192238,27.638567399978637,,,
4051,4050,,,173.12358845427735,110,True,False,True,False,success,0.46098533272743225,,,ou_noise,0,2060096,4110194,2055097,11.621523863619023,27.40452348535711,,,
4052,4051,,,-284.11300319410606,1000,False,False,False,True,cutoff,7.243903160095215,,,ou_noise,0,2061096,4112194,2056097,12.252705010056495,27.51929630279541,,,
4053,4052,,,-207.6873581530067,1000,False,False,False,True,cutoff,7.3547749519348145,,,ou_noise,0,2062096,4114194,2057097,12.208107050299644,27.605470806121826,,,
4054,4053,,,169.56157484415152,119,True,False,True,False,success,0.4654327929019928,,,ou_noise,0,2062215,4114432,2057216,12.583144337189298,27.516023651892397,,,
4055,4054,,,-220.3636779053263,1000,False,False,False,True,cutoff,7.3854475021362305,,,ou_noise,0,2063215,4116432,2058216,11.857456293463708,27.40936312866211,,,
4056,4055,,,86.7992928998359,392,True,False,True,False,success,0.40792232751846313,,,ou_noise,0,2063607,4117216,2058608,12.131204123095591,27.248483283179148,,,
4057,4056,,,-218.9413570567945,1000,False,False,False,True,cutoff,7.920642375946045,,,ou_noise,0,2064607,4119216,2059608,11.727991518974305,27.09087811088562,,,
4058,4057,,,165.41216480008342,133,True,False,True,False,success,0.4965190291404724,,,ou_noise,0,2064740,4119482,2059741,12.542318550267614,27.048557367539942,,,
4059,4058,,,-252.20753539762842,1000,False,False,False,True,cutoff,7.268499374389648,,,ou_noise,0,2065740,4121482,2060741,12.091594597578048,26.928199335098267,,,
4060,4059,,,-269.67464306969924,1000,False,False,False,True,cutoff,5.4931488037109375,,,ou_noise,0,2066740,4123482,2061741,12.457869884490966,26.683765634536744,,,
4061,4060,,,-225.99603007716706,1000,False,False,False,True,cutoff,8.12226390838623,,,ou_noise,0,2067740,4125482,2062741,12.485216187238693,26.661093841552734,,,
4062,4061,,,151.20943641702712,182,True,False,True,False,success,0.46376755833625793,,,ou_noise,0,2067922,4125846,2062923,11.769080606135693,26.262972192449883,,,
4063,4062,,,165.05666829842187,136,True,False,True,False,success,0.4102081060409546,,,ou_noise,0,2068058,4126118,2063059,12.900882492170615,26.39660553371205,,,
4064,4063,,,168.96468521994117,120,True,False,True,False,success,0.45951080322265625,,,ou_noise,0,2068178,4126358,2063179,14.472073251008988,26.38979107538859,,,
4065,4064,,,-207.94945016792673,1000,False,False,False,True,cutoff,7.5642266273498535,,,ou_noise,0,2069178,4128358,2064179,12.521098062872886,25.876827787399293,,,
4066,4065,,,168.7228481064795,124,True,False,True,False,success,0.48729783296585083,,,ou_noise,0,2069302,4128606,2064303,11.56182229615027,25.652597181258663,,,
4067,4066,,,168.68570845583557,121,True,False,True,False,success,0.4898560345172882,,,ou_noise,0,2069423,4128848,2064424,14.355100976534127,25.306982670933746,,,
4068,4067,,,158.97885787140862,153,True,False,True,False,success,0.49661871790885925,,,ou_noise,0,2069576,4129154,2064577,11.590426473056569,25.424052319495505,,,
4069,4068,,,-184.87451009721883,1000,False,False,False,True,cutoff,7.1829304695129395,,,ou_noise,0,2070576,4131154,2065577,11.471400595188141,25.273005767822266,,,
4070,4069,,,168.96031410797548,120,True,False,True,False,success,0.42241352796554565,,,ou_noise,0,2070696,4131394,2065697,14.328256106376648,25.024622901280722,,,
4071,4070,,,166.014918901007,129,True,False,True,False,success,0.421044260263443,,,ou_noise,0,2070825,4131652,2065826,11.13929775703785,25.03704499828723,,,
4072,4071,,,167.82531169749456,126,True,False,True,False,success,0.492995023727417,,,ou_noise,0,2070951,4131904,2065952,11.949341548813713,25.273438468812003,,,
4073,4072,,,-206.10236732918938,1000,False,False,False,True,cutoff,7.239166259765625,,,ou_noise,0,2071951,4133904,2066952,11.059486256718635,24.816892679214476,,,
4074,4073,,,152.5289197008696,172,True,False,True,False,success,0.49016809463500977,,,ou_noise,0,2072123,4134248,2067124,10.58269743170849,24.752809458000716,,,
4075,4074,,,169.32277925173346,116,True,False,True,False,success,0.43552517890930176,,,ou_noise,0,2072239,4134480,2067240,11.443778112016876,24.623150036252778,,,
4076,4075,,,-243.8042480342725,1000,False,False,False,True,cutoff,7.493501663208008,,,ou_noise,0,2073239,4136480,2068240,11.256138911128044,24.58842691230774,,,
4077,4076,,,-210.90213545539953,1000,False,False,False,True,cutoff,7.610599994659424,,,ou_noise,0,2074239,4138480,2069240,11.483090968847275,24.50546591567993,,,
4078,4077,,,167.68229167228156,127,True,False,True,False,success,0.4845634698867798,,,ou_noise,0,2074366,4138734,2069367,10.347295036466102,24.49713414109598,,,
4079,4078,,,137.49303616639276,228,True,False,True,False,success,0.4465322196483612,,,ou_noise,0,2074594,4139190,2069595,11.356890811209093,24.50655496329592,,,
4080,4079,,,164.1699030708989,136,True,False,True,False,success,0.49618539214134216,,,ou_noise,0,2074730,4139462,2069731,12.015660880243077,24.344096899032593,,,
4081,4080,,,-215.42266891354163,1000,False,False,False,True,cutoff,7.357537746429443,,,ou_noise,0,2075730,4141462,2070731,11.226167801618576,24.398631021499632,,,
4082,4081,,,162.3047265259692,142,True,False,True,False,success,0.44429975748062134,,,ou_noise,0,2075872,4141746,2070873,10.580485009811294,24.47797596622521,,,
4083,4082,,,169.7498604837584,121,True,False,True,False,success,0.4571542739868164,,,ou_noise,0,2075993,4141988,2070994,10.352499587476746,24.202698746988595,,,
4084,4083,,,169.48487582537143,123,True,False,True,False,success,0.431156188249588,,,ou_noise,0,2076116,4142234,2071117,11.428879116608844,24.422964530262522,,,
4085,4084,,,163.01853909200398,141,True,False,True,False,success,0.4540245532989502,,,ou_noise,0,2076257,4142516,2071258,12.490638072609055,24.120870941919637,,,
4086,4085,,,161.16193300954743,149,True,False,True,False,success,0.49342620372772217,,,ou_noise,0,2076406,4142814,2071407,11.492116487266234,24.154534141489325,,,
4087,4086,,,168.482405654072,122,True,False,True,False,success,0.427128404378891,,,ou_noise,0,2076528,4143058,2071529,13.33420041252355,24.074579379597647,,,
4088,4087,,,167.03903874993512,125,True,False,True,False,success,0.49556416273117065,,,ou_noise,0,2076653,4143308,2071654,10.174305242538452,24.33443280029297,,,
4089,4088,,,-202.97232041231842,1000,False,False,False,True,cutoff,7.440807342529297,,,ou_noise,0,2077653,4145308,2072654,10.599340324759483,23.990551908493043,,,
4090,4089,,,-198.86222601324192,1000,False,False,False,True,cutoff,7.313764572143555,,,ou_noise,0,2078653,4147308,2073654,10.528663246035576,23.80587437438965,,,
4091,4090,,,-209.145981205946,1000,False,False,False,True,cutoff,7.016007423400879,,,ou_noise,0,2079653,4149308,2074654,10.855405575156212,23.79595117378235,,,
4092,4091,,,169.7967630646131,119,True,False,True,False,success,0.44389215111732483,,,ou_noise,0,2079772,4149546,2074773,9.770811649931579,23.320338706008528,,,
4093,4092,,,-192.49716540937038,1000,False,False,False,True,cutoff,7.376405239105225,,,ou_noise,0,2080772,4151546,2075773,10.041021862149238,23.52026978111267,,,
4094,4093,,,-271.860735333937,1000,False,False,False,True,cutoff,8.073731422424316,,,ou_noise,0,2081772,4153546,2076773,10.146150787115097,23.517118450164794,,,
4095,4094,,,169.7629615704011,117,True,False,True,False,success,0.4502543807029724,,,ou_noise,0,2081889,4153780,2076890,9.113613325306494,23.397748376569176,,,
4096,4095,,,168.9357298185245,117,True,False,True,False,success,0.451860249042511,,,ou_noise,0,2082006,4154014,2077007,10.827184432592148,23.650012790647327,,,
4097,4096,,,166.63162439427282,127,True,False,True,False,success,0.40571409463882446,,,ou_noise,0,2082133,4154268,2077134,10.448893294559689,23.64891498295341,,,
4098,4097,,,-226.64290095130147,1000,False,False,False,True,cutoff,7.062865257263184,,,ou_noise,0,2083133,4156268,2078134,9.775905614614487,23.366118257522583,,,
4099,4098,,,-194.1429152137683,1000,False,False,False,True,cutoff,8.154979705810547,,,ou_noise,0,2084133,4158268,2079134,9.932498238086701,23.378779472351074,,,
4100,4099,,,-237.17285780857722,1000,False,False,False,True,cutoff,6.743222236633301,,,ou_noise,0,2085133,4160268,2080134,9.363567137360572,23.16948217391968,,,
4101,4100,,,-231.8104961532721,1000,False,False,False,True,cutoff,6.7262444496154785,,,ou_noise,0,2086133,4162268,2081134,9.187391556501389,23.09162296295166,,,
4102,4101,,,167.12468592305703,131,True,False,True,False,success,0.4341578781604767,,,ou_noise,0,2086264,4162530,2081265,8.571832159093319,22.960490073866517,,,
4103,4102,,,-228.86892665440075,1000,False,False,False,True,cutoff,7.9926910400390625,,,ou_noise,0,2087264,4164530,2082265,8.599514496207238,23.070765157699586,,,
4104,4103,,,169.53648977714323,120,True,False,True,False,success,0.46651792526245117,,,ou_noise,0,2087384,4164770,2082385,8.329776071508725,23.09859283765157,,,
4105,4104,,,166.21276305504034,127,True,False,True,False,success,0.49799153208732605,,,ou_noise,0,2087511,4165024,2082512,9.790108571841023,22.818915945338453,,,
4106,4105,,,-239.99691379653262,1000,False,False,False,True,cutoff,7.691834926605225,,,ou_noise,0,2088511,4167024,2083512,9.09472535431385,22.726083280563355,,,
4107,4106,,,168.62927368394156,120,True,False,True,False,success,0.48384973406791687,,,ou_noise,0,2088631,4167264,2083632,7.566139974196752,22.924150451024374,,,
4108,4107,,,-242.49680906713925,1000,False,False,False,True,cutoff,4.76462459564209,,,ou_noise,0,2089631,4169264,2084632,8.827718832731247,22.52364037132263,,,
4109,4108,,,-256.54280336058446,1000,False,False,False,True,cutoff,7.320760250091553,,,ou_noise,0,2090631,4171264,2085632,8.683732478380204,22.63201579284668,,,
4110,4109,,,163.31554352754398,143,True,False,True,False,success,0.4447481334209442,,,ou_noise,0,2090774,4171550,2085775,9.972875400856658,22.677283893931996,,,
4111,4110,,,166.68334668603043,128,True,False,True,False,success,0.48994186520576477,,,ou_noise,0,2090902,4171806,2085903,10.091284167021513,22.37862166762352,,,
4112,4111,,,162.4278909511073,142,True,False,True,False,success,0.4260973632335663,,,ou_noise,0,2091044,4172090,2086045,9.231724598877866,22.496051224184708,,,
4113,4112,,,170.76633392875476,118,True,False,True,False,success,0.46718060970306396,,,ou_noise,0,2091162,4172326,2086163,9.570581304824959,22.69388630430577,,,
4114,4113,,,-286.21230647107353,1000,False,False,False,True,cutoff,7.007340908050537,,,ou_noise,0,2092162,4174326,2087163,8.918556364059448,22.4354768781662,,,
4115,4114,,,32.33933316973501,655,True,False,True,False,success,0.4724864959716797,,,ou_noise,0,2092817,4175636,2087818,8.795389185424979,22.420131491158756,,,
4116,4115,,,162.70437944453622,151,True,False,True,False,success,0.49118947982788086,,,ou_noise,0,2092968,4175938,2087969,9.378474372112198,22.316809066873514,,,
4117,4116,,,167.01994034692842,127,True,False,True,False,success,0.47958481311798096,,,ou_noise,0,2093095,4176192,2088096,8.398168069171154,22.324005787766826,,,
4118,4117,,,168.6444014587287,120,True,False,True,False,success,0.49120938777923584,,,ou_noise,0,2093215,4176432,2088216,7.983227284749349,22.31363650957743,,,
4119,4118,,,-239.85352416139025,1000,False,False,False,True,cutoff,7.379383087158203,,,ou_noise,0,2094215,4178432,2089216,9.089299626350403,22.199155921936036,,,
4120,4119,,,169.7857645608177,119,True,False,True,False,success,0.49991855025291443,,,ou_noise,0,2094334,4178670,2089335,8.229761110634364,22.172710787348386,,,
4121,4120,,,-229.3307270931619,1000,False,False,False,True,cutoff,7.641496181488037,,,ou_noise,0,2095334,4180670,2090335,8.699790102362632,22.176249168395994,,,
4122,4121,,,-241.1386598111272,1000,False,False,False,True,cutoff,7.36412239074707,,,ou_noise,0,2096334,4182670,2091335,9.439700230956078,22.18556352043152,,,
4123,4122,,,-284.32448180436415,1000,False,False,False,True,cutoff,6.942338466644287,,,ou_noise,0,2097334,4184670,2092335,8.73689883697033,22.19098208618164,,,
4124,4123,,,-248.45389377622314,1000,False,False,False,True,cutoff,7.814596176147461,,,ou_noise,0,2098334,4186670,2093335,8.848840745925903,21.990697030067444,,,
4125,4124,,,-225.33287909338583,1000,False,False,False,True,cutoff,7.5230889320373535,,,ou_noise,0,2099334,4188670,2094335,8.654944637298584,21.99365657234192,,,
4126,4125,,,-224.95238944027568,1000,False,False,False,True,cutoff,7.387869834899902,,,ou_noise,0,2100334,4190670,2095335,8.49833576321602,21.79707067489624,,,
4127,4126,,,169.28226606097272,121,True,False,True,False,success,0.4238431751728058,,,ou_noise,0,2100455,4190912,2095456,8.281913368169926,21.94996641490085,,,
4128,4127,,,-214.44696365935292,1000,False,False,False,True,cutoff,7.891417980194092,,,ou_noise,0,2101455,4192912,2096456,8.573167041897774,21.833743562698363,,,
4129,4128,,,-209.71035356559054,1000,False,False,False,True,cutoff,7.327646255493164,,,ou_noise,0,2102455,4194912,2097456,9.032109463095665,21.736594095230103,,,
4130,4129,,,168.3472995996084,122,True,False,True,False,success,0.45446959137916565,,,ou_noise,0,2102577,4195156,2097578,8.954617327353994,21.479664122472045,,,
4131,4130,,,-227.5140472571416,1000,False,False,False,True,cutoff,7.195197582244873,,,ou_noise,0,2103577,4197156,2098578,9.021056145310402,21.830973276138305,,,
4132,4131,,,-2.0128501691279155,705,True,False,True,False,success,0.43735426664352417,,,ou_noise,0,2104282,4198566,2099283,8.647043455746157,21.662984642407572,,,
4133,4132,,,162.89873277284548,143,True,False,True,False,success,0.46453821659088135,,,ou_noise,0,2104425,4198852,2099426,9.440061151564539,21.60980837495177,,,
4134,4133,,,-252.14843795133487,1000,False,False,False,True,cutoff,6.982791900634766,,,ou_noise,0,2105425,4200852,2100426,8.871221643328667,21.59425634765625,,,
4135,4134,,,-207.03253104010082,1000,False,False,False,True,cutoff,7.194233417510986,,,ou_noise,0,2106425,4202852,2101426,8.99658146059513,21.568082334518433,,,
4136,4135,,,-292.0470151487266,1000,False,False,False,True,cutoff,7.716618537902832,,,ou_noise,0,2107425,4204852,2102426,8.95476429915428,21.780479257583618,,,
4137,4136,,,112.4118169740479,316,True,False,True,False,success,0.48189038038253784,,,ou_noise,0,2107741,4205484,2102742,8.631948928289775,21.66181487373159,,,
4138,4137,,,-202.98921820351595,1000,False,False,False,True,cutoff,7.238351821899414,,,ou_noise,0,2108741,4207484,2103742,8.905217284440994,21.460857352256774,,,
4139,4138,,,-219.6927240393553,1000,False,False,False,True,cutoff,7.348283290863037,,,ou_noise,0,2109741,4209484,2104742,8.542836693406105,21.59679566001892,,,
4140,4139,,,-206.0045301639839,1000,False,False,False,True,cutoff,6.989548206329346,,,ou_noise,0,2110741,4211484,2105742,9.147119572639465,21.486764752388,,,
4141,4140,,,170.98214203342718,116,True,False,True,False,success,0.4204111099243164,,,ou_noise,0,2110857,4211716,2105858,8.923079468052963,21.818358224013757,,,
4142,4141,,,-214.58928077015415,1000,False,False,False,True,cutoff,7.314661502838135,,,ou_noise,0,2111857,4213716,2106858,9.15487843286991,21.670973138809202,,,
4143,4142,,,-212.0270450385112,1000,False,False,False,True,cutoff,7.183699131011963,,,ou_noise,0,2112857,4215716,2107858,9.030473388910293,21.817645162582398,,,
4144,4143,,,169.0613302570378,119,True,False,True,False,success,0.46566587686538696,,,ou_noise,0,2112976,4215954,2107977,7.782439279956978,21.7853190638438,,,
4145,4144,,,-205.92570392310083,1000,False,False,False,True,cutoff,7.49805212020874,,,ou_noise,0,2113976,4217954,2108977,9.03307263493538,21.838749084472656,,,
4146,4145,,,165.17096944950197,132,True,False,True,False,success,0.4826090335845947,,,ou_noise,0,2114108,4218218,2109109,9.328555315732956,21.845388585870918,,,
4147,4146,,,172.35613237701176,110,True,False,True,False,success,0.4834730327129364,,,ou_noise,0,2114218,4218438,2109219,8.465976345539094,21.9766826803034,,,
4148,4147,,,-222.91305847341394,1000,False,False,False,True,cutoff,4.6220855712890625,,,ou_noise,0,2115218,4220438,2110219,9.875679812073708,21.824534286499023,,,
4149,4148,,,-222.41748854133064,1000,False,False,False,True,cutoff,5.77609920501709,,,ou_noise,0,2116218,4222438,2111219,9.693788977622987,21.864070969581604,,,
4150,4149,,,165.41264585076192,136,True,False,True,False,success,0.467148095369339,,,ou_noise,0,2116354,4222710,2111355,9.348217004362274,21.64771356302149,,,
4151,4150,,,-211.02658044649095,1000,False,False,False,True,cutoff,7.298367023468018,,,ou_noise,0,2117354,4224710,2112355,9.798196881890297,21.807271728515627,,,
4152,4151,,,165.68853316232514,133,True,False,True,False,success,0.4627240300178528,,,ou_noise,0,2117487,4224976,2112488,9.601129500489487,21.706253754465205,,,
4153,4152,,,160.36151966456583,143,True,False,True,False,success,0.4236524999141693,,,ou_noise,0,2117630,4225262,2112631,10.7131993787272,21.716243757234587,,,
4154,4153,,,169.58644473139304,117,True,False,True,False,success,0.45003217458724976,,,ou_noise,0,2117747,4225496,2112748,9.287913927665123,21.654066053211178,,,
4155,4154,,,-206.20225864886382,1000,False,False,False,True,cutoff,6.900249481201172,,,ou_noise,0,2118747,4227496,2113748,9.31120881319046,21.690455127716064,,,
4156,4155,,,170.3963657567012,118,True,False,True,False,success,0.49466627836227417,,,ou_noise,0,2118865,4227732,2113866,9.22523974564116,21.873350983959135,,,
4157,4156,,,168.31071451540438,123,True,False,True,False,success,0.473469614982605,,,ou_noise,0,2118988,4227978,2113989,9.702288658638311,21.46864266124198,,,
4158,4157,,,-185.04603435925722,1000,False,False,False,True,cutoff,6.987119197845459,,,ou_noise,0,2119988,4229978,2114989,9.193721877455712,21.687752115249634,,,
4159,4158,,,165.97829356539836,126,True,False,True,False,success,0.45112740993499756,,,ou_noise,0,2120114,4230230,2115115,10.292942440699017,21.49649477005005,,,
4160,4159,,,167.93261681779762,119,True,False,True,False,success,0.47696539759635925,,,ou_noise,0,2120233,4230468,2115234,8.894183371247363,21.334792802313796,,,
4161,4160,,,-218.82348353706053,1000,False,False,False,True,cutoff,7.074916839599609,,,ou_noise,0,2121233,4232468,2116234,9.780968268036842,21.617391419410705,,,
4162,4161,,,163.86139420260784,138,True,False,True,False,success,0.484894335269928,,,ou_noise,0,2121371,4232744,2116372,9.102642442005267,21.727041161578633,,,
4163,4162,,,167.40127090963375,123,True,False,True,False,success,0.43086549639701843,,,ou_noise,0,2121494,4232990,2116495,9.269507267610814,21.64820333031135,,,
4164,4163,,,-244.55231703903786,1000,False,False,False,True,cutoff,7.247082233428955,,,ou_noise,0,2122494,4234990,2117495,9.380841471195222,21.611795539855958,,,
4165,4164,,,167.2633969145956,124,True,False,True,False,success,0.43630367517471313,,,ou_noise,0,2122618,4235238,2117619,9.183517692550536,21.902023623066565,,,
4166,4165,,,160.1733999608642,151,True,False,True,False,success,0.4821588397026062,,,ou_noise,0,2122769,4235540,2117770,10.502102221084746,21.54329143296804,,,
4167,4166,,,-230.43780335852747,1000,False,False,False,True,cutoff,6.8942694664001465,,,ou_noise,0,2123769,4237540,2118770,10.129414201021195,21.654660718917846,,,
4168,4167,,,169.59449355885607,118,True,False,True,False,success,0.4574393033981323,,,ou_noise,0,2123887,4237776,2118888,10.105014914173191,21.451285750178968,,,
4169,4168,,,-69.88339684884144,59,False,True,True,False,collision,6.001815319061279,,,ou_noise,0,2123946,4237894,2118947,10.36142591702736,21.582776247444798,,,
4170,4169,,,-19.686110186155602,835,True,False,True,False,success,0.4792783260345459,,,ou_noise,0,2124781,4239564,2119782,10.674510335065648,21.542872921149886,,,
4171,4170,,,169.16691725751812,121,True,False,True,False,success,0.40941140055656433,,,ou_noise,0,2124902,4239806,2119903,9.776896607777305,21.54249998360626,,,
4172,4171,,,170.57571512249913,117,True,False,True,False,success,0.4442529082298279,,,ou_noise,0,2125019,4240040,2120020,10.24730306914729,21.232974093184513,,,
4173,4172,,,167.01955181005604,127,True,False,True,False,success,0.42043155431747437,,,ou_noise,0,2125146,4240294,2120147,10.155480185831626,21.449010578666147,,,
4174,4173,,,-247.24285275306354,1000,False,False,False,True,cutoff,7.257406711578369,,,ou_noise,0,2126146,4242294,2121147,10.544477863669396,21.463575534820556,,,
4175,4174,,,122.57626620168476,294,True,False,True,False,success,0.49497830867767334,,,ou_noise,0,2126440,4242882,2121441,9.606979487299109,21.67603978980966,,,
4176,4175,,,-206.71393658665926,1000,False,False,False,True,cutoff,5.138898849487305,,,ou_noise,0,2127440,4244882,2122441,10.207234535455704,21.659394070625304,,,
4177,4176,,,-221.62786036624897,1000,False,False,False,True,cutoff,7.192951202392578,,,ou_noise,0,2128440,4246882,2123441,10.28372377204895,21.855401885032652,,,
4178,4177,,,163.960869376998,134,True,False,True,False,success,0.43401116132736206,,,ou_noise,0,2128574,4247150,2123575,10.384249517277105,22.29905480057446,,,
4179,4178,,,171.10964238017587,112,True,False,True,False,success,0.49482420086860657,,,ou_noise,0,2128686,4247374,2123687,9.623446778527327,21.737480078424728,,,
4180,4179,,,170.49722314892355,118,True,False,True,False,success,0.42928600311279297,,,ou_noise,0,2128804,4247610,2123805,9.729449423692994,21.97918271210234,,,
4181,4180,,,168.21295870030448,123,True,False,True,False,success,0.40965932607650757,,,ou_noise,0,2128927,4247856,2123928,10.476738807631701,21.730618686210818,,,
4182,4181,,,-253.35199980275874,1000,False,False,False,True,cutoff,7.483033180236816,,,ou_noise,0,2129927,4249856,2124928,10.598728758573532,22.00117310333252,,,
4183,4182,,,167.99462073846135,121,True,False,True,False,success,0.4925936162471771,,,ou_noise,0,2130048,4250098,2125049,11.060654321977914,21.937541551826413,,,
4184,4183,,,-267.179417184514,1000,False,False,False,True,cutoff,7.101548671722412,,,ou_noise,0,2131048,4252098,2126049,10.63308883023262,22.13495911026001,,,
4185,4184,,,-219.2001349729188,1000,False,False,False,True,cutoff,7.160741806030273,,,ou_noise,0,2132048,4254098,2127049,10.614009505748749,22.260437031745912,,,
4186,4185,,,-217.95575064630503,1000,False,False,False,True,cutoff,7.134854793548584,,,ou_noise,0,2133048,4256098,2128049,10.38248590886593,22.34396171092987,,,
4187,4186,,,168.7376610905236,128,True,False,True,False,success,0.46088188886642456,,,ou_noise,0,2133176,4256354,2128177,12.01376847177744,22.544939324259758,,,
4188,4187,,,-240.97354315455843,1000,False,False,False,True,cutoff,7.3893208503723145,,,ou_noise,0,2134176,4258354,2129177,10.45147606921196,22.481312896728515,,,
4189,4188,,,-157.71430895608722,354,False,True,True,False,collision,7.372671127319336,,,ou_noise,0,2134530,4259062,2129531,10.438581272707147,22.632793324141854,,,
4190,4189,,,-36.56807371915571,112,False,True,True,False,collision,1.2820218801498413,,,ou_noise,0,2134642,4259286,2129643,10.26852493413857,22.269060049738204,,,
4191,4190,,,-299.63360172917174,1000,False,False,False,True,cutoff,7.83696985244751,,,ou_noise,0,2135642,4261286,2130643,10.815278775930405,22.75263961982727,,,
4192,4191,,,-281.40365956821944,1000,False,False,False,True,cutoff,8.519968032836914,,,ou_noise,0,2136642,4263286,2131643,10.824780581474304,22.867620281219484,,,
4193,4192,,,142.53030460766473,187,True,False,True,False,success,0.45550376176834106,,,ou_noise,0,2136829,4263660,2131830,12.722609857186914,23.018848592584785,,,
4194,4193,,,-295.7594743267153,1000,False,False,False,True,cutoff,6.999831199645996,,,ou_noise,0,2137829,4265660,2132830,11.306967789292335,23.123291660308837,,,
4195,4194,,,-123.36860748940515,63,False,True,True,False,collision,11.156074523925781,,,ou_noise,0,2137892,4265786,2132893,10.247383049556188,23.42991904606895,,,
4196,4195,,,163.2283728320433,138,True,False,True,False,success,0.44916966557502747,,,ou_noise,0,2138030,4266062,2133031,11.84966305286988,23.436101692310277,,,
4197,4196,,,-307.8609741595676,1000,False,False,False,True,cutoff,7.456723690032959,,,ou_noise,0,2139030,4268062,2134031,11.268489781022073,23.409899810791014,,,
4198,4197,,,84.65328953070215,474,True,False,True,False,success,0.48924317955970764,,,ou_noise,0,2139504,4269010,2134505,11.265511144062637,23.5669279500905,,,
4199,4198,,,163.4822827120326,134,True,False,True,False,success,0.4906657338142395,,,ou_noise,0,2139638,4269278,2134639,11.538970061202548,23.614250054999964,,,
4200,4199,,,167.86029569723263,123,True,False,True,False,success,0.47778069972991943,,,ou_noise,0,2139761,4269524,2134762,11.107080504177063,23.59242343127243,,,
4201,4200,,,166.3681609911538,129,True,False,True,False,success,0.48333239555358887,,,ou_noise,0,2139890,4269782,2134891,12.554355613020963,23.375074844951776,,,
4202,4201,,,-224.44443495335122,1000,False,False,False,True,cutoff,6.889377117156982,,,ou_noise,0,2140890,4271782,2135891,11.432056469082832,23.55769059753418,,,
4203,4202,,,158.3608275176291,160,True,False,True,False,success,0.49986085295677185,,,ou_noise,0,2141050,4272102,2136051,11.735537687689066,23.300352239608763,,,
4204,4203,,,-244.75437977236373,1000,False,False,False,True,cutoff,7.278964042663574,,,ou_noise,0,2142050,4274102,2137051,10.648154012084007,23.632703731536864,,,
4205,4204,,,-229.92308786255117,1000,False,False,False,True,cutoff,7.703371047973633,,,ou_noise,0,2143050,4276102,2138051,10.992458897471428,23.743946709632873,,,
4206,4205,,,-237.34647451074417,1000,False,False,False,True,cutoff,5.242782115936279,,,ou_noise,0,2144050,4278102,2139051,11.133563424706459,23.932948234558104,,,
4207,4206,,,168.47181190255702,122,True,False,True,False,success,0.4110288918018341,,,ou_noise,0,2144172,4278346,2139173,10.993885522983113,24.12932011338531,,,
4208,4207,,,167.49565482781773,121,True,False,True,False,success,0.47647544741630554,,,ou_noise,0,2144293,4278588,2139294,11.420386428675375,23.990845562012726,,,
4209,4208,,,-207.5574836282332,1000,False,False,False,True,cutoff,7.5330963134765625,,,ou_noise,0,2145293,4280588,2140294,10.724695805072784,23.870829736709595,,,
4210,4209,,,-232.56742505712154,1000,False,False,False,True,cutoff,7.785769462585449,,,ou_noise,0,2146293,4282588,2141294,11.05756772184372,23.883327169418337,,,
4211,4210,,,167.0189121812727,129,True,False,True,False,success,0.4510982632637024,,,ou_noise,0,2146422,4282846,2141423,9.919615110685658,23.825424992760947,,,
4212,4211,,,-200.34342847835913,1000,False,False,False,True,cutoff,7.512510776519775,,,ou_noise,0,2147422,4284846,2142423,10.49918405854702,23.93661877632141,,,
4213,4212,,,170.66858734382978,118,True,False,True,False,success,0.46575817465782166,,,ou_noise,0,2147540,4285082,2142541,9.717460362587945,24.26763266223972,,,
4214,4213,,,156.67107262094436,154,True,False,True,False,success,0.4384632706642151,,,ou_noise,0,2147694,4285390,2142695,10.60302596665048,23.880525588989258,,,
4215,4214,,,-188.1755539042102,1000,False,False,False,True,cutoff,7.602209568023682,,,ou_noise,0,2148694,4287390,2143695,10.891698054790497,23.834517658233644,,,
4216,4215,,,-239.6881532033259,1000,False,False,False,True,cutoff,7.2565999031066895,,,ou_noise,0,2149694,4289390,2144695,10.97587376344204,23.733014078140258,,,
4217,4216,,,-196.78404261949726,1000,False,False,False,True,cutoff,7.7013092041015625,,,ou_noise,0,2150694,4291390,2145695,10.839964988946914,23.73899835777283,,,
4218,4217,,,166.42443448651284,128,True,False,True,False,success,0.47521907091140747,,,ou_noise,0,2150822,4291646,2145823,13.578574030660093,23.619877338409424,,,
4219,4218,,,170.5983054346151,117,True,False,True,False,success,0.46668577194213867,,,ou_noise,0,2150939,4291880,2145940,10.241984797339153,23.74908460307325,,,
4220,4219,,,-238.36034340358574,1000,False,False,False,True,cutoff,7.323673725128174,,,ou_noise,0,2151939,4293880,2146940,10.739237404227257,23.688972965240477,,,
4221,4220,,,-50.54556617243799,860,True,False,True,False,success,0.47905054688453674,,,ou_noise,0,2152799,4295600,2147800,10.848449282590733,23.690221422772076,,,
4222,4221,,,-274.2372632189437,1000,False,False,False,True,cutoff,7.638077735900879,,,ou_noise,0,2153799,4297600,2148800,11.335409341692925,23.70578440093994,,,
4223,4222,,,-245.77477739346708,1000,False,False,False,True,cutoff,6.128535747528076,,,ou_noise,0,2154799,4299600,2149800,11.760077414989471,23.698648475646973,,,
4224,4223,,,168.48397189819272,124,True,False,True,False,success,0.45453059673309326,,,ou_noise,0,2154923,4299848,2149924,10.659127031603168,23.731845517312326,,,
4225,4224,,,-206.61376243491438,1000,False,False,False,True,cutoff,7.466426372528076,,,ou_noise,0,2155923,4301848,2150924,11.75241296005249,23.7280682182312,,,
4226,4225,,,167.25965730839152,129,True,False,True,False,success,0.45306897163391113,,,ou_noise,0,2156052,4302106,2151053,12.198231554770654,24.040841937989228,,,
4227,4226,,,-245.4595681184057,1000,False,False,False,True,cutoff,7.473917007446289,,,ou_noise,0,2157052,4304106,2152053,12.101637963056564,24.00689301490784,,,
4228,4227,,,168.4823765059548,127,True,False,True,False,success,0.45807528495788574,,,ou_noise,0,2157179,4304360,2152180,11.895869193114633,23.91584761311689,,,
4229,4228,,,-301.7841175498134,1000,False,False,False,True,cutoff,7.559671401977539,,,ou_noise,0,2158179,4306360,2153180,12.585710799574851,24.071063261032105,,,
4230,4229,,,-223.23590495016447,1000,False,False,False,True,cutoff,4.335206985473633,,,ou_noise,0,2159179,4308360,2154180,12.139295873999595,23.965451499938965,,,
4231,4230,,,-274.73169869086485,1000,False,False,False,True,cutoff,7.920191764831543,,,ou_noise,0,2160179,4310360,2155180,12.714118992805481,24.191817348480225,,,
4232,4231,,,170.71532736067059,117,True,False,True,False,success,0.40669167041778564,,,ou_noise,0,2160296,4310594,2155297,13.11812854016948,24.378311874520065,,,
4233,4232,,,-291.6828086178467,1000,False,False,False,True,cutoff,7.583890914916992,,,ou_noise,0,2161296,4312594,2156297,12.166591161847114,24.297602365493773,,,
4234,4233,,,161.09855744122333,143,True,False,True,False,success,0.4337720274925232,,,ou_noise,0,2161439,4312880,2156440,13.355464303410137,24.17422592056381,,,
4235,4234,,,-333.13432627822925,636,False,True,True,False,collision,7.69627571105957,,,ou_noise,0,2162075,4314152,2157076,12.905426690600953,24.248142146464414,,,
4236,4235,,,167.54186813422643,124,True,False,True,False,success,0.4245850741863251,,,ou_noise,0,2162199,4314400,2157200,12.775259198681,24.62462359090005,,,
4237,4236,,,-246.07805625261574,1000,False,False,False,True,cutoff,7.345928192138672,,,ou_noise,0,2163199,4316400,2158200,12.825898555636407,24.403168159484864,,,
4238,4237,,,167.2375583190892,128,True,False,True,False,success,0.40198126435279846,,,ou_noise,0,2163327,4316656,2158328,12.655600726604462,24.543423742055893,,,
4239,4238,,,159.0968278159773,144,True,False,True,False,success,0.4432887136936188,,,ou_noise,0,2163471,4316944,2158472,12.833515336943996,24.296142948998344,,,
4240,4239,,,169.46446930773251,123,True,False,True,False,success,0.42745885252952576,,,ou_noise,0,2163594,4317190,2158595,12.388899784747178,24.142626289429703,,,
4241,4240,,,169.37689981187097,116,True,False,True,False,success,0.4184171259403229,,,ou_noise,0,2163710,4317422,2158711,11.183952232887005,23.97599794124735,,,
4242,4241,,,162.05748067609983,144,True,False,True,False,success,0.4412667751312256,,,ou_noise,0,2163854,4317710,2158855,11.20327269203133,24.472904562950134,,,
4243,4242,,,169.91415018875483,120,True,False,True,False,success,0.46956321597099304,,,ou_noise,0,2163974,4317950,2158975,12.188515263795853,24.080034653345745,,,
4244,4243,,,166.9577293903111,128,True,False,True,False,success,0.46397796273231506,,,ou_noise,0,2164102,4318206,2159103,12.381981786340475,24.44791290163994,,,
4245,4244,,,-195.1804419263955,1000,False,False,False,True,cutoff,7.480698108673096,,,ou_noise,0,2165102,4320206,2160103,12.920744790554046,24.17546887207031,,,
4246,4245,,,170.82067554904876,114,True,False,True,False,success,0.44744738936424255,,,ou_noise,0,2165216,4320434,2160217,13.376842499824992,24.206941922505695,,,
4247,4246,,,-195.97074275341134,1000,False,False,False,True,cutoff,7.205469608306885,,,ou_noise,0,2166216,4322434,2161217,12.70514407134056,24.05222979927063,,,
4248,4247,,,167.08340876911484,126,True,False,True,False,success,0.46380338072776794,,,ou_noise,0,2166342,4322686,2161343,12.322278842093452,24.402822615608336,,,
4249,4248,,,170.62926375570612,121,True,False,True,False,success,0.40346699953079224,,,ou_noise,0,2166463,4322928,2161464,12.41939301924272,23.870715511731866,,,
4250,4249,,,-150.06825174781858,150,False,True,True,False,collision,9.6012544631958,,,ou_noise,0,2166613,4323228,2161614,12.652908198038737,23.86084274291992,,,
4251,4250,,,169.64337390823067,115,True,False,True,False,success,0.47533169388771057,,,ou_noise,0,2166728,4323458,2161729,12.710331985224848,23.877560756517493,,,
4252,4251,,,-203.8806342735232,1000,False,False,False,True,cutoff,6.943368911743164,,,ou_noise,0,2167728,4325458,2162729,12.48302425467968,23.95842077445984,,,
4253,4252,,,170.87598441006966,117,True,False,True,False,success,0.4558635652065277,,,ou_noise,0,2167845,4325692,2162846,13.296158177220923,23.722962958181007,,,
4254,4253,,,169.8429349397887,120,True,False,True,False,success,0.42110106348991394,,,ou_noise,0,2167965,4325932,2162966,12.064149604241054,24.158863719304403,,,
4255,4254,,,-204.92525542846877,1000,False,False,False,True,cutoff,7.616456508636475,,,ou_noise,0,2168965,4327932,2163966,12.968216455936432,24.0749400806427,,,
4256,4255,,,-196.1127774841063,1000,False,False,False,True,cutoff,7.357391834259033,,,ou_noise,0,2169965,4329932,2164966,12.528290647625923,24.194413669586183,,,
4257,4256,,,169.20654037940898,122,True,False,True,False,success,0.4469475746154785,,,ou_noise,0,2170087,4330176,2165088,12.46984983467665,24.08133599015533,,,
4258,4257,,,-213.01669503416193,1000,False,False,False,True,cutoff,7.22891902923584,,,ou_noise,0,2171087,4332176,2166088,12.538021713137626,24.130978683471678,,,
4259,4258,,,-202.39062724162443,1000,False,False,False,True,cutoff,7.304738998413086,,,ou_noise,0,2172087,4334176,2167088,12.46794388461113,24.110873153686523,,,
4260,4259,,,165.89503991224763,131,True,False,True,False,success,0.43566837906837463,,,ou_noise,0,2172218,4334438,2167219,12.426474806916623,24.21565367429311,,,
4261,4260,,,170.326014634368,116,True,False,True,False,success,0.4140867590904236,,,ou_noise,0,2172334,4334670,2167335,12.35497981515424,24.12548119446327,,,
4262,4261,,,-238.0194894471975,1000,False,False,False,True,cutoff,7.474593639373779,,,ou_noise,0,2173334,4336670,2168335,12.361907026052474,24.051135232925414,,,
4263,4262,,,167.37873914171325,123,True,False,True,False,success,0.43981775641441345,,,ou_noise,0,2173457,4336916,2168458,12.539041666480584,23.78934235301444,,,
4264,4263,,,122.48374928222644,253,True,False,True,False,success,0.48525840044021606,,,ou_noise,0,2173710,4337422,2168711,12.062304794081586,23.810668900078937,,,
4265,4264,,,-200.10449604745438,1000,False,False,False,True,cutoff,7.609945774078369,,,ou_noise,0,2174710,4339422,2169711,12.100711930036544,23.975459290504457,,,
4266,4265,,,170.80642015424615,114,True,False,True,False,success,0.45353907346725464,,,ou_noise,0,2174824,4339650,2169825,11.3341466606709,23.84219201405843,,,
4267,4266,,,-190.3636139362388,1000,False,False,False,True,cutoff,7.045557975769043,,,ou_noise,0,2175824,4341650,2170825,12.744697589993477,23.726432764053346,,,
4268,4267,,,164.79253405407076,132,True,False,True,False,success,0.40490761399269104,,,ou_noise,0,2175956,4341914,2170957,11.941903453884702,23.644210974375408,,,
4269,4268,,,168.8618979845413,118,True,False,True,False,success,0.45785894989967346,,,ou_noise,0,2176074,4342150,2171075,12.00566398794368,23.37842682660636,,,
4270,4269,,,165.2555396071038,129,True,False,True,False,success,0.4221366345882416,,,ou_noise,0,2176203,4342408,2171204,12.160313447316488,23.65884581277537,,,
4271,4270,,,168.31348185070203,120,True,False,True,False,success,0.4831460118293762,,,ou_noise,0,2176323,4342648,2171324,11.655504063765209,23.543813467025757,,,
4272,4271,,,-259.84919759096147,1000,False,False,False,True,cutoff,4.009226322174072,,,ou_noise,0,2177323,4344648,2172324,11.72524853694439,23.421710662841797,,,
4273,4272,,,-200.77543905124296,1000,False,False,False,True,cutoff,7.558375358581543,,,ou_noise,0,2178323,4346648,2173324,12.029003493189812,23.319446760177613,,,
4274,4273,,,166.09971785218656,128,True,False,True,False,success,0.4648143947124481,,,ou_noise,0,2178451,4346904,2173452,11.889816049486399,23.36924611032009,,,
4275,4274,,,-251.92115453740143,1000,False,False,False,True,cutoff,7.572450160980225,,,ou_noise,0,2179451,4348904,2174452,11.26556149828434,23.360777578353883,,,
4276,4275,,,-208.27170654874703,1000,False,False,False,True,cutoff,7.479478359222412,,,ou_noise,0,2180451,4350904,2175452,11.233888993024825,23.29867712211609,,,
4277,4276,,,167.95414910563585,119,True,False,True,False,success,0.47878798842430115,,,ou_noise,0,2180570,4351142,2175571,11.209570149413677,23.13455221031894,,,
4278,4277,,,170.58938492167405,114,True,False,True,False,success,0.4047650992870331,,,ou_noise,0,2180684,4351370,2175685,11.643209712547169,22.983076697901677,,,
4279,4278,,,165.3974218153187,139,True,False,True,False,success,0.4439210593700409,,,ou_noise,0,2180823,4351648,2175824,11.185305928154815,23.02835869274551,,,
4280,4279,,,-338.956995915457,869,False,True,True,False,collision,7.450339317321777,,,ou_noise,0,2181692,4353386,2176693,11.326541336551223,22.919999463923094,,,
4281,4280,,,-194.6725985426662,1000,False,False,False,True,cutoff,7.070333003997803,,,ou_noise,0,2182692,4355386,2177693,11.234467902302741,22.95632979774475,,,
4282,4281,,,-204.77814199782586,1000,False,False,False,True,cutoff,7.690743446350098,,,ou_noise,0,2183692,4357386,2178693,11.18076343870163,22.834113344192506,,,
4283,4282,,,-185.96142721132603,1000,False,False,False,True,cutoff,7.693960189819336,,,ou_noise,0,2184692,4359386,2179693,11.329600828766823,23.07948252105713,,,
4284,4283,,,-182.339116593062,1000,False,False,False,True,cutoff,7.578556060791016,,,ou_noise,0,2185692,4361386,2180693,11.594669501423835,23.013301872253418,,,
4285,4284,,,169.39746377321333,122,True,False,True,False,success,0.4592910408973694,,,ou_noise,0,2185814,4361630,2180815,11.37054483519226,22.64589958503598,,,
4286,4285,,,169.3548913841287,121,True,False,True,False,success,0.451439768075943,,,ou_noise,0,2185935,4361872,2180936,10.161205790259622,22.86205523467261,,,
4287,4286,,,167.77766197960023,127,True,False,True,False,success,0.4547574818134308,,,ou_noise,0,2186062,4362126,2181063,10.93875164873018,22.981015483225423,,,
4288,4287,,,171.12894357555945,113,True,False,True,False,success,0.4909694790840149,,,ou_noise,0,2186175,4362352,2181176,11.922885988665893,23.109631985689685,,,
4289,4288,,,-213.0293524445871,1000,False,False,False,True,cutoff,7.602520942687988,,,ou_noise,0,2187175,4364352,2182176,11.028233184576035,22.76539893913269,,,
4290,4289,,,169.75597597563885,117,True,False,True,False,success,0.440911203622818,,,ou_noise,0,2187292,4364586,2182293,11.190307878021502,23.030299162253357,,,
4291,4290,,,-204.60471646249778,1000,False,False,False,True,cutoff,7.109162330627441,,,ou_noise,0,2188292,4366586,2183293,11.75839767062664,22.870453159332275,,,
4292,4291,,,171.57608017205433,114,True,False,True,False,success,0.4847729504108429,,,ou_noise,0,2188406,4366814,2183407,11.231366473331786,22.94980261618631,,,
4293,4292,,,172.40766881797592,110,True,False,True,False,success,0.44320809841156006,,,ou_noise,0,2188516,4367034,2183517,11.657495849782771,22.912938568808816,,,
4294,4293,,,-209.16478069362577,1000,False,False,False,True,cutoff,7.6641340255737305,,,ou_noise,0,2189516,4369034,2184517,11.47869601714611,22.802762058258057,,,
4295,4294,,,169.33767525336958,117,True,False,True,False,success,0.48259177803993225,,,ou_noise,0,2189633,4369268,2184634,11.258919204402174,22.72234443925385,,,
4296,4295,,,168.69325141746657,120,True,False,True,False,success,0.4266749322414398,,,ou_noise,0,2189753,4369508,2184754,11.53007720510165,22.686722850799562,,,
4297,4296,,,-192.8939621315202,1000,False,False,False,True,cutoff,7.829433917999268,,,ou_noise,0,2190753,4371508,2185754,11.069335036039352,22.733822101593017,,,
4298,4297,,,-217.66567292141696,1000,False,False,False,True,cutoff,7.759139537811279,,,ou_noise,0,2191753,4373508,2186754,10.90569877910614,22.824617149353028,,,
4299,4298,,,170.27719292925508,114,True,False,True,False,success,0.48605138063430786,,,ou_noise,0,2191867,4373736,2186868,11.082431094688282,22.722901980082195,,,
4300,4299,,,-244.92278899690766,1000,False,False,False,True,cutoff,7.953948974609375,,,ou_noise,0,2192867,4375736,2187868,10.94040087401867,22.852411533355713,,,
4301,4300,,,-252.67063758616504,1000,False,False,False,True,cutoff,7.969603061676025,,,ou_noise,0,2193867,4377736,2188868,10.66885595548153,22.881735918045045,,,
4302,4301,,,-274.0964587293933,1000,False,False,False,True,cutoff,3.4543066024780273,,,ou_noise,0,2194867,4379736,2189868,11.910373401284218,22.968061359405517,,,
4303,4302,,,-202.50426963779765,1000,False,False,False,True,cutoff,7.82086181640625,,,ou_noise,0,2195867,4381736,2190868,11.465256952404976,23.20933884048462,,,
4304,4303,,,-209.15296578324728,1000,False,False,False,True,cutoff,7.101329803466797,,,ou_noise,0,2196867,4383736,2191868,11.648044146180153,23.246241527557373,,,
4305,4304,,,-241.58684559287988,1000,False,False,False,True,cutoff,7.829371452331543,,,ou_noise,0,2197867,4385736,2192868,11.699236912965775,23.403549011230467,,,
4306,4305,,,170.57996725089754,113,True,False,True,False,success,0.45113086700439453,,,ou_noise,0,2197980,4385962,2192981,11.150375351441644,23.40819201849203,,,
4307,4306,,,-202.38505135976698,1000,False,False,False,True,cutoff,7.756564617156982,,,ou_noise,0,2198980,4387962,2193981,11.40071053481102,23.398613512039184,,,
4308,4307,,,-211.78882093006132,1000,False,False,False,True,cutoff,6.937466144561768,,,ou_noise,0,2199980,4389962,2194981,11.27557329416275,23.385095329284667,,,
4309,4308,,,-201.80328432024666,1000,False,False,False,True,cutoff,7.109576225280762,,,ou_noise,0,2200980,4391962,2195981,11.13535700428486,23.558372220039367,,,
4310,4309,,,161.08748397355794,136,True,False,True,False,success,0.4664604067802429,,,ou_noise,0,2201116,4392234,2196117,10.666528498425203,23.71092872058644,,,
4311,4310,,,-232.51155290111697,1000,False,False,False,True,cutoff,7.68604040145874,,,ou_noise,0,2202116,4394234,2197117,11.247716123700142,23.66201166152954,,,
4312,4311,,,-212.32789873753057,1000,False,False,False,True,cutoff,7.266934394836426,,,ou_noise,0,2203116,4396234,2198117,11.18819111788273,23.74975633049011,,,
4313,4312,,,-257.9186256602572,1000,False,False,False,True,cutoff,7.589009761810303,,,ou_noise,0,2204116,4398234,2199117,10.498150826096534,24.061449983596802,,,
4314,4313,,,168.55977267879405,124,True,False,True,False,success,0.43604782223701477,,,ou_noise,0,2204240,4398482,2199241,10.717262075793359,24.256993478344334,,,
4315,4314,,,170.53053393978067,115,True,False,True,False,success,0.41921040415763855,,,ou_noise,0,2204355,4398712,2199356,10.798690820776898,23.96413171187691,,,
4316,4315,,,166.27773245405302,126,True,False,True,False,success,0.4261685311794281,,,ou_noise,0,2204481,4398964,2199482,11.208507096956646,23.90657479422433,,,
4317,4316,,,-227.01671193340314,1000,False,False,False,True,cutoff,7.803844451904297,,,ou_noise,0,2205481,4400964,2200482,11.280740038752556,24.03259243774414,,,
4318,4317,,,168.08832100294234,123,True,False,True,False,success,0.4941045641899109,,,ou_noise,0,2205604,4401210,2200605,10.582111835479736,24.49972431834151,,,
4319,4318,,,-270.3526604434285,738,False,True,True,False,collision,7.555418968200684,,,ou_noise,0,2206342,4402686,2201343,10.877808201603774,24.13853644549362,,,
4320,4319,,,165.84551217876682,131,True,False,True,False,success,0.48432818055152893,,,ou_noise,0,2206473,4402948,2201474,11.463113570941314,24.20432734307442,,,
4321,4320,,,167.78260600869774,127,True,False,True,False,success,0.42787712812423706,,,ou_noise,0,2206600,4403202,2201601,10.483905444933674,24.182234801645354,,,
4322,4321,,,-264.46123748572023,1000,False,False,False,True,cutoff,7.852452754974365,,,ou_noise,0,2207600,4405202,2202601,10.748972738027573,24.259571632385253,,,
4323,4322,,,162.5063710354066,134,True,False,True,False,success,0.4959937036037445,,,ou_noise,0,2207734,4405470,2202735,10.538876158977622,24.186892267483383,,,
4324,4323,,,-259.4207405136004,1000,False,False,False,True,cutoff,7.3025617599487305,,,ou_noise,0,2208734,4407470,2203735,10.4449427870512,24.463150012969972,,,
4325,4324,,,-263.05191595339096,1000,False,False,False,True,cutoff,7.549124717712402,,,ou_noise,0,2209734,4409470,2204735,10.803507687211036,24.57346041870117,,,
4326,4325,,,-223.79359800319287,1000,False,False,False,True,cutoff,7.248675346374512,,,ou_noise,0,2210734,4411470,2205735,10.390040181994438,24.80411391067505,,,
4327,4326,,,-247.6482907705471,1000,False,False,False,True,cutoff,7.905238628387451,,,ou_noise,0,2211734,4413470,2206735,10.341278220772743,24.97320987510681,,,
4328,4327,,,-258.94638143122995,1000,False,False,False,True,cutoff,6.959995269775391,,,ou_noise,0,2212734,4415470,2207735,10.225134371399879,24.922604648590088,,,
4329,4328,,,167.0347995657623,131,True,False,True,False,success,0.4753086268901825,,,ou_noise,0,2212865,4415732,2207866,10.191392784810247,25.151855716268525,,,
4330,4329,,,-230.65211779441017,1000,False,False,False,True,cutoff,7.771510601043701,,,ou_noise,0,2213865,4417732,2208866,9.943861410260201,25.13042057800293,,,
4331,4330,,,164.85218687595523,138,True,False,True,False,success,0.41488540172576904,,,ou_noise,0,2214003,4418008,2209004,9.845647760059522,24.882693802101024,,,
4332,4331,,,159.65843479715087,147,True,False,True,False,success,0.49450215697288513,,,ou_noise,0,2214150,4418302,2209151,10.003789076999743,24.997483804923338,,,
4333,4332,,,-220.31226913130482,1000,False,False,False,True,cutoff,7.599065780639648,,,ou_noise,0,2215150,4420302,2210151,9.51487678050995,25.133744834899904,,,
4334,4333,,,-78.29036809065639,106,False,True,True,False,collision,5.374526023864746,,,ou_noise,0,2215256,4420514,2210257,9.73848582663626,25.159490783259553,,,
4335,4334,,,167.4477590515691,126,True,False,True,False,success,0.43842095136642456,,,ou_noise,0,2215382,4420766,2210383,10.702865026299916,25.209248391408767,,,
4336,4335,,,-220.6505970643592,1000,False,False,False,True,cutoff,7.623774528503418,,,ou_noise,0,2216382,4422766,2211383,10.166712319016456,25.194798212051392,,,
4337,4336,,,170.5672801524134,119,True,False,True,False,success,0.45905613899230957,,,ou_noise,0,2216501,4423004,2211502,9.318069733491464,24.933659401260503,,,
4338,4337,,,168.94891457753795,120,True,False,True,False,success,0.45336079597473145,,,ou_noise,0,2216621,4423244,2211622,9.914887339870136,25.10481597582499,,,
4339,4338,,,-208.94333024221868,1000,False,False,False,True,cutoff,7.445427417755127,,,ou_noise,0,2217621,4425244,2212622,9.829339692234994,25.09623737335205,,,
4340,4339,,,-210.2778291828116,1000,False,False,False,True,cutoff,7.723573207855225,,,ou_noise,0,2218621,4427244,2213622,9.488011811375618,25.067381507873534,,,
4341,4340,,,168.56609621585642,119,True,False,True,False,success,0.46417704224586487,,,ou_noise,0,2218740,4427482,2213741,9.44791297151261,25.04142176203367,,,
4342,4341,,,116.79452318872421,292,True,False,True,False,success,0.47037869691848755,,,ou_noise,0,2219032,4428066,2214033,9.212618004377575,24.93921160371336,,,
4343,4342,,,-252.8107000899353,1000,False,False,False,True,cutoff,7.518911838531494,,,ou_noise,0,2220032,4430066,2215033,9.700774305582046,25.044843658447267,,,
4344,4343,,,165.80638052762993,126,True,False,True,False,success,0.48163482546806335,,,ou_noise,0,2220158,4430318,2215159,9.553132533080994,25.208524083334304,,,
4345,4344,,,-211.25165070291123,1000,False,False,False,True,cutoff,7.590433120727539,,,ou_noise,0,2221158,4432318,2216159,9.51431007897854,25.016669443130493,,,
4346,4345,,,-245.26922813857834,1000,False,False,False,True,cutoff,7.384911060333252,,,ou_noise,0,2222158,4434318,2217159,9.151734629273415,25.164146188735963,,,
4347,4346,,,-226.0411317304527,1000,False,False,False,True,cutoff,7.36717414855957,,,ou_noise,0,2223158,4436318,2218159,8.876087793946267,25.233750190734863,,,
4348,4347,,,-241.7752881763694,1000,False,False,False,True,cutoff,7.560349464416504,,,ou_noise,0,2224158,4438318,2219159,8.895862809300423,25.16928274345398,,,
4349,4348,,,163.83498109836475,135,True,False,True,False,success,0.4938538670539856,,,ou_noise,0,2224293,4438588,2219294,9.655598554787812,24.760866151032623,,,
4350,4349,,,167.8837309014936,120,True,False,True,False,success,0.4207424223423004,,,ou_noise,0,2224413,4438828,2219414,8.808726820349694,24.618344227472942,,,
4351,4350,,,164.47978094338964,131,True,False,True,False,success,0.49151259660720825,,,ou_noise,0,2224544,4439090,2219545,8.170139238124586,24.996243455027805,,,
4352,4351,,,169.16706877683018,118,True,False,True,False,success,0.49487707018852234,,,ou_noise,0,2224662,4439326,2219663,8.115892306222754,24.766728853775284,,,
4353,4352,,,-236.28058918020486,1000,False,False,False,True,cutoff,7.477118015289307,,,ou_noise,0,2225662,4441326,2220663,8.608644794940949,24.708540517807005,,,
4354,4353,,,169.76130931966074,119,True,False,True,False,success,0.46151554584503174,,,ou_noise,0,2225781,4441564,2220782,8.219042281142803,24.78550215328441,,,
4355,4354,,,-228.85656902752035,1000,False,False,False,True,cutoff,7.686554431915283,,,ou_noise,0,2226781,4443564,2221782,8.330947162151336,24.523950826644896,,,
4356,4355,,,166.14024060512077,130,True,False,True,False,success,0.42735520005226135,,,ou_noise,0,2226911,4443824,2221912,8.134269859240606,24.75278783944937,,,
4357,4356,,,169.3099022423135,118,True,False,True,False,success,0.48115575313568115,,,ou_noise,0,2227029,4444060,2222030,8.73726977130114,24.397050712068204,,,
4358,4357,,,-248.03018549498464,1000,False,False,False,True,cutoff,7.733139514923096,,,ou_noise,0,2228029,4446060,2223030,8.264276363730431,24.358021635055543,,,
4359,4358,,,167.05272411050026,122,True,False,True,False,success,0.4989904761314392,,,ou_noise,0,2228151,4446304,2223152,8.103210024169234,24.286639010319945,,,
4360,4359,,,169.81566778467152,117,True,False,True,False,success,0.49820443987846375,,,ou_noise,0,2228268,4446538,2223269,9.122552208411388,24.244515313042534,,,
4361,4360,,,167.75000380714175,124,True,False,True,False,success,0.4645216763019562,,,ou_noise,0,2228392,4446786,2223393,7.871789030490383,24.000704273100823,,,
4362,4361,,,-90.03541798990763,77,False,True,True,False,collision,7.480317115783691,,,ou_noise,0,2228469,4446940,2223470,7.665344712022063,24.354112327872933,,,
4363,4362,,,-119.14361493865002,52,False,True,True,False,collision,11.117877006530762,,,ou_noise,0,2228521,4447044,2223522,8.972052986805256,23.71478634614211,,,
4364,4363,,,-211.33259766129365,1000,False,False,False,True,cutoff,7.259826183319092,,,ou_noise,0,2229521,4449044,2224522,8.339328327298164,24.276445850372316,,,
4365,4364,,,165.92287528552583,127,True,False,True,False,success,0.4879876375198364,,,ou_noise,0,2229648,4449298,2224649,8.770570632979625,24.183800614724948,,,
4366,4365,,,-217.7140431403917,1000,False,False,False,True,cutoff,7.185384273529053,,,ou_noise,0,2230648,4451298,2225649,8.020144451379776,24.26533204269409,,,
4367,4366,,,-105.24699163494341,190,False,True,True,False,collision,5.587151050567627,,,ou_noise,0,2230838,4451678,2225839,7.64003404378891,24.073342172723066,,,
4368,4367,,,169.7897701085079,120,True,False,True,False,success,0.414397656917572,,,ou_noise,0,2230958,4451918,2225959,8.940056438247362,24.0485045115153,,,
4369,4368,,,165.08195782087216,130,True,False,True,False,success,0.49062928557395935,,,ou_noise,0,2231088,4452178,2226089,8.514322037880238,23.661881886995754,,,
4370,4369,,,164.79506770718197,134,True,False,True,False,success,0.44339874386787415,,,ou_noise,0,2231222,4452446,2226223,8.653030669511255,23.802699117518184,,,
4371,4370,,,165.81807674505473,132,True,False,True,False,success,0.4426228404045105,,,ou_noise,0,2231354,4452710,2226355,8.174621059135957,23.83705121820623,,,
4372,4371,,,165.69433547316157,129,True,False,True,False,success,0.4046773612499237,,,ou_noise,0,2231483,4452968,2226484,8.046253966730694,23.626894706903503,,,
4373,4372,,,167.22850605034904,127,True,False,True,False,success,0.486940860748291,,,ou_noise,0,2231610,4453222,2226611,8.659451935234971,23.76215427128349,,,
4374,4373,,,170.99036698835482,117,True,False,True,False,success,0.43520328402519226,,,ou_noise,0,2231727,4453456,2226728,8.985638171179682,24.0521000919179,,,
4375,4374,,,-231.7756043901851,1000,False,False,False,True,cutoff,7.787012577056885,,,ou_noise,0,2232727,4455456,2227728,8.478042311787606,23.861237689971922,,,
4376,4375,,,160.82173921244674,135,True,False,True,False,success,0.470567524433136,,,ou_noise,0,2232862,4455726,2227863,8.963663724616723,24.220697530110677,,,
4377,4376,,,167.65945581455117,122,True,False,True,False,success,0.49260011315345764,,,ou_noise,0,2232984,4455970,2227985,8.093344913154352,23.940100138304665,,,
4378,4377,,,169.53865228836133,118,True,False,True,False,success,0.4514605700969696,,,ou_noise,0,2233102,4456206,2228103,8.350554716789116,23.6828806440709,,,
4379,4378,,,-221.53094850652454,1000,False,False,False,True,cutoff,7.0195698738098145,,,ou_noise,0,2234102,4458206,2229103,8.333842748999595,23.672122816085814,,,
4380,4379,,,-232.39750882854867,1000,False,False,False,True,cutoff,7.239641189575195,,,ou_noise,0,2235102,4460206,2230103,8.732694007992745,23.761718370437624,,,
4381,4380,,,-213.11604603115154,1000,False,False,False,True,cutoff,7.474987506866455,,,ou_noise,0,2236102,4462206,2231103,8.426880014896392,23.730821499824525,,,
4382,4381,,,-252.0067206816965,1000,False,False,False,True,cutoff,7.199202537536621,,,ou_noise,0,2237102,4464206,2232103,8.192326377749444,23.763820672988892,,,
4383,4382,,,-91.99836128527775,133,False,True,True,False,collision,6.225624084472656,,,ou_noise,0,2237235,4464472,2232236,8.320978869172864,23.803099969275912,,,
4384,4383,,,165.693484003579,127,True,False,True,False,success,0.4539453685283661,,,ou_noise,0,2237362,4464726,2232363,8.248343488362831,23.556551955816314,,,
4385,4384,,,169.49004954067732,123,True,False,True,False,success,0.4513922333717346,,,ou_noise,0,2237485,4464972,2232486,8.186809740415434,23.769787408472077,,,
4386,4385,,,169.50729712367,118,True,False,True,False,success,0.4636746942996979,,,ou_noise,0,2237603,4465208,2232604,8.481070515462907,23.52811370461674,,,
4387,4386,,,169.87801130611402,121,True,False,True,False,success,0.4573574662208557,,,ou_noise,0,2237724,4465450,2232725,8.515727911113707,23.917003190221866,,,
4388,4387,,,-218.05804652806054,1000,False,False,False,True,cutoff,7.4188690185546875,,,ou_noise,0,2238724,4467450,2233725,8.477334090709686,23.781687084197998,,,
4389,4388,,,-226.79640758836894,1000,False,False,False,True,cutoff,7.273356914520264,,,ou_noise,0,2239724,4469450,2234725,8.198569757819175,23.677683698654175,,,
4390,4389,,,-290.6081133168526,1000,False,False,False,True,cutoff,7.530360221862793,,,ou_noise,0,2240724,4471450,2235725,8.510562042713165,23.883558069229124,,,
4391,4390,,,-241.55432980296555,1000,False,False,False,True,cutoff,7.262997627258301,,,ou_noise,0,2241724,4473450,2236725,8.195156864881515,24.137854162216186,,,
4392,4391,,,-256.99504835341725,1000,False,False,False,True,cutoff,7.635645866394043,,,ou_noise,0,2242724,4475450,2237725,8.088361901164054,24.24598033905029,,,
4393,4392,,,162.4732239832339,142,True,False,True,False,success,0.43652158975601196,,,ou_noise,0,2242866,4475734,2237867,7.667971852799536,24.20028381616297,,,
4394,4393,,,-198.3550632655509,1000,False,False,False,True,cutoff,6.9324564933776855,,,ou_noise,0,2243866,4477734,2238867,7.746612019062042,24.364238187789915,,,
4395,4394,,,169.52336086321867,118,True,False,True,False,success,0.49731603264808655,,,ou_noise,0,2243984,4477970,2238985,8.564136427337841,24.31315207077285,,,
4396,4395,,,165.41255975512448,131,True,False,True,False,success,0.45223262906074524,,,ou_noise,0,2244115,4478232,2239116,8.571228860898783,24.394417580757434,,,
4397,4396,,,162.95655315203646,149,True,False,True,False,success,0.4703134596347809,,,ou_noise,0,2244264,4478530,2239265,7.905124680307887,24.27876220293493,,,
4398,4397,,,-134.8360057152339,307,False,True,True,False,collision,5.46265172958374,,,ou_noise,0,2244571,4479144,2239572,7.6483585123907085,24.093360559171497,,,
4399,4398,,,-206.44698610243816,1000,False,False,False,True,cutoff,7.037820339202881,,,ou_noise,0,2245571,4481144,2240572,8.05738365638256,24.27052324295044,,,
4400,4399,,,167.96200925228203,124,True,False,True,False,success,0.4507192075252533,,,ou_noise,0,2245695,4481392,2240696,7.413755144803755,24.214547664888443,,,
4401,4400,,,169.98538939233904,118,True,False,True,False,success,0.4356224238872528,,,ou_noise,0,2245813,4481628,2240814,8.55406983525066,24.692186808182022,,,
4402,4401,,,-189.0067277521413,1000,False,False,False,True,cutoff,6.951361656188965,,,ou_noise,0,2246813,4483628,2241814,7.754493527293206,24.220459255218508,,,
4403,4402,,,-224.60494292461377,1000,False,False,False,True,cutoff,7.529551982879639,,,ou_noise,0,2247813,4485628,2242814,7.737029328942299,24.396869157791137,,,
4404,4403,,,168.02244785451546,122,True,False,True,False,success,0.4827786982059479,,,ou_noise,0,2247935,4485872,2242936,7.250660876758763,24.22457251001577,,,
4405,4404,,,-219.89248123247611,1000,False,False,False,True,cutoff,7.792562007904053,,,ou_noise,0,2248935,4487872,2243936,7.589805327236652,24.39154981613159,,,
4406,4405,,,-203.1870387094421,1000,False,False,False,True,cutoff,7.604703903198242,,,ou_noise,0,2249935,4489872,2244936,7.524225800991059,24.401495002746582,,,
4407,4406,,,-209.75842636546543,1000,False,False,False,True,cutoff,7.715095520019531,,,ou_noise,0,2250935,4491872,2245936,7.499518142938614,24.423807708740235,,,
4408,4407,,,167.2766461630821,122,True,False,True,False,success,0.4513750672340393,,,ou_noise,0,2251057,4492116,2246058,7.141871793348281,24.403404454715915,,,
4409,4408,,,166.61329386780707,127,True,False,True,False,success,0.45939186215400696,,,ou_noise,0,2251184,4492370,2246185,7.064682900436281,24.289861528892217,,,
4410,4409,,,167.36298986663041,119,True,False,True,False,success,0.4528736472129822,,,ou_noise,0,2251303,4492608,2246304,7.113099785412059,24.745807775930196,,,
4411,4410,,,168.65463587348546,123,True,False,True,False,success,0.42536136507987976,,,ou_noise,0,2251426,4492854,2246427,7.448905787816861,24.107453307485194,,,
4412,4411,,,162.6302539752506,135,True,False,True,False,success,0.4713740348815918,,,ou_noise,0,2251561,4493124,2246562,7.3023065010706585,24.100605505484122,,,
4413,4412,,,169.2157805412632,117,True,False,True,False,success,0.4554062783718109,,,ou_noise,0,2251678,4493358,2246679,7.636130140377925,24.363819970024956,,,
4414,4413,,,143.0872010493013,211,True,False,True,False,success,0.4868074953556061,,,ou_noise,0,2251889,4493780,2246890,7.192805143329204,24.370825238702423,,,
4415,4414,,,165.2989442415056,134,True,False,True,False,success,0.44686052203178406,,,ou_noise,0,2252023,4494048,2247024,7.524163512151633,24.354091288438482,,,
4416,4415,,,-197.01540640931375,1000,False,False,False,True,cutoff,7.420141696929932,,,ou_noise,0,2253023,4496048,2248024,7.636885679841042,24.058821409225462,,,
4417,4416,,,171.5169926295909,116,True,False,True,False,success,0.44881966710090637,,,ou_noise,0,2253139,4496280,2248140,8.109577386543668,23.924293222098516,,,
4418,4417,,,168.59586760565873,122,True,False,True,False,success,0.4060537815093994,,,ou_noise,0,2253261,4496524,2248262,7.118157386779785,24.16857467713903,,,
4419,4418,,,-208.16887105363807,1000,False,False,False,True,cutoff,7.6859517097473145,,,ou_noise,0,2254261,4498524,2249262,7.264406701922416,24.059800176620485,,,
4420,4419,,,167.20998466096086,122,True,False,True,False,success,0.4812712073326111,,,ou_noise,0,2254383,4498768,2249384,7.7641982436180115,23.95218692842077,,,
4421,4420,,,167.2146218302068,126,True,False,True,False,success,0.4398166239261627,,,ou_noise,0,2254509,4499020,2249510,8.319396234693981,23.912530005924285,,,
4422,4421,,,-213.17733481513432,1000,False,False,False,True,cutoff,7.531116485595703,,,ou_noise,0,2255509,4501020,2250510,7.58764113509655,23.951147468566894,,,
4423,4422,,,-212.18164016279778,1000,False,False,False,True,cutoff,7.465402126312256,,,ou_noise,0,2256509,4503020,2251510,7.213418321430683,23.96892135810852,,,
4424,4423,,,170.05082507014794,118,True,False,True,False,success,0.4910879135131836,,,ou_noise,0,2256627,4503256,2251628,7.048320989487535,23.97649902408406,,,
4425,4424,,,-215.2227912200061,1000,False,False,False,True,cutoff,7.447049617767334,,,ou_noise,0,2257627,4505256,2252628,7.314811590194702,23.86534360694885,,,
4426,4425,,,167.9055951092878,125,True,False,True,False,success,0.40780824422836304,,,ou_noise,0,2257752,4505506,2252753,7.207622697353363,23.808227432250977,,,
4427,4426,,,166.8430745770016,126,True,False,True,False,success,0.4619085490703583,,,ou_noise,0,2257878,4505758,2252879,6.695083523080463,23.681530331808425,,,
4428,4427,,,-203.25595310752868,1000,False,False,False,True,cutoff,7.216787815093994,,,ou_noise,0,2258878,4507758,2253879,7.353004830121994,23.905758853912353,,,
4429,4428,,,166.64025693732674,126,True,False,True,False,success,0.47207391262054443,,,ou_noise,0,2259004,4508010,2254005,6.981975827898298,23.934126157609242,,,
4430,4429,,,168.6807832481111,125,True,False,True,False,success,0.42664939165115356,,,ou_noise,0,2259129,4508260,2254130,7.36471551990509,23.820682403564454,,,
4431,4430,,,-223.95592120296558,1000,False,False,False,True,cutoff,7.296937942504883,,,ou_noise,0,2260129,4510260,2255130,7.045488304138184,23.704148681640625,,,
4432,4431,,,170.84771075419258,114,True,False,True,False,success,0.40595242381095886,,,ou_noise,0,2260243,4510488,2255244,7.6583576421988635,23.70699915969581,,,
4433,4432,,,170.08309562676362,117,True,False,True,False,success,0.4145764708518982,,,ou_noise,0,2260360,4510722,2255361,8.052734697985853,23.512155272002914,,,
4434,4433,,,169.01626344551528,120,True,False,True,False,success,0.4512278735637665,,,ou_noise,0,2260480,4510962,2255481,7.0952731241782505,23.76415141423543,,,
4435,4434,,,-198.55750527120708,1000,False,False,False,True,cutoff,7.359816551208496,,,ou_noise,0,2261480,4512962,2256481,7.385080427765846,23.584751291275026,,,
4436,4435,,,166.39448115152464,129,True,False,True,False,success,0.45938679575920105,,,ou_noise,0,2261609,4513220,2256610,7.7967941502268,23.340042735255043,,,
4437,4436,,,160.5608683490609,146,True,False,True,False,success,0.4096693992614746,,,ou_noise,0,2261755,4513512,2256756,7.48968649563724,23.524719591010108,,,
4438,4437,,,-206.6720919357413,1000,False,False,False,True,cutoff,8.113965034484863,,,ou_noise,0,2262755,4515512,2257756,7.561340981841087,23.445641374588014,,,
4439,4438,,,170.74022515753092,116,True,False,True,False,success,0.4515559673309326,,,ou_noise,0,2262871,4515744,2257872,6.875216730709734,23.477231584746264,,,
4440,4439,,,-252.51163779547096,1000,False,False,False,True,cutoff,6.592971324920654,,,ou_noise,0,2263871,4517744,2258872,7.628995174109936,23.320859609603882,,,
4441,4440,,,-114.65244380865371,195,False,True,True,False,collision,6.11011266708374,,,ou_noise,0,2264066,4518134,2259067,7.534162776286785,23.174223904731946,,,
4442,4441,,,167.3375669883981,127,True,False,True,False,success,0.4507606625556946,,,ou_noise,0,2264193,4518388,2259194,7.512010230792789,23.030367393193284,,,
4443,4442,,,36.58969951414694,614,True,False,True,False,success,0.46080145239830017,,,ou_noise,0,2264807,4519616,2259808,7.581678056076218,23.307254331507977,,,
4444,4443,,,167.21101389423967,124,True,False,True,False,success,0.4921596646308899,,,ou_noise,0,2264931,4519864,2259932,8.469182986405588,23.016970449878322,,,
4445,4444,,,169.23699612091735,119,True,False,True,False,success,0.4509759545326233,,,ou_noise,0,2265050,4520102,2260051,7.904737870232398,23.186848472146426,,,
4446,4445,,,-145.15785366104427,137,False,True,True,False,collision,11.005914688110352,,,ou_noise,0,2265187,4520376,2260188,7.508127718511289,23.000082280514015,,,
4447,4446,,,167.1249980129513,122,True,False,True,False,success,0.4648731052875519,,,ou_noise,0,2265309,4520620,2260310,7.615466594696045,23.18621211755471,,,
4448,4447,,,-249.1980851349475,1000,False,False,False,True,cutoff,7.195004463195801,,,ou_noise,0,2266309,4522620,2261310,7.68631705892086,23.05059629535675,,,
4449,4448,,,-226.88245007292838,1000,False,False,False,True,cutoff,7.214833736419678,,,ou_noise,0,2267309,4524620,2262310,7.664882955193519,23.109779788970947,,,
4450,4449,,,-205.16497940058886,1000,False,False,False,True,cutoff,7.749687671661377,,,ou_noise,0,2268309,4526620,2263310,7.571051028728485,23.10385671043396,,,
4451,4450,,,-252.13300596145183,1000,False,False,False,True,cutoff,6.9711594581604,,,ou_noise,0,2269309,4528620,2264310,7.7390254377126695,23.081458335876466,,,
4452,4451,,,60.48942046012857,498,True,False,True,False,success,0.46470096707344055,,,ou_noise,0,2269807,4529616,2264808,7.375353355843379,23.092324222426818,,,
4453,4452,,,-189.15966441021996,1000,False,False,False,True,cutoff,7.434450149536133,,,ou_noise,0,2270807,4531616,2265808,7.345474612474441,23.069676160812378,,,
4454,4453,,,170.2372183952777,117,True,False,True,False,success,0.43484342098236084,,,ou_noise,0,2270924,4531850,2265925,6.683932822993678,23.328752126449192,,,
4455,4454,,,168.0056511835924,122,True,False,True,False,success,0.4414970576763153,,,ou_noise,0,2271046,4532094,2266047,8.477934467987936,23.003879672191182,,,
4456,4455,,,168.8960181854759,124,True,False,True,False,success,0.4715055525302887,,,ou_noise,0,2271170,4532342,2266171,7.717685067845929,22.881905309615597,,,
4457,4456,,,165.66366187325303,132,True,False,True,False,success,0.4384017288684845,,,ou_noise,0,2271302,4532606,2266303,8.212024641307918,22.832150264219806,,,
4458,4457,,,167.52524053028768,121,True,False,True,False,success,0.47001194953918457,,,ou_noise,0,2271423,4532848,2266424,8.629191934569809,22.72501847763692,,,
4459,4458,,,-258.9252631510563,1000,False,False,False,True,cutoff,7.574073791503906,,,ou_noise,0,2272423,4534848,2267424,7.7512276648283,22.706985074996947,,,
4460,4459,,,169.2306298172079,123,True,False,True,False,success,0.4852748215198517,,,ou_noise,0,2272546,4535094,2267547,7.309658851080794,22.659131290466807,,,
4461,4460,,,-223.5289696792412,1000,False,False,False,True,cutoff,7.52097749710083,,,ou_noise,0,2273546,4537094,2268547,7.412364606320858,22.805975645065306,,,
4462,4461,,,168.43514758702258,127,True,False,True,False,success,0.42449361085891724,,,ou_noise,0,2273673,4537348,2268674,7.041897850712453,22.605084291593297,,,
4463,4462,,,170.1097143697522,115,True,False,True,False,success,0.42462602257728577,,,ou_noise,0,2273788,4537578,2268789,6.852662362223086,22.65064801755159,,,
4464,4463,,,172.0494240137749,115,True,False,True,False,success,0.41139981150627136,,,ou_noise,0,2273903,4537808,2268904,7.614200608626656,22.443749668287193,,,
4465,4464,,,-197.4138305598185,1000,False,False,False,True,cutoff,7.494379043579102,,,ou_noise,0,2274903,4539808,2269904,7.876220279753208,22.55381738090515,,,
4466,4465,,,161.87218847231924,139,True,False,True,False,success,0.4856794774532318,,,ou_noise,0,2275042,4540086,2270043,8.260932989257702,22.5250756654808,,,
4467,4466,,,-202.14771167576959,1000,False,False,False,True,cutoff,7.059084892272949,,,ou_noise,0,2276042,4542086,2271043,7.13145464515686,22.339176265716553,,,
4468,4467,,,171.59467468646238,110,True,False,True,False,success,0.4335380792617798,,,ou_noise,0,2276152,4542306,2271153,7.14609731869264,22.443865758722477,,,
4469,4468,,,166.21150032144004,135,True,False,True,False,success,0.4441322684288025,,,ou_noise,0,2276287,4542576,2271288,8.123764874317027,22.472378427010995,,,
4470,4469,,,169.1253115227197,121,True,False,True,False,success,0.4612036347389221,,,ou_noise,0,2276408,4542818,2271409,7.379946156966785,22.315135167649956,,,
4471,4470,,,168.80478071354042,120,True,False,True,False,success,0.4794604480266571,,,ou_noise,0,2276528,4543058,2271529,7.410343653957049,22.271954170862834,,,
4472,4471,,,164.42000200853337,138,True,False,True,False,success,0.48420822620391846,,,ou_noise,0,2276666,4543334,2271667,7.273622591426407,22.30786342897277,,,
4473,4472,,,-198.23853161368498,1000,False,False,False,True,cutoff,7.224142074584961,,,ou_noise,0,2277666,4545334,2272667,7.464697750329972,22.277020658493043,,,
4474,4473,,,163.7715436071109,134,True,False,True,False,success,0.4938633441925049,,,ou_noise,0,2277800,4545602,2272801,7.106663533111117,22.087179938359046,,,
4475,4474,,,141.46108479797778,239,True,False,True,False,success,0.4328291416168213,,,ou_noise,0,2278039,4546080,2273040,7.550929382256384,21.913249594397126,,,
4476,4475,,,164.33365279267275,134,True,False,True,False,success,0.4688442051410675,,,ou_noise,0,2278173,4546348,2273174,7.2631919561927,21.936822136836266,,,
4477,4476,,,-197.28144903976977,1000,False,False,False,True,cutoff,7.778604507446289,,,ou_noise,0,2279173,4548348,2274174,7.4317778804302215,21.995496641159058,,,
4478,4477,,,165.26734237971806,129,True,False,True,False,success,0.45750245451927185,,,ou_noise,0,2279302,4548606,2274303,7.061163134353105,21.94174847861593,,,
4479,4478,,,-238.71959279465239,1000,False,False,False,True,cutoff,7.258533477783203,,,ou_noise,0,2280302,4550606,2275303,7.289273586392403,21.75895706176758,,,
4480,4479,,,-196.47417322933356,1000,False,False,False,True,cutoff,7.4706711769104,,,ou_noise,0,2281302,4552606,2276303,6.92768730610609,21.71222500705719,,,
4481,4480,,,166.3475792805815,125,True,False,True,False,success,0.4952496290206909,,,ou_noise,0,2281427,4552856,2276428,6.849220978736877,21.58949671936035,,,
4482,4481,,,-363.92549888194463,968,False,True,True,False,collision,7.654119491577148,,,ou_noise,0,2282395,4554792,2277396,7.495779574594715,21.79124553144471,,,
4483,4482,,,-206.70281787094612,1000,False,False,False,True,cutoff,7.248611927032471,,,ou_noise,0,2283395,4556792,2278396,7.62350644761324,21.933497833251952,,,
4484,4483,,,-222.78742342756604,1000,False,False,False,True,cutoff,7.47456169128418,,,ou_noise,0,2284395,4558792,2279396,7.435520817637443,21.861965034484864,,,
4485,4484,,,-208.10117727235968,1000,False,False,False,True,cutoff,7.040966510772705,,,ou_noise,0,2285395,4560792,2280396,7.809218717217445,21.866788957595826,,,
4486,4485,,,-162.78838781021688,287,False,True,True,False,collision,7.944468975067139,,,ou_noise,0,2285682,4561366,2280683,8.103887252275952,21.90125759470338,,,
4487,4486,,,-272.77043504935403,1000,False,False,False,True,cutoff,5.770929336547852,,,ou_noise,0,2286682,4563366,2281683,8.45277205812931,21.879967799186705,,,
4488,4487,,,167.6597391635765,125,True,False,True,False,success,0.4587532579898834,,,ou_noise,0,2286807,4563616,2281808,7.965929533958435,21.892404846191408,,,
4489,4488,,,165.22078456112365,135,True,False,True,False,success,0.4455052316188812,,,ou_noise,0,2286942,4563886,2281943,8.953155868141739,21.93861472518356,,,
4490,4489,,,141.67386454756252,198,True,False,True,False,success,0.4446287155151367,,,ou_noise,0,2287140,4564282,2282141,9.009225839316242,21.761374415773332,,,
4491,4490,,,-208.32628807806316,438,False,True,True,False,collision,7.25660514831543,,,ou_noise,0,2287578,4565158,2282579,9.049547877485894,21.82536729612307,,,
4492,4491,,,-191.32235308253996,1000,False,False,False,True,cutoff,7.258096218109131,,,ou_noise,0,2288578,4567158,2283579,8.776420041561126,21.887756175994873,,,
4493,4492,,,165.6851160579736,131,True,False,True,False,success,0.4150102734565735,,,ou_noise,0,2288709,4567420,2283710,11.005927898501621,22.03133759243798,,,
4494,4493,,,105.95923018790313,289,True,False,True,False,success,0.42821168899536133,,,ou_noise,0,2288998,4567998,2283999,7.965375381357529,21.966908702388356,,,
4495,4494,,,170.46231137175067,115,True,False,True,False,success,0.4056148827075958,,,ou_noise,0,2289113,4568228,2284114,8.784911845041359,22.016023353908373,,,
4496,4495,,,171.25986776241183,110,True,False,True,False,success,0.49494704604148865,,,ou_noise,0,2289223,4568448,2284224,8.819576015255668,21.48763875094327,,,
4497,4496,,,163.47841891896942,144,True,False,True,False,success,0.44003355503082275,,,ou_noise,0,2289367,4568736,2284368,7.836745398739974,21.742931617630852,,,
4498,4497,,,167.4341088398409,121,True,False,True,False,success,0.4783462584018707,,,ou_noise,0,2289488,4568978,2284489,9.15655987420358,22.01100702522215,,,
4499,4498,,,167.45737925167123,124,True,False,True,False,success,0.4205690324306488,,,ou_noise,0,2289612,4569226,2284613,9.119614675160378,21.67935654424852,,,
4500,4499,,,169.03384170610752,121,True,False,True,False,success,0.4605817198753357,,,ou_noise,0,2289733,4569468,2284734,8.290575948628513,21.77295872396674,,,
4501,4500,,,168.3637683313142,125,True,False,True,False,success,0.45592647790908813,,,ou_noise,0,2289858,4569718,2284859,7.962865601539612,21.6319334564209,,,
4502,4501,,,169.21504814039292,119,True,False,True,False,success,0.42496171593666077,,,ou_noise,0,2289977,4569956,2284978,8.178132385766807,21.698192724660665,,,
4503,4502,,,170.06116782082213,116,True,False,True,False,success,0.4980369508266449,,,ou_noise,0,2290093,4570188,2285094,8.779763846561826,21.705333167108996,,,
4504,4503,,,-239.38896265118746,1000,False,False,False,True,cutoff,7.444363594055176,,,ou_noise,0,2291093,4572188,2286094,8.337082260489463,21.703311527252197,,,
4505,4504,,,169.84855591294533,121,True,False,True,False,success,0.4363984167575836,,,ou_noise,0,2291214,4572430,2286215,7.360784671523354,21.730654724373306,,,
4506,4505,,,-201.21401780564958,1000,False,False,False,True,cutoff,7.2743706703186035,,,ou_noise,0,2292214,4574430,2287215,7.952767706274987,21.63131457710266,,,
4507,4506,,,-208.82431335373985,1000,False,False,False,True,cutoff,7.048810958862305,,,ou_noise,0,2293214,4576430,2288215,8.089939084351062,21.80638759803772,,,
4508,4507,,,-250.38515860270178,1000,False,False,False,True,cutoff,7.097646236419678,,,ou_noise,0,2294214,4578430,2289215,7.999733871698379,21.92626961708069,,,
4509,4508,,,-230.15011854731085,1000,False,False,False,True,cutoff,6.941244125366211,,,ou_noise,0,2295214,4580430,2290215,8.237399393558503,21.845952306747435,,,
4510,4509,,,-260.8290055913749,1000,False,False,False,True,cutoff,7.141589641571045,,,ou_noise,0,2296214,4582430,2291215,8.237662452459336,21.808629738807678,,,
4511,4510,,,166.682198752101,128,True,False,True,False,success,0.47444912791252136,,,ou_noise,0,2296342,4582686,2291343,7.6862881211563945,21.96175055205822,,,
4512,4511,,,-250.73349067742868,1000,False,False,False,True,cutoff,7.704402923583984,,,ou_noise,0,2297342,4584686,2292343,8.126122438549995,22.023949911117555,,,
4513,4512,,,168.0626667567505,123,True,False,True,False,success,0.4957895576953888,,,ou_noise,0,2297465,4584932,2292466,8.224907721930403,22.196618398030598,,,
4514,4513,,,167.27457869994203,125,True,False,True,False,success,0.4585385322570801,,,ou_noise,0,2297590,4585182,2292591,8.134289059638977,22.358414016723632,,,
4515,4514,,,167.1653277428856,128,True,False,True,False,success,0.4848514497280121,,,ou_noise,0,2297718,4585438,2292719,7.973503994755447,22.143618315458298,,,
4516,4515,,,167.42494702198687,122,True,False,True,False,success,0.46426206827163696,,,ou_noise,0,2297840,4585682,2292841,7.953915736714348,22.33565999640793,,,
4517,4516,,,-220.2395976838106,1000,False,False,False,True,cutoff,7.353074073791504,,,ou_noise,0,2298840,4587682,2293841,7.979466026902199,22.088243902206422,,,
4518,4517,,,168.72763229662394,122,True,False,True,False,success,0.4850957691669464,,,ou_noise,0,2298962,4587926,2293963,7.734422007545096,22.158527812019724,,,
4519,4518,,,165.87537759678364,135,True,False,True,False,success,0.4496273994445801,,,ou_noise,0,2299097,4588196,2294098,7.563398846873531,22.20810354727286,,,
4520,4519,,,168.63888689147416,117,True,False,True,False,success,0.4391838312149048,,,ou_noise,0,2299214,4588430,2294215,7.78811859473204,22.361974031497272,,,
4521,4520,,,169.31483598714976,121,True,False,True,False,success,0.447047621011734,,,ou_noise,0,2299335,4588672,2294336,7.7348355143523415,22.30434184429074,,,
4522,4521,,,-241.27998459464467,1000,False,False,False,True,cutoff,7.270747661590576,,,ou_noise,0,2300335,4590672,2295336,8.228058100819588,22.29073000049591,,,
4523,4522,,,171.24792455653176,114,True,False,True,False,success,0.44633033871650696,,,ou_noise,0,2300449,4590900,2295450,7.525382882670352,22.293714774282353,,,
4524,4523,,,-78.58666008524015,102,False,True,True,False,collision,4.903810977935791,,,ou_noise,0,2300551,4591104,2295552,7.990287090049071,22.71327673220167,,,
4525,4524,,,170.6776588026873,114,True,False,True,False,success,0.4138742983341217,,,ou_noise,0,2300665,4591332,2295666,9.36542497915134,22.45376319216009,,,
4526,4525,,,-228.01172073869097,1000,False,False,False,True,cutoff,7.692685604095459,,,ou_noise,0,2301665,4593332,2296666,8.703339371204375,22.430372591018678,,,
4527,4526,,,-249.7915032888987,1000,False,False,False,True,cutoff,6.64177942276001,,,ou_noise,0,2302665,4595332,2297666,8.34346877348423,22.711179966926576,,,
4528,4527,,,-241.9890907074775,1000,False,False,False,True,cutoff,7.545248508453369,,,ou_noise,0,2303665,4597332,2298666,7.877644896626473,22.857294267654417,,,
4529,4528,,,170.37218415386616,116,True,False,True,False,success,0.47227218747138977,,,ou_noise,0,2303781,4597564,2298782,7.744691315396079,23.1730045778998,,,
4530,4529,,,170.99064303142643,112,True,False,True,False,success,0.4293535649776459,,,ou_noise,0,2303893,4597788,2298894,8.232417974088873,22.785702109336853,,,
4531,4530,,,-240.76572523285333,1000,False,False,False,True,cutoff,7.396406173706055,,,ou_noise,0,2304893,4599788,2299894,7.936031843781471,22.87923980998993,,,
4532,4531,,,-242.65090748543398,1000,False,False,False,True,cutoff,7.082537651062012,,,ou_noise,0,2305893,4601788,2300894,7.648664303421974,23.037073693275453,,,
4533,4532,,,-223.3710340534689,1000,False,False,False,True,cutoff,7.679437160491943,,,ou_noise,0,2306893,4603788,2301894,7.900213503718376,23.282191654205324,,,
4534,4533,,,162.90752180293327,135,True,False,True,False,success,0.4860161542892456,,,ou_noise,0,2307028,4604058,2302029,7.571717219882541,23.481325149536133,,,
4535,4534,,,167.72138102226938,123,True,False,True,False,success,0.4835914671421051,,,ou_noise,0,2307151,4604304,2302152,7.365032861872417,23.256569994174367,,,
4536,4535,,,-102.64026503674202,154,False,True,True,False,collision,5.55424165725708,,,ou_noise,0,2307305,4604612,2302306,8.396407375087986,23.363379874786773,,,
4537,4536,,,168.7922051166286,122,True,False,True,False,success,0.44435635209083557,,,ou_noise,0,2307427,4604856,2302428,8.080218266268245,23.183458125005004,,,
4538,4537,,,-250.88294310903763,1000,False,False,False,True,cutoff,7.650605201721191,,,ou_noise,0,2308427,4606856,2303428,8.138036278128624,23.375060117721556,,,
4539,4538,,,160.7947277456599,141,True,False,True,False,success,0.46234315633773804,,,ou_noise,0,2308568,4607138,2303569,8.457097149064355,23.359149959915918,,,
4540,4539,,,165.75180534556327,128,True,False,True,False,success,0.491782009601593,,,ou_noise,0,2308696,4607394,2303697,9.197963462211192,23.390868291258812,,,
4541,4540,,,168.79404961409497,117,True,False,True,False,success,0.4843548834323883,,,ou_noise,0,2308813,4607628,2303814,8.871907483818184,23.69736796974117,,,
4542,4541,,,165.2179591786366,140,True,False,True,False,success,0.4487442374229431,,,ou_noise,0,2308953,4607908,2303954,8.874055604423795,23.105048084259032,,,
4543,4542,,,164.56972460814308,125,True,False,True,False,success,0.46820467710494995,,,ou_noise,0,2309078,4608158,2304079,9.048120763778687,23.454218139648436,,,
4544,4543,,,-246.5933175104374,1000,False,False,False,True,cutoff,6.841291904449463,,,ou_noise,0,2310078,4610158,2305079,8.627854960560798,23.38875496482849,,,
4545,4544,,,167.04408965982708,124,True,False,True,False,success,0.4524911642074585,,,ou_noise,0,2310202,4610406,2305203,8.864263767196286,23.576585246670632,,,
4546,4545,,,169.77791742821137,116,True,False,True,False,success,0.4873603284358978,,,ou_noise,0,2310318,4610638,2305319,9.368152882518439,23.228106597374225,,,
4547,4546,,,-242.30694177953694,1000,False,False,False,True,cutoff,7.434154510498047,,,ou_noise,0,2311318,4612638,2306319,8.49933491384983,23.43865265464783,,,
4548,4547,,,-244.97532309148627,1000,False,False,False,True,cutoff,6.897703170776367,,,ou_noise,0,2312318,4614638,2307319,8.630991028189658,23.586253087997438,,,
4549,4548,,,168.81786818228488,120,True,False,True,False,success,0.42086467146873474,,,ou_noise,0,2312438,4614878,2307439,8.811907111605008,23.466173458099366,,,
4550,4549,,,164.8201687621855,130,True,False,True,False,success,0.4227662980556488,,,ou_noise,0,2312568,4615138,2307569,8.313100118820484,23.909914075411283,,,
4551,4550,,,166.68735686031675,129,True,False,True,False,success,0.41301241517066956,,,ou_noise,0,2312697,4615396,2307698,8.226204727047174,23.5902872307356,,,
4552,4551,,,169.5217440349077,120,True,False,True,False,success,0.43652012944221497,,,ou_noise,0,2312817,4615636,2307818,7.805170146624247,23.651186752319337,,,
4553,4552,,,164.42797551908762,134,True,False,True,False,success,0.4282136857509613,,,ou_noise,0,2312951,4615904,2307952,8.08535229270138,23.179403703604173,,,
4554,4553,,,159.5557800282331,150,True,False,True,False,success,0.45345261693000793,,,ou_noise,0,2313101,4616204,2308102,8.512153821786244,23.27703173319499,,,
4555,4554,,,-201.41628193579055,1000,False,False,False,True,cutoff,7.350069522857666,,,ou_noise,0,2314101,4618204,2309102,8.512838201165199,23.443429836273193,,,
4556,4555,,,164.95829650652857,128,True,False,True,False,success,0.49917736649513245,,,ou_noise,0,2314229,4618460,2309230,8.527243597432971,23.442422911524773,,,
4557,4556,,,-223.35049058533627,1000,False,False,False,True,cutoff,7.406455993652344,,,ou_noise,0,2315229,4620460,2310230,8.487670828223228,23.36090083503723,,,
4558,4557,,,170.65099868268192,116,True,False,True,False,success,0.48370271921157837,,,ou_noise,0,2315345,4620692,2310346,7.829116449787699,23.633565162790234,,,
4559,4558,,,168.12915274949324,125,True,False,True,False,success,0.46891507506370544,,,ou_noise,0,2315470,4620942,2310471,8.77173885345459,23.139988906860353,,,
4560,4559,,,-201.3702354134648,1000,False,False,False,True,cutoff,7.343725204467773,,,ou_noise,0,2316470,4622942,2311471,8.006337997555732,23.27034569168091,,,
4561,4560,,,168.54212996239374,121,True,False,True,False,success,0.40931886434555054,,,ou_noise,0,2316591,4623184,2311592,7.552973294061077,23.45927818550551,,,
4562,4561,,,166.07831531960443,125,True,False,True,False,success,0.48490145802497864,,,ou_noise,0,2316716,4623434,2311717,8.568098306655884,23.156864624023438,,,
4563,4562,,,168.68119492644828,122,True,False,True,False,success,0.4059874713420868,,,ou_noise,0,2316838,4623678,2311839,7.586303580979832,23.199758279519003,,,
4564,4563,,,-216.26445958456796,1000,False,False,False,True,cutoff,7.914072513580322,,,ou_noise,0,2317838,4625678,2312839,8.427484706401826,23.160880747795105,,,
4565,4564,,,-275.3503311289745,1000,False,False,False,True,cutoff,7.015000343322754,,,ou_noise,0,2318838,4627678,2313839,8.25493276154995,23.124461145401,,,
4566,4565,,,-206.56651868438013,1000,False,False,False,True,cutoff,7.535547256469727,,,ou_noise,0,2319838,4629678,2314839,7.696136077284813,23.113095029830934,,,
4567,4566,,,-92.8476565206953,135,False,True,True,False,collision,5.522789478302002,,,ou_noise,0,2319973,4629948,2314974,7.466509518799959,23.25107588591399,,,
4568,4567,,,-214.35263632500232,1000,False,False,False,True,cutoff,7.780460834503174,,,ou_noise,0,2320973,4631948,2315974,8.042901375949382,23.158659875869752,,,
4569,4568,,,169.33237663813802,118,True,False,True,False,success,0.42742976546287537,,,ou_noise,0,2321091,4632184,2316092,7.845493806620776,23.176113532761395,,,
4570,4569,,,169.0875972978817,122,True,False,True,False,success,0.43428483605384827,,,ou_noise,0,2321213,4632428,2316214,9.259539306163788,22.813479673667032,,,
4571,4570,,,170.1752377872424,115,True,False,True,False,success,0.44823700189590454,,,ou_noise,0,2321328,4632658,2316329,8.562392472184223,22.799749988058338,,,
4572,4571,,,-200.6756033983619,464,False,True,True,False,collision,3.139925003051758,,,ou_noise,0,2321792,4633586,2316793,9.459022324146895,22.889782325974828,,,
4573,4572,,,-209.2545700877419,1000,False,False,False,True,cutoff,7.522284507751465,,,ou_noise,0,2322792,4635586,2317793,8.585763130784034,22.82577528953552,,,
4574,4573,,,-279.3888352841231,1000,False,False,False,True,cutoff,6.806332588195801,,,ou_noise,0,2323792,4637586,2318793,8.462420026779174,22.941986310958864,,,
4575,4574,,,105.04992272985763,374,True,False,True,False,success,0.4861285090446472,,,ou_noise,0,2324166,4638334,2319167,8.254402584251872,22.93346527935987,,,
4576,4575,,,166.32374047692113,130,True,False,True,False,success,0.43331286311149597,,,ou_noise,0,2324296,4638594,2319297,8.092443431340731,22.865877474271333,,,
4577,4576,,,-192.24119689691545,1000,False,False,False,True,cutoff,6.745400905609131,,,ou_noise,0,2325296,4640594,2320297,8.310367428541184,22.790873810768126,,,
4578,4577,,,167.6474451930432,123,True,False,True,False,success,0.4731754660606384,,,ou_noise,0,2325419,4640840,2320420,7.6967054256578775,23.01251414539368,,,
4579,4578,,,167.4456768138111,123,True,False,True,False,success,0.46997594833374023,,,ou_noise,0,2325542,4641086,2320543,9.193028074939077,22.84804406204844,,,
4580,4579,,,154.3936509155971,170,True,False,True,False,success,0.4283957779407501,,,ou_noise,0,2325712,4641426,2320713,8.48687882563647,22.99824712416705,,,
4581,4580,,,160.46401048208142,141,True,False,True,False,success,0.4759112596511841,,,ou_noise,0,2325853,4641708,2320854,10.364764284580312,23.164340445335874,,,
4582,4581,,,-206.25215604495972,1000,False,False,False,True,cutoff,7.763843536376953,,,ou_noise,0,2326853,4643708,2321854,8.60906152999401,23.08453388595581,,,
4583,4582,,,168.4700707278386,120,True,False,True,False,success,0.4792775511741638,,,ou_noise,0,2326973,4643948,2321974,8.7468244155248,23.408511908849082,,,
4584,4583,,,-210.7632191241755,1000,False,False,False,True,cutoff,7.646888256072998,,,ou_noise,0,2327973,4645948,2322974,8.729531908988953,23.173363794326782,,,
4585,4584,,,-280.5178032186079,741,False,True,True,False,collision,7.98012638092041,,,ou_noise,0,2328714,4647430,2323715,8.9735795785541,23.206805079893865,,,
4586,4585,,,-209.2729720943422,1000,False,False,False,True,cutoff,7.441784858703613,,,ou_noise,0,2329714,4649430,2324715,8.524180356562137,23.446280920028688,,,
4587,4586,,,-227.3768219597977,1000,False,False,False,True,cutoff,6.695692539215088,,,ou_noise,0,2330714,4651430,2325715,9.27289883172512,23.40911841773987,,,
4588,4587,,,159.29203547581992,144,True,False,True,False,success,0.48843711614608765,,,ou_noise,0,2330858,4651718,2325859,8.470898215141561,23.37573187218772,,,
4589,4588,,,170.1895486904193,116,True,False,True,False,success,0.47185206413269043,,,ou_noise,0,2330974,4651950,2325975,8.503963362554025,23.741795293216047,,,
4590,4589,,,169.34543601206514,119,True,False,True,False,success,0.4253389239311218,,,ou_noise,0,2331093,4652188,2326094,8.496507166814403,23.424922750777558,,,
4591,4590,,,-228.59416475393823,1000,False,False,False,True,cutoff,8.58210277557373,,,ou_noise,0,2332093,4654188,2327094,8.396274880588054,23.66277915763855,,,
4592,4591,,,-193.92360695334645,1000,False,False,False,True,cutoff,7.895726203918457,,,ou_noise,0,2333093,4656188,2328094,8.635416612386704,23.833239555358887,,,
4593,4592,,,-218.21727907578588,1000,False,False,False,True,cutoff,8.703322410583496,,,ou_noise,0,2334093,4658188,2329094,8.492197042584419,23.795938095092772,,,
4594,4593,,,-251.55253068561004,1000,False,False,False,True,cutoff,7.826803207397461,,,ou_noise,0,2335093,4660188,2330094,8.493056809425354,23.818888990402222,,,
4595,4594,,,-251.34312239259256,1000,False,False,False,True,cutoff,8.266239166259766,,,ou_noise,0,2336093,4662188,2331094,8.431329915165902,24.059917747497558,,,
4596,4595,,,168.00566983872392,124,True,False,True,False,success,0.4507291913032532,,,ou_noise,0,2336217,4662436,2331218,9.321861502624326,24.329699439387166,,,
4597,4596,,,165.2689695373448,135,True,False,True,False,success,0.40887436270713806,,,ou_noise,0,2336352,4662706,2331353,7.765783644605566,24.171297087492768,,,
4598,4597,,,-218.61549328581324,1000,False,False,False,True,cutoff,4.516604900360107,,,ou_noise,0,2337352,4664706,2332353,8.85363053202629,24.073481941223143,,,
4599,4598,,,170.3800473406679,113,True,False,True,False,success,0.4625866115093231,,,ou_noise,0,2337465,4664932,2332466,8.951697063657035,24.34955397749369,,,
4600,4599,,,-199.2450852674646,1000,False,False,False,True,cutoff,7.977366924285889,,,ou_noise,0,2338465,4666932,2333466,8.315011490941048,23.91628423309326,,,
4601,4600,,,-210.65174207647138,1000,False,False,False,True,cutoff,7.3733134269714355,,,ou_noise,0,2339465,4668932,2334466,8.58233932030201,23.94012184906006,,,
4602,4601,,,-209.02037415559548,1000,False,False,False,True,cutoff,7.342268466949463,,,ou_noise,0,2340465,4670932,2335466,8.76783798134327,23.928613765716552,,,
4603,4602,,,165.8104032890862,131,True,False,True,False,success,0.40944206714630127,,,ou_noise,0,2340596,4671194,2335597,7.638348017940085,23.864701744254308,,,
4604,4603,,,-279.5600802140372,1000,False,False,False,True,cutoff,7.061282157897949,,,ou_noise,0,2341596,4673194,2336597,8.107350652933121,23.882155059814455,,,
4605,4604,,,165.6483390310024,129,True,False,True,False,success,0.4266814589500427,,,ou_noise,0,2341725,4673452,2336726,8.639843445415645,24.169668641201284,,,
4606,4605,,,166.94693806728412,131,True,False,True,False,success,0.41176098585128784,,,ou_noise,0,2341856,4673714,2336857,8.891368449189281,23.966595089162578,,,
4607,4606,,,170.01132133942775,117,True,False,True,False,success,0.452246755361557,,,ou_noise,0,2341973,4673948,2336974,7.606951279517932,23.904300298446262,,,
4608,4607,,,-230.09209102167142,1000,False,False,False,True,cutoff,7.742630958557129,,,ou_noise,0,2342973,4675948,2337974,8.11838734292984,23.738645099639893,,,
4609,4608,,,166.96649506871893,125,True,False,True,False,success,0.47914770245552063,,,ou_noise,0,2343098,4676198,2338099,8.288257411003112,24.179908096313476,,,
4610,4609,,,-142.20865585760117,181,False,True,True,False,collision,8.573712348937988,,,ou_noise,0,2343279,4676560,2338280,8.131124327854558,23.926328996268424,,,
4611,4610,,,-203.68506664627853,1000,False,False,False,True,cutoff,7.400667190551758,,,ou_noise,0,2344279,4678560,2339280,8.292775144815446,23.897054260253906,,,
4612,4611,,,153.03362850887027,174,True,False,True,False,success,0.49092572927474976,,,ou_noise,0,2344453,4678908,2339454,8.921215294421405,23.92077215786638,,,
4613,4612,,,168.13088839120238,122,True,False,True,False,success,0.41138139367103577,,,ou_noise,0,2344575,4679152,2339576,9.294822485720525,24.19348258659488,,,
4614,4613,,,169.5791339854597,117,True,False,True,False,success,0.40918105840682983,,,ou_noise,0,2344692,4679386,2339693,8.3962664960796,24.077671393370018,,,
4615,4614,,,165.90504876491028,127,True,False,True,False,success,0.4386228322982788,,,ou_noise,0,2344819,4679640,2339820,8.76122640530894,23.67139864343358,,,
4616,4615,,,162.28047091066267,136,True,False,True,False,success,0.47601237893104553,,,ou_noise,0,2344955,4679912,2339956,8.479216289870878,24.132033881019144,,,
4617,4616,,,167.54236285285532,131,True,False,True,False,success,0.4302647113800049,,,ou_noise,0,2345086,4680174,2340087,9.05786528478142,23.561695331835566,,,
4618,4617,,,163.18864720201304,140,True,False,True,False,success,0.41342514753341675,,,ou_noise,0,2345226,4680454,2340227,8.231036024434227,23.80203640801566,,,
4619,4618,,,171.0012540755933,117,True,False,True,False,success,0.4665549695491791,,,ou_noise,0,2345343,4680688,2340344,8.187493384393871,23.768444534040924,,,
4620,4619,,,166.184302834645,133,True,False,True,False,success,0.44886159896850586,,,ou_noise,0,2345476,4680954,2340477,9.201205757327546,23.531744318797177,,,
4621,4620,,,-254.52455280523617,1000,False,False,False,True,cutoff,8.27387523651123,,,ou_noise,0,2346476,4682954,2341477,8.589796666622162,23.65137779045105,,,
4622,4621,,,-254.29925111578942,1000,False,False,False,True,cutoff,8.74443244934082,,,ou_noise,0,2347476,4684954,2342477,8.450518493890762,23.75122927284241,,,
4623,4622,,,-258.82001267762274,1000,False,False,False,True,cutoff,8.74667739868164,,,ou_noise,0,2348476,4686954,2343477,8.791691850543023,23.601018423080443,,,
4624,4623,,,-232.2057619549979,1000,False,False,False,True,cutoff,8.618561744689941,,,ou_noise,0,2349476,4688954,2344477,8.667914598166943,23.848026435852052,,,
4625,4624,,,-212.8182170388978,1000,False,False,False,True,cutoff,7.61644983291626,,,ou_noise,0,2350476,4690954,2345477,8.832148734927177,23.732309091567995,,,
4626,4625,,,-197.85051293242338,1000,False,False,False,True,cutoff,7.854658126831055,,,ou_noise,0,2351476,4692954,2346477,8.995849017858506,23.634513013839722,,,
4627,4626,,,-229.46036548651537,1000,False,False,False,True,cutoff,8.1997709274292,,,ou_noise,0,2352476,4694954,2347477,8.891167751312256,23.455490398406983,,,
4628,4627,,,-278.28094482789595,1000,False,False,False,True,cutoff,8.265581130981445,,,ou_noise,0,2353476,4696954,2348477,9.621710117697715,23.55734009170532,,,
4629,4628,,,-221.52952357493183,1000,False,False,False,True,cutoff,8.185216903686523,,,ou_noise,0,2354476,4698954,2349477,10.033532014846802,23.536349120140077,,,
4630,4629,,,-194.64400001654104,1000,False,False,False,True,cutoff,7.012722015380859,,,ou_noise,0,2355476,4700954,2350477,9.882680827438831,23.467467733383177,,,
4631,4630,,,167.29086614103392,122,True,False,True,False,success,0.45145270228385925,,,ou_noise,0,2355598,4701198,2350599,10.092965075227081,23.77218340263992,,,
4632,4631,,,-215.0919456710518,1000,False,False,False,True,cutoff,8.483556747436523,,,ou_noise,0,2356598,4703198,2351599,9.498415074706077,23.476607837677,,,
4633,4632,,,163.99191638850402,137,True,False,True,False,success,0.4241812825202942,,,ou_noise,0,2356735,4703472,2351736,9.341155807467272,23.2435930627976,,,
4634,4633,,,166.8995796404967,127,True,False,True,False,success,0.4810013771057129,,,ou_noise,0,2356862,4703726,2351863,9.618401367833295,23.51553631579782,,,
4635,4634,,,168.01836695327154,118,True,False,True,False,success,0.4688035547733307,,,ou_noise,0,2356980,4703962,2351981,9.121645554647607,23.039339776766504,,,
4636,4635,,,-75.89437215997971,192,False,True,True,False,collision,2.56380033493042,,,ou_noise,0,2357172,4704346,2352173,10.71124542442461,23.199972291787464,,,
4637,4636,,,-278.6149943864253,1000,False,False,False,True,cutoff,8.271302223205566,,,ou_noise,0,2358172,4706346,2353173,10.053016858577728,23.28970150756836,,,
4638,4637,,,-273.2983020700292,1000,False,False,False,True,cutoff,8.324715614318848,,,ou_noise,0,2359172,4708346,2354173,9.771879940032958,23.141680588722227,,,
4639,4638,,,167.53773699791236,123,True,False,True,False,success,0.41853228211402893,,,ou_noise,0,2359295,4708592,2354296,8.895501963491363,23.059038193245243,,,
4640,4639,,,168.4309258658372,120,True,False,True,False,success,0.4866708815097809,,,ou_noise,0,2359415,4708832,2354416,9.373525310556094,23.05354396502177,,,
4641,4640,,,169.44054403087705,116,True,False,True,False,success,0.4900756776332855,,,ou_noise,0,2359531,4709064,2354532,9.419147655881684,23.021017485651477,,,
4642,4641,,,-248.2324596450758,1000,False,False,False,True,cutoff,7.967198848724365,,,ou_noise,0,2360531,4711064,2355532,10.058869197249413,22.976263107299804,,,
4643,4642,,,169.10610692558197,117,True,False,True,False,success,0.4971162676811218,,,ou_noise,0,2360648,4711298,2355649,9.38741050622402,23.040989199255268,,,
4644,4643,,,-127.66655381399163,194,False,True,True,False,collision,7.539699077606201,,,ou_noise,0,2360842,4711686,2355843,9.590328112705466,22.719456525193046,,,
4645,4644,,,-80.66240150446717,110,False,True,True,False,collision,5.1186370849609375,,,ou_noise,0,2360952,4711906,2355953,11.458944278413599,22.635360995205964,,,
4646,4645,,,-207.16090299501752,1000,False,False,False,True,cutoff,7.134778022766113,,,ou_noise,0,2361952,4713906,2356953,10.983253024697303,22.958506958007813,,,
4647,4646,,,-259.33568856280766,1000,False,False,False,True,cutoff,7.810705661773682,,,ou_noise,0,2362952,4715906,2357953,10.903567798256875,22.786494380950927,,,
4648,4647,,,-143.8080196135212,348,False,True,True,False,collision,3.238441228866577,,,ou_noise,0,2363300,4716602,2358301,11.792519911609848,22.7873685496977,,,
4649,4648,,,166.49624701146178,126,True,False,True,False,success,0.45585009455680847,,,ou_noise,0,2363426,4716854,2358427,10.680625342187428,23.069685799734934,,,
4650,4649,,,-239.47744625614246,1000,False,False,False,True,cutoff,7.084873676300049,,,ou_noise,0,2364426,4718854,2359427,11.052975316882133,22.85498653316498,,,
4651,4650,,,-63.61959438542645,125,False,True,True,False,collision,2.7171735763549805,,,ou_noise,0,2364551,4719104,2359552,10.082063394546509,23.05253938293457,,,
4652,4651,,,167.2997555576281,121,True,False,True,False,success,0.487537145614624,,,ou_noise,0,2364672,4719346,2359673,12.05338946748371,22.733579194250186,,,
4653,4652,,,-163.24059924198636,296,False,True,True,False,collision,7.670655727386475,,,ou_noise,0,2364968,4719938,2359969,11.835517693210292,22.828085757590628,,,
4654,4653,,,169.02647228203452,119,True,False,True,False,success,0.4320369064807892,,,ou_noise,0,2365087,4720176,2360088,12.451085833942189,22.825161284759265,,,
4655,4654,,,166.14126645601016,128,True,False,True,False,success,0.4988619387149811,,,ou_noise,0,2365215,4720432,2360216,13.212547780945897,22.84337955713272,,,
4656,4655,,,-234.54750149837867,1000,False,False,False,True,cutoff,7.3074870109558105,,,ou_noise,0,2366215,4722432,2361216,11.83692682826519,22.928184156417846,,,
4657,4656,,,166.61681283986678,128,True,False,True,False,success,0.48486047983169556,,,ou_noise,0,2366343,4722688,2361344,13.32045257370919,22.913404494524002,,,
4658,4657,,,-95.54189479189357,82,False,True,True,False,collision,7.292015075683594,,,ou_noise,0,2366425,4722852,2361426,11.752614585364737,23.234613883786086,,,
4659,4658,,,156.33514621184207,155,True,False,True,False,success,0.4469466507434845,,,ou_noise,0,2366580,4723162,2361581,11.82298051080396,22.8534356271067,,,
4660,4659,,,-86.6231829032024,62,False,True,True,False,collision,7.178122520446777,,,ou_noise,0,2366642,4723286,2361643,11.655851168017234,23.08040055921001,,,
4661,4660,,,170.13588340330944,115,True,False,True,False,success,0.4538533091545105,,,ou_noise,0,2366757,4723516,2361758,11.52004924027816,22.867643124124278,,,
4662,4661,,,166.70394525307768,121,True,False,True,False,success,0.4295080304145813,,,ou_noise,0,2366878,4723758,2361879,10.839321958132027,22.904764238467887,,,
4663,4662,,,170.79694980882178,114,True,False,True,False,success,0.4773387312889099,,,ou_noise,0,2366992,4723986,2361993,13.32762168373978,23.01161421391002,,,
4664,4663,,,164.64817940209127,132,True,False,True,False,success,0.48397326469421387,,,ou_noise,0,2367124,4724250,2362125,11.401271056948286,22.938016653060913,,,
4665,4664,,,164.65239062824242,128,True,False,True,False,success,0.4707682430744171,,,ou_noise,0,2367252,4724506,2362253,11.654741153120995,22.89043280482292,,,
4666,4665,,,-216.42326735488268,1000,False,False,False,True,cutoff,7.922445297241211,,,ou_noise,0,2368252,4726506,2363253,11.995784060359002,23.006442731857298,,,
4667,4666,,,167.38626359521183,128,True,False,True,False,success,0.4582381248474121,,,ou_noise,0,2368380,4726762,2363381,12.583303205668926,23.05197124183178,,,
4668,4667,,,-248.42153950218352,1000,False,False,False,True,cutoff,8.791898727416992,,,ou_noise,0,2369380,4728762,2364381,11.643019775748252,23.274388801574705,,,
4669,4668,,,-227.97945704603478,1000,False,False,False,True,cutoff,7.350293159484863,,,ou_noise,0,2370380,4730762,2365381,11.457556050539017,23.27013471508026,,,
4670,4669,,,-93.88227158385938,60,False,True,True,False,collision,7.71956205368042,,,ou_noise,0,2370440,4730882,2365441,13.223218433062236,22.715970993041992,,,
4671,4670,,,163.7741910973468,133,True,False,True,False,success,0.43628010153770447,,,ou_noise,0,2370573,4731148,2365574,11.9982924999151,22.983313252155046,,,
4672,4671,,,-261.86437916658264,1000,False,False,False,True,cutoff,7.437379360198975,,,ou_noise,0,2371573,4733148,2366574,11.644161589980126,23.352966758728027,,,
4673,4672,,,-215.1843278397875,1000,False,False,False,True,cutoff,7.477695465087891,,,ou_noise,0,2372573,4735148,2367574,11.004404850006104,23.42533180999756,,,
4674,4673,,,-251.1055432564033,1000,False,False,False,True,cutoff,8.763717651367188,,,ou_noise,0,2373573,4737148,2368574,10.641412754535676,23.772135719299317,,,
4675,4674,,,164.03801573973925,137,True,False,True,False,success,0.4526599049568176,,,ou_noise,0,2373710,4737422,2368711,9.722578234916186,23.60127585473722,,,
4676,4675,,,-263.4538796695513,1000,False,False,False,True,cutoff,8.838315963745117,,,ou_noise,0,2374710,4739422,2369711,10.178906813502312,23.766992824554443,,,
4677,4676,,,163.66710172132778,132,True,False,True,False,success,0.4828745722770691,,,ou_noise,0,2374842,4739686,2369843,12.204160376931682,23.79257819146821,,,
4678,4677,,,165.75518966383834,128,True,False,True,False,success,0.479182630777359,,,ou_noise,0,2374970,4739942,2369971,10.232040992937982,23.8902108669281,,,
4679,4678,,,168.03978025610832,120,True,False,True,False,success,0.499239444732666,,,ou_noise,0,2375090,4740182,2370091,9.432643930117289,23.674843263626098,,,
4680,4679,,,-234.7861737188936,1000,False,False,False,True,cutoff,6.995851039886475,,,ou_noise,0,2376090,4742182,2371091,9.275255932927132,23.906753562927246,,,
4681,4680,,,169.7008443690867,119,True,False,True,False,success,0.44432780146598816,,,ou_noise,0,2376209,4742420,2371210,9.082834974056533,24.19876278147978,,,
4682,4681,,,-247.7881266828559,1000,False,False,False,True,cutoff,6.761743068695068,,,ou_noise,0,2377209,4744420,2372210,8.991217685461045,24.089599685668944,,,
4683,4682,,,167.91409306989743,122,True,False,True,False,success,0.4080302119255066,,,ou_noise,0,2377331,4744664,2372332,8.93377735477979,24.513621470967276,,,
4684,4683,,,-293.2170569495671,1000,False,False,False,True,cutoff,8.88730525970459,,,ou_noise,0,2378331,4746664,2373332,8.551924969553948,24.01529609489441,,,
4685,4684,,,-227.41558769479556,1000,False,False,False,True,cutoff,7.759336948394775,,,ou_noise,0,2379331,4748664,2374332,8.596711724042892,24.116225524902344,,,
4686,4685,,,-212.40005920149352,1000,False,False,False,True,cutoff,6.89832878112793,,,ou_noise,0,2380331,4750664,2375332,8.357163516163826,24.224854928970338,,,
4687,4686,,,-231.2310744988142,1000,False,False,False,True,cutoff,6.614555358886719,,,ou_noise,0,2381331,4752664,2376332,8.383879504680634,24.302510751724242,,,
4688,4687,,,-204.60755265190153,1000,False,False,False,True,cutoff,7.589547157287598,,,ou_noise,0,2382331,4754664,2377332,8.209048936605454,24.240543094635008,,,
4689,4688,,,-217.5003603540771,1000,False,False,False,True,cutoff,7.453923225402832,,,ou_noise,0,2383331,4756664,2378332,7.799865438401699,24.028633897781372,,,
4690,4689,,,168.59928942776492,125,True,False,True,False,success,0.46980470418930054,,,ou_noise,0,2383456,4756914,2378457,9.26142173576355,23.88051545715332,,,
4691,4690,,,167.63420172334358,126,True,False,True,False,success,0.42692452669143677,,,ou_noise,0,2383582,4757166,2378583,7.723223093956236,24.268244077288916,,,
4692,4691,,,167.1128366751828,123,True,False,True,False,success,0.4573890268802643,,,ou_noise,0,2383705,4757412,2378706,7.804354812071575,23.74207371037181,,,
4693,4692,,,168.6244478484847,116,True,False,True,False,success,0.41685405373573303,,,ou_noise,0,2383821,4757644,2378822,6.754104868091386,24.086096155232397,,,
4694,4693,,,-198.18769623937354,1000,False,False,False,True,cutoff,7.475344657897949,,,ou_noise,0,2384821,4759644,2379822,7.626154130220413,23.914575757980348,,,
4695,4694,,,-225.11496156682588,1000,False,False,False,True,cutoff,6.962748050689697,,,ou_noise,0,2385821,4761644,2380822,7.8811647589206695,23.73030083656311,,,
4696,4695,,,-197.91267832946724,1000,False,False,False,True,cutoff,7.294611930847168,,,ou_noise,0,2386821,4763644,2381822,8.043510904312134,23.506509454727173,,,
4697,4696,,,-229.72819760591867,1000,False,False,False,True,cutoff,6.868508338928223,,,ou_noise,0,2387821,4765644,2382822,7.35258170747757,23.495205521583557,,,
4698,4697,,,168.2845738337921,123,True,False,True,False,success,0.45819318294525146,,,ou_noise,0,2387944,4765890,2382945,8.058798023355685,23.434154557018744,,,
4699,4698,,,167.64523492197097,122,True,False,True,False,success,0.4811280071735382,,,ou_noise,0,2388066,4766134,2383067,6.8621243844266795,23.39686851814145,,,
4700,4699,,,-202.52356707713707,1000,False,False,False,True,cutoff,6.990643501281738,,,ou_noise,0,2389066,4768134,2384067,7.184688678145409,23.306863252639772,,,
4701,4700,,,169.7797075540769,116,True,False,True,False,success,0.44501349329948425,,,ou_noise,0,2389182,4768366,2384183,7.796016210112079,22.85135458255636,,,
4702,4701,,,-201.17505758243726,1000,False,False,False,True,cutoff,7.401707649230957,,,ou_noise,0,2390182,4770366,2385183,6.9190622534751896,22.98562115097046,,,
4703,4702,,,164.753196014698,137,True,False,True,False,success,0.4297986328601837,,,ou_noise,0,2390319,4770640,2385320,7.467815411351893,22.882934584234754,,,
4704,4703,,,164.61723254526743,129,True,False,True,False,success,0.45856133103370667,,,ou_noise,0,2390448,4770898,2385449,6.133101087207942,22.66822940619417,,,
4705,4704,,,-198.5357985909136,1000,False,False,False,True,cutoff,7.534341335296631,,,ou_noise,0,2391448,4772898,2386449,7.206980262935161,22.773448551177978,,,
4706,4705,,,-209.65944787989602,1000,False,False,False,True,cutoff,7.065212726593018,,,ou_noise,0,2392448,4774898,2387449,7.009753027260303,22.644348129272462,,,
4707,4706,,,154.2653557681873,150,True,False,True,False,success,0.44515112042427063,,,ou_noise,0,2392598,4775198,2387599,6.3482195727030435,22.3441827138265,,,
4708,4707,,,-199.79599597327743,1000,False,False,False,True,cutoff,7.463042736053467,,,ou_noise,0,2393598,4777198,2388599,6.899482077658177,22.480374229431153,,,
4709,4708,,,170.7231933265097,116,True,False,True,False,success,0.459725946187973,,,ou_noise,0,2393714,4777430,2388715,7.855851570080066,21.836726303758294,,,
4710,4709,,,-243.58056659585372,1000,False,False,False,True,cutoff,8.436594009399414,,,ou_noise,0,2394714,4779430,2389715,7.451527889847755,22.339154848098755,,,
4711,4710,,,163.65301670221015,135,True,False,True,False,success,0.48940160870552063,,,ou_noise,0,2394849,4779700,2389850,7.460150516474688,22.217848671807182,,,
4712,4711,,,-231.6229996721848,1000,False,False,False,True,cutoff,8.470641136169434,,,ou_noise,0,2395849,4781700,2390850,7.542545359611511,22.10531670475006,,,
4713,4712,,,-75.06450503516946,106,False,True,True,False,collision,4.740095615386963,,,ou_noise,0,2395955,4781912,2390956,6.118481251428712,21.96013688141445,,,
4714,4713,,,-198.0691654629463,1000,False,False,False,True,cutoff,7.504962921142578,,,ou_noise,0,2396955,4783912,2391956,7.2318275622725485,21.860088269233703,,,
4715,4714,,,-219.12777921874493,1000,False,False,False,True,cutoff,7.7426981925964355,,,ou_noise,0,2397955,4785912,2392956,7.789537552773952,21.88524874019623,,,
4716,4715,,,-215.4171211150728,1000,False,False,False,True,cutoff,7.70826530456543,,,ou_noise,0,2398955,4787912,2393956,7.953464041233063,21.683445583343506,,,
4717,4716,,,163.14605546199334,136,True,False,True,False,success,0.4837181270122528,,,ou_noise,0,2399091,4788184,2394092,7.407176424475277,21.588180275524365,,,
4718,4717,,,-216.70837007679006,1000,False,False,False,True,cutoff,7.520919322967529,,,ou_noise,0,2400091,4790184,2395092,8.196479791879653,21.57687446117401,,,
4719,4718,,,-224.46827171698945,1000,False,False,False,True,cutoff,7.131792068481445,,,ou_noise,0,2401091,4792184,2396092,8.171398247361184,21.488818623542787,,,
4720,4719,,,168.3397033443813,125,True,False,True,False,success,0.416408896446228,,,ou_noise,0,2401216,4792434,2396217,7.623752202987671,21.3754434967041,,,
4721,4720,,,-224.17646589574957,1000,False,False,False,True,cutoff,7.156668663024902,,,ou_noise,0,2402216,4794434,2397217,8.247604496717454,21.302454545974733,,,
4722,4721,,,160.0679839760126,149,True,False,True,False,success,0.4800609350204468,,,ou_noise,0,2402365,4794732,2397366,9.503839513599473,21.20142416986043,,,
4723,4722,,,163.5773923283121,132,True,False,True,False,success,0.4953317642211914,,,ou_noise,0,2402497,4794996,2397498,9.576980736219522,21.440540530464865,,,
4724,4723,,,167.32959198055408,129,True,False,True,False,success,0.4484884440898895,,,ou_noise,0,2402626,4795254,2397627,8.518118463745413,21.117542910021406,,,
4725,4724,,,161.47962437060187,144,True,False,True,False,success,0.45868468284606934,,,ou_noise,0,2402770,4795542,2397771,8.63841295076741,21.431495043966507,,,
4726,4725,,,166.7171665901338,132,True,False,True,False,success,0.4139604866504669,,,ou_noise,0,2402902,4795806,2397903,7.8473785627972,21.07422840234005,,,
4727,4726,,,-233.6316601639386,1000,False,False,False,True,cutoff,7.360305309295654,,,ou_noise,0,2403902,4797806,2398903,8.524640120267868,21.19828277206421,,,
4728,4727,,,170.729073566099,112,True,False,True,False,success,0.4580961763858795,,,ou_noise,0,2404014,4798030,2399015,7.883754771734987,21.073182446616038,,,
4729,4728,,,165.2570932237458,134,True,False,True,False,success,0.4200582802295685,,,ou_noise,0,2404148,4798298,2399149,9.756211968500223,20.999183163714054,,,
4730,4729,,,-254.7820100617601,707,False,True,True,False,collision,7.5071516036987305,,,ou_noise,0,2404855,4799712,2399856,8.40627376446461,21.094586369677682,,,
4731,4730,,,-201.16503885612605,1000,False,False,False,True,cutoff,7.611388206481934,,,ou_noise,0,2405855,4801712,2400856,8.494702322959899,21.036860491752623,,,
4732,4731,,,130.21398961673094,260,True,False,True,False,success,0.4413941204547882,,,ou_noise,0,2406115,4802232,2401116,8.480104285478593,20.96126048381512,,,
4733,4732,,,-74.5308398671839,132,False,True,True,False,collision,3.432624340057373,,,ou_noise,0,2406247,4802496,2401248,8.604699635144437,20.47783514947602,,,
4734,4733,,,167.39363163721896,123,True,False,True,False,success,0.43693315982818604,,,ou_noise,0,2406370,4802742,2401371,9.291073970678376,21.11353218264696,,,
4735,4734,,,-209.1457255148318,1000,False,False,False,True,cutoff,7.915031909942627,,,ou_noise,0,2407370,4804742,2402371,9.049030181407929,20.833485449790956,,,
4736,4735,,,-217.57475142436584,1000,False,False,False,True,cutoff,6.983611583709717,,,ou_noise,0,2408370,4806742,2403371,9.775102466106414,20.935889788627623,,,
4737,4736,,,170.70207391137433,112,True,False,True,False,success,0.4415416419506073,,,ou_noise,0,2408482,4806966,2403483,9.793565064668655,21.158373423985072,,,
4738,4737,,,166.16230167859405,126,True,False,True,False,success,0.49861642718315125,,,ou_noise,0,2408608,4807218,2403609,9.895410878317696,20.7942111151559,,,
4739,4738,,,-220.60654379525894,1000,False,False,False,True,cutoff,6.951051712036133,,,ou_noise,0,2409608,4809218,2404609,9.92098615050316,21.01084644794464,,,
4740,4739,,,-192.5896462523658,1000,False,False,False,True,cutoff,7.14424991607666,,,ou_noise,0,2410608,4811218,2405609,9.81426626431942,20.87161876296997,,,
4741,4740,,,139.49879562546363,213,True,False,True,False,success,0.4839157164096832,,,ou_noise,0,2410821,4811644,2405822,10.760714755931371,20.735680830870436,,,
4742,4741,,,-203.81693927517173,1000,False,False,False,True,cutoff,7.740549564361572,,,ou_noise,0,2411821,4813644,2406822,10.378311257719993,20.842981469154356,,,
4743,4742,,,166.27925461558493,129,True,False,True,False,success,0.4743426740169525,,,ou_noise,0,2411950,4813902,2406951,10.9027259654777,21.323739680208902,,,
4744,4743,,,-212.29144419658184,1000,False,False,False,True,cutoff,7.8226776123046875,,,ou_noise,0,2412950,4815902,2407951,11.223415441870689,20.860655628204345,,,
4745,4744,,,165.96358587911402,122,True,False,True,False,success,0.4286258816719055,,,ou_noise,0,2413072,4816146,2408073,12.15186228322201,21.106801681831236,,,
4746,4745,,,-250.31398235089642,765,False,True,True,False,collision,5.221022129058838,,,ou_noise,0,2413837,4817676,2408838,10.859908202894372,20.909598488901175,,,
4747,4746,,,166.24871271461095,127,True,False,True,False,success,0.4357694685459137,,,ou_noise,0,2413964,4817930,2408965,11.193768082641242,20.685190043111486,,,
4748,4747,,,145.3098566806187,206,True,False,True,False,success,0.41402170062065125,,,ou_noise,0,2414170,4818342,2409171,11.544610949974615,20.870599390233604,,,
4749,4748,,,159.5913740892835,146,True,False,True,False,success,0.40534862875938416,,,ou_noise,0,2414316,4818634,2409317,12.622326055618181,20.60176793189898,,,
4750,4749,,,168.0113602551191,123,True,False,True,False,success,0.4357151687145233,,,ou_noise,0,2414439,4818880,2409440,10.918080501440095,20.94239785419247,,,
4751,4750,,,-198.09103752976674,1000,False,False,False,True,cutoff,7.273969650268555,,,ou_noise,0,2415439,4820880,2410440,12.221379453659058,20.55243525695801,,,
4752,4751,,,-244.46921698423924,1000,False,False,False,True,cutoff,8.01575756072998,,,ou_noise,0,2416439,4822880,2411440,12.419240339756012,20.598197171211243,,,
4753,4752,,,-66.97368518540534,89,False,True,True,False,collision,4.424160957336426,,,ou_noise,0,2416528,4823058,2411529,12.2488738780611,21.167683954988973,,,
4754,4753,,,-236.23239746434865,1000,False,False,False,True,cutoff,8.226970672607422,,,ou_noise,0,2417528,4825058,2412529,12.800625953674317,20.62183228778839,,,
4755,4754,,,169.90699542153737,116,True,False,True,False,success,0.4174995720386505,,,ou_noise,0,2417644,4825290,2412645,13.259581623406246,20.674952030181885,,,
4756,4755,,,-209.9140893701339,1000,False,False,False,True,cutoff,7.406287670135498,,,ou_noise,0,2418644,4827290,2413645,12.751883311152458,20.56765933036804,,,
4757,4756,,,-228.26475575091197,1000,False,False,False,True,cutoff,7.813892364501953,,,ou_noise,0,2419644,4829290,2414645,12.8329575881958,20.53533313560486,,,
4758,4757,,,-217.16434033671538,1000,False,False,False,True,cutoff,7.551523685455322,,,ou_noise,0,2420644,4831290,2415645,13.115008780241013,20.60377443790436,,,
4759,4758,,,163.9810795949212,132,True,False,True,False,success,0.4978574216365814,,,ou_noise,0,2420776,4831554,2415777,12.419681173382383,20.3654340541724,,,
4760,4759,,,-217.54686248950998,1000,False,False,False,True,cutoff,7.715965747833252,,,ou_noise,0,2421776,4833554,2416777,13.491395590543746,20.23926346206665,,,
4761,4760,,,163.03789728657287,136,True,False,True,False,success,0.4928443133831024,,,ou_noise,0,2421912,4833826,2416913,14.136162380085272,20.136366577709424,,,
4762,4761,,,-219.4319653172873,1000,False,False,False,True,cutoff,7.214550971984863,,,ou_noise,0,2422912,4835826,2417913,13.550316484093667,19.970143683433534,,,
4763,4762,,,165.80088940671652,124,True,False,True,False,success,0.4826136827468872,,,ou_noise,0,2423036,4836074,2418037,12.582321362149331,20.283505655104115,,,
4764,4763,,,-215.12327883817105,1000,False,False,False,True,cutoff,7.257620811462402,,,ou_noise,0,2424036,4838074,2419037,13.917053379535675,19.822336738586426,,,
4765,4764,,,-240.11556007690734,1000,False,False,False,True,cutoff,7.722617149353027,,,ou_noise,0,2425036,4840074,2420037,14.87514843571186,19.587992033958436,,,
4766,4765,,,163.80625926862854,133,True,False,True,False,success,0.4373566806316376,,,ou_noise,0,2425169,4840340,2420170,14.791723348144302,19.17280646732875,,,
4767,4766,,,161.21426822508926,139,True,False,True,False,success,0.44042637944221497,,,ou_noise,0,2425308,4840618,2420309,15.183163873583293,19.436210899901905,,,
4768,4767,,,8.8922995466217,535,True,False,True,False,success,0.45182156562805176,,,ou_noise,0,2425843,4841688,2420844,19.325794190112674,19.277772254587333,,,
4769,4768,,,-217.62609052651803,1000,False,False,False,True,cutoff,7.653554916381836,,,ou_noise,0,2426843,4843688,2421844,17.77456053698063,19.35264260864258,,,
4770,4769,,,157.30838734226268,151,True,False,True,False,success,0.46601447463035583,,,ou_noise,0,2426994,4843990,2421995,15.853703547787193,19.769235130966894,,,
4771,4770,,,-233.18814562122438,1000,False,False,False,True,cutoff,7.055480003356934,,,ou_noise,0,2427994,4845990,2422995,17.480262537240982,19.57234479045868,,,
4772,4771,,,151.07385371367917,163,True,False,True,False,success,0.4127838909626007,,,ou_noise,0,2428157,4846316,2423158,20.45789044181262,19.599637798005087,,,
4773,4772,,,166.45873642046786,123,True,False,True,False,success,0.4551067650318146,,,ou_noise,0,2428280,4846562,2423281,21.25401109602393,19.350477652821116,,,
4774,4773,,,-208.7327527792048,1000,False,False,False,True,cutoff,7.278528690338135,,,ou_noise,0,2429280,4848562,2424281,18.35293332195282,19.554998491287233,,,
4775,4774,,,-66.9162253509388,80,False,True,True,False,collision,5.052885055541992,,,ou_noise,0,2429360,4848722,2424361,17.27326467335224,19.792342710494996,,,
4776,4775,,,159.82461705626218,140,True,False,True,False,success,0.43315625190734863,,,ou_noise,0,2429500,4849002,2424501,17.923651305266787,19.181060327802385,,,
4777,4776,,,124.51878824929014,237,True,False,True,False,success,0.4845031201839447,,,ou_noise,0,2429737,4849476,2424738,21.307769192924983,19.76236218641579,,,
4778,4777,,,-194.3309146085179,1000,False,False,False,True,cutoff,7.0924811363220215,,,ou_noise,0,2430737,4851476,2425738,20.266107848525046,19.77536420059204,,,
4779,4778,,,-69.92470833181987,94,False,True,True,False,collision,4.620978355407715,,,ou_noise,0,2430831,4851664,2425832,18.16641128063202,19.822817264719212,,,
4780,4779,,,165.7244197833827,125,True,False,True,False,success,0.48889610171318054,,,ou_noise,0,2430956,4851914,2425957,21.756210500717163,19.64010929107666,,,
4781,4780,,,164.4471697720797,130,True,False,True,False,success,0.4895740747451782,,,ou_noise,0,2431086,4852174,2426087,19.870796007376452,20.067122525435227,,,
4782,4781,,,164.92006476417882,132,True,False,True,False,success,0.4416980743408203,,,ou_noise,0,2431218,4852438,2426219,20.670292092092108,19.500886447501905,,,
4783,4782,,,140.96581141818913,180,True,False,True,False,success,0.49796876311302185,,,ou_noise,0,2431398,4852798,2426399,21.073581916093826,19.58445512983534,,,
4784,4783,,,-63.32960574620167,78,False,True,True,False,collision,4.4435906410217285,,,ou_noise,0,2431476,4852954,2426477,20.665929479476734,19.0485498721783,,,
4785,4784,,,-226.83932379876123,1000,False,False,False,True,cutoff,7.344587802886963,,,ou_noise,0,2432476,4854954,2427477,21.58648026752472,19.216230067253115,,,
4786,4785,,,-249.93946147299266,1000,False,False,False,True,cutoff,7.5033278465271,,,ou_noise,0,2433476,4856954,2428477,21.62815370249748,19.308211044311523,,,
4787,4786,,,-246.32299594353177,1000,False,False,False,True,cutoff,7.502442359924316,,,ou_noise,0,2434476,4858954,2429477,19.34888251686096,19.199427110671998,,,
4788,4787,,,-227.52493943930713,1000,False,False,False,True,cutoff,7.51867151260376,,,ou_noise,0,2435476,4860954,2430477,19.282596670389175,19.341740056037903,,,
4789,4788,,,-65.31862825071849,84,False,True,True,False,collision,4.123660564422607,,,ou_noise,0,2435560,4861122,2430561,19.13191882769267,18.75425090108599,,,
4790,4789,,,-52.02849478940177,98,False,True,True,False,collision,3.3545382022857666,,,ou_noise,0,2435658,4861318,2430659,19.11978203179885,18.991853285808954,,,
4791,4790,,,159.34141053692807,141,True,False,True,False,success,0.43929266929626465,,,ou_noise,0,2435799,4861600,2430800,18.318722474659587,19.195632244678254,,,
4792,4791,,,-128.65631237763563,226,False,True,True,False,collision,3.8595051765441895,,,ou_noise,0,2436025,4862052,2431026,22.935100828651834,19.3376314998728,,,
4793,4792,,,-245.64678074627471,1000,False,False,False,True,cutoff,7.56121826171875,,,ou_noise,0,2437025,4864052,2432026,20.861979959964753,19.093431718826295,,,
4794,4793,,,-196.03002673966404,1000,False,False,False,True,cutoff,7.745794296264648,,,ou_noise,0,2438025,4866052,2433026,19.014872957229613,19.380860481262207,,,
4795,4794,,,-235.62946515535964,1000,False,False,False,True,cutoff,3.5916059017181396,,,ou_noise,0,2439025,4868052,2434026,18.83951456952095,18.66842386007309,,,
4796,4795,,,-169.98761737558146,321,False,True,True,False,collision,4.573971271514893,,,ou_noise,0,2439346,4868694,2434347,22.162208666311248,17.85678817030054,,,
4797,4796,,,-194.97064230812552,1000,False,False,False,True,cutoff,7.411085605621338,,,ou_noise,0,2440346,4870694,2435347,18.120598984718324,18.587573566436767,,,
4798,4797,,,166.63527969483994,131,True,False,True,False,success,0.4609792232513428,,,ou_noise,0,2440477,4870956,2435478,15.903555842756315,18.7628030194581,,,
4799,4798,,,157.03114130439516,146,True,False,True,False,success,0.4968695640563965,,,ou_noise,0,2440623,4871248,2435624,15.935730032724877,19.15436347543377,,,
4800,4799,,,167.09420808630938,125,True,False,True,False,success,0.48518991470336914,,,ou_noise,0,2440748,4871498,2435749,16.834253044128417,18.494313552856447,,,
4801,4800,,,-185.1307509701101,1000,False,False,False,True,cutoff,7.311935901641846,,,ou_noise,0,2441748,4873498,2436749,15.5502704744339,18.908355938911438,,,
4802,4801,,,-221.58117051586493,1000,False,False,False,True,cutoff,4.049366474151611,,,ou_noise,0,2442748,4875498,2437749,15.428003675818443,19.235603311538696,,,
4803,4802,,,-188.58612702851102,1000,False,False,False,True,cutoff,7.598553657531738,,,ou_noise,0,2443748,4877498,2438749,15.24303686451912,19.576559861183167,,,
4804,4803,,,166.79530858765767,126,True,False,True,False,success,0.42687007784843445,,,ou_noise,0,2443874,4877750,2438875,14.63585191586661,19.58115391504197,,,
4805,4804,,,161.77752041426973,141,True,False,True,False,success,0.45917198061943054,,,ou_noise,0,2444015,4878032,2439016,14.168037332541553,20.060577899851697,,,
4806,4805,,,163.01674686671743,139,True,False,True,False,success,0.41150757670402527,,,ou_noise,0,2444154,4878310,2439155,14.038995797685581,20.281275426741125,,,
4807,4806,,,170.1558397239936,115,True,False,True,False,success,0.4739097058773041,,,ou_noise,0,2444269,4878540,2439270,13.023770543803339,20.481600446286407,,,
4808,4807,,,-214.19526191917933,1000,False,False,False,True,cutoff,7.352977752685547,,,ou_noise,0,2445269,4880540,2440270,12.705878353476525,20.21790569782257,,,
4809,4808,,,168.11884461688862,124,True,False,True,False,success,0.4214521646499634,,,ou_noise,0,2445393,4880788,2440394,13.065060601119072,20.0799154696926,,,
4810,4809,,,169.46297891291925,114,True,False,True,False,success,0.46526262164115906,,,ou_noise,0,2445507,4881016,2440508,14.641783085831424,20.302158665238764,,,
4811,4810,,,163.6090100237984,139,True,False,True,False,success,0.4339944124221802,,,ou_noise,0,2445646,4881294,2440647,11.420603146655955,20.143550090652575,,,
4812,4811,,,168.43490648104944,117,True,False,True,False,success,0.49253401160240173,,,ou_noise,0,2445763,4881528,2440764,12.703819721173017,20.28880574968126,,,
4813,4812,,,168.48651516577266,121,True,False,True,False,success,0.4555729329586029,,,ou_noise,0,2445884,4881770,2440885,11.476090646972342,19.976454774210275,,,
4814,4813,,,-69.01413738983646,75,False,True,True,False,collision,5.001269340515137,,,ou_noise,0,2445959,4881920,2440960,13.636305306752522,20.379048945109048,,,
4815,4814,,,-252.26941305027094,1000,False,False,False,True,cutoff,4.175472259521484,,,ou_noise,0,2446959,4883920,2441960,12.504791918754577,19.981725838661195,,,
4816,4815,,,169.2232827127906,124,True,False,True,False,success,0.4395073354244232,,,ou_noise,0,2447083,4884168,2442084,13.167929979101304,19.905307585193263,,,
4817,4816,,,-58.344980855740395,84,False,True,True,False,collision,3.774549722671509,,,ou_noise,0,2447167,4884336,2442168,12.794360211917333,20.040180944261095,,,
4818,4817,,,168.17918768199175,123,True,False,True,False,success,0.42555734515190125,,,ou_noise,0,2447290,4884582,2442291,12.365336178764094,20.101106193976673,,,
4819,4818,,,169.49481123866468,115,True,False,True,False,success,0.44608545303344727,,,ou_noise,0,2447405,4884812,2442406,12.870209165241407,19.947741964588996,,,
4820,4819,,,167.9719008169575,123,True,False,True,False,success,0.4474485516548157,,,ou_noise,0,2447528,4885058,2442529,12.678319699395963,20.46873857916855,,,
4821,4820,,,-205.89062337924344,1000,False,False,False,True,cutoff,7.289675712585449,,,ou_noise,0,2448528,4887058,2443529,12.183427750468255,20.158744376182558,,,
4822,4821,,,167.95801788409642,125,True,False,True,False,success,0.4145791828632355,,,ou_noise,0,2448653,4887308,2443654,11.958429962158203,20.648927978515626,,,
4823,4822,,,-64.62001503235966,94,False,True,True,False,collision,4.250957489013672,,,ou_noise,0,2448747,4887496,2443748,10.451062803572796,20.62298604275318,,,
4824,4823,,,169.95413806491416,117,True,False,True,False,success,0.4306706488132477,,,ou_noise,0,2448864,4887730,2443865,10.971488539989178,20.47423083965595,,,
4825,4824,,,-227.39935412898967,1000,False,False,False,True,cutoff,7.345764636993408,,,ou_noise,0,2449864,4889730,2444865,11.962955446243287,20.330173079490663,,,
4826,4825,,,-191.50547233527996,1000,False,False,False,True,cutoff,7.316065788269043,,,ou_noise,0,2450864,4891730,2445865,11.783674650549889,20.414663270950317,,,
4827,4826,,,165.21574455087068,135,True,False,True,False,success,0.43454352021217346,,,ou_noise,0,2450999,4892000,2446000,11.61286855450383,20.352078063399702,,,
4828,4827,,,-185.89459467984804,1000,False,False,False,True,cutoff,7.3016743659973145,,,ou_noise,0,2451999,4894000,2447000,10.938806758761405,20.543948105812074,,,
4829,4828,,,167.64963476384133,122,True,False,True,False,success,0.478449285030365,,,ou_noise,0,2452121,4894244,2447122,10.1578898097648,20.573917889204182,,,
4830,4829,,,167.31485140004412,125,True,False,True,False,success,0.407071053981781,,,ou_noise,0,2452246,4894494,2447247,10.654654545783997,20.65934829711914,,,
4831,4830,,,-201.59814780799343,1000,False,False,False,True,cutoff,7.653989315032959,,,ou_noise,0,2453246,4896494,2448247,10.82651740014553,20.69959985256195,,,
4832,4831,,,-306.1984932540238,1000,False,False,False,True,cutoff,5.018745422363281,,,ou_noise,0,2454246,4898494,2449247,10.478475132346153,20.809099711418153,,,
4833,4832,,,166.28607513629788,130,True,False,True,False,success,0.4973827302455902,,,ou_noise,0,2454376,4898754,2449377,10.482292702564827,20.74456721819364,,,
4834,4833,,,-193.8879006437896,1000,False,False,False,True,cutoff,7.395835876464844,,,ou_noise,0,2455376,4900754,2450377,10.29786974811554,20.873072853088377,,,
4835,4834,,,-82.48118038277597,125,False,True,True,False,collision,4.500298500061035,,,ou_noise,0,2455501,4901004,2450502,10.019768345832825,21.040733810424804,,,
4836,4835,,,-201.6541694629928,1000,False,False,False,True,cutoff,7.6798272132873535,,,ou_noise,0,2456501,4903004,2451502,10.758537877202034,21.139240163803102,,,
4837,4836,,,-200.69598362765544,1000,False,False,False,True,cutoff,7.683000564575195,,,ou_noise,0,2457501,4905004,2452502,10.332458470821381,21.274025975227357,,,
4838,4837,,,-195.60238450968023,1000,False,False,False,True,cutoff,7.247725009918213,,,ou_noise,0,2458501,4907004,2453502,10.727117065668105,21.50438465976715,,,
4839,4838,,,164.0729336019382,136,True,False,True,False,success,0.47508662939071655,,,ou_noise,0,2458637,4907276,2453638,11.805909318959012,21.52989174337948,,,
4840,4839,,,169.89884215338105,116,True,False,True,False,success,0.45761969685554504,,,ou_noise,0,2458753,4907508,2453754,13.853096779050498,21.95526488073941,,,
4841,4840,,,-184.39444821369187,1000,False,False,False,True,cutoff,7.377274990081787,,,ou_noise,0,2459753,4909508,2454754,10.951681678771973,21.732213943481444,,,
4842,4841,,,157.14310796891846,156,True,False,True,False,success,0.4726346433162689,,,ou_noise,0,2459909,4909820,2454910,10.895658940076828,22.2157958593124,,,
4843,4842,,,165.75702936118591,132,True,False,True,False,success,0.4741668403148651,,,ou_noise,0,2460041,4910084,2455042,11.102570249275727,21.537977782162752,,,
4844,4843,,,162.4291293649336,134,True,False,True,False,success,0.4474125802516937,,,ou_noise,0,2460175,4910352,2455176,10.856698210559674,21.369623141502267,,,
4845,4844,,,167.3225253348498,120,True,False,True,False,success,0.4876691401004791,,,ou_noise,0,2460295,4910592,2455296,10.726203234990438,21.66174038251241,,,
4846,4845,,,-201.54036855100833,1000,False,False,False,True,cutoff,7.7899394035339355,,,ou_noise,0,2461295,4912592,2456296,11.576498668193818,21.674757435798647,,,
4847,4846,,,-274.6699996185162,1000,False,False,False,True,cutoff,3.225468635559082,,,ou_noise,0,2462295,4914592,2457296,11.52480727303028,21.816048601150513,,,
4848,4847,,,-202.68609521693764,1000,False,False,False,True,cutoff,7.56859016418457,,,ou_noise,0,2463295,4916592,2458296,12.003005357980728,22.107537902832032,,,
4849,4848,,,-226.55577479846912,1000,False,False,False,True,cutoff,5.305049419403076,,,ou_noise,0,2464295,4918592,2459296,11.57709513258934,22.142581090927123,,,
4850,4849,,,-201.2099886042171,1000,False,False,False,True,cutoff,7.801391124725342,,,ou_noise,0,2465295,4920592,2460296,11.474461098313332,22.262067684173584,,,
4851,4850,,,-206.02366974950607,1000,False,False,False,True,cutoff,7.573136806488037,,,ou_noise,0,2466295,4922592,2461296,12.007297753691674,22.246437794685363,,,
4852,4851,,,-205.7542430628131,1000,False,False,False,True,cutoff,7.5396575927734375,,,ou_noise,0,2467295,4924592,2462296,11.28313602733612,22.48959743785858,,,
4853,4852,,,171.12065063486943,114,True,False,True,False,success,0.436566025018692,,,ou_noise,0,2467409,4924820,2462410,11.281148530934987,22.033757895754096,,,
4854,4853,,,-240.60874204684828,1000,False,False,False,True,cutoff,4.384627342224121,,,ou_noise,0,2468409,4926820,2463410,12.280699803829194,22.384938287734986,,,
4855,4854,,,-307.21492453417045,975,False,True,True,False,collision,6.076937675476074,,,ou_noise,0,2469384,4928770,2464385,12.290418404432444,22.459011907332982,,,
4856,4855,,,168.18550327862,124,True,False,True,False,success,0.4256645441055298,,,ou_noise,0,2469508,4929018,2464509,13.654943597893562,22.68434521459764,,,
4857,4856,,,165.01751351065576,132,True,False,True,False,success,0.42271703481674194,,,ou_noise,0,2469640,4929282,2464641,11.988770694443673,22.340995571830057,,,
4858,4857,,,165.8493959213427,123,True,False,True,False,success,0.4866200089454651,,,ou_noise,0,2469763,4929528,2464764,12.133886689093055,22.42081747597795,,,
4859,4858,,,163.16036754128805,138,True,False,True,False,success,0.4444635510444641,,,ou_noise,0,2469901,4929804,2464902,12.934516924878825,22.35636013141577,,,
4860,4859,,,-236.88837843296886,1000,False,False,False,True,cutoff,7.0739288330078125,,,ou_noise,0,2470901,4931804,2465902,12.56063206911087,22.693970720291137,,,
4861,4860,,,165.81241448771408,128,True,False,True,False,success,0.4823404848575592,,,ou_noise,0,2471029,4932060,2466030,12.73653562180698,22.67301382124424,,,
4862,4861,,,166.97045455389883,121,True,False,True,False,success,0.48072609305381775,,,ou_noise,0,2471150,4932302,2466151,11.771911462476432,22.710204605228643,,,
4863,4862,,,164.08097343670065,136,True,False,True,False,success,0.49583545327186584,,,ou_noise,0,2471286,4932574,2466287,12.227091163396835,22.627947695115033,,,
4864,4863,,,-209.81555057391301,1000,False,False,False,True,cutoff,6.782573699951172,,,ou_noise,0,2472286,4934574,2467287,12.175380302906037,22.797457653045655,,,
4865,4864,,,-180.31051465926174,1000,False,False,False,True,cutoff,4.49605131149292,,,ou_noise,0,2473286,4936574,2468287,12.130469519734383,23.017427465438843,,,
4866,4865,,,-215.49153892139685,1000,False,False,False,True,cutoff,7.476385593414307,,,ou_noise,0,2474286,4938574,2469287,11.660046672701835,23.24401440048218,,,
4867,4866,,,167.51360151162464,119,True,False,True,False,success,0.47333502769470215,,,ou_noise,0,2474405,4938812,2469406,11.46457013362596,23.442930894739487,,,
4868,4867,,,-235.4476262803584,1000,False,False,False,True,cutoff,6.689491271972656,,,ou_noise,0,2475405,4940812,2470406,11.518281585931778,23.216322900772095,,,
4869,4868,,,169.17035113931684,122,True,False,True,False,success,0.4318966567516327,,,ou_noise,0,2475527,4941056,2470528,12.487863637384821,23.239001836933074,,,
4870,4869,,,-219.0707188167443,1000,False,False,False,True,cutoff,7.067591190338135,,,ou_noise,0,2476527,4943056,2471528,11.545297123551368,23.284096565246582,,,
4871,4870,,,167.13095680270843,126,True,False,True,False,success,0.42347750067710876,,,ou_noise,0,2476653,4943308,2471654,12.591936943076906,23.433412733532133,,,
4872,4871,,,166.01634655014215,132,True,False,True,False,success,0.4478330612182617,,,ou_noise,0,2476785,4943572,2471786,11.838930872353641,23.186941768183853,,,
4873,4872,,,-207.946742890235,1000,False,False,False,True,cutoff,7.103850364685059,,,ou_noise,0,2477785,4945572,2472786,11.732823215246201,23.328002640724183,,,
4874,4873,,,-295.03479539999523,794,False,True,True,False,collision,2.8147635459899902,,,ou_noise,0,2478579,4947160,2473580,11.23185874578034,23.396221160888672,,,
4875,4874,,,161.0805163919089,137,True,False,True,False,success,0.4174533188343048,,,ou_noise,0,2478716,4947434,2473717,15.042229986538851,23.218320623801574,,,
4876,4875,,,164.46420886564698,139,True,False,True,False,success,0.4699469804763794,,,ou_noise,0,2478855,4947712,2473856,13.631821172700512,23.330612978489278,,,
4877,4876,,,160.19809809751294,144,True,False,True,False,success,0.4593653678894043,,,ou_noise,0,2478999,4948000,2474000,11.728266260690159,23.29934431446923,,,
4878,4877,,,164.82028051225547,127,True,False,True,False,success,0.46194103360176086,,,ou_noise,0,2479126,4948254,2474127,13.221032952699135,23.415417573583408,,,
4879,4878,,,-60.80801447276725,114,False,True,True,False,collision,3.562776803970337,,,ou_noise,0,2479240,4948482,2474241,11.304861678366075,23.355000512641773,,,
4880,4879,,,-193.2027405791084,1000,False,False,False,True,cutoff,6.704944610595703,,,ou_noise,0,2480240,4950482,2475241,12.717270535826684,23.56611450958252,,,
4881,4880,,,170.96024269058944,111,True,False,True,False,success,0.428124338388443,,,ou_noise,0,2480351,4950704,2475352,10.782234237000749,23.832949939074815,,,
4882,4881,,,167.40069047392896,126,True,False,True,False,success,0.43444615602493286,,,ou_noise,0,2480477,4950956,2475478,12.225260007949103,23.615786870320637,,,
4883,4882,,,165.93069159762103,127,True,False,True,False,success,0.49214521050453186,,,ou_noise,0,2480604,4951210,2475605,12.414361448738518,23.099969548503246,,,
4884,4883,,,168.68646707399046,118,True,False,True,False,success,0.49129021167755127,,,ou_noise,0,2480722,4951446,2475723,12.706539799601344,23.383848529751017,,,
4885,4884,,,161.4390997542466,144,True,False,True,False,success,0.46827638149261475,,,ou_noise,0,2480866,4951734,2475867,13.42550009737412,23.912003715833027,,,
4886,4885,,,-200.34460376446899,1000,False,False,False,True,cutoff,7.2636308670043945,,,ou_noise,0,2481866,4953734,2476867,12.57954730618,23.74783521270752,,,
4887,4886,,,-206.8663861081974,1000,False,False,False,True,cutoff,6.68642520904541,,,ou_noise,0,2482866,4955734,2477867,12.060663521766662,23.930834602355958,,,
4888,4887,,,163.47778281356332,137,True,False,True,False,success,0.4723525941371918,,,ou_noise,0,2483003,4956008,2478004,12.44914120914292,23.959480397022553,,,
4889,4888,,,-218.17448875168623,1000,False,False,False,True,cutoff,7.2483415603637695,,,ou_noise,0,2484003,4958008,2479004,12.201951249241828,24.133851922988892,,,
4890,4889,,,167.19362815816453,126,True,False,True,False,success,0.4474315047264099,,,ou_noise,0,2484129,4958260,2479130,12.361130648189121,24.214382746862988,,,
4891,4890,,,164.30273115593775,130,True,False,True,False,success,0.46730494499206543,,,ou_noise,0,2484259,4958520,2479260,11.865309666670285,24.843181111262396,,,
4892,4891,,,-232.31084851133167,1000,False,False,False,True,cutoff,6.934574604034424,,,ou_noise,0,2485259,4960520,2480260,12.927202645421028,24.62316656112671,,,
4893,4892,,,-223.42783249918372,1000,False,False,False,True,cutoff,6.813868522644043,,,ou_noise,0,2486259,4962520,2481260,13.065491400122642,25.055957792282104,,,
4894,4893,,,167.9007207063192,121,True,False,True,False,success,0.47186440229415894,,,ou_noise,0,2486380,4962762,2481381,12.2724510864778,25.168834512883965,,,
4895,4894,,,165.79465533938136,128,True,False,True,False,success,0.47903314232826233,,,ou_noise,0,2486508,4963018,2481509,11.886946324259043,25.0436642318964,,,
4896,4895,,,168.23884443531233,120,True,False,True,False,success,0.43375131487846375,,,ou_noise,0,2486628,4963258,2481629,10.35496682325999,25.349797789255778,,,
4897,4896,,,161.67876099371028,137,True,False,True,False,success,0.4562119245529175,,,ou_noise,0,2486765,4963532,2481766,12.135235978739106,25.196797155115725,,,
4898,4897,,,-135.54423728718365,120,False,True,True,False,collision,9.447010040283203,,,ou_noise,0,2486885,4963772,2481886,10.658970023194948,25.09177343050639,,,
4899,4898,,,-209.82740910055637,1000,False,False,False,True,cutoff,8.05539608001709,,,ou_noise,0,2487885,4965772,2482886,10.905935087800026,25.332460386276246,,,
4900,4899,,,-215.53830867433012,1000,False,False,False,True,cutoff,8.062542915344238,,,ou_noise,0,2488885,4967772,2483886,11.08436865735054,25.565957214355468,,,
4901,4900,,,-208.49602991373416,1000,False,False,False,True,cutoff,7.303932189941406,,,ou_noise,0,2489885,4969772,2484886,11.000145216345787,25.31951583099365,,,
4902,4901,,,168.63692508409332,120,True,False,True,False,success,0.4801458716392517,,,ou_noise,0,2490005,4970012,2485006,10.276344339052836,25.316446383794148,,,
4903,4902,,,170.06711554884123,114,True,False,True,False,success,0.45281854271888733,,,ou_noise,0,2490119,4970240,2485120,10.425188422203064,25.132442608214262,,,
4904,4903,,,-225.67334697295422,1000,False,False,False,True,cutoff,6.810667991638184,,,ou_noise,0,2491119,4972240,2486120,10.736510997772216,25.522497482299805,,,
4905,4904,,,166.9351235518108,125,True,False,True,False,success,0.4967774450778961,,,ou_noise,0,2491244,4972490,2486245,11.471143641471862,25.61118525695801,,,
4906,4905,,,-261.64812785669403,1000,False,False,False,True,cutoff,7.522388458251953,,,ou_noise,0,2492244,4974490,2487245,10.3162799898386,25.38182415962219,,,
4907,4906,,,170.16177022655012,113,True,False,True,False,success,0.4986763298511505,,,ou_noise,0,2492357,4974716,2487358,10.68143042526414,25.607820443347492,,,
4908,4907,,,169.34331180387562,117,True,False,True,False,success,0.43577080965042114,,,ou_noise,0,2492474,4974950,2487475,10.960924180144938,25.365562634590344,,,
4909,4908,,,168.10465073614023,122,True,False,True,False,success,0.48569047451019287,,,ou_noise,0,2492596,4975194,2487597,10.481295967688325,25.313529843189677,,,
4910,4909,,,-259.1973540957527,691,False,True,True,False,collision,3.1190669536590576,,,ou_noise,0,2493287,4976576,2488288,11.170400742684018,25.274938401196007,,,
4911,4910,,,-161.5888880044388,303,False,True,True,False,collision,7.94718599319458,,,ou_noise,0,2493590,4977182,2488591,11.316246542206692,25.252570168019915,,,
4912,4911,,,-252.44598782030846,1000,False,False,False,True,cutoff,6.6950459480285645,,,ou_noise,0,2494590,4979182,2489591,11.666112859606743,25.427985359191894,,,
4913,4912,,,170.06554949150737,115,True,False,True,False,success,0.468014121055603,,,ou_noise,0,2494705,4979412,2489706,10.177469666107841,24.913112839408544,,,
4914,4913,,,170.36540320035465,115,True,False,True,False,success,0.4121454656124115,,,ou_noise,0,2494820,4979642,2489821,11.621640088247217,25.330799135954482,,,
4915,4914,,,165.93012894779167,124,True,False,True,False,success,0.46796226501464844,,,ou_noise,0,2494944,4979890,2489945,10.080990445229315,25.554067842421993,,,
4916,4915,,,172.03669758386482,109,True,False,True,False,success,0.44588595628738403,,,ou_noise,0,2495053,4980108,2490054,12.12463413028542,25.537348563517998,,,
4917,4916,,,-215.64432802258818,1000,False,False,False,True,cutoff,7.518464088439941,,,ou_noise,0,2496053,4982108,2491054,11.000048864364624,25.176507513046264,,,
4918,4917,,,169.62458448633066,117,True,False,True,False,success,0.4119555354118347,,,ou_noise,0,2496170,4982342,2491171,9.888793567306974,25.265918226323578,,,
4919,4918,,,168.0362388149385,117,True,False,True,False,success,0.4977014660835266,,,ou_noise,0,2496287,4982576,2491288,11.051697729999184,25.188689941015,,,
4920,4919,,,-211.99322144693966,1000,False,False,False,True,cutoff,7.492762565612793,,,ou_noise,0,2497287,4984576,2492288,11.147525096178056,25.070949815750122,,,
4921,4920,,,159.75647322050474,138,True,False,True,False,success,0.4229681193828583,,,ou_noise,0,2497425,4984852,2492426,11.932448891625889,25.003859160602957,,,
4922,4921,,,-198.95388199273046,1000,False,False,False,True,cutoff,7.984682559967041,,,ou_noise,0,2498425,4986852,2493426,12.857397491812707,24.89311968231201,,,
4923,4922,,,161.2437222501603,136,True,False,True,False,success,0.4784528911113739,,,ou_noise,0,2498561,4987124,2493562,12.01175908919643,24.838151665294873,,,
4924,4923,,,-233.4588470735481,1000,False,False,False,True,cutoff,8.149157524108887,,,ou_noise,0,2499561,4989124,2494562,12.13555845940113,24.718154920578,,,
4925,4924,,,166.30884693256036,123,True,False,True,False,success,0.4753332734107971,,,ou_noise,0,2499684,4989370,2494685,12.642331362739812,24.422951070273793,,,
4926,4925,,,165.57130866136254,128,True,False,True,False,success,0.4273994565010071,,,ou_noise,0,2499812,4989626,2494813,13.398498612456024,24.517028391361237,,,
4927,4926,,,-231.9912372487186,1000,False,False,False,True,cutoff,7.401573181152344,,,ou_noise,0,2500812,4991626,2495813,12.336321015834809,24.47774802017212,,,
4928,4927,,,-255.77029470437768,1000,False,False,False,True,cutoff,5.237032413482666,,,ou_noise,0,2501812,4993626,2496813,13.5746606361866,24.289918500900267,,,
4929,4928,,,-212.37450379182107,1000,False,False,False,True,cutoff,8.016195297241211,,,ou_noise,0,2502812,4995626,2497813,13.506730443954467,24.229473337173463,,,
4930,4929,,,164.79113763082583,132,True,False,True,False,success,0.45380616188049316,,,ou_noise,0,2502944,4995890,2497945,12.920671493718118,24.333493608416934,,,
4931,4930,,,167.17154969007103,126,True,False,True,False,success,0.4193301200866699,,,ou_noise,0,2503070,4996142,2498071,13.30328135925626,24.154159243144687,,,
4932,4931,,,-68.29535242417145,59,False,True,True,False,collision,5.835827827453613,,,ou_noise,0,2503129,4996260,2498130,14.053476798332344,24.321829876657258,,,
4933,4932,,,-215.24420712501697,1000,False,False,False,True,cutoff,7.535497665405273,,,ou_noise,0,2504129,4998260,2499130,13.142510875582696,24.060216796875,,,
4934,4933,,,163.53299038731166,133,True,False,True,False,success,0.451455295085907,,,ou_noise,0,2504262,4998526,2499263,12.610828102083135,24.11444345631994,,,
4935,4934,,,163.18411220459373,139,True,False,True,False,success,0.41745761036872864,,,ou_noise,0,2504401,4998804,2499402,13.440741988394757,24.035941487593618,,,
4936,4935,,,170.1685396025091,112,True,False,True,False,success,0.465951144695282,,,ou_noise,0,2504513,4999028,2499514,13.01042037989412,24.034943308149064,,,
4937,4936,,,-218.40745547734033,1000,False,False,False,True,cutoff,7.12399435043335,,,ou_noise,0,2505513,5001028,2500514,13.133464100837708,24.04681374168396,,,
4938,4937,,,169.09310669620209,124,True,False,True,False,success,0.47473445534706116,,,ou_noise,0,2505637,5001276,2500638,12.554492398615807,23.866448325495565,,,
4939,4938,,,-203.98159359127513,1000,False,False,False,True,cutoff,7.118540287017822,,,ou_noise,0,2506637,5003276,2501638,12.437293130993844,23.714379760742187,,,
4940,4939,,,165.9247355335422,129,True,False,True,False,success,0.44420257210731506,,,ou_noise,0,2506766,5003534,2501767,11.802559885867806,23.892211603563887,,,
4941,4940,,,165.72100112338575,127,True,False,True,False,success,0.497945636510849,,,ou_noise,0,2506893,5003788,2501894,11.65360654808405,23.10311095170149,,,
4942,4941,,,165.65017246547922,129,True,False,True,False,success,0.49861884117126465,,,ou_noise,0,2507022,5004046,2502023,12.299719560978025,23.71639474972274,,,
4943,4942,,,170.24391843123695,115,True,False,True,False,success,0.42029252648353577,,,ou_noise,0,2507137,5004276,2502138,12.30754745732183,23.728922022943912,,,
4944,4943,,,-217.51815005420247,1000,False,False,False,True,cutoff,7.042912006378174,,,ou_noise,0,2508137,5006276,2503138,12.609164230704307,23.453102966308595,,,
4945,4944,,,167.0887855149174,125,True,False,True,False,success,0.4025687575340271,,,ou_noise,0,2508262,5006526,2503263,12.08688159942627,22.978303009033205,,,
4946,4945,,,-274.3404209436818,1000,False,False,False,True,cutoff,7.417035102844238,,,ou_noise,0,2509262,5008526,2504263,11.558897798061372,22.964690530776977,,,
4947,4946,,,-74.60567054100864,80,False,True,True,False,collision,5.6863179206848145,,,ou_noise,0,2509342,5008686,2504343,11.758294913172723,22.68611307144165,,,
4948,4947,,,170.2423338950639,117,True,False,True,False,success,0.4605701267719269,,,ou_noise,0,2509459,5008920,2504460,11.987991173043211,22.76620996915377,,,
4949,4948,,,-245.65520850334082,1000,False,False,False,True,cutoff,5.23703145980835,,,ou_noise,0,2510459,5010920,2505460,12.23614602971077,22.618748025894163,,,
4950,4949,,,-298.9497047531245,1000,False,False,False,True,cutoff,7.615901947021484,,,ou_noise,0,2511459,5012920,2506460,12.844657284021377,22.37349009037018,,,
4951,4950,,,-217.72416730008857,1000,False,False,False,True,cutoff,7.571799278259277,,,ou_noise,0,2512459,5014920,2507460,12.04883975291252,22.154851816177366,,,
4952,4951,,,166.65663163446908,125,True,False,True,False,success,0.40410566329956055,,,ou_noise,0,2512584,5015170,2507585,10.926818139076232,22.068673553466798,,,
4953,4952,,,167.41390152357047,123,True,False,True,False,success,0.44360992312431335,,,ou_noise,0,2512707,5015416,2507708,11.976965064924906,21.87364443337045,,,
4954,4953,,,-204.84952469036844,1000,False,False,False,True,cutoff,7.323317527770996,,,ou_noise,0,2513707,5017416,2508708,11.551480182051659,22.02955349636078,,,
4955,4954,,,167.51454109754894,125,True,False,True,False,success,0.48227521777153015,,,ou_noise,0,2513832,5017666,2508833,10.669478781700134,21.83827996826172,,,
4956,4955,,,167.7363422085571,123,True,False,True,False,success,0.4732804000377655,,,ou_noise,0,2513955,5017912,2508956,11.637017137636015,21.98525248891939,,,
4957,4956,,,169.70786298942267,115,True,False,True,False,success,0.45455697178840637,,,ou_noise,0,2514070,5018142,2509071,9.957940693523573,21.635414596225903,,,
4958,4957,,,167.08334106468558,120,True,False,True,False,success,0.47633227705955505,,,ou_noise,0,2514190,5018382,2509191,11.353048812349638,21.790860891342163,,,
4959,4958,,,168.23263214251617,119,True,False,True,False,success,0.4785037636756897,,,ou_noise,0,2514309,5018620,2509310,11.564873110346433,22.099093653574712,,,
4960,4959,,,-241.20212018127972,1000,False,False,False,True,cutoff,6.976040363311768,,,ou_noise,0,2515309,5020620,2510310,10.566775251507758,21.845439735412597,,,
4961,4960,,,-325.4530934647338,1000,False,False,False,True,cutoff,4.902390003204346,,,ou_noise,0,2516309,5022620,2511310,10.574702020645141,21.683208109855652,,,
4962,4961,,,-115.84886229919358,158,False,True,True,False,collision,7.045506954193115,,,ou_noise,0,2516467,5022936,2511468,11.444597561902638,21.70627231839337,,,
4963,4962,,,-244.33865460533679,1000,False,False,False,True,cutoff,7.258275985717773,,,ou_noise,0,2517467,5024936,2512468,11.015464529633523,21.605045994758605,,,
4964,4963,,,166.09593032429382,123,True,False,True,False,success,0.4960632026195526,,,ou_noise,0,2517590,5025182,2512591,9.538007771096579,21.56378710366846,,,
4965,4964,,,166.88792743471026,126,True,False,True,False,success,0.4915938377380371,,,ou_noise,0,2517716,5025434,2512717,10.7902288153058,21.818958252195326,,,
4966,4965,,,169.97362911830274,116,True,False,True,False,success,0.4577219486236572,,,ou_noise,0,2517832,5025666,2512833,10.802494704723358,21.712679106613685,,,
4967,4966,,,-189.19405773796709,1000,False,False,False,True,cutoff,7.303036212921143,,,ou_noise,0,2518832,5027666,2513833,10.031965719461441,21.628266554832457,,,
4968,4967,,,169.81550560942372,116,True,False,True,False,success,0.4736808240413666,,,ou_noise,0,2518948,5027898,2513949,9.916229744409693,21.858552636771368,,,
4969,4968,,,-205.41824674214092,1000,False,False,False,True,cutoff,7.275147438049316,,,ou_noise,0,2519948,5029898,2514949,11.347933819770812,21.72157311820984,,,
4970,4969,,,166.91461027223886,125,True,False,True,False,success,0.4422665536403656,,,ou_noise,0,2520073,5030148,2515074,8.837509364128113,21.67931118774414,,,
4971,4970,,,164.5264702218111,130,True,False,True,False,success,0.4472755491733551,,,ou_noise,0,2520203,5030408,2515204,10.410244279641372,21.766695301349348,,,
4972,4971,,,-317.841765751451,1000,False,False,False,True,cutoff,4.345567226409912,,,ou_noise,0,2521203,5032408,2516204,10.324148717880249,21.76909553909302,,,
4973,4972,,,168.22916817996895,122,True,False,True,False,success,0.4434860348701477,,,ou_noise,0,2521325,5032652,2516326,9.909701325854318,21.905400495060153,,,
4974,4973,,,168.18093863335184,121,True,False,True,False,success,0.49219298362731934,,,ou_noise,0,2521446,5032894,2516447,10.372589045319675,21.449762580808528,,,
4975,4974,,,169.20469949946835,116,True,False,True,False,success,0.4727013111114502,,,ou_noise,0,2521562,5033126,2516563,12.820138717519827,21.88877501981012,,,
4976,4975,,,161.27671165009326,140,True,False,True,False,success,0.418564110994339,,,ou_noise,0,2521702,5033406,2516703,12.067610380479268,21.639134216308594,,,
4977,4976,,,-210.83495252582864,1000,False,False,False,True,cutoff,7.2259087562561035,,,ou_noise,0,2522702,5035406,2517703,10.869957718610763,21.82531768798828,,,
4978,4977,,,-215.32631986003716,1000,False,False,False,True,cutoff,6.852849006652832,,,ou_noise,0,2523702,5037406,2518703,10.387739040136337,21.889204536437987,,,
4979,4978,,,169.53992352350576,117,True,False,True,False,success,0.43500328063964844,,,ou_noise,0,2523819,5037640,2518820,10.406837663079939,21.863394777998966,,,
4980,4979,,,165.1695474644403,129,True,False,True,False,success,0.44783058762550354,,,ou_noise,0,2523948,5037898,2518949,10.885597162468489,21.899971762368846,,,
4981,4980,,,169.52645093787274,115,True,False,True,False,success,0.4176798462867737,,,ou_noise,0,2524063,5038128,2519064,11.675678168172421,21.978966953443443,,,
4982,4981,,,-223.05117793208987,1000,False,False,False,True,cutoff,7.3263421058654785,,,ou_noise,0,2525063,5040128,2520064,10.66129205906391,22.361077929496766,,,
4983,4982,,,-205.5037523492765,1000,False,False,False,True,cutoff,7.290044784545898,,,ou_noise,0,2526063,5042128,2521064,11.157460664868355,22.662654211997985,,,
4984,4983,,,169.0824678919754,114,True,False,True,False,success,0.49531757831573486,,,ou_noise,0,2526177,5042356,2521178,11.165688920439335,22.921175873070432,,,
4985,4984,,,-261.21507608713176,1000,False,False,False,True,cutoff,7.121991157531738,,,ou_noise,0,2527177,5044356,2522178,11.498362487792969,23.016052832603453,,,
4986,4985,,,-216.05393948528084,1000,False,False,False,True,cutoff,7.12819242477417,,,ou_noise,0,2528177,5046356,2523178,10.894129202604294,23.27067506790161,,,
4987,4986,,,-373.70012773939214,1000,False,False,False,True,cutoff,7.855340480804443,,,ou_noise,0,2529177,5048356,2524178,10.526080822587014,23.408000942230224,,,
4988,4987,,,-241.5315565854067,1000,False,False,False,True,cutoff,6.992431163787842,,,ou_noise,0,2530177,5050356,2525178,10.291362139105797,23.338466999053956,,,
4989,4988,,,165.93287562737572,129,True,False,True,False,success,0.44231081008911133,,,ou_noise,0,2530306,5050614,2525307,10.978482808253561,23.52125132361124,,,
4990,4989,,,168.5771018801119,118,True,False,True,False,success,0.49527445435523987,,,ou_noise,0,2530424,5050850,2525425,12.582564431731983,23.35201159978317,,,
4991,4990,,,171.34465528819283,113,True,False,True,False,success,0.46747922897338867,,,ou_noise,0,2530537,5051076,2525538,9.9915507240633,23.074326844341986,,,
4992,4991,,,167.09595039224894,123,True,False,True,False,success,0.4388098418712616,,,ou_noise,0,2530660,5051322,2525661,10.073054765298114,23.564288883674436,,,
4993,4992,,,160.2516694637224,136,True,False,True,False,success,0.4864642918109894,,,ou_noise,0,2530796,5051594,2525797,10.320227032198625,23.298003119580887,,,
4994,4993,,,-206.5748111782568,1000,False,False,False,True,cutoff,7.514397621154785,,,ou_noise,0,2531796,5053594,2526797,10.37976735329628,23.46989600944519,,,
4995,4994,,,168.86733562603627,116,True,False,True,False,success,0.4643956422805786,,,ou_noise,0,2531912,5053826,2526913,11.136735865782047,23.573545751900507,,,
4996,4995,,,165.4754263585222,129,True,False,True,False,success,0.4851384460926056,,,ou_noise,0,2532041,5054084,2527042,10.424127582431764,23.913278904996176,,,
4997,4996,,,171.5276125982519,110,True,False,True,False,success,0.4905908405780792,,,ou_noise,0,2532151,5054304,2527152,9.824948671731082,23.42565716830167,,,
4998,4997,,,167.739842447429,119,True,False,True,False,success,0.4864481985569,,,ou_noise,0,2532270,5054542,2527271,11.061477136211234,23.669268327600815,,,
4999,4998,,,52.727360801339074,478,True,False,True,False,success,0.4255933165550232,,,ou_noise,0,2532748,5055498,2527749,11.283261497649189,23.39447442058739,,,
5000,4999,,,158.9364841661156,146,True,False,True,False,success,0.44874799251556396,,,ou_noise,0,2532894,5055790,2527895,11.548889522683131,23.28441013048773,,,
