episode,seed,algorithm,scenario,reward,length,success,collision,terminated,truncated,termination_reason,final_distance,flags_collected,epsilon,exploration_mode,random_action_steps,environment_steps,critic_updates,actor_updates,critic_loss,actor_loss,alpha_loss,alpha,td_error
1,0,,,-1586.0,200,False,False,False,True,cutoff,,,1.0,epsilon_greedy,,200,,,,,,,5.740405646537043
2,1,,,-1685.0,200,False,False,False,True,cutoff,,,0.9997,epsilon_greedy,,400,,,,,,,3.964649357162732
3,2,,,-893.0,200,False,False,False,True,cutoff,,,0.9994000000000001,epsilon_greedy,,600,,,,,,,1.4857552045310578
4,3,,,-1685.0,200,False,False,False,True,cutoff,,,0.9991000000000001,epsilon_greedy,,800,,,,,,,1.906013767391446
5,4,,,-1190.0,200,False,False,False,True,cutoff,,,0.9988000000000001,epsilon_greedy,,1000,,,,,,,2.0455669454612493
6,5,,,-1982.0,200,False,False,False,True,cutoff,,,0.9985000000000002,epsilon_greedy,,1200,,,,,,,2.1040883502434373
7,6,,,-1685.0,200,False,False,False,True,cutoff,,,0.9982000000000002,epsilon_greedy,,1400,,,,,,,1.4612516076152744
8,7,,,-1190.0,200,False,False,False,True,cutoff,,,0.9979000000000002,epsilon_greedy,,1600,,,,,,,1.0564472542465422
9,8,,,-1685.0,200,False,False,False,True,cutoff,,,0.9976000000000003,epsilon_greedy,,1800,,,,,,,2.8233787320967343
10,9,,,-1289.0,200,False,False,False,True,cutoff,,,0.9973000000000003,epsilon_greedy,,2000,,,,,,,1.505370972080999
11,10,,,-1883.0,200,False,False,False,True,cutoff,,,0.9970000000000003,epsilon_greedy,,2200,,,,,,,2.293969039307311
12,11,,,-1784.0,200,False,False,False,True,cutoff,,,0.9967000000000004,epsilon_greedy,,2400,,,,,,,1.717509433607557
13,12,,,-1586.0,200,False,False,False,True,cutoff,,,0.9964000000000004,epsilon_greedy,,2600,,,,,,,1.4374047985820142
14,13,,,-1388.0,200,False,False,False,True,cutoff,,,0.9961000000000004,epsilon_greedy,,2800,,,,,,,1.2350743815328522
15,14,,,-992.0,200,False,False,False,True,cutoff,,,0.9958000000000005,epsilon_greedy,,3000,,,,,,,1.0460271315753444
16,15,,,-2279.0,200,False,False,False,True,cutoff,,,0.9955000000000005,epsilon_greedy,,3200,,,,,,,0.8122477096493581
17,16,,,-1190.0,200,False,False,False,True,cutoff,,,0.9952000000000005,epsilon_greedy,,3400,,,,,,,0.9839367620829377
18,17,,,-2774.0,200,False,False,False,True,cutoff,,,0.9949000000000006,epsilon_greedy,,3600,,,,,,,1.2143010298134194
19,18,,,-1784.0,200,False,False,False,True,cutoff,,,0.9946000000000006,epsilon_greedy,,3800,,,,,,,1.5488865155779095
20,19,,,-2081.0,200,False,False,False,True,cutoff,,,0.9943000000000006,epsilon_greedy,,4000,,,,,,,0.8545055804266414
21,20,,,-1784.0,200,False,False,False,True,cutoff,,,0.9940000000000007,epsilon_greedy,,4200,,,,,,,0.9734121013721999
22,21,,,-1091.0,200,False,False,False,True,cutoff,,,0.9937000000000007,epsilon_greedy,,4400,,,,,,,0.6502031104711458
23,22,,,-1586.0,200,False,False,False,True,cutoff,,,0.9934000000000007,epsilon_greedy,,4600,,,,,,,0.8810447726734946
24,23,,,-1289.0,200,False,False,False,True,cutoff,,,0.9931000000000008,epsilon_greedy,,4800,,,,,,,0.5172956640832984
25,24,,,-1883.0,200,False,False,False,True,cutoff,,,0.9928000000000008,epsilon_greedy,,5000,,,,,,,0.5981914907013917
26,25,,,-1289.0,200,False,False,False,True,cutoff,,,0.9925000000000008,epsilon_greedy,,5200,,,,,,,0.32282818208242575
27,26,,,-3071.0,200,False,False,False,True,cutoff,,,0.9922000000000009,epsilon_greedy,,5400,,,,,,,0.2539331385436106
28,27,,,-2081.0,200,False,False,False,True,cutoff,,,0.9919000000000009,epsilon_greedy,,5600,,,,,,,0.8960178702303834
29,28,,,-1586.0,200,False,False,False,True,cutoff,,,0.9916000000000009,epsilon_greedy,,5800,,,,,,,0.8028528659358496
30,29,,,-1388.0,200,False,False,False,True,cutoff,,,0.991300000000001,epsilon_greedy,,6000,,,,,,,1.3400955927417828
31,30,,,-1883.0,200,False,False,False,True,cutoff,,,0.991000000000001,epsilon_greedy,,6200,,,,,,,0.9741708278185227
32,31,,,-992.0,200,False,False,False,True,cutoff,,,0.990700000000001,epsilon_greedy,,6400,,,,,,,0.7397191776287076
33,32,,,-1487.0,200,False,False,False,True,cutoff,,,0.9904000000000011,epsilon_greedy,,6600,,,,,,,0.6022052643679077
34,33,,,-786.0,192,True,False,True,False,success,,,0.9901000000000011,epsilon_greedy,,6792,,,,,,,0.6454889688713165
35,34,,,-1190.0,200,False,False,False,True,cutoff,,,0.9898000000000011,epsilon_greedy,,6992,,,,,,,0.736009315413338
36,35,,,-2378.0,200,False,False,False,True,cutoff,,,0.9895000000000012,epsilon_greedy,,7192,,,,,,,0.30592992070283853
37,36,,,-398.0,200,False,False,False,True,cutoff,,,0.9892000000000012,epsilon_greedy,,7392,,,,,,,1.1690273799053221
38,37,,,-1190.0,200,False,False,False,True,cutoff,,,0.9889000000000012,epsilon_greedy,,7592,,,,,,,0.5892405089667729
39,38,,,-1784.0,200,False,False,False,True,cutoff,,,0.9886000000000013,epsilon_greedy,,7792,,,,,,,0.6221157123587728
40,39,,,-1190.0,200,False,False,False,True,cutoff,,,0.9883000000000013,epsilon_greedy,,7992,,,,,,,0.46907826106147044
41,40,,,-1586.0,200,False,False,False,True,cutoff,,,0.9880000000000013,epsilon_greedy,,8192,,,,,,,0.5578257908129352
42,41,,,-1685.0,200,False,False,False,True,cutoff,,,0.9877000000000014,epsilon_greedy,,8392,,,,,,,0.34505720244973825
43,42,,,-3071.0,200,False,False,False,True,cutoff,,,0.9874000000000014,epsilon_greedy,,8592,,,,,,,0.16260613094662726
44,43,,,-992.0,200,False,False,False,True,cutoff,,,0.9871000000000014,epsilon_greedy,,8792,,,,,,,0.4621913306597573
45,44,,,-1784.0,200,False,False,False,True,cutoff,,,0.9868000000000015,epsilon_greedy,,8992,,,,,,,1.0689398551793998
46,45,,,-1289.0,200,False,False,False,True,cutoff,,,0.9865000000000015,epsilon_greedy,,9192,,,,,,,0.976902168616338
47,46,,,-2081.0,200,False,False,False,True,cutoff,,,0.9862000000000015,epsilon_greedy,,9392,,,,,,,0.42349523012444246
48,47,,,-2180.0,200,False,False,False,True,cutoff,,,0.9859000000000016,epsilon_greedy,,9592,,,,,,,0.33542329722034886
49,48,,,-1487.0,200,False,False,False,True,cutoff,,,0.9856000000000016,epsilon_greedy,,9792,,,,,,,0.42958538654189105
50,49,,,-2675.0,200,False,False,False,True,cutoff,,,0.9853000000000016,epsilon_greedy,,9992,,,,,,,0.3238080019988493
51,50,,,-2180.0,200,False,False,False,True,cutoff,,,0.9850000000000017,epsilon_greedy,,10192,,,,,,,0.705035389901722
52,51,,,-1586.0,200,False,False,False,True,cutoff,,,0.9847000000000017,epsilon_greedy,,10392,,,,,,,0.7311464787123714
53,52,,,-2081.0,200,False,False,False,True,cutoff,,,0.9844000000000017,epsilon_greedy,,10592,,,,,,,0.14480206164299564
54,53,,,-1289.0,200,False,False,False,True,cutoff,,,0.9841000000000018,epsilon_greedy,,10792,,,,,,,0.29703325990629703
55,54,,,-2774.0,200,False,False,False,True,cutoff,,,0.9838000000000018,epsilon_greedy,,10992,,,,,,,0.12217821340868586
56,55,,,-794.0,200,False,False,False,True,cutoff,,,0.9835000000000018,epsilon_greedy,,11192,,,,,,,0.7043110711876553
57,56,,,-794.0,200,False,False,False,True,cutoff,,,0.9832000000000019,epsilon_greedy,,11392,,,,,,,0.8548251395960732
58,57,,,-2180.0,200,False,False,False,True,cutoff,,,0.9829000000000019,epsilon_greedy,,11592,,,,,,,0.4463736872934485
59,58,,,-992.0,200,False,False,False,True,cutoff,,,0.9826000000000019,epsilon_greedy,,11792,,,,,,,0.36834377576666105
60,59,,,-794.0,200,False,False,False,True,cutoff,,,0.982300000000002,epsilon_greedy,,11992,,,,,,,0.6586128019893164
61,60,,,-1685.0,200,False,False,False,True,cutoff,,,0.982000000000002,epsilon_greedy,,12192,,,,,,,0.15998560121553698
62,61,,,-1487.0,200,False,False,False,True,cutoff,,,0.981700000000002,epsilon_greedy,,12392,,,,,,,0.3138406464915287
63,62,,,-3071.0,200,False,False,False,True,cutoff,,,0.981400000000002,epsilon_greedy,,12592,,,,,,,0.39941766098700776
64,63,,,-1487.0,200,False,False,False,True,cutoff,,,0.9811000000000021,epsilon_greedy,,12792,,,,,,,0.6624755440559135
65,64,,,-992.0,200,False,False,False,True,cutoff,,,0.9808000000000021,epsilon_greedy,,12992,,,,,,,0.7083740521230549
66,65,,,-2081.0,200,False,False,False,True,cutoff,,,0.9805000000000021,epsilon_greedy,,13192,,,,,,,0.4454552181839075
67,66,,,-2378.0,200,False,False,False,True,cutoff,,,0.9802000000000022,epsilon_greedy,,13392,,,,,,,0.4829206016673747
68,67,,,-1487.0,200,False,False,False,True,cutoff,,,0.9799000000000022,epsilon_greedy,,13592,,,,,,,0.36437466915884953
69,68,,,-1883.0,200,False,False,False,True,cutoff,,,0.9796000000000022,epsilon_greedy,,13792,,,,,,,0.1755042301946167
70,69,,,-1487.0,200,False,False,False,True,cutoff,,,0.9793000000000023,epsilon_greedy,,13992,,,,,,,0.6268307679083999
71,70,,,-2873.0,200,False,False,False,True,cutoff,,,0.9790000000000023,epsilon_greedy,,14192,,,,,,,0.21466551774828546
72,71,,,-1982.0,200,False,False,False,True,cutoff,,,0.9787000000000023,epsilon_greedy,,14392,,,,,,,0.7625908562035357
73,72,,,-820.0,127,True,False,True,False,success,,,0.9784000000000024,epsilon_greedy,,14519,,,,,,,0.4343328047994407
74,73,,,-2081.0,200,False,False,False,True,cutoff,,,0.9781000000000024,epsilon_greedy,,14719,,,,,,,0.10871375590649456
75,74,,,-2576.0,200,False,False,False,True,cutoff,,,0.9778000000000024,epsilon_greedy,,14919,,,,,,,0.21123681468338418
76,75,,,-1388.0,200,False,False,False,True,cutoff,,,0.9775000000000025,epsilon_greedy,,15119,,,,,,,0.4967263752371728
77,76,,,-1487.0,200,False,False,False,True,cutoff,,,0.9772000000000025,epsilon_greedy,,15319,,,,,,,0.4039692622729691
78,77,,,-1388.0,200,False,False,False,True,cutoff,,,0.9769000000000025,epsilon_greedy,,15519,,,,,,,0.1941461105344991
79,78,,,-2180.0,200,False,False,False,True,cutoff,,,0.9766000000000026,epsilon_greedy,,15719,,,,,,,0.654552787956343
80,79,,,-3071.0,200,False,False,False,True,cutoff,,,0.9763000000000026,epsilon_greedy,,15919,,,,,,,0.6872766935708468
81,80,,,-1685.0,200,False,False,False,True,cutoff,,,0.9760000000000026,epsilon_greedy,,16119,,,,,,,0.3349515883061826
82,81,,,-992.0,200,False,False,False,True,cutoff,,,0.9757000000000027,epsilon_greedy,,16319,,,,,,,0.43713333423219725
83,82,,,-992.0,200,False,False,False,True,cutoff,,,0.9754000000000027,epsilon_greedy,,16519,,,,,,,0.6823737564071863
84,83,,,-1388.0,200,False,False,False,True,cutoff,,,0.9751000000000027,epsilon_greedy,,16719,,,,,,,0.5792048376726666
85,84,,,-2081.0,200,False,False,False,True,cutoff,,,0.9748000000000028,epsilon_greedy,,16919,,,,,,,0.20657072553598624
86,85,,,-1586.0,200,False,False,False,True,cutoff,,,0.9745000000000028,epsilon_greedy,,17119,,,,,,,0.2785534988064635
87,86,,,-1883.0,200,False,False,False,True,cutoff,,,0.9742000000000028,epsilon_greedy,,17319,,,,,,,0.25300199730401013
88,87,,,-1289.0,200,False,False,False,True,cutoff,,,0.9739000000000029,epsilon_greedy,,17519,,,,,,,0.5156645955147304
89,88,,,-2675.0,200,False,False,False,True,cutoff,,,0.9736000000000029,epsilon_greedy,,17719,,,,,,,0.13496707071401498
90,89,,,-2576.0,200,False,False,False,True,cutoff,,,0.9733000000000029,epsilon_greedy,,17919,,,,,,,0.6842380309291815
91,90,,,-1190.0,200,False,False,False,True,cutoff,,,0.973000000000003,epsilon_greedy,,18119,,,,,,,0.17268893873060737
92,91,,,-2081.0,200,False,False,False,True,cutoff,,,0.972700000000003,epsilon_greedy,,18319,,,,,,,0.647758780366355
93,92,,,-1091.0,200,False,False,False,True,cutoff,,,0.972400000000003,epsilon_greedy,,18519,,,,,,,0.26558018727116794
94,93,,,-1190.0,200,False,False,False,True,cutoff,,,0.9721000000000031,epsilon_greedy,,18719,,,,,,,0.7150465715161363
95,94,,,-1586.0,200,False,False,False,True,cutoff,,,0.9718000000000031,epsilon_greedy,,18919,,,,,,,0.480119868811689
96,95,,,-1388.0,200,False,False,False,True,cutoff,,,0.9715000000000031,epsilon_greedy,,19119,,,,,,,0.527050386513848
97,96,,,-1289.0,200,False,False,False,True,cutoff,,,0.9712000000000032,epsilon_greedy,,19319,,,,,,,0.1793800879768046
98,97,,,-2873.0,200,False,False,False,True,cutoff,,,0.9709000000000032,epsilon_greedy,,19519,,,,,,,0.08285503278477656
99,98,,,-1982.0,200,False,False,False,True,cutoff,,,0.9706000000000032,epsilon_greedy,,19719,,,,,,,0.20987102425073548
100,99,,,-2378.0,200,False,False,False,True,cutoff,,,0.9703000000000033,epsilon_greedy,,19919,,,,,,,0.17250208257150718
101,100,,,-1091.0,200,False,False,False,True,cutoff,,,0.9700000000000033,epsilon_greedy,,20119,,,,,,,1.0354544317603733
102,101,,,-1586.0,200,False,False,False,True,cutoff,,,0.9697000000000033,epsilon_greedy,,20319,,,,,,,0.32948399037717585
103,102,,,-2180.0,200,False,False,False,True,cutoff,,,0.9694000000000034,epsilon_greedy,,20519,,,,,,,0.707347527194635
104,103,,,-992.0,200,False,False,False,True,cutoff,,,0.9691000000000034,epsilon_greedy,,20719,,,,,,,0.13609101449035355
105,104,,,-1091.0,200,False,False,False,True,cutoff,,,0.9688000000000034,epsilon_greedy,,20919,,,,,,,0.14992332920571036
106,105,,,-893.0,200,False,False,False,True,cutoff,,,0.9685000000000035,epsilon_greedy,,21119,,,,,,,0.3730876409395459
107,106,,,-1586.0,200,False,False,False,True,cutoff,,,0.9682000000000035,epsilon_greedy,,21319,,,,,,,0.15832296138408558
108,107,,,-1190.0,200,False,False,False,True,cutoff,,,0.9679000000000035,epsilon_greedy,,21519,,,,,,,0.1573618731928679
109,108,,,-1685.0,200,False,False,False,True,cutoff,,,0.9676000000000036,epsilon_greedy,,21719,,,,,,,0.17676674266604664
110,109,,,-695.0,200,False,False,False,True,cutoff,,,0.9673000000000036,epsilon_greedy,,21919,,,,,,,0.43271474911333035
111,110,,,-1685.0,200,False,False,False,True,cutoff,,,0.9670000000000036,epsilon_greedy,,22119,,,,,,,0.4860400273745015
112,111,,,-1685.0,200,False,False,False,True,cutoff,,,0.9667000000000037,epsilon_greedy,,22319,,,,,,,0.4397143418046411
113,112,,,-2477.0,200,False,False,False,True,cutoff,,,0.9664000000000037,epsilon_greedy,,22519,,,,,,,0.36577406880599617
114,113,,,-1388.0,200,False,False,False,True,cutoff,,,0.9661000000000037,epsilon_greedy,,22719,,,,,,,0.11326139014851697
115,114,,,-3269.0,200,False,False,False,True,cutoff,,,0.9658000000000038,epsilon_greedy,,22919,,,,,,,0.08131723488497557
116,115,,,-1784.0,200,False,False,False,True,cutoff,,,0.9655000000000038,epsilon_greedy,,23119,,,,,,,0.27223578038210616
117,116,,,-893.0,200,False,False,False,True,cutoff,,,0.9652000000000038,epsilon_greedy,,23319,,,,,,,0.35707942936928994
118,117,,,-1388.0,200,False,False,False,True,cutoff,,,0.9649000000000039,epsilon_greedy,,23519,,,,,,,0.08807714701796428
119,118,,,-398.0,200,False,False,False,True,cutoff,,,0.9646000000000039,epsilon_greedy,,23719,,,,,,,0.5261909665841058
120,119,,,-1685.0,200,False,False,False,True,cutoff,,,0.9643000000000039,epsilon_greedy,,23919,,,,,,,0.07466079657732096
121,120,,,-2378.0,200,False,False,False,True,cutoff,,,0.964000000000004,epsilon_greedy,,24119,,,,,,,0.13766315887632394
122,121,,,-1586.0,200,False,False,False,True,cutoff,,,0.963700000000004,epsilon_greedy,,24319,,,,,,,0.06695063380117322
123,122,,,-3368.0,200,False,False,False,True,cutoff,,,0.963400000000004,epsilon_greedy,,24519,,,,,,,0.07688928740826276
124,123,,,-1190.0,200,False,False,False,True,cutoff,,,0.9631000000000041,epsilon_greedy,,24719,,,,,,,0.543294993390107
125,124,,,-1784.0,200,False,False,False,True,cutoff,,,0.9628000000000041,epsilon_greedy,,24919,,,,,,,0.273468611924953
126,125,,,-1487.0,200,False,False,False,True,cutoff,,,0.9625000000000041,epsilon_greedy,,25119,,,,,,,0.6616420702908197
127,126,,,-1187.0,197,True,False,True,False,success,,,0.9622000000000042,epsilon_greedy,,25316,,,,,,,0.330350844881996
128,127,,,-1883.0,200,False,False,False,True,cutoff,,,0.9619000000000042,epsilon_greedy,,25516,,,,,,,0.20090374769202046
129,128,,,-2576.0,200,False,False,False,True,cutoff,,,0.9616000000000042,epsilon_greedy,,25716,,,,,,,0.3577055481106786
130,129,,,-1586.0,200,False,False,False,True,cutoff,,,0.9613000000000043,epsilon_greedy,,25916,,,,,,,0.5478356006088125
131,130,,,-2279.0,200,False,False,False,True,cutoff,,,0.9610000000000043,epsilon_greedy,,26116,,,,,,,0.13549692589386034
132,131,,,-1586.0,200,False,False,False,True,cutoff,,,0.9607000000000043,epsilon_greedy,,26316,,,,,,,0.48156375585947975
133,132,,,-1586.0,200,False,False,False,True,cutoff,,,0.9604000000000044,epsilon_greedy,,26516,,,,,,,0.2555120914747704
134,133,,,-1388.0,200,False,False,False,True,cutoff,,,0.9601000000000044,epsilon_greedy,,26716,,,,,,,0.65626314103432
135,134,,,-2378.0,200,False,False,False,True,cutoff,,,0.9598000000000044,epsilon_greedy,,26916,,,,,,,0.2969541574119196
136,135,,,-695.0,200,False,False,False,True,cutoff,,,0.9595000000000045,epsilon_greedy,,27116,,,,,,,0.22969385771913475
137,136,,,-1487.0,200,False,False,False,True,cutoff,,,0.9592000000000045,epsilon_greedy,,27316,,,,,,,0.09153831358941272
138,137,,,-1091.0,200,False,False,False,True,cutoff,,,0.9589000000000045,epsilon_greedy,,27516,,,,,,,0.18035170105539375
139,138,,,-1685.0,200,False,False,False,True,cutoff,,,0.9586000000000046,epsilon_greedy,,27716,,,,,,,0.48381655289034703
140,139,,,-2378.0,200,False,False,False,True,cutoff,,,0.9583000000000046,epsilon_greedy,,27916,,,,,,,0.2696200348919167
141,140,,,-2279.0,200,False,False,False,True,cutoff,,,0.9580000000000046,epsilon_greedy,,28116,,,,,,,0.2387907807290032
142,141,,,-1190.0,200,False,False,False,True,cutoff,,,0.9577000000000047,epsilon_greedy,,28316,,,,,,,0.25947378832733065
143,142,,,-3269.0,200,False,False,False,True,cutoff,,,0.9574000000000047,epsilon_greedy,,28516,,,,,,,0.2465239886215314
144,143,,,-1784.0,200,False,False,False,True,cutoff,,,0.9571000000000047,epsilon_greedy,,28716,,,,,,,0.23426920341161533
145,144,,,-2279.0,200,False,False,False,True,cutoff,,,0.9568000000000048,epsilon_greedy,,28916,,,,,,,0.3891022181543606
146,145,,,-1388.0,200,False,False,False,True,cutoff,,,0.9565000000000048,epsilon_greedy,,29116,,,,,,,0.3139643466881817
147,146,,,-1487.0,200,False,False,False,True,cutoff,,,0.9562000000000048,epsilon_greedy,,29316,,,,,,,0.3479213748297129
148,147,,,-2378.0,200,False,False,False,True,cutoff,,,0.9559000000000049,epsilon_greedy,,29516,,,,,,,0.3559879660573473
149,148,,,-695.0,200,False,False,False,True,cutoff,,,0.9556000000000049,epsilon_greedy,,29716,,,,,,,0.44618592687491665
150,149,,,-1982.0,200,False,False,False,True,cutoff,,,0.9553000000000049,epsilon_greedy,,29916,,,,,,,0.4068341919602396
151,150,,,-1388.0,200,False,False,False,True,cutoff,,,0.955000000000005,epsilon_greedy,,30116,,,,,,,0.45969927055411247
152,151,,,-1883.0,200,False,False,False,True,cutoff,,,0.954700000000005,epsilon_greedy,,30316,,,,,,,0.4065695737850571
153,152,,,-1190.0,200,False,False,False,True,cutoff,,,0.954400000000005,epsilon_greedy,,30516,,,,,,,0.7989928474190658
154,153,,,-1487.0,200,False,False,False,True,cutoff,,,0.954100000000005,epsilon_greedy,,30716,,,,,,,0.14649395098552945
155,154,,,-1388.0,200,False,False,False,True,cutoff,,,0.9538000000000051,epsilon_greedy,,30916,,,,,,,0.25940283297812783
156,155,,,-1190.0,200,False,False,False,True,cutoff,,,0.9535000000000051,epsilon_greedy,,31116,,,,,,,0.21962089080115035
157,156,,,-1190.0,200,False,False,False,True,cutoff,,,0.9532000000000052,epsilon_greedy,,31316,,,,,,,0.14424909321256357
158,157,,,-1784.0,200,False,False,False,True,cutoff,,,0.9529000000000052,epsilon_greedy,,31516,,,,,,,0.3263382970540708
159,158,,,-1883.0,200,False,False,False,True,cutoff,,,0.9526000000000052,epsilon_greedy,,31716,,,,,,,0.32192683208385053
160,159,,,-992.0,200,False,False,False,True,cutoff,,,0.9523000000000053,epsilon_greedy,,31916,,,,,,,0.337224088028294
161,160,,,-992.0,200,False,False,False,True,cutoff,,,0.9520000000000053,epsilon_greedy,,32116,,,,,,,0.5428289070169431
162,161,,,-794.0,200,False,False,False,True,cutoff,,,0.9517000000000053,epsilon_greedy,,32316,,,,,,,0.24649361711655396
163,162,,,-2279.0,200,False,False,False,True,cutoff,,,0.9514000000000054,epsilon_greedy,,32516,,,,,,,0.39364363936534685
164,163,,,-2675.0,200,False,False,False,True,cutoff,,,0.9511000000000054,epsilon_greedy,,32716,,,,,,,0.34573653093713974
165,164,,,-2081.0,200,False,False,False,True,cutoff,,,0.9508000000000054,epsilon_greedy,,32916,,,,,,,0.5776483810641951
166,165,,,-2279.0,200,False,False,False,True,cutoff,,,0.9505000000000055,epsilon_greedy,,33116,,,,,,,0.1109174317461244
167,166,,,-1289.0,200,False,False,False,True,cutoff,,,0.9502000000000055,epsilon_greedy,,33316,,,,,,,0.1318842617663666
168,167,,,-695.0,200,False,False,False,True,cutoff,,,0.9499000000000055,epsilon_greedy,,33516,,,,,,,0.7584670704575305
169,168,,,-1685.0,200,False,False,False,True,cutoff,,,0.9496000000000056,epsilon_greedy,,33716,,,,,,,0.16309924617063512
170,169,,,-1289.0,200,False,False,False,True,cutoff,,,0.9493000000000056,epsilon_greedy,,33916,,,,,,,0.33904177767237687
171,170,,,-1784.0,200,False,False,False,True,cutoff,,,0.9490000000000056,epsilon_greedy,,34116,,,,,,,0.11952448024896105
172,171,,,-1091.0,200,False,False,False,True,cutoff,,,0.9487000000000056,epsilon_greedy,,34316,,,,,,,0.3239490914095006
173,172,,,-794.0,200,False,False,False,True,cutoff,,,0.9484000000000057,epsilon_greedy,,34516,,,,,,,0.4048654870271949
174,173,,,-2081.0,200,False,False,False,True,cutoff,,,0.9481000000000057,epsilon_greedy,,34716,,,,,,,0.1345092748922282
175,174,,,-2180.0,200,False,False,False,True,cutoff,,,0.9478000000000057,epsilon_greedy,,34916,,,,,,,0.17416559813139446
176,175,,,-1982.0,200,False,False,False,True,cutoff,,,0.9475000000000058,epsilon_greedy,,35116,,,,,,,0.2228538128441108
177,176,,,-1586.0,200,False,False,False,True,cutoff,,,0.9472000000000058,epsilon_greedy,,35316,,,,,,,0.11378268007080425
178,177,,,-1289.0,200,False,False,False,True,cutoff,,,0.9469000000000058,epsilon_greedy,,35516,,,,,,,0.10709705060669887
179,178,,,-2576.0,200,False,False,False,True,cutoff,,,0.9466000000000059,epsilon_greedy,,35716,,,,,,,0.08251822555265413
180,179,,,-1784.0,200,False,False,False,True,cutoff,,,0.9463000000000059,epsilon_greedy,,35916,,,,,,,0.2896223008660909
181,180,,,-932.0,140,True,False,True,False,success,,,0.946000000000006,epsilon_greedy,,36056,,,,,,,0.40764599250922107
182,181,,,-1091.0,200,False,False,False,True,cutoff,,,0.945700000000006,epsilon_greedy,,36256,,,,,,,0.16912583578883308
183,182,,,-1784.0,200,False,False,False,True,cutoff,,,0.945400000000006,epsilon_greedy,,36456,,,,,,,0.4299396575209285
184,183,,,-1982.0,200,False,False,False,True,cutoff,,,0.945100000000006,epsilon_greedy,,36656,,,,,,,0.12099047515241707
185,184,,,-1586.0,200,False,False,False,True,cutoff,,,0.9448000000000061,epsilon_greedy,,36856,,,,,,,0.30530790968392085
186,185,,,-1388.0,200,False,False,False,True,cutoff,,,0.9445000000000061,epsilon_greedy,,37056,,,,,,,0.31507344237553814
187,186,,,-1685.0,200,False,False,False,True,cutoff,,,0.9442000000000061,epsilon_greedy,,37256,,,,,,,0.7865401856452381
188,187,,,-2675.0,200,False,False,False,True,cutoff,,,0.9439000000000062,epsilon_greedy,,37456,,,,,,,0.09564488876356649
189,188,,,-2081.0,200,False,False,False,True,cutoff,,,0.9436000000000062,epsilon_greedy,,37656,,,,,,,0.08557284507954918
190,189,,,-2378.0,200,False,False,False,True,cutoff,,,0.9433000000000062,epsilon_greedy,,37856,,,,,,,0.20583086248427393
191,190,,,-2675.0,200,False,False,False,True,cutoff,,,0.9430000000000063,epsilon_greedy,,38056,,,,,,,0.20800743912363814
192,191,,,-1190.0,200,False,False,False,True,cutoff,,,0.9427000000000063,epsilon_greedy,,38256,,,,,,,0.21898424203675046
193,192,,,-1784.0,200,False,False,False,True,cutoff,,,0.9424000000000063,epsilon_greedy,,38456,,,,,,,0.13069131533773803
194,193,,,-1784.0,200,False,False,False,True,cutoff,,,0.9421000000000064,epsilon_greedy,,38656,,,,,,,0.31631776255814253
195,194,,,-1982.0,200,False,False,False,True,cutoff,,,0.9418000000000064,epsilon_greedy,,38856,,,,,,,0.06332637875660653
196,195,,,-2279.0,200,False,False,False,True,cutoff,,,0.9415000000000064,epsilon_greedy,,39056,,,,,,,0.09160099995742485
197,196,,,-1388.0,200,False,False,False,True,cutoff,,,0.9412000000000065,epsilon_greedy,,39256,,,,,,,0.1278415037164373
198,197,,,-2180.0,200,False,False,False,True,cutoff,,,0.9409000000000065,epsilon_greedy,,39456,,,,,,,0.12418086433285272
199,198,,,-1487.0,200,False,False,False,True,cutoff,,,0.9406000000000065,epsilon_greedy,,39656,,,,,,,0.2878702578879136
200,199,,,-1586.0,200,False,False,False,True,cutoff,,,0.9403000000000066,epsilon_greedy,,39856,,,,,,,0.1022882124453378
201,200,,,-1388.0,200,False,False,False,True,cutoff,,,0.9400000000000066,epsilon_greedy,,40056,,,,,,,0.3217151317462202
202,201,,,-1586.0,200,False,False,False,True,cutoff,,,0.9397000000000066,epsilon_greedy,,40256,,,,,,,0.7230363327675957
203,202,,,-1784.0,200,False,False,False,True,cutoff,,,0.9394000000000067,epsilon_greedy,,40456,,,,,,,0.15006765195106087
204,203,,,-1091.0,200,False,False,False,True,cutoff,,,0.9391000000000067,epsilon_greedy,,40656,,,,,,,0.20044142623105135
205,204,,,-2279.0,200,False,False,False,True,cutoff,,,0.9388000000000067,epsilon_greedy,,40856,,,,,,,0.279852220034634
206,205,,,-1586.0,200,False,False,False,True,cutoff,,,0.9385000000000068,epsilon_greedy,,41056,,,,,,,0.09283464920268647
207,206,,,-1190.0,200,False,False,False,True,cutoff,,,0.9382000000000068,epsilon_greedy,,41256,,,,,,,0.14718324115309767
208,207,,,-1289.0,200,False,False,False,True,cutoff,,,0.9379000000000068,epsilon_greedy,,41456,,,,,,,0.33057206440443254
209,208,,,-1388.0,200,False,False,False,True,cutoff,,,0.9376000000000069,epsilon_greedy,,41656,,,,,,,0.12102290609230643
210,209,,,-1091.0,200,False,False,False,True,cutoff,,,0.9373000000000069,epsilon_greedy,,41856,,,,,,,0.28355297017482434
211,210,,,-893.0,200,False,False,False,True,cutoff,,,0.9370000000000069,epsilon_greedy,,42056,,,,,,,0.5392701607947936
212,211,,,-2675.0,200,False,False,False,True,cutoff,,,0.936700000000007,epsilon_greedy,,42256,,,,,,,0.09055234233846753
213,212,,,-1388.0,200,False,False,False,True,cutoff,,,0.936400000000007,epsilon_greedy,,42456,,,,,,,0.2196744035554429
214,213,,,-2774.0,200,False,False,False,True,cutoff,,,0.936100000000007,epsilon_greedy,,42656,,,,,,,0.061311060668520045
215,214,,,-893.0,200,False,False,False,True,cutoff,,,0.9358000000000071,epsilon_greedy,,42856,,,,,,,0.3406177189320637
216,215,,,-1487.0,200,False,False,False,True,cutoff,,,0.9355000000000071,epsilon_greedy,,43056,,,,,,,0.7132267348208088
217,216,,,-992.0,200,False,False,False,True,cutoff,,,0.9352000000000071,epsilon_greedy,,43256,,,,,,,0.2757139881694481
218,217,,,-2477.0,200,False,False,False,True,cutoff,,,0.9349000000000072,epsilon_greedy,,43456,,,,,,,0.11613671728107455
219,218,,,-1388.0,200,False,False,False,True,cutoff,,,0.9346000000000072,epsilon_greedy,,43656,,,,,,,0.08424382290411575
220,219,,,-2675.0,200,False,False,False,True,cutoff,,,0.9343000000000072,epsilon_greedy,,43856,,,,,,,0.06565111263126973
221,220,,,-1091.0,200,False,False,False,True,cutoff,,,0.9340000000000073,epsilon_greedy,,44056,,,,,,,0.2190692717419835
222,221,,,-1586.0,200,False,False,False,True,cutoff,,,0.9337000000000073,epsilon_greedy,,44256,,,,,,,0.08457230399855702
223,222,,,-2675.0,200,False,False,False,True,cutoff,,,0.9334000000000073,epsilon_greedy,,44456,,,,,,,0.5776539674549726
224,223,,,-1784.0,200,False,False,False,True,cutoff,,,0.9331000000000074,epsilon_greedy,,44656,,,,,,,0.07033346322576572
225,224,,,-1883.0,200,False,False,False,True,cutoff,,,0.9328000000000074,epsilon_greedy,,44856,,,,,,,0.16502253355518476
226,225,,,-1685.0,200,False,False,False,True,cutoff,,,0.9325000000000074,epsilon_greedy,,45056,,,,,,,0.16879507962112894
227,226,,,-1586.0,200,False,False,False,True,cutoff,,,0.9322000000000075,epsilon_greedy,,45256,,,,,,,0.29891431555189546
228,227,,,-1982.0,200,False,False,False,True,cutoff,,,0.9319000000000075,epsilon_greedy,,45456,,,,,,,0.10834601819120426
229,228,,,-1685.0,200,False,False,False,True,cutoff,,,0.9316000000000075,epsilon_greedy,,45656,,,,,,,0.11085739351801002
230,229,,,-1982.0,200,False,False,False,True,cutoff,,,0.9313000000000076,epsilon_greedy,,45856,,,,,,,0.09077749879921138
231,230,,,-2576.0,200,False,False,False,True,cutoff,,,0.9310000000000076,epsilon_greedy,,46056,,,,,,,0.11961925169217792
232,231,,,-2081.0,200,False,False,False,True,cutoff,,,0.9307000000000076,epsilon_greedy,,46256,,,,,,,0.16089270126145905
233,232,,,-2477.0,200,False,False,False,True,cutoff,,,0.9304000000000077,epsilon_greedy,,46456,,,,,,,0.0634929836509221
234,233,,,-2081.0,200,False,False,False,True,cutoff,,,0.9301000000000077,epsilon_greedy,,46656,,,,,,,0.4980185695035946
235,234,,,-2378.0,200,False,False,False,True,cutoff,,,0.9298000000000077,epsilon_greedy,,46856,,,,,,,0.05290053380594653
236,235,,,-1586.0,200,False,False,False,True,cutoff,,,0.9295000000000078,epsilon_greedy,,47056,,,,,,,0.10345332851002607
237,236,,,-794.0,200,False,False,False,True,cutoff,,,0.9292000000000078,epsilon_greedy,,47256,,,,,,,0.37637464954312827
238,237,,,-1289.0,200,False,False,False,True,cutoff,,,0.9289000000000078,epsilon_greedy,,47456,,,,,,,0.1561919862617488
239,238,,,-1685.0,200,False,False,False,True,cutoff,,,0.9286000000000079,epsilon_greedy,,47656,,,,,,,0.1418383263345605
240,239,,,-1586.0,200,False,False,False,True,cutoff,,,0.9283000000000079,epsilon_greedy,,47856,,,,,,,0.11463819574768469
241,240,,,-1883.0,200,False,False,False,True,cutoff,,,0.9280000000000079,epsilon_greedy,,48056,,,,,,,0.07259075075127319
242,241,,,-2477.0,200,False,False,False,True,cutoff,,,0.927700000000008,epsilon_greedy,,48256,,,,,,,0.1058990447964889
243,242,,,-2675.0,200,False,False,False,True,cutoff,,,0.927400000000008,epsilon_greedy,,48456,,,,,,,0.18337541346978434
244,243,,,-1685.0,200,False,False,False,True,cutoff,,,0.927100000000008,epsilon_greedy,,48656,,,,,,,0.3135112590336947
245,244,,,-1784.0,200,False,False,False,True,cutoff,,,0.9268000000000081,epsilon_greedy,,48856,,,,,,,0.16473250385102162
246,245,,,-1586.0,200,False,False,False,True,cutoff,,,0.9265000000000081,epsilon_greedy,,49056,,,,,,,0.08258985220876475
247,246,,,-1487.0,200,False,False,False,True,cutoff,,,0.9262000000000081,epsilon_greedy,,49256,,,,,,,0.5140073881844991
248,247,,,-1586.0,200,False,False,False,True,cutoff,,,0.9259000000000082,epsilon_greedy,,49456,,,,,,,0.29215546522217317
249,248,,,-1388.0,200,False,False,False,True,cutoff,,,0.9256000000000082,epsilon_greedy,,49656,,,,,,,0.13827558516189525
250,249,,,-2180.0,200,False,False,False,True,cutoff,,,0.9253000000000082,epsilon_greedy,,49856,,,,,,,0.09965219558711326
251,250,,,-1982.0,200,False,False,False,True,cutoff,,,0.9250000000000083,epsilon_greedy,,50056,,,,,,,0.4089597633978923
252,251,,,-695.0,200,False,False,False,True,cutoff,,,0.9247000000000083,epsilon_greedy,,50256,,,,,,,0.09005375829942285
253,252,,,-2378.0,200,False,False,False,True,cutoff,,,0.9244000000000083,epsilon_greedy,,50456,,,,,,,0.056559887118843175
254,253,,,-1586.0,200,False,False,False,True,cutoff,,,0.9241000000000084,epsilon_greedy,,50656,,,,,,,0.6331296169160437
255,254,,,-2081.0,200,False,False,False,True,cutoff,,,0.9238000000000084,epsilon_greedy,,50856,,,,,,,0.41634553094940707
256,255,,,-2279.0,200,False,False,False,True,cutoff,,,0.9235000000000084,epsilon_greedy,,51056,,,,,,,0.09311208696440054
257,256,,,-992.0,200,False,False,False,True,cutoff,,,0.9232000000000085,epsilon_greedy,,51256,,,,,,,0.32247191785995805
258,257,,,-2576.0,200,False,False,False,True,cutoff,,,0.9229000000000085,epsilon_greedy,,51456,,,,,,,0.5600279272347873
259,258,,,-1388.0,200,False,False,False,True,cutoff,,,0.9226000000000085,epsilon_greedy,,51656,,,,,,,0.1983374649430945
260,259,,,-1388.0,200,False,False,False,True,cutoff,,,0.9223000000000086,epsilon_greedy,,51856,,,,,,,0.36694404436240163
261,260,,,-794.0,200,False,False,False,True,cutoff,,,0.9220000000000086,epsilon_greedy,,52056,,,,,,,0.5057842803365853
262,261,,,-2081.0,200,False,False,False,True,cutoff,,,0.9217000000000086,epsilon_greedy,,52256,,,,,,,0.19539592836283906
263,262,,,-1190.0,200,False,False,False,True,cutoff,,,0.9214000000000087,epsilon_greedy,,52456,,,,,,,0.08871188322638685
264,263,,,-1487.0,200,False,False,False,True,cutoff,,,0.9211000000000087,epsilon_greedy,,52656,,,,,,,0.2531886000104018
265,264,,,-2378.0,200,False,False,False,True,cutoff,,,0.9208000000000087,epsilon_greedy,,52856,,,,,,,0.042976499651396265
266,265,,,-2873.0,200,False,False,False,True,cutoff,,,0.9205000000000088,epsilon_greedy,,53056,,,,,,,0.07124018222700579
267,266,,,-992.0,200,False,False,False,True,cutoff,,,0.9202000000000088,epsilon_greedy,,53256,,,,,,,0.11628238034531871
268,267,,,-1190.0,200,False,False,False,True,cutoff,,,0.9199000000000088,epsilon_greedy,,53456,,,,,,,0.10464224356369138
269,268,,,-1190.0,200,False,False,False,True,cutoff,,,0.9196000000000089,epsilon_greedy,,53656,,,,,,,0.08422688673011965
270,269,,,-1586.0,200,False,False,False,True,cutoff,,,0.9193000000000089,epsilon_greedy,,53856,,,,,,,0.0693015800876175
271,270,,,-1935.0,153,True,False,True,False,success,,,0.9190000000000089,epsilon_greedy,,54009,,,,,,,0.24712825535344554
272,271,,,-2675.0,200,False,False,False,True,cutoff,,,0.918700000000009,epsilon_greedy,,54209,,,,,,,0.3173810015171028
273,272,,,-1289.0,200,False,False,False,True,cutoff,,,0.918400000000009,epsilon_greedy,,54409,,,,,,,0.11389354991222504
274,273,,,-3071.0,200,False,False,False,True,cutoff,,,0.918100000000009,epsilon_greedy,,54609,,,,,,,0.0645294352497586
275,274,,,-1685.0,200,False,False,False,True,cutoff,,,0.917800000000009,epsilon_greedy,,54809,,,,,,,0.1964112281885494
276,275,,,-497.0,200,False,False,False,True,cutoff,,,0.9175000000000091,epsilon_greedy,,55009,,,,,,,0.1137533469650308
277,276,,,-1982.0,200,False,False,False,True,cutoff,,,0.9172000000000091,epsilon_greedy,,55209,,,,,,,0.23099218048970507
278,277,,,-794.0,200,False,False,False,True,cutoff,,,0.9169000000000092,epsilon_greedy,,55409,,,,,,,0.09586563230066154
279,278,,,-1586.0,200,False,False,False,True,cutoff,,,0.9166000000000092,epsilon_greedy,,55609,,,,,,,0.13136433498222222
280,279,,,-1685.0,200,False,False,False,True,cutoff,,,0.9163000000000092,epsilon_greedy,,55809,,,,,,,0.12795690749950456
281,280,,,-2180.0,200,False,False,False,True,cutoff,,,0.9160000000000093,epsilon_greedy,,56009,,,,,,,0.0802067661107008
282,281,,,-893.0,200,False,False,False,True,cutoff,,,0.9157000000000093,epsilon_greedy,,56209,,,,,,,0.18845773764612436
283,282,,,-1091.0,200,False,False,False,True,cutoff,,,0.9154000000000093,epsilon_greedy,,56409,,,,,,,0.4819612485347826
284,283,,,-2378.0,200,False,False,False,True,cutoff,,,0.9151000000000094,epsilon_greedy,,56609,,,,,,,0.052659555201029
285,284,,,-2675.0,200,False,False,False,True,cutoff,,,0.9148000000000094,epsilon_greedy,,56809,,,,,,,0.045893226018745376
286,285,,,-2675.0,200,False,False,False,True,cutoff,,,0.9145000000000094,epsilon_greedy,,57009,,,,,,,0.21599635643166956
287,286,,,-1883.0,200,False,False,False,True,cutoff,,,0.9142000000000094,epsilon_greedy,,57209,,,,,,,0.09568959634519693
288,287,,,-2081.0,200,False,False,False,True,cutoff,,,0.9139000000000095,epsilon_greedy,,57409,,,,,,,0.21111727333987085
289,288,,,-1784.0,200,False,False,False,True,cutoff,,,0.9136000000000095,epsilon_greedy,,57609,,,,,,,0.07700498717914461
290,289,,,-1586.0,200,False,False,False,True,cutoff,,,0.9133000000000095,epsilon_greedy,,57809,,,,,,,0.08760485853663641
291,290,,,-2675.0,200,False,False,False,True,cutoff,,,0.9130000000000096,epsilon_greedy,,58009,,,,,,,0.05259430272818584
292,291,,,-1190.0,200,False,False,False,True,cutoff,,,0.9127000000000096,epsilon_greedy,,58209,,,,,,,0.09980135346734155
293,292,,,-1586.0,200,False,False,False,True,cutoff,,,0.9124000000000096,epsilon_greedy,,58409,,,,,,,0.07724688119090184
294,293,,,-1784.0,200,False,False,False,True,cutoff,,,0.9121000000000097,epsilon_greedy,,58609,,,,,,,0.22825764902729928
295,294,,,-1883.0,200,False,False,False,True,cutoff,,,0.9118000000000097,epsilon_greedy,,58809,,,,,,,0.0844023058409062
296,295,,,-992.0,200,False,False,False,True,cutoff,,,0.9115000000000097,epsilon_greedy,,59009,,,,,,,0.09181382560359978
297,296,,,-1883.0,200,False,False,False,True,cutoff,,,0.9112000000000098,epsilon_greedy,,59209,,,,,,,0.07977633562352629
298,297,,,-1487.0,200,False,False,False,True,cutoff,,,0.9109000000000098,epsilon_greedy,,59409,,,,,,,0.09184804483873371
299,298,,,-1190.0,200,False,False,False,True,cutoff,,,0.9106000000000098,epsilon_greedy,,59609,,,,,,,0.12291339973265573
300,299,,,-1784.0,200,False,False,False,True,cutoff,,,0.9103000000000099,epsilon_greedy,,59809,,,,,,,0.39266272456687806
301,300,,,-1190.0,200,False,False,False,True,cutoff,,,0.9100000000000099,epsilon_greedy,,60009,,,,,,,0.06949704516232133
302,301,,,-1190.0,200,False,False,False,True,cutoff,,,0.90970000000001,epsilon_greedy,,60209,,,,,,,0.11742475633593041
303,302,,,-1487.0,200,False,False,False,True,cutoff,,,0.90940000000001,epsilon_greedy,,60409,,,,,,,0.07505015172350729
304,303,,,-1586.0,200,False,False,False,True,cutoff,,,0.90910000000001,epsilon_greedy,,60609,,,,,,,0.15688124076836304
305,304,,,-1982.0,200,False,False,False,True,cutoff,,,0.90880000000001,epsilon_greedy,,60809,,,,,,,0.055716461712785846
306,305,,,-1883.0,200,False,False,False,True,cutoff,,,0.9085000000000101,epsilon_greedy,,61009,,,,,,,0.1258850753606649
307,306,,,-1883.0,200,False,False,False,True,cutoff,,,0.9082000000000101,epsilon_greedy,,61209,,,,,,,0.04725647013721693
308,307,,,-695.0,200,False,False,False,True,cutoff,,,0.9079000000000101,epsilon_greedy,,61409,,,,,,,0.11910021613569302
309,308,,,-3170.0,200,False,False,False,True,cutoff,,,0.9076000000000102,epsilon_greedy,,61609,,,,,,,0.0831314279400461
310,309,,,-1586.0,200,False,False,False,True,cutoff,,,0.9073000000000102,epsilon_greedy,,61809,,,,,,,0.17406106805586968
311,310,,,-2378.0,200,False,False,False,True,cutoff,,,0.9070000000000102,epsilon_greedy,,62009,,,,,,,0.051407890766525736
312,311,,,-695.0,200,False,False,False,True,cutoff,,,0.9067000000000103,epsilon_greedy,,62209,,,,,,,0.06921142869269192
313,312,,,-1289.0,200,False,False,False,True,cutoff,,,0.9064000000000103,epsilon_greedy,,62409,,,,,,,0.07786471929187914
314,313,,,-497.0,200,False,False,False,True,cutoff,,,0.9061000000000103,epsilon_greedy,,62609,,,,,,,0.5872013658665152
315,314,,,-1289.0,200,False,False,False,True,cutoff,,,0.9058000000000104,epsilon_greedy,,62809,,,,,,,0.08184759820208874
316,315,,,-695.0,200,False,False,False,True,cutoff,,,0.9055000000000104,epsilon_greedy,,63009,,,,,,,0.40668045357779325
317,316,,,-1586.0,200,False,False,False,True,cutoff,,,0.9052000000000104,epsilon_greedy,,63209,,,,,,,0.09338854701442559
318,317,,,-2477.0,200,False,False,False,True,cutoff,,,0.9049000000000105,epsilon_greedy,,63409,,,,,,,0.25903713757750707
319,318,,,-1091.0,200,False,False,False,True,cutoff,,,0.9046000000000105,epsilon_greedy,,63609,,,,,,,0.19492413425985597
320,319,,,-1883.0,200,False,False,False,True,cutoff,,,0.9043000000000105,epsilon_greedy,,63809,,,,,,,0.11991022194206295
321,320,,,-1190.0,200,False,False,False,True,cutoff,,,0.9040000000000106,epsilon_greedy,,64009,,,,,,,0.15513967863655284
322,321,,,-1190.0,200,False,False,False,True,cutoff,,,0.9037000000000106,epsilon_greedy,,64209,,,,,,,0.08731003453531755
323,322,,,-2972.0,200,False,False,False,True,cutoff,,,0.9034000000000106,epsilon_greedy,,64409,,,,,,,0.06124714666614694
324,323,,,-218.0,119,True,False,True,False,success,,,0.9031000000000107,epsilon_greedy,,64528,,,,,,,0.32830301649917315
325,324,,,-2378.0,200,False,False,False,True,cutoff,,,0.9028000000000107,epsilon_greedy,,64728,,,,,,,0.06948490705005161
326,325,,,-1388.0,200,False,False,False,True,cutoff,,,0.9025000000000107,epsilon_greedy,,64928,,,,,,,0.0727608867625314
327,326,,,-1685.0,200,False,False,False,True,cutoff,,,0.9022000000000108,epsilon_greedy,,65128,,,,,,,0.07864693757079272
328,327,,,-398.0,200,False,False,False,True,cutoff,,,0.9019000000000108,epsilon_greedy,,65328,,,,,,,0.14107391186408139
329,328,,,-596.0,200,False,False,False,True,cutoff,,,0.9016000000000108,epsilon_greedy,,65528,,,,,,,0.08164353278904592
330,329,,,-1487.0,200,False,False,False,True,cutoff,,,0.9013000000000109,epsilon_greedy,,65728,,,,,,,0.37785047961537005
331,330,,,-1982.0,200,False,False,False,True,cutoff,,,0.9010000000000109,epsilon_greedy,,65928,,,,,,,0.07883400321658907
332,331,,,-1883.0,200,False,False,False,True,cutoff,,,0.9007000000000109,epsilon_greedy,,66128,,,,,,,0.3918034729518675
333,332,,,-1784.0,200,False,False,False,True,cutoff,,,0.900400000000011,epsilon_greedy,,66328,,,,,,,0.294372873327521
334,333,,,-893.0,200,False,False,False,True,cutoff,,,0.900100000000011,epsilon_greedy,,66528,,,,,,,0.22302360742620447
335,334,,,-794.0,200,False,False,False,True,cutoff,,,0.899800000000011,epsilon_greedy,,66728,,,,,,,0.1361916915339762
336,335,,,-1091.0,200,False,False,False,True,cutoff,,,0.8995000000000111,epsilon_greedy,,66928,,,,,,,0.10209700139146774
337,336,,,-1883.0,200,False,False,False,True,cutoff,,,0.8992000000000111,epsilon_greedy,,67128,,,,,,,0.2930506672444428
338,337,,,-1982.0,200,False,False,False,True,cutoff,,,0.8989000000000111,epsilon_greedy,,67328,,,,,,,0.12199507342648179
339,338,,,-1091.0,200,False,False,False,True,cutoff,,,0.8986000000000112,epsilon_greedy,,67528,,,,,,,0.06426697755820183
340,339,,,-1685.0,200,False,False,False,True,cutoff,,,0.8983000000000112,epsilon_greedy,,67728,,,,,,,0.10056281279390705
341,340,,,-2477.0,200,False,False,False,True,cutoff,,,0.8980000000000112,epsilon_greedy,,67928,,,,,,,0.0361406361114639
342,341,,,-893.0,200,False,False,False,True,cutoff,,,0.8977000000000113,epsilon_greedy,,68128,,,,,,,0.05782733602013451
343,342,,,-1487.0,200,False,False,False,True,cutoff,,,0.8974000000000113,epsilon_greedy,,68328,,,,,,,0.2821320255922297
344,343,,,-1190.0,200,False,False,False,True,cutoff,,,0.8971000000000113,epsilon_greedy,,68528,,,,,,,0.1695323540796866
345,344,,,-893.0,200,False,False,False,True,cutoff,,,0.8968000000000114,epsilon_greedy,,68728,,,,,,,0.4428790107410879
346,345,,,-1190.0,200,False,False,False,True,cutoff,,,0.8965000000000114,epsilon_greedy,,68928,,,,,,,0.5024079882304551
347,346,,,-1586.0,200,False,False,False,True,cutoff,,,0.8962000000000114,epsilon_greedy,,69128,,,,,,,0.072279358753155
348,347,,,-1883.0,200,False,False,False,True,cutoff,,,0.8959000000000115,epsilon_greedy,,69328,,,,,,,0.16433049797458957
349,348,,,-1487.0,200,False,False,False,True,cutoff,,,0.8956000000000115,epsilon_greedy,,69528,,,,,,,0.29408526224813397
350,349,,,-3071.0,200,False,False,False,True,cutoff,,,0.8953000000000115,epsilon_greedy,,69728,,,,,,,0.06453494222893637
351,350,,,-992.0,200,False,False,False,True,cutoff,,,0.8950000000000116,epsilon_greedy,,69928,,,,,,,0.14714236043215176
352,351,,,-1685.0,200,False,False,False,True,cutoff,,,0.8947000000000116,epsilon_greedy,,70128,,,,,,,0.08135580834064367
353,352,,,-1190.0,200,False,False,False,True,cutoff,,,0.8944000000000116,epsilon_greedy,,70328,,,,,,,0.08707122722834906
354,353,,,-1784.0,200,False,False,False,True,cutoff,,,0.8941000000000117,epsilon_greedy,,70528,,,,,,,0.09383883494183883
355,354,,,-2279.0,200,False,False,False,True,cutoff,,,0.8938000000000117,epsilon_greedy,,70728,,,,,,,0.09414892527637102
356,355,,,-2675.0,200,False,False,False,True,cutoff,,,0.8935000000000117,epsilon_greedy,,70928,,,,,,,0.08227552417374139
357,356,,,-1784.0,200,False,False,False,True,cutoff,,,0.8932000000000118,epsilon_greedy,,71128,,,,,,,0.27437390239958903
358,357,,,-2180.0,200,False,False,False,True,cutoff,,,0.8929000000000118,epsilon_greedy,,71328,,,,,,,0.27356719453261796
359,358,,,-1388.0,200,False,False,False,True,cutoff,,,0.8926000000000118,epsilon_greedy,,71528,,,,,,,0.8220893640192876
360,359,,,-1982.0,200,False,False,False,True,cutoff,,,0.8923000000000119,epsilon_greedy,,71728,,,,,,,0.3052388213327866
361,360,,,-1487.0,200,False,False,False,True,cutoff,,,0.8920000000000119,epsilon_greedy,,71928,,,,,,,0.5122491843511168
362,361,,,-419.0,122,True,False,True,False,success,,,0.8917000000000119,epsilon_greedy,,72050,,,,,,,0.434244494342556
363,362,,,-1685.0,200,False,False,False,True,cutoff,,,0.891400000000012,epsilon_greedy,,72250,,,,,,,0.1657407777040513
364,363,,,-1784.0,200,False,False,False,True,cutoff,,,0.891100000000012,epsilon_greedy,,72450,,,,,,,0.5499783678648835
365,364,,,-2675.0,200,False,False,False,True,cutoff,,,0.890800000000012,epsilon_greedy,,72650,,,,,,,0.10437270391825941
366,365,,,-794.0,200,False,False,False,True,cutoff,,,0.8905000000000121,epsilon_greedy,,72850,,,,,,,0.17122489669765473
367,366,,,-1289.0,200,False,False,False,True,cutoff,,,0.8902000000000121,epsilon_greedy,,73050,,,,,,,0.13067844820971158
368,367,,,-596.0,200,False,False,False,True,cutoff,,,0.8899000000000121,epsilon_greedy,,73250,,,,,,,0.1235485776997249
369,368,,,-1982.0,200,False,False,False,True,cutoff,,,0.8896000000000122,epsilon_greedy,,73450,,,,,,,0.07882055771736764
370,369,,,-756.0,162,True,False,True,False,success,,,0.8893000000000122,epsilon_greedy,,73612,,,,,,,0.25173665880632123
371,370,,,-2576.0,200,False,False,False,True,cutoff,,,0.8890000000000122,epsilon_greedy,,73812,,,,,,,0.06720665951526593
372,371,,,-3071.0,200,False,False,False,True,cutoff,,,0.8887000000000123,epsilon_greedy,,74012,,,,,,,0.23069595470953927
373,372,,,-1388.0,200,False,False,False,True,cutoff,,,0.8884000000000123,epsilon_greedy,,74212,,,,,,,0.11953030059735129
374,373,,,-1487.0,200,False,False,False,True,cutoff,,,0.8881000000000123,epsilon_greedy,,74412,,,,,,,0.1540268333650765
375,374,,,-1388.0,200,False,False,False,True,cutoff,,,0.8878000000000124,epsilon_greedy,,74612,,,,,,,0.43227903371562987
376,375,,,-1091.0,200,False,False,False,True,cutoff,,,0.8875000000000124,epsilon_greedy,,74812,,,,,,,0.15770922091200554
377,376,,,-2180.0,200,False,False,False,True,cutoff,,,0.8872000000000124,epsilon_greedy,,75012,,,,,,,0.0519505702325792
378,377,,,-2477.0,200,False,False,False,True,cutoff,,,0.8869000000000125,epsilon_greedy,,75212,,,,,,,0.06300200041637771
379,378,,,-1685.0,200,False,False,False,True,cutoff,,,0.8866000000000125,epsilon_greedy,,75412,,,,,,,0.05486291087165078
380,379,,,-1388.0,200,False,False,False,True,cutoff,,,0.8863000000000125,epsilon_greedy,,75612,,,,,,,0.19935584688687222
381,380,,,-1685.0,200,False,False,False,True,cutoff,,,0.8860000000000126,epsilon_greedy,,75812,,,,,,,0.05958331596652613
382,381,,,-1091.0,200,False,False,False,True,cutoff,,,0.8857000000000126,epsilon_greedy,,76012,,,,,,,0.2208586958942734
383,382,,,-1487.0,200,False,False,False,True,cutoff,,,0.8854000000000126,epsilon_greedy,,76212,,,,,,,0.39456895392871905
384,383,,,-1190.0,200,False,False,False,True,cutoff,,,0.8851000000000127,epsilon_greedy,,76412,,,,,,,0.28671715903288975
385,384,,,-2081.0,200,False,False,False,True,cutoff,,,0.8848000000000127,epsilon_greedy,,76612,,,,,,,0.11174751849358237
386,385,,,-2378.0,200,False,False,False,True,cutoff,,,0.8845000000000127,epsilon_greedy,,76812,,,,,,,0.07683966881780671
387,386,,,-2576.0,200,False,False,False,True,cutoff,,,0.8842000000000128,epsilon_greedy,,77012,,,,,,,0.12243896164772362
388,387,,,-992.0,200,False,False,False,True,cutoff,,,0.8839000000000128,epsilon_greedy,,77212,,,,,,,0.11167332258292667
389,388,,,-2180.0,200,False,False,False,True,cutoff,,,0.8836000000000128,epsilon_greedy,,77412,,,,,,,0.07486063001595965
390,389,,,-992.0,200,False,False,False,True,cutoff,,,0.8833000000000129,epsilon_greedy,,77612,,,,,,,0.11865572651688908
391,390,,,-1586.0,200,False,False,False,True,cutoff,,,0.8830000000000129,epsilon_greedy,,77812,,,,,,,0.06515407734972598
392,391,,,-1586.0,200,False,False,False,True,cutoff,,,0.8827000000000129,epsilon_greedy,,78012,,,,,,,0.35099918172850486
393,392,,,-1190.0,200,False,False,False,True,cutoff,,,0.882400000000013,epsilon_greedy,,78212,,,,,,,0.08068226404000857
394,393,,,-1388.0,200,False,False,False,True,cutoff,,,0.882100000000013,epsilon_greedy,,78412,,,,,,,0.07148451777319212
395,394,,,-1685.0,200,False,False,False,True,cutoff,,,0.881800000000013,epsilon_greedy,,78612,,,,,,,0.2409555932235317
396,395,,,-1784.0,200,False,False,False,True,cutoff,,,0.881500000000013,epsilon_greedy,,78812,,,,,,,0.21159293617808295
397,396,,,-1289.0,200,False,False,False,True,cutoff,,,0.8812000000000131,epsilon_greedy,,79012,,,,,,,0.10394295576703666
398,397,,,-1982.0,200,False,False,False,True,cutoff,,,0.8809000000000131,epsilon_greedy,,79212,,,,,,,0.08159026411176853
399,398,,,-1685.0,200,False,False,False,True,cutoff,,,0.8806000000000132,epsilon_greedy,,79412,,,,,,,0.09272543248050086
400,399,,,-1883.0,200,False,False,False,True,cutoff,,,0.8803000000000132,epsilon_greedy,,79612,,,,,,,0.10689914184033861
401,400,,,-1685.0,200,False,False,False,True,cutoff,,,0.8800000000000132,epsilon_greedy,,79812,,,,,,,0.2085883341500763
402,401,,,-1388.0,200,False,False,False,True,cutoff,,,0.8797000000000132,epsilon_greedy,,80012,,,,,,,0.12929169557647952
403,402,,,-1586.0,200,False,False,False,True,cutoff,,,0.8794000000000133,epsilon_greedy,,80212,,,,,,,0.15297106828886123
404,403,,,-893.0,200,False,False,False,True,cutoff,,,0.8791000000000133,epsilon_greedy,,80412,,,,,,,0.12198840102210971
405,404,,,-1883.0,200,False,False,False,True,cutoff,,,0.8788000000000133,epsilon_greedy,,80612,,,,,,,0.23829825452224554
406,405,,,-1982.0,200,False,False,False,True,cutoff,,,0.8785000000000134,epsilon_greedy,,80812,,,,,,,0.07326276081353557
407,406,,,-992.0,200,False,False,False,True,cutoff,,,0.8782000000000134,epsilon_greedy,,81012,,,,,,,0.22821133703889768
408,407,,,-1883.0,200,False,False,False,True,cutoff,,,0.8779000000000134,epsilon_greedy,,81212,,,,,,,0.07547171677877967
409,408,,,-1883.0,200,False,False,False,True,cutoff,,,0.8776000000000135,epsilon_greedy,,81412,,,,,,,0.09944598985477018
410,409,,,-1190.0,200,False,False,False,True,cutoff,,,0.8773000000000135,epsilon_greedy,,81612,,,,,,,0.123853573089164
411,410,,,-1982.0,200,False,False,False,True,cutoff,,,0.8770000000000135,epsilon_greedy,,81812,,,,,,,0.10035313775674534
412,411,,,-1784.0,200,False,False,False,True,cutoff,,,0.8767000000000136,epsilon_greedy,,82012,,,,,,,0.09692869635875141
413,412,,,-2081.0,200,False,False,False,True,cutoff,,,0.8764000000000136,epsilon_greedy,,82212,,,,,,,0.18501048030875894
414,413,,,-893.0,200,False,False,False,True,cutoff,,,0.8761000000000136,epsilon_greedy,,82412,,,,,,,0.2503408664518927
415,414,,,-1091.0,200,False,False,False,True,cutoff,,,0.8758000000000137,epsilon_greedy,,82612,,,,,,,0.1750526303119001
416,415,,,-3170.0,200,False,False,False,True,cutoff,,,0.8755000000000137,epsilon_greedy,,82812,,,,,,,0.0635333683922867
417,416,,,-1586.0,200,False,False,False,True,cutoff,,,0.8752000000000137,epsilon_greedy,,83012,,,,,,,0.10048582672220249
418,417,,,-2378.0,200,False,False,False,True,cutoff,,,0.8749000000000138,epsilon_greedy,,83212,,,,,,,0.09430800734219917
419,418,,,-1784.0,200,False,False,False,True,cutoff,,,0.8746000000000138,epsilon_greedy,,83412,,,,,,,0.07719300989531402
420,419,,,-1190.0,200,False,False,False,True,cutoff,,,0.8743000000000138,epsilon_greedy,,83612,,,,,,,0.12927232483184306
421,420,,,-1784.0,200,False,False,False,True,cutoff,,,0.8740000000000139,epsilon_greedy,,83812,,,,,,,0.09493095700194724
422,421,,,-1091.0,200,False,False,False,True,cutoff,,,0.8737000000000139,epsilon_greedy,,84012,,,,,,,0.18576857714729575
423,422,,,-1388.0,200,False,False,False,True,cutoff,,,0.8734000000000139,epsilon_greedy,,84212,,,,,,,0.10751100268093143
424,423,,,-2180.0,200,False,False,False,True,cutoff,,,0.873100000000014,epsilon_greedy,,84412,,,,,,,0.26065560239408975
425,424,,,-1388.0,200,False,False,False,True,cutoff,,,0.872800000000014,epsilon_greedy,,84612,,,,,,,0.052103934740441026
426,425,,,-1586.0,200,False,False,False,True,cutoff,,,0.872500000000014,epsilon_greedy,,84812,,,,,,,0.28621416975181957
427,426,,,-624.0,129,True,False,True,False,success,,,0.8722000000000141,epsilon_greedy,,84941,,,,,,,0.427331539404961
428,427,,,-1982.0,200,False,False,False,True,cutoff,,,0.8719000000000141,epsilon_greedy,,85141,,,,,,,0.08122274879714525
429,428,,,-1388.0,200,False,False,False,True,cutoff,,,0.8716000000000141,epsilon_greedy,,85341,,,,,,,0.23161838836116705
430,429,,,-1289.0,200,False,False,False,True,cutoff,,,0.8713000000000142,epsilon_greedy,,85541,,,,,,,0.07718016751013454
431,430,,,-992.0,200,False,False,False,True,cutoff,,,0.8710000000000142,epsilon_greedy,,85741,,,,,,,0.14964964170437103
432,431,,,-1190.0,200,False,False,False,True,cutoff,,,0.8707000000000142,epsilon_greedy,,85941,,,,,,,0.1218069803735582
433,432,,,-3071.0,200,False,False,False,True,cutoff,,,0.8704000000000143,epsilon_greedy,,86141,,,,,,,0.06544484095774084
434,433,,,-2081.0,200,False,False,False,True,cutoff,,,0.8701000000000143,epsilon_greedy,,86341,,,,,,,0.0717290693786879
435,434,,,-1685.0,200,False,False,False,True,cutoff,,,0.8698000000000143,epsilon_greedy,,86541,,,,,,,0.06060857098125696
436,435,,,-1685.0,200,False,False,False,True,cutoff,,,0.8695000000000144,epsilon_greedy,,86741,,,,,,,0.2170156799642631
437,436,,,-3071.0,200,False,False,False,True,cutoff,,,0.8692000000000144,epsilon_greedy,,86941,,,,,,,0.05719108516789492
438,437,,,-1190.0,200,False,False,False,True,cutoff,,,0.8689000000000144,epsilon_greedy,,87141,,,,,,,0.5258278721477436
439,438,,,-1091.0,200,False,False,False,True,cutoff,,,0.8686000000000145,epsilon_greedy,,87341,,,,,,,0.230262809838686
440,439,,,-2180.0,200,False,False,False,True,cutoff,,,0.8683000000000145,epsilon_greedy,,87541,,,,,,,0.1184434164796496
441,440,,,-1487.0,200,False,False,False,True,cutoff,,,0.8680000000000145,epsilon_greedy,,87741,,,,,,,0.10136728132085589
442,441,,,-1586.0,200,False,False,False,True,cutoff,,,0.8677000000000146,epsilon_greedy,,87941,,,,,,,0.24609803985324372
443,442,,,-1586.0,200,False,False,False,True,cutoff,,,0.8674000000000146,epsilon_greedy,,88141,,,,,,,0.06978410595985095
444,443,,,-1289.0,200,False,False,False,True,cutoff,,,0.8671000000000146,epsilon_greedy,,88341,,,,,,,0.1803161685907977
445,444,,,-1289.0,200,False,False,False,True,cutoff,,,0.8668000000000147,epsilon_greedy,,88541,,,,,,,0.14451802809338454
446,445,,,-794.0,200,False,False,False,True,cutoff,,,0.8665000000000147,epsilon_greedy,,88741,,,,,,,0.15566609423883926
447,446,,,-1388.0,200,False,False,False,True,cutoff,,,0.8662000000000147,epsilon_greedy,,88941,,,,,,,0.08359621571836084
448,447,,,-893.0,200,False,False,False,True,cutoff,,,0.8659000000000148,epsilon_greedy,,89141,,,,,,,0.36714190424042215
449,448,,,-515.0,119,True,False,True,False,success,,,0.8656000000000148,epsilon_greedy,,89260,,,,,,,0.23617308333545203
450,449,,,-1388.0,200,False,False,False,True,cutoff,,,0.8653000000000148,epsilon_greedy,,89460,,,,,,,0.08017581300437826
451,450,,,-2774.0,200,False,False,False,True,cutoff,,,0.8650000000000149,epsilon_greedy,,89660,,,,,,,0.04751972071049718
452,451,,,-1784.0,200,False,False,False,True,cutoff,,,0.8647000000000149,epsilon_greedy,,89860,,,,,,,0.14445710405884477
453,452,,,-1289.0,200,False,False,False,True,cutoff,,,0.8644000000000149,epsilon_greedy,,90060,,,,,,,0.13411524807884112
454,453,,,-2675.0,200,False,False,False,True,cutoff,,,0.864100000000015,epsilon_greedy,,90260,,,,,,,0.25100823870533545
455,454,,,-794.0,200,False,False,False,True,cutoff,,,0.863800000000015,epsilon_greedy,,90460,,,,,,,0.3108922412852162
456,455,,,-1190.0,200,False,False,False,True,cutoff,,,0.863500000000015,epsilon_greedy,,90660,,,,,,,0.192973784870069
457,456,,,-1190.0,200,False,False,False,True,cutoff,,,0.8632000000000151,epsilon_greedy,,90860,,,,,,,0.13913870625493627
458,457,,,-158.0,59,True,False,True,False,success,,,0.8629000000000151,epsilon_greedy,,90919,,,,,,,0.28057467395271796
459,458,,,-1883.0,200,False,False,False,True,cutoff,,,0.8626000000000151,epsilon_greedy,,91119,,,,,,,0.37881674620675915
460,459,,,-1883.0,200,False,False,False,True,cutoff,,,0.8623000000000152,epsilon_greedy,,91319,,,,,,,0.15263124297678396
461,460,,,-2081.0,200,False,False,False,True,cutoff,,,0.8620000000000152,epsilon_greedy,,91519,,,,,,,0.1397869051854596
462,461,,,-457.0,160,True,False,True,False,success,,,0.8617000000000152,epsilon_greedy,,91679,,,,,,,0.2709709983037168
463,462,,,-1487.0,200,False,False,False,True,cutoff,,,0.8614000000000153,epsilon_greedy,,91879,,,,,,,0.0939527795932803
464,463,,,-1091.0,200,False,False,False,True,cutoff,,,0.8611000000000153,epsilon_greedy,,92079,,,,,,,0.4445315596820919
465,464,,,-603.0,108,True,False,True,False,success,,,0.8608000000000153,epsilon_greedy,,92187,,,,,,,0.21914060347679726
466,465,,,-2279.0,200,False,False,False,True,cutoff,,,0.8605000000000154,epsilon_greedy,,92387,,,,,,,0.15495030761388257
467,466,,,-1784.0,200,False,False,False,True,cutoff,,,0.8602000000000154,epsilon_greedy,,92587,,,,,,,0.12184378670535953
468,467,,,-3071.0,200,False,False,False,True,cutoff,,,0.8599000000000154,epsilon_greedy,,92787,,,,,,,0.08950270605968334
469,468,,,-1289.0,200,False,False,False,True,cutoff,,,0.8596000000000155,epsilon_greedy,,92987,,,,,,,0.09559491028475034
470,469,,,-1487.0,200,False,False,False,True,cutoff,,,0.8593000000000155,epsilon_greedy,,93187,,,,,,,0.13530732728374764
471,470,,,-1388.0,200,False,False,False,True,cutoff,,,0.8590000000000155,epsilon_greedy,,93387,,,,,,,0.3345591350404898
472,471,,,-1388.0,200,False,False,False,True,cutoff,,,0.8587000000000156,epsilon_greedy,,93587,,,,,,,0.4856566853317316
473,472,,,-2180.0,200,False,False,False,True,cutoff,,,0.8584000000000156,epsilon_greedy,,93787,,,,,,,0.1242585671053183
474,473,,,-1685.0,200,False,False,False,True,cutoff,,,0.8581000000000156,epsilon_greedy,,93987,,,,,,,0.10824722847769562
475,474,,,-341.0,143,True,False,True,False,success,,,0.8578000000000157,epsilon_greedy,,94130,,,,,,,0.3847519662597461
476,475,,,-1190.0,200,False,False,False,True,cutoff,,,0.8575000000000157,epsilon_greedy,,94330,,,,,,,0.20969041106385455
477,476,,,-497.0,200,False,False,False,True,cutoff,,,0.8572000000000157,epsilon_greedy,,94530,,,,,,,0.4459650235735404
478,477,,,-1586.0,200,False,False,False,True,cutoff,,,0.8569000000000158,epsilon_greedy,,94730,,,,,,,0.20305061474037095
479,478,,,-55.0,55,True,False,True,False,success,,,0.8566000000000158,epsilon_greedy,,94785,,,,,,,0.3369589013070739
480,479,,,-1685.0,200,False,False,False,True,cutoff,,,0.8563000000000158,epsilon_greedy,,94985,,,,,,,0.17046160914406344
481,480,,,-992.0,200,False,False,False,True,cutoff,,,0.8560000000000159,epsilon_greedy,,95185,,,,,,,0.29527149442010797
482,481,,,-1190.0,200,False,False,False,True,cutoff,,,0.8557000000000159,epsilon_greedy,,95385,,,,,,,0.1867476691439968
483,482,,,-794.0,200,False,False,False,True,cutoff,,,0.8554000000000159,epsilon_greedy,,95585,,,,,,,0.2595828892139048
484,483,,,-1289.0,200,False,False,False,True,cutoff,,,0.855100000000016,epsilon_greedy,,95785,,,,,,,0.21656641740784452
485,484,,,-1784.0,200,False,False,False,True,cutoff,,,0.854800000000016,epsilon_greedy,,95985,,,,,,,0.14469627669395657
486,485,,,-2576.0,200,False,False,False,True,cutoff,,,0.854500000000016,epsilon_greedy,,96185,,,,,,,0.07427860662369803
487,486,,,-1586.0,200,False,False,False,True,cutoff,,,0.8542000000000161,epsilon_greedy,,96385,,,,,,,0.14185538261697853
488,487,,,-2180.0,200,False,False,False,True,cutoff,,,0.8539000000000161,epsilon_greedy,,96585,,,,,,,0.2455025258616442
489,488,,,-1586.0,200,False,False,False,True,cutoff,,,0.8536000000000161,epsilon_greedy,,96785,,,,,,,0.13539054645707835
490,489,,,-1487.0,200,False,False,False,True,cutoff,,,0.8533000000000162,epsilon_greedy,,96985,,,,,,,0.1563676364931079
491,490,,,-51.0,51,True,False,True,False,success,,,0.8530000000000162,epsilon_greedy,,97036,,,,,,,0.41089219158898976
492,491,,,-1289.0,200,False,False,False,True,cutoff,,,0.8527000000000162,epsilon_greedy,,97236,,,,,,,0.11401506282046565
493,492,,,-1685.0,200,False,False,False,True,cutoff,,,0.8524000000000163,epsilon_greedy,,97436,,,,,,,0.15238230445926912
494,493,,,-1091.0,200,False,False,False,True,cutoff,,,0.8521000000000163,epsilon_greedy,,97636,,,,,,,0.25604484742456873
495,494,,,-1883.0,200,False,False,False,True,cutoff,,,0.8518000000000163,epsilon_greedy,,97836,,,,,,,0.25654495222689105
496,495,,,-738.0,144,True,False,True,False,success,,,0.8515000000000164,epsilon_greedy,,97980,,,,,,,0.33474260325255056
497,496,,,-2279.0,200,False,False,False,True,cutoff,,,0.8512000000000164,epsilon_greedy,,98180,,,,,,,0.13047387302415425
498,497,,,-778.0,85,True,False,True,False,success,,,0.8509000000000164,epsilon_greedy,,98265,,,,,,,0.14653651969259957
499,498,,,-1091.0,200,False,False,False,True,cutoff,,,0.8506000000000165,epsilon_greedy,,98465,,,,,,,0.2870467955439264
500,499,,,-1883.0,200,False,False,False,True,cutoff,,,0.8503000000000165,epsilon_greedy,,98665,,,,,,,0.17438588836929136
501,500,,,-1289.0,200,False,False,False,True,cutoff,,,0.8500000000000165,epsilon_greedy,,98865,,,,,,,0.25689933440974216
502,501,,,-2675.0,200,False,False,False,True,cutoff,,,0.8497000000000166,epsilon_greedy,,99065,,,,,,,0.3233458976709246
503,502,,,-2180.0,200,False,False,False,True,cutoff,,,0.8494000000000166,epsilon_greedy,,99265,,,,,,,0.09569907518671891
504,503,,,-794.0,200,False,False,False,True,cutoff,,,0.8491000000000166,epsilon_greedy,,99465,,,,,,,0.238889077548495
505,504,,,-1784.0,200,False,False,False,True,cutoff,,,0.8488000000000167,epsilon_greedy,,99665,,,,,,,0.09004525918677675
506,505,,,-716.0,122,True,False,True,False,success,,,0.8485000000000167,epsilon_greedy,,99787,,,,,,,0.17411134799984201
507,506,,,-1487.0,200,False,False,False,True,cutoff,,,0.8482000000000167,epsilon_greedy,,99987,,,,,,,0.11124810937718081
508,507,,,-1883.0,200,False,False,False,True,cutoff,,,0.8479000000000168,epsilon_greedy,,100187,,,,,,,0.0864936878765581
509,508,,,-1487.0,200,False,False,False,True,cutoff,,,0.8476000000000168,epsilon_greedy,,100387,,,,,,,0.12801461058671523
510,509,,,-1784.0,200,False,False,False,True,cutoff,,,0.8473000000000168,epsilon_greedy,,100587,,,,,,,0.16135778160974124
511,510,,,-2279.0,200,False,False,False,True,cutoff,,,0.8470000000000169,epsilon_greedy,,100787,,,,,,,0.06920951817270836
512,511,,,-893.0,200,False,False,False,True,cutoff,,,0.8467000000000169,epsilon_greedy,,100987,,,,,,,0.19558970325032032
513,512,,,-2180.0,200,False,False,False,True,cutoff,,,0.8464000000000169,epsilon_greedy,,101187,,,,,,,0.10308081218261797
514,513,,,-375.0,177,True,False,True,False,success,,,0.846100000000017,epsilon_greedy,,101364,,,,,,,0.2133472464323331
515,514,,,-2972.0,200,False,False,False,True,cutoff,,,0.845800000000017,epsilon_greedy,,101564,,,,,,,0.06586082025420645
516,515,,,-1586.0,200,False,False,False,True,cutoff,,,0.845500000000017,epsilon_greedy,,101764,,,,,,,0.09857969479749856
517,516,,,-2180.0,200,False,False,False,True,cutoff,,,0.845200000000017,epsilon_greedy,,101964,,,,,,,0.3492014840694803
518,517,,,-1487.0,200,False,False,False,True,cutoff,,,0.8449000000000171,epsilon_greedy,,102164,,,,,,,0.501537317555378
519,518,,,-1982.0,200,False,False,False,True,cutoff,,,0.8446000000000171,epsilon_greedy,,102364,,,,,,,0.1023923417715762
520,519,,,-2081.0,200,False,False,False,True,cutoff,,,0.8443000000000171,epsilon_greedy,,102564,,,,,,,0.07959906023840842
521,520,,,-1091.0,200,False,False,False,True,cutoff,,,0.8440000000000172,epsilon_greedy,,102764,,,,,,,0.44134700696458523
522,521,,,-2180.0,200,False,False,False,True,cutoff,,,0.8437000000000172,epsilon_greedy,,102964,,,,,,,0.11315874521411606
523,522,,,-1487.0,200,False,False,False,True,cutoff,,,0.8434000000000172,epsilon_greedy,,103164,,,,,,,0.17704165089544519
524,523,,,-1982.0,200,False,False,False,True,cutoff,,,0.8431000000000173,epsilon_greedy,,103364,,,,,,,0.08152363349271063
525,524,,,-1685.0,200,False,False,False,True,cutoff,,,0.8428000000000173,epsilon_greedy,,103564,,,,,,,0.17449458129377185
526,525,,,-992.0,200,False,False,False,True,cutoff,,,0.8425000000000173,epsilon_greedy,,103764,,,,,,,0.2051708550935457
527,526,,,-1982.0,200,False,False,False,True,cutoff,,,0.8422000000000174,epsilon_greedy,,103964,,,,,,,0.06867714324092207
528,527,,,-1784.0,200,False,False,False,True,cutoff,,,0.8419000000000174,epsilon_greedy,,104164,,,,,,,0.23288513099505664
529,528,,,-1163.0,173,True,False,True,False,success,,,0.8416000000000174,epsilon_greedy,,104337,,,,,,,0.24660690938987853
530,529,,,-1091.0,200,False,False,False,True,cutoff,,,0.8413000000000175,epsilon_greedy,,104537,,,,,,,0.18011926321126867
531,530,,,-1091.0,200,False,False,False,True,cutoff,,,0.8410000000000175,epsilon_greedy,,104737,,,,,,,0.2382261579987239
532,531,,,-2180.0,200,False,False,False,True,cutoff,,,0.8407000000000175,epsilon_greedy,,104937,,,,,,,0.10379445661381496
533,532,,,-1482.0,195,True,False,True,False,success,,,0.8404000000000176,epsilon_greedy,,105132,,,,,,,0.25151333387243524
534,533,,,-2675.0,200,False,False,False,True,cutoff,,,0.8401000000000176,epsilon_greedy,,105332,,,,,,,0.06794426573706025
535,534,,,-2378.0,200,False,False,False,True,cutoff,,,0.8398000000000176,epsilon_greedy,,105532,,,,,,,0.0781885358466659
536,535,,,-1586.0,200,False,False,False,True,cutoff,,,0.8395000000000177,epsilon_greedy,,105732,,,,,,,0.1814429042584743
537,536,,,-1487.0,200,False,False,False,True,cutoff,,,0.8392000000000177,epsilon_greedy,,105932,,,,,,,0.15379473145750738
538,537,,,-1388.0,200,False,False,False,True,cutoff,,,0.8389000000000177,epsilon_greedy,,106132,,,,,,,0.17846636893388215
539,538,,,-1388.0,200,False,False,False,True,cutoff,,,0.8386000000000178,epsilon_greedy,,106332,,,,,,,0.1434463105180092
540,539,,,-1487.0,200,False,False,False,True,cutoff,,,0.8383000000000178,epsilon_greedy,,106532,,,,,,,0.26931638072219455
541,540,,,-1883.0,200,False,False,False,True,cutoff,,,0.8380000000000178,epsilon_greedy,,106732,,,,,,,0.09445614951240369
542,541,,,-1190.0,200,False,False,False,True,cutoff,,,0.8377000000000179,epsilon_greedy,,106932,,,,,,,0.2002091352897708
543,542,,,-1388.0,200,False,False,False,True,cutoff,,,0.8374000000000179,epsilon_greedy,,107132,,,,,,,0.10300431975354414
544,543,,,-1685.0,200,False,False,False,True,cutoff,,,0.8371000000000179,epsilon_greedy,,107332,,,,,,,0.23833707518069133
545,544,,,-695.0,200,False,False,False,True,cutoff,,,0.836800000000018,epsilon_greedy,,107532,,,,,,,0.5116657263037755
546,545,,,-1883.0,200,False,False,False,True,cutoff,,,0.836500000000018,epsilon_greedy,,107732,,,,,,,0.08312764022392441
547,546,,,-679.0,85,True,False,True,False,success,,,0.836200000000018,epsilon_greedy,,107817,,,,,,,0.1383548811883999
548,547,,,-1190.0,200,False,False,False,True,cutoff,,,0.8359000000000181,epsilon_greedy,,108017,,,,,,,0.16648792593651685
549,548,,,-1388.0,200,False,False,False,True,cutoff,,,0.8356000000000181,epsilon_greedy,,108217,,,,,,,0.13829056842304144
550,549,,,-2675.0,200,False,False,False,True,cutoff,,,0.8353000000000181,epsilon_greedy,,108417,,,,,,,0.08590038362284443
551,550,,,-1289.0,200,False,False,False,True,cutoff,,,0.8350000000000182,epsilon_greedy,,108617,,,,,,,0.341636345177548
552,551,,,-1289.0,200,False,False,False,True,cutoff,,,0.8347000000000182,epsilon_greedy,,108817,,,,,,,0.1435281516696714
553,552,,,-95.0,95,True,False,True,False,success,,,0.8344000000000182,epsilon_greedy,,108912,,,,,,,0.37691097880828894
554,553,,,-794.0,200,False,False,False,True,cutoff,,,0.8341000000000183,epsilon_greedy,,109112,,,,,,,0.18060338922119962
555,554,,,-1289.0,200,False,False,False,True,cutoff,,,0.8338000000000183,epsilon_greedy,,109312,,,,,,,0.3150701450476253
556,555,,,-1586.0,200,False,False,False,True,cutoff,,,0.8335000000000183,epsilon_greedy,,109512,,,,,,,0.09014328638307191
557,556,,,-1289.0,200,False,False,False,True,cutoff,,,0.8332000000000184,epsilon_greedy,,109712,,,,,,,0.12083565375077424
558,557,,,-992.0,200,False,False,False,True,cutoff,,,0.8329000000000184,epsilon_greedy,,109912,,,,,,,0.1106847811135372
559,558,,,-1091.0,200,False,False,False,True,cutoff,,,0.8326000000000184,epsilon_greedy,,110112,,,,,,,0.14675718208738794
560,559,,,-1982.0,200,False,False,False,True,cutoff,,,0.8323000000000185,epsilon_greedy,,110312,,,,,,,0.11446632360168767
561,560,,,-1091.0,200,False,False,False,True,cutoff,,,0.8320000000000185,epsilon_greedy,,110512,,,,,,,0.17087440148644417
562,561,,,-929.0,137,True,False,True,False,success,,,0.8317000000000185,epsilon_greedy,,110649,,,,,,,0.2201380932929045
563,562,,,-992.0,200,False,False,False,True,cutoff,,,0.8314000000000186,epsilon_greedy,,110849,,,,,,,0.10528675070945914
564,563,,,-1982.0,200,False,False,False,True,cutoff,,,0.8311000000000186,epsilon_greedy,,111049,,,,,,,0.09408340076858142
565,564,,,-1883.0,200,False,False,False,True,cutoff,,,0.8308000000000186,epsilon_greedy,,111249,,,,,,,0.079390090258057
566,565,,,-1982.0,200,False,False,False,True,cutoff,,,0.8305000000000187,epsilon_greedy,,111449,,,,,,,0.10816061067504396
567,566,,,-1487.0,200,False,False,False,True,cutoff,,,0.8302000000000187,epsilon_greedy,,111649,,,,,,,0.10952818968740191
568,567,,,-1586.0,200,False,False,False,True,cutoff,,,0.8299000000000187,epsilon_greedy,,111849,,,,,,,0.10016515099134676
569,568,,,-2378.0,200,False,False,False,True,cutoff,,,0.8296000000000188,epsilon_greedy,,112049,,,,,,,0.20606002153571054
570,569,,,-1685.0,200,False,False,False,True,cutoff,,,0.8293000000000188,epsilon_greedy,,112249,,,,,,,0.10770036549186038
571,570,,,-1685.0,200,False,False,False,True,cutoff,,,0.8290000000000188,epsilon_greedy,,112449,,,,,,,0.17110538461941158
572,571,,,-1190.0,200,False,False,False,True,cutoff,,,0.8287000000000189,epsilon_greedy,,112649,,,,,,,0.2820212386245144
573,572,,,-1784.0,200,False,False,False,True,cutoff,,,0.8284000000000189,epsilon_greedy,,112849,,,,,,,0.12372424824517174
574,573,,,-992.0,200,False,False,False,True,cutoff,,,0.8281000000000189,epsilon_greedy,,113049,,,,,,,0.14515903078837689
575,574,,,-318.0,120,True,False,True,False,success,,,0.827800000000019,epsilon_greedy,,113169,,,,,,,0.3380826342233043
576,575,,,-721.0,127,True,False,True,False,success,,,0.827500000000019,epsilon_greedy,,113296,,,,,,,0.2221959424688044
577,576,,,-1487.0,200,False,False,False,True,cutoff,,,0.827200000000019,epsilon_greedy,,113496,,,,,,,0.1938602240565641
578,577,,,-78.0,78,True,False,True,False,success,,,0.8269000000000191,epsilon_greedy,,113574,,,,,,,0.323061414081804
579,578,,,-843.0,150,True,False,True,False,success,,,0.8266000000000191,epsilon_greedy,,113724,,,,,,,0.16992996839347835
580,579,,,-1487.0,200,False,False,False,True,cutoff,,,0.8263000000000191,epsilon_greedy,,113924,,,,,,,0.248988181672446
581,580,,,-1487.0,200,False,False,False,True,cutoff,,,0.8260000000000192,epsilon_greedy,,114124,,,,,,,0.13222826695695378
582,581,,,-1784.0,200,False,False,False,True,cutoff,,,0.8257000000000192,epsilon_greedy,,114324,,,,,,,0.10536033760232595
583,582,,,-992.0,200,False,False,False,True,cutoff,,,0.8254000000000192,epsilon_greedy,,114524,,,,,,,0.21546919797875946
584,583,,,-794.0,200,False,False,False,True,cutoff,,,0.8251000000000193,epsilon_greedy,,114724,,,,,,,0.13063435973104973
585,584,,,-1091.0,200,False,False,False,True,cutoff,,,0.8248000000000193,epsilon_greedy,,114924,,,,,,,0.1707585045523173
586,585,,,-154.0,55,True,False,True,False,success,,,0.8245000000000193,epsilon_greedy,,114979,,,,,,,0.20792976864500848
587,586,,,-2477.0,200,False,False,False,True,cutoff,,,0.8242000000000194,epsilon_greedy,,115179,,,,,,,0.15990225016383888
588,587,,,-1190.0,200,False,False,False,True,cutoff,,,0.8239000000000194,epsilon_greedy,,115379,,,,,,,0.11588542798084553
589,588,,,-1388.0,200,False,False,False,True,cutoff,,,0.8236000000000194,epsilon_greedy,,115579,,,,,,,0.25690662033580786
590,589,,,-596.0,200,False,False,False,True,cutoff,,,0.8233000000000195,epsilon_greedy,,115779,,,,,,,0.18268298231060373
591,590,,,-439.0,142,True,False,True,False,success,,,0.8230000000000195,epsilon_greedy,,115921,,,,,,,0.20022305007906255
592,591,,,-1487.0,200,False,False,False,True,cutoff,,,0.8227000000000195,epsilon_greedy,,116121,,,,,,,0.18021992340745868
593,592,,,-276.0,78,True,False,True,False,success,,,0.8224000000000196,epsilon_greedy,,116199,,,,,,,0.2542752312376585
594,593,,,-921.0,129,True,False,True,False,success,,,0.8221000000000196,epsilon_greedy,,116328,,,,,,,0.16997408162630231
595,594,,,-1685.0,200,False,False,False,True,cutoff,,,0.8218000000000196,epsilon_greedy,,116528,,,,,,,0.1844960481650241
596,595,,,-2081.0,200,False,False,False,True,cutoff,,,0.8215000000000197,epsilon_greedy,,116728,,,,,,,0.10360881754042144
597,596,,,-1070.0,179,True,False,True,False,success,,,0.8212000000000197,epsilon_greedy,,116907,,,,,,,0.1760491147615961
598,597,,,-53.0,53,True,False,True,False,success,,,0.8209000000000197,epsilon_greedy,,116960,,,,,,,0.40568133711873705
599,598,,,-1586.0,200,False,False,False,True,cutoff,,,0.8206000000000198,epsilon_greedy,,117160,,,,,,,0.14362218785507858
600,599,,,-1586.0,200,False,False,False,True,cutoff,,,0.8203000000000198,epsilon_greedy,,117360,,,,,,,0.14962124764009477
601,600,,,-1586.0,200,False,False,False,True,cutoff,,,0.8200000000000198,epsilon_greedy,,117560,,,,,,,0.1580497658790707
602,601,,,-134.0,134,True,False,True,False,success,,,0.8197000000000199,epsilon_greedy,,117694,,,,,,,0.33711082560392475
603,602,,,-992.0,200,False,False,False,True,cutoff,,,0.8194000000000199,epsilon_greedy,,117894,,,,,,,0.17077889134223564
604,603,,,-2180.0,200,False,False,False,True,cutoff,,,0.8191000000000199,epsilon_greedy,,118094,,,,,,,0.1603160508701682
605,604,,,-224.0,125,True,False,True,False,success,,,0.81880000000002,epsilon_greedy,,118219,,,,,,,0.20892146037406056
606,605,,,-1685.0,200,False,False,False,True,cutoff,,,0.81850000000002,epsilon_greedy,,118419,,,,,,,0.21188058414639133
607,606,,,-1685.0,200,False,False,False,True,cutoff,,,0.81820000000002,epsilon_greedy,,118619,,,,,,,0.1431613816605211
608,607,,,-1289.0,200,False,False,False,True,cutoff,,,0.81790000000002,epsilon_greedy,,118819,,,,,,,0.1578464791884311
609,608,,,-304.0,106,True,False,True,False,success,,,0.8176000000000201,epsilon_greedy,,118925,,,,,,,0.23410417585136462
610,609,,,-230.0,32,True,False,True,False,success,,,0.8173000000000201,epsilon_greedy,,118957,,,,,,,0.16854157954155943
611,610,,,-992.0,200,False,False,False,True,cutoff,,,0.8170000000000202,epsilon_greedy,,119157,,,,,,,0.14489499704092476
612,611,,,-992.0,200,False,False,False,True,cutoff,,,0.8167000000000202,epsilon_greedy,,119357,,,,,,,0.15309253095261746
613,612,,,-1982.0,200,False,False,False,True,cutoff,,,0.8164000000000202,epsilon_greedy,,119557,,,,,,,0.1282622328632378
614,613,,,-2180.0,200,False,False,False,True,cutoff,,,0.8161000000000203,epsilon_greedy,,119757,,,,,,,0.2713020277523494
615,614,,,-1487.0,200,False,False,False,True,cutoff,,,0.8158000000000203,epsilon_greedy,,119957,,,,,,,0.18005092719797663
616,615,,,-1388.0,200,False,False,False,True,cutoff,,,0.8155000000000203,epsilon_greedy,,120157,,,,,,,0.19198517432288786
617,616,,,-1982.0,200,False,False,False,True,cutoff,,,0.8152000000000204,epsilon_greedy,,120357,,,,,,,0.10928172633544911
618,617,,,-1091.0,200,False,False,False,True,cutoff,,,0.8149000000000204,epsilon_greedy,,120557,,,,,,,0.310106930121983
619,618,,,-1289.0,200,False,False,False,True,cutoff,,,0.8146000000000204,epsilon_greedy,,120757,,,,,,,0.1474170538391107
620,619,,,-961.0,169,True,False,True,False,success,,,0.8143000000000205,epsilon_greedy,,120926,,,,,,,0.2324962946502714
621,620,,,-1784.0,200,False,False,False,True,cutoff,,,0.8140000000000205,epsilon_greedy,,121126,,,,,,,0.19891263256067987
622,621,,,-1982.0,200,False,False,False,True,cutoff,,,0.8137000000000205,epsilon_greedy,,121326,,,,,,,0.12550288042903243
623,622,,,-1685.0,200,False,False,False,True,cutoff,,,0.8134000000000206,epsilon_greedy,,121526,,,,,,,0.17564203764382133
624,623,,,-79.0,79,True,False,True,False,success,,,0.8131000000000206,epsilon_greedy,,121605,,,,,,,0.41899382780006666
625,624,,,-2675.0,200,False,False,False,True,cutoff,,,0.8128000000000206,epsilon_greedy,,121805,,,,,,,0.16252028945102615
626,625,,,-1586.0,200,False,False,False,True,cutoff,,,0.8125000000000207,epsilon_greedy,,122005,,,,,,,0.22386757900881699
627,626,,,-2774.0,200,False,False,False,True,cutoff,,,0.8122000000000207,epsilon_greedy,,122205,,,,,,,0.11878697023431674
628,627,,,-406.0,109,True,False,True,False,success,,,0.8119000000000207,epsilon_greedy,,122314,,,,,,,0.22448597704719084
629,628,,,-1289.0,200,False,False,False,True,cutoff,,,0.8116000000000207,epsilon_greedy,,122514,,,,,,,0.12119699613498092
630,629,,,-1586.0,200,False,False,False,True,cutoff,,,0.8113000000000208,epsilon_greedy,,122714,,,,,,,0.11550790038838428
631,630,,,-2279.0,200,False,False,False,True,cutoff,,,0.8110000000000208,epsilon_greedy,,122914,,,,,,,0.11780292869329365
632,631,,,-893.0,200,False,False,False,True,cutoff,,,0.8107000000000208,epsilon_greedy,,123114,,,,,,,0.2025169377072417
633,632,,,-1487.0,200,False,False,False,True,cutoff,,,0.8104000000000209,epsilon_greedy,,123314,,,,,,,0.12333608572157485
634,633,,,-1586.0,200,False,False,False,True,cutoff,,,0.8101000000000209,epsilon_greedy,,123514,,,,,,,0.10664561933469596
635,634,,,-992.0,200,False,False,False,True,cutoff,,,0.809800000000021,epsilon_greedy,,123714,,,,,,,0.24011646091062155
636,635,,,-695.0,200,False,False,False,True,cutoff,,,0.809500000000021,epsilon_greedy,,123914,,,,,,,0.2775490962922825
637,636,,,-689.0,95,True,False,True,False,success,,,0.809200000000021,epsilon_greedy,,124009,,,,,,,0.29078700376581557
638,637,,,-1388.0,200,False,False,False,True,cutoff,,,0.808900000000021,epsilon_greedy,,124209,,,,,,,0.18302143080409436
639,638,,,-192.0,93,True,False,True,False,success,,,0.8086000000000211,epsilon_greedy,,124302,,,,,,,0.2610772138812496
640,639,,,-1784.0,200,False,False,False,True,cutoff,,,0.8083000000000211,epsilon_greedy,,124502,,,,,,,0.10882868144738783
641,640,,,-893.0,200,False,False,False,True,cutoff,,,0.8080000000000211,epsilon_greedy,,124702,,,,,,,0.12485322294627181
642,641,,,-2081.0,200,False,False,False,True,cutoff,,,0.8077000000000212,epsilon_greedy,,124902,,,,,,,0.15855957325123995
643,642,,,-474.0,78,True,False,True,False,success,,,0.8074000000000212,epsilon_greedy,,124980,,,,,,,0.16284152547494563
644,643,,,-1388.0,200,False,False,False,True,cutoff,,,0.8071000000000212,epsilon_greedy,,125180,,,,,,,0.16212198994905833
645,644,,,-1883.0,200,False,False,False,True,cutoff,,,0.8068000000000213,epsilon_greedy,,125380,,,,,,,0.23470806497089222
646,645,,,-1487.0,200,False,False,False,True,cutoff,,,0.8065000000000213,epsilon_greedy,,125580,,,,,,,0.18517458128897998
647,646,,,-1190.0,200,False,False,False,True,cutoff,,,0.8062000000000213,epsilon_greedy,,125780,,,,,,,0.16229350420663194
648,647,,,-2378.0,200,False,False,False,True,cutoff,,,0.8059000000000214,epsilon_greedy,,125980,,,,,,,0.1342600658628254
649,648,,,-695.0,200,False,False,False,True,cutoff,,,0.8056000000000214,epsilon_greedy,,126180,,,,,,,0.15461461279161437
650,649,,,-2378.0,200,False,False,False,True,cutoff,,,0.8053000000000214,epsilon_greedy,,126380,,,,,,,0.10234838371359642
651,650,,,-440.0,143,True,False,True,False,success,,,0.8050000000000215,epsilon_greedy,,126523,,,,,,,0.23412717726531446
652,651,,,-636.0,141,True,False,True,False,success,,,0.8047000000000215,epsilon_greedy,,126664,,,,,,,0.20379177326222747
653,652,,,-1091.0,200,False,False,False,True,cutoff,,,0.8044000000000215,epsilon_greedy,,126864,,,,,,,0.16147800389903935
654,653,,,-301.0,103,True,False,True,False,success,,,0.8041000000000216,epsilon_greedy,,126967,,,,,,,0.16035712426387477
655,654,,,-1487.0,200,False,False,False,True,cutoff,,,0.8038000000000216,epsilon_greedy,,127167,,,,,,,0.12264763759752466
656,655,,,-885.0,93,True,False,True,False,success,,,0.8035000000000216,epsilon_greedy,,127260,,,,,,,0.11864500621735687
657,656,,,-1685.0,200,False,False,False,True,cutoff,,,0.8032000000000217,epsilon_greedy,,127460,,,,,,,0.09868026222811893
658,657,,,-1784.0,200,False,False,False,True,cutoff,,,0.8029000000000217,epsilon_greedy,,127660,,,,,,,0.2182607198774874
659,658,,,-1586.0,200,False,False,False,True,cutoff,,,0.8026000000000217,epsilon_greedy,,127860,,,,,,,0.1286338214763031
660,659,,,-893.0,200,False,False,False,True,cutoff,,,0.8023000000000218,epsilon_greedy,,128060,,,,,,,0.2566997471243138
661,660,,,-623.0,128,True,False,True,False,success,,,0.8020000000000218,epsilon_greedy,,128188,,,,,,,0.2539743827437067
662,661,,,-893.0,200,False,False,False,True,cutoff,,,0.8017000000000218,epsilon_greedy,,128388,,,,,,,0.2953340487388863
663,662,,,-1388.0,200,False,False,False,True,cutoff,,,0.8014000000000219,epsilon_greedy,,128588,,,,,,,0.1399151593581456
664,663,,,-1586.0,200,False,False,False,True,cutoff,,,0.8011000000000219,epsilon_greedy,,128788,,,,,,,0.09526500851231547
665,664,,,-72.0,72,True,False,True,False,success,,,0.8008000000000219,epsilon_greedy,,128860,,,,,,,0.32688735048024237
666,665,,,-572.0,176,True,False,True,False,success,,,0.800500000000022,epsilon_greedy,,129036,,,,,,,0.23271617727933974
667,666,,,-1289.0,200,False,False,False,True,cutoff,,,0.800200000000022,epsilon_greedy,,129236,,,,,,,0.18667304279467914
668,667,,,-1586.0,200,False,False,False,True,cutoff,,,0.799900000000022,epsilon_greedy,,129436,,,,,,,0.1144971487912109
669,668,,,-1565.0,179,True,False,True,False,success,,,0.7996000000000221,epsilon_greedy,,129615,,,,,,,0.1260102263285664
670,669,,,-2279.0,200,False,False,False,True,cutoff,,,0.7993000000000221,epsilon_greedy,,129815,,,,,,,0.1340692192861325
671,670,,,-1261.0,172,True,False,True,False,success,,,0.7990000000000221,epsilon_greedy,,129987,,,,,,,0.14625336240015405
672,671,,,-1685.0,200,False,False,False,True,cutoff,,,0.7987000000000222,epsilon_greedy,,130187,,,,,,,0.10513213240981088
673,672,,,-893.0,200,False,False,False,True,cutoff,,,0.7984000000000222,epsilon_greedy,,130387,,,,,,,0.17324161812611805
674,673,,,-71.0,71,True,False,True,False,success,,,0.7981000000000222,epsilon_greedy,,130458,,,,,,,0.28870727436095334
675,674,,,-293.0,95,True,False,True,False,success,,,0.7978000000000223,epsilon_greedy,,130553,,,,,,,0.26625617629419807
676,675,,,-1883.0,200,False,False,False,True,cutoff,,,0.7975000000000223,epsilon_greedy,,130753,,,,,,,0.10044108934364872
677,676,,,-1388.0,200,False,False,False,True,cutoff,,,0.7972000000000223,epsilon_greedy,,130953,,,,,,,0.1394912414552328
678,677,,,-1685.0,200,False,False,False,True,cutoff,,,0.7969000000000224,epsilon_greedy,,131153,,,,,,,0.10681199526128772
679,678,,,-1685.0,200,False,False,False,True,cutoff,,,0.7966000000000224,epsilon_greedy,,131353,,,,,,,0.125677927709242
680,679,,,-1091.0,200,False,False,False,True,cutoff,,,0.7963000000000224,epsilon_greedy,,131553,,,,,,,0.11908431949904194
681,680,,,-893.0,200,False,False,False,True,cutoff,,,0.7960000000000225,epsilon_greedy,,131753,,,,,,,0.15995158501231221
682,681,,,-800.0,107,True,False,True,False,success,,,0.7957000000000225,epsilon_greedy,,131860,,,,,,,0.1497990426711355
683,682,,,-1378.0,190,True,False,True,False,success,,,0.7954000000000225,epsilon_greedy,,132050,,,,,,,0.1402461031638767
684,683,,,-992.0,200,False,False,False,True,cutoff,,,0.7951000000000226,epsilon_greedy,,132250,,,,,,,0.22526338647214295
685,684,,,-2180.0,200,False,False,False,True,cutoff,,,0.7948000000000226,epsilon_greedy,,132450,,,,,,,0.1386909128275408
686,685,,,-2081.0,200,False,False,False,True,cutoff,,,0.7945000000000226,epsilon_greedy,,132650,,,,,,,0.1176300734253597
687,686,,,-1091.0,200,False,False,False,True,cutoff,,,0.7942000000000227,epsilon_greedy,,132850,,,,,,,0.23396628585264267
688,687,,,-1487.0,200,False,False,False,True,cutoff,,,0.7939000000000227,epsilon_greedy,,133050,,,,,,,0.1826476131443472
689,688,,,-1685.0,200,False,False,False,True,cutoff,,,0.7936000000000227,epsilon_greedy,,133250,,,,,,,0.10961823521136994
690,689,,,-294.0,96,True,False,True,False,success,,,0.7933000000000228,epsilon_greedy,,133346,,,,,,,0.18950102340428354
691,690,,,-2378.0,200,False,False,False,True,cutoff,,,0.7930000000000228,epsilon_greedy,,133546,,,,,,,0.15609674636944393
692,691,,,-1784.0,200,False,False,False,True,cutoff,,,0.7927000000000228,epsilon_greedy,,133746,,,,,,,0.1076073750246158
693,692,,,-928.0,136,True,False,True,False,success,,,0.7924000000000229,epsilon_greedy,,133882,,,,,,,0.13852238760210492
694,693,,,-1586.0,200,False,False,False,True,cutoff,,,0.7921000000000229,epsilon_greedy,,134082,,,,,,,0.1489458926663919
695,694,,,-1883.0,200,False,False,False,True,cutoff,,,0.7918000000000229,epsilon_greedy,,134282,,,,,,,0.1968489297381736
696,695,,,-1586.0,200,False,False,False,True,cutoff,,,0.791500000000023,epsilon_greedy,,134482,,,,,,,0.21974294310847609
697,696,,,-1388.0,200,False,False,False,True,cutoff,,,0.791200000000023,epsilon_greedy,,134682,,,,,,,0.19578681677596832
698,697,,,-1190.0,200,False,False,False,True,cutoff,,,0.790900000000023,epsilon_greedy,,134882,,,,,,,0.19697651285787315
699,698,,,-1982.0,200,False,False,False,True,cutoff,,,0.7906000000000231,epsilon_greedy,,135082,,,,,,,0.1360109918397034
700,699,,,-1091.0,200,False,False,False,True,cutoff,,,0.7903000000000231,epsilon_greedy,,135282,,,,,,,0.16541534724816004
701,700,,,-1289.0,200,False,False,False,True,cutoff,,,0.7900000000000231,epsilon_greedy,,135482,,,,,,,0.18981791967519235
702,701,,,-794.0,200,False,False,False,True,cutoff,,,0.7897000000000232,epsilon_greedy,,135682,,,,,,,0.13724467779803892
703,702,,,-2081.0,200,False,False,False,True,cutoff,,,0.7894000000000232,epsilon_greedy,,135882,,,,,,,0.10703939198925909
704,703,,,-2279.0,200,False,False,False,True,cutoff,,,0.7891000000000232,epsilon_greedy,,136082,,,,,,,0.10650041665672198
705,704,,,-286.0,88,True,False,True,False,success,,,0.7888000000000233,epsilon_greedy,,136170,,,,,,,0.24869835828521494
706,705,,,-1784.0,200,False,False,False,True,cutoff,,,0.7885000000000233,epsilon_greedy,,136370,,,,,,,0.10619795818466184
707,706,,,-1388.0,200,False,False,False,True,cutoff,,,0.7882000000000233,epsilon_greedy,,136570,,,,,,,0.1466844939938852
708,707,,,-59.0,59,True,False,True,False,success,,,0.7879000000000234,epsilon_greedy,,136629,,,,,,,0.2554777781707758
709,708,,,-1091.0,200,False,False,False,True,cutoff,,,0.7876000000000234,epsilon_greedy,,136829,,,,,,,0.1730649962448348
710,709,,,-276.0,78,True,False,True,False,success,,,0.7873000000000234,epsilon_greedy,,136907,,,,,,,0.2154313072696293
711,710,,,-347.0,50,True,False,True,False,success,,,0.7870000000000235,epsilon_greedy,,136957,,,,,,,0.1485943992974742
712,711,,,-698.0,104,True,False,True,False,success,,,0.7867000000000235,epsilon_greedy,,137061,,,,,,,0.17311310496567806
713,712,,,-1586.0,200,False,False,False,True,cutoff,,,0.7864000000000235,epsilon_greedy,,137261,,,,,,,0.10350506501143734
714,713,,,-1784.0,200,False,False,False,True,cutoff,,,0.7861000000000236,epsilon_greedy,,137461,,,,,,,0.11847949965029908
715,714,,,-1388.0,200,False,False,False,True,cutoff,,,0.7858000000000236,epsilon_greedy,,137661,,,,,,,0.14943725183432455
716,715,,,-710.0,116,True,False,True,False,success,,,0.7855000000000236,epsilon_greedy,,137777,,,,,,,0.15581778403415655
717,716,,,-1883.0,200,False,False,False,True,cutoff,,,0.7852000000000237,epsilon_greedy,,137977,,,,,,,0.1058892484144184
718,717,,,-1586.0,200,False,False,False,True,cutoff,,,0.7849000000000237,epsilon_greedy,,138177,,,,,,,0.11824187693440281
719,718,,,-1091.0,200,False,False,False,True,cutoff,,,0.7846000000000237,epsilon_greedy,,138377,,,,,,,0.12601752490234147
720,719,,,-1388.0,200,False,False,False,True,cutoff,,,0.7843000000000238,epsilon_greedy,,138577,,,,,,,0.14396596280179497
721,720,,,-1289.0,200,False,False,False,True,cutoff,,,0.7840000000000238,epsilon_greedy,,138777,,,,,,,0.11278776299996526
722,721,,,-1133.0,143,True,False,True,False,success,,,0.7837000000000238,epsilon_greedy,,138920,,,,,,,0.10125060788485778
723,722,,,-2378.0,200,False,False,False,True,cutoff,,,0.7834000000000239,epsilon_greedy,,139120,,,,,,,0.1433755871489134
724,723,,,-297.0,99,True,False,True,False,success,,,0.7831000000000239,epsilon_greedy,,139219,,,,,,,0.1790541701486428
725,724,,,-2180.0,200,False,False,False,True,cutoff,,,0.7828000000000239,epsilon_greedy,,139419,,,,,,,0.11639604363020027
726,725,,,-2279.0,200,False,False,False,True,cutoff,,,0.782500000000024,epsilon_greedy,,139619,,,,,,,0.09526582216312963
727,726,,,-2081.0,200,False,False,False,True,cutoff,,,0.782200000000024,epsilon_greedy,,139819,,,,,,,0.1440645012830101
728,727,,,-2774.0,200,False,False,False,True,cutoff,,,0.781900000000024,epsilon_greedy,,140019,,,,,,,0.053910743346552416
729,728,,,-1586.0,200,False,False,False,True,cutoff,,,0.781600000000024,epsilon_greedy,,140219,,,,,,,0.12250429957841
730,729,,,-455.0,59,True,False,True,False,success,,,0.7813000000000241,epsilon_greedy,,140278,,,,,,,0.12246378326405721
731,730,,,-1685.0,200,False,False,False,True,cutoff,,,0.7810000000000241,epsilon_greedy,,140478,,,,,,,0.12138727491634609
732,731,,,-1188.0,198,True,False,True,False,success,,,0.7807000000000242,epsilon_greedy,,140676,,,,,,,0.18511872059936962
733,732,,,-1443.0,156,True,False,True,False,success,,,0.7804000000000242,epsilon_greedy,,140832,,,,,,,0.10449570208576361
734,733,,,-695.0,200,False,False,False,True,cutoff,,,0.7801000000000242,epsilon_greedy,,141032,,,,,,,0.1776130855900664
735,734,,,-2675.0,200,False,False,False,True,cutoff,,,0.7798000000000243,epsilon_greedy,,141232,,,,,,,0.09924517399828683
736,735,,,-2180.0,200,False,False,False,True,cutoff,,,0.7795000000000243,epsilon_greedy,,141432,,,,,,,0.10553187301976558
737,736,,,-579.0,84,True,False,True,False,success,,,0.7792000000000243,epsilon_greedy,,141516,,,,,,,0.13452252942691864
738,737,,,-1784.0,200,False,False,False,True,cutoff,,,0.7789000000000244,epsilon_greedy,,141716,,,,,,,0.1331713189322638
739,738,,,-1645.0,160,True,False,True,False,success,,,0.7786000000000244,epsilon_greedy,,141876,,,,,,,0.11225178681221917
740,739,,,-1080.0,189,True,False,True,False,success,,,0.7783000000000244,epsilon_greedy,,142065,,,,,,,0.1273814416199473
741,740,,,-1190.0,200,False,False,False,True,cutoff,,,0.7780000000000244,epsilon_greedy,,142265,,,,,,,0.15033091616566122
742,741,,,-304.0,106,True,False,True,False,success,,,0.7777000000000245,epsilon_greedy,,142371,,,,,,,0.16746949366535896
743,742,,,-1190.0,200,False,False,False,True,cutoff,,,0.7774000000000245,epsilon_greedy,,142571,,,,,,,0.17356289833892
744,743,,,-927.0,135,True,False,True,False,success,,,0.7771000000000245,epsilon_greedy,,142706,,,,,,,0.156662334457457
745,744,,,-893.0,200,False,False,False,True,cutoff,,,0.7768000000000246,epsilon_greedy,,142906,,,,,,,0.18917875272163745
746,745,,,-1289.0,200,False,False,False,True,cutoff,,,0.7765000000000246,epsilon_greedy,,143106,,,,,,,0.1776527397337082
747,746,,,-934.0,142,True,False,True,False,success,,,0.7762000000000246,epsilon_greedy,,143248,,,,,,,0.17143412047352832
748,747,,,-2873.0,200,False,False,False,True,cutoff,,,0.7759000000000247,epsilon_greedy,,143448,,,,,,,0.06666871599388433
749,748,,,-1883.0,200,False,False,False,True,cutoff,,,0.7756000000000247,epsilon_greedy,,143648,,,,,,,0.13866835355162674
750,749,,,-1784.0,200,False,False,False,True,cutoff,,,0.7753000000000247,epsilon_greedy,,143848,,,,,,,0.15783940840877994
751,750,,,-992.0,200,False,False,False,True,cutoff,,,0.7750000000000248,epsilon_greedy,,144048,,,,,,,0.1754719709028328
752,751,,,-2378.0,200,False,False,False,True,cutoff,,,0.7747000000000248,epsilon_greedy,,144248,,,,,,,0.13817543151714604
753,752,,,-652.0,157,True,False,True,False,success,,,0.7744000000000248,epsilon_greedy,,144405,,,,,,,0.1653264523451178
754,753,,,-407.0,110,True,False,True,False,success,,,0.7741000000000249,epsilon_greedy,,144515,,,,,,,0.13393473439204479
755,754,,,-1452.0,165,True,False,True,False,success,,,0.7738000000000249,epsilon_greedy,,144680,,,,,,,0.14384814256628958
756,755,,,-1289.0,200,False,False,False,True,cutoff,,,0.773500000000025,epsilon_greedy,,144880,,,,,,,0.1675501621494614
757,756,,,-65.0,65,True,False,True,False,success,,,0.773200000000025,epsilon_greedy,,144945,,,,,,,0.19132945804923657
758,757,,,-1190.0,200,False,False,False,True,cutoff,,,0.772900000000025,epsilon_greedy,,145145,,,,,,,0.16498919283620947
759,758,,,-893.0,200,False,False,False,True,cutoff,,,0.772600000000025,epsilon_greedy,,145345,,,,,,,0.2401277527950643
760,759,,,-2180.0,200,False,False,False,True,cutoff,,,0.7723000000000251,epsilon_greedy,,145545,,,,,,,0.10615913442094779
761,760,,,-1388.0,200,False,False,False,True,cutoff,,,0.7720000000000251,epsilon_greedy,,145745,,,,,,,0.1859380942076545
762,761,,,-1289.0,200,False,False,False,True,cutoff,,,0.7717000000000251,epsilon_greedy,,145945,,,,,,,0.12732314814479748
763,762,,,-2081.0,200,False,False,False,True,cutoff,,,0.7714000000000252,epsilon_greedy,,146145,,,,,,,0.10737763707169229
764,763,,,-1586.0,200,False,False,False,True,cutoff,,,0.7711000000000252,epsilon_greedy,,146345,,,,,,,0.15262908148130847
765,764,,,-561.0,66,True,False,True,False,success,,,0.7708000000000252,epsilon_greedy,,146411,,,,,,,0.1017138946131603
766,765,,,-75.0,75,True,False,True,False,success,,,0.7705000000000253,epsilon_greedy,,146486,,,,,,,0.2487183860614632
767,766,,,-992.0,200,False,False,False,True,cutoff,,,0.7702000000000253,epsilon_greedy,,146686,,,,,,,0.19212712919699793
768,767,,,-1190.0,200,False,False,False,True,cutoff,,,0.7699000000000253,epsilon_greedy,,146886,,,,,,,0.14826270452528534
769,768,,,-702.0,108,True,False,True,False,success,,,0.7696000000000254,epsilon_greedy,,146994,,,,,,,0.18916477391048525
770,769,,,-2081.0,200,False,False,False,True,cutoff,,,0.7693000000000254,epsilon_greedy,,147194,,,,,,,0.14210242609980114
771,770,,,-1586.0,200,False,False,False,True,cutoff,,,0.7690000000000254,epsilon_greedy,,147394,,,,,,,0.15920308800624258
772,771,,,-2180.0,200,False,False,False,True,cutoff,,,0.7687000000000255,epsilon_greedy,,147594,,,,,,,0.10659879809425572
773,772,,,-1289.0,200,False,False,False,True,cutoff,,,0.7684000000000255,epsilon_greedy,,147794,,,,,,,0.1157926587179833
774,773,,,-1289.0,200,False,False,False,True,cutoff,,,0.7681000000000255,epsilon_greedy,,147994,,,,,,,0.15663752596454267
775,774,,,-801.0,108,True,False,True,False,success,,,0.7678000000000256,epsilon_greedy,,148102,,,,,,,0.12524666965391557
776,775,,,-751.0,157,True,False,True,False,success,,,0.7675000000000256,epsilon_greedy,,148259,,,,,,,0.20354197890910863
777,776,,,-199.0,100,True,False,True,False,success,,,0.7672000000000256,epsilon_greedy,,148359,,,,,,,0.19769998195282612
778,777,,,-2378.0,200,False,False,False,True,cutoff,,,0.7669000000000257,epsilon_greedy,,148559,,,,,,,0.0902995725528987
779,778,,,-1289.0,200,False,False,False,True,cutoff,,,0.7666000000000257,epsilon_greedy,,148759,,,,,,,0.16462756033566833
780,779,,,-1189.0,199,True,False,True,False,success,,,0.7663000000000257,epsilon_greedy,,148958,,,,,,,0.156555133202588
781,780,,,-722.0,128,True,False,True,False,success,,,0.7660000000000258,epsilon_greedy,,149086,,,,,,,0.16092061799653906
782,781,,,-596.0,101,True,False,True,False,success,,,0.7657000000000258,epsilon_greedy,,149187,,,,,,,0.1682469124822099
783,782,,,-278.0,80,True,False,True,False,success,,,0.7654000000000258,epsilon_greedy,,149267,,,,,,,0.16684831324388333
784,783,,,-794.0,200,False,False,False,True,cutoff,,,0.7651000000000259,epsilon_greedy,,149467,,,,,,,0.1550697962647446
785,784,,,-992.0,200,False,False,False,True,cutoff,,,0.7648000000000259,epsilon_greedy,,149667,,,,,,,0.17372428533492681
786,785,,,-354.0,57,True,False,True,False,success,,,0.7645000000000259,epsilon_greedy,,149724,,,,,,,0.10074679415953192
787,786,,,-794.0,200,False,False,False,True,cutoff,,,0.764200000000026,epsilon_greedy,,149924,,,,,,,0.14346485674830817
788,787,,,-1091.0,200,False,False,False,True,cutoff,,,0.763900000000026,epsilon_greedy,,150124,,,,,,,0.1535438564540652
789,788,,,-748.0,154,True,False,True,False,success,,,0.763600000000026,epsilon_greedy,,150278,,,,,,,0.1287499434283807
790,789,,,-1784.0,200,False,False,False,True,cutoff,,,0.7633000000000261,epsilon_greedy,,150478,,,,,,,0.12514572869626941
791,790,,,-523.0,127,True,False,True,False,success,,,0.7630000000000261,epsilon_greedy,,150605,,,,,,,0.12450803754550067
792,791,,,-850.0,157,True,False,True,False,success,,,0.7627000000000261,epsilon_greedy,,150762,,,,,,,0.16092889045271308
793,792,,,-493.0,97,True,False,True,False,success,,,0.7624000000000262,epsilon_greedy,,150859,,,,,,,0.17339208313969315
794,793,,,-270.0,72,True,False,True,False,success,,,0.7621000000000262,epsilon_greedy,,150931,,,,,,,0.14150877909256748
795,794,,,-40.0,40,True,False,True,False,success,,,0.7618000000000262,epsilon_greedy,,150971,,,,,,,0.13083974371168644
796,795,,,-992.0,200,False,False,False,True,cutoff,,,0.7615000000000263,epsilon_greedy,,151171,,,,,,,0.14426539932057947
797,796,,,-423.0,126,True,False,True,False,success,,,0.7612000000000263,epsilon_greedy,,151297,,,,,,,0.12416869303873022
798,797,,,-1324.0,136,True,False,True,False,success,,,0.7609000000000263,epsilon_greedy,,151433,,,,,,,0.12152209681101533
799,798,,,-885.0,192,True,False,True,False,success,,,0.7606000000000264,epsilon_greedy,,151625,,,,,,,0.13186430792328693
800,799,,,-80.0,80,True,False,True,False,success,,,0.7603000000000264,epsilon_greedy,,151705,,,,,,,0.11767529915465873
801,800,,,-1487.0,200,False,False,False,True,cutoff,,,0.7600000000000264,epsilon_greedy,,151905,,,,,,,0.14992948341560236
802,801,,,-60.0,60,True,False,True,False,success,,,0.7597000000000265,epsilon_greedy,,151965,,,,,,,0.1357073218658332
803,802,,,-270.0,72,True,False,True,False,success,,,0.7594000000000265,epsilon_greedy,,152037,,,,,,,0.14545254665613766
804,803,,,-825.0,132,True,False,True,False,success,,,0.7591000000000265,epsilon_greedy,,152169,,,,,,,0.09861821582543946
805,804,,,-1325.0,137,True,False,True,False,success,,,0.7588000000000266,epsilon_greedy,,152306,,,,,,,0.12054843531702322
806,805,,,-693.0,99,True,False,True,False,success,,,0.7585000000000266,epsilon_greedy,,152405,,,,,,,0.1185693200403556
807,806,,,-408.0,111,True,False,True,False,success,,,0.7582000000000266,epsilon_greedy,,152516,,,,,,,0.1691336204969198
808,807,,,-992.0,200,False,False,False,True,cutoff,,,0.7579000000000267,epsilon_greedy,,152716,,,,,,,0.16720430813680678
809,808,,,-986.0,194,True,False,True,False,success,,,0.7576000000000267,epsilon_greedy,,152910,,,,,,,0.15458172488351127
810,809,,,-169.0,70,True,False,True,False,success,,,0.7573000000000267,epsilon_greedy,,152980,,,,,,,0.14660325204460037
811,810,,,-1476.0,189,True,False,True,False,success,,,0.7570000000000268,epsilon_greedy,,153169,,,,,,,0.12415906396207528
812,811,,,-2279.0,200,False,False,False,True,cutoff,,,0.7567000000000268,epsilon_greedy,,153369,,,,,,,0.10776879462968633
813,812,,,-1086.0,96,True,False,True,False,success,,,0.7564000000000268,epsilon_greedy,,153465,,,,,,,0.10289521972973374
814,813,,,-1091.0,200,False,False,False,True,cutoff,,,0.7561000000000269,epsilon_greedy,,153665,,,,,,,0.147551738225138
815,814,,,-1586.0,200,False,False,False,True,cutoff,,,0.7558000000000269,epsilon_greedy,,153865,,,,,,,0.11964211334949955
816,815,,,-1048.0,157,True,False,True,False,success,,,0.7555000000000269,epsilon_greedy,,154022,,,,,,,0.11970179914389319
817,816,,,-629.0,134,True,False,True,False,success,,,0.755200000000027,epsilon_greedy,,154156,,,,,,,0.16021764126174465
818,817,,,-1289.0,200,False,False,False,True,cutoff,,,0.754900000000027,epsilon_greedy,,154356,,,,,,,0.13238373960822192
819,818,,,-788.0,95,True,False,True,False,success,,,0.754600000000027,epsilon_greedy,,154451,,,,,,,0.10482064658561044
820,819,,,-1357.0,169,True,False,True,False,success,,,0.7543000000000271,epsilon_greedy,,154620,,,,,,,0.12236196520824182
821,820,,,-3071.0,200,False,False,False,True,cutoff,,,0.7540000000000271,epsilon_greedy,,154820,,,,,,,0.09661205335652476
822,821,,,-975.0,84,True,False,True,False,success,,,0.7537000000000271,epsilon_greedy,,154904,,,,,,,0.09035177812108788
823,822,,,-553.0,157,True,False,True,False,success,,,0.7534000000000272,epsilon_greedy,,155061,,,,,,,0.10557168792710482
824,823,,,-1289.0,200,False,False,False,True,cutoff,,,0.7531000000000272,epsilon_greedy,,155261,,,,,,,0.12429701086271706
825,824,,,-266.0,68,True,False,True,False,success,,,0.7528000000000272,epsilon_greedy,,155329,,,,,,,0.10472837239969064
826,825,,,-410.0,113,True,False,True,False,success,,,0.7525000000000273,epsilon_greedy,,155442,,,,,,,0.13497379383384375
827,826,,,-508.0,112,True,False,True,False,success,,,0.7522000000000273,epsilon_greedy,,155554,,,,,,,0.13931280424544476
828,827,,,-1784.0,200,False,False,False,True,cutoff,,,0.7519000000000273,epsilon_greedy,,155754,,,,,,,0.11903265852296123
829,828,,,-1784.0,200,False,False,False,True,cutoff,,,0.7516000000000274,epsilon_greedy,,155954,,,,,,,0.09943297429275783
830,829,,,-475.0,79,True,False,True,False,success,,,0.7513000000000274,epsilon_greedy,,156033,,,,,,,0.13012478949140888
831,830,,,-331.0,133,True,False,True,False,success,,,0.7510000000000274,epsilon_greedy,,156166,,,,,,,0.1322624884484044
832,831,,,-192.0,93,True,False,True,False,success,,,0.7507000000000275,epsilon_greedy,,156259,,,,,,,0.10138251496019579
833,832,,,-1883.0,200,False,False,False,True,cutoff,,,0.7504000000000275,epsilon_greedy,,156459,,,,,,,0.13679058796059526
834,833,,,-342.0,45,True,False,True,False,success,,,0.7501000000000275,epsilon_greedy,,156504,,,,,,,0.08738059146018914
835,834,,,-531.0,135,True,False,True,False,success,,,0.7498000000000276,epsilon_greedy,,156639,,,,,,,0.13250965401279075
836,835,,,-166.0,67,True,False,True,False,success,,,0.7495000000000276,epsilon_greedy,,156706,,,,,,,0.09824791935343136
837,836,,,-630.0,135,True,False,True,False,success,,,0.7492000000000276,epsilon_greedy,,156841,,,,,,,0.13905683622534143
838,837,,,-256.0,58,True,False,True,False,success,,,0.7489000000000277,epsilon_greedy,,156899,,,,,,,0.11652939703872003
839,838,,,-376.0,79,True,False,True,False,success,,,0.7486000000000277,epsilon_greedy,,156978,,,,,,,0.09290806772985553
840,839,,,-474.0,177,True,False,True,False,success,,,0.7483000000000277,epsilon_greedy,,157155,,,,,,,0.14914423762763
841,840,,,-2378.0,200,False,False,False,True,cutoff,,,0.7480000000000278,epsilon_greedy,,157355,,,,,,,0.06945498046220604
842,841,,,-705.0,111,True,False,True,False,success,,,0.7477000000000278,epsilon_greedy,,157466,,,,,,,0.09774729738345705
843,842,,,-189.0,90,True,False,True,False,success,,,0.7474000000000278,epsilon_greedy,,157556,,,,,,,0.13542738813624275
844,843,,,-992.0,200,False,False,False,True,cutoff,,,0.7471000000000279,epsilon_greedy,,157756,,,,,,,0.1177787959168985
845,844,,,-57.0,57,True,False,True,False,success,,,0.7468000000000279,epsilon_greedy,,157813,,,,,,,0.11028379763755855
846,845,,,-2081.0,200,False,False,False,True,cutoff,,,0.7465000000000279,epsilon_greedy,,158013,,,,,,,0.06721903844832106
847,846,,,-794.0,200,False,False,False,True,cutoff,,,0.746200000000028,epsilon_greedy,,158213,,,,,,,0.1162538980827495
848,847,,,-1487.0,200,False,False,False,True,cutoff,,,0.745900000000028,epsilon_greedy,,158413,,,,,,,0.10500541723227302
849,848,,,-2081.0,200,False,False,False,True,cutoff,,,0.745600000000028,epsilon_greedy,,158613,,,,,,,0.08231288971737723
850,849,,,-397.0,100,True,False,True,False,success,,,0.745300000000028,epsilon_greedy,,158713,,,,,,,0.08970384306781055
851,850,,,-258.0,60,True,False,True,False,success,,,0.7450000000000281,epsilon_greedy,,158773,,,,,,,0.06688851727047564
852,851,,,-1091.0,200,False,False,False,True,cutoff,,,0.7447000000000281,epsilon_greedy,,158973,,,,,,,0.11794295777567555
853,852,,,-57.0,57,True,False,True,False,success,,,0.7444000000000282,epsilon_greedy,,159030,,,,,,,0.06858797686594875
854,853,,,-1586.0,200,False,False,False,True,cutoff,,,0.7441000000000282,epsilon_greedy,,159230,,,,,,,0.07831992523031639
855,854,,,-477.0,81,True,False,True,False,success,,,0.7438000000000282,epsilon_greedy,,159311,,,,,,,0.09031716494944467
856,855,,,-299.0,101,True,False,True,False,success,,,0.7435000000000282,epsilon_greedy,,159412,,,,,,,0.13025519531471627
857,856,,,-1289.0,200,False,False,False,True,cutoff,,,0.7432000000000283,epsilon_greedy,,159612,,,,,,,0.10347902905149646
858,857,,,-1084.0,94,True,False,True,False,success,,,0.7429000000000283,epsilon_greedy,,159706,,,,,,,0.07916754055045494
859,858,,,-756.0,162,True,False,True,False,success,,,0.7426000000000283,epsilon_greedy,,159868,,,,,,,0.09523578185323049
860,859,,,-1388.0,200,False,False,False,True,cutoff,,,0.7423000000000284,epsilon_greedy,,160068,,,,,,,0.10080933710351919
861,860,,,-161.0,62,True,False,True,False,success,,,0.7420000000000284,epsilon_greedy,,160130,,,,,,,0.100097230005435
862,861,,,-839.0,146,True,False,True,False,success,,,0.7417000000000284,epsilon_greedy,,160276,,,,,,,0.10143522009935577
863,862,,,-2576.0,200,False,False,False,True,cutoff,,,0.7414000000000285,epsilon_greedy,,160476,,,,,,,0.06672720825525012
864,863,,,-970.0,178,True,False,True,False,success,,,0.7411000000000285,epsilon_greedy,,160654,,,,,,,0.10356419016918116
865,864,,,-1784.0,200,False,False,False,True,cutoff,,,0.7408000000000285,epsilon_greedy,,160854,,,,,,,0.09071930264935339
866,865,,,-1091.0,200,False,False,False,True,cutoff,,,0.7405000000000286,epsilon_greedy,,161054,,,,,,,0.0937377080757293
867,866,,,-2279.0,200,False,False,False,True,cutoff,,,0.7402000000000286,epsilon_greedy,,161254,,,,,,,0.0810611850252282
868,867,,,-2081.0,200,False,False,False,True,cutoff,,,0.7399000000000286,epsilon_greedy,,161454,,,,,,,0.07793091673988178
869,868,,,-545.0,149,True,False,True,False,success,,,0.7396000000000287,epsilon_greedy,,161603,,,,,,,0.09914636651143818
870,869,,,-902.0,110,True,False,True,False,success,,,0.7393000000000287,epsilon_greedy,,161713,,,,,,,0.08666100042672406
871,870,,,-315.0,117,True,False,True,False,success,,,0.7390000000000287,epsilon_greedy,,161830,,,,,,,0.10986431364038218
872,871,,,-2279.0,200,False,False,False,True,cutoff,,,0.7387000000000288,epsilon_greedy,,162030,,,,,,,0.06317264927341132
873,872,,,-1190.0,200,False,False,False,True,cutoff,,,0.7384000000000288,epsilon_greedy,,162230,,,,,,,0.08015811256393748
874,873,,,-1091.0,200,False,False,False,True,cutoff,,,0.7381000000000288,epsilon_greedy,,162430,,,,,,,0.0973130479646897
875,874,,,-142.0,43,True,False,True,False,success,,,0.7378000000000289,epsilon_greedy,,162473,,,,,,,0.052757454548838116
876,875,,,-683.0,188,True,False,True,False,success,,,0.7375000000000289,epsilon_greedy,,162661,,,,,,,0.09844744817317228
877,876,,,-371.0,74,True,False,True,False,success,,,0.7372000000000289,epsilon_greedy,,162735,,,,,,,0.06509834895701995
878,877,,,-42.0,42,True,False,True,False,success,,,0.736900000000029,epsilon_greedy,,162777,,,,,,,0.09122449357532678
879,878,,,-1487.0,200,False,False,False,True,cutoff,,,0.736600000000029,epsilon_greedy,,162977,,,,,,,0.08235658960921077
880,879,,,-311.0,113,True,False,True,False,success,,,0.736300000000029,epsilon_greedy,,163090,,,,,,,0.11078003768476666
881,880,,,-836.0,143,True,False,True,False,success,,,0.7360000000000291,epsilon_greedy,,163233,,,,,,,0.08185162003921378
882,881,,,-2180.0,200,False,False,False,True,cutoff,,,0.7357000000000291,epsilon_greedy,,163433,,,,,,,0.06349998134210769
883,882,,,-1286.0,197,True,False,True,False,success,,,0.7354000000000291,epsilon_greedy,,163630,,,,,,,0.07334204135792116
884,883,,,-1058.0,167,True,False,True,False,success,,,0.7351000000000292,epsilon_greedy,,163797,,,,,,,0.06929865495028349
885,884,,,-992.0,200,False,False,False,True,cutoff,,,0.7348000000000292,epsilon_greedy,,163997,,,,,,,0.08759198241821295
886,885,,,-726.0,132,True,False,True,False,success,,,0.7345000000000292,epsilon_greedy,,164129,,,,,,,0.07517452678075028
887,886,,,-1289.0,200,False,False,False,True,cutoff,,,0.7342000000000293,epsilon_greedy,,164329,,,,,,,0.06788592657168388
888,887,,,-155.0,56,True,False,True,False,success,,,0.7339000000000293,epsilon_greedy,,164385,,,,,,,0.07494478957261255
889,888,,,-401.0,104,True,False,True,False,success,,,0.7336000000000293,epsilon_greedy,,164489,,,,,,,0.06138114255225965
890,889,,,-1982.0,200,False,False,False,True,cutoff,,,0.7333000000000294,epsilon_greedy,,164689,,,,,,,0.058660008844531646
891,890,,,-622.0,127,True,False,True,False,success,,,0.7330000000000294,epsilon_greedy,,164816,,,,,,,0.060974837811450217
892,891,,,-281.0,83,True,False,True,False,success,,,0.7327000000000294,epsilon_greedy,,164899,,,,,,,0.07545943275740548
893,892,,,-1190.0,200,False,False,False,True,cutoff,,,0.7324000000000295,epsilon_greedy,,165099,,,,,,,0.07017189752763606
894,893,,,-429.0,132,True,False,True,False,success,,,0.7321000000000295,epsilon_greedy,,165231,,,,,,,0.0772367689890912
895,894,,,-1883.0,200,False,False,False,True,cutoff,,,0.7318000000000295,epsilon_greedy,,165431,,,,,,,0.04807318558599431
896,895,,,-1289.0,200,False,False,False,True,cutoff,,,0.7315000000000296,epsilon_greedy,,165631,,,,,,,0.0850883244301432
897,896,,,-1388.0,200,False,False,False,True,cutoff,,,0.7312000000000296,epsilon_greedy,,165831,,,,,,,0.07106000584994548
898,897,,,-1463.0,176,True,False,True,False,success,,,0.7309000000000296,epsilon_greedy,,166007,,,,,,,0.05984159556501971
899,898,,,-893.0,200,False,False,False,True,cutoff,,,0.7306000000000297,epsilon_greedy,,166207,,,,,,,0.05503960777216977
900,899,,,-1323.0,135,True,False,True,False,success,,,0.7303000000000297,epsilon_greedy,,166342,,,,,,,0.042191709250955514
901,900,,,-51.0,51,True,False,True,False,success,,,0.7300000000000297,epsilon_greedy,,166393,,,,,,,0.07019360827470646
902,901,,,-105.0,105,True,False,True,False,success,,,0.7297000000000298,epsilon_greedy,,166498,,,,,,,0.05050424570157725
903,902,,,-992.0,200,False,False,False,True,cutoff,,,0.7294000000000298,epsilon_greedy,,166698,,,,,,,0.07255486024042881
904,903,,,-589.0,94,True,False,True,False,success,,,0.7291000000000298,epsilon_greedy,,166792,,,,,,,0.059231198864337975
905,904,,,-159.0,60,True,False,True,False,success,,,0.7288000000000299,epsilon_greedy,,166852,,,,,,,0.04615494627114269
906,905,,,-794.0,200,False,False,False,True,cutoff,,,0.7285000000000299,epsilon_greedy,,167052,,,,,,,0.06909375922421691
907,906,,,-481.0,85,True,False,True,False,success,,,0.7282000000000299,epsilon_greedy,,167137,,,,,,,0.05923316026135994
908,907,,,-65.0,65,True,False,True,False,success,,,0.72790000000003,epsilon_greedy,,167202,,,,,,,0.06219425292989833
909,908,,,-1190.0,200,False,False,False,True,cutoff,,,0.72760000000003,epsilon_greedy,,167402,,,,,,,0.05891843825249676
910,909,,,-1289.0,200,False,False,False,True,cutoff,,,0.72730000000003,epsilon_greedy,,167602,,,,,,,0.049592651476967245
911,910,,,-1487.0,200,False,False,False,True,cutoff,,,0.7270000000000301,epsilon_greedy,,167802,,,,,,,0.07017830369795863
912,911,,,-654.0,159,True,False,True,False,success,,,0.7267000000000301,epsilon_greedy,,167961,,,,,,,0.06407847495495737
913,912,,,-1190.0,200,False,False,False,True,cutoff,,,0.7264000000000301,epsilon_greedy,,168161,,,,,,,0.05998018180035316
914,913,,,-794.0,200,False,False,False,True,cutoff,,,0.7261000000000302,epsilon_greedy,,168361,,,,,,,0.06706753642147319
915,914,,,-254.0,56,True,False,True,False,success,,,0.7258000000000302,epsilon_greedy,,168417,,,,,,,0.06793347630399167
916,915,,,-71.0,71,True,False,True,False,success,,,0.7255000000000302,epsilon_greedy,,168488,,,,,,,0.10595668924538297
917,916,,,-794.0,101,True,False,True,False,success,,,0.7252000000000303,epsilon_greedy,,168589,,,,,,,0.03953471615353643
918,917,,,-893.0,200,False,False,False,True,cutoff,,,0.7249000000000303,epsilon_greedy,,168789,,,,,,,0.07541996010003439
919,918,,,-79.0,79,True,False,True,False,success,,,0.7246000000000303,epsilon_greedy,,168868,,,,,,,0.08156045950175188
920,919,,,-314.0,116,True,False,True,False,success,,,0.7243000000000304,epsilon_greedy,,168984,,,,,,,0.07200323509148719
921,920,,,-1091.0,200,False,False,False,True,cutoff,,,0.7240000000000304,epsilon_greedy,,169184,,,,,,,0.063934458634414
922,921,,,-1289.0,200,False,False,False,True,cutoff,,,0.7237000000000304,epsilon_greedy,,169384,,,,,,,0.04953158999762077
923,922,,,-510.0,114,True,False,True,False,success,,,0.7234000000000305,epsilon_greedy,,169498,,,,,,,0.05007066415070678
924,923,,,-1647.0,162,True,False,True,False,success,,,0.7231000000000305,epsilon_greedy,,169660,,,,,,,0.03607568392891575
925,924,,,-1709.0,125,True,False,True,False,success,,,0.7228000000000305,epsilon_greedy,,169785,,,,,,,0.02291672063068977
926,925,,,-1784.0,200,False,False,False,True,cutoff,,,0.7225000000000306,epsilon_greedy,,169985,,,,,,,0.04685689619286298
927,926,,,-1558.0,172,True,False,True,False,success,,,0.7222000000000306,epsilon_greedy,,170157,,,,,,,0.031964441649572746
928,927,,,-794.0,200,False,False,False,True,cutoff,,,0.7219000000000306,epsilon_greedy,,170357,,,,,,,0.05604799780137396
929,928,,,-1586.0,200,False,False,False,True,cutoff,,,0.7216000000000307,epsilon_greedy,,170557,,,,,,,0.05918663009125808
930,929,,,-1883.0,200,False,False,False,True,cutoff,,,0.7213000000000307,epsilon_greedy,,170757,,,,,,,0.0405508064436395
931,930,,,-805.0,112,True,False,True,False,success,,,0.7210000000000307,epsilon_greedy,,170869,,,,,,,0.03799015485077885
932,931,,,-2180.0,200,False,False,False,True,cutoff,,,0.7207000000000308,epsilon_greedy,,171069,,,,,,,0.03663006801616284
933,932,,,-1883.0,200,False,False,False,True,cutoff,,,0.7204000000000308,epsilon_greedy,,171269,,,,,,,0.04049457419048103
934,933,,,-1388.0,200,False,False,False,True,cutoff,,,0.7201000000000308,epsilon_greedy,,171469,,,,,,,0.0418631054260486
935,934,,,-81.0,81,True,False,True,False,success,,,0.7198000000000309,epsilon_greedy,,171550,,,,,,,0.08123704548321149
936,935,,,-1025.0,134,True,False,True,False,success,,,0.7195000000000309,epsilon_greedy,,171684,,,,,,,0.05943122751794756
937,936,,,-992.0,200,False,False,False,True,cutoff,,,0.7192000000000309,epsilon_greedy,,171884,,,,,,,0.04253817166422392
938,937,,,-436.0,139,True,False,True,False,success,,,0.718900000000031,epsilon_greedy,,172023,,,,,,,0.05620965546840106
939,938,,,-717.0,123,True,False,True,False,success,,,0.718600000000031,epsilon_greedy,,172146,,,,,,,0.03139405402897827
940,939,,,-754.0,160,True,False,True,False,success,,,0.718300000000031,epsilon_greedy,,172306,,,,,,,0.032956946593629965
941,940,,,-1586.0,200,False,False,False,True,cutoff,,,0.7180000000000311,epsilon_greedy,,172506,,,,,,,0.039539997060793274
942,941,,,-415.0,118,True,False,True,False,success,,,0.7177000000000311,epsilon_greedy,,172624,,,,,,,0.05423490399471029
943,942,,,-2675.0,200,False,False,False,True,cutoff,,,0.7174000000000311,epsilon_greedy,,172824,,,,,,,0.031126653319930062
944,943,,,-1685.0,200,False,False,False,True,cutoff,,,0.7171000000000312,epsilon_greedy,,173024,,,,,,,0.029210768078477382
945,944,,,-413.0,116,True,False,True,False,success,,,0.7168000000000312,epsilon_greedy,,173140,,,,,,,0.04341738785946963
946,945,,,-1679.0,194,True,False,True,False,success,,,0.7165000000000312,epsilon_greedy,,173334,,,,,,,0.04181742567849938
947,946,,,-1132.0,142,True,False,True,False,success,,,0.7162000000000313,epsilon_greedy,,173476,,,,,,,0.02386465767246712
948,947,,,-1388.0,200,False,False,False,True,cutoff,,,0.7159000000000313,epsilon_greedy,,173676,,,,,,,0.03578909050177257
949,948,,,-1091.0,200,False,False,False,True,cutoff,,,0.7156000000000313,epsilon_greedy,,173876,,,,,,,0.030317214735462707
950,949,,,-566.0,71,True,False,True,False,success,,,0.7153000000000314,epsilon_greedy,,173947,,,,,,,0.040509639921905344
951,950,,,-264.0,66,True,False,True,False,success,,,0.7150000000000314,epsilon_greedy,,174013,,,,,,,0.014582165040361769
952,951,,,-1883.0,200,False,False,False,True,cutoff,,,0.7147000000000314,epsilon_greedy,,174213,,,,,,,0.039040588425344414
953,952,,,-1784.0,200,False,False,False,True,cutoff,,,0.7144000000000315,epsilon_greedy,,174413,,,,,,,0.030645703424647522
954,953,,,-917.0,125,True,False,True,False,success,,,0.7141000000000315,epsilon_greedy,,174538,,,,,,,0.02102786487139931
955,954,,,-1091.0,200,False,False,False,True,cutoff,,,0.7138000000000315,epsilon_greedy,,174738,,,,,,,0.03728987610520124
956,955,,,-454.0,157,True,False,True,False,success,,,0.7135000000000316,epsilon_greedy,,174895,,,,,,,0.03808927767750233
957,956,,,-893.0,200,False,False,False,True,cutoff,,,0.7132000000000316,epsilon_greedy,,175095,,,,,,,0.04498695662261751
958,957,,,-567.0,72,True,False,True,False,success,,,0.7129000000000316,epsilon_greedy,,175167,,,,,,,0.018213431678286193
959,958,,,-358.0,61,True,False,True,False,success,,,0.7126000000000317,epsilon_greedy,,175228,,,,,,,0.03614242776026495
960,959,,,-2180.0,200,False,False,False,True,cutoff,,,0.7123000000000317,epsilon_greedy,,175428,,,,,,,0.01857782380931594
961,960,,,-1067.0,176,True,False,True,False,success,,,0.7120000000000317,epsilon_greedy,,175604,,,,,,,0.026723621978488397
962,961,,,-1388.0,200,False,False,False,True,cutoff,,,0.7117000000000318,epsilon_greedy,,175804,,,,,,,0.02649672696436828
963,962,,,-1190.0,200,False,False,False,True,cutoff,,,0.7114000000000318,epsilon_greedy,,176004,,,,,,,0.037808413332297494
964,963,,,-1289.0,200,False,False,False,True,cutoff,,,0.7111000000000318,epsilon_greedy,,176204,,,,,,,0.034353468653544716
965,964,,,-1091.0,200,False,False,False,True,cutoff,,,0.7108000000000319,epsilon_greedy,,176404,,,,,,,0.03226837855851917
966,965,,,-992.0,200,False,False,False,True,cutoff,,,0.7105000000000319,epsilon_greedy,,176604,,,,,,,0.03805988519069021
967,966,,,-65.0,65,True,False,True,False,success,,,0.7102000000000319,epsilon_greedy,,176669,,,,,,,0.024768712885292796
968,967,,,-58.0,58,True,False,True,False,success,,,0.709900000000032,epsilon_greedy,,176727,,,,,,,0.027214874076767603
969,968,,,-1289.0,200,False,False,False,True,cutoff,,,0.709600000000032,epsilon_greedy,,176927,,,,,,,0.037656051075908865
970,969,,,-365.0,68,True,False,True,False,success,,,0.709300000000032,epsilon_greedy,,176995,,,,,,,0.03894493798602207
971,970,,,-807.0,114,True,False,True,False,success,,,0.709000000000032,epsilon_greedy,,177109,,,,,,,0.021617411604063937
972,971,,,-1079.0,188,True,False,True,False,success,,,0.7087000000000321,epsilon_greedy,,177297,,,,,,,0.01688786852323086
973,972,,,-1190.0,200,False,False,False,True,cutoff,,,0.7084000000000321,epsilon_greedy,,177497,,,,,,,0.03801971053470159
974,973,,,-1388.0,200,False,False,False,True,cutoff,,,0.7081000000000321,epsilon_greedy,,177697,,,,,,,0.028461298237580143
975,974,,,-385.0,88,True,False,True,False,success,,,0.7078000000000322,epsilon_greedy,,177785,,,,,,,0.019626745953607642
976,975,,,-273.0,75,True,False,True,False,success,,,0.7075000000000322,epsilon_greedy,,177860,,,,,,,0.04245489480266399
977,976,,,-78.0,78,True,False,True,False,success,,,0.7072000000000322,epsilon_greedy,,177938,,,,,,,0.026404725146587277
978,977,,,-2477.0,200,False,False,False,True,cutoff,,,0.7069000000000323,epsilon_greedy,,178138,,,,,,,0.017956111600162365
979,978,,,-566.0,71,True,False,True,False,success,,,0.7066000000000323,epsilon_greedy,,178209,,,,,,,0.028994191651398733
980,979,,,-1289.0,200,False,False,False,True,cutoff,,,0.7063000000000323,epsilon_greedy,,178409,,,,,,,0.019198433033919014
981,980,,,-1388.0,200,False,False,False,True,cutoff,,,0.7060000000000324,epsilon_greedy,,178609,,,,,,,0.02811943304089098
982,981,,,-1584.0,198,True,False,True,False,success,,,0.7057000000000324,epsilon_greedy,,178807,,,,,,,0.013508455054993977
983,982,,,-1289.0,200,False,False,False,True,cutoff,,,0.7054000000000324,epsilon_greedy,,179007,,,,,,,0.018767144204178327
984,983,,,-1289.0,200,False,False,False,True,cutoff,,,0.7051000000000325,epsilon_greedy,,179207,,,,,,,0.026627129170448155
985,984,,,-992.0,200,False,False,False,True,cutoff,,,0.7048000000000325,epsilon_greedy,,179407,,,,,,,0.027151364702104885
986,985,,,-417.0,120,True,False,True,False,success,,,0.7045000000000325,epsilon_greedy,,179527,,,,,,,0.06931785196619954
987,986,,,-1091.0,200,False,False,False,True,cutoff,,,0.7042000000000326,epsilon_greedy,,179727,,,,,,,0.019175930618925974
988,987,,,-169.0,70,True,False,True,False,success,,,0.7039000000000326,epsilon_greedy,,179797,,,,,,,0.023491204012845476
989,988,,,-1360.0,172,True,False,True,False,success,,,0.7036000000000326,epsilon_greedy,,179969,,,,,,,0.016169186532827284
990,989,,,-887.0,194,True,False,True,False,success,,,0.7033000000000327,epsilon_greedy,,180163,,,,,,,0.026440497787393914
991,990,,,-1883.0,200,False,False,False,True,cutoff,,,0.7030000000000327,epsilon_greedy,,180363,,,,,,,0.01599876524443798
992,991,,,-860.0,68,True,False,True,False,success,,,0.7027000000000327,epsilon_greedy,,180431,,,,,,,0.013881738372758357
993,992,,,-1173.0,183,True,False,True,False,success,,,0.7024000000000328,epsilon_greedy,,180614,,,,,,,0.01386215695062391
994,993,,,-1092.0,102,True,False,True,False,success,,,0.7021000000000328,epsilon_greedy,,180716,,,,,,,0.021824188383483
995,994,,,-1091.0,200,False,False,False,True,cutoff,,,0.7018000000000328,epsilon_greedy,,180916,,,,,,,0.02359612915149647
996,995,,,-1883.0,200,False,False,False,True,cutoff,,,0.7015000000000329,epsilon_greedy,,181116,,,,,,,0.016690329793368163
997,996,,,-1685.0,200,False,False,False,True,cutoff,,,0.7012000000000329,epsilon_greedy,,181316,,,,,,,0.016775477010825657
998,997,,,-580.0,85,True,False,True,False,success,,,0.7009000000000329,epsilon_greedy,,181401,,,,,,,0.018708720278347173
999,998,,,-1883.0,200,False,False,False,True,cutoff,,,0.700600000000033,epsilon_greedy,,181601,,,,,,,0.02200342169538752
1000,999,,,-1868.0,185,True,False,True,False,success,,,0.700300000000033,epsilon_greedy,,181786,,,,,,,0.009609957726519775
1001,1000,,,-1047.0,156,True,False,True,False,success,,,0.700000000000033,epsilon_greedy,,181942,,,,,,,0.011575295026282299
1002,1001,,,-1388.0,200,False,False,False,True,cutoff,,,0.6997000000000331,epsilon_greedy,,182142,,,,,,,0.021784394160383153
1003,1002,,,-1388.0,200,False,False,False,True,cutoff,,,0.6994000000000331,epsilon_greedy,,182342,,,,,,,0.016379392955651283
1004,1003,,,-1091.0,200,False,False,False,True,cutoff,,,0.6991000000000331,epsilon_greedy,,182542,,,,,,,0.017710803898867124
1005,1004,,,-871.0,178,True,False,True,False,success,,,0.6988000000000332,epsilon_greedy,,182720,,,,,,,0.0313454148072407
1006,1005,,,-979.0,187,True,False,True,False,success,,,0.6985000000000332,epsilon_greedy,,182907,,,,,,,0.014613583582232331
1007,1006,,,-1186.0,97,True,False,True,False,success,,,0.6982000000000332,epsilon_greedy,,183004,,,,,,,0.004251067555535246
1008,1007,,,-2180.0,200,False,False,False,True,cutoff,,,0.6979000000000333,epsilon_greedy,,183204,,,,,,,0.011101726620407967
1009,1008,,,-163.0,64,True,False,True,False,success,,,0.6976000000000333,epsilon_greedy,,183268,,,,,,,0.0048722094573508505
1010,1009,,,-968.0,176,True,False,True,False,success,,,0.6973000000000333,epsilon_greedy,,183444,,,,,,,0.016012292224213766
1011,1010,,,-1289.0,200,False,False,False,True,cutoff,,,0.6970000000000334,epsilon_greedy,,183644,,,,,,,0.01272074757039661
1012,1011,,,-1685.0,200,False,False,False,True,cutoff,,,0.6967000000000334,epsilon_greedy,,183844,,,,,,,0.016301957110111995
1013,1012,,,-1784.0,200,False,False,False,True,cutoff,,,0.6964000000000334,epsilon_greedy,,184044,,,,,,,0.019831826271282008
1014,1013,,,-1189.0,199,True,False,True,False,success,,,0.6961000000000335,epsilon_greedy,,184243,,,,,,,0.01000546195342779
1015,1014,,,-1190.0,200,False,False,False,True,cutoff,,,0.6958000000000335,epsilon_greedy,,184443,,,,,,,0.01939721310505967
1016,1015,,,-726.0,132,True,False,True,False,success,,,0.6955000000000335,epsilon_greedy,,184575,,,,,,,0.02173973030770752
1017,1016,,,-284.0,86,True,False,True,False,success,,,0.6952000000000336,epsilon_greedy,,184661,,,,,,,0.010885902862099336
1018,1017,,,-556.0,61,True,False,True,False,success,,,0.6949000000000336,epsilon_greedy,,184722,,,,,,,0.00952406661729995
1019,1018,,,-1342.0,154,True,False,True,False,success,,,0.6946000000000336,epsilon_greedy,,184876,,,,,,,0.011976464584621857
1020,1019,,,-1282.0,193,True,False,True,False,success,,,0.6943000000000337,epsilon_greedy,,185069,,,,,,,0.010764339151844183
1021,1020,,,-1388.0,200,False,False,False,True,cutoff,,,0.6940000000000337,epsilon_greedy,,185269,,,,,,,0.01071337302804502
1022,1021,,,-29.0,29,True,False,True,False,success,,,0.6937000000000337,epsilon_greedy,,185298,,,,,,,0.0031001795921694647
1023,1022,,,-49.0,49,True,False,True,False,success,,,0.6934000000000338,epsilon_greedy,,185347,,,,,,,0.009292521838424031
1024,1023,,,-1572.0,186,True,False,True,False,success,,,0.6931000000000338,epsilon_greedy,,185533,,,,,,,0.010450592438741624
1025,1024,,,-1982.0,200,False,False,False,True,cutoff,,,0.6928000000000338,epsilon_greedy,,185733,,,,,,,0.01055093852962196
1026,1025,,,-1982.0,200,False,False,False,True,cutoff,,,0.6925000000000339,epsilon_greedy,,185933,,,,,,,0.015811021461727505
1027,1026,,,-383.0,86,True,False,True,False,success,,,0.6922000000000339,epsilon_greedy,,186019,,,,,,,0.01610001295453759
1028,1027,,,-2180.0,200,False,False,False,True,cutoff,,,0.6919000000000339,epsilon_greedy,,186219,,,,,,,0.007341591073565221
1029,1028,,,-261.0,63,True,False,True,False,success,,,0.691600000000034,epsilon_greedy,,186282,,,,,,,0.019117452255178097
1030,1029,,,-272.0,74,True,False,True,False,success,,,0.691300000000034,epsilon_greedy,,186356,,,,,,,0.007206192303471423
1031,1030,,,-35.0,35,True,False,True,False,success,,,0.691000000000034,epsilon_greedy,,186391,,,,,,,0.003524170277830918
1032,1031,,,-794.0,200,False,False,False,True,cutoff,,,0.6907000000000341,epsilon_greedy,,186591,,,,,,,0.01231758889426496
1033,1032,,,-155.0,56,True,False,True,False,success,,,0.6904000000000341,epsilon_greedy,,186647,,,,,,,0.0032195486504108784
1034,1033,,,-275.0,77,True,False,True,False,success,,,0.6901000000000341,epsilon_greedy,,186724,,,,,,,0.004747393364681562
1035,1034,,,-833.0,140,True,False,True,False,success,,,0.6898000000000342,epsilon_greedy,,186864,,,,,,,0.009341654691965037
1036,1035,,,-1784.0,200,False,False,False,True,cutoff,,,0.6895000000000342,epsilon_greedy,,187064,,,,,,,0.006304429177180316
1037,1036,,,-1487.0,200,False,False,False,True,cutoff,,,0.6892000000000342,epsilon_greedy,,187264,,,,,,,0.015137030347293044
1038,1037,,,-505.0,109,True,False,True,False,success,,,0.6889000000000343,epsilon_greedy,,187373,,,,,,,0.00531020708467865
1039,1038,,,-666.0,171,True,False,True,False,success,,,0.6886000000000343,epsilon_greedy,,187544,,,,,,,0.009745507439825008
1040,1039,,,-497.0,200,False,False,False,True,cutoff,,,0.6883000000000343,epsilon_greedy,,187744,,,,,,,0.013295019668889529
1041,1040,,,-1388.0,200,False,False,False,True,cutoff,,,0.6880000000000344,epsilon_greedy,,187944,,,,,,,0.007790417556686178
1042,1041,,,-1685.0,200,False,False,False,True,cutoff,,,0.6877000000000344,epsilon_greedy,,188144,,,,,,,0.005161758016067557
1043,1042,,,-1289.0,200,False,False,False,True,cutoff,,,0.6874000000000344,epsilon_greedy,,188344,,,,,,,0.011760657091876108
1044,1043,,,-1685.0,200,True,False,True,False,success,,,0.6871000000000345,epsilon_greedy,,188544,,,,,,,0.0062635719505111055
1045,1044,,,-285.0,87,True,False,True,False,success,,,0.6868000000000345,epsilon_greedy,,188631,,,,,,,0.012254077586932241
1046,1045,,,-794.0,200,False,False,False,True,cutoff,,,0.6865000000000345,epsilon_greedy,,188831,,,,,,,0.008791731026327656
1047,1046,,,-2279.0,200,False,False,False,True,cutoff,,,0.6862000000000346,epsilon_greedy,,189031,,,,,,,0.009961800553021507
1048,1047,,,-611.0,116,True,False,True,False,success,,,0.6859000000000346,epsilon_greedy,,189147,,,,,,,0.006333593045796118
1049,1048,,,-2576.0,200,False,False,False,True,cutoff,,,0.6856000000000346,epsilon_greedy,,189347,,,,,,,0.005385750574429191
1050,1049,,,-920.0,128,True,False,True,False,success,,,0.6853000000000347,epsilon_greedy,,189475,,,,,,,0.008660568368369271
1051,1050,,,-275.0,77,True,False,True,False,success,,,0.6850000000000347,epsilon_greedy,,189552,,,,,,,0.0040529750776788385
1052,1051,,,-536.0,140,True,False,True,False,success,,,0.6847000000000347,epsilon_greedy,,189692,,,,,,,0.014763943212009727
1053,1052,,,-1289.0,200,False,False,False,True,cutoff,,,0.6844000000000348,epsilon_greedy,,189892,,,,,,,0.00511941304494719
1054,1053,,,-885.0,93,True,False,True,False,success,,,0.6841000000000348,epsilon_greedy,,189985,,,,,,,0.006423802998060135
1055,1054,,,-44.0,44,True,False,True,False,success,,,0.6838000000000348,epsilon_greedy,,190029,,,,,,,0.004402340871783448
1056,1055,,,-992.0,200,False,False,False,True,cutoff,,,0.6835000000000349,epsilon_greedy,,190229,,,,,,,0.0076934872990868566
1057,1056,,,-1258.0,169,True,False,True,False,success,,,0.6832000000000349,epsilon_greedy,,190398,,,,,,,0.003197422763422616
1058,1057,,,-1784.0,200,False,False,False,True,cutoff,,,0.6829000000000349,epsilon_greedy,,190598,,,,,,,0.0058535147262590015
1059,1058,,,-218.0,119,True,False,True,False,success,,,0.682600000000035,epsilon_greedy,,190717,,,,,,,0.01949908301593537
1060,1059,,,-973.0,181,True,False,True,False,success,,,0.682300000000035,epsilon_greedy,,190898,,,,,,,0.007382752040291345
1061,1060,,,-824.0,131,True,False,True,False,success,,,0.682000000000035,epsilon_greedy,,191029,,,,,,,0.0041921475458871794
1062,1061,,,-1091.0,200,False,False,False,True,cutoff,,,0.6817000000000351,epsilon_greedy,,191229,,,,,,,0.005741109878095254
1063,1062,,,-176.0,77,True,False,True,False,success,,,0.6814000000000351,epsilon_greedy,,191306,,,,,,,0.004396996613061337
1064,1063,,,-992.0,200,False,False,False,True,cutoff,,,0.6811000000000351,epsilon_greedy,,191506,,,,,,,0.0052336483028550965
1065,1064,,,-399.0,102,True,False,True,False,success,,,0.6808000000000352,epsilon_greedy,,191608,,,,,,,0.004182129570830961
1066,1065,,,-1006.0,115,True,False,True,False,success,,,0.6805000000000352,epsilon_greedy,,191723,,,,,,,0.005655103999485231
1067,1066,,,-600.0,105,True,False,True,False,success,,,0.6802000000000352,epsilon_greedy,,191828,,,,,,,0.005161040214670149
1068,1067,,,-1883.0,200,False,False,False,True,cutoff,,,0.6799000000000353,epsilon_greedy,,192028,,,,,,,0.00595769609170681
1069,1068,,,-671.0,77,True,False,True,False,success,,,0.6796000000000353,epsilon_greedy,,192105,,,,,,,0.0031380810333917603
1070,1069,,,-278.0,80,True,False,True,False,success,,,0.6793000000000353,epsilon_greedy,,192185,,,,,,,0.002019404405163226
1071,1070,,,-200.0,101,True,False,True,False,success,,,0.6790000000000354,epsilon_greedy,,192286,,,,,,,0.013284448705558297
1072,1071,,,-1289.0,200,False,False,False,True,cutoff,,,0.6787000000000354,epsilon_greedy,,192486,,,,,,,0.012336706543573762
1073,1072,,,-1487.0,200,False,False,False,True,cutoff,,,0.6784000000000354,epsilon_greedy,,192686,,,,,,,0.008964882117821284
1074,1073,,,-353.0,56,True,False,True,False,success,,,0.6781000000000355,epsilon_greedy,,192742,,,,,,,0.005286992518712309
1075,1074,,,-43.0,43,True,False,True,False,success,,,0.6778000000000355,epsilon_greedy,,192785,,,,,,,0.002268175887186953
1076,1075,,,-1487.0,200,False,False,False,True,cutoff,,,0.6775000000000355,epsilon_greedy,,192985,,,,,,,0.004206032858214362
1077,1076,,,-487.0,91,True,False,True,False,success,,,0.6772000000000356,epsilon_greedy,,193076,,,,,,,0.00554585502861342
1078,1077,,,-1438.0,151,True,False,True,False,success,,,0.6769000000000356,epsilon_greedy,,193227,,,,,,,0.0015249249676911446
1079,1078,,,-249.0,51,True,False,True,False,success,,,0.6766000000000356,epsilon_greedy,,193278,,,,,,,0.0013977885038988181
1080,1079,,,-133.0,34,True,False,True,False,success,,,0.6763000000000357,epsilon_greedy,,193312,,,,,,,0.0030736527022036044
1081,1080,,,-38.0,38,True,False,True,False,success,,,0.6760000000000357,epsilon_greedy,,193350,,,,,,,0.005293178979806523
1082,1081,,,-503.0,107,True,False,True,False,success,,,0.6757000000000357,epsilon_greedy,,193457,,,,,,,0.0037626387587204554
1083,1082,,,-32.0,32,True,False,True,False,success,,,0.6754000000000357,epsilon_greedy,,193489,,,,,,,0.005676028615698488
1084,1083,,,-826.0,133,True,False,True,False,success,,,0.6751000000000358,epsilon_greedy,,193622,,,,,,,0.0038232464457271203
1085,1084,,,-79.0,79,True,False,True,False,success,,,0.6748000000000358,epsilon_greedy,,193701,,,,,,,0.002772438245094759
1086,1085,,,-145.0,46,True,False,True,False,success,,,0.6745000000000358,epsilon_greedy,,193747,,,,,,,0.006911264312167076
1087,1086,,,-274.0,76,True,False,True,False,success,,,0.6742000000000359,epsilon_greedy,,193823,,,,,,,0.00431520501422135
1088,1087,,,-326.0,128,True,False,True,False,success,,,0.6739000000000359,epsilon_greedy,,193951,,,,,,,0.004604989639273312
1089,1088,,,-782.0,89,True,False,True,False,success,,,0.673600000000036,epsilon_greedy,,194040,,,,,,,0.011895094295056668
1090,1089,,,-693.0,99,True,False,True,False,success,,,0.673300000000036,epsilon_greedy,,194139,,,,,,,0.0037376120085133215
1091,1090,,,-893.0,200,False,False,False,True,cutoff,,,0.673000000000036,epsilon_greedy,,194339,,,,,,,0.004590794505940763
1092,1091,,,-1685.0,200,False,False,False,True,cutoff,,,0.672700000000036,epsilon_greedy,,194539,,,,,,,0.017042468379797823
1093,1092,,,-170.0,71,True,False,True,False,success,,,0.6724000000000361,epsilon_greedy,,194610,,,,,,,0.006576317954927627
1094,1093,,,-639.0,144,True,False,True,False,success,,,0.6721000000000361,epsilon_greedy,,194754,,,,,,,0.005092703885630666
1095,1094,,,-1388.0,200,False,False,False,True,cutoff,,,0.6718000000000361,epsilon_greedy,,194954,,,,,,,0.004984713500416174
1096,1095,,,-992.0,200,False,False,False,True,cutoff,,,0.6715000000000362,epsilon_greedy,,195154,,,,,,,0.0053095632251851654
1097,1096,,,-383.0,86,True,False,True,False,success,,,0.6712000000000362,epsilon_greedy,,195240,,,,,,,0.0028769706927809675
1098,1097,,,-637.0,43,True,False,True,False,success,,,0.6709000000000362,epsilon_greedy,,195283,,,,,,,0.0008716393631161111
1099,1098,,,-1685.0,200,False,False,False,True,cutoff,,,0.6706000000000363,epsilon_greedy,,195483,,,,,,,0.0019110013793484637
1100,1099,,,-1259.0,170,True,False,True,False,success,,,0.6703000000000363,epsilon_greedy,,195653,,,,,,,0.004632005369826571
1101,1100,,,-1586.0,200,False,False,False,True,cutoff,,,0.6700000000000363,epsilon_greedy,,195853,,,,,,,0.001966456574189509
1102,1101,,,-399.0,102,True,False,True,False,success,,,0.6697000000000364,epsilon_greedy,,195955,,,,,,,0.006354237518307902
1103,1102,,,-728.0,134,True,False,True,False,success,,,0.6694000000000364,epsilon_greedy,,196089,,,,,,,0.0035434197239369828
1104,1103,,,-45.0,45,True,False,True,False,success,,,0.6691000000000364,epsilon_greedy,,196134,,,,,,,0.0018547134504185486
1105,1104,,,-52.0,52,True,False,True,False,success,,,0.6688000000000365,epsilon_greedy,,196186,,,,,,,0.026271838085854052
1106,1105,,,-667.0,172,True,False,True,False,success,,,0.6685000000000365,epsilon_greedy,,196358,,,,,,,0.00536153007964089
1107,1106,,,-1685.0,200,False,False,False,True,cutoff,,,0.6682000000000365,epsilon_greedy,,196558,,,,,,,0.0020094808039515487
1108,1107,,,-1091.0,200,False,False,False,True,cutoff,,,0.6679000000000366,epsilon_greedy,,196758,,,,,,,0.0063290722906497576
1109,1108,,,-893.0,200,False,False,False,True,cutoff,,,0.6676000000000366,epsilon_greedy,,196958,,,,,,,0.010509369670111162
1110,1109,,,-868.0,175,True,False,True,False,success,,,0.6673000000000366,epsilon_greedy,,197133,,,,,,,0.002974124183055336
1111,1110,,,-484.0,88,True,False,True,False,success,,,0.6670000000000367,epsilon_greedy,,197221,,,,,,,0.0009600710715940204
1112,1111,,,-1223.0,134,True,False,True,False,success,,,0.6667000000000367,epsilon_greedy,,197355,,,,,,,0.0027472953334744805
1113,1112,,,-162.0,63,True,False,True,False,success,,,0.6664000000000367,epsilon_greedy,,197418,,,,,,,0.002177434768089576
1114,1113,,,-146.0,47,True,False,True,False,success,,,0.6661000000000368,epsilon_greedy,,197465,,,,,,,0.016761624462743114
1115,1114,,,-811.0,118,True,False,True,False,success,,,0.6658000000000368,epsilon_greedy,,197583,,,,,,,0.007087052659801194
1116,1115,,,-1487.0,200,False,False,False,True,cutoff,,,0.6655000000000368,epsilon_greedy,,197783,,,,,,,0.003265120754534885
1117,1116,,,-537.0,141,True,False,True,False,success,,,0.6652000000000369,epsilon_greedy,,197924,,,,,,,0.003055647148461248
1118,1117,,,-2378.0,200,False,False,False,True,cutoff,,,0.6649000000000369,epsilon_greedy,,198124,,,,,,,0.001561539096589718
1119,1118,,,-482.0,86,True,False,True,False,success,,,0.6646000000000369,epsilon_greedy,,198210,,,,,,,0.002322499168535839
1120,1119,,,-1247.0,158,True,False,True,False,success,,,0.664300000000037,epsilon_greedy,,198368,,,,,,,0.0020334534171507416
1121,1120,,,-603.0,108,True,False,True,False,success,,,0.664000000000037,epsilon_greedy,,198476,,,,,,,0.0021628767033589798
1122,1121,,,-274.0,76,True,False,True,False,success,,,0.663700000000037,epsilon_greedy,,198552,,,,,,,0.0015987843888943926
1123,1122,,,-528.0,132,True,False,True,False,success,,,0.6634000000000371,epsilon_greedy,,198684,,,,,,,0.0017854100429118163
1124,1123,,,-46.0,46,True,False,True,False,success,,,0.6631000000000371,epsilon_greedy,,198730,,,,,,,0.0007949803434603936
1125,1124,,,-435.0,138,True,False,True,False,success,,,0.6628000000000371,epsilon_greedy,,198868,,,,,,,0.005176219375709351
1126,1125,,,-52.0,52,True,False,True,False,success,,,0.6625000000000372,epsilon_greedy,,198920,,,,,,,0.003026322744196572
1127,1126,,,-50.0,50,True,False,True,False,success,,,0.6622000000000372,epsilon_greedy,,198970,,,,,,,0.001832058999777766
1128,1127,,,-238.0,40,True,False,True,False,success,,,0.6619000000000372,epsilon_greedy,,199010,,,,,,,0.000458428571148739
1129,1128,,,-1132.0,142,True,False,True,False,success,,,0.6616000000000373,epsilon_greedy,,199152,,,,,,,0.006533262041722747
1130,1129,,,-1363.0,175,True,False,True,False,success,,,0.6613000000000373,epsilon_greedy,,199327,,,,,,,0.0015899313192021542
1131,1130,,,-598.0,103,True,False,True,False,success,,,0.6610000000000373,epsilon_greedy,,199430,,,,,,,0.0013949746578034996
1132,1131,,,-152.0,53,True,False,True,False,success,,,0.6607000000000374,epsilon_greedy,,199483,,,,,,,0.0010134405271183622
1133,1132,,,-183.0,84,True,False,True,False,success,,,0.6604000000000374,epsilon_greedy,,199567,,,,,,,0.00350925013916262
1134,1133,,,-669.0,75,True,False,True,False,success,,,0.6601000000000374,epsilon_greedy,,199642,,,,,,,0.0007249586245816279
1135,1134,,,-1388.0,200,False,False,False,True,cutoff,,,0.6598000000000375,epsilon_greedy,,199842,,,,,,,0.0014850519887451873
1136,1135,,,-257.0,59,True,False,True,False,success,,,0.6595000000000375,epsilon_greedy,,199901,,,,,,,0.0018049775031205636
1137,1136,,,-648.0,153,True,False,True,False,success,,,0.6592000000000375,epsilon_greedy,,200054,,,,,,,0.0031915860845820416
1138,1137,,,-1388.0,200,False,False,False,True,cutoff,,,0.6589000000000376,epsilon_greedy,,200254,,,,,,,0.0015567352650781663
1139,1138,,,-780.0,87,True,False,True,False,success,,,0.6586000000000376,epsilon_greedy,,200341,,,,,,,0.0011733057849293187
1140,1139,,,-1190.0,200,False,False,False,True,cutoff,,,0.6583000000000376,epsilon_greedy,,200541,,,,,,,0.0014367533758876871
1141,1140,,,-241.0,43,True,False,True,False,success,,,0.6580000000000377,epsilon_greedy,,200584,,,,,,,0.002144441226854754
1142,1141,,,-717.0,123,True,False,True,False,success,,,0.6577000000000377,epsilon_greedy,,200707,,,,,,,0.0021292155044812435
1143,1142,,,-493.0,97,True,False,True,False,success,,,0.6574000000000377,epsilon_greedy,,200804,,,,,,,0.006289590918345442
1144,1143,,,-1467.0,180,True,False,True,False,success,,,0.6571000000000378,epsilon_greedy,,200984,,,,,,,0.007316870026005103
1145,1144,,,-171.0,72,True,False,True,False,success,,,0.6568000000000378,epsilon_greedy,,201056,,,,,,,0.0013417448156988446
1146,1145,,,-1073.0,182,True,False,True,False,success,,,0.6565000000000378,epsilon_greedy,,201238,,,,,,,0.0011586573996164736
1147,1146,,,-2081.0,200,False,False,False,True,cutoff,,,0.6562000000000379,epsilon_greedy,,201438,,,,,,,0.0015452723179936
1148,1147,,,-900.0,108,True,False,True,False,success,,,0.6559000000000379,epsilon_greedy,,201546,,,,,,,0.0004098746600131618
1149,1148,,,-1190.0,200,False,False,False,True,cutoff,,,0.6556000000000379,epsilon_greedy,,201746,,,,,,,0.003108474516005786
1150,1149,,,-573.0,78,True,False,True,False,success,,,0.655300000000038,epsilon_greedy,,201824,,,,,,,0.0010177322512199129
1151,1150,,,-345.0,48,True,False,True,False,success,,,0.655000000000038,epsilon_greedy,,201872,,,,,,,0.00018407240510334016
1152,1151,,,-289.0,91,True,False,True,False,success,,,0.654700000000038,epsilon_greedy,,201963,,,,,,,0.001429733120251971
1153,1152,,,-613.0,118,True,False,True,False,success,,,0.6544000000000381,epsilon_greedy,,202081,,,,,,,0.0011865694597064892
1154,1153,,,-780.0,87,True,False,True,False,success,,,0.6541000000000381,epsilon_greedy,,202168,,,,,,,0.00025335067828311696
1155,1154,,,-169.0,70,True,False,True,False,success,,,0.6538000000000381,epsilon_greedy,,202238,,,,,,,0.0015346052641023432
1156,1155,,,-687.0,93,True,False,True,False,success,,,0.6535000000000382,epsilon_greedy,,202331,,,,,,,0.003777371161285248
1157,1156,,,-223.0,25,True,False,True,False,success,,,0.6532000000000382,epsilon_greedy,,202356,,,,,,,8.408533885556846e-05
1158,1157,,,-1487.0,200,False,False,False,True,cutoff,,,0.6529000000000382,epsilon_greedy,,202556,,,,,,,0.0010153676608941065
1159,1158,,,-823.0,130,True,False,True,False,success,,,0.6526000000000383,epsilon_greedy,,202686,,,,,,,0.0010153757727864037
1160,1159,,,-794.0,200,False,False,False,True,cutoff,,,0.6523000000000383,epsilon_greedy,,202886,,,,,,,0.0015763110097808985
1161,1160,,,-48.0,48,True,False,True,False,success,,,0.6520000000000383,epsilon_greedy,,202934,,,,,,,0.00036070989012706306
1162,1161,,,-1388.0,200,False,False,False,True,cutoff,,,0.6517000000000384,epsilon_greedy,,203134,,,,,,,0.0027589281741711735
1163,1162,,,-1883.0,200,False,False,False,True,cutoff,,,0.6514000000000384,epsilon_greedy,,203334,,,,,,,0.0004937711708889636
1164,1163,,,-226.0,28,True,False,True,False,success,,,0.6511000000000384,epsilon_greedy,,203362,,,,,,,0.00021663978706432902
1165,1164,,,-1281.0,192,True,False,True,False,success,,,0.6508000000000385,epsilon_greedy,,203554,,,,,,,0.0006640275596663114
1166,1165,,,-2081.0,200,False,False,False,True,cutoff,,,0.6505000000000385,epsilon_greedy,,203754,,,,,,,0.0005092036765734909
1167,1166,,,-54.0,54,True,False,True,False,success,,,0.6502000000000385,epsilon_greedy,,203808,,,,,,,0.0007786531752604085
1168,1167,,,-431.0,134,True,False,True,False,success,,,0.6499000000000386,epsilon_greedy,,203942,,,,,,,0.0052384090639055235
1169,1168,,,-658.0,64,True,False,True,False,success,,,0.6496000000000386,epsilon_greedy,,204006,,,,,,,0.0015868690154862732
1170,1169,,,-146.0,47,True,False,True,False,success,,,0.6493000000000386,epsilon_greedy,,204053,,,,,,,0.0005120048101442965
1171,1170,,,-169.0,70,True,False,True,False,success,,,0.6490000000000387,epsilon_greedy,,204123,,,,,,,0.0016358851478324166
1172,1171,,,-1487.0,200,False,False,False,True,cutoff,,,0.6487000000000387,epsilon_greedy,,204323,,,,,,,0.0016094366124967062
1173,1172,,,-692.0,98,True,False,True,False,success,,,0.6484000000000387,epsilon_greedy,,204421,,,,,,,0.0011285428685290728
1174,1173,,,-1057.0,166,True,False,True,False,success,,,0.6481000000000388,epsilon_greedy,,204587,,,,,,,0.0004876395962746183
1175,1174,,,-442.0,145,True,False,True,False,success,,,0.6478000000000388,epsilon_greedy,,204732,,,,,,,0.0034640429721870644
1176,1175,,,-794.0,200,False,False,False,True,cutoff,,,0.6475000000000388,epsilon_greedy,,204932,,,,,,,0.0019047521760983466
1177,1176,,,-1388.0,200,False,False,False,True,cutoff,,,0.6472000000000389,epsilon_greedy,,205132,,,,,,,0.002130069776879597
1178,1177,,,-1473.0,186,True,False,True,False,success,,,0.6469000000000389,epsilon_greedy,,205318,,,,,,,0.0009727035011275273
1179,1178,,,-794.0,200,False,False,False,True,cutoff,,,0.6466000000000389,epsilon_greedy,,205518,,,,,,,0.0008360215590536369
1180,1179,,,-2081.0,200,False,False,False,True,cutoff,,,0.646300000000039,epsilon_greedy,,205718,,,,,,,0.0004112441066381489
1181,1180,,,-152.0,53,True,False,True,False,success,,,0.646000000000039,epsilon_greedy,,205771,,,,,,,0.0013104861748482184
1182,1181,,,-817.0,124,True,False,True,False,success,,,0.645700000000039,epsilon_greedy,,205895,,,,,,,0.0010271428331910866
1183,1182,,,-967.0,175,True,False,True,False,success,,,0.645400000000039,epsilon_greedy,,206070,,,,,,,0.0005897302275754893
1184,1183,,,-172.0,73,True,False,True,False,success,,,0.6451000000000391,epsilon_greedy,,206143,,,,,,,0.0009639211473954369
1185,1184,,,-360.0,63,True,False,True,False,success,,,0.6448000000000391,epsilon_greedy,,206206,,,,,,,0.0009574762362954025
1186,1185,,,-394.0,97,True,False,True,False,success,,,0.6445000000000392,epsilon_greedy,,206303,,,,,,,0.0009912488018895887
1187,1186,,,-529.0,133,True,False,True,False,success,,,0.6442000000000392,epsilon_greedy,,206436,,,,,,,0.0012751271930250567
1188,1187,,,-528.0,132,True,False,True,False,success,,,0.6439000000000392,epsilon_greedy,,206568,,,,,,,0.0014535089041264107
1189,1188,,,-1016.0,125,True,False,True,False,success,,,0.6436000000000393,epsilon_greedy,,206693,,,,,,,0.0018040678759008255
1190,1189,,,-1277.0,188,True,False,True,False,success,,,0.6433000000000393,epsilon_greedy,,206881,,,,,,,0.0004755772916967708
1191,1190,,,-277.0,79,True,False,True,False,success,,,0.6430000000000393,epsilon_greedy,,206960,,,,,,,0.0005639691379504348
1192,1191,,,-723.0,129,True,False,True,False,success,,,0.6427000000000394,epsilon_greedy,,207089,,,,,,,0.0007191339622871893
1193,1192,,,-638.0,143,True,False,True,False,success,,,0.6424000000000394,epsilon_greedy,,207232,,,,,,,0.0012419556478664858
1194,1193,,,-1586.0,200,False,False,False,True,cutoff,,,0.6421000000000394,epsilon_greedy,,207432,,,,,,,0.0003301264205186838
1195,1194,,,-402.0,105,True,False,True,False,success,,,0.6418000000000395,epsilon_greedy,,207537,,,,,,,0.0005321046928868488
1196,1195,,,-1851.0,168,True,False,True,False,success,,,0.6415000000000395,epsilon_greedy,,207705,,,,,,,0.004410125489328246
1197,1196,,,-471.0,75,True,False,True,False,success,,,0.6412000000000395,epsilon_greedy,,207780,,,,,,,0.0027793033757194598
1198,1197,,,-855.0,162,True,False,True,False,success,,,0.6409000000000395,epsilon_greedy,,207942,,,,,,,0.0026235666293034925
1199,1198,,,-49.0,49,True,False,True,False,success,,,0.6406000000000396,epsilon_greedy,,207991,,,,,,,0.00327805238255352
1200,1199,,,-1036.0,145,True,False,True,False,success,,,0.6403000000000396,epsilon_greedy,,208136,,,,,,,0.0017649264404446042
1201,1200,,,-279.0,81,True,False,True,False,success,,,0.6400000000000396,epsilon_greedy,,208217,,,,,,,0.0004798525872269777
1202,1201,,,-385.0,88,True,False,True,False,success,,,0.6397000000000397,epsilon_greedy,,208305,,,,,,,0.002346261976142337
1203,1202,,,-470.0,74,True,False,True,False,success,,,0.6394000000000397,epsilon_greedy,,208379,,,,,,,0.001153069539820078
1204,1203,,,-2279.0,200,False,False,False,True,cutoff,,,0.6391000000000397,epsilon_greedy,,208579,,,,,,,0.00030178564466516456
1205,1204,,,-1091.0,200,False,False,False,True,cutoff,,,0.6388000000000398,epsilon_greedy,,208779,,,,,,,0.005282820599406542
1206,1205,,,-605.0,110,True,False,True,False,success,,,0.6385000000000398,epsilon_greedy,,208889,,,,,,,0.0004531031459785849
1207,1206,,,-2279.0,200,False,False,False,True,cutoff,,,0.6382000000000398,epsilon_greedy,,209089,,,,,,,0.003800497038080897
1208,1207,,,-363.0,66,True,False,True,False,success,,,0.6379000000000399,epsilon_greedy,,209155,,,,,,,0.0004019448989197661
1209,1208,,,-634.0,139,True,False,True,False,success,,,0.6376000000000399,epsilon_greedy,,209294,,,,,,,0.0005027455503945839
1210,1209,,,-1477.0,190,True,False,True,False,success,,,0.63730000000004,epsilon_greedy,,209484,,,,,,,0.00041065444258390674
1211,1210,,,-930.0,138,True,False,True,False,success,,,0.63700000000004,epsilon_greedy,,209622,,,,,,,0.0017504619560020668
1212,1211,,,-43.0,43,True,False,True,False,success,,,0.63670000000004,epsilon_greedy,,209665,,,,,,,0.0038818224174875095
1213,1212,,,-938.0,146,True,False,True,False,success,,,0.63640000000004,epsilon_greedy,,209811,,,,,,,0.0010068124151553226
1214,1213,,,-1680.0,195,True,False,True,False,success,,,0.6361000000000401,epsilon_greedy,,210006,,,,,,,0.0024777216196039224
1215,1214,,,-44.0,44,True,False,True,False,success,,,0.6358000000000401,epsilon_greedy,,210050,,,,,,,0.00017357784158223875
1216,1215,,,-398.0,101,True,False,True,False,success,,,0.6355000000000401,epsilon_greedy,,210151,,,,,,,0.0021080283957925633
1217,1216,,,-130.0,31,True,False,True,False,success,,,0.6352000000000402,epsilon_greedy,,210182,,,,,,,1.6514949945632638e-05
1218,1217,,,-190.0,91,True,False,True,False,success,,,0.6349000000000402,epsilon_greedy,,210273,,,,,,,0.0006244502326223828
1219,1218,,,-1586.0,200,False,False,False,True,cutoff,,,0.6346000000000402,epsilon_greedy,,210473,,,,,,,0.002074691921139502
1220,1219,,,-1586.0,200,False,False,False,True,cutoff,,,0.6343000000000403,epsilon_greedy,,210673,,,,,,,0.0002537995019803829
1221,1220,,,-1487.0,200,False,False,False,True,cutoff,,,0.6340000000000403,epsilon_greedy,,210873,,,,,,,0.00028783416888415123
1222,1221,,,-145.0,46,True,False,True,False,success,,,0.6337000000000403,epsilon_greedy,,210919,,,,,,,9.245920922694862e-05
1223,1222,,,-1190.0,200,False,False,False,True,cutoff,,,0.6334000000000404,epsilon_greedy,,211119,,,,,,,0.00045996875797727377
1224,1223,,,-1685.0,200,False,False,False,True,cutoff,,,0.6331000000000404,epsilon_greedy,,211319,,,,,,,0.0008522830453088969
1225,1224,,,-1289.0,200,False,False,False,True,cutoff,,,0.6328000000000404,epsilon_greedy,,211519,,,,,,,0.0002613402998862768
1226,1225,,,-588.0,93,True,False,True,False,success,,,0.6325000000000405,epsilon_greedy,,211612,,,,,,,0.00015835577277662714
1227,1226,,,-1784.0,200,False,False,False,True,cutoff,,,0.6322000000000405,epsilon_greedy,,211812,,,,,,,0.0021097513766928323
1228,1227,,,-466.0,70,True,False,True,False,success,,,0.6319000000000405,epsilon_greedy,,211882,,,,,,,8.46092844681623e-05
1229,1228,,,-1487.0,200,False,False,False,True,cutoff,,,0.6316000000000406,epsilon_greedy,,212082,,,,,,,0.00021563925380204462
1230,1229,,,-508.0,112,True,False,True,False,success,,,0.6313000000000406,epsilon_greedy,,212194,,,,,,,0.0004786841419020844
1231,1230,,,-30.0,30,True,False,True,False,success,,,0.6310000000000406,epsilon_greedy,,212224,,,,,,,0.00010837298227040678
1232,1231,,,-50.0,50,True,False,True,False,success,,,0.6307000000000407,epsilon_greedy,,212274,,,,,,,0.00026984794228243294
1233,1232,,,-295.0,97,True,False,True,False,success,,,0.6304000000000407,epsilon_greedy,,212371,,,,,,,0.0004786172131234435
1234,1233,,,-1190.0,200,False,False,False,True,cutoff,,,0.6301000000000407,epsilon_greedy,,212571,,,,,,,0.0004698091354608014
1235,1234,,,-48.0,48,True,False,True,False,success,,,0.6298000000000408,epsilon_greedy,,212619,,,,,,,0.0002692688656190286
1236,1235,,,-157.0,58,True,False,True,False,success,,,0.6295000000000408,epsilon_greedy,,212677,,,,,,,0.00016915772539914903
1237,1236,,,-161.0,62,True,False,True,False,success,,,0.6292000000000408,epsilon_greedy,,212739,,,,,,,0.00045779889836039533
1238,1237,,,-64.0,64,True,False,True,False,success,,,0.6289000000000409,epsilon_greedy,,212803,,,,,,,0.00048331703564761033
1239,1238,,,-43.0,43,True,False,True,False,success,,,0.6286000000000409,epsilon_greedy,,212846,,,,,,,0.0001415628862340301
1240,1239,,,-893.0,200,False,False,False,True,cutoff,,,0.6283000000000409,epsilon_greedy,,213046,,,,,,,0.0005971953803119146
1241,1240,,,-1685.0,200,False,False,False,True,cutoff,,,0.628000000000041,epsilon_greedy,,213246,,,,,,,0.0010948251243423602
1242,1241,,,-391.0,94,True,False,True,False,success,,,0.627700000000041,epsilon_greedy,,213340,,,,,,,0.0004843541476338898
1243,1242,,,-37.0,37,True,False,True,False,success,,,0.627400000000041,epsilon_greedy,,213377,,,,,,,4.28407750529802e-05
1244,1243,,,-280.0,82,True,False,True,False,success,,,0.6271000000000411,epsilon_greedy,,213459,,,,,,,0.00023431349972106896
1245,1244,,,-373.0,76,True,False,True,False,success,,,0.6268000000000411,epsilon_greedy,,213535,,,,,,,0.00136554885614306
1246,1245,,,-1244.0,155,True,False,True,False,success,,,0.6265000000000411,epsilon_greedy,,213690,,,,,,,0.0003467019526985356
1247,1246,,,-572.0,77,True,False,True,False,success,,,0.6262000000000412,epsilon_greedy,,213767,,,,,,,0.0013901009905289636
1248,1247,,,-1685.0,200,False,False,False,True,cutoff,,,0.6259000000000412,epsilon_greedy,,213967,,,,,,,0.00037721149806436483
1249,1248,,,-237.0,39,True,False,True,False,success,,,0.6256000000000412,epsilon_greedy,,214006,,,,,,,3.6527654536928805e-05
1250,1249,,,-984.0,192,True,False,True,False,success,,,0.6253000000000413,epsilon_greedy,,214198,,,,,,,0.0002781981300682644
1251,1250,,,-1487.0,200,False,False,False,True,cutoff,,,0.6250000000000413,epsilon_greedy,,214398,,,,,,,0.00021099362348686368
1252,1251,,,-1086.0,96,True,False,True,False,success,,,0.6247000000000413,epsilon_greedy,,214494,,,,,,,0.00014989606298397803
1253,1252,,,-400.0,103,True,False,True,False,success,,,0.6244000000000414,epsilon_greedy,,214597,,,,,,,0.0002508950002873011
1254,1253,,,-1358.0,170,True,False,True,False,success,,,0.6241000000000414,epsilon_greedy,,214767,,,,,,,9.236972065948828e-05
1255,1254,,,-1091.0,200,False,False,False,True,cutoff,,,0.6238000000000414,epsilon_greedy,,214967,,,,,,,0.0015201744820980468
1256,1255,,,-673.0,79,True,False,True,False,success,,,0.6235000000000415,epsilon_greedy,,215046,,,,,,,0.00018271945769202138
1257,1256,,,-151.0,52,True,False,True,False,success,,,0.6232000000000415,epsilon_greedy,,215098,,,,,,,0.00032456350881689453
1258,1257,,,-311.0,113,True,False,True,False,success,,,0.6229000000000415,epsilon_greedy,,215211,,,,,,,0.00026019834189137665
1259,1258,,,-1190.0,200,False,False,False,True,cutoff,,,0.6226000000000416,epsilon_greedy,,215411,,,,,,,0.0008887977075960829
1260,1259,,,-27.0,27,True,False,True,False,success,,,0.6223000000000416,epsilon_greedy,,215438,,,,,,,7.837818274440227e-05
1261,1260,,,-57.0,57,True,False,True,False,success,,,0.6220000000000416,epsilon_greedy,,215495,,,,,,,0.0002214008788845979
1262,1261,,,-412.0,115,True,False,True,False,success,,,0.6217000000000417,epsilon_greedy,,215610,,,,,,,0.00020562992511565116
1263,1262,,,-141.0,42,True,False,True,False,success,,,0.6214000000000417,epsilon_greedy,,215652,,,,,,,0.00030860983305137593
1264,1263,,,-715.0,121,True,False,True,False,success,,,0.6211000000000417,epsilon_greedy,,215773,,,,,,,0.00038257506011259927
1265,1264,,,-1487.0,200,False,False,False,True,cutoff,,,0.6208000000000418,epsilon_greedy,,215973,,,,,,,0.0003736703540729169
1266,1265,,,-386.0,89,True,False,True,False,success,,,0.6205000000000418,epsilon_greedy,,216062,,,,,,,0.0002354223457047265
1267,1266,,,-357.0,60,True,False,True,False,success,,,0.6202000000000418,epsilon_greedy,,216122,,,,,,,0.00012106112754936004
1268,1267,,,-1586.0,200,False,False,False,True,cutoff,,,0.6199000000000419,epsilon_greedy,,216322,,,,,,,9.224754404848934e-05
1269,1268,,,-378.0,81,True,False,True,False,success,,,0.6196000000000419,epsilon_greedy,,216403,,,,,,,0.00014910201734443906
1270,1269,,,-620.0,125,True,False,True,False,success,,,0.6193000000000419,epsilon_greedy,,216528,,,,,,,0.0003802658730288382
1271,1270,,,-405.0,108,True,False,True,False,success,,,0.619000000000042,epsilon_greedy,,216636,,,,,,,0.00021333799395978348
1272,1271,,,-1013.0,122,True,False,True,False,success,,,0.618700000000042,epsilon_greedy,,216758,,,,,,,7.749235646532953e-05
1273,1272,,,-32.0,32,True,False,True,False,success,,,0.618400000000042,epsilon_greedy,,216790,,,,,,,1.8980897634801597e-05
1274,1273,,,-235.0,37,True,False,True,False,success,,,0.6181000000000421,epsilon_greedy,,216827,,,,,,,1.7112221885057682e-05
1275,1274,,,-1136.0,146,True,False,True,False,success,,,0.6178000000000421,epsilon_greedy,,216973,,,,,,,0.0001218792208143331
1276,1275,,,-170.0,71,True,False,True,False,success,,,0.6175000000000421,epsilon_greedy,,217044,,,,,,,0.00013613458976069313
1277,1276,,,-883.0,91,True,False,True,False,success,,,0.6172000000000422,epsilon_greedy,,217135,,,,,,,1.4276584141289554e-05
1278,1277,,,-248.0,50,True,False,True,False,success,,,0.6169000000000422,epsilon_greedy,,217185,,,,,,,0.0002252146805995592
1279,1278,,,-561.0,66,True,False,True,False,success,,,0.6166000000000422,epsilon_greedy,,217251,,,,,,,3.8864414861016314e-05
1280,1279,,,-623.0,128,True,False,True,False,success,,,0.6163000000000423,epsilon_greedy,,217379,,,,,,,0.0008399995908353886
1281,1280,,,-66.0,66,True,False,True,False,success,,,0.6160000000000423,epsilon_greedy,,217445,,,,,,,0.0013380135905004464
1282,1281,,,-73.0,73,True,False,True,False,success,,,0.6157000000000423,epsilon_greedy,,217518,,,,,,,0.00010337583110614882
1283,1282,,,-557.0,62,True,False,True,False,success,,,0.6154000000000424,epsilon_greedy,,217580,,,,,,,0.004764569712178474
1284,1283,,,-250.0,52,True,False,True,False,success,,,0.6151000000000424,epsilon_greedy,,217632,,,,,,,0.000551842221208132
1285,1284,,,-150.0,51,True,False,True,False,success,,,0.6148000000000424,epsilon_greedy,,217683,,,,,,,4.6955351873661956e-05
1286,1285,,,-50.0,50,True,False,True,False,success,,,0.6145000000000425,epsilon_greedy,,217733,,,,,,,0.000147266864250577
1287,1286,,,-1067.0,77,True,False,True,False,success,,,0.6142000000000425,epsilon_greedy,,217810,,,,,,,8.616470566955783e-05
1288,1287,,,-610.0,115,True,False,True,False,success,,,0.6139000000000425,epsilon_greedy,,217925,,,,,,,0.00011066092457053956
1289,1288,,,-1185.0,96,True,False,True,False,success,,,0.6136000000000426,epsilon_greedy,,218021,,,,,,,0.00025748480552650194
1290,1289,,,-519.0,123,True,False,True,False,success,,,0.6133000000000426,epsilon_greedy,,218144,,,,,,,0.00019350130417765027
1291,1290,,,-47.0,47,True,False,True,False,success,,,0.6130000000000426,epsilon_greedy,,218191,,,,,,,0.00018839138513104342
1292,1291,,,-623.0,128,True,False,True,False,success,,,0.6127000000000427,epsilon_greedy,,218319,,,,,,,0.0022414958531794763
1293,1292,,,-819.0,126,True,False,True,False,success,,,0.6124000000000427,epsilon_greedy,,218445,,,,,,,6.146073711563304e-05
1294,1293,,,-131.0,32,True,False,True,False,success,,,0.6121000000000427,epsilon_greedy,,218477,,,,,,,1.354711923428481e-05
1295,1294,,,-1586.0,200,False,False,False,True,cutoff,,,0.6118000000000428,epsilon_greedy,,218677,,,,,,,0.002867622520598658
1296,1295,,,-371.0,74,True,False,True,False,success,,,0.6115000000000428,epsilon_greedy,,218751,,,,,,,0.0003175795849703652
1297,1296,,,-1190.0,200,False,False,False,True,cutoff,,,0.6112000000000428,epsilon_greedy,,218951,,,,,,,0.00023111037537192346
1298,1297,,,-32.0,32,True,False,True,False,success,,,0.6109000000000429,epsilon_greedy,,218983,,,,,,,0.0008383817544341601
1299,1298,,,-2576.0,200,False,False,False,True,cutoff,,,0.6106000000000429,epsilon_greedy,,219183,,,,,,,0.0025161279237953193
1300,1299,,,-681.0,87,True,False,True,False,success,,,0.6103000000000429,epsilon_greedy,,219270,,,,,,,0.0002804112031888931
1301,1300,,,-570.0,174,True,False,True,False,success,,,0.610000000000043,epsilon_greedy,,219444,,,,,,,0.00011871743575831384
1302,1301,,,-45.0,45,True,False,True,False,success,,,0.609700000000043,epsilon_greedy,,219489,,,,,,,3.713051626600775e-05
1303,1302,,,-309.0,111,True,False,True,False,success,,,0.609400000000043,epsilon_greedy,,219600,,,,,,,0.0001189125890120689
1304,1303,,,-62.0,62,True,False,True,False,success,,,0.609100000000043,epsilon_greedy,,219662,,,,,,,0.00017600343176442872
1305,1304,,,-244.0,46,True,False,True,False,success,,,0.6088000000000431,epsilon_greedy,,219708,,,,,,,1.601506312666056e-05
1306,1305,,,-1879.0,196,True,False,True,False,success,,,0.6085000000000431,epsilon_greedy,,219904,,,,,,,0.0008008998059256595
1307,1306,,,-135.0,36,True,False,True,False,success,,,0.6082000000000432,epsilon_greedy,,219940,,,,,,,1.0783384435997245e-05
1308,1307,,,-1091.0,200,False,False,False,True,cutoff,,,0.6079000000000432,epsilon_greedy,,220140,,,,,,,0.0003405628493841162
1309,1308,,,-1586.0,200,False,False,False,True,cutoff,,,0.6076000000000432,epsilon_greedy,,220340,,,,,,,0.0001336404520674961
1310,1309,,,-832.0,139,True,False,True,False,success,,,0.6073000000000432,epsilon_greedy,,220479,,,,,,,0.001644629310550655
1311,1310,,,-697.0,103,True,False,True,False,success,,,0.6070000000000433,epsilon_greedy,,220582,,,,,,,0.0001552568323026422
1312,1311,,,-902.0,110,True,False,True,False,success,,,0.6067000000000433,epsilon_greedy,,220692,,,,,,,6.216178716665809e-05
1313,1312,,,-285.0,87,True,False,True,False,success,,,0.6064000000000433,epsilon_greedy,,220779,,,,,,,0.00012830278191577766
1314,1313,,,-677.0,83,True,False,True,False,success,,,0.6061000000000434,epsilon_greedy,,220862,,,,,,,0.00022054791791110054
1315,1314,,,-350.0,53,True,False,True,False,success,,,0.6058000000000434,epsilon_greedy,,220915,,,,,,,1.3700554743589777e-05
1316,1315,,,-746.0,152,True,False,True,False,success,,,0.6055000000000434,epsilon_greedy,,221067,,,,,,,6.393090269989588e-05
1317,1316,,,-1733.0,149,True,False,True,False,success,,,0.6052000000000435,epsilon_greedy,,221216,,,,,,,3.4596424854855336e-05
1318,1317,,,-946.0,154,True,False,True,False,success,,,0.6049000000000435,epsilon_greedy,,221370,,,,,,,4.975665319289552e-05
1319,1318,,,-571.0,76,True,False,True,False,success,,,0.6046000000000435,epsilon_greedy,,221446,,,,,,,2.0795777769355122e-05
1320,1319,,,-179.0,80,True,False,True,False,success,,,0.6043000000000436,epsilon_greedy,,221526,,,,,,,0.00014756971637200356
1321,1320,,,-591.0,96,True,False,True,False,success,,,0.6040000000000436,epsilon_greedy,,221622,,,,,,,8.649303916435692e-05
1322,1321,,,-709.0,115,True,False,True,False,success,,,0.6037000000000436,epsilon_greedy,,221737,,,,,,,6.789710051604365e-05
1323,1322,,,-486.0,90,True,False,True,False,success,,,0.6034000000000437,epsilon_greedy,,221827,,,,,,,4.710177718367298e-05
1324,1323,,,-417.0,120,True,False,True,False,success,,,0.6031000000000437,epsilon_greedy,,221947,,,,,,,0.00016176549949304398
1325,1324,,,-370.0,73,True,False,True,False,success,,,0.6028000000000437,epsilon_greedy,,222020,,,,,,,2.0553844499872638e-05
1326,1325,,,-1281.0,93,True,False,True,False,success,,,0.6025000000000438,epsilon_greedy,,222113,,,,,,,5.722506221206411e-05
1327,1326,,,-1070.0,179,True,False,True,False,success,,,0.6022000000000438,epsilon_greedy,,222292,,,,,,,7.374451349213526e-05
1328,1327,,,-372.0,75,True,False,True,False,success,,,0.6019000000000438,epsilon_greedy,,222367,,,,,,,2.9292561321663985e-05
1329,1328,,,-1274.0,185,True,False,True,False,success,,,0.6016000000000439,epsilon_greedy,,222552,,,,,,,9.824680772506434e-05
1330,1329,,,-472.0,175,True,False,True,False,success,,,0.6013000000000439,epsilon_greedy,,222727,,,,,,,0.00012350194401273258
1331,1330,,,-1982.0,200,False,False,False,True,cutoff,,,0.6010000000000439,epsilon_greedy,,222927,,,,,,,1.4764496378032454e-05
1332,1331,,,-439.0,142,True,False,True,False,success,,,0.600700000000044,epsilon_greedy,,223069,,,,,,,0.00017360743681050925
1333,1332,,,-868.0,175,True,False,True,False,success,,,0.600400000000044,epsilon_greedy,,223244,,,,,,,0.00010469743840452976
1334,1333,,,-471.0,75,True,False,True,False,success,,,0.600100000000044,epsilon_greedy,,223319,,,,,,,8.970432637823342e-06
1335,1334,,,-805.0,112,True,False,True,False,success,,,0.5998000000000441,epsilon_greedy,,223431,,,,,,,7.207692300054334e-05
1336,1335,,,-32.0,32,True,False,True,False,success,,,0.5995000000000441,epsilon_greedy,,223463,,,,,,,1.7813193329295485e-05
1337,1336,,,-1342.0,154,True,False,True,False,success,,,0.5992000000000441,epsilon_greedy,,223617,,,,,,,4.074873028788887e-05
1338,1337,,,-397.0,100,True,False,True,False,success,,,0.5989000000000442,epsilon_greedy,,223717,,,,,,,4.2746901058414724e-05
1339,1338,,,-1632.0,147,True,False,True,False,success,,,0.5986000000000442,epsilon_greedy,,223864,,,,,,,0.0004981001204254174
1340,1339,,,-2180.0,200,False,False,False,True,cutoff,,,0.5983000000000442,epsilon_greedy,,224064,,,,,,,6.63489069463008e-05
1341,1340,,,-1883.0,200,False,False,False,True,cutoff,,,0.5980000000000443,epsilon_greedy,,224264,,,,,,,0.0002742198333993962
1342,1341,,,-708.0,114,True,False,True,False,success,,,0.5977000000000443,epsilon_greedy,,224378,,,,,,,9.212457121017415e-05
1343,1342,,,-1309.0,121,True,False,True,False,success,,,0.5974000000000443,epsilon_greedy,,224499,,,,,,,2.7103554319256557e-05
1344,1343,,,-170.0,71,True,False,True,False,success,,,0.5971000000000444,epsilon_greedy,,224570,,,,,,,3.803654073264753e-05
1345,1344,,,-1266.0,177,True,False,True,False,success,,,0.5968000000000444,epsilon_greedy,,224747,,,,,,,0.0016296446878732462
1346,1345,,,-413.0,116,True,False,True,False,success,,,0.5965000000000444,epsilon_greedy,,224863,,,,,,,4.7331666079359364e-05
1347,1346,,,-676.0,82,True,False,True,False,success,,,0.5962000000000445,epsilon_greedy,,224945,,,,,,,0.00024386292527183324
1348,1347,,,-1574.0,188,True,False,True,False,success,,,0.5959000000000445,epsilon_greedy,,225133,,,,,,,0.00011299472673525101
1349,1348,,,-1487.0,200,False,False,False,True,cutoff,,,0.5956000000000445,epsilon_greedy,,225333,,,,,,,0.0009518576263287937
1350,1349,,,-1557.0,171,True,False,True,False,success,,,0.5953000000000446,epsilon_greedy,,225504,,,,,,,5.148394262434699e-05
1351,1350,,,-1586.0,200,False,False,False,True,cutoff,,,0.5950000000000446,epsilon_greedy,,225704,,,,,,,2.6623178184711495e-05
1352,1351,,,-40.0,40,True,False,True,False,success,,,0.5947000000000446,epsilon_greedy,,225744,,,,,,,0.00011360225732663931
1353,1352,,,-826.0,133,True,False,True,False,success,,,0.5944000000000447,epsilon_greedy,,225877,,,,,,,2.9112451251102794e-05
1354,1353,,,-1883.0,200,False,False,False,True,cutoff,,,0.5941000000000447,epsilon_greedy,,226077,,,,,,,2.4887761096477055e-05
1355,1354,,,-255.0,57,True,False,True,False,success,,,0.5938000000000447,epsilon_greedy,,226134,,,,,,,1.8500514191113904e-05
1356,1355,,,-1000.0,109,True,False,True,False,success,,,0.5935000000000448,epsilon_greedy,,226243,,,,,,,1.1355672807266931e-05
1357,1356,,,-25.0,25,True,False,True,False,success,,,0.5932000000000448,epsilon_greedy,,226268,,,,,,,5.548773268859719e-07
1358,1357,,,-1784.0,200,False,False,False,True,cutoff,,,0.5929000000000448,epsilon_greedy,,226468,,,,,,,3.6901987353096246e-05
1359,1358,,,-1190.0,200,False,False,False,True,cutoff,,,0.5926000000000449,epsilon_greedy,,226668,,,,,,,0.00032868436652438104
1360,1359,,,-1185.0,195,True,False,True,False,success,,,0.5923000000000449,epsilon_greedy,,226863,,,,,,,2.277157743362633e-05
1361,1360,,,-555.0,60,True,False,True,False,success,,,0.5920000000000449,epsilon_greedy,,226923,,,,,,,1.0518861500123192e-05
1362,1361,,,-351.0,54,True,False,True,False,success,,,0.591700000000045,epsilon_greedy,,226977,,,,,,,2.4962351918766534e-05
1363,1362,,,-143.0,44,True,False,True,False,success,,,0.591400000000045,epsilon_greedy,,227021,,,,,,,9.013698807115343e-06
1364,1363,,,-882.0,189,True,False,True,False,success,,,0.591100000000045,epsilon_greedy,,227210,,,,,,,2.370887418301728e-05
1365,1364,,,-153.0,54,True,False,True,False,success,,,0.5908000000000451,epsilon_greedy,,227264,,,,,,,1.8388803005971227e-05
1366,1365,,,-1982.0,200,False,False,False,True,cutoff,,,0.5905000000000451,epsilon_greedy,,227464,,,,,,,2.138431441844113e-05
1367,1366,,,-125.0,26,True,False,True,False,success,,,0.5902000000000451,epsilon_greedy,,227490,,,,,,,4.603484183595386e-09
1368,1367,,,-136.0,37,True,False,True,False,success,,,0.5899000000000452,epsilon_greedy,,227527,,,,,,,2.2157565061421203e-06
1369,1368,,,-37.0,37,True,False,True,False,success,,,0.5896000000000452,epsilon_greedy,,227564,,,,,,,9.359982742687603e-07
1370,1369,,,-1190.0,200,False,False,False,True,cutoff,,,0.5893000000000452,epsilon_greedy,,227764,,,,,,,2.594386124418646e-05
1371,1370,,,-135.0,36,True,False,True,False,success,,,0.5890000000000453,epsilon_greedy,,227800,,,,,,,4.536197997963133e-06
1372,1371,,,-54.0,54,True,False,True,False,success,,,0.5887000000000453,epsilon_greedy,,227854,,,,,,,0.0002041638461159859
1373,1372,,,-240.0,42,True,False,True,False,success,,,0.5884000000000453,epsilon_greedy,,227896,,,,,,,1.6218111488642776e-06
1374,1373,,,-251.0,53,True,False,True,False,success,,,0.5881000000000454,epsilon_greedy,,227949,,,,,,,3.6452819920164493e-06
1375,1374,,,-490.0,94,True,False,True,False,success,,,0.5878000000000454,epsilon_greedy,,228043,,,,,,,0.00018012312358055136
1376,1375,,,-1784.0,200,False,False,False,True,cutoff,,,0.5875000000000454,epsilon_greedy,,228243,,,,,,,0.00024557693182827747
1377,1376,,,-364.0,67,True,False,True,False,success,,,0.5872000000000455,epsilon_greedy,,228310,,,,,,,4.137666882426804e-06
1378,1377,,,-1138.0,148,True,False,True,False,success,,,0.5869000000000455,epsilon_greedy,,228458,,,,,,,8.817213831777212e-05
1379,1378,,,-139.0,40,True,False,True,False,success,,,0.5866000000000455,epsilon_greedy,,228498,,,,,,,2.996001346960431e-05
1380,1379,,,-482.0,86,True,False,True,False,success,,,0.5863000000000456,epsilon_greedy,,228584,,,,,,,0.00011614630986999443
1381,1380,,,-581.0,86,True,False,True,False,success,,,0.5860000000000456,epsilon_greedy,,228670,,,,,,,1.3386873047222615e-05
1382,1381,,,-248.0,50,True,False,True,False,success,,,0.5857000000000456,epsilon_greedy,,228720,,,,,,,2.2703734627738116e-06
1383,1382,,,-256.0,58,True,False,True,False,success,,,0.5854000000000457,epsilon_greedy,,228778,,,,,,,3.5411792158456205e-05
1384,1383,,,-1586.0,200,False,False,False,True,cutoff,,,0.5851000000000457,epsilon_greedy,,228978,,,,,,,1.9284874819773812e-05
1385,1384,,,-1784.0,200,False,False,False,True,cutoff,,,0.5848000000000457,epsilon_greedy,,229178,,,,,,,1.2727616889793847e-05
1386,1385,,,-467.0,71,True,False,True,False,success,,,0.5845000000000458,epsilon_greedy,,229249,,,,,,,0.00015109647557886818
1387,1386,,,-175.0,76,True,False,True,False,success,,,0.5842000000000458,epsilon_greedy,,229325,,,,,,,4.623043081464218e-06
1388,1387,,,-494.0,98,True,False,True,False,success,,,0.5839000000000458,epsilon_greedy,,229423,,,,,,,3.241139639662051e-05
1389,1388,,,-263.0,65,True,False,True,False,success,,,0.5836000000000459,epsilon_greedy,,229488,,,,,,,1.3817349807350336e-05
1390,1389,,,-290.0,92,True,False,True,False,success,,,0.5833000000000459,epsilon_greedy,,229580,,,,,,,1.9445383742537324e-05
1391,1390,,,-52.0,52,True,False,True,False,success,,,0.5830000000000459,epsilon_greedy,,229632,,,,,,,1.3701844247866638e-05
1392,1391,,,-30.0,30,True,False,True,False,success,,,0.582700000000046,epsilon_greedy,,229662,,,,,,,3.1277833908438524e-06
1393,1392,,,-2180.0,200,False,False,False,True,cutoff,,,0.582400000000046,epsilon_greedy,,229862,,,,,,,0.00010234139305516088
1394,1393,,,-185.0,86,True,False,True,False,success,,,0.582100000000046,epsilon_greedy,,229948,,,,,,,0.0003367600676052088
1395,1394,,,-39.0,39,True,False,True,False,success,,,0.5818000000000461,epsilon_greedy,,229987,,,,,,,2.6616449911682658e-05
1396,1395,,,-71.0,71,True,False,True,False,success,,,0.5815000000000461,epsilon_greedy,,230058,,,,,,,1.976640400978972e-05
1397,1396,,,-929.0,137,True,False,True,False,success,,,0.5812000000000461,epsilon_greedy,,230195,,,,,,,1.7204407611434246e-05
1398,1397,,,-399.0,102,True,False,True,False,success,,,0.5809000000000462,epsilon_greedy,,230297,,,,,,,2.546372634374993e-05
1399,1398,,,-253.0,55,True,False,True,False,success,,,0.5806000000000462,epsilon_greedy,,230352,,,,,,,0.00228483672324692
1400,1399,,,-133.0,34,True,False,True,False,success,,,0.5803000000000462,epsilon_greedy,,230386,,,,,,,1.891020843539583e-05
1401,1400,,,-390.0,93,True,False,True,False,success,,,0.5800000000000463,epsilon_greedy,,230479,,,,,,,1.5117134499634225e-05
1402,1401,,,-254.0,56,True,False,True,False,success,,,0.5797000000000463,epsilon_greedy,,230535,,,,,,,1.2045339675799602e-05
1403,1402,,,-262.0,64,True,False,True,False,success,,,0.5794000000000463,epsilon_greedy,,230599,,,,,,,0.001952454576339118
1404,1403,,,-577.0,82,True,False,True,False,success,,,0.5791000000000464,epsilon_greedy,,230681,,,,,,,5.249566905816182e-06
1405,1404,,,-1190.0,200,False,False,False,True,cutoff,,,0.5788000000000464,epsilon_greedy,,230881,,,,,,,7.765497046609782e-05
1406,1405,,,-1685.0,200,False,False,False,True,cutoff,,,0.5785000000000464,epsilon_greedy,,231081,,,,,,,1.649559044388238e-05
1407,1406,,,-41.0,41,True,False,True,False,success,,,0.5782000000000465,epsilon_greedy,,231122,,,,,,,6.8645998304719345e-06
1408,1407,,,-607.0,112,True,False,True,False,success,,,0.5779000000000465,epsilon_greedy,,231234,,,,,,,5.975125177924304e-05
1409,1408,,,-151.0,52,True,False,True,False,success,,,0.5776000000000465,epsilon_greedy,,231286,,,,,,,1.5165749218256555e-05
1410,1409,,,-1624.0,139,True,False,True,False,success,,,0.5773000000000466,epsilon_greedy,,231425,,,,,,,2.2637637671601784e-06
1411,1410,,,-26.0,26,True,False,True,False,success,,,0.5770000000000466,epsilon_greedy,,231451,,,,,,,3.4552852655744815e-06
1412,1411,,,-470.0,74,True,False,True,False,success,,,0.5767000000000466,epsilon_greedy,,231525,,,,,,,4.427423329868698e-06
1413,1412,,,-589.0,94,True,False,True,False,success,,,0.5764000000000467,epsilon_greedy,,231619,,,,,,,0.0004305157760547206
1414,1413,,,-2378.0,200,False,False,False,True,cutoff,,,0.5761000000000467,epsilon_greedy,,231819,,,,,,,0.00010444175847970749
1415,1414,,,-1586.0,200,False,False,False,True,cutoff,,,0.5758000000000467,epsilon_greedy,,232019,,,,,,,0.00035716973924099227
1416,1415,,,-385.0,88,True,False,True,False,success,,,0.5755000000000468,epsilon_greedy,,232107,,,,,,,8.779965889970704e-06
1417,1416,,,-739.0,145,True,False,True,False,success,,,0.5752000000000468,epsilon_greedy,,232252,,,,,,,2.4793667254515975e-05
1418,1417,,,-35.0,35,True,False,True,False,success,,,0.5749000000000468,epsilon_greedy,,232287,,,,,,,1.940079488156015e-05
1419,1418,,,-886.0,193,True,False,True,False,success,,,0.5746000000000469,epsilon_greedy,,232480,,,,,,,7.125415646654512e-05
1420,1419,,,-594.0,99,True,False,True,False,success,,,0.5743000000000469,epsilon_greedy,,232579,,,,,,,0.00024882386051472866
1421,1420,,,-260.0,62,True,False,True,False,success,,,0.5740000000000469,epsilon_greedy,,232641,,,,,,,2.9618458461639693e-06
1422,1421,,,-573.0,78,True,False,True,False,success,,,0.573700000000047,epsilon_greedy,,232719,,,,,,,2.716013246302958e-05
1423,1422,,,-478.0,82,True,False,True,False,success,,,0.573400000000047,epsilon_greedy,,232801,,,,,,,9.520412933214712e-06
1424,1423,,,-564.0,69,True,False,True,False,success,,,0.573100000000047,epsilon_greedy,,232870,,,,,,,1.9213622895950007e-06
1425,1424,,,-141.0,42,True,False,True,False,success,,,0.572800000000047,epsilon_greedy,,232912,,,,,,,1.9000727308204901e-06
1426,1425,,,-143.0,44,True,False,True,False,success,,,0.5725000000000471,epsilon_greedy,,232956,,,,,,,1.8422051327586382e-06
1427,1426,,,-1883.0,200,False,False,False,True,cutoff,,,0.5722000000000471,epsilon_greedy,,233156,,,,,,,1.2953552277354951e-05
1428,1427,,,-1359.0,171,True,False,True,False,success,,,0.5719000000000471,epsilon_greedy,,233327,,,,,,,0.0011104339340170493
1429,1428,,,-944.0,152,True,False,True,False,success,,,0.5716000000000472,epsilon_greedy,,233479,,,,,,,9.616502814260706e-05
1430,1429,,,-258.0,60,True,False,True,False,success,,,0.5713000000000472,epsilon_greedy,,233539,,,,,,,1.6180111722774449e-06
1431,1430,,,-340.0,43,True,False,True,False,success,,,0.5710000000000472,epsilon_greedy,,233582,,,,,,,8.697970277386231e-06
1432,1431,,,-1236.0,147,True,False,True,False,success,,,0.5707000000000473,epsilon_greedy,,233729,,,,,,,7.0818749779489895e-06
1433,1432,,,-1124.0,134,True,False,True,False,success,,,0.5704000000000473,epsilon_greedy,,233863,,,,,,,1.3186209721386217e-05
1434,1433,,,-143.0,44,True,False,True,False,success,,,0.5701000000000473,epsilon_greedy,,233907,,,,,,,2.7952890491935522e-06
1435,1434,,,-386.0,89,True,False,True,False,success,,,0.5698000000000474,epsilon_greedy,,233996,,,,,,,6.834403875834032e-06
1436,1435,,,-362.0,65,True,False,True,False,success,,,0.5695000000000474,epsilon_greedy,,234061,,,,,,,2.7940803096944303e-05
1437,1436,,,-864.0,171,True,False,True,False,success,,,0.5692000000000474,epsilon_greedy,,234232,,,,,,,9.033414940039255e-05
1438,1437,,,-532.0,136,True,False,True,False,success,,,0.5689000000000475,epsilon_greedy,,234368,,,,,,,1.3424759333898489e-05
1439,1438,,,-813.0,120,True,False,True,False,success,,,0.5686000000000475,epsilon_greedy,,234488,,,,,,,0.00018181873922055726
1440,1439,,,-1586.0,200,False,False,False,True,cutoff,,,0.5683000000000475,epsilon_greedy,,234688,,,,,,,2.8223688073361065e-05
1441,1440,,,-32.0,32,True,False,True,False,success,,,0.5680000000000476,epsilon_greedy,,234720,,,,,,,9.4826319261207e-06
1442,1441,,,-701.0,107,True,False,True,False,success,,,0.5677000000000476,epsilon_greedy,,234827,,,,,,,3.539901315937009e-05
1443,1442,,,-372.0,75,True,False,True,False,success,,,0.5674000000000476,epsilon_greedy,,234902,,,,,,,6.977201830101383e-07
1444,1443,,,-257.0,59,True,False,True,False,success,,,0.5671000000000477,epsilon_greedy,,234961,,,,,,,2.3677641694427076e-06
1445,1444,,,-850.0,157,True,False,True,False,success,,,0.5668000000000477,epsilon_greedy,,235118,,,,,,,5.4392484794698435e-05
1446,1445,,,-254.0,56,True,False,True,False,success,,,0.5665000000000477,epsilon_greedy,,235174,,,,,,,5.057102771119767e-06
1447,1446,,,-393.0,96,True,False,True,False,success,,,0.5662000000000478,epsilon_greedy,,235270,,,,,,,0.00019261436288329817
1448,1447,,,-1234.0,145,True,False,True,False,success,,,0.5659000000000478,epsilon_greedy,,235415,,,,,,,4.038139222900336e-06
1449,1448,,,-780.0,87,True,False,True,False,success,,,0.5656000000000478,epsilon_greedy,,235502,,,,,,,2.2491408205628903e-06
1450,1449,,,-64.0,64,True,False,True,False,success,,,0.5653000000000479,epsilon_greedy,,235566,,,,,,,3.0257079345723248e-06
1451,1450,,,-368.0,71,True,False,True,False,success,,,0.5650000000000479,epsilon_greedy,,235637,,,,,,,7.213348003338633e-05
1452,1451,,,-1153.0,163,True,False,True,False,success,,,0.5647000000000479,epsilon_greedy,,235800,,,,,,,3.221055091864758e-05
1453,1452,,,-1982.0,200,False,False,False,True,cutoff,,,0.564400000000048,epsilon_greedy,,236000,,,,,,,2.3575915990607932e-05
1454,1453,,,-1396.0,109,True,False,True,False,success,,,0.564100000000048,epsilon_greedy,,236109,,,,,,,2.1108386082960766e-06
1455,1454,,,-501.0,105,True,False,True,False,success,,,0.563800000000048,epsilon_greedy,,236214,,,,,,,0.0003555131770979415
1456,1455,,,-53.0,53,True,False,True,False,success,,,0.5635000000000481,epsilon_greedy,,236267,,,,,,,0.012337189830321437
1457,1456,,,-793.0,100,True,False,True,False,success,,,0.5632000000000481,epsilon_greedy,,236367,,,,,,,0.00020297572670498144
1458,1457,,,-2477.0,200,False,False,False,True,cutoff,,,0.5629000000000481,epsilon_greedy,,236567,,,,,,,1.6568106005765415e-06
1459,1458,,,-130.0,31,True,False,True,False,success,,,0.5626000000000482,epsilon_greedy,,236598,,,,,,,8.094763006829471e-05
1460,1459,,,-999.0,108,True,False,True,False,success,,,0.5623000000000482,epsilon_greedy,,236706,,,,,,,9.077284260402593e-07
1461,1460,,,-822.0,129,True,False,True,False,success,,,0.5620000000000482,epsilon_greedy,,236835,,,,,,,2.4777766336817805e-05
1462,1461,,,-573.0,78,True,False,True,False,success,,,0.5617000000000483,epsilon_greedy,,236913,,,,,,,1.2072857566390842e-05
1463,1462,,,-138.0,39,True,False,True,False,success,,,0.5614000000000483,epsilon_greedy,,236952,,,,,,,6.180745346127627e-07
1464,1463,,,-585.0,90,True,False,True,False,success,,,0.5611000000000483,epsilon_greedy,,237042,,,,,,,5.264790910176743e-06
1465,1464,,,-468.0,72,True,False,True,False,success,,,0.5608000000000484,epsilon_greedy,,237114,,,,,,,9.107347846913484e-05
1466,1465,,,-51.0,51,True,False,True,False,success,,,0.5605000000000484,epsilon_greedy,,237165,,,,,,,7.588801116877178e-06
1467,1466,,,-838.0,145,True,False,True,False,success,,,0.5602000000000484,epsilon_greedy,,237310,,,,,,,0.00022057201186422771
1468,1467,,,-1062.0,171,True,False,True,False,success,,,0.5599000000000485,epsilon_greedy,,237481,,,,,,,1.3252557090094312e-05
1469,1468,,,-1784.0,200,False,False,False,True,cutoff,,,0.5596000000000485,epsilon_greedy,,237681,,,,,,,8.292112069647751e-06
1470,1469,,,-458.0,62,True,False,True,False,success,,,0.5593000000000485,epsilon_greedy,,237743,,,,,,,7.651832345344178e-07
1471,1470,,,-487.0,91,True,False,True,False,success,,,0.5590000000000486,epsilon_greedy,,237834,,,,,,,0.00017838769032926043
1472,1471,,,-33.0,33,True,False,True,False,success,,,0.5587000000000486,epsilon_greedy,,237867,,,,,,,3.447408478274631e-06
1473,1472,,,-895.0,103,True,False,True,False,success,,,0.5584000000000486,epsilon_greedy,,237970,,,,,,,2.131164820434685e-06
1474,1473,,,-169.0,70,True,False,True,False,success,,,0.5581000000000487,epsilon_greedy,,238040,,,,,,,4.82392333700827e-06
1475,1474,,,-46.0,46,True,False,True,False,success,,,0.5578000000000487,epsilon_greedy,,238086,,,,,,,6.926183024676427e-05
1476,1475,,,-289.0,91,True,False,True,False,success,,,0.5575000000000487,epsilon_greedy,,238177,,,,,,,3.385024265868995e-05
1477,1476,,,-235.0,37,True,False,True,False,success,,,0.5572000000000488,epsilon_greedy,,238214,,,,,,,2.841985559986148e-06
1478,1477,,,-1442.0,155,True,False,True,False,success,,,0.5569000000000488,epsilon_greedy,,238369,,,,,,,1.7465446596832655e-06
1479,1478,,,-914.0,122,True,False,True,False,success,,,0.5566000000000488,epsilon_greedy,,238491,,,,,,,1.4799952481089212e-06
1480,1479,,,-1104.0,114,True,False,True,False,success,,,0.5563000000000489,epsilon_greedy,,238605,,,,,,,1.563345043555268e-05
1481,1480,,,-559.0,64,True,False,True,False,success,,,0.5560000000000489,epsilon_greedy,,238669,,,,,,,6.042473206895049e-07
1482,1481,,,-144.0,45,True,False,True,False,success,,,0.5557000000000489,epsilon_greedy,,238714,,,,,,,3.7253327580631812e-06
1483,1482,,,-1340.0,152,True,False,True,False,success,,,0.555400000000049,epsilon_greedy,,238866,,,,,,,1.7669450912854698e-06
1484,1483,,,-1141.0,151,True,False,True,False,success,,,0.555100000000049,epsilon_greedy,,239017,,,,,,,1.6249507996946022e-06
1485,1484,,,-518.0,122,True,False,True,False,success,,,0.554800000000049,epsilon_greedy,,239139,,,,,,,2.4473236087828968e-05
1486,1485,,,-1030.0,139,True,False,True,False,success,,,0.5545000000000491,epsilon_greedy,,239278,,,,,,,7.228983708163498e-06
1487,1486,,,-158.0,59,True,False,True,False,success,,,0.5542000000000491,epsilon_greedy,,239337,,,,,,,6.69620643684691e-06
1488,1487,,,-392.0,95,True,False,True,False,success,,,0.5539000000000491,epsilon_greedy,,239432,,,,,,,9.41727075675957e-06
1489,1488,,,-1091.0,200,False,False,False,True,cutoff,,,0.5536000000000492,epsilon_greedy,,239632,,,,,,,9.473656205779556e-06
1490,1489,,,-1784.0,200,False,False,False,True,cutoff,,,0.5533000000000492,epsilon_greedy,,239832,,,,,,,1.5586851463833539e-06
1491,1490,,,-2675.0,200,False,False,False,True,cutoff,,,0.5530000000000492,epsilon_greedy,,240032,,,,,,,2.2751161260066155e-05
1492,1491,,,-167.0,68,True,False,True,False,success,,,0.5527000000000493,epsilon_greedy,,240100,,,,,,,1.6539826367172458e-06
1493,1492,,,-30.0,30,True,False,True,False,success,,,0.5524000000000493,epsilon_greedy,,240130,,,,,,,4.001449569320433e-07
1494,1493,,,-279.0,81,True,False,True,False,success,,,0.5521000000000493,epsilon_greedy,,240211,,,,,,,3.553017320115062e-05
1495,1494,,,-1436.0,149,True,False,True,False,success,,,0.5518000000000494,epsilon_greedy,,240360,,,,,,,8.910210664487947e-05
1496,1495,,,-458.0,62,True,False,True,False,success,,,0.5515000000000494,epsilon_greedy,,240422,,,,,,,1.7816576240179476e-06
1497,1496,,,-131.0,32,True,False,True,False,success,,,0.5512000000000494,epsilon_greedy,,240454,,,,,,,1.0033150929858459e-06
1498,1497,,,-35.0,35,True,False,True,False,success,,,0.5509000000000495,epsilon_greedy,,240489,,,,,,,9.273261836844706e-05
1499,1498,,,-712.0,118,True,False,True,False,success,,,0.5506000000000495,epsilon_greedy,,240607,,,,,,,0.0013657036152340488
1500,1499,,,-470.0,74,True,False,True,False,success,,,0.5503000000000495,epsilon_greedy,,240681,,,,,,,1.3569853225803886e-05
1501,1500,,,-251.0,53,True,False,True,False,success,,,0.5500000000000496,epsilon_greedy,,240734,,,,,,,1.7556311702189548e-05
1502,1501,,,-140.0,41,True,False,True,False,success,,,0.5497000000000496,epsilon_greedy,,240775,,,,,,,7.017963226920396e-07
1503,1502,,,-477.0,81,True,False,True,False,success,,,0.5494000000000496,epsilon_greedy,,240856,,,,,,,1.3122187410447085e-06
1504,1503,,,-140.0,41,True,False,True,False,success,,,0.5491000000000497,epsilon_greedy,,240897,,,,,,,1.944446116314957e-07
1505,1504,,,-1586.0,200,False,False,False,True,cutoff,,,0.5488000000000497,epsilon_greedy,,241097,,,,,,,0.0011700676637191587
1506,1505,,,-358.0,61,True,False,True,False,success,,,0.5485000000000497,epsilon_greedy,,241158,,,,,,,5.6603437853155615e-05
1507,1506,,,-1255.0,166,True,False,True,False,success,,,0.5482000000000498,epsilon_greedy,,241324,,,,,,,2.0925064784720043e-06
1508,1507,,,-62.0,62,True,False,True,False,success,,,0.5479000000000498,epsilon_greedy,,241386,,,,,,,0.001185325514873696
1509,1508,,,-46.0,46,True,False,True,False,success,,,0.5476000000000498,epsilon_greedy,,241432,,,,,,,9.705657390972526e-06
1510,1509,,,-1388.0,200,False,False,False,True,cutoff,,,0.5473000000000499,epsilon_greedy,,241632,,,,,,,1.331801008767841e-05
1511,1510,,,-500.0,104,True,False,True,False,success,,,0.5470000000000499,epsilon_greedy,,241736,,,,,,,1.1488054344671594e-05
1512,1511,,,-373.0,76,True,False,True,False,success,,,0.5467000000000499,epsilon_greedy,,241812,,,,,,,7.650957209097931e-07
1513,1512,,,-667.0,73,True,False,True,False,success,,,0.54640000000005,epsilon_greedy,,241885,,,,,,,0.00104825980345452
1514,1513,,,-662.0,68,True,False,True,False,success,,,0.54610000000005,epsilon_greedy,,241953,,,,,,,5.966420572211757e-05
1515,1514,,,-590.0,95,True,False,True,False,success,,,0.54580000000005,epsilon_greedy,,242048,,,,,,,3.971286308807346e-07
1516,1515,,,-45.0,45,True,False,True,False,success,,,0.5455000000000501,epsilon_greedy,,242093,,,,,,,1.4380062084182496e-05
1517,1516,,,-1883.0,200,False,False,False,True,cutoff,,,0.5452000000000501,epsilon_greedy,,242293,,,,,,,0.0001289373492034329
1518,1517,,,-35.0,35,True,False,True,False,success,,,0.5449000000000501,epsilon_greedy,,242328,,,,,,,1.5405600527516685e-06
1519,1518,,,-1187.0,197,True,False,True,False,success,,,0.5446000000000502,epsilon_greedy,,242525,,,,,,,4.0759790799746244e-05
1520,1519,,,-1160.0,170,True,False,True,False,success,,,0.5443000000000502,epsilon_greedy,,242695,,,,,,,1.9457600905068035e-06
1521,1520,,,-58.0,58,True,False,True,False,success,,,0.5440000000000502,epsilon_greedy,,242753,,,,,,,3.909567833956891e-05
1522,1521,,,-345.0,48,True,False,True,False,success,,,0.5437000000000503,epsilon_greedy,,242801,,,,,,,1.5616241372714187e-07
1523,1522,,,-1855.0,172,True,False,True,False,success,,,0.5434000000000503,epsilon_greedy,,242973,,,,,,,2.6076541979884944e-06
1524,1523,,,-680.0,86,True,False,True,False,success,,,0.5431000000000503,epsilon_greedy,,243059,,,,,,,0.0005494581504944219
1525,1524,,,-1487.0,200,False,False,False,True,cutoff,,,0.5428000000000504,epsilon_greedy,,243259,,,,,,,1.8090172873685973e-06
1526,1525,,,-269.0,71,True,False,True,False,success,,,0.5425000000000504,epsilon_greedy,,243330,,,,,,,7.867063249348851e-06
1527,1526,,,-1171.0,181,True,False,True,False,success,,,0.5422000000000504,epsilon_greedy,,243511,,,,,,,8.360378537861658e-07
1528,1527,,,-152.0,53,True,False,True,False,success,,,0.5419000000000505,epsilon_greedy,,243564,,,,,,,0.0001433750298459036
1529,1528,,,-719.0,125,True,False,True,False,success,,,0.5416000000000505,epsilon_greedy,,243689,,,,,,,7.418680555648649e-07
1530,1529,,,-32.0,32,True,False,True,False,success,,,0.5413000000000505,epsilon_greedy,,243721,,,,,,,3.539637335320256e-08
1531,1530,,,-233.0,35,True,False,True,False,success,,,0.5410000000000506,epsilon_greedy,,243756,,,,,,,1.074757133683641e-06
1532,1531,,,-262.0,64,True,False,True,False,success,,,0.5407000000000506,epsilon_greedy,,243820,,,,,,,2.49915959215502e-07
1533,1532,,,-800.0,107,True,False,True,False,success,,,0.5404000000000506,epsilon_greedy,,243927,,,,,,,5.65897112358059e-07
1534,1533,,,-544.0,49,True,False,True,False,success,,,0.5401000000000507,epsilon_greedy,,243976,,,,,,,1.7578684888173338e-06
1535,1534,,,-293.0,95,True,False,True,False,success,,,0.5398000000000507,epsilon_greedy,,244071,,,,,,,1.037510986882738e-05
1536,1535,,,-2081.0,200,False,False,False,True,cutoff,,,0.5395000000000507,epsilon_greedy,,244271,,,,,,,1.390234952980407e-06
1537,1536,,,-33.0,33,True,False,True,False,success,,,0.5392000000000507,epsilon_greedy,,244304,,,,,,,1.159005929660538e-06
1538,1537,,,-1190.0,200,False,False,False,True,cutoff,,,0.5389000000000508,epsilon_greedy,,244504,,,,,,,1.1839528980770453e-05
1539,1538,,,-642.0,147,True,False,True,False,success,,,0.5386000000000508,epsilon_greedy,,244651,,,,,,,0.00019056941565198283
1540,1539,,,-36.0,36,True,False,True,False,success,,,0.5383000000000508,epsilon_greedy,,244687,,,,,,,1.1952655023147093e-07
1541,1540,,,-236.0,38,True,False,True,False,success,,,0.5380000000000509,epsilon_greedy,,244725,,,,,,,9.25888748536327e-08
1542,1541,,,-28.0,28,True,False,True,False,success,,,0.5377000000000509,epsilon_greedy,,244753,,,,,,,6.280223153425674e-08
1543,1542,,,-143.0,44,True,False,True,False,success,,,0.537400000000051,epsilon_greedy,,244797,,,,,,,1.6212637191809716e-05
1544,1543,,,-928.0,136,True,False,True,False,success,,,0.537100000000051,epsilon_greedy,,244933,,,,,,,6.735345058424188e-06
1545,1544,,,-600.0,105,True,False,True,False,success,,,0.536800000000051,epsilon_greedy,,245038,,,,,,,2.0285497993314093e-06
1546,1545,,,-248.0,50,True,False,True,False,success,,,0.536500000000051,epsilon_greedy,,245088,,,,,,,1.5224708325156655e-07
1547,1546,,,-147.0,48,True,False,True,False,success,,,0.5362000000000511,epsilon_greedy,,245136,,,,,,,1.089131145074381e-05
1548,1547,,,-2070.0,189,True,False,True,False,success,,,0.5359000000000511,epsilon_greedy,,245325,,,,,,,1.8594161242200306e-06
1549,1548,,,-795.0,102,True,False,True,False,success,,,0.5356000000000511,epsilon_greedy,,245427,,,,,,,4.956576587117236e-06
1550,1549,,,-48.0,48,True,False,True,False,success,,,0.5353000000000512,epsilon_greedy,,245475,,,,,,,1.4795470789368456e-05
1551,1550,,,-1883.0,200,False,False,False,True,cutoff,,,0.5350000000000512,epsilon_greedy,,245675,,,,,,,3.5239253468599687e-07
1552,1551,,,-260.0,62,True,False,True,False,success,,,0.5347000000000512,epsilon_greedy,,245737,,,,,,,4.452011890684445e-07
1553,1552,,,-1267.0,178,True,False,True,False,success,,,0.5344000000000513,epsilon_greedy,,245915,,,,,,,3.4119406384085927e-06
1554,1553,,,-1474.0,187,True,False,True,False,success,,,0.5341000000000513,epsilon_greedy,,246102,,,,,,,0.00012646807271103437
1555,1554,,,-1241.0,152,True,False,True,False,success,,,0.5338000000000513,epsilon_greedy,,246254,,,,,,,3.297893581374013e-05
1556,1555,,,-45.0,45,True,False,True,False,success,,,0.5335000000000514,epsilon_greedy,,246299,,,,,,,7.323136050379178e-05
1557,1556,,,-474.0,78,True,False,True,False,success,,,0.5332000000000514,epsilon_greedy,,246377,,,,,,,1.1888739377208815e-06
1558,1557,,,-1883.0,200,False,False,False,True,cutoff,,,0.5329000000000514,epsilon_greedy,,246577,,,,,,,3.602868590864006e-06
1559,1558,,,-133.0,34,True,False,True,False,success,,,0.5326000000000515,epsilon_greedy,,246611,,,,,,,1.2202864103050924e-06
1560,1559,,,-1584.0,198,True,False,True,False,success,,,0.5323000000000515,epsilon_greedy,,246809,,,,,,,2.9579952612251265e-06
1561,1560,,,-134.0,35,True,False,True,False,success,,,0.5320000000000515,epsilon_greedy,,246844,,,,,,,5.0741225386476325e-08
1562,1561,,,-933.0,141,True,False,True,False,success,,,0.5317000000000516,epsilon_greedy,,246985,,,,,,,1.530785180801957e-06
1563,1562,,,-1685.0,200,False,False,False,True,cutoff,,,0.5314000000000516,epsilon_greedy,,247185,,,,,,,4.2761784171396753e-07
1564,1563,,,-1487.0,200,False,False,False,True,cutoff,,,0.5311000000000516,epsilon_greedy,,247385,,,,,,,3.480398457433864e-07
1565,1564,,,-37.0,37,True,False,True,False,success,,,0.5308000000000517,epsilon_greedy,,247422,,,,,,,1.8237776881489097e-05
1566,1565,,,-699.0,105,True,False,True,False,success,,,0.5305000000000517,epsilon_greedy,,247527,,,,,,,2.250539694218882e-06
1567,1566,,,-290.0,92,True,False,True,False,success,,,0.5302000000000517,epsilon_greedy,,247619,,,,,,,7.799847064599019e-05
1568,1567,,,-1308.0,120,True,False,True,False,success,,,0.5299000000000518,epsilon_greedy,,247739,,,,,,,3.5809292176502974e-07
1569,1568,,,-471.0,75,True,False,True,False,success,,,0.5296000000000518,epsilon_greedy,,247814,,,,,,,6.004137346371507e-06
1570,1569,,,-1487.0,200,False,False,False,True,cutoff,,,0.5293000000000518,epsilon_greedy,,248014,,,,,,,1.6347447381248604e-06
1571,1570,,,-1298.0,110,True,False,True,False,success,,,0.5290000000000519,epsilon_greedy,,248124,,,,,,,1.8223380327177872e-07
1572,1571,,,-931.0,139,True,False,True,False,success,,,0.5287000000000519,epsilon_greedy,,248263,,,,,,,3.405377125530933e-07
1573,1572,,,-501.0,105,True,False,True,False,success,,,0.5284000000000519,epsilon_greedy,,248368,,,,,,,0.0015918832180198946
1574,1573,,,-25.0,25,True,False,True,False,success,,,0.528100000000052,epsilon_greedy,,248393,,,,,,,1.5902326263805833e-07
1575,1574,,,-160.0,61,True,False,True,False,success,,,0.527800000000052,epsilon_greedy,,248454,,,,,,,3.6914731982307103e-07
1576,1575,,,-813.0,120,True,False,True,False,success,,,0.527500000000052,epsilon_greedy,,248574,,,,,,,0.0008724936521591287
1577,1576,,,-233.0,35,True,False,True,False,success,,,0.5272000000000521,epsilon_greedy,,248609,,,,,,,1.1124825105568448e-07
1578,1577,,,-234.0,36,True,False,True,False,success,,,0.5269000000000521,epsilon_greedy,,248645,,,,,,,9.318383025203048e-07
1579,1578,,,-1487.0,200,False,False,False,True,cutoff,,,0.5266000000000521,epsilon_greedy,,248845,,,,,,,7.065154712151411e-06
1580,1579,,,-804.0,111,True,False,True,False,success,,,0.5263000000000522,epsilon_greedy,,248956,,,,,,,6.496036983942915e-07
1581,1580,,,-1002.0,111,True,False,True,False,success,,,0.5260000000000522,epsilon_greedy,,249067,,,,,,,4.326847813574042e-08
1582,1581,,,-694.0,100,True,False,True,False,success,,,0.5257000000000522,epsilon_greedy,,249167,,,,,,,7.359604459922231e-07
1583,1582,,,-404.0,107,True,False,True,False,success,,,0.5254000000000523,epsilon_greedy,,249274,,,,,,,7.891155492740962e-05
1584,1583,,,-468.0,72,True,False,True,False,success,,,0.5251000000000523,epsilon_greedy,,249346,,,,,,,1.6667683052578535e-07
1585,1584,,,-37.0,37,True,False,True,False,success,,,0.5248000000000523,epsilon_greedy,,249383,,,,,,,8.304632736143779e-07
1586,1585,,,-1773.0,189,True,False,True,False,success,,,0.5245000000000524,epsilon_greedy,,249572,,,,,,,1.5617086014262248e-06
1587,1586,,,-485.0,89,True,False,True,False,success,,,0.5242000000000524,epsilon_greedy,,249661,,,,,,,3.7558279564198216e-06
1588,1587,,,-1011.0,120,True,False,True,False,success,,,0.5239000000000524,epsilon_greedy,,249781,,,,,,,3.9646087843348e-06
1589,1588,,,-139.0,40,True,False,True,False,success,,,0.5236000000000525,epsilon_greedy,,249821,,,,,,,2.425356458446437e-07
1590,1589,,,-1685.0,200,False,False,False,True,cutoff,,,0.5233000000000525,epsilon_greedy,,250021,,,,,,,4.1543043076686105e-07
1591,1590,,,-236.0,38,True,False,True,False,success,,,0.5230000000000525,epsilon_greedy,,250059,,,,,,,2.2122227996836472e-08
1592,1591,,,-17.0,17,True,False,True,False,success,,,0.5227000000000526,epsilon_greedy,,250076,,,,,,,5.42050064964047e-15
1593,1592,,,-164.0,65,True,False,True,False,success,,,0.5224000000000526,epsilon_greedy,,250141,,,,,,,1.0637986329882393e-06
1594,1593,,,-42.0,42,True,False,True,False,success,,,0.5221000000000526,epsilon_greedy,,250183,,,,,,,2.3680560178741484e-06
1595,1594,,,-1685.0,200,False,False,False,True,cutoff,,,0.5218000000000527,epsilon_greedy,,250383,,,,,,,3.511716916433372e-06
1596,1595,,,-149.0,50,True,False,True,False,success,,,0.5215000000000527,epsilon_greedy,,250433,,,,,,,9.87435702459738e-06
1597,1596,,,-1883.0,200,False,False,False,True,cutoff,,,0.5212000000000527,epsilon_greedy,,250633,,,,,,,9.327915526499364e-05
1598,1597,,,-259.0,61,True,False,True,False,success,,,0.5209000000000528,epsilon_greedy,,250694,,,,,,,3.8503955723618936e-07
1599,1598,,,-31.0,31,True,False,True,False,success,,,0.5206000000000528,epsilon_greedy,,250725,,,,,,,3.3369519513195845e-08
1600,1599,,,-1052.0,62,True,False,True,False,success,,,0.5203000000000528,epsilon_greedy,,250787,,,,,,,1.7728584908360107e-09
1601,1600,,,-376.0,79,True,False,True,False,success,,,0.5200000000000529,epsilon_greedy,,250866,,,,,,,1.3792085043379325e-07
1602,1601,,,-145.0,46,True,False,True,False,success,,,0.5197000000000529,epsilon_greedy,,250912,,,,,,,1.7660207999507975e-06
1603,1602,,,-284.0,86,True,False,True,False,success,,,0.5194000000000529,epsilon_greedy,,250998,,,,,,,1.659069447431118e-07
1604,1603,,,-39.0,39,True,False,True,False,success,,,0.519100000000053,epsilon_greedy,,251037,,,,,,,1.392423454464146e-06
1605,1604,,,-1289.0,200,False,False,False,True,cutoff,,,0.518800000000053,epsilon_greedy,,251237,,,,,,,4.2990855005822226e-05
1606,1605,,,-483.0,87,True,False,True,False,success,,,0.518500000000053,epsilon_greedy,,251324,,,,,,,1.3797893673236884e-05
1607,1606,,,-411.0,114,True,False,True,False,success,,,0.5182000000000531,epsilon_greedy,,251438,,,,,,,1.2633572983671917e-05
1608,1607,,,-994.0,103,True,False,True,False,success,,,0.5179000000000531,epsilon_greedy,,251541,,,,,,,0.00016966018715691808
1609,1608,,,-709.0,115,True,False,True,False,success,,,0.5176000000000531,epsilon_greedy,,251656,,,,,,,1.508034968243583e-07
1610,1609,,,-704.0,110,True,False,True,False,success,,,0.5173000000000532,epsilon_greedy,,251766,,,,,,,1.0687824388085203e-05
1611,1610,,,-39.0,39,True,False,True,False,success,,,0.5170000000000532,epsilon_greedy,,251805,,,,,,,6.895139777602238e-07
1612,1611,,,-49.0,49,True,False,True,False,success,,,0.5167000000000532,epsilon_greedy,,251854,,,,,,,1.0580720877138425e-06
1613,1612,,,-1151.0,161,True,False,True,False,success,,,0.5164000000000533,epsilon_greedy,,252015,,,,,,,1.9241710984979723e-05
1614,1613,,,-241.0,43,True,False,True,False,success,,,0.5161000000000533,epsilon_greedy,,252058,,,,,,,1.7411853458015621e-06
1615,1614,,,-933.0,141,True,False,True,False,success,,,0.5158000000000533,epsilon_greedy,,252199,,,,,,,0.00013428668000746956
1616,1615,,,-1477.0,190,True,False,True,False,success,,,0.5155000000000534,epsilon_greedy,,252389,,,,,,,1.0986071813016901e-06
1617,1616,,,-31.0,31,True,False,True,False,success,,,0.5152000000000534,epsilon_greedy,,252420,,,,,,,3.447961434860548e-07
1618,1617,,,-1322.0,134,True,False,True,False,success,,,0.5149000000000534,epsilon_greedy,,252554,,,,,,,2.323430398275655e-07
1619,1618,,,-169.0,70,True,False,True,False,success,,,0.5146000000000535,epsilon_greedy,,252624,,,,,,,0.00022290998091256992
1620,1619,,,-147.0,48,True,False,True,False,success,,,0.5143000000000535,epsilon_greedy,,252672,,,,,,,6.0567329471516995e-06
1621,1620,,,-496.0,100,True,False,True,False,success,,,0.5140000000000535,epsilon_greedy,,252772,,,,,,,5.31248358628611e-06
1622,1621,,,-36.0,36,True,False,True,False,success,,,0.5137000000000536,epsilon_greedy,,252808,,,,,,,6.432078883378884e-05
1623,1622,,,-295.0,97,True,False,True,False,success,,,0.5134000000000536,epsilon_greedy,,252905,,,,,,,1.1604456951789804e-06
1624,1623,,,-992.0,200,False,False,False,True,cutoff,,,0.5131000000000536,epsilon_greedy,,253105,,,,,,,1.1239267761808946e-06
1625,1624,,,-1784.0,200,False,False,False,True,cutoff,,,0.5128000000000537,epsilon_greedy,,253305,,,,,,,9.158706502132574e-07
1626,1625,,,-39.0,39,True,False,True,False,success,,,0.5125000000000537,epsilon_greedy,,253344,,,,,,,2.5995253847545002e-05
1627,1626,,,-568.0,73,True,False,True,False,success,,,0.5122000000000537,epsilon_greedy,,253417,,,,,,,1.2703029564041987e-06
1628,1627,,,-1685.0,200,False,False,False,True,cutoff,,,0.5119000000000538,epsilon_greedy,,253617,,,,,,,9.332692829211453e-08
1629,1628,,,-151.0,52,True,False,True,False,success,,,0.5116000000000538,epsilon_greedy,,253669,,,,,,,6.401059176426476e-07
1630,1629,,,-34.0,34,True,False,True,False,success,,,0.5113000000000538,epsilon_greedy,,253703,,,,,,,4.8995969170739784e-08
1631,1630,,,-27.0,27,True,False,True,False,success,,,0.5110000000000539,epsilon_greedy,,253730,,,,,,,3.5374433086469516e-08
1632,1631,,,-1982.0,200,False,False,False,True,cutoff,,,0.5107000000000539,epsilon_greedy,,253930,,,,,,,2.0804571347956545e-05
1633,1632,,,-1586.0,200,False,False,False,True,cutoff,,,0.5104000000000539,epsilon_greedy,,254130,,,,,,,2.865600561363868e-05
1634,1633,,,-35.0,35,True,False,True,False,success,,,0.510100000000054,epsilon_greedy,,254165,,,,,,,5.5085843010869796e-08
1635,1634,,,-503.0,107,True,False,True,False,success,,,0.509800000000054,epsilon_greedy,,254272,,,,,,,2.0837676911070217e-07
1636,1635,,,-38.0,38,True,False,True,False,success,,,0.509500000000054,epsilon_greedy,,254310,,,,,,,0.0002653072091629162
1637,1636,,,-600.0,105,True,False,True,False,success,,,0.509200000000054,epsilon_greedy,,254415,,,,,,,0.00015807617661817207
1638,1637,,,-149.0,50,True,False,True,False,success,,,0.5089000000000541,epsilon_greedy,,254465,,,,,,,5.385767490868609e-06
1639,1638,,,-246.0,48,True,False,True,False,success,,,0.5086000000000541,epsilon_greedy,,254513,,,,,,,5.052714778982133e-09
1640,1639,,,-382.0,85,True,False,True,False,success,,,0.5083000000000542,epsilon_greedy,,254598,,,,,,,6.25105885642587e-08
1641,1640,,,-318.0,120,True,False,True,False,success,,,0.5080000000000542,epsilon_greedy,,254718,,,,,,,1.6731228793812983e-05
1642,1641,,,-30.0,30,True,False,True,False,success,,,0.5077000000000542,epsilon_greedy,,254748,,,,,,,1.5589067000239727e-08
1643,1642,,,-612.0,117,True,False,True,False,success,,,0.5074000000000543,epsilon_greedy,,254865,,,,,,,1.8523039021794926e-06
1644,1643,,,-723.0,129,True,False,True,False,success,,,0.5071000000000543,epsilon_greedy,,254994,,,,,,,5.885453763155005e-07
1645,1644,,,-505.0,109,True,False,True,False,success,,,0.5068000000000543,epsilon_greedy,,255103,,,,,,,0.006210528286003066
1646,1645,,,-23.0,23,True,False,True,False,success,,,0.5065000000000544,epsilon_greedy,,255126,,,,,,,2.357008589270532e-08
1647,1646,,,-263.0,65,True,False,True,False,success,,,0.5062000000000544,epsilon_greedy,,255191,,,,,,,1.5484087952997674e-05
1648,1647,,,-58.0,58,True,False,True,False,success,,,0.5059000000000544,epsilon_greedy,,255249,,,,,,,8.656973857434913e-06
1649,1648,,,-1557.0,171,True,False,True,False,success,,,0.5056000000000545,epsilon_greedy,,255420,,,,,,,8.257437642492889e-07
1650,1649,,,-377.0,80,True,False,True,False,success,,,0.5053000000000545,epsilon_greedy,,255500,,,,,,,1.0159386227032163e-06
1651,1650,,,-1192.0,103,True,False,True,False,success,,,0.5050000000000545,epsilon_greedy,,255603,,,,,,,2.3637691086255945e-07
1652,1651,,,-369.0,72,True,False,True,False,success,,,0.5047000000000545,epsilon_greedy,,255675,,,,,,,3.0953684149490376e-07
1653,1652,,,-231.0,33,True,False,True,False,success,,,0.5044000000000546,epsilon_greedy,,255708,,,,,,,7.649598200667598e-09
1654,1653,,,-140.0,41,True,False,True,False,success,,,0.5041000000000546,epsilon_greedy,,255749,,,,,,,6.987546826248542e-08
1655,1654,,,-1553.0,167,True,False,True,False,success,,,0.5038000000000546,epsilon_greedy,,255916,,,,,,,6.90006208070781e-07
1656,1655,,,-42.0,42,True,False,True,False,success,,,0.5035000000000547,epsilon_greedy,,255958,,,,,,,4.158137971483582e-06
1657,1656,,,-136.0,37,True,False,True,False,success,,,0.5032000000000547,epsilon_greedy,,255995,,,,,,,2.2480589864123408e-08
1658,1657,,,-736.0,142,True,False,True,False,success,,,0.5029000000000547,epsilon_greedy,,256137,,,,,,,8.037468587659929e-06
1659,1658,,,-408.0,111,True,False,True,False,success,,,0.5026000000000548,epsilon_greedy,,256248,,,,,,,2.0597020249148783e-06
1660,1659,,,-253.0,55,True,False,True,False,success,,,0.5023000000000548,epsilon_greedy,,256303,,,,,,,2.268907955265737e-06
1661,1660,,,-32.0,32,True,False,True,False,success,,,0.5020000000000548,epsilon_greedy,,256335,,,,,,,4.1252949789516435e-07
1662,1661,,,-163.0,64,True,False,True,False,success,,,0.5017000000000549,epsilon_greedy,,256399,,,,,,,7.212709733986356e-08
1663,1662,,,-238.0,40,True,False,True,False,success,,,0.5014000000000549,epsilon_greedy,,256439,,,,,,,4.866549919790852e-06
1664,1663,,,-478.0,82,True,False,True,False,success,,,0.501100000000055,epsilon_greedy,,256521,,,,,,,1.5595746731714089e-07
1665,1664,,,-35.0,35,True,False,True,False,success,,,0.500800000000055,epsilon_greedy,,256556,,,,,,,6.373920595453037e-07
1666,1665,,,-688.0,94,True,False,True,False,success,,,0.500500000000055,epsilon_greedy,,256650,,,,,,,2.7827055795560026e-07
1667,1666,,,-146.0,47,True,False,True,False,success,,,0.500200000000055,epsilon_greedy,,256697,,,,,,,1.352786902993684e-06
1668,1667,,,-454.0,58,True,False,True,False,success,,,0.499900000000055,epsilon_greedy,,256755,,,,,,,8.430076770300729e-06
1669,1668,,,-151.0,52,True,False,True,False,success,,,0.499600000000055,epsilon_greedy,,256807,,,,,,,2.9133862852107704e-08
1670,1669,,,-480.0,84,True,False,True,False,success,,,0.499300000000055,epsilon_greedy,,256891,,,,,,,5.558573632068517e-08
1671,1670,,,-144.0,45,True,False,True,False,success,,,0.49900000000005496,epsilon_greedy,,256936,,,,,,,4.2393162659316705e-09
1672,1671,,,-152.0,53,True,False,True,False,success,,,0.49870000000005493,epsilon_greedy,,256989,,,,,,,3.4218228573904995e-07
1673,1672,,,-562.0,67,True,False,True,False,success,,,0.4984000000000549,epsilon_greedy,,257056,,,,,,,2.0384616631490634e-08
1674,1673,,,-124.0,25,True,False,True,False,success,,,0.4981000000000549,epsilon_greedy,,257081,,,,,,,5.055268674780678e-09
1675,1674,,,-309.0,111,True,False,True,False,success,,,0.49780000000005487,epsilon_greedy,,257192,,,,,,,1.8942488102904711e-06
1676,1675,,,-710.0,116,True,False,True,False,success,,,0.49750000000005484,epsilon_greedy,,257308,,,,,,,3.915283975402509e-07
1677,1676,,,-988.0,97,True,False,True,False,success,,,0.4972000000000548,epsilon_greedy,,257405,,,,,,,2.0767231020754646e-05
1678,1677,,,-1531.0,145,True,False,True,False,success,,,0.4969000000000548,epsilon_greedy,,257550,,,,,,,2.0436004045780108e-07
1679,1678,,,-1462.0,175,True,False,True,False,success,,,0.4966000000000548,epsilon_greedy,,257725,,,,,,,7.492666814951881e-07
1680,1679,,,-168.0,69,True,False,True,False,success,,,0.49630000000005475,epsilon_greedy,,257794,,,,,,,6.251874148704742e-05
1681,1680,,,-1017.0,126,True,False,True,False,success,,,0.49600000000005473,epsilon_greedy,,257920,,,,,,,1.3675605445820933e-05
1682,1681,,,-369.0,72,True,False,True,False,success,,,0.4957000000000547,epsilon_greedy,,257992,,,,,,,2.0944193917762614e-07
1683,1682,,,-570.0,75,True,False,True,False,success,,,0.4954000000000547,epsilon_greedy,,258067,,,,,,,2.1608243085206405e-08
1684,1683,,,-273.0,75,True,False,True,False,success,,,0.49510000000005466,epsilon_greedy,,258142,,,,,,,1.2636141745699567e-07
1685,1684,,,-141.0,42,True,False,True,False,success,,,0.49480000000005464,epsilon_greedy,,258184,,,,,,,9.356814232572947e-07
1686,1685,,,-707.0,113,True,False,True,False,success,,,0.4945000000000546,epsilon_greedy,,258297,,,,,,,7.806390418058331e-08
1687,1686,,,-134.0,35,True,False,True,False,success,,,0.4942000000000546,epsilon_greedy,,258332,,,,,,,3.3175563271203857e-06
1688,1687,,,-26.0,26,True,False,True,False,success,,,0.4939000000000546,epsilon_greedy,,258358,,,,,,,5.801411137809418e-09
1689,1688,,,-269.0,71,True,False,True,False,success,,,0.49360000000005455,epsilon_greedy,,258429,,,,,,,3.8945231466038756e-07
1690,1689,,,-1180.0,91,True,False,True,False,success,,,0.49330000000005453,epsilon_greedy,,258520,,,,,,,2.5454770233271395e-07
1691,1690,,,-273.0,75,True,False,True,False,success,,,0.4930000000000545,epsilon_greedy,,258595,,,,,,,1.0010647342480658e-07
1692,1691,,,-1982.0,200,False,False,False,True,cutoff,,,0.4927000000000545,epsilon_greedy,,258795,,,,,,,7.006340290909297e-05
1693,1692,,,-789.0,96,True,False,True,False,success,,,0.49240000000005446,epsilon_greedy,,258891,,,,,,,1.2297105488982366e-08
1694,1693,,,-31.0,31,True,False,True,False,success,,,0.49210000000005444,epsilon_greedy,,258922,,,,,,,6.6175365617367785e-09
1695,1694,,,-1474.0,187,True,False,True,False,success,,,0.4918000000000544,epsilon_greedy,,259109,,,,,,,0.0009451075982108768
1696,1695,,,-49.0,49,True,False,True,False,success,,,0.4915000000000544,epsilon_greedy,,259158,,,,,,,2.8291470179092953e-06
1697,1696,,,-151.0,52,True,False,True,False,success,,,0.49120000000005437,epsilon_greedy,,259210,,,,,,,7.123064653498272e-08
1698,1697,,,-372.0,75,True,False,True,False,success,,,0.49090000000005435,epsilon_greedy,,259285,,,,,,,1.014819703349564e-06
1699,1698,,,-567.0,72,True,False,True,False,success,,,0.4906000000000543,epsilon_greedy,,259357,,,,,,,8.503693526622687e-05
1700,1699,,,-354.0,57,True,False,True,False,success,,,0.4903000000000543,epsilon_greedy,,259414,,,,,,,3.900351229441394e-06
1701,1700,,,-34.0,34,True,False,True,False,success,,,0.4900000000000543,epsilon_greedy,,259448,,,,,,,9.651843304984077e-09
1702,1701,,,-1039.0,148,True,False,True,False,success,,,0.48970000000005426,epsilon_greedy,,259596,,,,,,,7.457781425895966e-08
1703,1702,,,-131.0,32,True,False,True,False,success,,,0.48940000000005424,epsilon_greedy,,259628,,,,,,,4.1238511910846043e-10
1704,1703,,,-1685.0,200,False,False,False,True,cutoff,,,0.4891000000000542,epsilon_greedy,,259828,,,,,,,1.9012750256774957e-05
1705,1704,,,-1262.0,173,True,False,True,False,success,,,0.4888000000000542,epsilon_greedy,,260001,,,,,,,1.7201082566908758e-05
1706,1705,,,-27.0,27,True,False,True,False,success,,,0.48850000000005417,epsilon_greedy,,260028,,,,,,,7.02874482896134e-10
1707,1706,,,-811.0,118,True,False,True,False,success,,,0.48820000000005415,epsilon_greedy,,260146,,,,,,,8.739622042071882e-08
1708,1707,,,-250.0,52,True,False,True,False,success,,,0.4879000000000541,epsilon_greedy,,260198,,,,,,,1.2731613220522237e-07
1709,1708,,,-1388.0,200,False,False,False,True,cutoff,,,0.4876000000000541,epsilon_greedy,,260398,,,,,,,5.592362252249128e-07
1710,1709,,,-131.0,32,True,False,True,False,success,,,0.4873000000000541,epsilon_greedy,,260430,,,,,,,1.3676428010922503e-08
1711,1710,,,-26.0,26,True,False,True,False,success,,,0.48700000000005406,epsilon_greedy,,260456,,,,,,,1.8623794814013415e-11
1712,1711,,,-39.0,39,True,False,True,False,success,,,0.48670000000005403,epsilon_greedy,,260495,,,,,,,1.533944935744467e-08
1713,1712,,,-374.0,77,True,False,True,False,success,,,0.486400000000054,epsilon_greedy,,260572,,,,,,,1.8864898889202e-07
1714,1713,,,-253.0,55,True,False,True,False,success,,,0.486100000000054,epsilon_greedy,,260627,,,,,,,0.00023838999547687916
1715,1714,,,-632.0,38,True,False,True,False,success,,,0.48580000000005397,epsilon_greedy,,260665,,,,,,,1.1262977967233698e-07
1716,1715,,,-903.0,111,True,False,True,False,success,,,0.48550000000005394,epsilon_greedy,,260776,,,,,,,6.732277128366586e-08
1717,1716,,,-829.0,136,True,False,True,False,success,,,0.4852000000000539,epsilon_greedy,,260912,,,,,,,3.2681133739073826e-06
1718,1717,,,-147.0,48,True,False,True,False,success,,,0.4849000000000539,epsilon_greedy,,260960,,,,,,,1.5329564650075806e-08
1719,1718,,,-29.0,29,True,False,True,False,success,,,0.4846000000000539,epsilon_greedy,,260989,,,,,,,1.6468281144896003e-10
1720,1719,,,-1238.0,149,True,False,True,False,success,,,0.48430000000005385,epsilon_greedy,,261138,,,,,,,1.1753942062010309e-07
1721,1720,,,-889.0,97,True,False,True,False,success,,,0.48400000000005383,epsilon_greedy,,261235,,,,,,,2.637419315680753e-07
1722,1721,,,-461.0,65,True,False,True,False,success,,,0.4837000000000538,epsilon_greedy,,261300,,,,,,,6.361535797284345e-09
1723,1722,,,-153.0,54,True,False,True,False,success,,,0.4834000000000538,epsilon_greedy,,261354,,,,,,,8.364339919949601e-06
1724,1723,,,-269.0,71,True,False,True,False,success,,,0.48310000000005376,epsilon_greedy,,261425,,,,,,,4.000261767843017e-08
1725,1724,,,-1487.0,200,False,False,False,True,cutoff,,,0.48280000000005374,epsilon_greedy,,261625,,,,,,,5.135886070806173e-06
1726,1725,,,-355.0,58,True,False,True,False,success,,,0.4825000000000537,epsilon_greedy,,261683,,,,,,,2.0601851764786455e-08
1727,1726,,,-737.0,143,True,False,True,False,success,,,0.4822000000000537,epsilon_greedy,,261826,,,,,,,2.591046448042111e-07
1728,1727,,,-257.0,59,True,False,True,False,success,,,0.4819000000000537,epsilon_greedy,,261885,,,,,,,2.0328447019874753e-08
1729,1728,,,-35.0,35,True,False,True,False,success,,,0.48160000000005365,epsilon_greedy,,261920,,,,,,,3.518716446469585e-08
1730,1729,,,-706.0,112,True,False,True,False,success,,,0.48130000000005363,epsilon_greedy,,262032,,,,,,,7.237547038709189e-07
1731,1730,,,-184.0,85,True,False,True,False,success,,,0.4810000000000536,epsilon_greedy,,262117,,,,,,,1.5618286482837048e-05
1732,1731,,,-234.0,36,True,False,True,False,success,,,0.4807000000000536,epsilon_greedy,,262153,,,,,,,4.1294566469988565e-09
1733,1732,,,-1013.0,122,True,False,True,False,success,,,0.48040000000005356,epsilon_greedy,,262275,,,,,,,4.2623232194911124e-07
1734,1733,,,-355.0,58,True,False,True,False,success,,,0.48010000000005354,epsilon_greedy,,262333,,,,,,,1.3084562517764541e-08
1735,1734,,,-245.0,47,True,False,True,False,success,,,0.4798000000000535,epsilon_greedy,,262380,,,,,,,4.753258519645774e-09
1736,1735,,,-258.0,60,True,False,True,False,success,,,0.4795000000000535,epsilon_greedy,,262440,,,,,,,6.079153905824696e-08
1737,1736,,,-806.0,113,True,False,True,False,success,,,0.47920000000005347,epsilon_greedy,,262553,,,,,,,6.409147792406871e-07
1738,1737,,,-237.0,39,True,False,True,False,success,,,0.47890000000005345,epsilon_greedy,,262592,,,,,,,1.8186469707970332e-07
1739,1738,,,-444.0,48,True,False,True,False,success,,,0.4786000000000534,epsilon_greedy,,262640,,,,,,,8.06931857906997e-09
1740,1739,,,-648.0,54,True,False,True,False,success,,,0.4783000000000534,epsilon_greedy,,262694,,,,,,,2.049246200713989e-09
1741,1740,,,-1215.0,126,True,False,True,False,success,,,0.4780000000000534,epsilon_greedy,,262820,,,,,,,1.664168138025711e-05
1742,1741,,,-482.0,86,True,False,True,False,success,,,0.47770000000005336,epsilon_greedy,,262906,,,,,,,0.00014811300934792693
1743,1742,,,-150.0,51,True,False,True,False,success,,,0.47740000000005334,epsilon_greedy,,262957,,,,,,,0.0002248806652881386
1744,1743,,,-41.0,41,True,False,True,False,success,,,0.4771000000000533,epsilon_greedy,,262998,,,,,,,0.0002631672404325754
1745,1744,,,-466.0,70,True,False,True,False,success,,,0.4768000000000533,epsilon_greedy,,263068,,,,,,,0.000744794442901139
1746,1745,,,-494.0,98,True,False,True,False,success,,,0.47650000000005327,epsilon_greedy,,263166,,,,,,,4.582576588038226e-08
1747,1746,,,-78.0,78,True,False,True,False,success,,,0.47620000000005325,epsilon_greedy,,263244,,,,,,,8.193761169817703e-07
1748,1747,,,-352.0,55,True,False,True,False,success,,,0.4759000000000532,epsilon_greedy,,263299,,,,,,,3.957997917293131e-09
1749,1748,,,-382.0,85,True,False,True,False,success,,,0.4756000000000532,epsilon_greedy,,263384,,,,,,,1.3615617720867422e-08
1750,1749,,,-816.0,123,True,False,True,False,success,,,0.4753000000000532,epsilon_greedy,,263507,,,,,,,1.1442642127771181e-07
1751,1750,,,-151.0,52,True,False,True,False,success,,,0.47500000000005316,epsilon_greedy,,263559,,,,,,,1.6154769786848642e-09
1752,1751,,,-455.0,59,True,False,True,False,success,,,0.47470000000005314,epsilon_greedy,,263618,,,,,,,2.4925528974151234e-08
1753,1752,,,-372.0,75,True,False,True,False,success,,,0.4744000000000531,epsilon_greedy,,263693,,,,,,,3.272192765635395e-08
1754,1753,,,-40.0,40,True,False,True,False,success,,,0.4741000000000531,epsilon_greedy,,263733,,,,,,,1.1877639689572561e-07
1755,1754,,,-22.0,22,True,False,True,False,success,,,0.47380000000005307,epsilon_greedy,,263755,,,,,,,5.907132459949015e-10
1756,1755,,,-259.0,61,True,False,True,False,success,,,0.47350000000005305,epsilon_greedy,,263816,,,,,,,2.4330452665684995e-05
1757,1756,,,-259.0,61,True,False,True,False,success,,,0.473200000000053,epsilon_greedy,,263877,,,,,,,0.00017544077798835618
1758,1757,,,-455.0,59,True,False,True,False,success,,,0.472900000000053,epsilon_greedy,,263936,,,,,,,4.5533917313492257e-07
1759,1758,,,-344.0,47,True,False,True,False,success,,,0.472600000000053,epsilon_greedy,,263983,,,,,,,1.264774337271247e-10
1760,1759,,,-259.0,61,True,False,True,False,success,,,0.47230000000005296,epsilon_greedy,,264044,,,,,,,1.562320020166594e-08
1761,1760,,,-362.0,65,True,False,True,False,success,,,0.47200000000005293,epsilon_greedy,,264109,,,,,,,7.094222577386233e-07
1762,1761,,,-1021.0,130,True,False,True,False,success,,,0.4717000000000529,epsilon_greedy,,264239,,,,,,,1.6961264089066807e-05
1763,1762,,,-1776.0,192,True,False,True,False,success,,,0.4714000000000529,epsilon_greedy,,264431,,,,,,,7.307746750310115e-07
1764,1763,,,-556.0,61,True,False,True,False,success,,,0.47110000000005287,epsilon_greedy,,264492,,,,,,,1.9613432590252618e-09
1765,1764,,,-50.0,50,True,False,True,False,success,,,0.47080000000005284,epsilon_greedy,,264542,,,,,,,4.824915930569329e-05
1766,1765,,,-461.0,65,True,False,True,False,success,,,0.4705000000000528,epsilon_greedy,,264607,,,,,,,2.0236966760464816e-07
1767,1766,,,-460.0,64,True,False,True,False,success,,,0.4702000000000528,epsilon_greedy,,264671,,,,,,,0.00187909168111881
1768,1767,,,-143.0,44,True,False,True,False,success,,,0.4699000000000528,epsilon_greedy,,264715,,,,,,,7.250866401994652e-07
1769,1768,,,-2378.0,200,False,False,False,True,cutoff,,,0.46960000000005275,epsilon_greedy,,264915,,,,,,,7.63439631916718e-06
1770,1769,,,-1784.0,200,False,False,False,True,cutoff,,,0.46930000000005273,epsilon_greedy,,265115,,,,,,,1.9707404869340195e-07
1771,1770,,,-480.0,84,True,False,True,False,success,,,0.4690000000000527,epsilon_greedy,,265199,,,,,,,2.0086094416301343e-05
1772,1771,,,-33.0,33,True,False,True,False,success,,,0.4687000000000527,epsilon_greedy,,265232,,,,,,,0.0013838229050997855
1773,1772,,,-384.0,87,True,False,True,False,success,,,0.46840000000005266,epsilon_greedy,,265319,,,,,,,5.262271289727722e-08
1774,1773,,,-1237.0,148,True,False,True,False,success,,,0.46810000000005264,epsilon_greedy,,265467,,,,,,,1.2247390700197185e-05
1775,1774,,,-658.0,64,True,False,True,False,success,,,0.4678000000000526,epsilon_greedy,,265531,,,,,,,1.1423108015051753e-09
1776,1775,,,-1136.0,146,True,False,True,False,success,,,0.4675000000000526,epsilon_greedy,,265677,,,,,,,1.3359134542106225e-06
1777,1776,,,-131.0,32,True,False,True,False,success,,,0.4672000000000526,epsilon_greedy,,265709,,,,,,,1.0584646700784184e-09
1778,1777,,,-766.0,73,True,False,True,False,success,,,0.46690000000005255,epsilon_greedy,,265782,,,,,,,4.148416374495626e-10
1779,1778,,,-38.0,38,True,False,True,False,success,,,0.46660000000005253,epsilon_greedy,,265820,,,,,,,2.6687906038319315e-07
1780,1779,,,-40.0,40,True,False,True,False,success,,,0.4663000000000525,epsilon_greedy,,265860,,,,,,,2.166639001643933e-06
1781,1780,,,-40.0,40,True,False,True,False,success,,,0.4660000000000525,epsilon_greedy,,265900,,,,,,,1.8250891353766008e-09
1782,1781,,,-153.0,54,True,False,True,False,success,,,0.46570000000005246,epsilon_greedy,,265954,,,,,,,4.109962426974618e-07
1783,1782,,,-367.0,70,True,False,True,False,success,,,0.46540000000005244,epsilon_greedy,,266024,,,,,,,3.812181552019313e-08
1784,1783,,,-795.0,102,True,False,True,False,success,,,0.4651000000000524,epsilon_greedy,,266126,,,,,,,9.213078263255644e-09
1785,1784,,,-395.0,98,True,False,True,False,success,,,0.4648000000000524,epsilon_greedy,,266224,,,,,,,4.403321685484135e-07
1786,1785,,,-158.0,59,True,False,True,False,success,,,0.46450000000005237,epsilon_greedy,,266283,,,,,,,3.3501291263149944e-07
1787,1786,,,-890.0,98,True,False,True,False,success,,,0.46420000000005235,epsilon_greedy,,266381,,,,,,,2.6957008967446754e-08
1788,1787,,,-27.0,27,True,False,True,False,success,,,0.4639000000000523,epsilon_greedy,,266408,,,,,,,0.00031170026161776975
1789,1788,,,-685.0,91,True,False,True,False,success,,,0.4636000000000523,epsilon_greedy,,266499,,,,,,,1.773345150333618e-07
1790,1789,,,-38.0,38,True,False,True,False,success,,,0.4633000000000523,epsilon_greedy,,266537,,,,,,,7.966897184478359e-07
1791,1790,,,-25.0,25,True,False,True,False,success,,,0.46300000000005226,epsilon_greedy,,266562,,,,,,,1.266940095057123e-08
1792,1791,,,-145.0,46,True,False,True,False,success,,,0.46270000000005224,epsilon_greedy,,266608,,,,,,,1.900794994832374e-09
1793,1792,,,-240.0,42,True,False,True,False,success,,,0.4624000000000522,epsilon_greedy,,266650,,,,,,,8.365391501201424e-10
1794,1793,,,-391.0,94,True,False,True,False,success,,,0.4621000000000522,epsilon_greedy,,266744,,,,,,,5.435876908646612e-08
1795,1794,,,-800.0,107,True,False,True,False,success,,,0.46180000000005217,epsilon_greedy,,266851,,,,,,,3.2312600425053986e-09
1796,1795,,,-338.0,41,True,False,True,False,success,,,0.46150000000005215,epsilon_greedy,,266892,,,,,,,9.449416051800185e-09
1797,1796,,,-501.0,105,True,False,True,False,success,,,0.4612000000000521,epsilon_greedy,,266997,,,,,,,1.5258469200310356e-07
1798,1797,,,-134.0,35,True,False,True,False,success,,,0.4609000000000521,epsilon_greedy,,267032,,,,,,,5.2635409554722755e-09
1799,1798,,,-24.0,24,True,False,True,False,success,,,0.4606000000000521,epsilon_greedy,,267056,,,,,,,9.398052983981369e-10
1800,1799,,,-591.0,96,True,False,True,False,success,,,0.46030000000005206,epsilon_greedy,,267152,,,,,,,4.456021393190364e-06
1801,1800,,,-358.0,61,True,False,True,False,success,,,0.46000000000005203,epsilon_greedy,,267213,,,,,,,3.5666882562156097e-09
1802,1801,,,-154.0,55,True,False,True,False,success,,,0.459700000000052,epsilon_greedy,,267268,,,,,,,5.2792039471263115e-08
1803,1802,,,-246.0,48,True,False,True,False,success,,,0.459400000000052,epsilon_greedy,,267316,,,,,,,3.124227111984956e-05
1804,1803,,,-790.0,97,True,False,True,False,success,,,0.45910000000005197,epsilon_greedy,,267413,,,,,,,1.053600832424936e-05
1805,1804,,,-259.0,61,True,False,True,False,success,,,0.45880000000005194,epsilon_greedy,,267474,,,,,,,6.795395028829561e-08
1806,1805,,,-784.0,91,True,False,True,False,success,,,0.4585000000000519,epsilon_greedy,,267565,,,,,,,6.403966195404883e-07
1807,1806,,,-1098.0,108,True,False,True,False,success,,,0.4582000000000519,epsilon_greedy,,267673,,,,,,,6.567451603121686e-10
1808,1807,,,-30.0,30,True,False,True,False,success,,,0.4579000000000519,epsilon_greedy,,267703,,,,,,,4.435166105865769e-05
1809,1808,,,-343.0,46,True,False,True,False,success,,,0.45760000000005185,epsilon_greedy,,267749,,,,,,,2.974556398295585e-10
1810,1809,,,-230.0,32,True,False,True,False,success,,,0.45730000000005183,epsilon_greedy,,267781,,,,,,,1.1979388384042444e-09
1811,1810,,,-586.0,91,True,False,True,False,success,,,0.4570000000000518,epsilon_greedy,,267872,,,,,,,5.485812273673055e-07
1812,1811,,,-34.0,34,True,False,True,False,success,,,0.4567000000000518,epsilon_greedy,,267906,,,,,,,1.4214843104363424e-06
1813,1812,,,-154.0,55,True,False,True,False,success,,,0.45640000000005176,epsilon_greedy,,267961,,,,,,,9.160326401252467e-08
1814,1813,,,-1784.0,200,False,False,False,True,cutoff,,,0.45610000000005174,epsilon_greedy,,268161,,,,,,,9.953671757716442e-06
1815,1814,,,-37.0,37,True,False,True,False,success,,,0.4558000000000517,epsilon_greedy,,268198,,,,,,,1.417805454721492e-07
1816,1815,,,-365.0,68,True,False,True,False,success,,,0.4555000000000517,epsilon_greedy,,268266,,,,,,,1.5927792166891453e-08
1817,1816,,,-650.0,56,True,False,True,False,success,,,0.4552000000000517,epsilon_greedy,,268322,,,,,,,2.682745057848633e-10
1818,1817,,,-707.0,113,True,False,True,False,success,,,0.45490000000005165,epsilon_greedy,,268435,,,,,,,2.966065327801692e-07
1819,1818,,,-261.0,63,True,False,True,False,success,,,0.45460000000005163,epsilon_greedy,,268498,,,,,,,4.180957565696061e-08
1820,1819,,,-37.0,37,True,False,True,False,success,,,0.4543000000000516,epsilon_greedy,,268535,,,,,,,8.77292506808293e-08
1821,1820,,,-677.0,83,True,False,True,False,success,,,0.4540000000000516,epsilon_greedy,,268618,,,,,,,1.1042151399400978e-08
1822,1821,,,-1245.0,156,True,False,True,False,success,,,0.45370000000005156,epsilon_greedy,,268774,,,,,,,1.1042594840804387e-05
1823,1822,,,-344.0,47,True,False,True,False,success,,,0.45340000000005154,epsilon_greedy,,268821,,,,,,,3.0840771733121916e-09
1824,1823,,,-450.0,54,True,False,True,False,success,,,0.4531000000000515,epsilon_greedy,,268875,,,,,,,5.262977104701381e-07
1825,1824,,,-35.0,35,True,False,True,False,success,,,0.4528000000000515,epsilon_greedy,,268910,,,,,,,7.033296897266236e-08
1826,1825,,,-288.0,90,True,False,True,False,success,,,0.45250000000005147,epsilon_greedy,,269000,,,,,,,1.1695071653574887e-07
1827,1826,,,-137.0,38,True,False,True,False,success,,,0.45220000000005145,epsilon_greedy,,269038,,,,,,,1.762560728947374e-09
1828,1827,,,-359.0,62,True,False,True,False,success,,,0.4519000000000514,epsilon_greedy,,269100,,,,,,,8.97496058475362e-09
1829,1828,,,-550.0,55,True,False,True,False,success,,,0.4516000000000514,epsilon_greedy,,269155,,,,,,,2.395397617634258e-10
1830,1829,,,-134.0,35,True,False,True,False,success,,,0.4513000000000514,epsilon_greedy,,269190,,,,,,,2.6226130790872405e-09
1831,1830,,,-166.0,67,True,False,True,False,success,,,0.45100000000005136,epsilon_greedy,,269257,,,,,,,2.541155980499015e-08
1832,1831,,,-1784.0,200,False,False,False,True,cutoff,,,0.45070000000005134,epsilon_greedy,,269457,,,,,,,1.4541546593527245e-07
1833,1832,,,-155.0,56,True,False,True,False,success,,,0.4504000000000513,epsilon_greedy,,269513,,,,,,,8.221404109879213e-08
1834,1833,,,-233.0,35,True,False,True,False,success,,,0.4501000000000513,epsilon_greedy,,269548,,,,,,,9.46260460464389e-10
1835,1834,,,-264.0,66,True,False,True,False,success,,,0.44980000000005127,epsilon_greedy,,269614,,,,,,,1.3754930201571154e-08
1836,1835,,,-473.0,77,True,False,True,False,success,,,0.44950000000005125,epsilon_greedy,,269691,,,,,,,6.858370058076452e-06
1837,1836,,,-676.0,82,True,False,True,False,success,,,0.4492000000000512,epsilon_greedy,,269773,,,,,,,5.44674642729911e-07
1838,1837,,,-132.0,33,True,False,True,False,success,,,0.4489000000000512,epsilon_greedy,,269806,,,,,,,6.192278622321324e-07
1839,1838,,,-1466.0,179,True,False,True,False,success,,,0.4486000000000512,epsilon_greedy,,269985,,,,,,,2.0872581073831656e-08
1840,1839,,,-670.0,76,True,False,True,False,success,,,0.44830000000005116,epsilon_greedy,,270061,,,,,,,2.4469571690525977e-10
1841,1840,,,-123.0,24,True,False,True,False,success,,,0.44800000000005114,epsilon_greedy,,270085,,,,,,,7.16936417640331e-11
1842,1841,,,-591.0,96,True,False,True,False,success,,,0.4477000000000511,epsilon_greedy,,270181,,,,,,,7.021293751754976e-07
1843,1842,,,-793.0,100,True,False,True,False,success,,,0.4474000000000511,epsilon_greedy,,270281,,,,,,,7.573755016698768e-08
1844,1843,,,-264.0,66,True,False,True,False,success,,,0.44710000000005107,epsilon_greedy,,270347,,,,,,,2.002839518980534e-07
1845,1844,,,-791.0,98,True,False,True,False,success,,,0.44680000000005105,epsilon_greedy,,270445,,,,,,,5.35133091025649e-07
1846,1845,,,-1865.0,182,True,False,True,False,success,,,0.446500000000051,epsilon_greedy,,270627,,,,,,,1.2161351187383967e-08
1847,1846,,,-677.0,83,True,False,True,False,success,,,0.446200000000051,epsilon_greedy,,270710,,,,,,,1.650838100409984e-07
1848,1847,,,-707.0,113,True,False,True,False,success,,,0.445900000000051,epsilon_greedy,,270823,,,,,,,8.157037200464717e-08
1849,1848,,,-688.0,94,True,False,True,False,success,,,0.44560000000005096,epsilon_greedy,,270917,,,,,,,6.875179181142304e-07
1850,1849,,,-1437.0,150,True,False,True,False,success,,,0.44530000000005093,epsilon_greedy,,271067,,,,,,,3.706880698691369e-09
1851,1850,,,-343.0,46,True,False,True,False,success,,,0.4450000000000509,epsilon_greedy,,271113,,,,,,,4.1521588727664125e-09
1852,1851,,,-143.0,44,True,False,True,False,success,,,0.4447000000000509,epsilon_greedy,,271157,,,,,,,2.1380178396893354e-07
1853,1852,,,-798.0,105,True,False,True,False,success,,,0.44440000000005087,epsilon_greedy,,271262,,,,,,,2.984912260219273e-09
1854,1853,,,-33.0,33,True,False,True,False,success,,,0.44410000000005084,epsilon_greedy,,271295,,,,,,,1.058557083941176e-06
1855,1854,,,-132.0,33,True,False,True,False,success,,,0.4438000000000508,epsilon_greedy,,271328,,,,,,,1.4894078563069493e-10
1856,1855,,,-379.0,82,True,False,True,False,success,,,0.4435000000000508,epsilon_greedy,,271410,,,,,,,3.0160819659130484e-07
1857,1856,,,-245.0,47,True,False,True,False,success,,,0.4432000000000508,epsilon_greedy,,271457,,,,,,,1.139075051775552e-09
1858,1857,,,-1221.0,132,True,False,True,False,success,,,0.44290000000005075,epsilon_greedy,,271589,,,,,,,3.37788188329504e-09
1859,1858,,,-41.0,41,True,False,True,False,success,,,0.44260000000005073,epsilon_greedy,,271630,,,,,,,9.264166497892052e-08
1860,1859,,,-158.0,59,True,False,True,False,success,,,0.4423000000000507,epsilon_greedy,,271689,,,,,,,6.117353294806238e-07
1861,1860,,,-23.0,23,True,False,True,False,success,,,0.4420000000000507,epsilon_greedy,,271712,,,,,,,7.0170645622593866e-09
1862,1861,,,-160.0,61,True,False,True,False,success,,,0.44170000000005066,epsilon_greedy,,271773,,,,,,,1.2625644981959634e-07
1863,1862,,,-679.0,85,True,False,True,False,success,,,0.44140000000005064,epsilon_greedy,,271858,,,,,,,8.427442534669433e-11
1864,1863,,,-771.0,78,True,False,True,False,success,,,0.4411000000000506,epsilon_greedy,,271936,,,,,,,1.4089379435224585e-09
1865,1864,,,-240.0,42,True,False,True,False,success,,,0.4408000000000506,epsilon_greedy,,271978,,,,,,,1.6269267361883927e-09
1866,1865,,,-136.0,37,True,False,True,False,success,,,0.4405000000000506,epsilon_greedy,,272015,,,,,,,1.739089422942325e-05
1867,1866,,,-1539.0,153,True,False,True,False,success,,,0.44020000000005055,epsilon_greedy,,272168,,,,,,,1.270579149517942e-09
1868,1867,,,-265.0,67,True,False,True,False,success,,,0.43990000000005053,epsilon_greedy,,272235,,,,,,,3.0018834874241695e-07
1869,1868,,,-143.0,44,True,False,True,False,success,,,0.4396000000000505,epsilon_greedy,,272279,,,,,,,1.6544735480617976e-09
1870,1869,,,-899.0,107,True,False,True,False,success,,,0.4393000000000505,epsilon_greedy,,272386,,,,,,,1.1617959401259483e-05
1871,1870,,,-50.0,50,True,False,True,False,success,,,0.43900000000005046,epsilon_greedy,,272436,,,,,,,1.8009583118994144e-06
1872,1871,,,-35.0,35,True,False,True,False,success,,,0.43870000000005044,epsilon_greedy,,272471,,,,,,,1.0888881837470673e-07
1873,1872,,,-765.0,72,True,False,True,False,success,,,0.4384000000000504,epsilon_greedy,,272543,,,,,,,3.2939297289665457e-06
1874,1873,,,-39.0,39,True,False,True,False,success,,,0.4381000000000504,epsilon_greedy,,272582,,,,,,,9.284307055350948e-10
1875,1874,,,-26.0,26,True,False,True,False,success,,,0.43780000000005037,epsilon_greedy,,272608,,,,,,,2.789537327369401e-07
1876,1875,,,-36.0,36,True,False,True,False,success,,,0.43750000000005035,epsilon_greedy,,272644,,,,,,,0.00046828385670498614
1877,1876,,,-21.0,21,True,False,True,False,success,,,0.4372000000000503,epsilon_greedy,,272665,,,,,,,2.9213593554815242e-09
1878,1877,,,-1002.0,111,True,False,True,False,success,,,0.4369000000000503,epsilon_greedy,,272776,,,,,,,9.086527036300479e-09
1879,1878,,,-267.0,69,True,False,True,False,success,,,0.4366000000000503,epsilon_greedy,,272845,,,,,,,3.5844765084294483e-07
1880,1879,,,-41.0,41,True,False,True,False,success,,,0.43630000000005026,epsilon_greedy,,272886,,,,,,,4.4751636126908655e-07
1881,1880,,,-1435.0,148,True,False,True,False,success,,,0.43600000000005024,epsilon_greedy,,273034,,,,,,,6.510901017548971e-06
1882,1881,,,-140.0,41,True,False,True,False,success,,,0.4357000000000502,epsilon_greedy,,273075,,,,,,,1.543393409947764e-06
1883,1882,,,-135.0,36,True,False,True,False,success,,,0.4354000000000502,epsilon_greedy,,273111,,,,,,,9.864182495513931e-10
1884,1883,,,-128.0,29,True,False,True,False,success,,,0.43510000000005017,epsilon_greedy,,273140,,,,,,,2.013617433713295e-09
1885,1884,,,-133.0,34,True,False,True,False,success,,,0.43480000000005015,epsilon_greedy,,273174,,,,,,,4.516243588254303e-11
1886,1885,,,-233.0,35,True,False,True,False,success,,,0.4345000000000501,epsilon_greedy,,273209,,,,,,,1.0048015118359541e-10
1887,1886,,,-359.0,62,True,False,True,False,success,,,0.4342000000000501,epsilon_greedy,,273271,,,,,,,7.945033107497271e-06
1888,1887,,,-246.0,48,True,False,True,False,success,,,0.4339000000000501,epsilon_greedy,,273319,,,,,,,1.2632836952445696e-09
1889,1888,,,-499.0,103,True,False,True,False,success,,,0.43360000000005006,epsilon_greedy,,273422,,,,,,,7.519514460281555e-05
1890,1889,,,-452.0,56,True,False,True,False,success,,,0.43330000000005003,epsilon_greedy,,273478,,,,,,,1.1827001787050634e-07
1891,1890,,,-123.0,24,True,False,True,False,success,,,0.43300000000005,epsilon_greedy,,273502,,,,,,,1.10548843227735e-09
1892,1891,,,-29.0,29,True,False,True,False,success,,,0.43270000000005,epsilon_greedy,,273531,,,,,,,9.42100122052356e-10
1893,1892,,,-348.0,51,True,False,True,False,success,,,0.43240000000004997,epsilon_greedy,,273582,,,,,,,1.5008399882365143e-09
1894,1893,,,-34.0,34,True,False,True,False,success,,,0.43210000000004994,epsilon_greedy,,273616,,,,,,,1.2334517655620448e-09
1895,1894,,,-39.0,39,True,False,True,False,success,,,0.4318000000000499,epsilon_greedy,,273655,,,,,,,2.474962709077871e-07
1896,1895,,,-664.0,70,True,False,True,False,success,,,0.4315000000000499,epsilon_greedy,,273725,,,,,,,4.513860469528603e-09
1897,1896,,,-145.0,46,True,False,True,False,success,,,0.4312000000000499,epsilon_greedy,,273771,,,,,,,6.916038403323323e-08
1898,1897,,,-164.0,65,True,False,True,False,success,,,0.43090000000004985,epsilon_greedy,,273836,,,,,,,4.171034960839174e-08
1899,1898,,,-532.0,37,True,False,True,False,success,,,0.43060000000004983,epsilon_greedy,,273873,,,,,,,1.0262017662059124e-10
1900,1899,,,-126.0,27,True,False,True,False,success,,,0.4303000000000498,epsilon_greedy,,273900,,,,,,,6.8171040828807e-11
1901,1900,,,-685.0,91,True,False,True,False,success,,,0.4300000000000498,epsilon_greedy,,273991,,,,,,,8.294531833047952e-09
1902,1901,,,-135.0,36,True,False,True,False,success,,,0.42970000000004976,epsilon_greedy,,274027,,,,,,,2.294107367036465e-09
1903,1902,,,-41.0,41,True,False,True,False,success,,,0.42940000000004974,epsilon_greedy,,274068,,,,,,,1.707841374483478e-06
1904,1903,,,-354.0,57,True,False,True,False,success,,,0.4291000000000497,epsilon_greedy,,274125,,,,,,,5.1987452082027686e-09
1905,1904,,,-497.0,101,True,False,True,False,success,,,0.4288000000000497,epsilon_greedy,,274226,,,,,,,5.803874174108833e-07
1906,1905,,,-646.0,52,True,False,True,False,success,,,0.4285000000000497,epsilon_greedy,,274278,,,,,,,9.793714685389323e-10
1907,1906,,,-130.0,31,True,False,True,False,success,,,0.42820000000004965,epsilon_greedy,,274309,,,,,,,4.277721001078397e-08
1908,1907,,,-468.0,72,True,False,True,False,success,,,0.42790000000004963,epsilon_greedy,,274381,,,,,,,2.508100583794211e-07
1909,1908,,,-813.0,120,True,False,True,False,success,,,0.4276000000000496,epsilon_greedy,,274501,,,,,,,4.566106579876698e-09
1910,1909,,,-37.0,37,True,False,True,False,success,,,0.4273000000000496,epsilon_greedy,,274538,,,,,,,8.291615302466246e-08
1911,1910,,,-25.0,25,True,False,True,False,success,,,0.42700000000004956,epsilon_greedy,,274563,,,,,,,7.28981599529277e-09
1912,1911,,,-26.0,26,True,False,True,False,success,,,0.42670000000004954,epsilon_greedy,,274589,,,,,,,2.7802983761414057e-09
1913,1912,,,-709.0,115,True,False,True,False,success,,,0.4264000000000495,epsilon_greedy,,274704,,,,,,,6.58186387517738e-08
1914,1913,,,-348.0,51,True,False,True,False,success,,,0.4261000000000495,epsilon_greedy,,274755,,,,,,,1.466506872365507e-10
1915,1914,,,-234.0,36,True,False,True,False,success,,,0.4258000000000495,epsilon_greedy,,274791,,,,,,,1.181718611853455e-10
1916,1915,,,-131.0,32,True,False,True,False,success,,,0.42550000000004945,epsilon_greedy,,274823,,,,,,,2.510818724460462e-08
1917,1916,,,-659.0,65,True,False,True,False,success,,,0.4252000000000494,epsilon_greedy,,274888,,,,,,,6.202822289990396e-10
1918,1917,,,-253.0,55,True,False,True,False,success,,,0.4249000000000494,epsilon_greedy,,274943,,,,,,,1.6777421068587212e-09
1919,1918,,,-136.0,37,True,False,True,False,success,,,0.4246000000000494,epsilon_greedy,,274980,,,,,,,3.7558371061878517e-08
1920,1919,,,-808.0,115,True,False,True,False,success,,,0.42430000000004936,epsilon_greedy,,275095,,,,,,,1.6593141121992847e-09
1921,1920,,,-549.0,54,True,False,True,False,success,,,0.42400000000004934,epsilon_greedy,,275149,,,,,,,3.540589015387312e-10
1922,1921,,,-471.0,75,True,False,True,False,success,,,0.4237000000000493,epsilon_greedy,,275224,,,,,,,0.000131125318037828
1923,1922,,,-256.0,58,True,False,True,False,success,,,0.4234000000000493,epsilon_greedy,,275282,,,,,,,2.4505675844876567e-08
1924,1923,,,-26.0,26,True,False,True,False,success,,,0.42310000000004927,epsilon_greedy,,275308,,,,,,,1.987514178877129e-09
1925,1924,,,-1046.0,155,True,False,True,False,success,,,0.42280000000004925,epsilon_greedy,,275463,,,,,,,5.0642176602759686e-09
1926,1925,,,-48.0,48,True,False,True,False,success,,,0.4225000000000492,epsilon_greedy,,275511,,,,,,,2.4896616238057057e-07
1927,1926,,,-708.0,114,True,False,True,False,success,,,0.4222000000000492,epsilon_greedy,,275625,,,,,,,1.1695945563862751e-06
1928,1927,,,-21.0,21,True,False,True,False,success,,,0.4219000000000492,epsilon_greedy,,275646,,,,,,,4.45000234544899e-09
1929,1928,,,-248.0,50,True,False,True,False,success,,,0.42160000000004916,epsilon_greedy,,275696,,,,,,,1.923830130623472e-07
1930,1929,,,-32.0,32,True,False,True,False,success,,,0.42130000000004914,epsilon_greedy,,275728,,,,,,,7.941856648707724e-08
1931,1930,,,-130.0,31,True,False,True,False,success,,,0.4210000000000491,epsilon_greedy,,275759,,,,,,,1.1610359054098889e-09
1932,1931,,,-123.0,24,True,False,True,False,success,,,0.4207000000000491,epsilon_greedy,,275783,,,,,,,3.3343698172908866e-14
1933,1932,,,-788.0,95,True,False,True,False,success,,,0.42040000000004907,epsilon_greedy,,275878,,,,,,,2.6205917225714875e-09
1934,1933,,,-127.0,28,True,False,True,False,success,,,0.42010000000004905,epsilon_greedy,,275906,,,,,,,1.026726323008883e-12
1935,1934,,,-27.0,27,True,False,True,False,success,,,0.419800000000049,epsilon_greedy,,275933,,,,,,,3.610588535970557e-10
1936,1935,,,-140.0,41,True,False,True,False,success,,,0.419500000000049,epsilon_greedy,,275974,,,,,,,6.694873506522712e-09
1937,1936,,,-39.0,39,True,False,True,False,success,,,0.419200000000049,epsilon_greedy,,276013,,,,,,,1.8983591957659012e-08
1938,1937,,,-378.0,81,True,False,True,False,success,,,0.41890000000004896,epsilon_greedy,,276094,,,,,,,1.911799784462782e-07
1939,1938,,,-25.0,25,True,False,True,False,success,,,0.41860000000004893,epsilon_greedy,,276119,,,,,,,5.536686097595833e-07
1940,1939,,,-25.0,25,True,False,True,False,success,,,0.4183000000000489,epsilon_greedy,,276144,,,,,,,9.626965891129657e-14
1941,1940,,,-248.0,50,True,False,True,False,success,,,0.4180000000000489,epsilon_greedy,,276194,,,,,,,1.093136149599161e-08
1942,1941,,,-29.0,29,True,False,True,False,success,,,0.41770000000004887,epsilon_greedy,,276223,,,,,,,5.032703832219159e-10
1943,1942,,,-136.0,37,True,False,True,False,success,,,0.41740000000004884,epsilon_greedy,,276260,,,,,,,7.412688470850334e-08
1944,1943,,,-910.0,118,True,False,True,False,success,,,0.4171000000000488,epsilon_greedy,,276378,,,,,,,0.0010777195961340945
1945,1944,,,-251.0,53,True,False,True,False,success,,,0.4168000000000488,epsilon_greedy,,276431,,,,,,,4.013038915848307e-10
1946,1945,,,-28.0,28,True,False,True,False,success,,,0.4165000000000488,epsilon_greedy,,276459,,,,,,,5.587656060068724e-09
1947,1946,,,-26.0,26,True,False,True,False,success,,,0.41620000000004875,epsilon_greedy,,276485,,,,,,,1.888131104457522e-10
1948,1947,,,-46.0,46,True,False,True,False,success,,,0.41590000000004873,epsilon_greedy,,276531,,,,,,,6.839330471239775e-07
1949,1948,,,-129.0,30,True,False,True,False,success,,,0.4156000000000487,epsilon_greedy,,276561,,,,,,,3.834262914577854e-09
1950,1949,,,-128.0,29,True,False,True,False,success,,,0.4153000000000487,epsilon_greedy,,276590,,,,,,,7.800503538121496e-13
1951,1950,,,-143.0,44,True,False,True,False,success,,,0.41500000000004866,epsilon_greedy,,276634,,,,,,,4.089462803744872e-09
1952,1951,,,-665.0,71,True,False,True,False,success,,,0.41470000000004864,epsilon_greedy,,276705,,,,,,,2.3226781768594126e-05
1953,1952,,,-989.0,98,True,False,True,False,success,,,0.4144000000000486,epsilon_greedy,,276803,,,,,,,1.9643995280767125e-08
1954,1953,,,-129.0,30,True,False,True,False,success,,,0.4141000000000486,epsilon_greedy,,276833,,,,,,,3.712490315166406e-11
1955,1954,,,-454.0,58,True,False,True,False,success,,,0.4138000000000486,epsilon_greedy,,276891,,,,,,,4.4707743254617006e-11
1956,1955,,,-578.0,83,True,False,True,False,success,,,0.41350000000004855,epsilon_greedy,,276974,,,,,,,1.6690175111219963e-05
1957,1956,,,-136.0,37,True,False,True,False,success,,,0.41320000000004853,epsilon_greedy,,277011,,,,,,,1.3381690458949771e-05
1958,1957,,,-698.0,104,True,False,True,False,success,,,0.4129000000000485,epsilon_greedy,,277115,,,,,,,2.0144835944667907e-08
1959,1958,,,-1111.0,121,True,False,True,False,success,,,0.4126000000000485,epsilon_greedy,,277236,,,,,,,3.345346169043712e-09
1960,1959,,,-37.0,37,True,False,True,False,success,,,0.41230000000004846,epsilon_greedy,,277273,,,,,,,2.3671754948049903e-06
1961,1960,,,-267.0,69,True,False,True,False,success,,,0.41200000000004844,epsilon_greedy,,277342,,,,,,,1.3766147352953109e-05
1962,1961,,,-504.0,108,True,False,True,False,success,,,0.4117000000000484,epsilon_greedy,,277450,,,,,,,1.5631473603160295e-08
1963,1962,,,-273.0,75,True,False,True,False,success,,,0.4114000000000484,epsilon_greedy,,277525,,,,,,,3.0929144706111816e-08
1964,1963,,,-21.0,21,True,False,True,False,success,,,0.41110000000004837,epsilon_greedy,,277546,,,,,,,9.94881954596849e-11
1965,1964,,,-492.0,96,True,False,True,False,success,,,0.41080000000004835,epsilon_greedy,,277642,,,,,,,1.1367232641279479e-09
1966,1965,,,-245.0,47,True,False,True,False,success,,,0.4105000000000483,epsilon_greedy,,277689,,,,,,,5.018849529823216e-09
1967,1966,,,-37.0,37,True,False,True,False,success,,,0.4102000000000483,epsilon_greedy,,277726,,,,,,,1.9214807569260842e-06
1968,1967,,,-23.0,23,True,False,True,False,success,,,0.4099000000000483,epsilon_greedy,,277749,,,,,,,1.8435813262469665e-11
1969,1968,,,-36.0,36,True,False,True,False,success,,,0.40960000000004826,epsilon_greedy,,277785,,,,,,,1.6236762613432e-09
1970,1969,,,-26.0,26,True,False,True,False,success,,,0.40930000000004824,epsilon_greedy,,277811,,,,,,,2.2352443105845873e-07
1971,1970,,,-250.0,52,True,False,True,False,success,,,0.4090000000000482,epsilon_greedy,,277863,,,,,,,1.807880725465885e-10
1972,1971,,,-26.0,26,True,False,True,False,success,,,0.4087000000000482,epsilon_greedy,,277889,,,,,,,5.201766282671481e-10
1973,1972,,,-559.0,64,True,False,True,False,success,,,0.40840000000004817,epsilon_greedy,,277953,,,,,,,4.064429001693348e-11
1974,1973,,,-355.0,58,True,False,True,False,success,,,0.40810000000004815,epsilon_greedy,,278011,,,,,,,1.2941331324575086e-08
1975,1974,,,-125.0,26,True,False,True,False,success,,,0.4078000000000481,epsilon_greedy,,278037,,,,,,,1.4718533656822894e-09
1976,1975,,,-31.0,31,True,False,True,False,success,,,0.4075000000000481,epsilon_greedy,,278068,,,,,,,2.741160345304787e-10
1977,1976,,,-129.0,30,True,False,True,False,success,,,0.4072000000000481,epsilon_greedy,,278098,,,,,,,2.95315764435126e-10
1978,1977,,,-464.0,68,True,False,True,False,success,,,0.40690000000004806,epsilon_greedy,,278166,,,,,,,1.99327965571114e-09
1979,1978,,,-32.0,32,True,False,True,False,success,,,0.40660000000004803,epsilon_greedy,,278198,,,,,,,1.883112381306784e-09
1980,1979,,,-981.0,90,True,False,True,False,success,,,0.406300000000048,epsilon_greedy,,278288,,,,,,,7.894518117542591e-05
1981,1980,,,-246.0,48,True,False,True,False,success,,,0.406000000000048,epsilon_greedy,,278336,,,,,,,2.5985965391300825e-06
1982,1981,,,-886.0,94,True,False,True,False,success,,,0.40570000000004797,epsilon_greedy,,278430,,,,,,,2.6626667088685752e-09
1983,1982,,,-130.0,31,True,False,True,False,success,,,0.40540000000004794,epsilon_greedy,,278461,,,,,,,2.2956158121376708e-10
1984,1983,,,-377.0,80,True,False,True,False,success,,,0.4051000000000479,epsilon_greedy,,278541,,,,,,,1.3229925488467131e-10
1985,1984,,,-26.0,26,True,False,True,False,success,,,0.4048000000000479,epsilon_greedy,,278567,,,,,,,4.794953323283835e-11
1986,1985,,,-559.0,64,True,False,True,False,success,,,0.4045000000000479,epsilon_greedy,,278631,,,,,,,1.895938112998763e-07
1987,1986,,,-229.0,31,True,False,True,False,success,,,0.40420000000004785,epsilon_greedy,,278662,,,,,,,1.0676625891625052e-10
1988,1987,,,-25.0,25,True,False,True,False,success,,,0.40390000000004783,epsilon_greedy,,278687,,,,,,,1.0468848810063492e-09
1989,1988,,,-121.0,22,True,False,True,False,success,,,0.4036000000000478,epsilon_greedy,,278709,,,,,,,1.1316720288140851e-10
1990,1989,,,-128.0,29,True,False,True,False,success,,,0.4033000000000478,epsilon_greedy,,278738,,,,,,,8.690366434134847e-15
1991,1990,,,-21.0,21,True,False,True,False,success,,,0.40300000000004776,epsilon_greedy,,278759,,,,,,,3.943935125573175e-14
1992,1991,,,-239.0,41,True,False,True,False,success,,,0.40270000000004774,epsilon_greedy,,278800,,,,,,,6.786495753981045e-08
1993,1992,,,-28.0,28,True,False,True,False,success,,,0.4024000000000477,epsilon_greedy,,278828,,,,,,,1.9571665716660343e-10
1994,1993,,,-327.0,30,True,False,True,False,success,,,0.4021000000000477,epsilon_greedy,,278858,,,,,,,5.177573185003818e-11
1995,1994,,,-149.0,50,True,False,True,False,success,,,0.4018000000000477,epsilon_greedy,,278908,,,,,,,1.1811276001694183e-09
1996,1995,,,-453.0,57,True,False,True,False,success,,,0.40150000000004765,epsilon_greedy,,278965,,,,,,,6.019524929195036e-09
1997,1996,,,-239.0,41,True,False,True,False,success,,,0.40120000000004763,epsilon_greedy,,279006,,,,,,,8.707252534166417e-10
1998,1997,,,-240.0,42,True,False,True,False,success,,,0.4009000000000476,epsilon_greedy,,279048,,,,,,,2.608096860172504e-10
1999,1998,,,-886.0,94,True,False,True,False,success,,,0.4006000000000476,epsilon_greedy,,279142,,,,,,,1.615898693811768e-09
2000,1999,,,-976.0,85,True,False,True,False,success,,,0.40030000000004756,epsilon_greedy,,279227,,,,,,,5.4419959754212376e-09
2001,2000,,,-460.0,64,True,False,True,False,success,,,0.40000000000004754,epsilon_greedy,,279291,,,,,,,3.1258098921738142e-09
2002,2001,,,-242.0,44,True,False,True,False,success,,,0.3997000000000475,epsilon_greedy,,279335,,,,,,,3.642373613549859e-06
2003,2002,,,-228.0,30,True,False,True,False,success,,,0.3994000000000475,epsilon_greedy,,279365,,,,,,,1.2286258159003675e-09
2004,2003,,,-31.0,31,True,False,True,False,success,,,0.3991000000000475,epsilon_greedy,,279396,,,,,,,6.391056143088242e-11
2005,2004,,,-21.0,21,True,False,True,False,success,,,0.39880000000004745,epsilon_greedy,,279417,,,,,,,8.47819169366847e-13
2006,2005,,,-53.0,53,True,False,True,False,success,,,0.3985000000000474,epsilon_greedy,,279470,,,,,,,3.924500900061484e-07
2007,2006,,,-21.0,21,True,False,True,False,success,,,0.3982000000000474,epsilon_greedy,,279491,,,,,,,3.6461838839213236e-13
2008,2007,,,-147.0,48,True,False,True,False,success,,,0.3979000000000474,epsilon_greedy,,279539,,,,,,,2.637633296960947e-09
2009,2008,,,-142.0,43,True,False,True,False,success,,,0.39760000000004736,epsilon_greedy,,279582,,,,,,,6.909085072018585e-08
2010,2009,,,-475.0,79,True,False,True,False,success,,,0.39730000000004734,epsilon_greedy,,279661,,,,,,,1.7092609156465622e-09
2011,2010,,,-235.0,37,True,False,True,False,success,,,0.3970000000000473,epsilon_greedy,,279698,,,,,,,2.5142698673792014e-09
2012,2011,,,-33.0,33,True,False,True,False,success,,,0.3967000000000473,epsilon_greedy,,279731,,,,,,,1.7623128343840888e-08
2013,2012,,,-26.0,26,True,False,True,False,success,,,0.39640000000004727,epsilon_greedy,,279757,,,,,,,9.174822184039482e-10
2014,2013,,,-558.0,63,True,False,True,False,success,,,0.39610000000004725,epsilon_greedy,,279820,,,,,,,2.7254463729956037e-09
2015,2014,,,-669.0,75,True,False,True,False,success,,,0.3958000000000472,epsilon_greedy,,279895,,,,,,,3.4893406682575305e-11
2016,2015,,,-489.0,93,True,False,True,False,success,,,0.3955000000000472,epsilon_greedy,,279988,,,,,,,1.0032271190607327e-09
2017,2016,,,-33.0,33,True,False,True,False,success,,,0.3952000000000472,epsilon_greedy,,280021,,,,,,,3.085337170934584e-10
2018,2017,,,-795.0,102,True,False,True,False,success,,,0.39490000000004716,epsilon_greedy,,280123,,,,,,,8.677756452585175e-07
2019,2018,,,-648.0,54,True,False,True,False,success,,,0.39460000000004714,epsilon_greedy,,280177,,,,,,,2.154194349650667e-09
2020,2019,,,-27.0,27,True,False,True,False,success,,,0.3943000000000471,epsilon_greedy,,280204,,,,,,,3.89824394986249e-10
2021,2020,,,-146.0,47,True,False,True,False,success,,,0.3940000000000471,epsilon_greedy,,280251,,,,,,,0.0035319944028240676
2022,2021,,,-34.0,34,True,False,True,False,success,,,0.39370000000004707,epsilon_greedy,,280285,,,,,,,2.5152064517560103e-05
2023,2022,,,-232.0,34,True,False,True,False,success,,,0.39340000000004705,epsilon_greedy,,280319,,,,,,,3.828719705657653e-07
2024,2023,,,-379.0,82,True,False,True,False,success,,,0.393100000000047,epsilon_greedy,,280401,,,,,,,5.664364061807876e-09
2025,2024,,,-249.0,51,True,False,True,False,success,,,0.392800000000047,epsilon_greedy,,280452,,,,,,,8.394883437638751e-10
2026,2025,,,-130.0,31,True,False,True,False,success,,,0.392500000000047,epsilon_greedy,,280483,,,,,,,4.52230367848701e-12
2027,2026,,,-149.0,50,True,False,True,False,success,,,0.39220000000004696,epsilon_greedy,,280533,,,,,,,1.088727897657904e-07
2028,2027,,,-224.0,26,True,False,True,False,success,,,0.39190000000004693,epsilon_greedy,,280559,,,,,,,1.0103029524088925e-14
2029,2028,,,-139.0,40,True,False,True,False,success,,,0.3916000000000469,epsilon_greedy,,280599,,,,,,,4.6049772767231544e-08
2030,2029,,,-663.0,69,True,False,True,False,success,,,0.3913000000000469,epsilon_greedy,,280668,,,,,,,2.6193237012534034e-08
2031,2030,,,-360.0,63,True,False,True,False,success,,,0.39100000000004687,epsilon_greedy,,280731,,,,,,,7.348333697440546e-08
2032,2031,,,-130.0,31,True,False,True,False,success,,,0.39070000000004684,epsilon_greedy,,280762,,,,,,,5.687715531529824e-12
2033,2032,,,-155.0,56,True,False,True,False,success,,,0.3904000000000468,epsilon_greedy,,280818,,,,,,,1.116999552499712e-06
2034,2033,,,-156.0,57,True,False,True,False,success,,,0.3901000000000468,epsilon_greedy,,280875,,,,,,,4.430652619972395e-06
2035,2034,,,-21.0,21,True,False,True,False,success,,,0.3898000000000468,epsilon_greedy,,280896,,,,,,,1.611773783221928e-10
2036,2035,,,-472.0,76,True,False,True,False,success,,,0.38950000000004675,epsilon_greedy,,280972,,,,,,,1.508004834192468e-07
2037,2036,,,-21.0,21,True,False,True,False,success,,,0.38920000000004673,epsilon_greedy,,280993,,,,,,,5.418470962919877e-11
2038,2037,,,-569.0,74,True,False,True,False,success,,,0.3889000000000467,epsilon_greedy,,281067,,,,,,,1.0359233829460625e-05
2039,2038,,,-132.0,33,True,False,True,False,success,,,0.3886000000000467,epsilon_greedy,,281100,,,,,,,4.0843472139749017e-08
2040,2039,,,-145.0,46,True,False,True,False,success,,,0.38830000000004666,epsilon_greedy,,281146,,,,,,,5.679531818712237e-07
2041,2040,,,-37.0,37,True,False,True,False,success,,,0.38800000000004664,epsilon_greedy,,281183,,,,,,,3.0671723209300385e-08
2042,2041,,,-27.0,27,True,False,True,False,success,,,0.3877000000000466,epsilon_greedy,,281210,,,,,,,3.6557001870107797e-10
2043,2042,,,-556.0,61,True,False,True,False,success,,,0.3874000000000466,epsilon_greedy,,281271,,,,,,,2.2559437014268444e-11
2044,2043,,,-246.0,48,True,False,True,False,success,,,0.3871000000000466,epsilon_greedy,,281319,,,,,,,2.1811602061531468e-10
2045,2044,,,-33.0,33,True,False,True,False,success,,,0.38680000000004655,epsilon_greedy,,281352,,,,,,,3.487779717293086e-07
2046,2045,,,-31.0,31,True,False,True,False,success,,,0.38650000000004653,epsilon_greedy,,281383,,,,,,,3.457524890765877e-08
2047,2046,,,-228.0,30,True,False,True,False,success,,,0.3862000000000465,epsilon_greedy,,281413,,,,,,,1.4557244298885053e-13
2048,2047,,,-248.0,50,True,False,True,False,success,,,0.3859000000000465,epsilon_greedy,,281463,,,,,,,3.331347744328639e-09
2049,2048,,,-243.0,45,True,False,True,False,success,,,0.38560000000004646,epsilon_greedy,,281508,,,,,,,3.7737217058945543e-06
2050,2049,,,-449.0,53,True,False,True,False,success,,,0.38530000000004644,epsilon_greedy,,281561,,,,,,,7.665235448469412e-10
2051,2050,,,-1337.0,149,True,False,True,False,success,,,0.3850000000000464,epsilon_greedy,,281710,,,,,,,4.568346112237401e-06
2052,2051,,,-237.0,39,True,False,True,False,success,,,0.3847000000000464,epsilon_greedy,,281749,,,,,,,2.8863182753829216e-07
2053,2052,,,-235.0,37,True,False,True,False,success,,,0.38440000000004637,epsilon_greedy,,281786,,,,,,,7.219913141817166e-09
2054,2053,,,-147.0,48,True,False,True,False,success,,,0.38410000000004635,epsilon_greedy,,281834,,,,,,,2.268893631320046e-05
2055,2054,,,-19.0,19,True,False,True,False,success,,,0.3838000000000463,epsilon_greedy,,281853,,,,,,,5.691353820973171e-15
2056,2055,,,-21.0,21,True,False,True,False,success,,,0.3835000000000463,epsilon_greedy,,281874,,,,,,,3.055956546017483e-11
2057,2056,,,-545.0,50,True,False,True,False,success,,,0.3832000000000463,epsilon_greedy,,281924,,,,,,,2.514872710079885e-10
2058,2057,,,-471.0,75,True,False,True,False,success,,,0.38290000000004626,epsilon_greedy,,281999,,,,,,,1.4362185189279823e-09
2059,2058,,,-341.0,44,True,False,True,False,success,,,0.38260000000004624,epsilon_greedy,,282043,,,,,,,6.611195934137403e-11
2060,2059,,,-257.0,59,True,False,True,False,success,,,0.3823000000000462,epsilon_greedy,,282102,,,,,,,1.3545517043239602e-08
2061,2060,,,-32.0,32,True,False,True,False,success,,,0.3820000000000462,epsilon_greedy,,282134,,,,,,,4.588736127186799e-10
2062,2061,,,-25.0,25,True,False,True,False,success,,,0.38170000000004617,epsilon_greedy,,282159,,,,,,,9.441336601412332e-15
2063,2062,,,-441.0,45,True,False,True,False,success,,,0.38140000000004615,epsilon_greedy,,282204,,,,,,,2.067256834850342e-10
2064,2063,,,-25.0,25,True,False,True,False,success,,,0.3811000000000461,epsilon_greedy,,282229,,,,,,,1.8891085140637642e-10
2065,2064,,,-247.0,49,True,False,True,False,success,,,0.3808000000000461,epsilon_greedy,,282278,,,,,,,8.05351703692794e-11
2066,2065,,,-226.0,28,True,False,True,False,success,,,0.3805000000000461,epsilon_greedy,,282306,,,,,,,1.2592825988327101e-10
2067,2066,,,-124.0,25,True,False,True,False,success,,,0.38020000000004606,epsilon_greedy,,282331,,,,,,,4.015721000172334e-10
2068,2067,,,-28.0,28,True,False,True,False,success,,,0.37990000000004603,epsilon_greedy,,282359,,,,,,,8.083388720286117e-10
2069,2068,,,-1214.0,125,True,False,True,False,success,,,0.379600000000046,epsilon_greedy,,282484,,,,,,,1.2213004918493199e-09
2070,2069,,,-127.0,28,True,False,True,False,success,,,0.379300000000046,epsilon_greedy,,282512,,,,,,,5.413715745535999e-10
2071,2070,,,-358.0,61,True,False,True,False,success,,,0.37900000000004597,epsilon_greedy,,282573,,,,,,,1.4486363693310698e-09
2072,2071,,,-145.0,46,True,False,True,False,success,,,0.37870000000004594,epsilon_greedy,,282619,,,,,,,1.597921188121477e-08
2073,2072,,,-440.0,44,True,False,True,False,success,,,0.3784000000000459,epsilon_greedy,,282663,,,,,,,1.514009624740838e-11
2074,2073,,,-19.0,19,True,False,True,False,success,,,0.3781000000000459,epsilon_greedy,,282682,,,,,,,4.159842061456306e-12
2075,2074,,,-123.0,24,True,False,True,False,success,,,0.3778000000000459,epsilon_greedy,,282706,,,,,,,5.277334125253219e-12
2076,2075,,,-139.0,40,True,False,True,False,success,,,0.37750000000004585,epsilon_greedy,,282746,,,,,,,1.703217955562053e-10
2077,2076,,,-31.0,31,True,False,True,False,success,,,0.37720000000004583,epsilon_greedy,,282777,,,,,,,2.3737357391523563e-08
2078,2077,,,-580.0,85,True,False,True,False,success,,,0.3769000000000458,epsilon_greedy,,282862,,,,,,,3.5314191048531913e-10
2079,2078,,,-21.0,21,True,False,True,False,success,,,0.3766000000000458,epsilon_greedy,,282883,,,,,,,1.5105471371089694e-10
2080,2079,,,-143.0,44,True,False,True,False,success,,,0.37630000000004576,epsilon_greedy,,282927,,,,,,,1.038900758350407e-09
2081,2080,,,-23.0,23,True,False,True,False,success,,,0.37600000000004574,epsilon_greedy,,282950,,,,,,,2.5863369417137343e-14
2082,2081,,,-340.0,43,True,False,True,False,success,,,0.3757000000000457,epsilon_greedy,,282993,,,,,,,1.2430142186865608e-10
2083,2082,,,-130.0,31,True,False,True,False,success,,,0.3754000000000457,epsilon_greedy,,283024,,,,,,,6.130817588368223e-09
2084,2083,,,-29.0,29,True,False,True,False,success,,,0.3751000000000457,epsilon_greedy,,283053,,,,,,,6.746831891796831e-06
2085,2084,,,-671.0,77,True,False,True,False,success,,,0.37480000000004565,epsilon_greedy,,283130,,,,,,,4.5493821532759916e-07
2086,2085,,,-18.0,18,True,False,True,False,success,,,0.37450000000004563,epsilon_greedy,,283148,,,,,,,5.612794180049403e-15
2087,2086,,,-1434.0,147,True,False,True,False,success,,,0.3742000000000456,epsilon_greedy,,283295,,,,,,,1.7509907764086708e-09
2088,2087,,,-19.0,19,True,False,True,False,success,,,0.3739000000000456,epsilon_greedy,,283314,,,,,,,5.691353820973171e-15
2089,2088,,,-127.0,28,True,False,True,False,success,,,0.37360000000004556,epsilon_greedy,,283342,,,,,,,1.084610004983436e-09
2090,2089,,,-28.0,28,True,False,True,False,success,,,0.37330000000004554,epsilon_greedy,,283370,,,,,,,2.913970771028269e-09
2091,2090,,,-23.0,23,True,False,True,False,success,,,0.3730000000000455,epsilon_greedy,,283393,,,,,,,2.9322108992076943e-10
2092,2091,,,-258.0,60,True,False,True,False,success,,,0.3727000000000455,epsilon_greedy,,283453,,,,,,,2.8787340289326836e-10
2093,2092,,,-145.0,46,True,False,True,False,success,,,0.3724000000000455,epsilon_greedy,,283499,,,,,,,1.7664511882217133e-10
2094,2093,,,-133.0,34,True,False,True,False,success,,,0.37210000000004545,epsilon_greedy,,283533,,,,,,,3.119579979906378e-05
2095,2094,,,-1093.0,103,True,False,True,False,success,,,0.3718000000000454,epsilon_greedy,,283636,,,,,,,1.7522815366995193e-09
2096,2095,,,-239.0,41,True,False,True,False,success,,,0.3715000000000454,epsilon_greedy,,283677,,,,,,,9.05513725681603e-06
2097,2096,,,-128.0,29,True,False,True,False,success,,,0.3712000000000454,epsilon_greedy,,283706,,,,,,,1.2734648584686794e-10
2098,2097,,,-33.0,33,True,False,True,False,success,,,0.37090000000004536,epsilon_greedy,,283739,,,,,,,4.689611594677741e-10
2099,2098,,,-687.0,93,True,False,True,False,success,,,0.37060000000004534,epsilon_greedy,,283832,,,,,,,1.940993411398101e-09
2100,2099,,,-275.0,77,True,False,True,False,success,,,0.3703000000000453,epsilon_greedy,,283909,,,,,,,1.3333744071346316e-08
2101,2100,,,-23.0,23,True,False,True,False,success,,,0.3700000000000453,epsilon_greedy,,283932,,,,,,,2.3503730362938807e-11
2102,2101,,,-255.0,57,True,False,True,False,success,,,0.36970000000004527,epsilon_greedy,,283989,,,,,,,8.898642836242201e-11
2103,2102,,,-128.0,29,True,False,True,False,success,,,0.36940000000004525,epsilon_greedy,,284018,,,,,,,8.751620118252096e-15
2104,2103,,,-327.0,30,True,False,True,False,success,,,0.3691000000000452,epsilon_greedy,,284048,,,,,,,1.1538917969270794e-14
2105,2104,,,-151.0,52,True,False,True,False,success,,,0.3688000000000452,epsilon_greedy,,284100,,,,,,,4.6678532701520496e-08
2106,2105,,,-247.0,49,True,False,True,False,success,,,0.3685000000000452,epsilon_greedy,,284149,,,,,,,1.2162978288942288e-09
2107,2106,,,-25.0,25,True,False,True,False,success,,,0.36820000000004516,epsilon_greedy,,284174,,,,,,,1.7089248496304776e-08
2108,2107,,,-258.0,60,True,False,True,False,success,,,0.36790000000004514,epsilon_greedy,,284234,,,,,,,1.5652756831426492e-09
2109,2108,,,-23.0,23,True,False,True,False,success,,,0.3676000000000451,epsilon_greedy,,284257,,,,,,,5.743415405104117e-12
2110,2109,,,-774.0,81,True,False,True,False,success,,,0.3673000000000451,epsilon_greedy,,284338,,,,,,,6.05330570305584e-10
2111,2110,,,-252.0,54,True,False,True,False,success,,,0.36700000000004507,epsilon_greedy,,284392,,,,,,,1.0814739350964133e-09
2112,2111,,,-21.0,21,True,False,True,False,success,,,0.36670000000004505,epsilon_greedy,,284413,,,,,,,7.730911149345892e-11
2113,2112,,,-127.0,28,True,False,True,False,success,,,0.366400000000045,epsilon_greedy,,284441,,,,,,,2.5375178149187963e-12
2114,2113,,,-21.0,21,True,False,True,False,success,,,0.366100000000045,epsilon_greedy,,284462,,,,,,,9.19296385047476e-13
2115,2114,,,-236.0,38,True,False,True,False,success,,,0.365800000000045,epsilon_greedy,,284500,,,,,,,4.926481789764643e-09
2116,2115,,,-137.0,38,True,False,True,False,success,,,0.36550000000004496,epsilon_greedy,,284538,,,,,,,6.763061806487103e-10
2117,2116,,,-473.0,77,True,False,True,False,success,,,0.36520000000004493,epsilon_greedy,,284615,,,,,,,7.717522308545635e-05
2118,2117,,,-27.0,27,True,False,True,False,success,,,0.3649000000000449,epsilon_greedy,,284642,,,,,,,2.0723675450592845e-10
2119,2118,,,-579.0,84,True,False,True,False,success,,,0.3646000000000449,epsilon_greedy,,284726,,,,,,,1.0865581397586273e-09
2120,2119,,,-818.0,125,True,False,True,False,success,,,0.36430000000004487,epsilon_greedy,,284851,,,,,,,1.7168288531266285e-08
2121,2120,,,-240.0,42,True,False,True,False,success,,,0.36400000000004484,epsilon_greedy,,284893,,,,,,,1.3864148982295752e-10
2122,2121,,,-135.0,36,True,False,True,False,success,,,0.3637000000000448,epsilon_greedy,,284929,,,,,,,2.325343868076541e-10
2123,2122,,,-239.0,41,True,False,True,False,success,,,0.3634000000000448,epsilon_greedy,,284970,,,,,,,2.4049179450037727e-10
2124,2123,,,-230.0,32,True,False,True,False,success,,,0.3631000000000448,epsilon_greedy,,285002,,,,,,,2.1861212763651938e-08
2125,2124,,,-131.0,32,True,False,True,False,success,,,0.36280000000004475,epsilon_greedy,,285034,,,,,,,6.267673532955875e-10
2126,2125,,,-355.0,58,True,False,True,False,success,,,0.36250000000004473,epsilon_greedy,,285092,,,,,,,6.275361035410411e-10
2127,2126,,,-23.0,23,True,False,True,False,success,,,0.3622000000000447,epsilon_greedy,,285115,,,,,,,3.167822526034777e-11
2128,2127,,,-140.0,41,True,False,True,False,success,,,0.3619000000000447,epsilon_greedy,,285156,,,,,,,4.045033143129109e-11
2129,2128,,,-262.0,64,True,False,True,False,success,,,0.36160000000004466,epsilon_greedy,,285220,,,,,,,6.585565287542394e-10
2130,2129,,,-244.0,46,True,False,True,False,success,,,0.36130000000004464,epsilon_greedy,,285266,,,,,,,1.1481725232411948e-10
2131,2130,,,-17.0,17,True,False,True,False,success,,,0.3610000000000446,epsilon_greedy,,285283,,,,,,,5.42050064964047e-15
2132,2131,,,-900.0,108,True,False,True,False,success,,,0.3607000000000446,epsilon_greedy,,285391,,,,,,,6.720564680893791e-10
2133,2132,,,-360.0,63,True,False,True,False,success,,,0.3604000000000446,epsilon_greedy,,285454,,,,,,,4.796540893218255e-08
2134,2133,,,-130.0,31,True,False,True,False,success,,,0.36010000000004455,epsilon_greedy,,285485,,,,,,,3.302279525099134e-10
2135,2134,,,-339.0,42,True,False,True,False,success,,,0.35980000000004453,epsilon_greedy,,285527,,,,,,,2.3706592244820968e-12
2136,2135,,,-143.0,44,True,False,True,False,success,,,0.3595000000000445,epsilon_greedy,,285571,,,,,,,8.440524693317544e-10
2137,2136,,,-21.0,21,True,False,True,False,success,,,0.3592000000000445,epsilon_greedy,,285592,,,,,,,2.91902068654048e-10
2138,2137,,,-359.0,62,True,False,True,False,success,,,0.35890000000004446,epsilon_greedy,,285654,,,,,,,1.912782477212028e-10
2139,2138,,,-144.0,45,True,False,True,False,success,,,0.35860000000004444,epsilon_greedy,,285699,,,,,,,1.9575291511210304e-10
2140,2139,,,-360.0,63,True,False,True,False,success,,,0.3583000000000444,epsilon_greedy,,285762,,,,,,,3.382537206239556e-09
2141,2140,,,-24.0,24,True,False,True,False,success,,,0.3580000000000444,epsilon_greedy,,285786,,,,,,,3.1710745140856034e-13
2142,2141,,,-128.0,29,True,False,True,False,success,,,0.35770000000004437,epsilon_greedy,,285815,,,,,,,3.5182201979319746e-12
2143,2142,,,-31.0,31,True,False,True,False,success,,,0.35740000000004435,epsilon_greedy,,285846,,,,,,,5.83848381827392e-13
2144,2143,,,-998.0,107,True,False,True,False,success,,,0.3571000000000443,epsilon_greedy,,285953,,,,,,,1.030105616590235e-09
2145,2144,,,-26.0,26,True,False,True,False,success,,,0.3568000000000443,epsilon_greedy,,285979,,,,,,,5.241775389809898e-11
2146,2145,,,-365.0,68,True,False,True,False,success,,,0.3565000000000443,epsilon_greedy,,286047,,,,,,,4.957648246177204e-10
2147,2146,,,-537.0,42,True,False,True,False,success,,,0.35620000000004426,epsilon_greedy,,286089,,,,,,,1.75045163549233e-14
2148,2147,,,-27.0,27,True,False,True,False,success,,,0.35590000000004424,epsilon_greedy,,286116,,,,,,,3.2439618069946406e-10
2149,2148,,,-33.0,33,True,False,True,False,success,,,0.3556000000000442,epsilon_greedy,,286149,,,,,,,3.60545795790304e-05
2150,2149,,,-34.0,34,True,False,True,False,success,,,0.3553000000000442,epsilon_greedy,,286183,,,,,,,4.160942832117719e-11
2151,2150,,,-17.0,17,True,False,True,False,success,,,0.35500000000004417,epsilon_greedy,,286200,,,,,,,5.42050064964047e-15
2152,2151,,,-28.0,28,True,False,True,False,success,,,0.35470000000004415,epsilon_greedy,,286228,,,,,,,2.817030344707102e-08
2153,2152,,,-350.0,53,True,False,True,False,success,,,0.3544000000000441,epsilon_greedy,,286281,,,,,,,1.9630416574866886e-07
2154,2153,,,-571.0,76,True,False,True,False,success,,,0.3541000000000441,epsilon_greedy,,286357,,,,,,,2.0768133119674597e-10
2155,2154,,,-123.0,24,True,False,True,False,success,,,0.3538000000000441,epsilon_greedy,,286381,,,,,,,6.87054764932545e-11
2156,2155,,,-230.0,32,True,False,True,False,success,,,0.35350000000004406,epsilon_greedy,,286413,,,,,,,1.693035295291523e-11
2157,2156,,,-247.0,49,True,False,True,False,success,,,0.35320000000004403,epsilon_greedy,,286462,,,,,,,4.811976662937855e-09
2158,2157,,,-147.0,48,True,False,True,False,success,,,0.352900000000044,epsilon_greedy,,286510,,,,,,,1.5245715271107925e-06
2159,2158,,,-27.0,27,True,False,True,False,success,,,0.352600000000044,epsilon_greedy,,286537,,,,,,,2.7337202940055412e-05
2160,2159,,,-471.0,75,True,False,True,False,success,,,0.35230000000004397,epsilon_greedy,,286612,,,,,,,1.9610114619557824e-08
2161,2160,,,-26.0,26,True,False,True,False,success,,,0.35200000000004394,epsilon_greedy,,286638,,,,,,,2.3404372457163775e-10
2162,2161,,,-230.0,32,True,False,True,False,success,,,0.3517000000000439,epsilon_greedy,,286670,,,,,,,3.549680618886164e-10
2163,2162,,,-231.0,33,True,False,True,False,success,,,0.3514000000000439,epsilon_greedy,,286703,,,,,,,4.058155158716228e-11
2164,2163,,,-550.0,55,True,False,True,False,success,,,0.3511000000000439,epsilon_greedy,,286758,,,,,,,8.704043546520718e-12
2165,2164,,,-21.0,21,True,False,True,False,success,,,0.35080000000004385,epsilon_greedy,,286779,,,,,,,2.071358957372078e-14
2166,2165,,,-339.0,42,True,False,True,False,success,,,0.35050000000004383,epsilon_greedy,,286821,,,,,,,1.5711849810613675e-11
2167,2166,,,-370.0,73,True,False,True,False,success,,,0.3502000000000438,epsilon_greedy,,286894,,,,,,,3.604613320158257e-10
2168,2167,,,-157.0,58,True,False,True,False,success,,,0.3499000000000438,epsilon_greedy,,286952,,,,,,,5.814399383419594e-10
2169,2168,,,-23.0,23,True,False,True,False,success,,,0.34960000000004376,epsilon_greedy,,286975,,,,,,,3.560053701110262e-11
2170,2169,,,-248.0,50,True,False,True,False,success,,,0.34930000000004374,epsilon_greedy,,287025,,,,,,,1.182407372013472e-10
2171,2170,,,-128.0,29,True,False,True,False,success,,,0.3490000000000437,epsilon_greedy,,287054,,,,,,,1.7388389578784348e-14
2172,2171,,,-574.0,79,True,False,True,False,success,,,0.3487000000000437,epsilon_greedy,,287133,,,,,,,1.1108315111633872e-10
2173,2172,,,-236.0,38,True,False,True,False,success,,,0.3484000000000437,epsilon_greedy,,287171,,,,,,,1.5459988260340353e-10
2174,2173,,,-31.0,31,True,False,True,False,success,,,0.34810000000004365,epsilon_greedy,,287202,,,,,,,2.8984386933561177e-10
2175,2174,,,-38.0,38,True,False,True,False,success,,,0.34780000000004363,epsilon_greedy,,287240,,,,,,,1.9325070140036914e-07
2176,2175,,,-239.0,41,True,False,True,False,success,,,0.3475000000000436,epsilon_greedy,,287281,,,,,,,4.4699203688030204e-13
2177,2176,,,-34.0,34,True,False,True,False,success,,,0.3472000000000436,epsilon_greedy,,287315,,,,,,,5.470275520793338e-08
2178,2177,,,-231.0,33,True,False,True,False,success,,,0.34690000000004356,epsilon_greedy,,287348,,,,,,,2.3301226268344952e-14
2179,2178,,,-334.0,37,True,False,True,False,success,,,0.34660000000004354,epsilon_greedy,,287385,,,,,,,1.567380209405617e-08
2180,2179,,,-26.0,26,True,False,True,False,success,,,0.3463000000000435,epsilon_greedy,,287411,,,,,,,1.042311621628318e-10
2181,2180,,,-151.0,52,True,False,True,False,success,,,0.3460000000000435,epsilon_greedy,,287463,,,,,,,1.5816664285133004e-07
2182,2181,,,-122.0,23,True,False,True,False,success,,,0.3457000000000435,epsilon_greedy,,287486,,,,,,,2.1376175226041892e-10
2183,2182,,,-27.0,27,True,False,True,False,success,,,0.34540000000004345,epsilon_greedy,,287513,,,,,,,6.445631806073493e-09
2184,2183,,,-19.0,19,True,False,True,False,success,,,0.3451000000000434,epsilon_greedy,,287532,,,,,,,1.578854006598512e-14
2185,2184,,,-23.0,23,True,False,True,False,success,,,0.3448000000000434,epsilon_greedy,,287555,,,,,,,3.825752758069217e-10
2186,2185,,,-17.0,17,True,False,True,False,success,,,0.3445000000000434,epsilon_greedy,,287572,,,,,,,5.42050064964047e-15
2187,2186,,,-243.0,45,True,False,True,False,success,,,0.34420000000004336,epsilon_greedy,,287617,,,,,,,7.526633291929683e-10
2188,2187,,,-37.0,37,True,False,True,False,success,,,0.34390000000004334,epsilon_greedy,,287654,,,,,,,2.386091864632885e-10
2189,2188,,,-123.0,24,True,False,True,False,success,,,0.3436000000000433,epsilon_greedy,,287678,,,,,,,8.483954279843905e-15
2190,2189,,,-20.0,20,True,False,True,False,success,,,0.3433000000000433,epsilon_greedy,,287698,,,,,,,5.850875339774575e-15
2191,2190,,,-25.0,25,True,False,True,False,success,,,0.34300000000004327,epsilon_greedy,,287723,,,,,,,7.782349228158125e-08
2192,2191,,,-27.0,27,True,False,True,False,success,,,0.34270000000004325,epsilon_greedy,,287750,,,,,,,2.0592920784239326e-10
2193,2192,,,-121.0,22,True,False,True,False,success,,,0.3424000000000432,epsilon_greedy,,287772,,,,,,,4.71774134909579e-13
2194,2193,,,-1013.0,122,True,False,True,False,success,,,0.3421000000000432,epsilon_greedy,,287894,,,,,,,6.026752067218661e-07
2195,2194,,,-128.0,29,True,False,True,False,success,,,0.3418000000000432,epsilon_greedy,,287923,,,,,,,8.331771288220384e-11
2196,2195,,,-122.0,23,True,False,True,False,success,,,0.34150000000004316,epsilon_greedy,,287946,,,,,,,1.1919480861259356e-10
2197,2196,,,-357.0,60,True,False,True,False,success,,,0.34120000000004314,epsilon_greedy,,288006,,,,,,,6.87772468606814e-11
2198,2197,,,-129.0,30,True,False,True,False,success,,,0.3409000000000431,epsilon_greedy,,288036,,,,,,,1.3019215335437669e-14
2199,2198,,,-272.0,74,True,False,True,False,success,,,0.3406000000000431,epsilon_greedy,,288110,,,,,,,5.998317248306756e-10
2200,2199,,,-349.0,52,True,False,True,False,success,,,0.34030000000004307,epsilon_greedy,,288162,,,,,,,3.980815041279775e-08
2201,2200,,,-32.0,32,True,False,True,False,success,,,0.34000000000004305,epsilon_greedy,,288194,,,,,,,9.804978357008665e-11
2202,2201,,,-124.0,25,True,False,True,False,success,,,0.339700000000043,epsilon_greedy,,288219,,,,,,,8.09130540346814e-15
2203,2202,,,-444.0,48,True,False,True,False,success,,,0.339400000000043,epsilon_greedy,,288267,,,,,,,1.4624437771892929e-10
2204,2203,,,-37.0,37,True,False,True,False,success,,,0.339100000000043,epsilon_greedy,,288304,,,,,,,3.744407619031141e-05
2205,2204,,,-29.0,29,True,False,True,False,success,,,0.33880000000004296,epsilon_greedy,,288333,,,,,,,3.492396180677878e-10
2206,2205,,,-125.0,26,True,False,True,False,success,,,0.33850000000004293,epsilon_greedy,,288359,,,,,,,1.1076268107829562e-12
2207,2206,,,-25.0,25,True,False,True,False,success,,,0.3382000000000429,epsilon_greedy,,288384,,,,,,,2.2402657506859215e-11
2208,2207,,,-33.0,33,True,False,True,False,success,,,0.3379000000000429,epsilon_greedy,,288417,,,,,,,2.376859349070921e-09
2209,2208,,,-251.0,53,True,False,True,False,success,,,0.33760000000004287,epsilon_greedy,,288470,,,,,,,5.395862415161578e-10
2210,2209,,,-228.0,30,True,False,True,False,success,,,0.33730000000004284,epsilon_greedy,,288500,,,,,,,3.0784298813794445e-10
2211,2210,,,-26.0,26,True,False,True,False,success,,,0.3370000000000428,epsilon_greedy,,288526,,,,,,,1.9557536146130872e-08
2212,2211,,,-135.0,36,True,False,True,False,success,,,0.3367000000000428,epsilon_greedy,,288562,,,,,,,8.088578572361547e-11
2213,2212,,,-137.0,38,True,False,True,False,success,,,0.3364000000000428,epsilon_greedy,,288600,,,,,,,5.672608698559819e-10
2214,2213,,,-17.0,17,True,False,True,False,success,,,0.33610000000004275,epsilon_greedy,,288617,,,,,,,5.42050064964047e-15
2215,2214,,,-28.0,28,True,False,True,False,success,,,0.33580000000004273,epsilon_greedy,,288645,,,,,,,4.2241130434764583e-10
2216,2215,,,-230.0,32,True,False,True,False,success,,,0.3355000000000427,epsilon_greedy,,288677,,,,,,,4.7497235311499963e-11
2217,2216,,,-19.0,19,True,False,True,False,success,,,0.3352000000000427,epsilon_greedy,,288696,,,,,,,5.198474399486187e-11
2218,2217,,,-239.0,41,True,False,True,False,success,,,0.33490000000004266,epsilon_greedy,,288737,,,,,,,1.671621486218694e-10
2219,2218,,,-132.0,33,True,False,True,False,success,,,0.33460000000004264,epsilon_greedy,,288770,,,,,,,2.6942939461974042e-11
2220,2219,,,-242.0,44,True,False,True,False,success,,,0.3343000000000426,epsilon_greedy,,288814,,,,,,,9.519773858102099e-12
2221,2220,,,-49.0,49,True,False,True,False,success,,,0.3340000000000426,epsilon_greedy,,288863,,,,,,,8.586157280857041e-08
2222,2221,,,-136.0,37,True,False,True,False,success,,,0.3337000000000426,epsilon_greedy,,288900,,,,,,,1.1513773676216718e-08
2223,2222,,,-256.0,58,True,False,True,False,success,,,0.33340000000004255,epsilon_greedy,,288958,,,,,,,2.575783647676315e-11
2224,2223,,,-27.0,27,True,False,True,False,success,,,0.33310000000004253,epsilon_greedy,,288985,,,,,,,9.07900914942022e-11
2225,2224,,,-21.0,21,True,False,True,False,success,,,0.3328000000000425,epsilon_greedy,,289006,,,,,,,2.587760587823866e-10
2226,2225,,,-35.0,35,True,False,True,False,success,,,0.3325000000000425,epsilon_greedy,,289041,,,,,,,4.489563279465512e-06
2227,2226,,,-25.0,25,True,False,True,False,success,,,0.33220000000004246,epsilon_greedy,,289066,,,,,,,3.2369156244271835e-11
2228,2227,,,-148.0,49,True,False,True,False,success,,,0.33190000000004244,epsilon_greedy,,289115,,,,,,,1.8140161631322663e-07
2229,2228,,,-34.0,34,True,False,True,False,success,,,0.3316000000000424,epsilon_greedy,,289149,,,,,,,2.3202489361201833e-08
2230,2229,,,-357.0,60,True,False,True,False,success,,,0.3313000000000424,epsilon_greedy,,289209,,,,,,,3.796359486033888e-10
2231,2230,,,-248.0,50,True,False,True,False,success,,,0.33100000000004237,epsilon_greedy,,289259,,,,,,,2.8591395917487716e-11
2232,2231,,,-27.0,27,True,False,True,False,success,,,0.33070000000004235,epsilon_greedy,,289286,,,,,,,1.7957383220741692e-07
2233,2232,,,-29.0,29,True,False,True,False,success,,,0.3304000000000423,epsilon_greedy,,289315,,,,,,,4.261721244102412e-11
2234,2233,,,-19.0,19,True,False,True,False,success,,,0.3301000000000423,epsilon_greedy,,289334,,,,,,,1.1113916804405515e-14
2235,2234,,,-240.0,42,True,False,True,False,success,,,0.3298000000000423,epsilon_greedy,,289376,,,,,,,8.861564973880068e-10
2236,2235,,,-27.0,27,True,False,True,False,success,,,0.32950000000004226,epsilon_greedy,,289403,,,,,,,1.384102297795085e-10
2237,2236,,,-132.0,33,True,False,True,False,success,,,0.32920000000004224,epsilon_greedy,,289436,,,,,,,2.683837260175289e-10
2238,2237,,,-20.0,20,True,False,True,False,success,,,0.3289000000000422,epsilon_greedy,,289456,,,,,,,1.0025313912365163e-14
2239,2238,,,-886.0,94,True,False,True,False,success,,,0.3286000000000422,epsilon_greedy,,289550,,,,,,,2.2137767741890245e-10
2240,2239,,,-237.0,39,True,False,True,False,success,,,0.32830000000004217,epsilon_greedy,,289589,,,,,,,2.7063157428739097e-06
2241,2240,,,-352.0,55,True,False,True,False,success,,,0.32800000000004215,epsilon_greedy,,289644,,,,,,,4.047002086984073e-10
2242,2241,,,-251.0,53,True,False,True,False,success,,,0.3277000000000421,epsilon_greedy,,289697,,,,,,,2.8695814278238096e-10
2243,2242,,,-332.0,35,True,False,True,False,success,,,0.3274000000000421,epsilon_greedy,,289732,,,,,,,4.906570388080971e-12
2244,2243,,,-247.0,49,True,False,True,False,success,,,0.3271000000000421,epsilon_greedy,,289781,,,,,,,1.664968389915736e-10
2245,2244,,,-23.0,23,True,False,True,False,success,,,0.32680000000004206,epsilon_greedy,,289804,,,,,,,1.1051595387626726e-10
2246,2245,,,-867.0,75,True,False,True,False,success,,,0.32650000000004203,epsilon_greedy,,289879,,,,,,,9.070560598919049e-12
2247,2246,,,-28.0,28,True,False,True,False,success,,,0.326200000000042,epsilon_greedy,,289907,,,,,,,6.528192201101948e-09
2248,2247,,,-19.0,19,True,False,True,False,success,,,0.325900000000042,epsilon_greedy,,289926,,,,,,,5.784846286204763e-15
2249,2248,,,-19.0,19,True,False,True,False,success,,,0.32560000000004197,epsilon_greedy,,289945,,,,,,,5.239540964839163e-11
2250,2249,,,-249.0,51,True,False,True,False,success,,,0.32530000000004194,epsilon_greedy,,289996,,,,,,,9.43650964340692e-09
2251,2250,,,-343.0,46,True,False,True,False,success,,,0.3250000000000419,epsilon_greedy,,290042,,,,,,,3.7969413603571695e-10
2252,2251,,,-328.0,31,True,False,True,False,success,,,0.3247000000000419,epsilon_greedy,,290073,,,,,,,1.2083524145436382e-14
2253,2252,,,-137.0,38,True,False,True,False,success,,,0.3244000000000419,epsilon_greedy,,290111,,,,,,,5.389448478142431e-10
2254,2253,,,-129.0,30,True,False,True,False,success,,,0.32410000000004185,epsilon_greedy,,290141,,,,,,,1.3210898301233935e-10
2255,2254,,,-22.0,22,True,False,True,False,success,,,0.32380000000004183,epsilon_greedy,,290163,,,,,,,1.262222649632928e-13
2256,2255,,,-135.0,36,True,False,True,False,success,,,0.3235000000000418,epsilon_greedy,,290199,,,,,,,4.881664689210869e-07
2257,2256,,,-129.0,30,True,False,True,False,success,,,0.3232000000000418,epsilon_greedy,,290229,,,,,,,9.519962596016284e-12
2258,2257,,,-25.0,25,True,False,True,False,success,,,0.32290000000004176,epsilon_greedy,,290254,,,,,,,2.729166848070008e-10
2259,2258,,,-122.0,23,True,False,True,False,success,,,0.32260000000004174,epsilon_greedy,,290277,,,,,,,3.7409138588783286e-11
2260,2259,,,-357.0,60,True,False,True,False,success,,,0.3223000000000417,epsilon_greedy,,290337,,,,,,,2.0651198529009208e-10
2261,2260,,,-25.0,25,True,False,True,False,success,,,0.3220000000000417,epsilon_greedy,,290362,,,,,,,1.3549596224571304e-07
2262,2261,,,-32.0,32,True,False,True,False,success,,,0.3217000000000417,epsilon_greedy,,290394,,,,,,,1.8458966993817327e-10
2263,2262,,,-25.0,25,True,False,True,False,success,,,0.32140000000004165,epsilon_greedy,,290419,,,,,,,2.1041107229891056e-08
2264,2263,,,-451.0,55,True,False,True,False,success,,,0.32110000000004163,epsilon_greedy,,290474,,,,,,,2.4259168411462765e-11
2265,2264,,,-35.0,35,True,False,True,False,success,,,0.3208000000000416,epsilon_greedy,,290509,,,,,,,9.876364285129771e-09
2266,2265,,,-123.0,24,True,False,True,False,success,,,0.3205000000000416,epsilon_greedy,,290533,,,,,,,3.3606034621769254e-11
2267,2266,,,-123.0,24,True,False,True,False,success,,,0.32020000000004156,epsilon_greedy,,290557,,,,,,,1.1200577502516278e-12
2268,2267,,,-593.0,98,True,False,True,False,success,,,0.31990000000004154,epsilon_greedy,,290655,,,,,,,5.114535620417574e-10
2269,2268,,,-37.0,37,True,False,True,False,success,,,0.3196000000000415,epsilon_greedy,,290692,,,,,,,9.988977293966288e-08
2270,2269,,,-125.0,26,True,False,True,False,success,,,0.3193000000000415,epsilon_greedy,,290718,,,,,,,2.1260181649350986e-11
2271,2270,,,-17.0,17,True,False,True,False,success,,,0.3190000000000415,epsilon_greedy,,290735,,,,,,,5.42050064964047e-15
2272,2271,,,-20.0,20,True,False,True,False,success,,,0.31870000000004145,epsilon_greedy,,290755,,,,,,,6.206146707654625e-15
2273,2272,,,-122.0,23,True,False,True,False,success,,,0.3184000000000414,epsilon_greedy,,290778,,,,,,,2.2025859397237344e-13
2274,2273,,,-779.0,86,True,False,True,False,success,,,0.3181000000000414,epsilon_greedy,,290864,,,,,,,1.1119683984964277e-10
2275,2274,,,-453.0,57,True,False,True,False,success,,,0.3178000000000414,epsilon_greedy,,290921,,,,,,,4.532758690806647e-10
2276,2275,,,-341.0,44,True,False,True,False,success,,,0.31750000000004136,epsilon_greedy,,290965,,,,,,,5.282612226441653e-10
2277,2276,,,-26.0,26,True,False,True,False,success,,,0.31720000000004134,epsilon_greedy,,290991,,,,,,,1.4975917941648313e-11
2278,2277,,,-147.0,48,True,False,True,False,success,,,0.3169000000000413,epsilon_greedy,,291039,,,,,,,3.112527596771386e-10
2279,2278,,,-346.0,49,True,False,True,False,success,,,0.3166000000000413,epsilon_greedy,,291088,,,,,,,4.295649867559957e-10
2280,2279,,,-344.0,47,True,False,True,False,success,,,0.31630000000004127,epsilon_greedy,,291135,,,,,,,4.474222411005862e-12
2281,2280,,,-143.0,44,True,False,True,False,success,,,0.31600000000004125,epsilon_greedy,,291179,,,,,,,3.402572314812537e-10
2282,2281,,,-462.0,66,True,False,True,False,success,,,0.3157000000000412,epsilon_greedy,,291245,,,,,,,3.989451866502667e-12
2283,2282,,,-21.0,21,True,False,True,False,success,,,0.3154000000000412,epsilon_greedy,,291266,,,,,,,8.194503276995203e-15
2284,2283,,,-34.0,34,True,False,True,False,success,,,0.3151000000000412,epsilon_greedy,,291300,,,,,,,1.2046481459418935e-11
2285,2284,,,-19.0,19,True,False,True,False,success,,,0.31480000000004116,epsilon_greedy,,291319,,,,,,,1.4858184857907393e-11
2286,2285,,,-147.0,48,True,False,True,False,success,,,0.31450000000004114,epsilon_greedy,,291367,,,,,,,1.1762562540651444e-07
2287,2286,,,-19.0,19,True,False,True,False,success,,,0.3142000000000411,epsilon_greedy,,291386,,,,,,,4.2441220128951406e-11
2288,2287,,,-233.0,35,True,False,True,False,success,,,0.3139000000000411,epsilon_greedy,,291421,,,,,,,6.012707791975507e-12
2289,2288,,,-242.0,44,True,False,True,False,success,,,0.31360000000004107,epsilon_greedy,,291465,,,,,,,1.4225241303082599e-08
2290,2289,,,-983.0,92,True,False,True,False,success,,,0.31330000000004105,epsilon_greedy,,291557,,,,,,,4.886017918761725e-10
2291,2290,,,-148.0,49,True,False,True,False,success,,,0.313000000000041,epsilon_greedy,,291606,,,,,,,3.8108574346049595e-10
2292,2291,,,-240.0,42,True,False,True,False,success,,,0.312700000000041,epsilon_greedy,,291648,,,,,,,2.6653481538254534e-10
2293,2292,,,-347.0,50,True,False,True,False,success,,,0.312400000000041,epsilon_greedy,,291698,,,,,,,1.897216161950155e-11
2294,2293,,,-244.0,46,True,False,True,False,success,,,0.31210000000004096,epsilon_greedy,,291744,,,,,,,2.0668901855736482e-10
2295,2294,,,-21.0,21,True,False,True,False,success,,,0.31180000000004093,epsilon_greedy,,291765,,,,,,,2.7407568278395698e-11
2296,2295,,,-230.0,32,True,False,True,False,success,,,0.3115000000000409,epsilon_greedy,,291797,,,,,,,1.2483070133129104e-14
2297,2296,,,-132.0,33,True,False,True,False,success,,,0.3112000000000409,epsilon_greedy,,291830,,,,,,,1.9808558833615692e-11
2298,2297,,,-231.0,33,True,False,True,False,success,,,0.31090000000004087,epsilon_greedy,,291863,,,,,,,5.451108251654866e-11
2299,2298,,,-19.0,19,True,False,True,False,success,,,0.31060000000004084,epsilon_greedy,,291882,,,,,,,3.0582459371948133e-10
2300,2299,,,-436.0,40,True,False,True,False,success,,,0.3103000000000408,epsilon_greedy,,291922,,,,,,,1.5772216865883593e-12
2301,2300,,,-239.0,41,True,False,True,False,success,,,0.3100000000000408,epsilon_greedy,,291963,,,,,,,1.2662451033506619e-11
2302,2301,,,-777.0,84,True,False,True,False,success,,,0.3097000000000408,epsilon_greedy,,292047,,,,,,,1.163238949389168e-06
2303,2302,,,-26.0,26,True,False,True,False,success,,,0.30940000000004075,epsilon_greedy,,292073,,,,,,,8.991200092148907e-11
2304,2303,,,-27.0,27,True,False,True,False,success,,,0.30910000000004073,epsilon_greedy,,292100,,,,,,,1.763849149043566e-11
2305,2304,,,-127.0,28,True,False,True,False,success,,,0.3088000000000407,epsilon_greedy,,292128,,,,,,,8.239440875610983e-15
2306,2305,,,-124.0,25,True,False,True,False,success,,,0.3085000000000407,epsilon_greedy,,292153,,,,,,,8.801848139228241e-15
2307,2306,,,-131.0,32,True,False,True,False,success,,,0.30820000000004066,epsilon_greedy,,292185,,,,,,,1.0803857808383555e-14
2308,2307,,,-237.0,39,True,False,True,False,success,,,0.30790000000004064,epsilon_greedy,,292224,,,,,,,1.5638357275804537e-10
2309,2308,,,-575.0,80,True,False,True,False,success,,,0.3076000000000406,epsilon_greedy,,292304,,,,,,,2.116781583350047e-10
2310,2309,,,-258.0,60,True,False,True,False,success,,,0.3073000000000406,epsilon_greedy,,292364,,,,,,,1.8395501381422244e-09
2311,2310,,,-338.0,41,True,False,True,False,success,,,0.3070000000000406,epsilon_greedy,,292405,,,,,,,5.147422325778069e-11
2312,2311,,,-23.0,23,True,False,True,False,success,,,0.30670000000004055,epsilon_greedy,,292428,,,,,,,6.709608714038989e-15
2313,2312,,,-17.0,17,True,False,True,False,success,,,0.30640000000004053,epsilon_greedy,,292445,,,,,,,5.42050064964047e-15
2314,2313,,,-21.0,21,True,False,True,False,success,,,0.3061000000000405,epsilon_greedy,,292466,,,,,,,1.0949537572931453e-11
2315,2314,,,-230.0,32,True,False,True,False,success,,,0.3058000000000405,epsilon_greedy,,292498,,,,,,,9.020037494700262e-11
2316,2315,,,-37.0,37,True,False,True,False,success,,,0.30550000000004046,epsilon_greedy,,292535,,,,,,,4.6557905482265367e-07
2317,2316,,,-21.0,21,True,False,True,False,success,,,0.30520000000004044,epsilon_greedy,,292556,,,,,,,8.818924426702238e-12
2318,2317,,,-27.0,27,True,False,True,False,success,,,0.3049000000000404,epsilon_greedy,,292583,,,,,,,1.6000150998357405e-10
2319,2318,,,-236.0,38,True,False,True,False,success,,,0.3046000000000404,epsilon_greedy,,292621,,,,,,,3.7603225211986573e-10
2320,2319,,,-25.0,25,True,False,True,False,success,,,0.30430000000004037,epsilon_greedy,,292646,,,,,,,5.478216102972056e-11
2321,2320,,,-232.0,34,True,False,True,False,success,,,0.30400000000004035,epsilon_greedy,,292680,,,,,,,2.229760820426918e-11
2322,2321,,,-25.0,25,True,False,True,False,success,,,0.3037000000000403,epsilon_greedy,,292705,,,,,,,1.671281513182521e-10
2323,2322,,,-19.0,19,True,False,True,False,success,,,0.3034000000000403,epsilon_greedy,,292724,,,,,,,7.668063844708907e-11
2324,2323,,,-123.0,24,True,False,True,False,success,,,0.3031000000000403,epsilon_greedy,,292748,,,,,,,8.280413391995959e-15
2325,2324,,,-354.0,57,True,False,True,False,success,,,0.30280000000004026,epsilon_greedy,,292805,,,,,,,3.046679477903493e-10
2326,2325,,,-124.0,25,True,False,True,False,success,,,0.30250000000004024,epsilon_greedy,,292830,,,,,,,1.679494765483014e-11
2327,2326,,,-21.0,21,True,False,True,False,success,,,0.3022000000000402,epsilon_greedy,,292851,,,,,,,1.8538164654151908e-10
2328,2327,,,-23.0,23,True,False,True,False,success,,,0.3019000000000402,epsilon_greedy,,292874,,,,,,,3.919253583460565e-06
2329,2328,,,-227.0,29,True,False,True,False,success,,,0.30160000000004017,epsilon_greedy,,292903,,,,,,,1.8107959576241228e-11
2330,2329,,,-243.0,45,True,False,True,False,success,,,0.30130000000004015,epsilon_greedy,,292948,,,,,,,2.5425073898096194e-10
2331,2330,,,-658.0,64,True,False,True,False,success,,,0.3010000000000401,epsilon_greedy,,293012,,,,,,,5.687193424530612e-11
2332,2331,,,-27.0,27,True,False,True,False,success,,,0.3007000000000401,epsilon_greedy,,293039,,,,,,,2.0574899808581096e-12
2333,2332,,,-546.0,51,True,False,True,False,success,,,0.3004000000000401,epsilon_greedy,,293090,,,,,,,7.418984816465625e-12
2334,2333,,,-20.0,20,True,False,True,False,success,,,0.30010000000004006,epsilon_greedy,,293110,,,,,,,6.6082139760226255e-12
2335,2334,,,-125.0,26,True,False,True,False,success,,,0.29980000000004003,epsilon_greedy,,293136,,,,,,,8.531636935388702e-15
2336,2335,,,-132.0,33,True,False,True,False,success,,,0.29950000000004,epsilon_greedy,,293169,,,,,,,5.134874276621711e-10
2337,2336,,,-442.0,46,True,False,True,False,success,,,0.29920000000004,epsilon_greedy,,293215,,,,,,,1.2579430733787288e-10
2338,2337,,,-577.0,82,True,False,True,False,success,,,0.29890000000003997,epsilon_greedy,,293297,,,,,,,1.201939033396566e-09
2339,2338,,,-135.0,36,True,False,True,False,success,,,0.29860000000003994,epsilon_greedy,,293333,,,,,,,2.1216997911663624e-10
2340,2339,,,-121.0,22,True,False,True,False,success,,,0.2983000000000399,epsilon_greedy,,293355,,,,,,,8.22574331881366e-15
2341,2340,,,-27.0,27,True,False,True,False,success,,,0.2980000000000399,epsilon_greedy,,293382,,,,,,,1.9820770539261638e-12
2342,2341,,,-27.0,27,True,False,True,False,success,,,0.2977000000000399,epsilon_greedy,,293409,,,,,,,1.9746054174479216e-10
2343,2342,,,-26.0,26,True,False,True,False,success,,,0.29740000000003985,epsilon_greedy,,293435,,,,,,,3.4422037869647355e-13
2344,2343,,,-244.0,46,True,False,True,False,success,,,0.29710000000003983,epsilon_greedy,,293481,,,,,,,8.699952352733807e-11
2345,2344,,,-121.0,22,True,False,True,False,success,,,0.2968000000000398,epsilon_greedy,,293503,,,,,,,1.5465437011838194e-11
2346,2345,,,-22.0,22,True,False,True,False,success,,,0.2965000000000398,epsilon_greedy,,293525,,,,,,,6.823218757677875e-12
2347,2346,,,-132.0,33,True,False,True,False,success,,,0.29620000000003976,epsilon_greedy,,293558,,,,,,,2.116611936225416e-11
2348,2347,,,-30.0,30,True,False,True,False,success,,,0.29590000000003974,epsilon_greedy,,293588,,,,,,,4.954707218115158e-06
2349,2348,,,-29.0,29,True,False,True,False,success,,,0.2956000000000397,epsilon_greedy,,293617,,,,,,,1.9893320707206716e-10
2350,2349,,,-26.0,26,True,False,True,False,success,,,0.2953000000000397,epsilon_greedy,,293643,,,,,,,5.382239209872353e-09
2351,2350,,,-442.0,46,True,False,True,False,success,,,0.2950000000000397,epsilon_greedy,,293689,,,,,,,1.6206118572718562e-12
2352,2351,,,-125.0,26,True,False,True,False,success,,,0.29470000000003965,epsilon_greedy,,293715,,,,,,,8.891947007765128e-13
2353,2352,,,-17.0,17,True,False,True,False,success,,,0.29440000000003963,epsilon_greedy,,293732,,,,,,,5.42050064964047e-15
2354,2353,,,-27.0,27,True,False,True,False,success,,,0.2941000000000396,epsilon_greedy,,293759,,,,,,,8.023875391276963e-11
2355,2354,,,-134.0,35,True,False,True,False,success,,,0.2938000000000396,epsilon_greedy,,293794,,,,,,,2.6039454402239566e-10
2356,2355,,,-225.0,27,True,False,True,False,success,,,0.29350000000003956,epsilon_greedy,,293821,,,,,,,3.6041350973640097e-11
2357,2356,,,-25.0,25,True,False,True,False,success,,,0.29320000000003954,epsilon_greedy,,293846,,,,,,,1.6091231014314645e-09
2358,2357,,,-130.0,31,True,False,True,False,success,,,0.2929000000000395,epsilon_greedy,,293877,,,,,,,7.109314570733028e-11
2359,2358,,,-360.0,63,True,False,True,False,success,,,0.2926000000000395,epsilon_greedy,,293940,,,,,,,8.054204569599199e-11
2360,2359,,,-140.0,41,True,False,True,False,success,,,0.2923000000000395,epsilon_greedy,,293981,,,,,,,2.9640034058578604e-10
2361,2360,,,-25.0,25,True,False,True,False,success,,,0.29200000000003945,epsilon_greedy,,294006,,,,,,,1.837232588286497e-12
2362,2361,,,-20.0,20,True,False,True,False,success,,,0.2917000000000394,epsilon_greedy,,294026,,,,,,,5.551115123125783e-15
2363,2362,,,-21.0,21,True,False,True,False,success,,,0.2914000000000394,epsilon_greedy,,294047,,,,,,,5.90377482350981e-12
2364,2363,,,-21.0,21,True,False,True,False,success,,,0.2911000000000394,epsilon_greedy,,294068,,,,,,,5.910615912052024e-15
2365,2364,,,-36.0,36,True,False,True,False,success,,,0.29080000000003936,epsilon_greedy,,294104,,,,,,,5.341335312936124e-08
2366,2365,,,-132.0,33,True,False,True,False,success,,,0.29050000000003934,epsilon_greedy,,294137,,,,,,,2.0270317411118275e-12
2367,2366,,,-20.0,20,True,False,True,False,success,,,0.2902000000000393,epsilon_greedy,,294157,,,,,,,1.7655021888884902e-11
2368,2367,,,-128.0,29,True,False,True,False,success,,,0.2899000000000393,epsilon_greedy,,294186,,,,,,,1.2501187824384409e-12
2369,2368,,,-129.0,30,True,False,True,False,success,,,0.28960000000003927,epsilon_greedy,,294216,,,,,,,4.251051362776555e-12
2370,2369,,,-707.0,113,True,False,True,False,success,,,0.28930000000003925,epsilon_greedy,,294329,,,,,,,3.7162998733417135e-08
2371,2370,,,-28.0,28,True,False,True,False,success,,,0.2890000000000392,epsilon_greedy,,294357,,,,,,,2.260667050383144e-11
2372,2371,,,-773.0,80,True,False,True,False,success,,,0.2887000000000392,epsilon_greedy,,294437,,,,,,,6.7683386673067504e-12
2373,2372,,,-20.0,20,True,False,True,False,success,,,0.2884000000000392,epsilon_greedy,,294457,,,,,,,2.939438692450835e-11
2374,2373,,,-23.0,23,True,False,True,False,success,,,0.28810000000003916,epsilon_greedy,,294480,,,,,,,9.68536738732911e-10
2375,2374,,,-234.0,36,True,False,True,False,success,,,0.28780000000003914,epsilon_greedy,,294516,,,,,,,8.401414749078147e-11
2376,2375,,,-233.0,35,True,False,True,False,success,,,0.2875000000000391,epsilon_greedy,,294551,,,,,,,4.8622038807875715e-08
2377,2376,,,-702.0,108,True,False,True,False,success,,,0.2872000000000391,epsilon_greedy,,294659,,,,,,,1.5664550315311435e-10
2378,2377,,,-27.0,27,True,False,True,False,success,,,0.28690000000003907,epsilon_greedy,,294686,,,,,,,1.0930376415497067e-07
2379,2378,,,-25.0,25,True,False,True,False,success,,,0.28660000000003905,epsilon_greedy,,294711,,,,,,,2.7068081109860032e-11
2380,2379,,,-239.0,41,True,False,True,False,success,,,0.286300000000039,epsilon_greedy,,294752,,,,,,,1.0950714589861624e-11
2381,2380,,,-150.0,51,True,False,True,False,success,,,0.286000000000039,epsilon_greedy,,294803,,,,,,,1.443862023406569e-10
2382,2381,,,-23.0,23,True,False,True,False,success,,,0.285700000000039,epsilon_greedy,,294826,,,,,,,5.121989788825015e-13
2383,2382,,,-241.0,43,True,False,True,False,success,,,0.28540000000003896,epsilon_greedy,,294869,,,,,,,4.6591128887757274e-11
2384,2383,,,-24.0,24,True,False,True,False,success,,,0.28510000000003893,epsilon_greedy,,294893,,,,,,,8.307798893270046e-13
2385,2384,,,-19.0,19,True,False,True,False,success,,,0.2848000000000389,epsilon_greedy,,294912,,,,,,,6.1588161471311315e-15
2386,2385,,,-24.0,24,True,False,True,False,success,,,0.2845000000000389,epsilon_greedy,,294936,,,,,,,3.834368008289364e-12
2387,2386,,,-21.0,21,True,False,True,False,success,,,0.28420000000003887,epsilon_greedy,,294957,,,,,,,2.4216607555228535e-13
2388,2387,,,-249.0,51,True,False,True,False,success,,,0.28390000000003884,epsilon_greedy,,295008,,,,,,,9.751983667086892e-07
2389,2388,,,-130.0,31,True,False,True,False,success,,,0.2836000000000388,epsilon_greedy,,295039,,,,,,,8.364635149401663e-14
2390,2389,,,-19.0,19,True,False,True,False,success,,,0.2833000000000388,epsilon_greedy,,295058,,,,,,,3.698737222934094e-12
2391,2390,,,-440.0,44,True,False,True,False,success,,,0.2830000000000388,epsilon_greedy,,295102,,,,,,,2.6896010671154356e-12
2392,2391,,,-134.0,35,True,False,True,False,success,,,0.28270000000003875,epsilon_greedy,,295137,,,,,,,5.45427564383313e-08
2393,2392,,,-436.0,40,True,False,True,False,success,,,0.28240000000003873,epsilon_greedy,,295177,,,,,,,1.664779425425422e-14
2394,2393,,,-24.0,24,True,False,True,False,success,,,0.2821000000000387,epsilon_greedy,,295201,,,,,,,1.9144972644250895e-11
2395,2394,,,-25.0,25,True,False,True,False,success,,,0.2818000000000387,epsilon_greedy,,295226,,,,,,,1.0670919259325728e-10
2396,2395,,,-23.0,23,True,False,True,False,success,,,0.28150000000003866,epsilon_greedy,,295249,,,,,,,2.073606986602064e-13
2397,2396,,,-29.0,29,True,False,True,False,success,,,0.28120000000003864,epsilon_greedy,,295278,,,,,,,1.492919040498366e-08
2398,2397,,,-329.0,32,True,False,True,False,success,,,0.2809000000000386,epsilon_greedy,,295310,,,,,,,1.6542517355944142e-11
2399,2398,,,-464.0,68,True,False,True,False,success,,,0.2806000000000386,epsilon_greedy,,295378,,,,,,,5.913536980356786e-11
2400,2399,,,-593.0,98,True,False,True,False,success,,,0.2803000000000386,epsilon_greedy,,295476,,,,,,,1.9174029937481552e-10
2401,2400,,,-251.0,53,True,False,True,False,success,,,0.28000000000003855,epsilon_greedy,,295529,,,,,,,2.7140147571672832e-11
2402,2401,,,-27.0,27,True,False,True,False,success,,,0.27970000000003853,epsilon_greedy,,295556,,,,,,,6.491984727574618e-11
2403,2402,,,-141.0,42,True,False,True,False,success,,,0.2794000000000385,epsilon_greedy,,295598,,,,,,,2.417372281185305e-10
2404,2403,,,-24.0,24,True,False,True,False,success,,,0.2791000000000385,epsilon_greedy,,295622,,,,,,,3.7504286713267256e-11
2405,2404,,,-122.0,23,True,False,True,False,success,,,0.27880000000003846,epsilon_greedy,,295645,,,,,,,8.640431365561e-15
2406,2405,,,-128.0,29,True,False,True,False,success,,,0.27850000000003844,epsilon_greedy,,295674,,,,,,,5.283153225244358e-12
2407,2406,,,-27.0,27,True,False,True,False,success,,,0.2782000000000384,epsilon_greedy,,295701,,,,,,,5.140867978228572e-11
2408,2407,,,-21.0,21,True,False,True,False,success,,,0.2779000000000384,epsilon_greedy,,295722,,,,,,,8.720008841984444e-14
2409,2408,,,-23.0,23,True,False,True,False,success,,,0.27760000000003837,epsilon_greedy,,295745,,,,,,,2.310963015153665e-12
2410,2409,,,-358.0,61,True,False,True,False,success,,,0.27730000000003835,epsilon_greedy,,295806,,,,,,,2.8470218168414045e-10
2411,2410,,,-31.0,31,True,False,True,False,success,,,0.2770000000000383,epsilon_greedy,,295837,,,,,,,5.526783332063514e-12
2412,2411,,,-467.0,71,True,False,True,False,success,,,0.2767000000000383,epsilon_greedy,,295908,,,,,,,4.3628309103142703e-11
2413,2412,,,-17.0,17,True,False,True,False,success,,,0.2764000000000383,epsilon_greedy,,295925,,,,,,,5.42050064964047e-15
2414,2413,,,-23.0,23,True,False,True,False,success,,,0.27610000000003826,epsilon_greedy,,295948,,,,,,,8.992663618587555e-11
2415,2414,,,-124.0,25,True,False,True,False,success,,,0.27580000000003824,epsilon_greedy,,295973,,,,,,,2.8454305578407003e-12
2416,2415,,,-139.0,40,True,False,True,False,success,,,0.2755000000000382,epsilon_greedy,,296013,,,,,,,9.842585635411183e-11
2417,2416,,,-439.0,43,True,False,True,False,success,,,0.2752000000000382,epsilon_greedy,,296056,,,,,,,1.2175948259976282e-09
2418,2417,,,-462.0,66,True,False,True,False,success,,,0.27490000000003817,epsilon_greedy,,296122,,,,,,,6.732377289626343e-07
2419,2418,,,-24.0,24,True,False,True,False,success,,,0.27460000000003815,epsilon_greedy,,296146,,,,,,,2.4716145796688238e-11
2420,2419,,,-21.0,21,True,False,True,False,success,,,0.2743000000000381,epsilon_greedy,,296167,,,,,,,2.0410118040103953e-11
2421,2420,,,-138.0,39,True,False,True,False,success,,,0.2740000000000381,epsilon_greedy,,296206,,,,,,,1.8146344825636217e-11
2422,2421,,,-374.0,77,True,False,True,False,success,,,0.2737000000000381,epsilon_greedy,,296283,,,,,,,1.8444908717268676e-09
2423,2422,,,-27.0,27,True,False,True,False,success,,,0.27340000000003806,epsilon_greedy,,296310,,,,,,,2.4120869910491282e-12
2424,2423,,,-232.0,34,True,False,True,False,success,,,0.27310000000003803,epsilon_greedy,,296344,,,,,,,2.8824857207003916e-09
2425,2424,,,-219.0,21,True,False,True,False,success,,,0.272800000000038,epsilon_greedy,,296365,,,,,,,1.090133274655749e-14
2426,2425,,,-33.0,33,True,False,True,False,success,,,0.272500000000038,epsilon_greedy,,296398,,,,,,,5.604042699925208e-08
2427,2426,,,-340.0,43,True,False,True,False,success,,,0.27220000000003797,epsilon_greedy,,296441,,,,,,,9.258485451170578e-13
2428,2427,,,-21.0,21,True,False,True,False,success,,,0.27190000000003794,epsilon_greedy,,296462,,,,,,,5.826027491128202e-15
2429,2428,,,-19.0,19,True,False,True,False,success,,,0.2716000000000379,epsilon_greedy,,296481,,,,,,,6.065323681899539e-15
2430,2429,,,-19.0,19,True,False,True,False,success,,,0.2713000000000379,epsilon_greedy,,296500,,,,,,,2.697713397699437e-12
2431,2430,,,-19.0,19,True,False,True,False,success,,,0.2710000000000379,epsilon_greedy,,296519,,,,,,,6.403065212548666e-14
2432,2431,,,-141.0,42,True,False,True,False,success,,,0.27070000000003785,epsilon_greedy,,296561,,,,,,,5.144917507899599e-10
2433,2432,,,-122.0,23,True,False,True,False,success,,,0.27040000000003783,epsilon_greedy,,296584,,,,,,,4.4346169248831796e-13
2434,2433,,,-126.0,27,True,False,True,False,success,,,0.2701000000000378,epsilon_greedy,,296611,,,,,,,3.247501033519661e-12
2435,2434,,,-24.0,24,True,False,True,False,success,,,0.2698000000000378,epsilon_greedy,,296635,,,,,,,9.358492684500656e-11
2436,2435,,,-126.0,27,True,False,True,False,success,,,0.26950000000003776,epsilon_greedy,,296662,,,,,,,1.1965737043182242e-14
2437,2436,,,-17.0,17,True,False,True,False,success,,,0.26920000000003774,epsilon_greedy,,296679,,,,,,,5.42050064964047e-15
2438,2437,,,-334.0,37,True,False,True,False,success,,,0.2689000000000377,epsilon_greedy,,296716,,,,,,,9.742519103773752e-12
2439,2438,,,-127.0,28,True,False,True,False,success,,,0.2686000000000377,epsilon_greedy,,296744,,,,,,,8.810412716846778e-15
2440,2439,,,-134.0,35,True,False,True,False,success,,,0.2683000000000377,epsilon_greedy,,296779,,,,,,,3.922143054779781e-10
2441,2440,,,-129.0,30,True,False,True,False,success,,,0.26800000000003765,epsilon_greedy,,296809,,,,,,,1.7529755425016446e-12
2442,2441,,,-28.0,28,True,False,True,False,success,,,0.26770000000003763,epsilon_greedy,,296837,,,,,,,2.9815481647646865e-06
2443,2442,,,-125.0,26,True,False,True,False,success,,,0.2674000000000376,epsilon_greedy,,296863,,,,,,,8.463315518488693e-15
2444,2443,,,-125.0,26,True,False,True,False,success,,,0.2671000000000376,epsilon_greedy,,296889,,,,,,,1.5429222002602764e-11
2445,2444,,,-28.0,28,True,False,True,False,success,,,0.26680000000003756,epsilon_greedy,,296917,,,,,,,3.1390266004769985e-07
2446,2445,,,-258.0,60,True,False,True,False,success,,,0.26650000000003754,epsilon_greedy,,296977,,,,,,,3.815827616845032e-10
2447,2446,,,-29.0,29,True,False,True,False,success,,,0.2662000000000375,epsilon_greedy,,297006,,,,,,,7.01139793350728e-08
2448,2447,,,-150.0,51,True,False,True,False,success,,,0.2659000000000375,epsilon_greedy,,297057,,,,,,,1.2705437437785996e-06
2449,2448,,,-126.0,27,True,False,True,False,success,,,0.2656000000000375,epsilon_greedy,,297084,,,,,,,5.369622442159468e-12
2450,2449,,,-29.0,29,True,False,True,False,success,,,0.26530000000003745,epsilon_greedy,,297113,,,,,,,6.390687978807819e-11
2451,2450,,,-237.0,39,True,False,True,False,success,,,0.26500000000003743,epsilon_greedy,,297152,,,,,,,4.6704902054090946e-11
2452,2451,,,-231.0,33,True,False,True,False,success,,,0.2647000000000374,epsilon_greedy,,297185,,,,,,,1.0542200109508679e-11
2453,2452,,,-128.0,29,True,False,True,False,success,,,0.2644000000000374,epsilon_greedy,,297214,,,,,,,1.1832103113376968e-10
2454,2453,,,-21.0,21,True,False,True,False,success,,,0.26410000000003736,epsilon_greedy,,297235,,,,,,,1.6104577988634058e-13
2455,2454,,,-468.0,72,True,False,True,False,success,,,0.26380000000003734,epsilon_greedy,,297307,,,,,,,1.3431076322111146e-08
2456,2455,,,-18.0,18,True,False,True,False,success,,,0.2635000000000373,epsilon_greedy,,297325,,,,,,,5.218048215738236e-15
2457,2456,,,-23.0,23,True,False,True,False,success,,,0.2632000000000373,epsilon_greedy,,297348,,,,,,,1.2145067560338603e-12
2458,2457,,,-21.0,21,True,False,True,False,success,,,0.26290000000003727,epsilon_greedy,,297369,,,,,,,7.179442225909346e-15
2459,2458,,,-123.0,24,True,False,True,False,success,,,0.26260000000003725,epsilon_greedy,,297393,,,,,,,3.8404464793491875e-14
2460,2459,,,-23.0,23,True,False,True,False,success,,,0.2623000000000372,epsilon_greedy,,297416,,,,,,,5.8001980030514026e-11
2461,2460,,,-233.0,35,True,False,True,False,success,,,0.2620000000000372,epsilon_greedy,,297451,,,,,,,1.3967005330073335e-11
2462,2461,,,-26.0,26,True,False,True,False,success,,,0.2617000000000372,epsilon_greedy,,297477,,,,,,,7.205569303618649e-10
2463,2462,,,-126.0,27,True,False,True,False,success,,,0.26140000000003716,epsilon_greedy,,297504,,,,,,,1.0682812659170951e-14
2464,2463,,,-138.0,39,True,False,True,False,success,,,0.26110000000003714,epsilon_greedy,,297543,,,,,,,8.230994233771619e-12
2465,2464,,,-133.0,34,True,False,True,False,success,,,0.2608000000000371,epsilon_greedy,,297577,,,,,,,2.5328987273600406e-11
2466,2465,,,-351.0,54,True,False,True,False,success,,,0.2605000000000371,epsilon_greedy,,297631,,,,,,,6.928849835449621e-09
2467,2466,,,-21.0,21,True,False,True,False,success,,,0.26020000000003707,epsilon_greedy,,297652,,,,,,,7.347213842614392e-11
2468,2467,,,-346.0,49,True,False,True,False,success,,,0.25990000000003705,epsilon_greedy,,297701,,,,,,,1.984245738239507e-10
2469,2468,,,-17.0,17,True,False,True,False,success,,,0.259600000000037,epsilon_greedy,,297718,,,,,,,5.42050064964047e-15
2470,2469,,,-126.0,27,True,False,True,False,success,,,0.259300000000037,epsilon_greedy,,297745,,,,,,,8.026501274327057e-15
2471,2470,,,-119.0,20,True,False,True,False,success,,,0.259000000000037,epsilon_greedy,,297765,,,,,,,8.337774914934925e-15
2472,2471,,,-255.0,57,True,False,True,False,success,,,0.25870000000003696,epsilon_greedy,,297822,,,,,,,9.386596942213127e-09
2473,2472,,,-668.0,74,True,False,True,False,success,,,0.25840000000003693,epsilon_greedy,,297896,,,,,,,1.1299337141621577e-10
2474,2473,,,-128.0,29,True,False,True,False,success,,,0.2581000000000369,epsilon_greedy,,297925,,,,,,,3.8723813427873994e-13
2475,2474,,,-245.0,47,True,False,True,False,success,,,0.2578000000000369,epsilon_greedy,,297972,,,,,,,1.782242202519088e-10
2476,2475,,,-242.0,44,True,False,True,False,success,,,0.25750000000003687,epsilon_greedy,,298016,,,,,,,1.242240850589256e-09
2477,2476,,,-255.0,57,True,False,True,False,success,,,0.25720000000003684,epsilon_greedy,,298073,,,,,,,9.905265066646716e-05
2478,2477,,,-240.0,42,True,False,True,False,success,,,0.2569000000000368,epsilon_greedy,,298115,,,,,,,4.638353193594672e-13
2479,2478,,,-443.0,47,True,False,True,False,success,,,0.2566000000000368,epsilon_greedy,,298162,,,,,,,1.667162861663394e-12
2480,2479,,,-23.0,23,True,False,True,False,success,,,0.2563000000000368,epsilon_greedy,,298185,,,,,,,3.0241198457780094e-05
2481,2480,,,-137.0,38,True,False,True,False,success,,,0.25600000000003675,epsilon_greedy,,298223,,,,,,,3.836906833190163e-09
2482,2481,,,-123.0,24,True,False,True,False,success,,,0.25570000000003673,epsilon_greedy,,298247,,,,,,,7.956598343146956e-15
2483,2482,,,-117.0,18,True,False,True,False,success,,,0.2554000000000367,epsilon_greedy,,298265,,,,,,,8.277329439149778e-15
2484,2483,,,-124.0,25,True,False,True,False,success,,,0.2551000000000367,epsilon_greedy,,298290,,,,,,,1.3354402028653566e-11
2485,2484,,,-27.0,27,True,False,True,False,success,,,0.25480000000003666,epsilon_greedy,,298317,,,,,,,4.44961845147418e-11
2486,2485,,,-29.0,29,True,False,True,False,success,,,0.25450000000003664,epsilon_greedy,,298346,,,,,,,6.525231695971358e-11
2487,2486,,,-122.0,23,True,False,True,False,success,,,0.2542000000000366,epsilon_greedy,,298369,,,,,,,1.4673383281374102e-12
2488,2487,,,-134.0,35,True,False,True,False,success,,,0.2539000000000366,epsilon_greedy,,298404,,,,,,,1.0906044321602946e-11
2489,2488,,,-19.0,19,True,False,True,False,success,,,0.2536000000000366,epsilon_greedy,,298423,,,,,,,5.691353820973171e-15
2490,2489,,,-250.0,52,True,False,True,False,success,,,0.25330000000003655,epsilon_greedy,,298475,,,,,,,6.020028065788753e-11
2491,2490,,,-119.0,20,True,False,True,False,success,,,0.25300000000003653,epsilon_greedy,,298495,,,,,,,1.2658640802243325e-11
2492,2491,,,-37.0,37,True,False,True,False,success,,,0.2527000000000365,epsilon_greedy,,298532,,,,,,,5.620604882417902e-11
2493,2492,,,-326.0,29,True,False,True,False,success,,,0.2524000000000365,epsilon_greedy,,298561,,,,,,,6.151401227474833e-13
2494,2493,,,-19.0,19,True,False,True,False,success,,,0.25210000000003646,epsilon_greedy,,298580,,,,,,,4.757679630379722e-12
2495,2494,,,-129.0,30,True,False,True,False,success,,,0.25180000000003644,epsilon_greedy,,298610,,,,,,,1.0302003694562245e-11
2496,2495,,,-681.0,87,True,False,True,False,success,,,0.2515000000000364,epsilon_greedy,,298697,,,,,,,1.5075600168223957e-07
2497,2496,,,-19.0,19,True,False,True,False,success,,,0.2512000000000364,epsilon_greedy,,298716,,,,,,,1.812915899273249e-11
2498,2497,,,-29.0,29,True,False,True,False,success,,,0.25090000000003637,epsilon_greedy,,298745,,,,,,,5.920611893471013e-11
2499,2498,,,-26.0,26,True,False,True,False,success,,,0.25060000000003635,epsilon_greedy,,298771,,,,,,,6.124929623314739e-13
2500,2499,,,-32.0,32,True,False,True,False,success,,,0.2503000000000363,epsilon_greedy,,298803,,,,,,,5.759208387967618e-11
2501,2500,,,-124.0,25,True,False,True,False,success,,,0.2500000000000363,epsilon_greedy,,298828,,,,,,,8.30446822419617e-15
2502,2501,,,-253.0,55,True,False,True,False,success,,,0.2497000000000363,epsilon_greedy,,298883,,,,,,,1.2040406651501392e-10
2503,2502,,,-35.0,35,True,False,True,False,success,,,0.24940000000003631,epsilon_greedy,,298918,,,,,,,1.2665367167739661e-11
2504,2503,,,-50.0,50,True,False,True,False,success,,,0.24910000000003632,epsilon_greedy,,298968,,,,,,,5.8742435107284055e-08
2505,2504,,,-119.0,20,True,False,True,False,success,,,0.24880000000003633,epsilon_greedy,,298988,,,,,,,8.515410598874951e-15
2506,2505,,,-21.0,21,True,False,True,False,success,,,0.24850000000003633,epsilon_greedy,,299009,,,,,,,6.0797927538996665e-15
2507,2506,,,-242.0,44,True,False,True,False,success,,,0.24820000000003634,epsilon_greedy,,299053,,,,,,,1.592261474185493e-10
2508,2507,,,-23.0,23,True,False,True,False,success,,,0.24790000000003634,epsilon_greedy,,299076,,,,,,,2.8006582560326776e-14
2509,2508,,,-29.0,29,True,False,True,False,success,,,0.24760000000003635,epsilon_greedy,,299105,,,,,,,4.1820187160000985e-13
2510,2509,,,-23.0,23,True,False,True,False,success,,,0.24730000000003635,epsilon_greedy,,299128,,,,,,,6.037730701875617e-11
2511,2510,,,-130.0,31,True,False,True,False,success,,,0.24700000000003636,epsilon_greedy,,299159,,,,,,,2.5777951099868343e-10
2512,2511,,,-29.0,29,True,False,True,False,success,,,0.24670000000003636,epsilon_greedy,,299188,,,,,,,3.5674815362355126e-09
2513,2512,,,-19.0,19,True,False,True,False,success,,,0.24640000000003637,epsilon_greedy,,299207,,,,,,,6.065323681899539e-15
2514,2513,,,-17.0,17,True,False,True,False,success,,,0.24610000000003637,epsilon_greedy,,299224,,,,,,,5.42050064964047e-15
2515,2514,,,-21.0,21,True,False,True,False,success,,,0.24580000000003638,epsilon_greedy,,299245,,,,,,,1.0056368436396822e-11
2516,2515,,,-24.0,24,True,False,True,False,success,,,0.24550000000003638,epsilon_greedy,,299269,,,,,,,2.075531413403553e-11
2517,2516,,,-23.0,23,True,False,True,False,success,,,0.2452000000000364,epsilon_greedy,,299292,,,,,,,1.2344038834577946e-12
2518,2517,,,-131.0,32,True,False,True,False,success,,,0.2449000000000364,epsilon_greedy,,299324,,,,,,,8.243405957841787e-15
2519,2518,,,-138.0,39,True,False,True,False,success,,,0.2446000000000364,epsilon_greedy,,299363,,,,,,,1.643497930340724e-10
2520,2519,,,-19.0,19,True,False,True,False,success,,,0.2443000000000364,epsilon_greedy,,299382,,,,,,,4.2824106833749235e-12
2521,2520,,,-24.0,24,True,False,True,False,success,,,0.2440000000000364,epsilon_greedy,,299406,,,,,,,3.757811654440483e-11
2522,2521,,,-21.0,21,True,False,True,False,success,,,0.24370000000003642,epsilon_greedy,,299427,,,,,,,7.579862663457485e-13
2523,2522,,,-135.0,36,True,False,True,False,success,,,0.24340000000003642,epsilon_greedy,,299463,,,,,,,2.153925186358189e-12
2524,2523,,,-20.0,20,True,False,True,False,success,,,0.24310000000003643,epsilon_greedy,,299483,,,,,,,3.6626368604686375e-12
2525,2524,,,-19.0,19,True,False,True,False,success,,,0.24280000000003643,epsilon_greedy,,299502,,,,,,,5.784846286204763e-15
2526,2525,,,-226.0,28,True,False,True,False,success,,,0.24250000000003644,epsilon_greedy,,299530,,,,,,,4.966194915618465e-11
2527,2526,,,-559.0,64,True,False,True,False,success,,,0.24220000000003644,epsilon_greedy,,299594,,,,,,,2.4002130144529232e-11
2528,2527,,,-246.0,48,True,False,True,False,success,,,0.24190000000003645,epsilon_greedy,,299642,,,,,,,5.4752938294377884e-11
2529,2528,,,-26.0,26,True,False,True,False,success,,,0.24160000000003645,epsilon_greedy,,299668,,,,,,,7.448938901597138e-12
2530,2529,,,-19.0,19,True,False,True,False,success,,,0.24130000000003646,epsilon_greedy,,299687,,,,,,,9.713014018817184e-12
2531,2530,,,-21.0,21,True,False,True,False,success,,,0.24100000000003646,epsilon_greedy,,299708,,,,,,,2.98682031488592e-11
2532,2531,,,-19.0,19,True,False,True,False,success,,,0.24070000000003647,epsilon_greedy,,299727,,,,,,,1.292802122664302e-12
2533,2532,,,-858.0,66,True,False,True,False,success,,,0.24040000000003647,epsilon_greedy,,299793,,,,,,,1.3632193017518588e-14
2534,2533,,,-127.0,28,True,False,True,False,success,,,0.24010000000003648,epsilon_greedy,,299821,,,,,,,2.4099769798827507e-14
2535,2534,,,-21.0,21,True,False,True,False,success,,,0.23980000000003648,epsilon_greedy,,299842,,,,,,,3.156321764798858e-12
2536,2535,,,-20.0,20,True,False,True,False,success,,,0.2395000000000365,epsilon_greedy,,299862,,,,,,,6.206146707654625e-15
2537,2536,,,-19.0,19,True,False,True,False,success,,,0.2392000000000365,epsilon_greedy,,299881,,,,,,,5.5978613557415785e-15
2538,2537,,,-127.0,28,True,False,True,False,success,,,0.2389000000000365,epsilon_greedy,,299909,,,,,,,8.025326435147561e-15
2539,2538,,,-130.0,31,True,False,True,False,success,,,0.2386000000000365,epsilon_greedy,,299940,,,,,,,8.469477585209926e-09
2540,2539,,,-359.0,62,True,False,True,False,success,,,0.2383000000000365,epsilon_greedy,,300002,,,,,,,2.367371639224306e-10
2541,2540,,,-17.0,17,True,False,True,False,success,,,0.23800000000003652,epsilon_greedy,,300019,,,,,,,5.42050064964047e-15
2542,2541,,,-337.0,40,True,False,True,False,success,,,0.23770000000003652,epsilon_greedy,,300059,,,,,,,1.589783860111993e-13
2543,2542,,,-343.0,46,True,False,True,False,success,,,0.23740000000003653,epsilon_greedy,,300105,,,,,,,1.544660401036455e-08
2544,2543,,,-136.0,37,True,False,True,False,success,,,0.23710000000003653,epsilon_greedy,,300142,,,,,,,9.043046905893454e-09
2545,2544,,,-660.0,66,True,False,True,False,success,,,0.23680000000003654,epsilon_greedy,,300208,,,,,,,1.3117285035946225e-12
2546,2545,,,-25.0,25,True,False,True,False,success,,,0.23650000000003654,epsilon_greedy,,300233,,,,,,,6.155437937138686e-11
2547,2546,,,-132.0,33,True,False,True,False,success,,,0.23620000000003655,epsilon_greedy,,300266,,,,,,,8.88709981027067e-13
2548,2547,,,-129.0,30,True,False,True,False,success,,,0.23590000000003655,epsilon_greedy,,300296,,,,,,,1.4548414325095866e-11
2549,2548,,,-24.0,24,True,False,True,False,success,,,0.23560000000003656,epsilon_greedy,,300320,,,,,,,4.193497401179987e-12
2550,2549,,,-33.0,33,True,False,True,False,success,,,0.23530000000003656,epsilon_greedy,,300353,,,,,,,1.4929847338189738e-05
2551,2550,,,-663.0,69,True,False,True,False,success,,,0.23500000000003657,epsilon_greedy,,300422,,,,,,,1.2018925307495795e-10
2552,2551,,,-360.0,63,True,False,True,False,success,,,0.23470000000003657,epsilon_greedy,,300485,,,,,,,9.773593927121287e-11
2553,2552,,,-241.0,43,True,False,True,False,success,,,0.23440000000003658,epsilon_greedy,,300528,,,,,,,1.915936659970136e-11
2554,2553,,,-27.0,27,True,False,True,False,success,,,0.23410000000003658,epsilon_greedy,,300555,,,,,,,1.090118941617759e-11
2555,2554,,,-21.0,21,True,False,True,False,success,,,0.2338000000000366,epsilon_greedy,,300576,,,,,,,1.1959396436130495e-11
2556,2555,,,-24.0,24,True,False,True,False,success,,,0.2335000000000366,epsilon_greedy,,300600,,,,,,,6.792062282971283e-11
2557,2556,,,-129.0,30,True,False,True,False,success,,,0.2332000000000366,epsilon_greedy,,300630,,,,,,,1.816324868286756e-13
2558,2557,,,-354.0,57,True,False,True,False,success,,,0.2329000000000366,epsilon_greedy,,300687,,,,,,,4.280669386209985e-13
2559,2558,,,-123.0,24,True,False,True,False,success,,,0.2326000000000366,epsilon_greedy,,300711,,,,,,,8.178642948071987e-15
2560,2559,,,-17.0,17,True,False,True,False,success,,,0.23230000000003662,epsilon_greedy,,300728,,,,,,,5.42050064964047e-15
2561,2560,,,-248.0,50,True,False,True,False,success,,,0.23200000000003662,epsilon_greedy,,300778,,,,,,,1.3486242789184644e-10
2562,2561,,,-19.0,19,True,False,True,False,success,,,0.23170000000003663,epsilon_greedy,,300797,,,,,,,6.3458010775943155e-15
2563,2562,,,-237.0,39,True,False,True,False,success,,,0.23140000000003663,epsilon_greedy,,300836,,,,,,,1.0214978423413357e-06
2564,2563,,,-130.0,31,True,False,True,False,success,,,0.23110000000003664,epsilon_greedy,,300867,,,,,,,1.8440446302564294e-13
2565,2564,,,-437.0,41,True,False,True,False,success,,,0.23080000000003664,epsilon_greedy,,300908,,,,,,,6.899689491832782e-12
2566,2565,,,-21.0,21,True,False,True,False,success,,,0.23050000000003665,epsilon_greedy,,300929,,,,,,,6.9249473880074135e-12
2567,2566,,,-21.0,21,True,False,True,False,success,,,0.23020000000003665,epsilon_greedy,,300950,,,,,,,5.625129991434126e-15
2568,2567,,,-23.0,23,True,False,True,False,success,,,0.22990000000003666,epsilon_greedy,,300973,,,,,,,1.4804534409978736e-11
2569,2568,,,-24.0,24,True,False,True,False,success,,,0.22960000000003666,epsilon_greedy,,300997,,,,,,,9.686695889854491e-15
2570,2569,,,-134.0,35,True,False,True,False,success,,,0.22930000000003667,epsilon_greedy,,301032,,,,,,,4.725204354778206e-12
2571,2570,,,-357.0,60,True,False,True,False,success,,,0.22900000000003667,epsilon_greedy,,301092,,,,,,,4.074307928073987e-11
2572,2571,,,-230.0,32,True,False,True,False,success,,,0.22870000000003668,epsilon_greedy,,301124,,,,,,,7.039299698696766e-13
2573,2572,,,-27.0,27,True,False,True,False,success,,,0.22840000000003668,epsilon_greedy,,301151,,,,,,,2.471458922288834e-10
2574,2573,,,-453.0,57,True,False,True,False,success,,,0.2281000000000367,epsilon_greedy,,301208,,,,,,,8.553309327864331e-11
2575,2574,,,-123.0,24,True,False,True,False,success,,,0.2278000000000367,epsilon_greedy,,301232,,,,,,,2.8792699705941043e-11
2576,2575,,,-126.0,27,True,False,True,False,success,,,0.2275000000000367,epsilon_greedy,,301259,,,,,,,5.708602315137426e-13
2577,2576,,,-123.0,24,True,False,True,False,success,,,0.2272000000000367,epsilon_greedy,,301283,,,,,,,2.1101777732586886e-11
2578,2577,,,-128.0,29,True,False,True,False,success,,,0.2269000000000367,epsilon_greedy,,301312,,,,,,,1.542291198967209e-13
2579,2578,,,-25.0,25,True,False,True,False,success,,,0.22660000000003672,epsilon_greedy,,301337,,,,,,,1.0270011507884647e-10
2580,2579,,,-130.0,31,True,False,True,False,success,,,0.22630000000003672,epsilon_greedy,,301368,,,,,,,7.274762154681427e-11
2581,2580,,,-21.0,21,True,False,True,False,success,,,0.22600000000003673,epsilon_greedy,,301389,,,,,,,6.766016318644168e-14
2582,2581,,,-233.0,35,True,False,True,False,success,,,0.22570000000003673,epsilon_greedy,,301424,,,,,,,2.0172343560633165e-08
2583,2582,,,-25.0,25,True,False,True,False,success,,,0.22540000000003674,epsilon_greedy,,301449,,,,,,,2.369864304796465e-12
2584,2583,,,-23.0,23,True,False,True,False,success,,,0.22510000000003674,epsilon_greedy,,301472,,,,,,,5.7144308608707945e-11
2585,2584,,,-231.0,33,True,False,True,False,success,,,0.22480000000003675,epsilon_greedy,,301505,,,,,,,2.1600902884570547e-13
2586,2585,,,-24.0,24,True,False,True,False,success,,,0.22450000000003675,epsilon_greedy,,301529,,,,,,,2.9642982513067295e-11
2587,2586,,,-31.0,31,True,False,True,False,success,,,0.22420000000003676,epsilon_greedy,,301560,,,,,,,1.0567970154887286e-10
2588,2587,,,-121.0,22,True,False,True,False,success,,,0.22390000000003676,epsilon_greedy,,301582,,,,,,,2.6271913937266203e-14
2589,2588,,,-23.0,23,True,False,True,False,success,,,0.22360000000003677,epsilon_greedy,,301605,,,,,,,2.011642475784964e-09
2590,2589,,,-124.0,25,True,False,True,False,success,,,0.22330000000003677,epsilon_greedy,,301630,,,,,,,1.8294441517241466e-11
2591,2590,,,-136.0,37,True,False,True,False,success,,,0.22300000000003678,epsilon_greedy,,301667,,,,,,,1.221684555321036e-10
2592,2591,,,-19.0,19,True,False,True,False,success,,,0.22270000000003679,epsilon_greedy,,301686,,,,,,,2.1660416150762343e-11
2593,2592,,,-137.0,38,True,False,True,False,success,,,0.2224000000000368,epsilon_greedy,,301724,,,,,,,5.7890622120588e-11
2594,2593,,,-135.0,36,True,False,True,False,success,,,0.2221000000000368,epsilon_greedy,,301760,,,,,,,1.1480137828022584e-12
2595,2594,,,-131.0,32,True,False,True,False,success,,,0.2218000000000368,epsilon_greedy,,301792,,,,,,,1.3576292867689688e-12
2596,2595,,,-135.0,36,True,False,True,False,success,,,0.2215000000000368,epsilon_greedy,,301828,,,,,,,8.7263375537895e-11
2597,2596,,,-447.0,51,True,False,True,False,success,,,0.2212000000000368,epsilon_greedy,,301879,,,,,,,1.1071753535771658e-14
2598,2597,,,-23.0,23,True,False,True,False,success,,,0.22090000000003682,epsilon_greedy,,301902,,,,,,,5.852236569743898e-12
2599,2598,,,-239.0,41,True,False,True,False,success,,,0.22060000000003682,epsilon_greedy,,301943,,,,,,,1.0032424755444836e-11
2600,2599,,,-21.0,21,True,False,True,False,success,,,0.22030000000003683,epsilon_greedy,,301964,,,,,,,8.719871385800443e-12
2601,2600,,,-247.0,49,True,False,True,False,success,,,0.22000000000003683,epsilon_greedy,,302013,,,,,,,8.23675594850041e-11
2602,2601,,,-29.0,29,True,False,True,False,success,,,0.21970000000003684,epsilon_greedy,,302042,,,,,,,2.1907846586652442e-08
2603,2602,,,-134.0,35,True,False,True,False,success,,,0.21940000000003684,epsilon_greedy,,302077,,,,,,,2.0840095998104452e-10
2604,2603,,,-21.0,21,True,False,True,False,success,,,0.21910000000003685,epsilon_greedy,,302098,,,,,,,4.346523141407488e-12
2605,2604,,,-19.0,19,True,False,True,False,success,,,0.21880000000003685,epsilon_greedy,,302117,,,,,,,4.7952881431749456e-11
2606,2605,,,-122.0,23,True,False,True,False,success,,,0.21850000000003686,epsilon_greedy,,302140,,,,,,,7.168710070004636e-12
2607,2606,,,-23.0,23,True,False,True,False,success,,,0.21820000000003686,epsilon_greedy,,302163,,,,,,,6.709608714038989e-15
2608,2607,,,-237.0,39,True,False,True,False,success,,,0.21790000000003687,epsilon_greedy,,302202,,,,,,,5.707434524993005e-12
2609,2608,,,-19.0,19,True,False,True,False,success,,,0.21760000000003688,epsilon_greedy,,302221,,,,,,,7.806842891442868e-12
2610,2609,,,-234.0,36,True,False,True,False,success,,,0.21730000000003688,epsilon_greedy,,302257,,,,,,,1.9263878763769388e-10
2611,2610,,,-25.0,25,True,False,True,False,success,,,0.21700000000003689,epsilon_greedy,,302282,,,,,,,5.383249401802459e-14
2612,2611,,,-21.0,21,True,False,True,False,success,,,0.2167000000000369,epsilon_greedy,,302303,,,,,,,3.904854217751108e-11
2613,2612,,,-26.0,26,True,False,True,False,success,,,0.2164000000000369,epsilon_greedy,,302329,,,,,,,1.7881759397994848e-08
2614,2613,,,-25.0,25,True,False,True,False,success,,,0.2161000000000369,epsilon_greedy,,302354,,,,,,,1.067550492450664e-11
2615,2614,,,-123.0,24,True,False,True,False,success,,,0.2158000000000369,epsilon_greedy,,302378,,,,,,,6.4032020426670515e-12
2616,2615,,,-240.0,42,True,False,True,False,success,,,0.2155000000000369,epsilon_greedy,,302420,,,,,,,7.094800937222447e-13
2617,2616,,,-135.0,36,True,False,True,False,success,,,0.21520000000003692,epsilon_greedy,,302456,,,,,,,4.776652530304028e-11
2618,2617,,,-21.0,21,True,False,True,False,success,,,0.21490000000003692,epsilon_greedy,,302477,,,,,,,8.702033802538132e-15
2619,2618,,,-23.0,23,True,False,True,False,success,,,0.21460000000003693,epsilon_greedy,,302500,,,,,,,6.168978371612827e-15
2620,2619,,,-575.0,80,True,False,True,False,success,,,0.21430000000003693,epsilon_greedy,,302580,,,,,,,1.4116582069956252e-10
2621,2620,,,-128.0,29,True,False,True,False,success,,,0.21400000000003694,epsilon_greedy,,302609,,,,,,,3.8944326690696094e-13
2622,2621,,,-25.0,25,True,False,True,False,success,,,0.21370000000003694,epsilon_greedy,,302634,,,,,,,9.78328529299688e-14
2623,2622,,,-143.0,44,True,False,True,False,success,,,0.21340000000003695,epsilon_greedy,,302678,,,,,,,8.149969083442505e-11
2624,2623,,,-21.0,21,True,False,True,False,success,,,0.21310000000003695,epsilon_greedy,,302699,,,,,,,4.619017337926748e-11
2625,2624,,,-228.0,30,True,False,True,False,success,,,0.21280000000003696,epsilon_greedy,,302729,,,,,,,1.0058620603103918e-14
2626,2625,,,-26.0,26,True,False,True,False,success,,,0.21250000000003696,epsilon_greedy,,302755,,,,,,,5.157404418062365e-12
2627,2626,,,-25.0,25,True,False,True,False,success,,,0.21220000000003697,epsilon_greedy,,302780,,,,,,,2.560098358195262e-08
2628,2627,,,-127.0,28,True,False,True,False,success,,,0.21190000000003698,epsilon_greedy,,302808,,,,,,,8.30288219130385e-15
2629,2628,,,-122.0,23,True,False,True,False,success,,,0.21160000000003698,epsilon_greedy,,302831,,,,,,,8.254266835256598e-15
2630,2629,,,-23.0,23,True,False,True,False,success,,,0.21130000000003699,epsilon_greedy,,302854,,,,,,,3.2104637788823154e-11
2631,2630,,,-19.0,19,True,False,True,False,success,,,0.211000000000037,epsilon_greedy,,302873,,,,,,,3.4959018136467084e-11
2632,2631,,,-228.0,30,True,False,True,False,success,,,0.210700000000037,epsilon_greedy,,302903,,,,,,,9.821773024517218e-15
2633,2632,,,-27.0,27,True,False,True,False,success,,,0.210400000000037,epsilon_greedy,,302930,,,,,,,7.679975092092608e-10
2634,2633,,,-22.0,22,True,False,True,False,success,,,0.210100000000037,epsilon_greedy,,302952,,,,,,,3.641858531915948e-11
2635,2634,,,-135.0,36,True,False,True,False,success,,,0.209800000000037,epsilon_greedy,,302988,,,,,,,1.8147497702100976e-10
2636,2635,,,-125.0,26,True,False,True,False,success,,,0.20950000000003702,epsilon_greedy,,303014,,,,,,,1.7468932283621214e-13
2637,2636,,,-569.0,74,True,False,True,False,success,,,0.20920000000003702,epsilon_greedy,,303088,,,,,,,6.791067108057835e-11
2638,2637,,,-19.0,19,True,False,True,False,success,,,0.20890000000003703,epsilon_greedy,,303107,,,,,,,6.057143091191775e-14
2639,2638,,,-142.0,43,True,False,True,False,success,,,0.20860000000003703,epsilon_greedy,,303150,,,,,,,1.174610279842592e-10
2640,2639,,,-21.0,21,True,False,True,False,success,,,0.20830000000003704,epsilon_greedy,,303171,,,,,,,1.9867705364482564e-14
2641,2640,,,-20.0,20,True,False,True,False,success,,,0.20800000000003704,epsilon_greedy,,303191,,,,,,,2.0838886172214187e-14
2642,2641,,,-19.0,19,True,False,True,False,success,,,0.20770000000003705,epsilon_greedy,,303210,,,,,,,1.7377911974922186e-14
2643,2642,,,-455.0,59,True,False,True,False,success,,,0.20740000000003705,epsilon_greedy,,303269,,,,,,,4.3046316040874705e-11
2644,2643,,,-225.0,27,True,False,True,False,success,,,0.20710000000003706,epsilon_greedy,,303296,,,,,,,1.0255171197833853e-14
2645,2644,,,-19.0,19,True,False,True,False,success,,,0.20680000000003707,epsilon_greedy,,303315,,,,,,,5.691353820973171e-15
2646,2645,,,-124.0,25,True,False,True,False,success,,,0.20650000000003707,epsilon_greedy,,303340,,,,,,,6.498535043419906e-13
2647,2646,,,-25.0,25,True,False,True,False,success,,,0.20620000000003708,epsilon_greedy,,303365,,,,,,,3.4701397311209805e-12
2648,2647,,,-339.0,42,True,False,True,False,success,,,0.20590000000003708,epsilon_greedy,,303407,,,,,,,1.3226282503082877e-11
2649,2648,,,-29.0,29,True,False,True,False,success,,,0.2056000000000371,epsilon_greedy,,303436,,,,,,,6.236325632148143e-11
2650,2649,,,-129.0,30,True,False,True,False,success,,,0.2053000000000371,epsilon_greedy,,303466,,,,,,,2.757194472735591e-12
2651,2650,,,-230.0,32,True,False,True,False,success,,,0.2050000000000371,epsilon_greedy,,303498,,,,,,,1.0151601781416275e-14
2652,2651,,,-23.0,23,True,False,True,False,success,,,0.2047000000000371,epsilon_greedy,,303521,,,,,,,1.979336523668614e-08
2653,2652,,,-128.0,29,True,False,True,False,success,,,0.2044000000000371,epsilon_greedy,,303550,,,,,,,8.261590645314095e-15
2654,2653,,,-139.0,40,True,False,True,False,success,,,0.2041000000000371,epsilon_greedy,,303590,,,,,,,3.847512863863756e-11
2655,2654,,,-21.0,21,True,False,True,False,success,,,0.20380000000003712,epsilon_greedy,,303611,,,,,,,2.994386749137556e-11
2656,2655,,,-132.0,33,True,False,True,False,success,,,0.20350000000003712,epsilon_greedy,,303644,,,,,,,1.194965338801136e-11
2657,2656,,,-29.0,29,True,False,True,False,success,,,0.20320000000003713,epsilon_greedy,,303673,,,,,,,3.2288868207516465e-09
2658,2657,,,-235.0,37,True,False,True,False,success,,,0.20290000000003713,epsilon_greedy,,303710,,,,,,,1.4564795615814165e-10
2659,2658,,,-130.0,31,True,False,True,False,success,,,0.20260000000003714,epsilon_greedy,,303741,,,,,,,1.941343071961448e-10
2660,2659,,,-127.0,28,True,False,True,False,success,,,0.20230000000003714,epsilon_greedy,,303769,,,,,,,1.5337731085196538e-13
2661,2660,,,-127.0,28,True,False,True,False,success,,,0.20200000000003715,epsilon_greedy,,303797,,,,,,,4.795125407852652e-11
2662,2661,,,-27.0,27,True,False,True,False,success,,,0.20170000000003716,epsilon_greedy,,303824,,,,,,,3.840924706683464e-08
2663,2662,,,-23.0,23,True,False,True,False,success,,,0.20140000000003716,epsilon_greedy,,303847,,,,,,,6.3234441837345875e-15
2664,2663,,,-555.0,60,True,False,True,False,success,,,0.20110000000003717,epsilon_greedy,,303907,,,,,,,4.815962443653158e-13
2665,2664,,,-120.0,21,True,False,True,False,success,,,0.20080000000003717,epsilon_greedy,,303928,,,,,,,8.61744538161431e-15
2666,2665,,,-18.0,18,True,False,True,False,success,,,0.20050000000003718,epsilon_greedy,,303946,,,,,,,5.1810407815840636e-15
2667,2666,,,-21.0,21,True,False,True,False,success,,,0.20020000000003718,epsilon_greedy,,303967,,,,,,,8.461975036022112e-11
2668,2667,,,-25.0,25,True,False,True,False,success,,,0.1999000000000372,epsilon_greedy,,303992,,,,,,,2.7912872013757806e-12
2669,2668,,,-131.0,32,True,False,True,False,success,,,0.1996000000000372,epsilon_greedy,,304024,,,,,,,2.027782802782596e-11
2670,2669,,,-225.0,27,True,False,True,False,success,,,0.1993000000000372,epsilon_greedy,,304051,,,,,,,3.0683274850936735e-14
2671,2670,,,-133.0,34,True,False,True,False,success,,,0.1990000000000372,epsilon_greedy,,304085,,,,,,,1.214908369984822e-10
2672,2671,,,-150.0,51,True,False,True,False,success,,,0.1987000000000372,epsilon_greedy,,304136,,,,,,,4.493241944091961e-11
2673,2672,,,-249.0,51,True,False,True,False,success,,,0.1984000000000372,epsilon_greedy,,304187,,,,,,,1.47634412538204e-08
2674,2673,,,-25.0,25,True,False,True,False,success,,,0.19810000000003722,epsilon_greedy,,304212,,,,,,,6.419177189798119e-11
2675,2674,,,-36.0,36,True,False,True,False,success,,,0.19780000000003722,epsilon_greedy,,304248,,,,,,,8.533369556035848e-08
2676,2675,,,-21.0,21,True,False,True,False,success,,,0.19750000000003723,epsilon_greedy,,304269,,,,,,,6.1643811748234884e-15
2677,2676,,,-22.0,22,True,False,True,False,success,,,0.19720000000003723,epsilon_greedy,,304291,,,,,,,6.44938647941341e-15
2678,2677,,,-17.0,17,True,False,True,False,success,,,0.19690000000003724,epsilon_greedy,,304308,,,,,,,5.42050064964047e-15
2679,2678,,,-655.0,61,True,False,True,False,success,,,0.19660000000003724,epsilon_greedy,,304369,,,,,,,7.895728151442624e-11
2680,2679,,,-23.0,23,True,False,True,False,success,,,0.19630000000003725,epsilon_greedy,,304392,,,,,,,7.301888562393366e-13
2681,2680,,,-20.0,20,True,False,True,False,success,,,0.19600000000003726,epsilon_greedy,,304412,,,,,,,6.0285110237146e-15
2682,2681,,,-236.0,38,True,False,True,False,success,,,0.19570000000003726,epsilon_greedy,,304450,,,,,,,7.398935265637432e-13
2683,2682,,,-126.0,27,True,False,True,False,success,,,0.19540000000003727,epsilon_greedy,,304477,,,,,,,2.586959453238975e-12
2684,2683,,,-461.0,65,True,False,True,False,success,,,0.19510000000003727,epsilon_greedy,,304542,,,,,,,8.787888365720146e-11
2685,2684,,,-122.0,23,True,False,True,False,success,,,0.19480000000003728,epsilon_greedy,,304565,,,,,,,3.211923480806866e-14
2686,2685,,,-19.0,19,True,False,True,False,success,,,0.19450000000003728,epsilon_greedy,,304584,,,,,,,5.691353820973171e-15
2687,2686,,,-229.0,31,True,False,True,False,success,,,0.1942000000000373,epsilon_greedy,,304615,,,,,,,1.7928311165398494e-14
2688,2687,,,-236.0,38,True,False,True,False,success,,,0.1939000000000373,epsilon_greedy,,304653,,,,,,,6.556151528102599e-11
2689,2688,,,-23.0,23,True,False,True,False,success,,,0.1936000000000373,epsilon_greedy,,304676,,,,,,,4.737418187208119e-12
2690,2689,,,-121.0,22,True,False,True,False,success,,,0.1933000000000373,epsilon_greedy,,304698,,,,,,,5.2150203347619855e-14
2691,2690,,,-124.0,25,True,False,True,False,success,,,0.1930000000000373,epsilon_greedy,,304723,,,,,,,3.897957512322137e-12
2692,2691,,,-132.0,33,True,False,True,False,success,,,0.1927000000000373,epsilon_greedy,,304756,,,,,,,1.3051861948123602e-10
2693,2692,,,-27.0,27,True,False,True,False,success,,,0.19240000000003732,epsilon_greedy,,304783,,,,,,,1.5868450586464388e-11
2694,2693,,,-21.0,21,True,False,True,False,success,,,0.19210000000003732,epsilon_greedy,,304804,,,,,,,4.173751291670583e-12
2695,2694,,,-230.0,32,True,False,True,False,success,,,0.19180000000003733,epsilon_greedy,,304836,,,,,,,3.8779396360766327e-13
2696,2695,,,-17.0,17,True,False,True,False,success,,,0.19150000000003733,epsilon_greedy,,304853,,,,,,,5.42050064964047e-15
2697,2696,,,-17.0,17,True,False,True,False,success,,,0.19120000000003734,epsilon_greedy,,304870,,,,,,,5.42050064964047e-15
2698,2697,,,-231.0,33,True,False,True,False,success,,,0.19090000000003735,epsilon_greedy,,304903,,,,,,,2.5401229940984415e-13
2699,2698,,,-347.0,50,True,False,True,False,success,,,0.19060000000003735,epsilon_greedy,,304953,,,,,,,5.871931829659615e-11
2700,2699,,,-241.0,43,True,False,True,False,success,,,0.19030000000003736,epsilon_greedy,,304996,,,,,,,9.182826592147787e-11
2701,2700,,,-239.0,41,True,False,True,False,success,,,0.19000000000003736,epsilon_greedy,,305037,,,,,,,6.543738450832779e-11
2702,2701,,,-25.0,25,True,False,True,False,success,,,0.18970000000003737,epsilon_greedy,,305062,,,,,,,4.085505267426015e-12
2703,2702,,,-127.0,28,True,False,True,False,success,,,0.18940000000003737,epsilon_greedy,,305090,,,,,,,3.6192477586333944e-13
2704,2703,,,-448.0,52,True,False,True,False,success,,,0.18910000000003738,epsilon_greedy,,305142,,,,,,,1.0381964518848883e-11
2705,2704,,,-23.0,23,True,False,True,False,success,,,0.18880000000003738,epsilon_greedy,,305165,,,,,,,3.279188514929264e-11
2706,2705,,,-21.0,21,True,False,True,False,success,,,0.1885000000000374,epsilon_greedy,,305186,,,,,,,4.316025843598666e-11
2707,2706,,,-119.0,20,True,False,True,False,success,,,0.1882000000000374,epsilon_greedy,,305206,,,,,,,2.9128144340972994e-12
2708,2707,,,-23.0,23,True,False,True,False,success,,,0.1879000000000374,epsilon_greedy,,305229,,,,,,,6.246211277673707e-15
2709,2708,,,-22.0,22,True,False,True,False,success,,,0.1876000000000374,epsilon_greedy,,305251,,,,,,,1.8602291424423872e-13
2710,2709,,,-130.0,31,True,False,True,False,success,,,0.1873000000000374,epsilon_greedy,,305282,,,,,,,1.142132983171641e-12
2711,2710,,,-331.0,34,True,False,True,False,success,,,0.18700000000003741,epsilon_greedy,,305316,,,,,,,1.125896761443394e-14
2712,2711,,,-17.0,17,True,False,True,False,success,,,0.18670000000003742,epsilon_greedy,,305333,,,,,,,5.42050064964047e-15
2713,2712,,,-141.0,42,True,False,True,False,success,,,0.18640000000003742,epsilon_greedy,,305375,,,,,,,5.0246494795590565e-11
2714,2713,,,-25.0,25,True,False,True,False,success,,,0.18610000000003743,epsilon_greedy,,305400,,,,,,,1.7526913254073406e-11
2715,2714,,,-21.0,21,True,False,True,False,success,,,0.18580000000003744,epsilon_greedy,,305421,,,,,,,5.995204332975845e-15
2716,2715,,,-135.0,36,True,False,True,False,success,,,0.18550000000003744,epsilon_greedy,,305457,,,,,,,7.83348694552741e-13
2717,2716,,,-21.0,21,True,False,True,False,success,,,0.18520000000003745,epsilon_greedy,,305478,,,,,,,4.82313659910276e-12
2718,2717,,,-459.0,63,True,False,True,False,success,,,0.18490000000003745,epsilon_greedy,,305541,,,,,,,3.1433166475335746e-11
2719,2718,,,-227.0,29,True,False,True,False,success,,,0.18460000000003746,epsilon_greedy,,305570,,,,,,,2.886204685210189e-12
2720,2719,,,-125.0,26,True,False,True,False,success,,,0.18430000000003746,epsilon_greedy,,305596,,,,,,,7.712633950299838e-14
2721,2720,,,-22.0,22,True,False,True,False,success,,,0.18400000000003747,epsilon_greedy,,305618,,,,,,,2.3841433877629985e-12
2722,2721,,,-17.0,17,True,False,True,False,success,,,0.18370000000003747,epsilon_greedy,,305635,,,,,,,5.42050064964047e-15
2723,2722,,,-137.0,38,True,False,True,False,success,,,0.18340000000003748,epsilon_greedy,,305673,,,,,,,1.2268506094078416e-10
2724,2723,,,-20.0,20,True,False,True,False,success,,,0.18310000000003748,epsilon_greedy,,305693,,,,,,,4.989475499428408e-12
2725,2724,,,-17.0,17,True,False,True,False,success,,,0.1828000000000375,epsilon_greedy,,305710,,,,,,,5.42050064964047e-15
2726,2725,,,-128.0,29,True,False,True,False,success,,,0.1825000000000375,epsilon_greedy,,305739,,,,,,,1.9838559913605892e-11
2727,2726,,,-21.0,21,True,False,True,False,success,,,0.1822000000000375,epsilon_greedy,,305760,,,,,,,1.555369589736767e-14
2728,2727,,,-24.0,24,True,False,True,False,success,,,0.1819000000000375,epsilon_greedy,,305784,,,,,,,1.0128379616484532e-11
2729,2728,,,-19.0,19,True,False,True,False,success,,,0.1816000000000375,epsilon_greedy,,305803,,,,,,,5.7374806660068075e-12
2730,2729,,,-134.0,35,True,False,True,False,success,,,0.18130000000003751,epsilon_greedy,,305838,,,,,,,2.115252734873658e-11
2731,2730,,,-17.0,17,True,False,True,False,success,,,0.18100000000003752,epsilon_greedy,,305855,,,,,,,5.42050064964047e-15
2732,2731,,,-232.0,34,True,False,True,False,success,,,0.18070000000003753,epsilon_greedy,,305889,,,,,,,4.697490762386197e-12
2733,2732,,,-19.0,19,True,False,True,False,success,,,0.18040000000003753,epsilon_greedy,,305908,,,,,,,1.8462541437190194e-12
2734,2733,,,-19.0,19,True,False,True,False,success,,,0.18010000000003754,epsilon_greedy,,305927,,,,,,,6.065323681899539e-15
2735,2734,,,-20.0,20,True,False,True,False,success,,,0.17980000000003754,epsilon_greedy,,305947,,,,,,,1.579725239508889e-12
2736,2735,,,-17.0,17,True,False,True,False,success,,,0.17950000000003755,epsilon_greedy,,305964,,,,,,,5.42050064964047e-15
2737,2736,,,-23.0,23,True,False,True,False,success,,,0.17920000000003755,epsilon_greedy,,305987,,,,,,,3.707980782322643e-12
2738,2737,,,-127.0,28,True,False,True,False,success,,,0.17890000000003756,epsilon_greedy,,306015,,,,,,,1.4013671175864114e-11
2739,2738,,,-128.0,29,True,False,True,False,success,,,0.17860000000003756,epsilon_greedy,,306044,,,,,,,5.6370846687843435e-12
2740,2739,,,-21.0,21,True,False,True,False,success,,,0.17830000000003757,epsilon_greedy,,306065,,,,,,,4.735894216472453e-14
2741,2740,,,-126.0,27,True,False,True,False,success,,,0.17800000000003757,epsilon_greedy,,306092,,,,,,,7.993605777301127e-15
2742,2741,,,-25.0,25,True,False,True,False,success,,,0.17770000000003758,epsilon_greedy,,306117,,,,,,,1.813620364998769e-11
2743,2742,,,-21.0,21,True,False,True,False,success,,,0.17740000000003758,epsilon_greedy,,306138,,,,,,,2.5749032535789715e-12
2744,2743,,,-230.0,32,True,False,True,False,success,,,0.1771000000000376,epsilon_greedy,,306170,,,,,,,9.652001420334955e-15
2745,2744,,,-243.0,45,True,False,True,False,success,,,0.1768000000000376,epsilon_greedy,,306215,,,,,,,2.6485890024395708e-11
2746,2745,,,-26.0,26,True,False,True,False,success,,,0.1765000000000376,epsilon_greedy,,306241,,,,,,,7.849362185870982e-13
2747,2746,,,-23.0,23,True,False,True,False,success,,,0.1762000000000376,epsilon_greedy,,306264,,,,,,,1.2503650289066014e-11
2748,2747,,,-130.0,31,True,False,True,False,success,,,0.1759000000000376,epsilon_greedy,,306295,,,,,,,1.4218017444393134e-14
2749,2748,,,-18.0,18,True,False,True,False,success,,,0.17560000000003761,epsilon_greedy,,306313,,,,,,,5.9088536532827775e-15
2750,2749,,,-231.0,33,True,False,True,False,success,,,0.17530000000003762,epsilon_greedy,,306346,,,,,,,9.614867824473439e-13
2751,2750,,,-17.0,17,True,False,True,False,success,,,0.17500000000003763,epsilon_greedy,,306363,,,,,,,5.42050064964047e-15
2752,2751,,,-22.0,22,True,False,True,False,success,,,0.17470000000003763,epsilon_greedy,,306385,,,,,,,2.595903290305366e-14
2753,2752,,,-125.0,26,True,False,True,False,success,,,0.17440000000003764,epsilon_greedy,,306411,,,,,,,9.829743856488885e-15
2754,2753,,,-19.0,19,True,False,True,False,success,,,0.17410000000003764,epsilon_greedy,,306430,,,,,,,5.66739520810176e-11
2755,2754,,,-23.0,23,True,False,True,False,success,,,0.17380000000003765,epsilon_greedy,,306453,,,,,,,2.5927308609242495e-11
2756,2755,,,-124.0,25,True,False,True,False,success,,,0.17350000000003765,epsilon_greedy,,306478,,,,,,,1.1411760425517058e-12
2757,2756,,,-21.0,21,True,False,True,False,success,,,0.17320000000003766,epsilon_greedy,,306499,,,,,,,1.3648500319347824e-11
2758,2757,,,-20.0,20,True,False,True,False,success,,,0.17290000000003766,epsilon_greedy,,306519,,,,,,,5.850875339774575e-15
2759,2758,,,-20.0,20,True,False,True,False,success,,,0.17260000000003767,epsilon_greedy,,306539,,,,,,,5.195843755245732e-15
2760,2759,,,-20.0,20,True,False,True,False,success,,,0.17230000000003767,epsilon_greedy,,306559,,,,,,,4.042799428560784e-12
2761,2760,,,-252.0,54,True,False,True,False,success,,,0.17200000000003768,epsilon_greedy,,306613,,,,,,,3.670232430731925e-11
2762,2761,,,-136.0,37,True,False,True,False,success,,,0.17170000000003768,epsilon_greedy,,306650,,,,,,,1.0170909760055615e-10
2763,2762,,,-17.0,17,True,False,True,False,success,,,0.1714000000000377,epsilon_greedy,,306667,,,,,,,5.42050064964047e-15
2764,2763,,,-21.0,21,True,False,True,False,success,,,0.1711000000000377,epsilon_greedy,,306688,,,,,,,3.756603493884757e-12
2765,2764,,,-245.0,47,True,False,True,False,success,,,0.1708000000000377,epsilon_greedy,,306735,,,,,,,3.699787993702238e-11
2766,2765,,,-122.0,23,True,False,True,False,success,,,0.1705000000000377,epsilon_greedy,,306758,,,,,,,9.717909675034242e-09
2767,2766,,,-21.0,21,True,False,True,False,success,,,0.1702000000000377,epsilon_greedy,,306779,,,,,,,3.381453847087609e-12
2768,2767,,,-17.0,17,True,False,True,False,success,,,0.16990000000003772,epsilon_greedy,,306796,,,,,,,5.42050064964047e-15
2769,2768,,,-26.0,26,True,False,True,False,success,,,0.16960000000003772,epsilon_greedy,,306822,,,,,,,2.5772546490106132e-12
2770,2769,,,-19.0,19,True,False,True,False,success,,,0.16930000000003773,epsilon_greedy,,306841,,,,,,,6.964020003938219e-14
2771,2770,,,-25.0,25,True,False,True,False,success,,,0.16900000000003773,epsilon_greedy,,306866,,,,,,,1.716730822414192e-06
2772,2771,,,-17.0,17,True,False,True,False,success,,,0.16870000000003774,epsilon_greedy,,306883,,,,,,,5.42050064964047e-15
2773,2772,,,-129.0,30,True,False,True,False,success,,,0.16840000000003774,epsilon_greedy,,306913,,,,,,,2.9746279513650126e-12
2774,2773,,,-121.0,22,True,False,True,False,success,,,0.16810000000003775,epsilon_greedy,,306935,,,,,,,2.1501053462910395e-11
2775,2774,,,-128.0,29,True,False,True,False,success,,,0.16780000000003775,epsilon_greedy,,306964,,,,,,,1.468262293356255e-11
2776,2775,,,-32.0,32,True,False,True,False,success,,,0.16750000000003776,epsilon_greedy,,306996,,,,,,,4.676011123444512e-08
2777,2776,,,-252.0,54,True,False,True,False,success,,,0.16720000000003776,epsilon_greedy,,307050,,,,,,,9.988643245861795e-11
2778,2777,,,-23.0,23,True,False,True,False,success,,,0.16690000000003777,epsilon_greedy,,307073,,,,,,,3.117264900315999e-12
2779,2778,,,-19.0,19,True,False,True,False,success,,,0.16660000000003777,epsilon_greedy,,307092,,,,,,,5.001846889890179e-15
2780,2779,,,-127.0,28,True,False,True,False,success,,,0.16630000000003778,epsilon_greedy,,307120,,,,,,,2.8486498874055345e-12
2781,2780,,,-119.0,20,True,False,True,False,success,,,0.16600000000003778,epsilon_greedy,,307140,,,,,,,8.604228440844963e-15
2782,2781,,,-19.0,19,True,False,True,False,success,,,0.1657000000000378,epsilon_greedy,,307159,,,,,,,1.3264243504732133e-14
2783,2782,,,-23.0,23,True,False,True,False,success,,,0.1654000000000378,epsilon_greedy,,307182,,,,,,,3.6647013925887775e-14
2784,2783,,,-130.0,31,True,False,True,False,success,,,0.1651000000000378,epsilon_greedy,,307213,,,,,,,5.576550690756405e-11
2785,2784,,,-23.0,23,True,False,True,False,success,,,0.1648000000000378,epsilon_greedy,,307236,,,,,,,1.3427355845554144e-11
2786,2785,,,-21.0,21,True,False,True,False,success,,,0.1645000000000378,epsilon_greedy,,307257,,,,,,,4.347072966143493e-12
2787,2786,,,-21.0,21,True,False,True,False,success,,,0.16420000000003782,epsilon_greedy,,307278,,,,,,,2.2464464151317728e-12
2788,2787,,,-338.0,41,True,False,True,False,success,,,0.16390000000003782,epsilon_greedy,,307319,,,,,,,1.6255343954354408e-12
2789,2788,,,-130.0,31,True,False,True,False,success,,,0.16360000000003783,epsilon_greedy,,307350,,,,,,,7.892109904662815e-13
2790,2789,,,-17.0,17,True,False,True,False,success,,,0.16330000000003783,epsilon_greedy,,307367,,,,,,,5.42050064964047e-15
2791,2790,,,-22.0,22,True,False,True,False,success,,,0.16300000000003784,epsilon_greedy,,307389,,,,,,,2.3153913130225977e-11
2792,2791,,,-22.0,22,True,False,True,False,success,,,0.16270000000003784,epsilon_greedy,,307411,,,,,,,6.959079777082232e-14
2793,2792,,,-128.0,29,True,False,True,False,success,,,0.16240000000003785,epsilon_greedy,,307440,,,,,,,9.744584449700549e-11
2794,2793,,,-17.0,17,True,False,True,False,success,,,0.16210000000003785,epsilon_greedy,,307457,,,,,,,5.42050064964047e-15
2795,2794,,,-122.0,23,True,False,True,False,success,,,0.16180000000003786,epsilon_greedy,,307480,,,,,,,8.177033929195719e-15
2796,2795,,,-327.0,30,True,False,True,False,success,,,0.16150000000003786,epsilon_greedy,,307510,,,,,,,1.1420494179977443e-14
2797,2796,,,-344.0,47,True,False,True,False,success,,,0.16120000000003787,epsilon_greedy,,307557,,,,,,,5.4118619751060325e-11
2798,2797,,,-222.0,24,True,False,True,False,success,,,0.16090000000003787,epsilon_greedy,,307581,,,,,,,1.0204799968012898e-14
2799,2798,,,-20.0,20,True,False,True,False,success,,,0.16060000000003788,epsilon_greedy,,307601,,,,,,,3.5326663816448443e-11
2800,2799,,,-235.0,37,True,False,True,False,success,,,0.16030000000003788,epsilon_greedy,,307638,,,,,,,9.883985521933151e-15
2801,2800,,,-23.0,23,True,False,True,False,success,,,0.1600000000000379,epsilon_greedy,,307661,,,,,,,4.29190016859593e-12
2802,2801,,,-21.0,21,True,False,True,False,success,,,0.1597000000000379,epsilon_greedy,,307682,,,,,,,2.0223293938941077e-12
2803,2802,,,-23.0,23,True,False,True,False,success,,,0.1594000000000379,epsilon_greedy,,307705,,,,,,,1.6628437757172714e-12
2804,2803,,,-17.0,17,True,False,True,False,success,,,0.1591000000000379,epsilon_greedy,,307722,,,,,,,5.42050064964047e-15
2805,2804,,,-19.0,19,True,False,True,False,success,,,0.1588000000000379,epsilon_greedy,,307741,,,,,,,5.375816750816547e-15
2806,2805,,,-18.0,18,True,False,True,False,success,,,0.15850000000003792,epsilon_greedy,,307759,,,,,,,5.1810407815840636e-15
2807,2806,,,-19.0,19,True,False,True,False,success,,,0.15820000000003792,epsilon_greedy,,307778,,,,,,,5.784846286204763e-15
2808,2807,,,-17.0,17,True,False,True,False,success,,,0.15790000000003793,epsilon_greedy,,307795,,,,,,,5.42050064964047e-15
2809,2808,,,-19.0,19,True,False,True,False,success,,,0.15760000000003793,epsilon_greedy,,307814,,,,,,,1.3546906286801699e-11
2810,2809,,,-235.0,37,True,False,True,False,success,,,0.15730000000003794,epsilon_greedy,,307851,,,,,,,5.766558401958448e-14
2811,2810,,,-20.0,20,True,False,True,False,success,,,0.15700000000003794,epsilon_greedy,,307871,,,,,,,1.7314483180541629e-12
2812,2811,,,-23.0,23,True,False,True,False,success,,,0.15670000000003795,epsilon_greedy,,307894,,,,,,,7.955761653331296e-13
2813,2812,,,-128.0,29,True,False,True,False,success,,,0.15640000000003795,epsilon_greedy,,307923,,,,,,,2.6356694604601216e-13
2814,2813,,,-19.0,19,True,False,True,False,success,,,0.15610000000003796,epsilon_greedy,,307942,,,,,,,5.784846286204763e-15
2815,2814,,,-27.0,27,True,False,True,False,success,,,0.15580000000003796,epsilon_greedy,,307969,,,,,,,2.1844378158183037e-11
2816,2815,,,-239.0,41,True,False,True,False,success,,,0.15550000000003797,epsilon_greedy,,308010,,,,,,,8.213067624370335e-11
2817,2816,,,-20.0,20,True,False,True,False,success,,,0.15520000000003797,epsilon_greedy,,308030,,,,,,,1.1857181902996672e-14
2818,2817,,,-20.0,20,True,False,True,False,success,,,0.15490000000003798,epsilon_greedy,,308050,,,,,,,5.88418203051333e-15
2819,2818,,,-19.0,19,True,False,True,False,success,,,0.15460000000003798,epsilon_greedy,,308069,,,,,,,2.0163555036171938e-11
2820,2819,,,-130.0,31,True,False,True,False,success,,,0.154300000000038,epsilon_greedy,,308100,,,,,,,2.230688751993629e-13
2821,2820,,,-27.0,27,True,False,True,False,success,,,0.154000000000038,epsilon_greedy,,308127,,,,,,,1.1120847164957792e-08
2822,2821,,,-23.0,23,True,False,True,False,success,,,0.153700000000038,epsilon_greedy,,308150,,,,,,,6.555142901917228e-15
2823,2822,,,-118.0,19,True,False,True,False,success,,,0.153400000000038,epsilon_greedy,,308169,,,,,,,8.589620243152527e-15
2824,2823,,,-27.0,27,True,False,True,False,success,,,0.153100000000038,epsilon_greedy,,308196,,,,,,,2.9283489213740824e-12
2825,2824,,,-232.0,34,True,False,True,False,success,,,0.15280000000003802,epsilon_greedy,,308230,,,,,,,1.4047586623345363e-14
2826,2825,,,-136.0,37,True,False,True,False,success,,,0.15250000000003802,epsilon_greedy,,308267,,,,,,,4.585935835281534e-11
2827,2826,,,-17.0,17,True,False,True,False,success,,,0.15220000000003803,epsilon_greedy,,308284,,,,,,,5.42050064964047e-15
2828,2827,,,-17.0,17,True,False,True,False,success,,,0.15190000000003803,epsilon_greedy,,308301,,,,,,,5.42050064964047e-15
2829,2828,,,-25.0,25,True,False,True,False,success,,,0.15160000000003804,epsilon_greedy,,308326,,,,,,,2.287259916577966e-08
2830,2829,,,-236.0,38,True,False,True,False,success,,,0.15130000000003804,epsilon_greedy,,308364,,,,,,,7.924757341576675e-11
2831,2830,,,-117.0,18,True,False,True,False,success,,,0.15100000000003805,epsilon_greedy,,308382,,,,,,,8.277329439149778e-15
2832,2831,,,-20.0,20,True,False,True,False,success,,,0.15070000000003805,epsilon_greedy,,308402,,,,,,,2.589739533931379e-12
2833,2832,,,-18.0,18,True,False,True,False,success,,,0.15040000000003806,epsilon_greedy,,308420,,,,,,,5.612794180049403e-15
2834,2833,,,-237.0,39,True,False,True,False,success,,,0.15010000000003806,epsilon_greedy,,308459,,,,,,,5.926422315856901e-11
2835,2834,,,-123.0,24,True,False,True,False,success,,,0.14980000000003807,epsilon_greedy,,308483,,,,,,,1.437064356402118e-11
2836,2835,,,-238.0,40,True,False,True,False,success,,,0.14950000000003807,epsilon_greedy,,308523,,,,,,,2.7469265750923454e-11
2837,2836,,,-22.0,22,True,False,True,False,success,,,0.14920000000003808,epsilon_greedy,,308545,,,,,,,1.4106342356838427e-11
2838,2837,,,-129.0,30,True,False,True,False,success,,,0.14890000000003809,epsilon_greedy,,308575,,,,,,,7.109202115884727e-13
2839,2838,,,-125.0,26,True,False,True,False,success,,,0.1486000000000381,epsilon_greedy,,308601,,,,,,,8.044846839976135e-15
2840,2839,,,-19.0,19,True,False,True,False,success,,,0.1483000000000381,epsilon_greedy,,308620,,,,,,,5.691353820973171e-15
2841,2840,,,-120.0,21,True,False,True,False,success,,,0.1480000000000381,epsilon_greedy,,308641,,,,,,,7.909017356377306e-15
2842,2841,,,-19.0,19,True,False,True,False,success,,,0.1477000000000381,epsilon_greedy,,308660,,,,,,,2.4532773473514395e-12
2843,2842,,,-128.0,29,True,False,True,False,success,,,0.1474000000000381,epsilon_greedy,,308689,,,,,,,9.31999574068145e-09
2844,2843,,,-355.0,58,True,False,True,False,success,,,0.14710000000003812,epsilon_greedy,,308747,,,,,,,4.0750877768010894e-11
2845,2844,,,-17.0,17,True,False,True,False,success,,,0.14680000000003812,epsilon_greedy,,308764,,,,,,,5.42050064964047e-15
2846,2845,,,-22.0,22,True,False,True,False,success,,,0.14650000000003813,epsilon_greedy,,308786,,,,,,,1.3159645090803968e-11
2847,2846,,,-249.0,51,True,False,True,False,success,,,0.14620000000003813,epsilon_greedy,,308837,,,,,,,1.219052745459432e-11
2848,2847,,,-17.0,17,True,False,True,False,success,,,0.14590000000003814,epsilon_greedy,,308854,,,,,,,5.42050064964047e-15
2849,2848,,,-19.0,19,True,False,True,False,success,,,0.14560000000003814,epsilon_greedy,,308873,,,,,,,5.5978613557415785e-15
2850,2849,,,-122.0,23,True,False,True,False,success,,,0.14530000000003815,epsilon_greedy,,308896,,,,,,,8.177033929195719e-15
2851,2850,,,-125.0,26,True,False,True,False,success,,,0.14500000000003815,epsilon_greedy,,308922,,,,,,,8.463315518488693e-15
2852,2851,,,-19.0,19,True,False,True,False,success,,,0.14470000000003816,epsilon_greedy,,308941,,,,,,,1.467679778879995e-12
2853,2852,,,-17.0,17,True,False,True,False,success,,,0.14440000000003816,epsilon_greedy,,308958,,,,,,,5.42050064964047e-15
2854,2853,,,-17.0,17,True,False,True,False,success,,,0.14410000000003817,epsilon_greedy,,308975,,,,,,,5.42050064964047e-15
2855,2854,,,-17.0,17,True,False,True,False,success,,,0.14380000000003818,epsilon_greedy,,308992,,,,,,,5.42050064964047e-15
2856,2855,,,-126.0,27,True,False,True,False,success,,,0.14350000000003818,epsilon_greedy,,309019,,,,,,,2.1882907009074659e-13
2857,2856,,,-17.0,17,True,False,True,False,success,,,0.14320000000003819,epsilon_greedy,,309036,,,,,,,5.42050064964047e-15
2858,2857,,,-554.0,59,True,False,True,False,success,,,0.1429000000000382,epsilon_greedy,,309095,,,,,,,4.596000792750825e-11
2859,2858,,,-21.0,21,True,False,True,False,success,,,0.1426000000000382,epsilon_greedy,,309116,,,,,,,2.9548744403687775e-12
2860,2859,,,-127.0,28,True,False,True,False,success,,,0.1423000000000382,epsilon_greedy,,309144,,,,,,,1.1855595870104351e-14
2861,2860,,,-232.0,34,True,False,True,False,success,,,0.1420000000000382,epsilon_greedy,,309178,,,,,,,6.059549594121282e-11
2862,2861,,,-23.0,23,True,False,True,False,success,,,0.1417000000000382,epsilon_greedy,,309201,,,,,,,2.946808980405659e-11
2863,2862,,,-17.0,17,True,False,True,False,success,,,0.14140000000003822,epsilon_greedy,,309218,,,,,,,5.42050064964047e-15
2864,2863,,,-21.0,21,True,False,True,False,success,,,0.14110000000003822,epsilon_greedy,,309239,,,,,,,2.6596185571341786e-12
2865,2864,,,-125.0,26,True,False,True,False,success,,,0.14080000000003823,epsilon_greedy,,309265,,,,,,,1.0746847856069053e-11
2866,2865,,,-21.0,21,True,False,True,False,success,,,0.14050000000003823,epsilon_greedy,,309286,,,,,,,2.0738014480262533e-12
2867,2866,,,-25.0,25,True,False,True,False,success,,,0.14020000000003824,epsilon_greedy,,309311,,,,,,,1.3734497983364236e-11
2868,2867,,,-138.0,39,True,False,True,False,success,,,0.13990000000003824,epsilon_greedy,,309350,,,,,,,1.3259296720409434e-08
2869,2868,,,-21.0,21,True,False,True,False,success,,,0.13960000000003825,epsilon_greedy,,309371,,,,,,,1.5342224845058117e-14
2870,2869,,,-232.0,34,True,False,True,False,success,,,0.13930000000003825,epsilon_greedy,,309405,,,,,,,1.6032926620322113e-14
2871,2870,,,-437.0,41,True,False,True,False,success,,,0.13900000000003826,epsilon_greedy,,309446,,,,,,,1.1909172834881557e-14
2872,2871,,,-17.0,17,True,False,True,False,success,,,0.13870000000003826,epsilon_greedy,,309463,,,,,,,5.42050064964047e-15
2873,2872,,,-139.0,40,True,False,True,False,success,,,0.13840000000003827,epsilon_greedy,,309503,,,,,,,3.3199337723388565e-11
2874,2873,,,-17.0,17,True,False,True,False,success,,,0.13810000000003828,epsilon_greedy,,309520,,,,,,,5.42050064964047e-15
2875,2874,,,-17.0,17,True,False,True,False,success,,,0.13780000000003828,epsilon_greedy,,309537,,,,,,,5.42050064964047e-15
2876,2875,,,-19.0,19,True,False,True,False,success,,,0.13750000000003829,epsilon_greedy,,309556,,,,,,,5.593537329224617e-13
2877,2876,,,-21.0,21,True,False,True,False,success,,,0.1372000000000383,epsilon_greedy,,309577,,,,,,,1.0140036958243096e-14
2878,2877,,,-23.0,23,True,False,True,False,success,,,0.1369000000000383,epsilon_greedy,,309600,,,,,,,3.546943415306428e-11
2879,2878,,,-17.0,17,True,False,True,False,success,,,0.1366000000000383,epsilon_greedy,,309617,,,,,,,5.42050064964047e-15
2880,2879,,,-19.0,19,True,False,True,False,success,,,0.1363000000000383,epsilon_greedy,,309636,,,,,,,2.793543174561819e-12
2881,2880,,,-17.0,17,True,False,True,False,success,,,0.1360000000000383,epsilon_greedy,,309653,,,,,,,5.42050064964047e-15
2882,2881,,,-17.0,17,True,False,True,False,success,,,0.13570000000003832,epsilon_greedy,,309670,,,,,,,5.42050064964047e-15
2883,2882,,,-21.0,21,True,False,True,False,success,,,0.13540000000003832,epsilon_greedy,,309691,,,,,,,1.1971619462953987e-11
2884,2883,,,-25.0,25,True,False,True,False,success,,,0.13510000000003833,epsilon_greedy,,309716,,,,,,,9.667789235834335e-11
2885,2884,,,-17.0,17,True,False,True,False,success,,,0.13480000000003833,epsilon_greedy,,309733,,,,,,,5.42050064964047e-15
2886,2885,,,-23.0,23,True,False,True,False,success,,,0.13450000000003834,epsilon_greedy,,309756,,,,,,,2.4550410014102374e-14
2887,2886,,,-21.0,21,True,False,True,False,success,,,0.13420000000003834,epsilon_greedy,,309777,,,,,,,1.635834325140552e-13
2888,2887,,,-125.0,26,True,False,True,False,success,,,0.13390000000003835,epsilon_greedy,,309803,,,,,,,4.3238916720593596e-14
2889,2888,,,-21.0,21,True,False,True,False,success,,,0.13360000000003835,epsilon_greedy,,309824,,,,,,,6.153712460234471e-12
2890,2889,,,-21.0,21,True,False,True,False,success,,,0.13330000000003836,epsilon_greedy,,309845,,,,,,,8.439418476227513e-12
2891,2890,,,-23.0,23,True,False,True,False,success,,,0.13300000000003837,epsilon_greedy,,309868,,,,,,,1.8449010435292818e-14
2892,2891,,,-231.0,33,True,False,True,False,success,,,0.13270000000003837,epsilon_greedy,,309901,,,,,,,1.3906041301635069e-11
2893,2892,,,-224.0,26,True,False,True,False,success,,,0.13240000000003838,epsilon_greedy,,309927,,,,,,,1.0581279442388992e-14
2894,2893,,,-28.0,28,True,False,True,False,success,,,0.13210000000003838,epsilon_greedy,,309955,,,,,,,2.3693745378393164e-13
2895,2894,,,-127.0,28,True,False,True,False,success,,,0.1318000000000384,epsilon_greedy,,309983,,,,,,,1.9653326585203754e-13
2896,2895,,,-19.0,19,True,False,True,False,success,,,0.1315000000000384,epsilon_greedy,,310002,,,,,,,5.784846286204763e-15
2897,2896,,,-135.0,36,True,False,True,False,success,,,0.1312000000000384,epsilon_greedy,,310038,,,,,,,5.607613139267818e-13
2898,2897,,,-124.0,25,True,False,True,False,success,,,0.1309000000000384,epsilon_greedy,,310063,,,,,,,8.23341395062016e-15
2899,2898,,,-21.0,21,True,False,True,False,success,,,0.1306000000000384,epsilon_greedy,,310084,,,,,,,3.151542519016662e-12
2900,2899,,,-124.0,25,True,False,True,False,success,,,0.1303000000000384,epsilon_greedy,,310109,,,,,,,3.381295243798377e-14
2901,2900,,,-126.0,27,True,False,True,False,success,,,0.13000000000003842,epsilon_greedy,,310136,,,,,,,1.7771381074546163e-12
2902,2901,,,-228.0,30,True,False,True,False,success,,,0.12970000000003842,epsilon_greedy,,310166,,,,,,,9.821773024517218e-15
2903,2902,,,-229.0,31,True,False,True,False,success,,,0.12940000000003843,epsilon_greedy,,310197,,,,,,,1.002065813839093e-14
2904,2903,,,-19.0,19,True,False,True,False,success,,,0.12910000000003843,epsilon_greedy,,310216,,,,,,,5.039127010401276e-13
2905,2904,,,-17.0,17,True,False,True,False,success,,,0.12880000000003844,epsilon_greedy,,310233,,,,,,,5.42050064964047e-15
2906,2905,,,-355.0,58,True,False,True,False,success,,,0.12850000000003844,epsilon_greedy,,310291,,,,,,,3.816242724129466e-11
2907,2906,,,-456.0,60,True,False,True,False,success,,,0.12820000000003845,epsilon_greedy,,310351,,,,,,,3.503268416101453e-11
2908,2907,,,-123.0,24,True,False,True,False,success,,,0.12790000000003846,epsilon_greedy,,310375,,,,,,,8.50245799692099e-15
2909,2908,,,-19.0,19,True,False,True,False,success,,,0.12760000000003846,epsilon_greedy,,310394,,,,,,,5.001846889890179e-15
2910,2909,,,-131.0,32,True,False,True,False,success,,,0.12730000000003847,epsilon_greedy,,310426,,,,,,,2.18481552294314e-11
2911,2910,,,-126.0,27,True,False,True,False,success,,,0.12700000000003847,epsilon_greedy,,310453,,,,,,,1.0586190360531536e-11
2912,2911,,,-537.0,42,True,False,True,False,success,,,0.12670000000003848,epsilon_greedy,,310495,,,,,,,1.27675647831893e-14
2913,2912,,,-19.0,19,True,False,True,False,success,,,0.12640000000003848,epsilon_greedy,,310514,,,,,,,6.065323681899539e-15
2914,2913,,,-17.0,17,True,False,True,False,success,,,0.1261000000000385,epsilon_greedy,,310531,,,,,,,5.42050064964047e-15
2915,2914,,,-19.0,19,True,False,True,False,success,,,0.1258000000000385,epsilon_greedy,,310550,,,,,,,5.691353820973171e-15
2916,2915,,,-19.0,19,True,False,True,False,success,,,0.1255000000000385,epsilon_greedy,,310569,,,,,,,5.691353820973171e-15
2917,2916,,,-17.0,17,True,False,True,False,success,,,0.1252000000000385,epsilon_greedy,,310586,,,,,,,5.42050064964047e-15
2918,2917,,,-19.0,19,True,False,True,False,success,,,0.12490000000003851,epsilon_greedy,,310605,,,,,,,5.691353820973171e-15
2919,2918,,,-124.0,25,True,False,True,False,success,,,0.12460000000003851,epsilon_greedy,,310630,,,,,,,8.517631044924201e-15
2920,2919,,,-256.0,58,True,False,True,False,success,,,0.12430000000003852,epsilon_greedy,,310688,,,,,,,2.865883775504291e-11
2921,2920,,,-19.0,19,True,False,True,False,success,,,0.12400000000003852,epsilon_greedy,,310707,,,,,,,5.001846889890179e-15
2922,2921,,,-247.0,49,True,False,True,False,success,,,0.12370000000003853,epsilon_greedy,,310756,,,,,,,4.113064990637055e-11
2923,2922,,,-119.0,20,True,False,True,False,success,,,0.12340000000003853,epsilon_greedy,,310776,,,,,,,8.248957072964913e-15
2924,2923,,,-125.0,26,True,False,True,False,success,,,0.12310000000003854,epsilon_greedy,,310802,,,,,,,8.463315518488693e-15
2925,2924,,,-21.0,21,True,False,True,False,success,,,0.12280000000003854,epsilon_greedy,,310823,,,,,,,1.0765991273079375e-12
2926,2925,,,-21.0,21,True,False,True,False,success,,,0.12250000000003855,epsilon_greedy,,310844,,,,,,,6.1643811748234884e-15
2927,2926,,,-17.0,17,True,False,True,False,success,,,0.12220000000003856,epsilon_greedy,,310861,,,,,,,5.42050064964047e-15
2928,2927,,,-125.0,26,True,False,True,False,success,,,0.12190000000003856,epsilon_greedy,,310887,,,,,,,3.941291737419306e-14
2929,2928,,,-117.0,18,True,False,True,False,success,,,0.12160000000003857,epsilon_greedy,,310905,,,,,,,8.277329439149778e-15
2930,2929,,,-23.0,23,True,False,True,False,success,,,0.12130000000003857,epsilon_greedy,,310928,,,,,,,2.5638911283897907e-12
2931,2930,,,-28.0,28,True,False,True,False,success,,,0.12100000000003858,epsilon_greedy,,310956,,,,,,,7.727153044407536e-11
2932,2931,,,-25.0,25,True,False,True,False,success,,,0.12070000000003858,epsilon_greedy,,310981,,,,,,,2.2918804631899546e-11
2933,2932,,,-23.0,23,True,False,True,False,success,,,0.12040000000003859,epsilon_greedy,,311004,,,,,,,2.316359664464669e-12
2934,2933,,,-235.0,37,True,False,True,False,success,,,0.12010000000003859,epsilon_greedy,,311041,,,,,,,1.9616140543741887e-13
2935,2934,,,-17.0,17,True,False,True,False,success,,,0.1198000000000386,epsilon_greedy,,311058,,,,,,,5.42050064964047e-15
2936,2935,,,-21.0,21,True,False,True,False,success,,,0.1195000000000386,epsilon_greedy,,311079,,,,,,,9.95697704181133e-12
2937,2936,,,-23.0,23,True,False,True,False,success,,,0.11920000000003861,epsilon_greedy,,311102,,,,,,,3.5726590767907234e-12
2938,2937,,,-129.0,30,True,False,True,False,success,,,0.11890000000003861,epsilon_greedy,,311132,,,,,,,5.5625600422123016e-11
2939,2938,,,-119.0,20,True,False,True,False,success,,,0.11860000000003862,epsilon_greedy,,311152,,,,,,,8.604228440844963e-15
2940,2939,,,-130.0,31,True,False,True,False,success,,,0.11830000000003862,epsilon_greedy,,311183,,,,,,,2.2008309153604034e-11
2941,2940,,,-229.0,31,True,False,True,False,success,,,0.11800000000003863,epsilon_greedy,,311214,,,,,,,1.5633587614436165e-12
2942,2941,,,-21.0,21,True,False,True,False,success,,,0.11770000000003863,epsilon_greedy,,311235,,,,,,,6.8615483665250094e-12
2943,2942,,,-19.0,19,True,False,True,False,success,,,0.11740000000003864,epsilon_greedy,,311254,,,,,,,9.992007221626409e-15
2944,2943,,,-19.0,19,True,False,True,False,success,,,0.11710000000003865,epsilon_greedy,,311273,,,,,,,5.784846286204763e-15
2945,2944,,,-23.0,23,True,False,True,False,success,,,0.11680000000003865,epsilon_greedy,,311296,,,,,,,5.855526980200078e-08
2946,2945,,,-21.0,21,True,False,True,False,success,,,0.11650000000003866,epsilon_greedy,,311317,,,,,,,3.496089132478833e-11
2947,2946,,,-21.0,21,True,False,True,False,success,,,0.11620000000003866,epsilon_greedy,,311338,,,,,,,3.5252541626581055e-12
2948,2947,,,-19.0,19,True,False,True,False,success,,,0.11590000000003867,epsilon_greedy,,311357,,,,,,,5.691353820973171e-15
2949,2948,,,-21.0,21,True,False,True,False,success,,,0.11560000000003867,epsilon_greedy,,311378,,,,,,,1.664097431281724e-12
2950,2949,,,-19.0,19,True,False,True,False,success,,,0.11530000000003868,epsilon_greedy,,311397,,,,,,,3.323540273401561e-13
2951,2950,,,-117.0,18,True,False,True,False,success,,,0.11500000000003868,epsilon_greedy,,311415,,,,,,,8.277329439149778e-15
2952,2951,,,-238.0,40,True,False,True,False,success,,,0.11470000000003869,epsilon_greedy,,311455,,,,,,,3.75506237215717e-11
2953,2952,,,-129.0,30,True,False,True,False,success,,,0.11440000000003869,epsilon_greedy,,311485,,,,,,,4.357921431126973e-13
2954,2953,,,-241.0,43,True,False,True,False,success,,,0.1141000000000387,epsilon_greedy,,311528,,,,,,,2.6530379960104786e-11
2955,2954,,,-17.0,17,True,False,True,False,success,,,0.1138000000000387,epsilon_greedy,,311545,,,,,,,5.42050064964047e-15
2956,2955,,,-19.0,19,True,False,True,False,success,,,0.11350000000003871,epsilon_greedy,,311564,,,,,,,5.691353820973171e-15
2957,2956,,,-128.0,29,True,False,True,False,success,,,0.11320000000003871,epsilon_greedy,,311593,,,,,,,1.718701809224889e-13
2958,2957,,,-25.0,25,True,False,True,False,success,,,0.11290000000003872,epsilon_greedy,,311618,,,,,,,2.1465051958102777e-12
2959,2958,,,-123.0,24,True,False,True,False,success,,,0.11260000000003872,epsilon_greedy,,311642,,,,,,,8.280413391995959e-15
2960,2959,,,-19.0,19,True,False,True,False,success,,,0.11230000000003873,epsilon_greedy,,311661,,,,,,,5.784846286204763e-15
2961,2960,,,-19.0,19,True,False,True,False,success,,,0.11200000000003874,epsilon_greedy,,311680,,,,,,,5.784846286204763e-15
2962,2961,,,-125.0,26,True,False,True,False,success,,,0.11170000000003874,epsilon_greedy,,311706,,,,,,,6.988989156639582e-09
2963,2962,,,-21.0,21,True,False,True,False,success,,,0.11140000000003875,epsilon_greedy,,311727,,,,,,,6.3335580166711315e-15
2964,2963,,,-21.0,21,True,False,True,False,success,,,0.11110000000003875,epsilon_greedy,,311748,,,,,,,8.909434037090726e-12
2965,2964,,,-21.0,21,True,False,True,False,success,,,0.11080000000003876,epsilon_greedy,,311769,,,,,,,1.0940994142418147e-11
2966,2965,,,-17.0,17,True,False,True,False,success,,,0.11050000000003876,epsilon_greedy,,311786,,,,,,,5.42050064964047e-15
2967,2966,,,-17.0,17,True,False,True,False,success,,,0.11020000000003877,epsilon_greedy,,311803,,,,,,,5.42050064964047e-15
2968,2967,,,-19.0,19,True,False,True,False,success,,,0.10990000000003877,epsilon_greedy,,311822,,,,,,,5.784846286204763e-15
2969,2968,,,-19.0,19,True,False,True,False,success,,,0.10960000000003878,epsilon_greedy,,311841,,,,,,,6.065323681899539e-15
2970,2969,,,-17.0,17,True,False,True,False,success,,,0.10930000000003878,epsilon_greedy,,311858,,,,,,,5.42050064964047e-15
2971,2970,,,-17.0,17,True,False,True,False,success,,,0.10900000000003879,epsilon_greedy,,311875,,,,,,,5.42050064964047e-15
2972,2971,,,-135.0,36,True,False,True,False,success,,,0.1087000000000388,epsilon_greedy,,311911,,,,,,,2.0763104667069024e-07
2973,2972,,,-121.0,22,True,False,True,False,success,,,0.1084000000000388,epsilon_greedy,,311933,,,,,,,8.144999826113648e-15
2974,2973,,,-125.0,26,True,False,True,False,success,,,0.1081000000000388,epsilon_greedy,,311959,,,,,,,8.429154810038688e-15
2975,2974,,,-20.0,20,True,False,True,False,success,,,0.10780000000003881,epsilon_greedy,,311979,,,,,,,6.472600233564662e-15
2976,2975,,,-19.0,19,True,False,True,False,success,,,0.10750000000003881,epsilon_greedy,,311998,,,,,,,9.057082569310488e-15
2977,2976,,,-21.0,21,True,False,True,False,success,,,0.10720000000003882,epsilon_greedy,,312019,,,,,,,3.1473310730099174e-11
2978,2977,,,-128.0,29,True,False,True,False,success,,,0.10690000000003883,epsilon_greedy,,312048,,,,,,,8.039546040389064e-15
2979,2978,,,-17.0,17,True,False,True,False,success,,,0.10660000000003883,epsilon_greedy,,312065,,,,,,,5.42050064964047e-15
2980,2979,,,-334.0,37,True,False,True,False,success,,,0.10630000000003884,epsilon_greedy,,312102,,,,,,,1.2601931510326303e-13
2981,2980,,,-19.0,19,True,False,True,False,success,,,0.10600000000003884,epsilon_greedy,,312121,,,,,,,5.784846286204763e-15
2982,2981,,,-20.0,20,True,False,True,False,success,,,0.10570000000003885,epsilon_greedy,,312141,,,,,,,5.850875339774575e-15
2983,2982,,,-19.0,19,True,False,True,False,success,,,0.10540000000003885,epsilon_greedy,,312160,,,,,,,9.877046549066013e-12
2984,2983,,,-19.0,19,True,False,True,False,success,,,0.10510000000003886,epsilon_greedy,,312179,,,,,,,5.691353820973171e-15
2985,2984,,,-17.0,17,True,False,True,False,success,,,0.10480000000003886,epsilon_greedy,,312196,,,,,,,5.42050064964047e-15
2986,2985,,,-19.0,19,True,False,True,False,success,,,0.10450000000003887,epsilon_greedy,,312215,,,,,,,8.68311270838412e-15
2987,2986,,,-23.0,23,True,False,True,False,success,,,0.10420000000003887,epsilon_greedy,,312238,,,,,,,8.17153108463888e-13
2988,2987,,,-128.0,29,True,False,True,False,success,,,0.10390000000003888,epsilon_greedy,,312267,,,,,,,1.4056954833857413e-13
2989,2988,,,-119.0,20,True,False,True,False,success,,,0.10360000000003888,epsilon_greedy,,312287,,,,,,,8.248957072964913e-15
2990,2989,,,-17.0,17,True,False,True,False,success,,,0.10330000000003889,epsilon_greedy,,312304,,,,,,,5.42050064964047e-15
2991,2990,,,-121.0,22,True,False,True,False,success,,,0.1030000000000389,epsilon_greedy,,312326,,,,,,,8.22574331881366e-15
2992,2991,,,-17.0,17,True,False,True,False,success,,,0.1027000000000389,epsilon_greedy,,312343,,,,,,,5.42050064964047e-15
2993,2992,,,-125.0,26,True,False,True,False,success,,,0.1024000000000389,epsilon_greedy,,312369,,,,,,,8.258351267788665e-15
2994,2993,,,-17.0,17,True,False,True,False,success,,,0.10210000000003891,epsilon_greedy,,312386,,,,,,,5.42050064964047e-15
2995,2994,,,-19.0,19,True,False,True,False,success,,,0.10180000000003891,epsilon_greedy,,312405,,,,,,,9.057082569310488e-15
2996,2995,,,-19.0,19,True,False,True,False,success,,,0.10150000000003892,epsilon_greedy,,312424,,,,,,,9.646821353433217e-12
2997,2996,,,-442.0,46,True,False,True,False,success,,,0.10120000000003893,epsilon_greedy,,312470,,,,,,,3.670334567674593e-12
2998,2997,,,-121.0,22,True,False,True,False,success,,,0.10090000000003893,epsilon_greedy,,312492,,,,,,,8.22574331881366e-15
2999,2998,,,-24.0,24,True,False,True,False,success,,,0.10060000000003894,epsilon_greedy,,312516,,,,,,,4.850490379719001e-12
3000,2999,,,-19.0,19,True,False,True,False,success,,,0.10030000000003894,epsilon_greedy,,312535,,,,,,,3.0092887246418714e-14
3001,3000,,,-119.0,20,True,False,True,False,success,,,0.10000000000003895,epsilon_greedy,,312555,,,,,,,2.9032332093947844e-14
3002,3001,,,-17.0,17,True,False,True,False,success,,,0.1,epsilon_greedy,,312572,,,,,,,5.42050064964047e-15
3003,3002,,,-19.0,19,True,False,True,False,success,,,0.1,epsilon_greedy,,312591,,,,,,,1.3638213365658501e-14
3004,3003,,,-17.0,17,True,False,True,False,success,,,0.1,epsilon_greedy,,312608,,,,,,,5.42050064964047e-15
3005,3004,,,-18.0,18,True,False,True,False,success,,,0.1,epsilon_greedy,,312626,,,,,,,5.612794180049403e-15
3006,3005,,,-21.0,21,True,False,True,False,success,,,0.1,epsilon_greedy,,312647,,,,,,,5.267215235400207e-13
3007,3006,,,-17.0,17,True,False,True,False,success,,,0.1,epsilon_greedy,,312664,,,,,,,5.42050064964047e-15
3008,3007,,,-122.0,23,True,False,True,False,success,,,0.1,epsilon_greedy,,312687,,,,,,,7.347272548817392e-12
3009,3008,,,-21.0,21,True,False,True,False,success,,,0.1,epsilon_greedy,,312708,,,,,,,5.995204332975845e-15
3010,3009,,,-17.0,17,True,False,True,False,success,,,0.1,epsilon_greedy,,312725,,,,,,,5.42050064964047e-15
3011,3010,,,-19.0,19,True,False,True,False,success,,,0.1,epsilon_greedy,,312744,,,,,,,5.235578052969159e-15
3012,3011,,,-18.0,18,True,False,True,False,success,,,0.1,epsilon_greedy,,312762,,,,,,,5.612794180049403e-15
3013,3012,,,-21.0,21,True,False,True,False,success,,,0.1,epsilon_greedy,,312783,,,,,,,2.3941800922752267e-12
3014,3013,,,-130.0,31,True,False,True,False,success,,,0.1,epsilon_greedy,,312814,,,,,,,1.0823600080716606e-13
3015,3014,,,-119.0,20,True,False,True,False,success,,,0.1,epsilon_greedy,,312834,,,,,,,8.248957072964913e-15
3016,3015,,,-19.0,19,True,False,True,False,success,,,0.1,epsilon_greedy,,312853,,,,,,,5.691353820973171e-15
3017,3016,,,-17.0,17,True,False,True,False,success,,,0.1,epsilon_greedy,,312870,,,,,,,5.42050064964047e-15
3018,3017,,,-19.0,19,True,False,True,False,success,,,0.1,epsilon_greedy,,312889,,,,,,,1.6113309517083365e-12
3019,3018,,,-19.0,19,True,False,True,False,success,,,0.1,epsilon_greedy,,312908,,,,,,,7.814883243452784e-12
3020,3019,,,-128.0,29,True,False,True,False,success,,,0.1,epsilon_greedy,,312937,,,,,,,3.659831058900542e-13
3021,3020,,,-21.0,21,True,False,True,False,success,,,0.1,epsilon_greedy,,312958,,,,,,,6.1643811748234884e-15
3022,3021,,,-19.0,19,True,False,True,False,success,,,0.1,epsilon_greedy,,312977,,,,,,,7.03389393514068e-12
3023,3022,,,-452.0,56,True,False,True,False,success,,,0.1,epsilon_greedy,,313033,,,,,,,5.007612975076776e-11
3024,3023,,,-128.0,29,True,False,True,False,success,,,0.1,epsilon_greedy,,313062,,,,,,,7.325557784897369e-13
3025,3024,,,-17.0,17,True,False,True,False,success,,,0.1,epsilon_greedy,,313079,,,,,,,5.42050064964047e-15
3026,3025,,,-19.0,19,True,False,True,False,success,,,0.1,epsilon_greedy,,313098,,,,,,,1.6516262042231526e-12
3027,3026,,,-129.0,30,True,False,True,False,success,,,0.1,epsilon_greedy,,313128,,,,,,,1.7485057846045037e-11
3028,3027,,,-19.0,19,True,False,True,False,success,,,0.1,epsilon_greedy,,313147,,,,,,,5.691353820973171e-15
3029,3028,,,-19.0,19,True,False,True,False,success,,,0.1,epsilon_greedy,,313166,,,,,,,6.121126997084646e-12
3030,3029,,,-19.0,19,True,False,True,False,success,,,0.1,epsilon_greedy,,313185,,,,,,,5.691353820973171e-15
3031,3030,,,-126.0,27,True,False,True,False,success,,,0.1,epsilon_greedy,,313212,,,,,,,8.28144137627802e-15
3032,3031,,,-132.0,33,True,False,True,False,success,,,0.1,epsilon_greedy,,313245,,,,,,,2.5164382362397714e-13
3033,3032,,,-21.0,21,True,False,True,False,success,,,0.1,epsilon_greedy,,313266,,,,,,,7.244353265415763e-12
3034,3033,,,-17.0,17,True,False,True,False,success,,,0.1,epsilon_greedy,,313283,,,,,,,5.42050064964047e-15
3035,3034,,,-17.0,17,True,False,True,False,success,,,0.1,epsilon_greedy,,313300,,,,,,,5.42050064964047e-15
3036,3035,,,-123.0,24,True,False,True,False,success,,,0.1,epsilon_greedy,,313324,,,,,,,7.860591807092495e-12
3037,3036,,,-19.0,19,True,False,True,False,success,,,0.1,epsilon_greedy,,313343,,,,,,,8.68311270838412e-15
3038,3037,,,-130.0,31,True,False,True,False,success,,,0.1,epsilon_greedy,,313374,,,,,,,6.124921358627211e-13
3039,3038,,,-19.0,19,True,False,True,False,success,,,0.1,epsilon_greedy,,313393,,,,,,,5.5978613557415785e-15
3040,3039,,,-17.0,17,True,False,True,False,success,,,0.1,epsilon_greedy,,313410,,,,,,,5.42050064964047e-15
3041,3040,,,-17.0,17,True,False,True,False,success,,,0.1,epsilon_greedy,,313427,,,,,,,5.42050064964047e-15
3042,3041,,,-128.0,29,True,False,True,False,success,,,0.1,epsilon_greedy,,313456,,,,,,,7.949962527367587e-14
3043,3042,,,-122.0,23,True,False,True,False,success,,,0.1,epsilon_greedy,,313479,,,,,,,8.48596555343924e-15
3044,3043,,,-19.0,19,True,False,True,False,success,,,0.1,epsilon_greedy,,313498,,,,,,,8.30914284745775e-15
3045,3044,,,-17.0,17,True,False,True,False,success,,,0.1,epsilon_greedy,,313515,,,,,,,5.42050064964047e-15
3046,3045,,,-19.0,19,True,False,True,False,success,,,0.1,epsilon_greedy,,313534,,,,,,,2.7018153796114733e-13
3047,3046,,,-17.0,17,True,False,True,False,success,,,0.1,epsilon_greedy,,313551,,,,,,,5.42050064964047e-15
3048,3047,,,-21.0,21,True,False,True,False,success,,,0.1,epsilon_greedy,,313572,,,,,,,7.501195431998332e-13
3049,3048,,,-17.0,17,True,False,True,False,success,,,0.1,epsilon_greedy,,313589,,,,,,,5.42050064964047e-15
3050,3049,,,-17.0,17,True,False,True,False,success,,,0.1,epsilon_greedy,,313606,,,,,,,5.42050064964047e-15
3051,3050,,,-23.0,23,True,False,True,False,success,,,0.1,epsilon_greedy,,313629,,,,,,,9.470685105715465e-15
3052,3051,,,-17.0,17,True,False,True,False,success,,,0.1,epsilon_greedy,,313646,,,,,,,5.42050064964047e-15
3053,3052,,,-126.0,27,True,False,True,False,success,,,0.1,epsilon_greedy,,313673,,,,,,,2.2029908761409287e-11
3054,3053,,,-19.0,19,True,False,True,False,success,,,0.1,epsilon_greedy,,313692,,,,,,,6.247984585845763e-13
3055,3054,,,-21.0,21,True,False,True,False,success,,,0.1,epsilon_greedy,,313713,,,,,,,6.516596785997666e-12
3056,3055,,,-17.0,17,True,False,True,False,success,,,0.1,epsilon_greedy,,313730,,,,,,,5.42050064964047e-15
3057,3056,,,-21.0,21,True,False,True,False,success,,,0.1,epsilon_greedy,,313751,,,,,,,5.826027491128202e-15
3058,3057,,,-19.0,19,True,False,True,False,success,,,0.1,epsilon_greedy,,313770,,,,,,,5.691353820973171e-15
3059,3058,,,-18.0,18,True,False,True,False,success,,,0.1,epsilon_greedy,,313788,,,,,,,5.9088536532827775e-15
3060,3059,,,-549.0,54,True,False,True,False,success,,,0.1,epsilon_greedy,,313842,,,,,,,1.710197004587986e-11
3061,3060,,,-133.0,34,True,False,True,False,success,,,0.1,epsilon_greedy,,313876,,,,,,,2.3732062067150603e-12
3062,3061,,,-17.0,17,True,False,True,False,success,,,0.1,epsilon_greedy,,313893,,,,,,,5.42050064964047e-15
3063,3062,,,-17.0,17,True,False,True,False,success,,,0.1,epsilon_greedy,,313910,,,,,,,5.42050064964047e-15
3064,3063,,,-21.0,21,True,False,True,False,success,,,0.1,epsilon_greedy,,313931,,,,,,,1.4454046425357992e-14
3065,3064,,,-17.0,17,True,False,True,False,success,,,0.1,epsilon_greedy,,313948,,,,,,,5.42050064964047e-15
3066,3065,,,-119.0,20,True,False,True,False,success,,,0.1,epsilon_greedy,,313968,,,,,,,8.248957072964913e-15
3067,3066,,,-127.0,28,True,False,True,False,success,,,0.1,epsilon_greedy,,313996,,,,,,,8.429764822689582e-15
3068,3067,,,-21.0,21,True,False,True,False,success,,,0.1,epsilon_greedy,,314017,,,,,,,1.1662628534871883e-14
3069,3068,,,-17.0,17,True,False,True,False,success,,,0.1,epsilon_greedy,,314034,,,,,,,5.42050064964047e-15
3070,3069,,,-17.0,17,True,False,True,False,success,,,0.1,epsilon_greedy,,314051,,,,,,,5.42050064964047e-15
3071,3070,,,-17.0,17,True,False,True,False,success,,,0.1,epsilon_greedy,,314068,,,,,,,5.42050064964047e-15
3072,3071,,,-124.0,25,True,False,True,False,success,,,0.1,epsilon_greedy,,314093,,,,,,,8.37552249777218e-15
3073,3072,,,-19.0,19,True,False,True,False,success,,,0.1,epsilon_greedy,,314112,,,,,,,5.50949928953957e-12
3074,3073,,,-17.0,17,True,False,True,False,success,,,0.1,epsilon_greedy,,314129,,,,,,,5.42050064964047e-15
3075,3074,,,-17.0,17,True,False,True,False,success,,,0.1,epsilon_greedy,,314146,,,,,,,5.42050064964047e-15
3076,3075,,,-19.0,19,True,False,True,False,success,,,0.1,epsilon_greedy,,314165,,,,,,,5.784846286204763e-15
3077,3076,,,-17.0,17,True,False,True,False,success,,,0.1,epsilon_greedy,,314182,,,,,,,5.42050064964047e-15
3078,3077,,,-125.0,26,True,False,True,False,success,,,0.1,epsilon_greedy,,314208,,,,,,,3.0667776010991824e-14
3079,3078,,,-251.0,53,True,False,True,False,success,,,0.1,epsilon_greedy,,314261,,,,,,,3.7753192605670317e-11
3080,3079,,,-119.0,20,True,False,True,False,success,,,0.1,epsilon_greedy,,314281,,,,,,,8.248957072964913e-15
3081,3080,,,-17.0,17,True,False,True,False,success,,,0.1,epsilon_greedy,,314298,,,,,,,5.42050064964047e-15
3082,3081,,,-18.0,18,True,False,True,False,success,,,0.1,epsilon_greedy,,314316,,,,,,,5.1810407815840636e-15
3083,3082,,,-19.0,19,True,False,True,False,success,,,0.1,epsilon_greedy,,314335,,,,,,,1.4507108964404612e-12
3084,3083,,,-17.0,17,True,False,True,False,success,,,0.1,epsilon_greedy,,314352,,,,,,,5.42050064964047e-15
3085,3084,,,-20.0,20,True,False,True,False,success,,,0.1,epsilon_greedy,,314372,,,,,,,5.850875339774575e-15
3086,3085,,,-17.0,17,True,False,True,False,success,,,0.1,epsilon_greedy,,314389,,,,,,,5.42050064964047e-15
3087,3086,,,-124.0,25,True,False,True,False,success,,,0.1,epsilon_greedy,,314414,,,,,,,1.4809042880870037e-12
3088,3087,,,-17.0,17,True,False,True,False,success,,,0.1,epsilon_greedy,,314431,,,,,,,5.42050064964047e-15
3089,3088,,,-243.0,45,True,False,True,False,success,,,0.1,epsilon_greedy,,314476,,,,,,,4.745969049856234e-11
3090,3089,,,-17.0,17,True,False,True,False,success,,,0.1,epsilon_greedy,,314493,,,,,,,5.42050064964047e-15
3091,3090,,,-19.0,19,True,False,True,False,success,,,0.1,epsilon_greedy,,314512,,,,,,,1.486985972950319e-12
3092,3091,,,-17.0,17,True,False,True,False,success,,,0.1,epsilon_greedy,,314529,,,,,,,5.42050064964047e-15
3093,3092,,,-124.0,25,True,False,True,False,success,,,0.1,epsilon_greedy,,314554,,,,,,,1.021396300870947e-12
3094,3093,,,-224.0,26,True,False,True,False,success,,,0.1,epsilon_greedy,,314580,,,,,,,1.0376315191688964e-14
3095,3094,,,-17.0,17,True,False,True,False,success,,,0.1,epsilon_greedy,,314597,,,,,,,5.42050064964047e-15
3096,3095,,,-21.0,21,True,False,True,False,success,,,0.1,epsilon_greedy,,314618,,,,,,,8.863164170845396e-12
3097,3096,,,-17.0,17,True,False,True,False,success,,,0.1,epsilon_greedy,,314635,,,,,,,5.42050064964047e-15
3098,3097,,,-23.0,23,True,False,True,False,success,,,0.1,epsilon_greedy,,314658,,,,,,,2.2133985465722578e-13
3099,3098,,,-17.0,17,True,False,True,False,success,,,0.1,epsilon_greedy,,314675,,,,,,,5.42050064964047e-15
3100,3099,,,-22.0,22,True,False,True,False,success,,,0.1,epsilon_greedy,,314697,,,,,,,8.881784197001252e-15
3101,3100,,,-121.0,22,True,False,True,False,success,,,0.1,epsilon_greedy,,314719,,,,,,,8.22574331881366e-15
3102,3101,,,-23.0,23,True,False,True,False,success,,,0.1,epsilon_greedy,,314742,,,,,,,7.404704868586914e-15
3103,3102,,,-131.0,32,True,False,True,False,success,,,0.1,epsilon_greedy,,314774,,,,,,,1.3704752610532722e-11
3104,3103,,,-19.0,19,True,False,True,False,success,,,0.1,epsilon_greedy,,314793,,,,,,,5.784846286204763e-15
3105,3104,,,-19.0,19,True,False,True,False,success,,,0.1,epsilon_greedy,,314812,,,,,,,5.691353820973171e-15
3106,3105,,,-356.0,59,True,False,True,False,success,,,0.1,epsilon_greedy,,314871,,,,,,,2.707930678185275e-11
3107,3106,,,-22.0,22,True,False,True,False,success,,,0.1,epsilon_greedy,,314893,,,,,,,2.0494727127516978e-11
3108,3107,,,-423.0,27,True,False,True,False,success,,,0.1,epsilon_greedy,,314920,,,,,,,1.3610511894478771e-14
3109,3108,,,-19.0,19,True,False,True,False,success,,,0.1,epsilon_greedy,,314939,,,,,,,5.691353820973171e-15
3110,3109,,,-17.0,17,True,False,True,False,success,,,0.1,epsilon_greedy,,314956,,,,,,,5.42050064964047e-15
3111,3110,,,-19.0,19,True,False,True,False,success,,,0.1,epsilon_greedy,,314975,,,,,,,7.0937407994470525e-15
3112,3111,,,-17.0,17,True,False,True,False,success,,,0.1,epsilon_greedy,,314992,,,,,,,5.42050064964047e-15
3113,3112,,,-21.0,21,True,False,True,False,success,,,0.1,epsilon_greedy,,315013,,,,,,,1.1662628534871883e-14
3114,3113,,,-121.0,22,True,False,True,False,success,,,0.1,epsilon_greedy,,315035,,,,,,,8.22574331881366e-15
3115,3114,,,-132.0,33,True,False,True,False,success,,,0.1,epsilon_greedy,,315068,,,,,,,1.674764704022657e-11
3116,3115,,,-119.0,20,True,False,True,False,success,,,0.1,epsilon_greedy,,315088,,,,,,,8.248957072964913e-15
3117,3116,,,-17.0,17,True,False,True,False,success,,,0.1,epsilon_greedy,,315105,,,,,,,5.42050064964047e-15
3118,3117,,,-18.0,18,True,False,True,False,success,,,0.1,epsilon_greedy,,315123,,,,,,,5.9088536532827775e-15
3119,3118,,,-18.0,18,True,False,True,False,success,,,0.1,epsilon_greedy,,315141,,,,,,,5.1810407815840636e-15
3120,3119,,,-21.0,21,True,False,True,False,success,,,0.1,epsilon_greedy,,315162,,,,,,,5.741439070204381e-15
3121,3120,,,-17.0,17,True,False,True,False,success,,,0.1,epsilon_greedy,,315179,,,,,,,5.42050064964047e-15
3122,3121,,,-17.0,17,True,False,True,False,success,,,0.1,epsilon_greedy,,315196,,,,,,,5.42050064964047e-15
3123,3122,,,-17.0,17,True,False,True,False,success,,,0.1,epsilon_greedy,,315213,,,,,,,5.42050064964047e-15
3124,3123,,,-19.0,19,True,False,True,False,success,,,0.1,epsilon_greedy,,315232,,,,,,,1.7480636821095398e-12
3125,3124,,,-23.0,23,True,False,True,False,success,,,0.1,epsilon_greedy,,315255,,,,,,,9.374633233945148e-09
3126,3125,,,-20.0,20,True,False,True,False,success,,,0.1,epsilon_greedy,,315275,,,,,,,5.4622972811557705e-15
3127,3126,,,-19.0,19,True,False,True,False,success,,,0.1,epsilon_greedy,,315294,,,,,,,5.784846286204763e-15
3128,3127,,,-17.0,17,True,False,True,False,success,,,0.1,epsilon_greedy,,315311,,,,,,,5.42050064964047e-15
3129,3128,,,-17.0,17,True,False,True,False,success,,,0.1,epsilon_greedy,,315328,,,,,,,5.42050064964047e-15
3130,3129,,,-227.0,29,True,False,True,False,success,,,0.1,epsilon_greedy,,315357,,,,,,,7.233294423195761e-14
3131,3130,,,-124.0,25,True,False,True,False,success,,,0.1,epsilon_greedy,,315382,,,,,,,6.771916361003605e-13
3132,3131,,,-22.0,22,True,False,True,False,success,,,0.1,epsilon_greedy,,315404,,,,,,,6.530129972113421e-15
3133,3132,,,-117.0,18,True,False,True,False,success,,,0.1,epsilon_greedy,,315422,,,,,,,8.277329439149778e-15
3134,3133,,,-17.0,17,True,False,True,False,success,,,0.1,epsilon_greedy,,315439,,,,,,,5.42050064964047e-15
3135,3134,,,-21.0,21,True,False,True,False,success,,,0.1,epsilon_greedy,,315460,,,,,,,6.563004108426996e-14
3136,3135,,,-19.0,19,True,False,True,False,success,,,0.1,epsilon_greedy,,315479,,,,,,,1.0739946943479147e-14
3137,3136,,,-133.0,34,True,False,True,False,success,,,0.1,epsilon_greedy,,315513,,,,,,,4.267592162007946e-11
3138,3137,,,-21.0,21,True,False,True,False,success,,,0.1,epsilon_greedy,,315534,,,,,,,7.2486835052861425e-09
3139,3138,,,-17.0,17,True,False,True,False,success,,,0.1,epsilon_greedy,,315551,,,,,,,5.42050064964047e-15
3140,3139,,,-17.0,17,True,False,True,False,success,,,0.1,epsilon_greedy,,315568,,,,,,,5.42050064964047e-15
3141,3140,,,-227.0,29,True,False,True,False,success,,,0.1,epsilon_greedy,,315597,,,,,,,1.0282962221183346e-14
3142,3141,,,-19.0,19,True,False,True,False,success,,,0.1,epsilon_greedy,,315616,,,,,,,5.5978613557415785e-15
3143,3142,,,-17.0,17,True,False,True,False,success,,,0.1,epsilon_greedy,,315633,,,,,,,5.42050064964047e-15
3144,3143,,,-25.0,25,True,False,True,False,success,,,0.1,epsilon_greedy,,315658,,,,,,,2.1022472651566205e-12
3145,3144,,,-17.0,17,True,False,True,False,success,,,0.1,epsilon_greedy,,315675,,,,,,,5.42050064964047e-15
3146,3145,,,-19.0,19,True,False,True,False,success,,,0.1,epsilon_greedy,,315694,,,,,,,1.5737469806852363e-12
3147,3146,,,-17.0,17,True,False,True,False,success,,,0.1,epsilon_greedy,,315711,,,,,,,5.42050064964047e-15
3148,3147,,,-228.0,30,True,False,True,False,success,,,0.1,epsilon_greedy,,315741,,,,,,,4.5059356246213153e-11
3149,3148,,,-23.0,23,True,False,True,False,success,,,0.1,epsilon_greedy,,315764,,,,,,,6.597621000250713e-13
3150,3149,,,-17.0,17,True,False,True,False,success,,,0.1,epsilon_greedy,,315781,,,,,,,5.42050064964047e-15
3151,3150,,,-19.0,19,True,False,True,False,success,,,0.1,epsilon_greedy,,315800,,,,,,,5.784846286204763e-15
3152,3151,,,-19.0,19,True,False,True,False,success,,,0.1,epsilon_greedy,,315819,,,,,,,4.959062400488572e-12
3153,3152,,,-756.0,63,True,False,True,False,success,,,0.1,epsilon_greedy,,315882,,,,,,,1.935258655267926e-11
3154,3153,,,-17.0,17,True,False,True,False,success,,,0.1,epsilon_greedy,,315899,,,,,,,5.42050064964047e-15
3155,3154,,,-21.0,21,True,False,True,False,success,,,0.1,epsilon_greedy,,315920,,,,,,,5.155833432148765e-12
3156,3155,,,-17.0,17,True,False,True,False,success,,,0.1,epsilon_greedy,,315937,,,,,,,5.42050064964047e-15
3157,3156,,,-228.0,30,True,False,True,False,success,,,0.1,epsilon_greedy,,315967,,,,,,,9.821773024517218e-15
3158,3157,,,-117.0,18,True,False,True,False,success,,,0.1,epsilon_greedy,,315985,,,,,,,8.277329439149778e-15
3159,3158,,,-21.0,21,True,False,True,False,success,,,0.1,epsilon_greedy,,316006,,,,,,,2.2378818375132357e-12
3160,3159,,,-229.0,31,True,False,True,False,success,,,0.1,epsilon_greedy,,316037,,,,,,,2.8054261422899037e-13
3161,3160,,,-17.0,17,True,False,True,False,success,,,0.1,epsilon_greedy,,316054,,,,,,,5.42050064964047e-15
3162,3161,,,-17.0,17,True,False,True,False,success,,,0.1,epsilon_greedy,,316071,,,,,,,5.42050064964047e-15
3163,3162,,,-17.0,17,True,False,True,False,success,,,0.1,epsilon_greedy,,316088,,,,,,,5.42050064964047e-15
3164,3163,,,-17.0,17,True,False,True,False,success,,,0.1,epsilon_greedy,,316105,,,,,,,5.42050064964047e-15
3165,3164,,,-19.0,19,True,False,True,False,success,,,0.1,epsilon_greedy,,316124,,,,,,,5.129078448512222e-12
3166,3165,,,-236.0,38,True,False,True,False,success,,,0.1,epsilon_greedy,,316162,,,,,,,2.0862259288522087e-13
3167,3166,,,-19.0,19,True,False,True,False,success,,,0.1,epsilon_greedy,,316181,,,,,,,5.784846286204763e-15
3168,3167,,,-17.0,17,True,False,True,False,success,,,0.1,epsilon_greedy,,316198,,,,,,,5.42050064964047e-15
3169,3168,,,-17.0,17,True,False,True,False,success,,,0.1,epsilon_greedy,,316215,,,,,,,5.42050064964047e-15
3170,3169,,,-17.0,17,True,False,True,False,success,,,0.1,epsilon_greedy,,316232,,,,,,,5.42050064964047e-15
3171,3170,,,-130.0,31,True,False,True,False,success,,,0.1,epsilon_greedy,,316263,,,,,,,1.6045251149237982e-11
3172,3171,,,-19.0,19,True,False,True,False,success,,,0.1,epsilon_greedy,,316282,,,,,,,5.691353820973171e-15
3173,3172,,,-17.0,17,True,False,True,False,success,,,0.1,epsilon_greedy,,316299,,,,,,,5.42050064964047e-15
3174,3173,,,-22.0,22,True,False,True,False,success,,,0.1,epsilon_greedy,,316321,,,,,,,6.7420816404509506e-15
3175,3174,,,-125.0,26,True,False,True,False,success,,,0.1,epsilon_greedy,,316347,,,,,,,8.531636935388702e-15
3176,3175,,,-21.0,21,True,False,True,False,success,,,0.1,epsilon_greedy,,316368,,,,,,,1.3765708150090394e-13
3177,3176,,,-128.0,29,True,False,True,False,success,,,0.1,epsilon_greedy,,316397,,,,,,,5.250589235425525e-13
3178,3177,,,-126.0,27,True,False,True,False,success,,,0.1,epsilon_greedy,,316424,,,,,,,5.611149405198106e-14
3179,3178,,,-17.0,17,True,False,True,False,success,,,0.1,epsilon_greedy,,316441,,,,,,,5.42050064964047e-15
3180,3179,,,-21.0,21,True,False,True,False,success,,,0.1,epsilon_greedy,,316462,,,,,,,4.177769241664464e-12
3181,3180,,,-17.0,17,True,False,True,False,success,,,0.1,epsilon_greedy,,316479,,,,,,,5.42050064964047e-15
3182,3181,,,-19.0,19,True,False,True,False,success,,,0.1,epsilon_greedy,,316498,,,,,,,5.691353820973171e-15
3183,3182,,,-21.0,21,True,False,True,False,success,,,0.1,epsilon_greedy,,316519,,,,,,,1.1056446763426547e-12
3184,3183,,,-20.0,20,True,False,True,False,success,,,0.1,epsilon_greedy,,316539,,,,,,,2.315037050948376e-13
3185,3184,,,-17.0,17,True,False,True,False,success,,,0.1,epsilon_greedy,,316556,,,,,,,5.42050064964047e-15
3186,3185,,,-20.0,20,True,False,True,False,success,,,0.1,epsilon_greedy,,316576,,,,,,,1.3460788039765248e-12
3187,3186,,,-19.0,19,True,False,True,False,success,,,0.1,epsilon_greedy,,316595,,,,,,,5.5978613557415785e-15
3188,3187,,,-128.0,29,True,False,True,False,success,,,0.1,epsilon_greedy,,316624,,,,,,,2.19824158875781e-14
3189,3188,,,-17.0,17,True,False,True,False,success,,,0.1,epsilon_greedy,,316641,,,,,,,5.42050064964047e-15
3190,3189,,,-17.0,17,True,False,True,False,success,,,0.1,epsilon_greedy,,316658,,,,,,,5.42050064964047e-15
3191,3190,,,-17.0,17,True,False,True,False,success,,,0.1,epsilon_greedy,,316675,,,,,,,5.42050064964047e-15
3192,3191,,,-19.0,19,True,False,True,False,success,,,0.1,epsilon_greedy,,316694,,,,,,,5.691353820973171e-15
3193,3192,,,-17.0,17,True,False,True,False,success,,,0.1,epsilon_greedy,,316711,,,,,,,5.42050064964047e-15
3194,3193,,,-17.0,17,True,False,True,False,success,,,0.1,epsilon_greedy,,316728,,,,,,,5.42050064964047e-15
3195,3194,,,-19.0,19,True,False,True,False,success,,,0.1,epsilon_greedy,,316747,,,,,,,2.1978909920131915e-13
3196,3195,,,-28.0,28,True,False,True,False,success,,,0.1,epsilon_greedy,,316775,,,,,,,3.5513655508420275e-13
3197,3196,,,-19.0,19,True,False,True,False,success,,,0.1,epsilon_greedy,,316794,,,,,,,5.691353820973171e-15
3198,3197,,,-21.0,21,True,False,True,False,success,,,0.1,epsilon_greedy,,316815,,,,,,,1.2602617362387848e-13
3199,3198,,,-123.0,24,True,False,True,False,success,,,0.1,epsilon_greedy,,316839,,,,,,,8.50245799692099e-15
3200,3199,,,-228.0,30,True,False,True,False,success,,,0.1,epsilon_greedy,,316869,,,,,,,1.2663943967557619e-14
3201,3200,,,-135.0,36,True,False,True,False,success,,,0.1,epsilon_greedy,,316905,,,,,,,4.4270531684986736e-11
3202,3201,,,-228.0,30,True,False,True,False,success,,,0.1,epsilon_greedy,,316935,,,,,,,2.1723363848498895e-14
3203,3202,,,-18.0,18,True,False,True,False,success,,,0.1,epsilon_greedy,,316953,,,,,,,5.9088536532827775e-15
3204,3203,,,-126.0,27,True,False,True,False,success,,,0.1,epsilon_greedy,,316980,,,,,,,3.7282933941764054e-13
3205,3204,,,-21.0,21,True,False,True,False,success,,,0.1,epsilon_greedy,,317001,,,,,,,7.181451200906287e-13
3206,3205,,,-17.0,17,True,False,True,False,success,,,0.1,epsilon_greedy,,317018,,,,,,,5.42050064964047e-15
3207,3206,,,-17.0,17,True,False,True,False,success,,,0.1,epsilon_greedy,,317035,,,,,,,5.42050064964047e-15
3208,3207,,,-21.0,21,True,False,True,False,success,,,0.1,epsilon_greedy,,317056,,,,,,,7.2745090374751055e-12
3209,3208,,,-17.0,17,True,False,True,False,success,,,0.1,epsilon_greedy,,317073,,,,,,,5.42050064964047e-15
3210,3209,,,-119.0,20,True,False,True,False,success,,,0.1,epsilon_greedy,,317093,,,,,,,8.248957072964913e-15
3211,3210,,,-24.0,24,True,False,True,False,success,,,0.1,epsilon_greedy,,317117,,,,,,,1.2765251818554664e-12
3212,3211,,,-21.0,21,True,False,True,False,success,,,0.1,epsilon_greedy,,317138,,,,,,,1.1621920357302294e-12
3213,3212,,,-122.0,23,True,False,True,False,success,,,0.1,epsilon_greedy,,317161,,,,,,,1.0573088298601958e-12
3214,3213,,,-17.0,17,True,False,True,False,success,,,0.1,epsilon_greedy,,317178,,,,,,,5.42050064964047e-15
3215,3214,,,-23.0,23,True,False,True,False,success,,,0.1,epsilon_greedy,,317201,,,,,,,5.841414308782117e-13
3216,3215,,,-17.0,17,True,False,True,False,success,,,0.1,epsilon_greedy,,317218,,,,,,,5.42050064964047e-15
3217,3216,,,-19.0,19,True,False,True,False,success,,,0.1,epsilon_greedy,,317237,,,,,,,4.155541408055653e-12
3218,3217,,,-21.0,21,True,False,True,False,success,,,0.1,epsilon_greedy,,317258,,,,,,,6.549755446999803e-12
3219,3218,,,-17.0,17,True,False,True,False,success,,,0.1,epsilon_greedy,,317275,,,,,,,5.42050064964047e-15
3220,3219,,,-17.0,17,True,False,True,False,success,,,0.1,epsilon_greedy,,317292,,,,,,,5.42050064964047e-15
3221,3220,,,-20.0,20,True,False,True,False,success,,,0.1,epsilon_greedy,,317312,,,,,,,5.850875339774575e-15
3222,3221,,,-21.0,21,True,False,True,False,success,,,0.1,epsilon_greedy,,317333,,,,,,,2.1593203415802367e-12
3223,3222,,,-17.0,17,True,False,True,False,success,,,0.1,epsilon_greedy,,317350,,,,,,,5.42050064964047e-15
3224,3223,,,-18.0,18,True,False,True,False,success,,,0.1,epsilon_greedy,,317368,,,,,,,5.9088536532827775e-15
3225,3224,,,-17.0,17,True,False,True,False,success,,,0.1,epsilon_greedy,,317385,,,,,,,5.42050064964047e-15
3226,3225,,,-17.0,17,True,False,True,False,success,,,0.1,epsilon_greedy,,317402,,,,,,,5.42050064964047e-15
3227,3226,,,-21.0,21,True,False,True,False,success,,,0.1,epsilon_greedy,,317423,,,,,,,6.0797927538996665e-15
3228,3227,,,-17.0,17,True,False,True,False,success,,,0.1,epsilon_greedy,,317440,,,,,,,5.42050064964047e-15
3229,3228,,,-221.0,23,True,False,True,False,success,,,0.1,epsilon_greedy,,317463,,,,,,,1.0571254017083012e-14
3230,3229,,,-17.0,17,True,False,True,False,success,,,0.1,epsilon_greedy,,317480,,,,,,,5.42050064964047e-15
3231,3230,,,-133.0,34,True,False,True,False,success,,,0.1,epsilon_greedy,,317514,,,,,,,3.4316229596493697e-11
3232,3231,,,-23.0,23,True,False,True,False,success,,,0.1,epsilon_greedy,,317537,,,,,,,1.3238009722232638e-12
3233,3232,,,-124.0,25,True,False,True,False,success,,,0.1,epsilon_greedy,,317562,,,,,,,8.23341395062016e-15
3234,3233,,,-17.0,17,True,False,True,False,success,,,0.1,epsilon_greedy,,317579,,,,,,,5.42050064964047e-15
3235,3234,,,-21.0,21,True,False,True,False,success,,,0.1,epsilon_greedy,,317600,,,,,,,2.155302391586355e-12
3236,3235,,,-19.0,19,True,False,True,False,success,,,0.1,epsilon_greedy,,317619,,,,,,,2.2258335525592835e-12
3237,3236,,,-125.0,26,True,False,True,False,success,,,0.1,epsilon_greedy,,317645,,,,,,,1.1196172194489078e-14
3238,3237,,,-17.0,17,True,False,True,False,success,,,0.1,epsilon_greedy,,317662,,,,,,,5.42050064964047e-15
3239,3238,,,-17.0,17,True,False,True,False,success,,,0.1,epsilon_greedy,,317679,,,,,,,5.42050064964047e-15
3240,3239,,,-21.0,21,True,False,True,False,success,,,0.1,epsilon_greedy,,317700,,,,,,,2.1992883704667424e-12
3241,3240,,,-17.0,17,True,False,True,False,success,,,0.1,epsilon_greedy,,317717,,,,,,,5.42050064964047e-15
3242,3241,,,-17.0,17,True,False,True,False,success,,,0.1,epsilon_greedy,,317734,,,,,,,5.42050064964047e-15
3243,3242,,,-119.0,20,True,False,True,False,success,,,0.1,epsilon_greedy,,317754,,,,,,,8.248957072964913e-15
3244,3243,,,-17.0,17,True,False,True,False,success,,,0.1,epsilon_greedy,,317771,,,,,,,5.42050064964047e-15
3245,3244,,,-17.0,17,True,False,True,False,success,,,0.1,epsilon_greedy,,317788,,,,,,,5.42050064964047e-15
3246,3245,,,-21.0,21,True,False,True,False,success,,,0.1,epsilon_greedy,,317809,,,,,,,2.294146883045977e-11
3247,3246,,,-19.0,19,True,False,True,False,success,,,0.1,epsilon_greedy,,317828,,,,,,,5.784846286204763e-15
3248,3247,,,-128.0,29,True,False,True,False,success,,,0.1,epsilon_greedy,,317857,,,,,,,2.9691115466628866e-12
3249,3248,,,-19.0,19,True,False,True,False,success,,,0.1,epsilon_greedy,,317876,,,,,,,5.784846286204763e-15
3250,3249,,,-221.0,23,True,False,True,False,success,,,0.1,epsilon_greedy,,317899,,,,,,,1.0339555298900372e-14
3251,3250,,,-17.0,17,True,False,True,False,success,,,0.1,epsilon_greedy,,317916,,,,,,,5.42050064964047e-15
3252,3251,,,-130.0,31,True,False,True,False,success,,,0.1,epsilon_greedy,,317947,,,,,,,7.85957139514162e-09
3253,3252,,,-17.0,17,True,False,True,False,success,,,0.1,epsilon_greedy,,317964,,,,,,,5.42050064964047e-15
3254,3253,,,-119.0,20,True,False,True,False,success,,,0.1,epsilon_greedy,,317984,,,,,,,1.912137115311907e-13
3255,3254,,,-129.0,30,True,False,True,False,success,,,0.1,epsilon_greedy,,318014,,,,,,,2.3415343738027634e-13
3256,3255,,,-232.0,34,True,False,True,False,success,,,0.1,epsilon_greedy,,318048,,,,,,,3.637998399262736e-12
3257,3256,,,-124.0,25,True,False,True,False,success,,,0.1,epsilon_greedy,,318073,,,,,,,2.5627766575553322e-12
3258,3257,,,-21.0,21,True,False,True,False,success,,,0.1,epsilon_greedy,,318094,,,,,,,5.202187886815019e-15
3259,3258,,,-19.0,19,True,False,True,False,success,,,0.1,epsilon_greedy,,318113,,,,,,,2.0037422014016363e-12
3260,3259,,,-133.0,34,True,False,True,False,success,,,0.1,epsilon_greedy,,318147,,,,,,,1.3394768954142097e-11
3261,3260,,,-220.0,22,True,False,True,False,success,,,0.1,epsilon_greedy,,318169,,,,,,,1.0405817621713968e-14
3262,3261,,,-17.0,17,True,False,True,False,success,,,0.1,epsilon_greedy,,318186,,,,,,,5.42050064964047e-15
3263,3262,,,-17.0,17,True,False,True,False,success,,,0.1,epsilon_greedy,,318203,,,,,,,5.42050064964047e-15
3264,3263,,,-17.0,17,True,False,True,False,success,,,0.1,epsilon_greedy,,318220,,,,,,,5.42050064964047e-15
3265,3264,,,-17.0,17,True,False,True,False,success,,,0.1,epsilon_greedy,,318237,,,,,,,5.42050064964047e-15
3266,3265,,,-21.0,21,True,False,True,False,success,,,0.1,epsilon_greedy,,318258,,,,,,,5.804880385897247e-15
3267,3266,,,-17.0,17,True,False,True,False,success,,,0.1,epsilon_greedy,,318275,,,,,,,5.42050064964047e-15
3268,3267,,,-20.0,20,True,False,True,False,success,,,0.1,epsilon_greedy,,318295,,,,,,,6.117328865684613e-15
3269,3268,,,-19.0,19,True,False,True,False,success,,,0.1,epsilon_greedy,,318314,,,,,,,5.5978613557415785e-15
3270,3269,,,-17.0,17,True,False,True,False,success,,,0.1,epsilon_greedy,,318331,,,,,,,5.42050064964047e-15
3271,3270,,,-128.0,29,True,False,True,False,success,,,0.1,epsilon_greedy,,318360,,,,,,,8.445351697665846e-15
3272,3271,,,-19.0,19,True,False,True,False,success,,,0.1,epsilon_greedy,,318379,,,,,,,1.789328918951134e-13
3273,3272,,,-126.0,27,True,False,True,False,success,,,0.1,epsilon_greedy,,318406,,,,,,,4.663759090851306e-14
3274,3273,,,-17.0,17,True,False,True,False,success,,,0.1,epsilon_greedy,,318423,,,,,,,5.42050064964047e-15
3275,3274,,,-338.0,41,True,False,True,False,success,,,0.1,epsilon_greedy,,318464,,,,,,,1.5947676783481457e-13
3276,3275,,,-17.0,17,True,False,True,False,success,,,0.1,epsilon_greedy,,318481,,,,,,,5.42050064964047e-15
3277,3276,,,-19.0,19,True,False,True,False,success,,,0.1,epsilon_greedy,,318500,,,,,,,6.065323681899539e-15
3278,3277,,,-235.0,37,True,False,True,False,success,,,0.1,epsilon_greedy,,318537,,,,,,,2.220386037194928e-13
3279,3278,,,-20.0,20,True,False,True,False,success,,,0.1,epsilon_greedy,,318557,,,,,,,1.5391021790378545e-13
3280,3279,,,-19.0,19,True,False,True,False,success,,,0.1,epsilon_greedy,,318576,,,,,,,4.017780260536902e-12
3281,3280,,,-17.0,17,True,False,True,False,success,,,0.1,epsilon_greedy,,318593,,,,,,,5.42050064964047e-15
3282,3281,,,-21.0,21,True,False,True,False,success,,,0.1,epsilon_greedy,,318614,,,,,,,1.9613940101711098e-14
3283,3282,,,-20.0,20,True,False,True,False,success,,,0.1,epsilon_greedy,,318634,,,,,,,5.9396931817445875e-15
3284,3283,,,-21.0,21,True,False,True,False,success,,,0.1,epsilon_greedy,,318655,,,,,,,1.9406169792816962e-12
3285,3284,,,-25.0,25,True,False,True,False,success,,,0.1,epsilon_greedy,,318680,,,,,,,3.176223728473815e-12
3286,3285,,,-129.0,30,True,False,True,False,success,,,0.1,epsilon_greedy,,318710,,,,,,,1.9130623011657615e-13
3287,3286,,,-140.0,41,True,False,True,False,success,,,0.1,epsilon_greedy,,318751,,,,,,,9.982378067783563e-12
3288,3287,,,-19.0,19,True,False,True,False,success,,,0.1,epsilon_greedy,,318770,,,,,,,1.0342954562989498e-12
3289,3288,,,-130.0,31,True,False,True,False,success,,,0.1,epsilon_greedy,,318801,,,,,,,8.24430129899068e-15
3290,3289,,,-20.0,20,True,False,True,False,success,,,0.1,epsilon_greedy,,318821,,,,,,,6.206146707654625e-15
3291,3290,,,-17.0,17,True,False,True,False,success,,,0.1,epsilon_greedy,,318838,,,,,,,5.42050064964047e-15
3292,3291,,,-231.0,33,True,False,True,False,success,,,0.1,epsilon_greedy,,318871,,,,,,,1.0113122460676426e-14
3293,3292,,,-125.0,26,True,False,True,False,success,,,0.1,epsilon_greedy,,318897,,,,,,,1.864320663659013e-14
3294,3293,,,-19.0,19,True,False,True,False,success,,,0.1,epsilon_greedy,,318916,,,,,,,1.1760300335900435e-12
3295,3294,,,-21.0,21,True,False,True,False,success,,,0.1,epsilon_greedy,,318937,,,,,,,5.279364247355391e-12
3296,3295,,,-224.0,26,True,False,True,False,success,,,0.1,epsilon_greedy,,318963,,,,,,,1.0103029524088925e-14
3297,3296,,,-17.0,17,True,False,True,False,success,,,0.1,epsilon_greedy,,318980,,,,,,,5.42050064964047e-15
3298,3297,,,-121.0,22,True,False,True,False,success,,,0.1,epsilon_greedy,,319002,,,,,,,8.22574331881366e-15
3299,3298,,,-19.0,19,True,False,True,False,success,,,0.1,epsilon_greedy,,319021,,,,,,,5.784846286204763e-15
3300,3299,,,-21.0,21,True,False,True,False,success,,,0.1,epsilon_greedy,,319042,,,,,,,5.864409487122386e-13
3301,3300,,,-17.0,17,True,False,True,False,success,,,0.1,epsilon_greedy,,319059,,,,,,,5.42050064964047e-15
3302,3301,,,-17.0,17,True,False,True,False,success,,,0.1,epsilon_greedy,,319076,,,,,,,5.42050064964047e-15
3303,3302,,,-19.0,19,True,False,True,False,success,,,0.1,epsilon_greedy,,319095,,,,,,,5.5978613557415785e-15
3304,3303,,,-17.0,17,True,False,True,False,success,,,0.1,epsilon_greedy,,319112,,,,,,,5.42050064964047e-15
3305,3304,,,-124.0,25,True,False,True,False,success,,,0.1,epsilon_greedy,,319137,,,,,,,8.23341395062016e-15
3306,3305,,,-19.0,19,True,False,True,False,success,,,0.1,epsilon_greedy,,319156,,,,,,,5.691353820973171e-15
3307,3306,,,-17.0,17,True,False,True,False,success,,,0.1,epsilon_greedy,,319173,,,,,,,5.42050064964047e-15
3308,3307,,,-18.0,18,True,False,True,False,success,,,0.1,epsilon_greedy,,319191,,,,,,,5.612794180049403e-15
3309,3308,,,-17.0,17,True,False,True,False,success,,,0.1,epsilon_greedy,,319208,,,,,,,5.42050064964047e-15
3310,3309,,,-231.0,33,True,False,True,False,success,,,0.1,epsilon_greedy,,319241,,,,,,,1.593809259654308e-13
3311,3310,,,-19.0,19,True,False,True,False,success,,,0.1,epsilon_greedy,,319260,,,,,,,5.691353820973171e-15
3312,3311,,,-128.0,29,True,False,True,False,success,,,0.1,epsilon_greedy,,319289,,,,,,,4.202538700179377e-13
3313,3312,,,-236.0,38,True,False,True,False,success,,,0.1,epsilon_greedy,,319327,,,,,,,3.034473257463632e-13
3314,3313,,,-19.0,19,True,False,True,False,success,,,0.1,epsilon_greedy,,319346,,,,,,,5.691353820973171e-15
3315,3314,,,-133.0,34,True,False,True,False,success,,,0.1,epsilon_greedy,,319380,,,,,,,1.1574995863755329e-11
3316,3315,,,-17.0,17,True,False,True,False,success,,,0.1,epsilon_greedy,,319397,,,,,,,5.42050064964047e-15
3317,3316,,,-121.0,22,True,False,True,False,success,,,0.1,epsilon_greedy,,319419,,,,,,,8.22574331881366e-15
3318,3317,,,-131.0,32,True,False,True,False,success,,,0.1,epsilon_greedy,,319451,,,,,,,3.281496602225431e-11
3319,3318,,,-21.0,21,True,False,True,False,success,,,0.1,epsilon_greedy,,319472,,,,,,,4.935420326392302e-11
3320,3319,,,-19.0,19,True,False,True,False,success,,,0.1,epsilon_greedy,,319491,,,,,,,5.5978613557415785e-15
3321,3320,,,-468.0,72,True,False,True,False,success,,,0.1,epsilon_greedy,,319563,,,,,,,3.3709057150548775e-11
3322,3321,,,-19.0,19,True,False,True,False,success,,,0.1,epsilon_greedy,,319582,,,,,,,5.691353820973171e-15
3323,3322,,,-17.0,17,True,False,True,False,success,,,0.1,epsilon_greedy,,319599,,,,,,,5.42050064964047e-15
3324,3323,,,-17.0,17,True,False,True,False,success,,,0.1,epsilon_greedy,,319616,,,,,,,5.42050064964047e-15
3325,3324,,,-23.0,23,True,False,True,False,success,,,0.1,epsilon_greedy,,319639,,,,,,,2.084081699486571e-12
3326,3325,,,-127.0,28,True,False,True,False,success,,,0.1,epsilon_greedy,,319667,,,,,,,1.3865440541747732e-11
3327,3326,,,-23.0,23,True,False,True,False,success,,,0.1,epsilon_greedy,,319690,,,,,,,5.483536330322512e-15
3328,3327,,,-121.0,22,True,False,True,False,success,,,0.1,epsilon_greedy,,319712,,,,,,,8.548717289613705e-15
3329,3328,,,-21.0,21,True,False,True,False,success,,,0.1,epsilon_greedy,,319733,,,,,,,1.2263946472114098e-12
3330,3329,,,-17.0,17,True,False,True,False,success,,,0.1,epsilon_greedy,,319750,,,,,,,5.42050064964047e-15
3331,3330,,,-19.0,19,True,False,True,False,success,,,0.1,epsilon_greedy,,319769,,,,,,,6.3458010775943155e-15
3332,3331,,,-19.0,19,True,False,True,False,success,,,0.1,epsilon_greedy,,319788,,,,,,,6.439293542825908e-15
3333,3332,,,-21.0,21,True,False,True,False,success,,,0.1,epsilon_greedy,,319809,,,,,,,5.421060425955407e-14
3334,3333,,,-17.0,17,True,False,True,False,success,,,0.1,epsilon_greedy,,319826,,,,,,,5.42050064964047e-15
3335,3334,,,-131.0,32,True,False,True,False,success,,,0.1,epsilon_greedy,,319858,,,,,,,1.1631466623196474e-11
3336,3335,,,-19.0,19,True,False,True,False,success,,,0.1,epsilon_greedy,,319877,,,,,,,5.691353820973171e-15
3337,3336,,,-17.0,17,True,False,True,False,success,,,0.1,epsilon_greedy,,319894,,,,,,,5.42050064964047e-15
3338,3337,,,-20.0,20,True,False,True,False,success,,,0.1,epsilon_greedy,,319914,,,,,,,4.918287999089443e-15
3339,3338,,,-242.0,44,True,False,True,False,success,,,0.1,epsilon_greedy,,319958,,,,,,,1.540431923433258e-11
3340,3339,,,-17.0,17,True,False,True,False,success,,,0.1,epsilon_greedy,,319975,,,,,,,5.42050064964047e-15
3341,3340,,,-132.0,33,True,False,True,False,success,,,0.1,epsilon_greedy,,320008,,,,,,,2.1036983602929276e-11
3342,3341,,,-21.0,21,True,False,True,False,success,,,0.1,epsilon_greedy,,320029,,,,,,,2.7422297237189056e-12
3343,3342,,,-19.0,19,True,False,True,False,success,,,0.1,epsilon_greedy,,320048,,,,,,,5.249718788335437e-13
3344,3343,,,-23.0,23,True,False,True,False,success,,,0.1,epsilon_greedy,,320071,,,,,,,7.312315004711586e-13
3345,3344,,,-17.0,17,True,False,True,False,success,,,0.1,epsilon_greedy,,320088,,,,,,,5.42050064964047e-15
3346,3345,,,-23.0,23,True,False,True,False,success,,,0.1,epsilon_greedy,,320111,,,,,,,4.226384459795811e-11
3347,3346,,,-18.0,18,True,False,True,False,success,,,0.1,epsilon_greedy,,320129,,,,,,,5.9088536532827775e-15
3348,3347,,,-17.0,17,True,False,True,False,success,,,0.1,epsilon_greedy,,320146,,,,,,,5.42050064964047e-15
3349,3348,,,-23.0,23,True,False,True,False,success,,,0.1,epsilon_greedy,,320169,,,,,,,8.885800308116417e-12
3350,3349,,,-21.0,21,True,False,True,False,success,,,0.1,epsilon_greedy,,320190,,,,,,,4.736983292391848e-12
3351,3350,,,-19.0,19,True,False,True,False,success,,,0.1,epsilon_greedy,,320209,,,,,,,6.065323681899539e-15
3352,3351,,,-136.0,37,True,False,True,False,success,,,0.1,epsilon_greedy,,320246,,,,,,,1.804509694822529e-11
3353,3352,,,-20.0,20,True,False,True,False,success,,,0.1,epsilon_greedy,,320266,,,,,,,2.5889290711234026e-13
3354,3353,,,-19.0,19,True,False,True,False,success,,,0.1,epsilon_greedy,,320285,,,,,,,5.691353820973171e-15
3355,3354,,,-21.0,21,True,False,True,False,success,,,0.1,epsilon_greedy,,320306,,,,,,,1.2750002112294992e-11
3356,3355,,,-127.0,28,True,False,True,False,success,,,0.1,epsilon_greedy,,320334,,,,,,,1.5066519460609536e-13
3357,3356,,,-117.0,18,True,False,True,False,success,,,0.1,epsilon_greedy,,320352,,,,,,,8.277329439149778e-15
3358,3357,,,-17.0,17,True,False,True,False,success,,,0.1,epsilon_greedy,,320369,,,,,,,5.42050064964047e-15
3359,3358,,,-19.0,19,True,False,True,False,success,,,0.1,epsilon_greedy,,320388,,,,,,,5.784846286204763e-15
3360,3359,,,-117.0,18,True,False,True,False,success,,,0.1,epsilon_greedy,,320406,,,,,,,8.277329439149778e-15
3361,3360,,,-126.0,27,True,False,True,False,success,,,0.1,epsilon_greedy,,320433,,,,,,,6.087229485905886e-13
3362,3361,,,-126.0,27,True,False,True,False,success,,,0.1,epsilon_greedy,,320460,,,,,,,1.7229016567331134e-14
3363,3362,,,-21.0,21,True,False,True,False,success,,,0.1,epsilon_greedy,,320481,,,,,,,6.3335580166711315e-15
3364,3363,,,-17.0,17,True,False,True,False,success,,,0.1,epsilon_greedy,,320498,,,,,,,5.42050064964047e-15
3365,3364,,,-17.0,17,True,False,True,False,success,,,0.1,epsilon_greedy,,320515,,,,,,,5.42050064964047e-15
3366,3365,,,-21.0,21,True,False,True,False,success,,,0.1,epsilon_greedy,,320536,,,,,,,1.323481007326726e-12
3367,3366,,,-128.0,29,True,False,True,False,success,,,0.1,epsilon_greedy,,320565,,,,,,,1.6653345369377348e-14
3368,3367,,,-19.0,19,True,False,True,False,success,,,0.1,epsilon_greedy,,320584,,,,,,,5.691353820973171e-15
3369,3368,,,-19.0,19,True,False,True,False,success,,,0.1,epsilon_greedy,,320603,,,,,,,5.691353820973171e-15
3370,3369,,,-19.0,19,True,False,True,False,success,,,0.1,epsilon_greedy,,320622,,,,,,,5.656294146511324e-15
3371,3370,,,-124.0,25,True,False,True,False,success,,,0.1,epsilon_greedy,,320647,,,,,,,8.16235967704415e-15
3372,3371,,,-19.0,19,True,False,True,False,success,,,0.1,epsilon_greedy,,320666,,,,,,,1.3163388507863553e-12
3373,3372,,,-17.0,17,True,False,True,False,success,,,0.1,epsilon_greedy,,320683,,,,,,,5.42050064964047e-15
3374,3373,,,-24.0,24,True,False,True,False,success,,,0.1,epsilon_greedy,,320707,,,,,,,1.2541921205292775e-11
3375,3374,,,-19.0,19,True,False,True,False,success,,,0.1,epsilon_greedy,,320726,,,,,,,7.733112396049604e-13
3376,3375,,,-125.0,26,True,False,True,False,success,,,0.1,epsilon_greedy,,320752,,,,,,,8.736601186088732e-15
3377,3376,,,-17.0,17,True,False,True,False,success,,,0.1,epsilon_greedy,,320769,,,,,,,5.42050064964047e-15
3378,3377,,,-17.0,17,True,False,True,False,success,,,0.1,epsilon_greedy,,320786,,,,,,,5.42050064964047e-15
3379,3378,,,-127.0,28,True,False,True,False,success,,,0.1,epsilon_greedy,,320814,,,,,,,1.8263168755083825e-14
3380,3379,,,-19.0,19,True,False,True,False,success,,,0.1,epsilon_greedy,,320833,,,,,,,2.450788110464648e-13
3381,3380,,,-129.0,30,True,False,True,False,success,,,0.1,epsilon_greedy,,320863,,,,,,,1.2747580768746048e-13
3382,3381,,,-25.0,25,True,False,True,False,success,,,0.1,epsilon_greedy,,320888,,,,,,,1.5067907108701207e-08
3383,3382,,,-17.0,17,True,False,True,False,success,,,0.1,epsilon_greedy,,320905,,,,,,,5.42050064964047e-15
3384,3383,,,-18.0,18,True,False,True,False,success,,,0.1,epsilon_greedy,,320923,,,,,,,5.612794180049403e-15
3385,3384,,,-119.0,20,True,False,True,False,success,,,0.1,epsilon_greedy,,320943,,,,,,,1.6901757771137227e-11
3386,3385,,,-17.0,17,True,False,True,False,success,,,0.1,epsilon_greedy,,320960,,,,,,,5.42050064964047e-15
3387,3386,,,-142.0,43,True,False,True,False,success,,,0.1,epsilon_greedy,,321003,,,,,,,2.5432021501656697e-09
3388,3387,,,-120.0,21,True,False,True,False,success,,,0.1,epsilon_greedy,,321024,,,,,,,8.194503276995203e-15
3389,3388,,,-19.0,19,True,False,True,False,success,,,0.1,epsilon_greedy,,321043,,,,,,,5.5978613557415785e-15
3390,3389,,,-452.0,56,True,False,True,False,success,,,0.1,epsilon_greedy,,321099,,,,,,,8.11664624400521e-12
3391,3390,,,-21.0,21,True,False,True,False,success,,,0.1,epsilon_greedy,,321120,,,,,,,6.308921639077068e-13
3392,3391,,,-17.0,17,True,False,True,False,success,,,0.1,epsilon_greedy,,321137,,,,,,,5.42050064964047e-15
3393,3392,,,-130.0,31,True,False,True,False,success,,,0.1,epsilon_greedy,,321168,,,,,,,9.47662736813703e-12
3394,3393,,,-23.0,23,True,False,True,False,success,,,0.1,epsilon_greedy,,321191,,,,,,,6.116547375835933e-08
3395,3394,,,-21.0,21,True,False,True,False,success,,,0.1,epsilon_greedy,,321212,,,,,,,4.9304475845972426e-14
3396,3395,,,-17.0,17,True,False,True,False,success,,,0.1,epsilon_greedy,,321229,,,,,,,5.42050064964047e-15
3397,3396,,,-17.0,17,True,False,True,False,success,,,0.1,epsilon_greedy,,321246,,,,,,,5.42050064964047e-15
3398,3397,,,-122.0,23,True,False,True,False,success,,,0.1,epsilon_greedy,,321269,,,,,,,8.254266835256598e-15
3399,3398,,,-20.0,20,True,False,True,False,success,,,0.1,epsilon_greedy,,321289,,,,,,,5.4622972811557705e-15
3400,3399,,,-17.0,17,True,False,True,False,success,,,0.1,epsilon_greedy,,321306,,,,,,,5.42050064964047e-15
3401,3400,,,-23.0,23,True,False,True,False,success,,,0.1,epsilon_greedy,,321329,,,,,,,5.16495059282138e-15
3402,3401,,,-19.0,19,True,False,True,False,success,,,0.1,epsilon_greedy,,321348,,,,,,,1.5882032531216713e-14
3403,3402,,,-19.0,19,True,False,True,False,success,,,0.1,epsilon_greedy,,321367,,,,,,,4.726780370620681e-12
3404,3403,,,-21.0,21,True,False,True,False,success,,,0.1,epsilon_greedy,,321388,,,,,,,1.2893041132077174e-11
3405,3404,,,-17.0,17,True,False,True,False,success,,,0.1,epsilon_greedy,,321405,,,,,,,5.42050064964047e-15
3406,3405,,,-142.0,43,True,False,True,False,success,,,0.1,epsilon_greedy,,321448,,,,,,,2.1343624542176914e-11
3407,3406,,,-19.0,19,True,False,True,False,success,,,0.1,epsilon_greedy,,321467,,,,,,,5.784846286204763e-15
3408,3407,,,-124.0,25,True,False,True,False,success,,,0.1,epsilon_greedy,,321492,,,,,,,8.23341395062016e-15
3409,3408,,,-19.0,19,True,False,True,False,success,,,0.1,epsilon_greedy,,321511,,,,,,,5.5978613557415785e-15
3410,3409,,,-122.0,23,True,False,True,False,success,,,0.1,epsilon_greedy,,321534,,,,,,,8.254266835256598e-15
3411,3410,,,-19.0,19,True,False,True,False,success,,,0.1,epsilon_greedy,,321553,,,,,,,8.870097638847303e-15
3412,3411,,,-19.0,19,True,False,True,False,success,,,0.1,epsilon_greedy,,321572,,,,,,,5.691353820973171e-15
3413,3412,,,-21.0,21,True,False,True,False,success,,,0.1,epsilon_greedy,,321593,,,,,,,5.304613891001151e-12
3414,3413,,,-230.0,32,True,False,True,False,success,,,0.1,epsilon_greedy,,321625,,,,,,,1.1248772746608182e-11
3415,3414,,,-230.0,32,True,False,True,False,success,,,0.1,epsilon_greedy,,321657,,,,,,,5.866349073180288e-13
3416,3415,,,-131.0,32,True,False,True,False,success,,,0.1,epsilon_greedy,,321689,,,,,,,1.1745951433717039e-12
3417,3416,,,-19.0,19,True,False,True,False,success,,,0.1,epsilon_greedy,,321708,,,,,,,6.273227551458293e-13
3418,3417,,,-19.0,19,True,False,True,False,success,,,0.1,epsilon_greedy,,321727,,,,,,,5.5978613557415785e-15
3419,3418,,,-25.0,25,True,False,True,False,success,,,0.1,epsilon_greedy,,321752,,,,,,,2.3617641176088e-12
3420,3419,,,-17.0,17,True,False,True,False,success,,,0.1,epsilon_greedy,,321769,,,,,,,5.42050064964047e-15
3421,3420,,,-17.0,17,True,False,True,False,success,,,0.1,epsilon_greedy,,321786,,,,,,,5.42050064964047e-15
3422,3421,,,-135.0,36,True,False,True,False,success,,,0.1,epsilon_greedy,,321822,,,,,,,9.030498571149792e-12
3423,3422,,,-19.0,19,True,False,True,False,success,,,0.1,epsilon_greedy,,321841,,,,,,,5.691353820973171e-15
3424,3423,,,-17.0,17,True,False,True,False,success,,,0.1,epsilon_greedy,,321858,,,,,,,5.42050064964047e-15
3425,3424,,,-21.0,21,True,False,True,False,success,,,0.1,epsilon_greedy,,321879,,,,,,,2.9866373924256723e-12
3426,3425,,,-19.0,19,True,False,True,False,success,,,0.1,epsilon_greedy,,321898,,,,,,,8.496127777920935e-15
3427,3426,,,-19.0,19,True,False,True,False,success,,,0.1,epsilon_greedy,,321917,,,,,,,2.7281451951323203e-12
3428,3427,,,-19.0,19,True,False,True,False,success,,,0.1,epsilon_greedy,,321936,,,,,,,1.3181268941839096e-13
3429,3428,,,-140.0,41,True,False,True,False,success,,,0.1,epsilon_greedy,,321977,,,,,,,1.3760196234479403e-11
3430,3429,,,-17.0,17,True,False,True,False,success,,,0.1,epsilon_greedy,,321994,,,,,,,5.42050064964047e-15
3431,3430,,,-19.0,19,True,False,True,False,success,,,0.1,epsilon_greedy,,322013,,,,,,,1.4409514517260982e-11
3432,3431,,,-17.0,17,True,False,True,False,success,,,0.1,epsilon_greedy,,322030,,,,,,,5.42050064964047e-15
3433,3432,,,-23.0,23,True,False,True,False,success,,,0.1,epsilon_greedy,,322053,,,,,,,4.661150692473e-12
3434,3433,,,-21.0,21,True,False,True,False,success,,,0.1,epsilon_greedy,,322074,,,,,,,1.160556307140615e-11
3435,3434,,,-129.0,30,True,False,True,False,success,,,0.1,epsilon_greedy,,322104,,,,,,,2.542484741259917e-13
3436,3435,,,-19.0,19,True,False,True,False,success,,,0.1,epsilon_greedy,,322123,,,,,,,5.651035195342047e-13
3437,3436,,,-120.0,21,True,False,True,False,success,,,0.1,epsilon_greedy,,322144,,,,,,,8.194503276995203e-15
3438,3437,,,-126.0,27,True,False,True,False,success,,,0.1,epsilon_greedy,,322171,,,,,,,2.6991330980973984e-12
3439,3438,,,-19.0,19,True,False,True,False,success,,,0.1,epsilon_greedy,,322190,,,,,,,8.801263811320544e-13
3440,3439,,,-21.0,21,True,False,True,False,success,,,0.1,epsilon_greedy,,322211,,,,,,,3.127900055368454e-12
3441,3440,,,-17.0,17,True,False,True,False,success,,,0.1,epsilon_greedy,,322228,,,,,,,5.42050064964047e-15
3442,3441,,,-21.0,21,True,False,True,False,success,,,0.1,epsilon_greedy,,322249,,,,,,,4.03912881977032e-12
3443,3442,,,-17.0,17,True,False,True,False,success,,,0.1,epsilon_greedy,,322266,,,,,,,5.42050064964047e-15
3444,3443,,,-17.0,17,True,False,True,False,success,,,0.1,epsilon_greedy,,322283,,,,,,,5.42050064964047e-15
3445,3444,,,-17.0,17,True,False,True,False,success,,,0.1,epsilon_greedy,,322300,,,,,,,5.42050064964047e-15
3446,3445,,,-19.0,19,True,False,True,False,success,,,0.1,epsilon_greedy,,322319,,,,,,,5.691353820973171e-15
3447,3446,,,-17.0,17,True,False,True,False,success,,,0.1,epsilon_greedy,,322336,,,,,,,5.42050064964047e-15
3448,3447,,,-125.0,26,True,False,True,False,success,,,0.1,epsilon_greedy,,322362,,,,,,,1.1039331841817993e-11
3449,3448,,,-128.0,29,True,False,True,False,success,,,0.1,epsilon_greedy,,322391,,,,,,,8.00891919833044e-15
3450,3449,,,-18.0,18,True,False,True,False,success,,,0.1,epsilon_greedy,,322409,,,,,,,5.9088536532827775e-15
3451,3450,,,-134.0,35,True,False,True,False,success,,,0.1,epsilon_greedy,,322444,,,,,,,7.831424397863884e-12
3452,3451,,,-231.0,33,True,False,True,False,success,,,0.1,epsilon_greedy,,322477,,,,,,,7.2417963881469296e-12
3453,3452,,,-17.0,17,True,False,True,False,success,,,0.1,epsilon_greedy,,322494,,,,,,,5.42050064964047e-15
3454,3453,,,-20.0,20,True,False,True,False,success,,,0.1,epsilon_greedy,,322514,,,,,,,7.860379014346108e-15
3455,3454,,,-19.0,19,True,False,True,False,success,,,0.1,epsilon_greedy,,322533,,,,,,,7.553606862804947e-13
3456,3455,,,-19.0,19,True,False,True,False,success,,,0.1,epsilon_greedy,,322552,,,,,,,5.784846286204763e-15
3457,3456,,,-22.0,22,True,False,True,False,success,,,0.1,epsilon_greedy,,322574,,,,,,,7.176077913713512e-15
3458,3457,,,-121.0,22,True,False,True,False,success,,,0.1,epsilon_greedy,,322596,,,,,,,8.064256333413637e-15
3459,3458,,,-19.0,19,True,False,True,False,success,,,0.1,epsilon_greedy,,322615,,,,,,,6.065323681899539e-15
3460,3459,,,-131.0,32,True,False,True,False,success,,,0.1,epsilon_greedy,,322647,,,,,,,1.1879316974550136e-12
3461,3460,,,-17.0,17,True,False,True,False,success,,,0.1,epsilon_greedy,,322664,,,,,,,5.42050064964047e-15
3462,3461,,,-23.0,23,True,False,True,False,success,,,0.1,epsilon_greedy,,322687,,,,,,,1.078818194198151e-12
3463,3462,,,-21.0,21,True,False,True,False,success,,,0.1,epsilon_greedy,,322708,,,,,,,4.5490701153095785e-12
3464,3463,,,-129.0,30,True,False,True,False,success,,,0.1,epsilon_greedy,,322738,,,,,,,3.0348753140193215e-11
3465,3464,,,-128.0,29,True,False,True,False,success,,,0.1,epsilon_greedy,,322767,,,,,,,9.609171695893596e-15
3466,3465,,,-19.0,19,True,False,True,False,success,,,0.1,epsilon_greedy,,322786,,,,,,,1.1851922951827395e-12
3467,3466,,,-126.0,27,True,False,True,False,success,,,0.1,epsilon_greedy,,322813,,,,,,,3.8742671622289725e-14
3468,3467,,,-131.0,32,True,False,True,False,success,,,0.1,epsilon_greedy,,322845,,,,,,,8.193605516293445e-12
3469,3468,,,-134.0,35,True,False,True,False,success,,,0.1,epsilon_greedy,,322880,,,,,,,2.852386898106423e-11
3470,3469,,,-19.0,19,True,False,True,False,success,,,0.1,epsilon_greedy,,322899,,,,,,,6.127846768023167e-13
3471,3470,,,-17.0,17,True,False,True,False,success,,,0.1,epsilon_greedy,,322916,,,,,,,5.42050064964047e-15
3472,3471,,,-19.0,19,True,False,True,False,success,,,0.1,epsilon_greedy,,322935,,,,,,,5.784846286204763e-15
3473,3472,,,-17.0,17,True,False,True,False,success,,,0.1,epsilon_greedy,,322952,,,,,,,5.42050064964047e-15
3474,3473,,,-17.0,17,True,False,True,False,success,,,0.1,epsilon_greedy,,322969,,,,,,,5.42050064964047e-15
3475,3474,,,-126.0,27,True,False,True,False,success,,,0.1,epsilon_greedy,,322996,,,,,,,8.478814358433603e-15
3476,3475,,,-233.0,35,True,False,True,False,success,,,0.1,epsilon_greedy,,323031,,,,,,,6.272741056737427e-12
3477,3476,,,-17.0,17,True,False,True,False,success,,,0.1,epsilon_greedy,,323048,,,,,,,5.42050064964047e-15
3478,3477,,,-130.0,31,True,False,True,False,success,,,0.1,epsilon_greedy,,323079,,,,,,,2.2008917985585282e-13
3479,3478,,,-21.0,21,True,False,True,False,success,,,0.1,epsilon_greedy,,323100,,,,,,,9.954999787472237e-14
3480,3479,,,-343.0,46,True,False,True,False,success,,,0.1,epsilon_greedy,,323146,,,,,,,1.6873990127880025e-12
3481,3480,,,-17.0,17,True,False,True,False,success,,,0.1,epsilon_greedy,,323163,,,,,,,5.42050064964047e-15
3482,3481,,,-237.0,39,True,False,True,False,success,,,0.1,epsilon_greedy,,323202,,,,,,,2.2744786111508264e-11
3483,3482,,,-121.0,22,True,False,True,False,success,,,0.1,epsilon_greedy,,323224,,,,,,,1.588123572043349e-13
3484,3483,,,-19.0,19,True,False,True,False,success,,,0.1,epsilon_greedy,,323243,,,,,,,6.065323681899539e-15
3485,3484,,,-17.0,17,True,False,True,False,success,,,0.1,epsilon_greedy,,323260,,,,,,,5.42050064964047e-15
3486,3485,,,-19.0,19,True,False,True,False,success,,,0.1,epsilon_greedy,,323279,,,,,,,1.1909771414689442e-13
3487,3486,,,-17.0,17,True,False,True,False,success,,,0.1,epsilon_greedy,,323296,,,,,,,5.42050064964047e-15
3488,3487,,,-19.0,19,True,False,True,False,success,,,0.1,epsilon_greedy,,323315,,,,,,,4.58662347868037e-13
3489,3488,,,-125.0,26,True,False,True,False,success,,,0.1,epsilon_greedy,,323341,,,,,,,8.668279769188723e-15
3490,3489,,,-17.0,17,True,False,True,False,success,,,0.1,epsilon_greedy,,323358,,,,,,,5.42050064964047e-15
3491,3490,,,-228.0,30,True,False,True,False,success,,,0.1,epsilon_greedy,,323388,,,,,,,9.940196813810568e-15
3492,3491,,,-19.0,19,True,False,True,False,success,,,0.1,epsilon_greedy,,323407,,,,,,,5.691353820973171e-15
3493,3492,,,-17.0,17,True,False,True,False,success,,,0.1,epsilon_greedy,,323424,,,,,,,5.42050064964047e-15
3494,3493,,,-17.0,17,True,False,True,False,success,,,0.1,epsilon_greedy,,323441,,,,,,,5.42050064964047e-15
3495,3494,,,-21.0,21,True,False,True,False,success,,,0.1,epsilon_greedy,,323462,,,,,,,6.2489695957473096e-15
3496,3495,,,-19.0,19,True,False,True,False,success,,,0.1,epsilon_greedy,,323481,,,,,,,1.0769163338864018e-13
3497,3496,,,-25.0,25,True,False,True,False,success,,,0.1,epsilon_greedy,,323506,,,,,,,8.677174534454934e-12
3498,3497,,,-21.0,21,True,False,True,False,success,,,0.1,epsilon_greedy,,323527,,,,,,,5.286776307738841e-15
3499,3498,,,-130.0,31,True,False,True,False,success,,,0.1,epsilon_greedy,,323558,,,,,,,1.2983879204761428e-13
3500,3499,,,-21.0,21,True,False,True,False,success,,,0.1,epsilon_greedy,,323579,,,,,,,6.3335580166711315e-15
3501,3500,,,-20.0,20,True,False,True,False,success,,,0.1,epsilon_greedy,,323599,,,,,,,1.3733458814613187e-14
3502,3501,,,-19.0,19,True,False,True,False,success,,,0.1,epsilon_greedy,,323618,,,,,,,5.784846286204763e-15
3503,3502,,,-21.0,21,True,False,True,False,success,,,0.1,epsilon_greedy,,323639,,,,,,,8.871210644385774e-15
3504,3503,,,-241.0,43,True,False,True,False,success,,,0.1,epsilon_greedy,,323682,,,,,,,6.1526339578676925e-12
3505,3504,,,-238.0,40,True,False,True,False,success,,,0.1,epsilon_greedy,,323722,,,,,,,4.785899454518017e-12
3506,3505,,,-21.0,21,True,False,True,False,success,,,0.1,epsilon_greedy,,323743,,,,,,,6.1643811748234884e-15
3507,3506,,,-17.0,17,True,False,True,False,success,,,0.1,epsilon_greedy,,323760,,,,,,,5.42050064964047e-15
3508,3507,,,-17.0,17,True,False,True,False,success,,,0.1,epsilon_greedy,,323777,,,,,,,5.42050064964047e-15
3509,3508,,,-19.0,19,True,False,True,False,success,,,0.1,epsilon_greedy,,323796,,,,,,,5.691353820973171e-15
3510,3509,,,-18.0,18,True,False,True,False,success,,,0.1,epsilon_greedy,,323814,,,,,,,5.612794180049403e-15
3511,3510,,,-21.0,21,True,False,True,False,success,,,0.1,epsilon_greedy,,323835,,,,,,,4.233132363159105e-12
3512,3511,,,-123.0,24,True,False,True,False,success,,,0.1,epsilon_greedy,,323859,,,,,,,8.280413391995959e-15
3513,3512,,,-242.0,44,True,False,True,False,success,,,0.1,epsilon_greedy,,323903,,,,,,,1.1402691921993188e-11
3514,3513,,,-17.0,17,True,False,True,False,success,,,0.1,epsilon_greedy,,323920,,,,,,,5.42050064964047e-15
3515,3514,,,-228.0,30,True,False,True,False,success,,,0.1,epsilon_greedy,,323950,,,,,,,9.880984919163893e-15
3516,3515,,,-17.0,17,True,False,True,False,success,,,0.1,epsilon_greedy,,323967,,,,,,,5.42050064964047e-15
3517,3516,,,-23.0,23,True,False,True,False,success,,,0.1,epsilon_greedy,,323990,,,,,,,7.944080176289587e-13
3518,3517,,,-17.0,17,True,False,True,False,success,,,0.1,epsilon_greedy,,324007,,,,,,,5.42050064964047e-15
3519,3518,,,-25.0,25,True,False,True,False,success,,,0.1,epsilon_greedy,,324032,,,,,,,4.983391477253463e-13
3520,3519,,,-17.0,17,True,False,True,False,success,,,0.1,epsilon_greedy,,324049,,,,,,,5.42050064964047e-15
3521,3520,,,-17.0,17,True,False,True,False,success,,,0.1,epsilon_greedy,,324066,,,,,,,5.42050064964047e-15
3522,3521,,,-23.0,23,True,False,True,False,success,,,0.1,epsilon_greedy,,324089,,,,,,,5.6609242810276454e-08
3523,3522,,,-23.0,23,True,False,True,False,success,,,0.1,epsilon_greedy,,324112,,,,,,,6.140016031839996e-15
3524,3523,,,-25.0,25,True,False,True,False,success,,,0.1,epsilon_greedy,,324137,,,,,,,5.861977570020826e-15
3525,3524,,,-17.0,17,True,False,True,False,success,,,0.1,epsilon_greedy,,324154,,,,,,,5.42050064964047e-15
3526,3525,,,-122.0,23,True,False,True,False,success,,,0.1,epsilon_greedy,,324177,,,,,,,8.254266835256598e-15
3527,3526,,,-19.0,19,True,False,True,False,success,,,0.1,epsilon_greedy,,324196,,,,,,,6.065323681899539e-15
3528,3527,,,-19.0,19,True,False,True,False,success,,,0.1,epsilon_greedy,,324215,,,,,,,5.691353820973171e-15
3529,3528,,,-17.0,17,True,False,True,False,success,,,0.1,epsilon_greedy,,324232,,,,,,,5.42050064964047e-15
3530,3529,,,-17.0,17,True,False,True,False,success,,,0.1,epsilon_greedy,,324249,,,,,,,5.42050064964047e-15
3531,3530,,,-136.0,37,True,False,True,False,success,,,0.1,epsilon_greedy,,324286,,,,,,,1.1940232586444172e-11
3532,3531,,,-21.0,21,True,False,True,False,success,,,0.1,epsilon_greedy,,324307,,,,,,,5.741439070204381e-15
3533,3532,,,-20.0,20,True,False,True,False,success,,,0.1,epsilon_greedy,,324327,,,,,,,5.3734794391857575e-15
3534,3533,,,-17.0,17,True,False,True,False,success,,,0.1,epsilon_greedy,,324344,,,,,,,5.42050064964047e-15
3535,3534,,,-330.0,33,True,False,True,False,success,,,0.1,epsilon_greedy,,324377,,,,,,,1.4580929056743724e-14
3536,3535,,,-19.0,19,True,False,True,False,success,,,0.1,epsilon_greedy,,324396,,,,,,,2.514374673380285e-12
3537,3536,,,-124.0,25,True,False,True,False,success,,,0.1,epsilon_greedy,,324421,,,,,,,8.23341395062016e-15
3538,3537,,,-19.0,19,True,False,True,False,success,,,0.1,epsilon_greedy,,324440,,,,,,,5.5978613557415785e-15
3539,3538,,,-19.0,19,True,False,True,False,success,,,0.1,epsilon_greedy,,324459,,,,,,,5.149915581700713e-13
3540,3539,,,-22.0,22,True,False,True,False,success,,,0.1,epsilon_greedy,,324481,,,,,,,3.1883586679916996e-14
3541,3540,,,-124.0,25,True,False,True,False,success,,,0.1,epsilon_greedy,,324506,,,,,,,2.3637536372689282e-12
3542,3541,,,-21.0,21,True,False,True,False,success,,,0.1,epsilon_greedy,,324527,,,,,,,5.202187886815019e-15
3543,3542,,,-17.0,17,True,False,True,False,success,,,0.1,epsilon_greedy,,324544,,,,,,,5.42050064964047e-15
3544,3543,,,-21.0,21,True,False,True,False,success,,,0.1,epsilon_greedy,,324565,,,,,,,5.378871951019652e-13
3545,3544,,,-17.0,17,True,False,True,False,success,,,0.1,epsilon_greedy,,324582,,,,,,,5.42050064964047e-15
3546,3545,,,-127.0,28,True,False,True,False,success,,,0.1,epsilon_greedy,,324610,,,,,,,1.0041967257734541e-13
3547,3546,,,-132.0,33,True,False,True,False,success,,,0.1,epsilon_greedy,,324643,,,,,,,5.1414697415366666e-12
3548,3547,,,-17.0,17,True,False,True,False,success,,,0.1,epsilon_greedy,,324660,,,,,,,5.42050064964047e-15
3549,3548,,,-245.0,47,True,False,True,False,success,,,0.1,epsilon_greedy,,324707,,,,,,,6.167128273780671e-12
3550,3549,,,-122.0,23,True,False,True,False,success,,,0.1,epsilon_greedy,,324730,,,,,,,1.873274482393398e-12
3551,3550,,,-17.0,17,True,False,True,False,success,,,0.1,epsilon_greedy,,324747,,,,,,,5.42050064964047e-15
3552,3551,,,-17.0,17,True,False,True,False,success,,,0.1,epsilon_greedy,,324764,,,,,,,5.42050064964047e-15
3553,3552,,,-21.0,21,True,False,True,False,success,,,0.1,epsilon_greedy,,324785,,,,,,,5.910615912052024e-15
3554,3553,,,-128.0,29,True,False,True,False,success,,,0.1,epsilon_greedy,,324814,,,,,,,1.1110422926502248e-12
3555,3554,,,-19.0,19,True,False,True,False,success,,,0.1,epsilon_greedy,,324833,,,,,,,5.691353820973171e-15
3556,3555,,,-125.0,26,True,False,True,False,success,,,0.1,epsilon_greedy,,324859,,,,,,,8.668279769188723e-15
3557,3556,,,-19.0,19,True,False,True,False,success,,,0.1,epsilon_greedy,,324878,,,,,,,1.1672662836303971e-11
3558,3557,,,-223.0,25,True,False,True,False,success,,,0.1,epsilon_greedy,,324903,,,,,,,7.410694280451935e-13
3559,3558,,,-17.0,17,True,False,True,False,success,,,0.1,epsilon_greedy,,324920,,,,,,,5.42050064964047e-15
3560,3559,,,-119.0,20,True,False,True,False,success,,,0.1,epsilon_greedy,,324940,,,,,,,8.248957072964913e-15
3561,3560,,,-17.0,17,True,False,True,False,success,,,0.1,epsilon_greedy,,324957,,,,,,,5.42050064964047e-15
3562,3561,,,-28.0,28,True,False,True,False,success,,,0.1,epsilon_greedy,,324985,,,,,,,1.357574370380072e-11
3563,3562,,,-19.0,19,True,False,True,False,success,,,0.1,epsilon_greedy,,325004,,,,,,,5.001846889890179e-15
3564,3563,,,-19.0,19,True,False,True,False,success,,,0.1,epsilon_greedy,,325023,,,,,,,6.065323681899539e-15
3565,3564,,,-19.0,19,True,False,True,False,success,,,0.1,epsilon_greedy,,325042,,,,,,,5.784846286204763e-15
3566,3565,,,-21.0,21,True,False,True,False,success,,,0.1,epsilon_greedy,,325063,,,,,,,5.995204332975845e-15
3567,3566,,,-21.0,21,True,False,True,False,success,,,0.1,epsilon_greedy,,325084,,,,,,,6.418146437594953e-15
3568,3567,,,-19.0,19,True,False,True,False,success,,,0.1,epsilon_greedy,,325103,,,,,,,5.784846286204763e-15
3569,3568,,,-19.0,19,True,False,True,False,success,,,0.1,epsilon_greedy,,325122,,,,,,,5.784846286204763e-15
3570,3569,,,-17.0,17,True,False,True,False,success,,,0.1,epsilon_greedy,,325139,,,,,,,5.42050064964047e-15
3571,3570,,,-17.0,17,True,False,True,False,success,,,0.1,epsilon_greedy,,325156,,,,,,,5.42050064964047e-15
3572,3571,,,-17.0,17,True,False,True,False,success,,,0.1,epsilon_greedy,,325173,,,,,,,5.42050064964047e-15
3573,3572,,,-17.0,17,True,False,True,False,success,,,0.1,epsilon_greedy,,325190,,,,,,,5.42050064964047e-15
3574,3573,,,-19.0,19,True,False,True,False,success,,,0.1,epsilon_greedy,,325209,,,,,,,4.973214822413004e-13
3575,3574,,,-21.0,21,True,False,True,False,success,,,0.1,epsilon_greedy,,325230,,,,,,,1.6087660304449292e-13
3576,3575,,,-20.0,20,True,False,True,False,success,,,0.1,epsilon_greedy,,325250,,,,,,,5.195843755245732e-15
3577,3576,,,-17.0,17,True,False,True,False,success,,,0.1,epsilon_greedy,,325267,,,,,,,5.42050064964047e-15
3578,3577,,,-17.0,17,True,False,True,False,success,,,0.1,epsilon_greedy,,325284,,,,,,,5.42050064964047e-15
3579,3578,,,-121.0,22,True,False,True,False,success,,,0.1,epsilon_greedy,,325306,,,,,,,8.22574331881366e-15
3580,3579,,,-448.0,52,True,False,True,False,success,,,0.1,epsilon_greedy,,325358,,,,,,,5.92218581866396e-14
3581,3580,,,-17.0,17,True,False,True,False,success,,,0.1,epsilon_greedy,,325375,,,,,,,5.42050064964047e-15
3582,3581,,,-131.0,32,True,False,True,False,success,,,0.1,epsilon_greedy,,325407,,,,,,,1.6061457719374062e-13
3583,3582,,,-27.0,27,True,False,True,False,success,,,0.1,epsilon_greedy,,325434,,,,,,,1.6658526410158931e-12
3584,3583,,,-127.0,28,True,False,True,False,success,,,0.1,epsilon_greedy,,325462,,,,,,,1.1792154554411483e-14
3585,3584,,,-19.0,19,True,False,True,False,success,,,0.1,epsilon_greedy,,325481,,,,,,,5.691353820973171e-15
3586,3585,,,-21.0,21,True,False,True,False,success,,,0.1,epsilon_greedy,,325502,,,,,,,3.1296658386552387e-13
3587,3586,,,-121.0,22,True,False,True,False,success,,,0.1,epsilon_greedy,,325524,,,,,,,7.94415038802237e-14
3588,3587,,,-245.0,47,True,False,True,False,success,,,0.1,epsilon_greedy,,325571,,,,,,,8.50273515898104e-12
3589,3588,,,-17.0,17,True,False,True,False,success,,,0.1,epsilon_greedy,,325588,,,,,,,5.42050064964047e-15
3590,3589,,,-19.0,19,True,False,True,False,success,,,0.1,epsilon_greedy,,325607,,,,,,,6.065323681899539e-15
3591,3590,,,-19.0,19,True,False,True,False,success,,,0.1,epsilon_greedy,,325626,,,,,,,2.037609846931781e-12
3592,3591,,,-19.0,19,True,False,True,False,success,,,0.1,epsilon_greedy,,325645,,,,,,,6.252308612362724e-15
3593,3592,,,-23.0,23,True,False,True,False,success,,,0.1,epsilon_greedy,,325668,,,,,,,6.091745465551946e-15
3594,3593,,,-19.0,19,True,False,True,False,success,,,0.1,epsilon_greedy,,325687,,,,,,,5.691353820973171e-15
3595,3594,,,-19.0,19,True,False,True,False,success,,,0.1,epsilon_greedy,,325706,,,,,,,7.983087874962573e-14
3596,3595,,,-21.0,21,True,False,True,False,success,,,0.1,epsilon_greedy,,325727,,,,,,,5.794306833281769e-15
3597,3596,,,-130.0,31,True,False,True,False,success,,,0.1,epsilon_greedy,,325758,,,,,,,3.209404068669638e-13
3598,3597,,,-129.0,30,True,False,True,False,success,,,0.1,epsilon_greedy,,325788,,,,,,,4.120844406448517e-12
3599,3598,,,-17.0,17,True,False,True,False,success,,,0.1,epsilon_greedy,,325805,,,,,,,5.42050064964047e-15
3600,3599,,,-19.0,19,True,False,True,False,success,,,0.1,epsilon_greedy,,325824,,,,,,,5.001846889890179e-15
3601,3600,,,-128.0,29,True,False,True,False,success,,,0.1,epsilon_greedy,,325853,,,,,,,2.7525499121374008e-11
3602,3601,,,-19.0,19,True,False,True,False,success,,,0.1,epsilon_greedy,,325872,,,,,,,5.691353820973171e-15
3603,3602,,,-23.0,23,True,False,True,False,success,,,0.1,epsilon_greedy,,325895,,,,,,,2.7333681212158098e-11
3604,3603,,,-123.0,24,True,False,True,False,success,,,0.1,epsilon_greedy,,325919,,,,,,,8.280413391995959e-15
3605,3604,,,-17.0,17,True,False,True,False,success,,,0.1,epsilon_greedy,,325936,,,,,,,5.42050064964047e-15
3606,3605,,,-133.0,34,True,False,True,False,success,,,0.1,epsilon_greedy,,325970,,,,,,,1.6319690696859117e-12
3607,3606,,,-253.0,55,True,False,True,False,success,,,0.1,epsilon_greedy,,326025,,,,,,,2.1926537353455058e-11
3608,3607,,,-23.0,23,True,False,True,False,success,,,0.1,epsilon_greedy,,326048,,,,,,,1.5913357588181538e-12
3609,3608,,,-119.0,20,True,False,True,False,success,,,0.1,epsilon_greedy,,326068,,,,,,,7.593925488436071e-15
3610,3609,,,-23.0,23,True,False,True,False,success,,,0.1,epsilon_greedy,,326091,,,,,,,1.2579956400254163e-11
3611,3610,,,-18.0,18,True,False,True,False,success,,,0.1,epsilon_greedy,,326109,,,,,,,5.1810407815840636e-15
3612,3611,,,-19.0,19,True,False,True,False,success,,,0.1,epsilon_greedy,,326128,,,,,,,5.691353820973171e-15
3613,3612,,,-17.0,17,True,False,True,False,success,,,0.1,epsilon_greedy,,326145,,,,,,,5.42050064964047e-15
3614,3613,,,-18.0,18,True,False,True,False,success,,,0.1,epsilon_greedy,,326163,,,,,,,5.1810407815840636e-15
3615,3614,,,-22.0,22,True,False,True,False,success,,,0.1,epsilon_greedy,,326185,,,,,,,6.368642986713398e-15
3616,3615,,,-129.0,30,True,False,True,False,success,,,0.1,epsilon_greedy,,326215,,,,,,,6.417829231016489e-14
3617,3616,,,-23.0,23,True,False,True,False,success,,,0.1,epsilon_greedy,,326238,,,,,,,2.5953152670433116e-13
3618,3617,,,-232.0,34,True,False,True,False,success,,,0.1,epsilon_greedy,,326272,,,,,,,5.3806632352274496e-14
3619,3618,,,-17.0,17,True,False,True,False,success,,,0.1,epsilon_greedy,,326289,,,,,,,5.42050064964047e-15
3620,3619,,,-123.0,24,True,False,True,False,success,,,0.1,epsilon_greedy,,326313,,,,,,,1.8349673632419203e-12
3621,3620,,,-17.0,17,True,False,True,False,success,,,0.1,epsilon_greedy,,326330,,,,,,,5.42050064964047e-15
3622,3621,,,-17.0,17,True,False,True,False,success,,,0.1,epsilon_greedy,,326347,,,,,,,5.42050064964047e-15
3623,3622,,,-19.0,19,True,False,True,False,success,,,0.1,epsilon_greedy,,326366,,,,,,,6.065323681899539e-15
3624,3623,,,-17.0,17,True,False,True,False,success,,,0.1,epsilon_greedy,,326383,,,,,,,5.42050064964047e-15
3625,3624,,,-124.0,25,True,False,True,False,success,,,0.1,epsilon_greedy,,326408,,,,,,,8.16235967704415e-15
3626,3625,,,-130.0,31,True,False,True,False,success,,,0.1,epsilon_greedy,,326439,,,,,,,3.589838104198128e-12
3627,3626,,,-136.0,37,True,False,True,False,success,,,0.1,epsilon_greedy,,326476,,,,,,,9.995385900344592e-12
3628,3627,,,-126.0,27,True,False,True,False,success,,,0.1,epsilon_greedy,,326503,,,,,,,8.215650382226158e-15
3629,3628,,,-119.0,20,True,False,True,False,success,,,0.1,epsilon_greedy,,326523,,,,,,,8.248957072964913e-15
3630,3629,,,-18.0,18,True,False,True,False,success,,,0.1,epsilon_greedy,,326541,,,,,,,5.9088536532827775e-15
3631,3630,,,-21.0,21,True,False,True,False,success,,,0.1,epsilon_greedy,,326562,,,,,,,5.826027491128202e-15
3632,3631,,,-23.0,23,True,False,True,False,success,,,0.1,epsilon_greedy,,326585,,,,,,,2.341605170633319e-13
3633,3632,,,-23.0,23,True,False,True,False,success,,,0.1,epsilon_greedy,,326608,,,,,,,2.4221687457680754e-12
3634,3633,,,-21.0,21,True,False,True,False,success,,,0.1,epsilon_greedy,,326629,,,,,,,5.625129991434126e-15
3635,3634,,,-19.0,19,True,False,True,False,success,,,0.1,epsilon_greedy,,326648,,,,,,,5.5978613557415785e-15
3636,3635,,,-22.0,22,True,False,True,False,success,,,0.1,epsilon_greedy,,326670,,,,,,,8.27224147767228e-12
3637,3636,,,-17.0,17,True,False,True,False,success,,,0.1,epsilon_greedy,,326687,,,,,,,5.42050064964047e-15
3638,3637,,,-17.0,17,True,False,True,False,success,,,0.1,epsilon_greedy,,326704,,,,,,,5.42050064964047e-15
3639,3638,,,-17.0,17,True,False,True,False,success,,,0.1,epsilon_greedy,,326721,,,,,,,5.42050064964047e-15
3640,3639,,,-22.0,22,True,False,True,False,success,,,0.1,epsilon_greedy,,326743,,,,,,,1.774230257661264e-11
3641,3640,,,-119.0,20,True,False,True,False,success,,,0.1,epsilon_greedy,,326763,,,,,,,8.604228440844963e-15
3642,3641,,,-17.0,17,True,False,True,False,success,,,0.1,epsilon_greedy,,326780,,,,,,,5.42050064964047e-15
3643,3642,,,-19.0,19,True,False,True,False,success,,,0.1,epsilon_greedy,,326799,,,,,,,5.9718312166679474e-15
3644,3643,,,-23.0,23,True,False,True,False,success,,,0.1,epsilon_greedy,,326822,,,,,,,1.225753797978976e-12
3645,3644,,,-238.0,40,True,False,True,False,success,,,0.1,epsilon_greedy,,326862,,,,,,,1.8048601502229645e-11
3646,3645,,,-136.0,37,True,False,True,False,success,,,0.1,epsilon_greedy,,326899,,,,,,,8.277900887277168e-12
3647,3646,,,-17.0,17,True,False,True,False,success,,,0.1,epsilon_greedy,,326916,,,,,,,5.42050064964047e-15
3648,3647,,,-127.0,28,True,False,True,False,success,,,0.1,epsilon_greedy,,326944,,,,,,,5.626451685511061e-14
3649,3648,,,-19.0,19,True,False,True,False,success,,,0.1,epsilon_greedy,,326963,,,,,,,5.691353820973171e-15
3650,3649,,,-17.0,17,True,False,True,False,success,,,0.1,epsilon_greedy,,326980,,,,,,,5.42050064964047e-15
3651,3650,,,-17.0,17,True,False,True,False,success,,,0.1,epsilon_greedy,,326997,,,,,,,5.42050064964047e-15
3652,3651,,,-23.0,23,True,False,True,False,success,,,0.1,epsilon_greedy,,327020,,,,,,,8.070838683362008e-15
3653,3652,,,-121.0,22,True,False,True,False,success,,,0.1,epsilon_greedy,,327042,,,,,,,6.198577005213999e-13
3654,3653,,,-21.0,21,True,False,True,False,success,,,0.1,epsilon_greedy,,327063,,,,,,,6.974209569642924e-13
3655,3654,,,-124.0,25,True,False,True,False,success,,,0.1,epsilon_greedy,,327088,,,,,,,8.23341395062016e-15
3656,3655,,,-19.0,19,True,False,True,False,success,,,0.1,epsilon_greedy,,327107,,,,,,,2.536801178477713e-13
3657,3656,,,-19.0,19,True,False,True,False,success,,,0.1,epsilon_greedy,,327126,,,,,,,7.792947573797822e-13
3658,3657,,,-17.0,17,True,False,True,False,success,,,0.1,epsilon_greedy,,327143,,,,,,,5.42050064964047e-15
3659,3658,,,-17.0,17,True,False,True,False,success,,,0.1,epsilon_greedy,,327160,,,,,,,5.42050064964047e-15
3660,3659,,,-237.0,39,True,False,True,False,success,,,0.1,epsilon_greedy,,327199,,,,,,,1.9618153255753265e-11
3661,3660,,,-17.0,17,True,False,True,False,success,,,0.1,epsilon_greedy,,327216,,,,,,,5.42050064964047e-15
3662,3661,,,-19.0,19,True,False,True,False,success,,,0.1,epsilon_greedy,,327235,,,,,,,3.0262342339650976e-13
3663,3662,,,-17.0,17,True,False,True,False,success,,,0.1,epsilon_greedy,,327252,,,,,,,5.42050064964047e-15
3664,3663,,,-19.0,19,True,False,True,False,success,,,0.1,epsilon_greedy,,327271,,,,,,,6.065323681899539e-15
3665,3664,,,-19.0,19,True,False,True,False,success,,,0.1,epsilon_greedy,,327290,,,,,,,5.691353820973171e-15
3666,3665,,,-20.0,20,True,False,True,False,success,,,0.1,epsilon_greedy,,327310,,,,,,,6.715850098260035e-13
3667,3666,,,-17.0,17,True,False,True,False,success,,,0.1,epsilon_greedy,,327327,,,,,,,5.42050064964047e-15
3668,3667,,,-124.0,25,True,False,True,False,success,,,0.1,epsilon_greedy,,327352,,,,,,,1.3982326407813161e-12
3669,3668,,,-19.0,19,True,False,True,False,success,,,0.1,epsilon_greedy,,327371,,,,,,,6.5327860080575e-15
3670,3669,,,-18.0,18,True,False,True,False,success,,,0.1,epsilon_greedy,,327389,,,,,,,5.612794180049403e-15
3671,3670,,,-346.0,49,True,False,True,False,success,,,0.1,epsilon_greedy,,327438,,,,,,,4.886644377126352e-12
3672,3671,,,-23.0,23,True,False,True,False,success,,,0.1,epsilon_greedy,,327461,,,,,,,3.676575951895638e-13
3673,3672,,,-17.0,17,True,False,True,False,success,,,0.1,epsilon_greedy,,327478,,,,,,,5.42050064964047e-15
3674,3673,,,-229.0,31,True,False,True,False,success,,,0.1,epsilon_greedy,,327509,,,,,,,1.2026222311907341e-14
3675,3674,,,-22.0,22,True,False,True,False,success,,,0.1,epsilon_greedy,,327531,,,,,,,5.013262532377832e-13
3676,3675,,,-337.0,40,True,False,True,False,success,,,0.1,epsilon_greedy,,327571,,,,,,,2.581573843585261e-12
3677,3676,,,-20.0,20,True,False,True,False,success,,,0.1,epsilon_greedy,,327591,,,,,,,6.0285110237146e-15
3678,3677,,,-22.0,22,True,False,True,False,success,,,0.1,epsilon_greedy,,327613,,,,,,,9.658940314238862e-15
3679,3678,,,-18.0,18,True,False,True,False,success,,,0.1,epsilon_greedy,,327631,,,,,,,5.9088536532827775e-15
3680,3679,,,-19.0,19,True,False,True,False,success,,,0.1,epsilon_greedy,,327650,,,,,,,5.218632543645933e-13
3681,3680,,,-19.0,19,True,False,True,False,success,,,0.1,epsilon_greedy,,327669,,,,,,,1.6514392192926895e-12
3682,3681,,,-238.0,40,True,False,True,False,success,,,0.1,epsilon_greedy,,327709,,,,,,,1.550647943382444e-11
3683,3682,,,-347.0,50,True,False,True,False,success,,,0.1,epsilon_greedy,,327759,,,,,,,9.502580944342753e-12
3684,3683,,,-131.0,32,True,False,True,False,success,,,0.1,epsilon_greedy,,327791,,,,,,,1.7441929844874693e-11
3685,3684,,,-21.0,21,True,False,True,False,success,,,0.1,epsilon_greedy,,327812,,,,,,,4.2157811633171065e-13
3686,3685,,,-19.0,19,True,False,True,False,success,,,0.1,epsilon_greedy,,327831,,,,,,,1.1581379130563474e-14
3687,3686,,,-122.0,23,True,False,True,False,success,,,0.1,epsilon_greedy,,327854,,,,,,,8.254266835256598e-15
3688,3687,,,-23.0,23,True,False,True,False,success,,,0.1,epsilon_greedy,,327877,,,,,,,2.21294480324915e-12
3689,3688,,,-125.0,26,True,False,True,False,success,,,0.1,epsilon_greedy,,327903,,,,,,,1.4821904387601465e-12
3690,3689,,,-23.0,23,True,False,True,False,success,,,0.1,epsilon_greedy,,327926,,,,,,,8.698385007446435e-12
3691,3690,,,-132.0,33,True,False,True,False,success,,,0.1,epsilon_greedy,,327959,,,,,,,2.234219543380057e-12
3692,3691,,,-19.0,19,True,False,True,False,success,,,0.1,epsilon_greedy,,327978,,,,,,,4.480976992968671e-13
3693,3692,,,-127.0,28,True,False,True,False,success,,,0.1,epsilon_greedy,,328006,,,,,,,8.30288219130385e-15
3694,3693,,,-21.0,21,True,False,True,False,success,,,0.1,epsilon_greedy,,328027,,,,,,,1.6724473657821665e-11
3695,3694,,,-17.0,17,True,False,True,False,success,,,0.1,epsilon_greedy,,328044,,,,,,,5.42050064964047e-15
3696,3695,,,-129.0,30,True,False,True,False,success,,,0.1,epsilon_greedy,,328074,,,,,,,8.637535131583718e-15
3697,3696,,,-18.0,18,True,False,True,False,success,,,0.1,epsilon_greedy,,328092,,,,,,,5.9088536532827775e-15
3698,3697,,,-17.0,17,True,False,True,False,success,,,0.1,epsilon_greedy,,328109,,,,,,,5.42050064964047e-15
3699,3698,,,-235.0,37,True,False,True,False,success,,,0.1,epsilon_greedy,,328146,,,,,,,1.747905724062708e-11
3700,3699,,,-130.0,31,True,False,True,False,success,,,0.1,epsilon_greedy,,328177,,,,,,,6.2200495650146086e-12
3701,3700,,,-122.0,23,True,False,True,False,success,,,0.1,epsilon_greedy,,328200,,,,,,,8.254266835256598e-15
3702,3701,,,-19.0,19,True,False,True,False,success,,,0.1,epsilon_greedy,,328219,,,,,,,5.954301379437023e-14
3703,3702,,,-17.0,17,True,False,True,False,success,,,0.1,epsilon_greedy,,328236,,,,,,,5.42050064964047e-15
3704,3703,,,-222.0,24,True,False,True,False,success,,,0.1,epsilon_greedy,,328260,,,,,,,1.0204799968012898e-14
3705,3704,,,-17.0,17,True,False,True,False,success,,,0.1,epsilon_greedy,,328277,,,,,,,5.42050064964047e-15
3706,3705,,,-19.0,19,True,False,True,False,success,,,0.1,epsilon_greedy,,328296,,,,,,,1.791631170907462e-12
3707,3706,,,-127.0,28,True,False,True,False,success,,,0.1,epsilon_greedy,,328324,,,,,,,1.0523328240554163e-14
3708,3707,,,-19.0,19,True,False,True,False,success,,,0.1,epsilon_greedy,,328343,,,,,,,6.065323681899539e-15
3709,3708,,,-19.0,19,True,False,True,False,success,,,0.1,epsilon_greedy,,328362,,,,,,,4.1808661795752604e-13
3710,3709,,,-119.0,20,True,False,True,False,success,,,0.1,epsilon_greedy,,328382,,,,,,,8.248957072964913e-15
3711,3710,,,-17.0,17,True,False,True,False,success,,,0.1,epsilon_greedy,,328399,,,,,,,5.42050064964047e-15
3712,3711,,,-17.0,17,True,False,True,False,success,,,0.1,epsilon_greedy,,328416,,,,,,,5.42050064964047e-15
3713,3712,,,-125.0,26,True,False,True,False,success,,,0.1,epsilon_greedy,,328442,,,,,,,9.898065273388896e-15
3714,3713,,,-17.0,17,True,False,True,False,success,,,0.1,epsilon_greedy,,328459,,,,,,,5.42050064964047e-15
3715,3714,,,-123.0,24,True,False,True,False,success,,,0.1,epsilon_greedy,,328483,,,,,,,1.3288166863153113e-12
3716,3715,,,-21.0,21,True,False,True,False,success,,,0.1,epsilon_greedy,,328504,,,,,,,1.6871477759834653e-12
3717,3716,,,-25.0,25,True,False,True,False,success,,,0.1,epsilon_greedy,,328529,,,,,,,1.2278444927460442e-12
3718,3717,,,-128.0,29,True,False,True,False,success,,,0.1,epsilon_greedy,,328558,,,,,,,9.246779587234917e-13
3719,3718,,,-22.0,22,True,False,True,False,success,,,0.1,epsilon_greedy,,328580,,,,,,,6.045669015913352e-15
3720,3719,,,-131.0,32,True,False,True,False,success,,,0.1,epsilon_greedy,,328612,,,,,,,1.5698435607003347e-11
3721,3720,,,-17.0,17,True,False,True,False,success,,,0.1,epsilon_greedy,,328629,,,,,,,5.42050064964047e-15
3722,3721,,,-19.0,19,True,False,True,False,success,,,0.1,epsilon_greedy,,328648,,,,,,,5.784846286204763e-15
3723,3722,,,-23.0,23,True,False,True,False,success,,,0.1,epsilon_greedy,,328671,,,,,,,5.237646065651184e-13
3724,3723,,,-123.0,24,True,False,True,False,success,,,0.1,epsilon_greedy,,328695,,,,,,,8.50245799692099e-15
3725,3724,,,-22.0,22,True,False,True,False,success,,,0.1,epsilon_greedy,,328717,,,,,,,7.506318798856558e-13
3726,3725,,,-17.0,17,True,False,True,False,success,,,0.1,epsilon_greedy,,328734,,,,,,,5.42050064964047e-15
3727,3726,,,-137.0,38,True,False,True,False,success,,,0.1,epsilon_greedy,,328772,,,,,,,1.2108437060027499e-11
3728,3727,,,-17.0,17,True,False,True,False,success,,,0.1,epsilon_greedy,,328789,,,,,,,5.42050064964047e-15
3729,3728,,,-18.0,18,True,False,True,False,success,,,0.1,epsilon_greedy,,328807,,,,,,,5.612794180049403e-15
3730,3729,,,-128.0,29,True,False,True,False,success,,,0.1,epsilon_greedy,,328836,,,,,,,2.829154535165485e-14
3731,3730,,,-18.0,18,True,False,True,False,success,,,0.1,epsilon_greedy,,328854,,,,,,,5.1810407815840636e-15
3732,3731,,,-17.0,17,True,False,True,False,success,,,0.1,epsilon_greedy,,328871,,,,,,,5.42050064964047e-15
3733,3732,,,-17.0,17,True,False,True,False,success,,,0.1,epsilon_greedy,,328888,,,,,,,5.42050064964047e-15
3734,3733,,,-21.0,21,True,False,True,False,success,,,0.1,epsilon_greedy,,328909,,,,,,,8.305525579457718e-14
3735,3734,,,-224.0,26,True,False,True,False,success,,,0.1,epsilon_greedy,,328935,,,,,,,1.0103029524088925e-14
3736,3735,,,-21.0,21,True,False,True,False,success,,,0.1,epsilon_greedy,,328956,,,,,,,7.1139179203512305e-12
3737,3736,,,-19.0,19,True,False,True,False,success,,,0.1,epsilon_greedy,,328975,,,,,,,5.784846286204763e-15
3738,3737,,,-17.0,17,True,False,True,False,success,,,0.1,epsilon_greedy,,328992,,,,,,,5.42050064964047e-15
3739,3738,,,-20.0,20,True,False,True,False,success,,,0.1,epsilon_greedy,,329012,,,,,,,5.416889159448602e-13
3740,3739,,,-23.0,23,True,False,True,False,success,,,0.1,epsilon_greedy,,329035,,,,,,,1.7813287077279196e-12
3741,3740,,,-19.0,19,True,False,True,False,success,,,0.1,epsilon_greedy,,329054,,,,,,,5.784846286204763e-15
3742,3741,,,-17.0,17,True,False,True,False,success,,,0.1,epsilon_greedy,,329071,,,,,,,5.42050064964047e-15
3743,3742,,,-23.0,23,True,False,True,False,success,,,0.1,epsilon_greedy,,329094,,,,,,,8.292883288287039e-15
3744,3743,,,-17.0,17,True,False,True,False,success,,,0.1,epsilon_greedy,,329111,,,,,,,5.42050064964047e-15
3745,3744,,,-17.0,17,True,False,True,False,success,,,0.1,epsilon_greedy,,329128,,,,,,,5.42050064964047e-15
3746,3745,,,-17.0,17,True,False,True,False,success,,,0.1,epsilon_greedy,,329145,,,,,,,5.42050064964047e-15
3747,3746,,,-19.0,19,True,False,True,False,success,,,0.1,epsilon_greedy,,329164,,,,,,,6.065323681899539e-15
3748,3747,,,-127.0,28,True,False,True,False,success,,,0.1,epsilon_greedy,,329192,,,,,,,1.2807215605497342e-14
3749,3748,,,-19.0,19,True,False,True,False,success,,,0.1,epsilon_greedy,,329211,,,,,,,5.5978613557415785e-15
3750,3749,,,-128.0,29,True,False,True,False,success,,,0.1,epsilon_greedy,,329240,,,,,,,2.0067740572730585e-11
3751,3750,,,-124.0,25,True,False,True,False,success,,,0.1,epsilon_greedy,,329265,,,,,,,8.23341395062016e-15
3752,3751,,,-19.0,19,True,False,True,False,success,,,0.1,epsilon_greedy,,329284,,,,,,,5.130048432839e-13
3753,3752,,,-18.0,18,True,False,True,False,success,,,0.1,epsilon_greedy,,329302,,,,,,,5.1810407815840636e-15
3754,3753,,,-21.0,21,True,False,True,False,success,,,0.1,epsilon_greedy,,329323,,,,,,,2.476220287018718e-13
3755,3754,,,-19.0,19,True,False,True,False,success,,,0.1,epsilon_greedy,,329342,,,,,,,5.784846286204763e-15
3756,3755,,,-23.0,23,True,False,True,False,success,,,0.1,epsilon_greedy,,329365,,,,,,,9.100932567949001e-14
3757,3756,,,-128.0,29,True,False,True,False,success,,,0.1,epsilon_greedy,,329394,,,,,,,1.8061559910522412e-11
3758,3757,,,-23.0,23,True,False,True,False,success,,,0.1,epsilon_greedy,,329417,,,,,,,3.1638459967839677e-13
3759,3758,,,-133.0,34,True,False,True,False,success,,,0.1,epsilon_greedy,,329451,,,,,,,1.1969608311049154e-11
3760,3759,,,-19.0,19,True,False,True,False,success,,,0.1,epsilon_greedy,,329470,,,,,,,3.061293908426945e-13
3761,3760,,,-25.0,25,True,False,True,False,success,,,0.1,epsilon_greedy,,329495,,,,,,,3.3821390132970917e-12
3762,3761,,,-17.0,17,True,False,True,False,success,,,0.1,epsilon_greedy,,329512,,,,,,,5.42050064964047e-15
3763,3762,,,-17.0,17,True,False,True,False,success,,,0.1,epsilon_greedy,,329529,,,,,,,5.42050064964047e-15
3764,3763,,,-19.0,19,True,False,True,False,success,,,0.1,epsilon_greedy,,329548,,,,,,,5.784846286204763e-15
3765,3764,,,-233.0,35,True,False,True,False,success,,,0.1,epsilon_greedy,,329583,,,,,,,2.871988361416048e-14
3766,3765,,,-125.0,26,True,False,True,False,success,,,0.1,epsilon_greedy,,329609,,,,,,,8.87324401988875e-15
3767,3766,,,-17.0,17,True,False,True,False,success,,,0.1,epsilon_greedy,,329626,,,,,,,5.42050064964047e-15
3768,3767,,,-21.0,21,True,False,True,False,success,,,0.1,epsilon_greedy,,329647,,,,,,,9.506120758287364e-12
3769,3768,,,-17.0,17,True,False,True,False,success,,,0.1,epsilon_greedy,,329664,,,,,,,5.42050064964047e-15
3770,3769,,,-17.0,17,True,False,True,False,success,,,0.1,epsilon_greedy,,329681,,,,,,,5.42050064964047e-15
3771,3770,,,-125.0,26,True,False,True,False,success,,,0.1,epsilon_greedy,,329707,,,,,,,8.599958352288713e-15
3772,3771,,,-17.0,17,True,False,True,False,success,,,0.1,epsilon_greedy,,329724,,,,,,,5.42050064964047e-15
3773,3772,,,-21.0,21,True,False,True,False,success,,,0.1,epsilon_greedy,,329745,,,,,,,2.9165030179272086e-13
3774,3773,,,-21.0,21,True,False,True,False,success,,,0.1,epsilon_greedy,,329766,,,,,,,2.0778088244675193e-13
3775,3774,,,-21.0,21,True,False,True,False,success,,,0.1,epsilon_greedy,,329787,,,,,,,7.662653580436675e-14
3776,3775,,,-26.0,26,True,False,True,False,success,,,0.1,epsilon_greedy,,329813,,,,,,,5.030394904045247e-12
3777,3776,,,-22.0,22,True,False,True,False,success,,,0.1,epsilon_greedy,,329835,,,,,,,1.2558338207730395e-12
3778,3777,,,-17.0,17,True,False,True,False,success,,,0.1,epsilon_greedy,,329852,,,,,,,5.42050064964047e-15
3779,3778,,,-19.0,19,True,False,True,False,success,,,0.1,epsilon_greedy,,329871,,,,,,,3.639077343558184e-13
3780,3779,,,-17.0,17,True,False,True,False,success,,,0.1,epsilon_greedy,,329888,,,,,,,5.42050064964047e-15
3781,3780,,,-17.0,17,True,False,True,False,success,,,0.1,epsilon_greedy,,329905,,,,,,,5.42050064964047e-15
3782,3781,,,-25.0,25,True,False,True,False,success,,,0.1,epsilon_greedy,,329930,,,,,,,1.8067591867065858e-12
3783,3782,,,-19.0,19,True,False,True,False,success,,,0.1,epsilon_greedy,,329949,,,,,,,5.9718312166679474e-15
3784,3783,,,-17.0,17,True,False,True,False,success,,,0.1,epsilon_greedy,,329966,,,,,,,5.42050064964047e-15
3785,3784,,,-17.0,17,True,False,True,False,success,,,0.1,epsilon_greedy,,329983,,,,,,,5.42050064964047e-15
3786,3785,,,-17.0,17,True,False,True,False,success,,,0.1,epsilon_greedy,,330000,,,,,,,5.42050064964047e-15
3787,3786,,,-120.0,21,True,False,True,False,success,,,0.1,epsilon_greedy,,330021,,,,,,,8.194503276995203e-15
3788,3787,,,-21.0,21,True,False,True,False,success,,,0.1,epsilon_greedy,,330042,,,,,,,4.2978425051658286e-12
3789,3788,,,-21.0,21,True,False,True,False,success,,,0.1,epsilon_greedy,,330063,,,,,,,1.4839240947139842e-12
3790,3789,,,-19.0,19,True,False,True,False,success,,,0.1,epsilon_greedy,,330082,,,,,,,1.2642401745360506e-12
3791,3790,,,-125.0,26,True,False,True,False,success,,,0.1,epsilon_greedy,,330108,,,,,,,8.804922602988741e-15
3792,3791,,,-132.0,33,True,False,True,False,success,,,0.1,epsilon_greedy,,330141,,,,,,,5.259839701834883e-12
3793,3792,,,-19.0,19,True,False,True,False,success,,,0.1,epsilon_greedy,,330160,,,,,,,9.80619094697862e-14
3794,3793,,,-19.0,19,True,False,True,False,success,,,0.1,epsilon_greedy,,330179,,,,,,,5.784846286204763e-15
3795,3794,,,-126.0,27,True,False,True,False,success,,,0.1,epsilon_greedy,,330206,,,,,,,7.993605777301127e-15
3796,3795,,,-121.0,22,True,False,True,False,success,,,0.1,epsilon_greedy,,330228,,,,,,,1.0809535085214024e-14
3797,3796,,,-19.0,19,True,False,True,False,success,,,0.1,epsilon_greedy,,330247,,,,,,,5.784846286204763e-15
3798,3797,,,-17.0,17,True,False,True,False,success,,,0.1,epsilon_greedy,,330264,,,,,,,5.42050064964047e-15
3799,3798,,,-17.0,17,True,False,True,False,success,,,0.1,epsilon_greedy,,330281,,,,,,,5.42050064964047e-15
3800,3799,,,-19.0,19,True,False,True,False,success,,,0.1,epsilon_greedy,,330300,,,,,,,5.375816750816547e-15
3801,3800,,,-19.0,19,True,False,True,False,success,,,0.1,epsilon_greedy,,330319,,,,,,,5.784846286204763e-15
3802,3801,,,-19.0,19,True,False,True,False,success,,,0.1,epsilon_greedy,,330338,,,,,,,6.065323681899539e-15
3803,3802,,,-21.0,21,True,False,True,False,success,,,0.1,epsilon_greedy,,330359,,,,,,,6.3335580166711315e-15
3804,3803,,,-19.0,19,True,False,True,False,success,,,0.1,epsilon_greedy,,330378,,,,,,,3.28006627706887e-13
3805,3804,,,-21.0,21,True,False,True,False,success,,,0.1,epsilon_greedy,,330399,,,,,,,6.83273635554691e-09
3806,3805,,,-17.0,17,True,False,True,False,success,,,0.1,epsilon_greedy,,330416,,,,,,,5.42050064964047e-15
3807,3806,,,-17.0,17,True,False,True,False,success,,,0.1,epsilon_greedy,,330433,,,,,,,5.42050064964047e-15
3808,3807,,,-19.0,19,True,False,True,False,success,,,0.1,epsilon_greedy,,330452,,,,,,,2.4606048193139653e-13
3809,3808,,,-17.0,17,True,False,True,False,success,,,0.1,epsilon_greedy,,330469,,,,,,,5.42050064964047e-15
3810,3809,,,-121.0,22,True,False,True,False,success,,,0.1,epsilon_greedy,,330491,,,,,,,8.22574331881366e-15
3811,3810,,,-119.0,20,True,False,True,False,success,,,0.1,epsilon_greedy,,330511,,,,,,,8.248957072964913e-15
3812,3811,,,-17.0,17,True,False,True,False,success,,,0.1,epsilon_greedy,,330528,,,,,,,5.42050064964047e-15
3813,3812,,,-17.0,17,True,False,True,False,success,,,0.1,epsilon_greedy,,330545,,,,,,,5.42050064964047e-15
3814,3813,,,-231.0,33,True,False,True,False,success,,,0.1,epsilon_greedy,,330578,,,,,,,2.5185241098011884e-14
3815,3814,,,-19.0,19,True,False,True,False,success,,,0.1,epsilon_greedy,,330597,,,,,,,5.691353820973171e-15
3816,3815,,,-19.0,19,True,False,True,False,success,,,0.1,epsilon_greedy,,330616,,,,,,,5.5978613557415785e-15
3817,3816,,,-18.0,18,True,False,True,False,success,,,0.1,epsilon_greedy,,330634,,,,,,,5.9088536532827775e-15
3818,3817,,,-21.0,21,True,False,True,False,success,,,0.1,epsilon_greedy,,330655,,,,,,,8.140578158656266e-14
3819,3818,,,-238.0,40,True,False,True,False,success,,,0.1,epsilon_greedy,,330695,,,,,,,3.946215576533518e-12
3820,3819,,,-123.0,24,True,False,True,False,success,,,0.1,epsilon_greedy,,330719,,,,,,,8.280413391995959e-15
3821,3820,,,-244.0,46,True,False,True,False,success,,,0.1,epsilon_greedy,,330765,,,,,,,5.108758826605461e-12
3822,3821,,,-20.0,20,True,False,True,False,success,,,0.1,epsilon_greedy,,330785,,,,,,,5.4622972811557705e-15
3823,3822,,,-19.0,19,True,False,True,False,success,,,0.1,epsilon_greedy,,330804,,,,,,,5.691353820973171e-15
3824,3823,,,-17.0,17,True,False,True,False,success,,,0.1,epsilon_greedy,,330821,,,,,,,5.42050064964047e-15
3825,3824,,,-129.0,30,True,False,True,False,success,,,0.1,epsilon_greedy,,330851,,,,,,,2.318145675417327e-14
3826,3825,,,-18.0,18,True,False,True,False,success,,,0.1,epsilon_greedy,,330869,,,,,,,5.9088536532827775e-15
3827,3826,,,-133.0,34,True,False,True,False,success,,,0.1,epsilon_greedy,,330903,,,,,,,1.0773022996555509e-11
3828,3827,,,-21.0,21,True,False,True,False,success,,,0.1,epsilon_greedy,,330924,,,,,,,2.5049803501328174e-13
3829,3828,,,-21.0,21,True,False,True,False,success,,,0.1,epsilon_greedy,,330945,,,,,,,1.3368671249379206e-12
3830,3829,,,-17.0,17,True,False,True,False,success,,,0.1,epsilon_greedy,,330962,,,,,,,5.42050064964047e-15
3831,3830,,,-19.0,19,True,False,True,False,success,,,0.1,epsilon_greedy,,330981,,,,,,,6.065323681899539e-15
3832,3831,,,-19.0,19,True,False,True,False,success,,,0.1,epsilon_greedy,,331000,,,,,,,5.784846286204763e-15
3833,3832,,,-21.0,21,True,False,True,False,success,,,0.1,epsilon_greedy,,331021,,,,,,,2.6864225130144146e-13
3834,3833,,,-19.0,19,True,False,True,False,success,,,0.1,epsilon_greedy,,331040,,,,,,,5.784846286204763e-15
3835,3834,,,-252.0,54,True,False,True,False,success,,,0.1,epsilon_greedy,,331094,,,,,,,6.178839333185974e-12
3836,3835,,,-17.0,17,True,False,True,False,success,,,0.1,epsilon_greedy,,331111,,,,,,,5.42050064964047e-15
3837,3836,,,-133.0,34,True,False,True,False,success,,,0.1,epsilon_greedy,,331145,,,,,,,4.289477270112778e-12
3838,3837,,,-18.0,18,True,False,True,False,success,,,0.1,epsilon_greedy,,331163,,,,,,,5.612794180049403e-15
3839,3838,,,-23.0,23,True,False,True,False,success,,,0.1,epsilon_greedy,,331186,,,,,,,1.8679743742149699e-13
3840,3839,,,-17.0,17,True,False,True,False,success,,,0.1,epsilon_greedy,,331203,,,,,,,5.42050064964047e-15
3841,3840,,,-17.0,17,True,False,True,False,success,,,0.1,epsilon_greedy,,331220,,,,,,,5.42050064964047e-15
3842,3841,,,-17.0,17,True,False,True,False,success,,,0.1,epsilon_greedy,,331237,,,,,,,5.42050064964047e-15
3843,3842,,,-17.0,17,True,False,True,False,success,,,0.1,epsilon_greedy,,331254,,,,,,,5.42050064964047e-15
3844,3843,,,-128.0,29,True,False,True,False,success,,,0.1,epsilon_greedy,,331283,,,,,,,8.445351697665846e-15
3845,3844,,,-136.0,37,True,False,True,False,success,,,0.1,epsilon_greedy,,331320,,,,,,,5.3554698213646764e-12
3846,3845,,,-17.0,17,True,False,True,False,success,,,0.1,epsilon_greedy,,331337,,,,,,,5.42050064964047e-15
3847,3846,,,-17.0,17,True,False,True,False,success,,,0.1,epsilon_greedy,,331354,,,,,,,5.42050064964047e-15
3848,3847,,,-344.0,47,True,False,True,False,success,,,0.1,epsilon_greedy,,331401,,,,,,,1.272290547147959e-11
3849,3848,,,-130.0,31,True,False,True,False,success,,,0.1,epsilon_greedy,,331432,,,,,,,3.675389741656985e-12
3850,3849,,,-19.0,19,True,False,True,False,success,,,0.1,epsilon_greedy,,331451,,,,,,,1.3386134306277821e-12
3851,3850,,,-21.0,21,True,False,True,False,success,,,0.1,epsilon_greedy,,331472,,,,,,,6.669691254317166e-13
3852,3851,,,-120.0,21,True,False,True,False,success,,,0.1,epsilon_greedy,,331493,,,,,,,8.194503276995203e-15
3853,3852,,,-19.0,19,True,False,True,False,success,,,0.1,epsilon_greedy,,331512,,,,,,,5.5978613557415785e-15
3854,3853,,,-17.0,17,True,False,True,False,success,,,0.1,epsilon_greedy,,331529,,,,,,,5.42050064964047e-15
3855,3854,,,-19.0,19,True,False,True,False,success,,,0.1,epsilon_greedy,,331548,,,,,,,5.784846286204763e-15
3856,3855,,,-132.0,33,True,False,True,False,success,,,0.1,epsilon_greedy,,331581,,,,,,,5.189485205195607e-12
3857,3856,,,-19.0,19,True,False,True,False,success,,,0.1,epsilon_greedy,,331600,,,,,,,5.5978613557415785e-15
3858,3857,,,-21.0,21,True,False,True,False,success,,,0.1,epsilon_greedy,,331621,,,,,,,1.5052583518262336e-11
3859,3858,,,-17.0,17,True,False,True,False,success,,,0.1,epsilon_greedy,,331638,,,,,,,5.42050064964047e-15
3860,3859,,,-123.0,24,True,False,True,False,success,,,0.1,epsilon_greedy,,331662,,,,,,,8.206398523687616e-15
3861,3860,,,-21.0,21,True,False,True,False,success,,,0.1,epsilon_greedy,,331683,,,,,,,5.625129991434126e-15
3862,3861,,,-19.0,19,True,False,True,False,success,,,0.1,epsilon_greedy,,331702,,,,,,,1.0249462097757905e-12
3863,3862,,,-23.0,23,True,False,True,False,success,,,0.1,epsilon_greedy,,331725,,,,,,,4.061581988609127e-13
3864,3863,,,-17.0,17,True,False,True,False,success,,,0.1,epsilon_greedy,,331742,,,,,,,5.42050064964047e-15
3865,3864,,,-123.0,24,True,False,True,False,success,,,0.1,epsilon_greedy,,331766,,,,,,,4.6842159780643065e-14
3866,3865,,,-19.0,19,True,False,True,False,success,,,0.1,epsilon_greedy,,331785,,,,,,,7.286569008987211e-14
3867,3866,,,-21.0,21,True,False,True,False,success,,,0.1,epsilon_greedy,,331806,,,,,,,2.2596739294537352e-13
3868,3867,,,-130.0,31,True,False,True,False,success,,,0.1,epsilon_greedy,,331837,,,,,,,2.9086339072048963e-12
3869,3868,,,-20.0,20,True,False,True,False,success,,,0.1,epsilon_greedy,,331857,,,,,,,5.551115123125783e-15
3870,3869,,,-122.0,23,True,False,True,False,success,,,0.1,epsilon_greedy,,331880,,,,,,,8.331499741317479e-15
3871,3870,,,-673.0,79,True,False,True,False,success,,,0.1,epsilon_greedy,,331959,,,,,,,5.4757857882321655e-12
3872,3871,,,-25.0,25,True,False,True,False,success,,,0.1,epsilon_greedy,,331984,,,,,,,4.804467934604873e-12
3873,3872,,,-239.0,41,True,False,True,False,success,,,0.1,epsilon_greedy,,332025,,,,,,,2.1050911691307238e-14
3874,3873,,,-127.0,28,True,False,True,False,success,,,0.1,epsilon_greedy,,332053,,,,,,,8.025326435147561e-15
3875,3874,,,-17.0,17,True,False,True,False,success,,,0.1,epsilon_greedy,,332070,,,,,,,5.42050064964047e-15
3876,3875,,,-121.0,22,True,False,True,False,success,,,0.1,epsilon_greedy,,332092,,,,,,,8.22574331881366e-15
3877,3876,,,-17.0,17,True,False,True,False,success,,,0.1,epsilon_greedy,,332109,,,,,,,5.42050064964047e-15
3878,3877,,,-19.0,19,True,False,True,False,success,,,0.1,epsilon_greedy,,332128,,,,,,,5.691353820973171e-15
3879,3878,,,-22.0,22,True,False,True,False,success,,,0.1,epsilon_greedy,,332150,,,,,,,1.834199458983221e-12
3880,3879,,,-22.0,22,True,False,True,False,success,,,0.1,epsilon_greedy,,332172,,,,,,,5.853903220750825e-15
3881,3880,,,-19.0,19,True,False,True,False,success,,,0.1,epsilon_greedy,,332191,,,,,,,5.001846889890179e-15
3882,3881,,,-19.0,19,True,False,True,False,success,,,0.1,epsilon_greedy,,332210,,,,,,,5.691353820973171e-15
3883,3882,,,-134.0,35,True,False,True,False,success,,,0.1,epsilon_greedy,,332245,,,,,,,2.9331140690861245e-12
3884,3883,,,-123.0,24,True,False,True,False,success,,,0.1,epsilon_greedy,,332269,,,,,,,2.1478189597227507e-13
3885,3884,,,-17.0,17,True,False,True,False,success,,,0.1,epsilon_greedy,,332286,,,,,,,5.42050064964047e-15
3886,3885,,,-19.0,19,True,False,True,False,success,,,0.1,epsilon_greedy,,332305,,,,,,,4.9165350153663514e-14
3887,3886,,,-19.0,19,True,False,True,False,success,,,0.1,epsilon_greedy,,332324,,,,,,,2.40450934017501e-13
3888,3887,,,-23.0,23,True,False,True,False,success,,,0.1,epsilon_greedy,,332347,,,,,,,7.887410531467416e-15
3889,3888,,,-23.0,23,True,False,True,False,success,,,0.1,epsilon_greedy,,332370,,,,,,,4.327456267723708e-13
3890,3889,,,-130.0,31,True,False,True,False,success,,,0.1,epsilon_greedy,,332401,,,,,,,9.546700347813853e-13
3891,3890,,,-23.0,23,True,False,True,False,success,,,0.1,epsilon_greedy,,332424,,,,,,,1.0815985788163427e-12
3892,3891,,,-23.0,23,True,False,True,False,success,,,0.1,epsilon_greedy,,332447,,,,,,,2.8297171369380836e-13
3893,3892,,,-22.0,22,True,False,True,False,success,,,0.1,epsilon_greedy,,332469,,,,,,,7.185767132837513e-13
3894,3893,,,-135.0,36,True,False,True,False,success,,,0.1,epsilon_greedy,,332505,,,,,,,2.9221995193987973e-12
3895,3894,,,-17.0,17,True,False,True,False,success,,,0.1,epsilon_greedy,,332522,,,,,,,5.42050064964047e-15
3896,3895,,,-17.0,17,True,False,True,False,success,,,0.1,epsilon_greedy,,332539,,,,,,,5.42050064964047e-15
3897,3896,,,-17.0,17,True,False,True,False,success,,,0.1,epsilon_greedy,,332556,,,,,,,5.42050064964047e-15
3898,3897,,,-19.0,19,True,False,True,False,success,,,0.1,epsilon_greedy,,332575,,,,,,,5.691353820973171e-15
3899,3898,,,-21.0,21,True,False,True,False,success,,,0.1,epsilon_greedy,,332596,,,,,,,1.8185453143360064e-13
3900,3899,,,-17.0,17,True,False,True,False,success,,,0.1,epsilon_greedy,,332613,,,,,,,5.42050064964047e-15
3901,3900,,,-125.0,26,True,False,True,False,success,,,0.1,epsilon_greedy,,332639,,,,,,,8.326672684688674e-15
3902,3901,,,-120.0,21,True,False,True,False,success,,,0.1,epsilon_greedy,,332660,,,,,,,8.53285696069049e-15
3903,3902,,,-17.0,17,True,False,True,False,success,,,0.1,epsilon_greedy,,332677,,,,,,,5.42050064964047e-15
3904,3903,,,-19.0,19,True,False,True,False,success,,,0.1,epsilon_greedy,,332696,,,,,,,5.691353820973171e-15
3905,3904,,,-19.0,19,True,False,True,False,success,,,0.1,epsilon_greedy,,332715,,,,,,,5.784846286204763e-15
3906,3905,,,-17.0,17,True,False,True,False,success,,,0.1,epsilon_greedy,,332732,,,,,,,5.42050064964047e-15
3907,3906,,,-19.0,19,True,False,True,False,success,,,0.1,epsilon_greedy,,332751,,,,,,,5.001846889890179e-15
3908,3907,,,-121.0,22,True,False,True,False,success,,,0.1,epsilon_greedy,,332773,,,,,,,8.387230304213683e-15
3909,3908,,,-17.0,17,True,False,True,False,success,,,0.1,epsilon_greedy,,332790,,,,,,,5.42050064964047e-15
3910,3909,,,-121.0,22,True,False,True,False,success,,,0.1,epsilon_greedy,,332812,,,,,,,8.22574331881366e-15
3911,3910,,,-17.0,17,True,False,True,False,success,,,0.1,epsilon_greedy,,332829,,,,,,,5.42050064964047e-15
3912,3911,,,-25.0,25,True,False,True,False,success,,,0.1,epsilon_greedy,,332854,,,,,,,1.946331984470362e-11
3913,3912,,,-21.0,21,True,False,True,False,success,,,0.1,epsilon_greedy,,332875,,,,,,,5.593409333587693e-15
3914,3913,,,-18.0,18,True,False,True,False,success,,,0.1,epsilon_greedy,,332893,,,,,,,5.612794180049403e-15
3915,3914,,,-17.0,17,True,False,True,False,success,,,0.1,epsilon_greedy,,332910,,,,,,,5.42050064964047e-15
3916,3915,,,-124.0,25,True,False,True,False,success,,,0.1,epsilon_greedy,,332935,,,,,,,8.23341395062016e-15
3917,3916,,,-17.0,17,True,False,True,False,success,,,0.1,epsilon_greedy,,332952,,,,,,,5.42050064964047e-15
3918,3917,,,-20.0,20,True,False,True,False,success,,,0.1,epsilon_greedy,,332972,,,,,,,5.551115123125783e-15
3919,3918,,,-17.0,17,True,False,True,False,success,,,0.1,epsilon_greedy,,332989,,,,,,,5.42050064964047e-15
3920,3919,,,-19.0,19,True,False,True,False,success,,,0.1,epsilon_greedy,,333008,,,,,,,4.0751028282820217e-14
3921,3920,,,-28.0,28,True,False,True,False,success,,,0.1,epsilon_greedy,,333036,,,,,,,4.445491593888359e-12
3922,3921,,,-19.0,19,True,False,True,False,success,,,0.1,epsilon_greedy,,333055,,,,,,,6.3458010775943155e-15
3923,3922,,,-21.0,21,True,False,True,False,success,,,0.1,epsilon_greedy,,333076,,,,,,,5.910615912052024e-15
3924,3923,,,-19.0,19,True,False,True,False,success,,,0.1,epsilon_greedy,,333095,,,,,,,5.001846889890179e-15
3925,3924,,,-17.0,17,True,False,True,False,success,,,0.1,epsilon_greedy,,333112,,,,,,,5.42050064964047e-15
3926,3925,,,-17.0,17,True,False,True,False,success,,,0.1,epsilon_greedy,,333129,,,,,,,5.42050064964047e-15
3927,3926,,,-17.0,17,True,False,True,False,success,,,0.1,epsilon_greedy,,333146,,,,,,,5.42050064964047e-15
3928,3927,,,-17.0,17,True,False,True,False,success,,,0.1,epsilon_greedy,,333163,,,,,,,5.42050064964047e-15
3929,3928,,,-19.0,19,True,False,True,False,success,,,0.1,epsilon_greedy,,333182,,,,,,,5.691353820973171e-15
3930,3929,,,-223.0,25,True,False,True,False,success,,,0.1,epsilon_greedy,,333207,,,,,,,8.306155763193602e-13
3931,3930,,,-19.0,19,True,False,True,False,success,,,0.1,epsilon_greedy,,333226,,,,,,,6.065323681899539e-15
3932,3931,,,-19.0,19,True,False,True,False,success,,,0.1,epsilon_greedy,,333245,,,,,,,5.691353820973171e-15
3933,3932,,,-127.0,28,True,False,True,False,success,,,0.1,epsilon_greedy,,333273,,,,,,,8.810412716846778e-15
3934,3933,,,-18.0,18,True,False,True,False,success,,,0.1,epsilon_greedy,,333291,,,,,,,5.612794180049403e-15
3935,3934,,,-22.0,22,True,False,True,False,success,,,0.1,epsilon_greedy,,333313,,,,,,,1.5692497806247213e-13
3936,3935,,,-126.0,27,True,False,True,False,success,,,0.1,epsilon_greedy,,333340,,,,,,,8.28144137627802e-15
3937,3936,,,-23.0,23,True,False,True,False,success,,,0.1,epsilon_greedy,,333363,,,,,,,3.1062109406360356e-13
3938,3937,,,-19.0,19,True,False,True,False,success,,,0.1,epsilon_greedy,,333382,,,,,,,5.691353820973171e-15
3939,3938,,,-235.0,37,True,False,True,False,success,,,0.1,epsilon_greedy,,333419,,,,,,,8.133571894075898e-12
3940,3939,,,-19.0,19,True,False,True,False,success,,,0.1,epsilon_greedy,,333438,,,,,,,6.065323681899539e-15
3941,3940,,,-130.0,31,True,False,True,False,success,,,0.1,epsilon_greedy,,333469,,,,,,,1.7080960302087811e-13
3942,3941,,,-21.0,21,True,False,True,False,success,,,0.1,epsilon_greedy,,333490,,,,,,,5.286776307738841e-15
3943,3942,,,-21.0,21,True,False,True,False,success,,,0.1,epsilon_greedy,,333511,,,,,,,3.433232534245603e-14
3944,3943,,,-19.0,19,True,False,True,False,success,,,0.1,epsilon_greedy,,333530,,,,,,,6.065323681899539e-15
3945,3944,,,-19.0,19,True,False,True,False,success,,,0.1,epsilon_greedy,,333549,,,,,,,1.4733243864683524e-13
3946,3945,,,-17.0,17,True,False,True,False,success,,,0.1,epsilon_greedy,,333566,,,,,,,5.42050064964047e-15
3947,3946,,,-19.0,19,True,False,True,False,success,,,0.1,epsilon_greedy,,333585,,,,,,,1.3307483769901744e-13
3948,3947,,,-126.0,27,True,False,True,False,success,,,0.1,epsilon_greedy,,333612,,,,,,,2.97284830497591e-13
3949,3948,,,-125.0,26,True,False,True,False,success,,,0.1,epsilon_greedy,,333638,,,,,,,2.916470483919161e-14
3950,3949,,,-19.0,19,True,False,True,False,success,,,0.1,epsilon_greedy,,333657,,,,,,,7.485357363185884e-13
3951,3950,,,-21.0,21,True,False,True,False,success,,,0.1,epsilon_greedy,,333678,,,,,,,8.639131738028654e-12
3952,3951,,,-19.0,19,True,False,True,False,success,,,0.1,epsilon_greedy,,333697,,,,,,,5.691353820973171e-15
3953,3952,,,-17.0,17,True,False,True,False,success,,,0.1,epsilon_greedy,,333714,,,,,,,5.42050064964047e-15
3954,3953,,,-340.0,43,True,False,True,False,success,,,0.1,epsilon_greedy,,333757,,,,,,,1.9375457310917586e-12
3955,3954,,,-17.0,17,True,False,True,False,success,,,0.1,epsilon_greedy,,333774,,,,,,,5.42050064964047e-15
3956,3955,,,-123.0,24,True,False,True,False,success,,,0.1,epsilon_greedy,,333798,,,,,,,8.206398523687616e-15
3957,3956,,,-23.0,23,True,False,True,False,success,,,0.1,epsilon_greedy,,333821,,,,,,,2.182128873730859e-12
3958,3957,,,-126.0,27,True,False,True,False,success,,,0.1,epsilon_greedy,,333848,,,,,,,7.993605777301127e-15
3959,3958,,,-19.0,19,True,False,True,False,success,,,0.1,epsilon_greedy,,333867,,,,,,,6.065323681899539e-15
3960,3959,,,-17.0,17,True,False,True,False,success,,,0.1,epsilon_greedy,,333884,,,,,,,5.42050064964047e-15
3961,3960,,,-19.0,19,True,False,True,False,success,,,0.1,epsilon_greedy,,333903,,,,,,,5.784846286204763e-15
3962,3961,,,-124.0,25,True,False,True,False,success,,,0.1,epsilon_greedy,,333928,,,,,,,8.30446822419617e-15
3963,3962,,,-19.0,19,True,False,True,False,success,,,0.1,epsilon_greedy,,333947,,,,,,,5.691353820973171e-15
3964,3963,,,-19.0,19,True,False,True,False,success,,,0.1,epsilon_greedy,,333966,,,,,,,3.112130436396623e-14
3965,3964,,,-19.0,19,True,False,True,False,success,,,0.1,epsilon_greedy,,333985,,,,,,,3.7531381511407266e-13
3966,3965,,,-223.0,25,True,False,True,False,success,,,0.1,epsilon_greedy,,334010,,,,,,,1.0151879337172431e-14
3967,3966,,,-17.0,17,True,False,True,False,success,,,0.1,epsilon_greedy,,334027,,,,,,,5.42050064964047e-15
3968,3967,,,-17.0,17,True,False,True,False,success,,,0.1,epsilon_greedy,,334044,,,,,,,5.42050064964047e-15
3969,3968,,,-17.0,17,True,False,True,False,success,,,0.1,epsilon_greedy,,334061,,,,,,,5.42050064964047e-15
3970,3969,,,-17.0,17,True,False,True,False,success,,,0.1,epsilon_greedy,,334078,,,,,,,5.42050064964047e-15
3971,3970,,,-17.0,17,True,False,True,False,success,,,0.1,epsilon_greedy,,334095,,,,,,,5.42050064964047e-15
3972,3971,,,-18.0,18,True,False,True,False,success,,,0.1,epsilon_greedy,,334113,,,,,,,5.9088536532827775e-15
3973,3972,,,-17.0,17,True,False,True,False,success,,,0.1,epsilon_greedy,,334130,,,,,,,5.42050064964047e-15
3974,3973,,,-19.0,19,True,False,True,False,success,,,0.1,epsilon_greedy,,334149,,,,,,,5.99637298879124e-14
3975,3974,,,-19.0,19,True,False,True,False,success,,,0.1,epsilon_greedy,,334168,,,,,,,5.691353820973171e-15
3976,3975,,,-19.0,19,True,False,True,False,success,,,0.1,epsilon_greedy,,334187,,,,,,,5.5978613557415785e-15
3977,3976,,,-19.0,19,True,False,True,False,success,,,0.1,epsilon_greedy,,334206,,,,,,,6.065323681899539e-15
3978,3977,,,-236.0,38,True,False,True,False,success,,,0.1,epsilon_greedy,,334244,,,,,,,1.925705209328642e-12
3979,3978,,,-20.0,20,True,False,True,False,success,,,0.1,epsilon_greedy,,334264,,,,,,,6.117328865684613e-15
3980,3979,,,-19.0,19,True,False,True,False,success,,,0.1,epsilon_greedy,,334283,,,,,,,5.4494420671864265e-14
3981,3980,,,-133.0,34,True,False,True,False,success,,,0.1,epsilon_greedy,,334317,,,,,,,2.38716889393064e-12
3982,3981,,,-17.0,17,True,False,True,False,success,,,0.1,epsilon_greedy,,334334,,,,,,,5.42050064964047e-15
3983,3982,,,-19.0,19,True,False,True,False,success,,,0.1,epsilon_greedy,,334353,,,,,,,5.691353820973171e-15
3984,3983,,,-17.0,17,True,False,True,False,success,,,0.1,epsilon_greedy,,334370,,,,,,,5.42050064964047e-15
3985,3984,,,-19.0,19,True,False,True,False,success,,,0.1,epsilon_greedy,,334389,,,,,,,5.784846286204763e-15
3986,3985,,,-19.0,19,True,False,True,False,success,,,0.1,epsilon_greedy,,334408,,,,,,,5.784846286204763e-15
3987,3986,,,-19.0,19,True,False,True,False,success,,,0.1,epsilon_greedy,,334427,,,,,,,6.065323681899539e-15
3988,3987,,,-21.0,21,True,False,True,False,success,,,0.1,epsilon_greedy,,334448,,,,,,,9.547918011776346e-15
3989,3988,,,-21.0,21,True,False,True,False,success,,,0.1,epsilon_greedy,,334469,,,,,,,7.968546457602445e-13
3990,3989,,,-19.0,19,True,False,True,False,success,,,0.1,epsilon_greedy,,334488,,,,,,,5.691353820973171e-15
3991,3990,,,-17.0,17,True,False,True,False,success,,,0.1,epsilon_greedy,,334505,,,,,,,5.42050064964047e-15
3992,3991,,,-17.0,17,True,False,True,False,success,,,0.1,epsilon_greedy,,334522,,,,,,,5.42050064964047e-15
3993,3992,,,-138.0,39,True,False,True,False,success,,,0.1,epsilon_greedy,,334561,,,,,,,1.1121212213246951e-11
3994,3993,,,-19.0,19,True,False,True,False,success,,,0.1,epsilon_greedy,,334580,,,,,,,5.784846286204763e-15
3995,3994,,,-18.0,18,True,False,True,False,success,,,0.1,epsilon_greedy,,334598,,,,,,,5.612794180049403e-15
3996,3995,,,-129.0,30,True,False,True,False,success,,,0.1,epsilon_greedy,,334628,,,,,,,2.192431421595605e-12
3997,3996,,,-21.0,21,True,False,True,False,success,,,0.1,epsilon_greedy,,334649,,,,,,,1.2520672329617896e-12
3998,3997,,,-17.0,17,True,False,True,False,success,,,0.1,epsilon_greedy,,334666,,,,,,,5.42050064964047e-15
3999,3998,,,-23.0,23,True,False,True,False,success,,,0.1,epsilon_greedy,,334689,,,,,,,1.8936543154802127e-13
4000,3999,,,-239.0,41,True,False,True,False,success,,,0.1,epsilon_greedy,,334730,,,,,,,1.3367085216486885e-13
4001,4000,,,-126.0,27,True,False,True,False,success,,,0.1,epsilon_greedy,,334757,,,,,,,9.154734583573912e-13
4002,4001,,,-19.0,19,True,False,True,False,success,,,0.1,epsilon_greedy,,334776,,,,,,,5.691353820973171e-15
4003,4002,,,-22.0,22,True,False,True,False,success,,,0.1,epsilon_greedy,,334798,,,,,,,6.797592791682208e-14
4004,4003,,,-435.0,39,True,False,True,False,success,,,0.1,epsilon_greedy,,334837,,,,,,,2.0262993562261192e-14
4005,4004,,,-17.0,17,True,False,True,False,success,,,0.1,epsilon_greedy,,334854,,,,,,,5.42050064964047e-15
4006,4005,,,-17.0,17,True,False,True,False,success,,,0.1,epsilon_greedy,,334871,,,,,,,5.42050064964047e-15
4007,4006,,,-21.0,21,True,False,True,False,success,,,0.1,epsilon_greedy,,334892,,,,,,,7.177644721964715e-13
4008,4007,,,-342.0,45,True,False,True,False,success,,,0.1,epsilon_greedy,,334937,,,,,,,2.505743760631655e-12
4009,4008,,,-17.0,17,True,False,True,False,success,,,0.1,epsilon_greedy,,334954,,,,,,,5.42050064964047e-15
4010,4009,,,-125.0,26,True,False,True,False,success,,,0.1,epsilon_greedy,,334980,,,,,,,1.547394691014093e-13
4011,4010,,,-19.0,19,True,False,True,False,success,,,0.1,epsilon_greedy,,334999,,,,,,,5.784846286204763e-15
4012,4011,,,-236.0,38,True,False,True,False,success,,,0.1,epsilon_greedy,,335037,,,,,,,2.6269688179145068e-12
4013,4012,,,-21.0,21,True,False,True,False,success,,,0.1,epsilon_greedy,,335058,,,,,,,5.286776307738841e-15
4014,4013,,,-443.0,47,True,False,True,False,success,,,0.1,epsilon_greedy,,335105,,,,,,,1.687538997430238e-14
4015,4014,,,-19.0,19,True,False,True,False,success,,,0.1,epsilon_greedy,,335124,,,,,,,5.691353820973171e-15
4016,4015,,,-19.0,19,True,False,True,False,success,,,0.1,epsilon_greedy,,335143,,,,,,,5.656294146511324e-15
4017,4016,,,-127.0,28,True,False,True,False,success,,,0.1,epsilon_greedy,,335171,,,,,,,8.833560866910212e-12
4018,4017,,,-23.0,23,True,False,True,False,success,,,0.1,epsilon_greedy,,335194,,,,,,,1.4731211419787185e-13
4019,4018,,,-21.0,21,True,False,True,False,success,,,0.1,epsilon_greedy,,335215,,,,,,,6.46414139147228e-13
4020,4019,,,-21.0,21,True,False,True,False,success,,,0.1,epsilon_greedy,,335236,,,,,,,7.602384330528453e-15
4021,4020,,,-17.0,17,True,False,True,False,success,,,0.1,epsilon_greedy,,335253,,,,,,,5.42050064964047e-15
4022,4021,,,-17.0,17,True,False,True,False,success,,,0.1,epsilon_greedy,,335270,,,,,,,5.42050064964047e-15
4023,4022,,,-19.0,19,True,False,True,False,success,,,0.1,epsilon_greedy,,335289,,,,,,,5.691353820973171e-15
4024,4023,,,-19.0,19,True,False,True,False,success,,,0.1,epsilon_greedy,,335308,,,,,,,5.784846286204763e-15
4025,4024,,,-246.0,48,True,False,True,False,success,,,0.1,epsilon_greedy,,335356,,,,,,,2.5842059973394762e-12
4026,4025,,,-19.0,19,True,False,True,False,success,,,0.1,epsilon_greedy,,335375,,,,,,,5.001846889890179e-15
4027,4026,,,-17.0,17,True,False,True,False,success,,,0.1,epsilon_greedy,,335392,,,,,,,5.42050064964047e-15
4028,4027,,,-19.0,19,True,False,True,False,success,,,0.1,epsilon_greedy,,335411,,,,,,,2.479537043523363e-13
4029,4028,,,-121.0,22,True,False,True,False,success,,,0.1,epsilon_greedy,,335433,,,,,,,8.22574331881366e-15
4030,4029,,,-17.0,17,True,False,True,False,success,,,0.1,epsilon_greedy,,335450,,,,,,,5.42050064964047e-15
4031,4030,,,-135.0,36,True,False,True,False,success,,,0.1,epsilon_greedy,,335486,,,,,,,1.3751345741121036e-13
4032,4031,,,-21.0,21,True,False,True,False,success,,,0.1,epsilon_greedy,,335507,,,,,,,1.453969220154336e-13
4033,4032,,,-19.0,19,True,False,True,False,success,,,0.1,epsilon_greedy,,335526,,,,,,,6.428425043742735e-13
4034,4033,,,-19.0,19,True,False,True,False,success,,,0.1,epsilon_greedy,,335545,,,,,,,1.681345121608645e-13
4035,4034,,,-19.0,19,True,False,True,False,success,,,0.1,epsilon_greedy,,335564,,,,,,,5.691353820973171e-15
4036,4035,,,-126.0,27,True,False,True,False,success,,,0.1,epsilon_greedy,,335591,,,,,,,8.478814358433603e-15
4037,4036,,,-19.0,19,True,False,True,False,success,,,0.1,epsilon_greedy,,335610,,,,,,,5.784846286204763e-15
4038,4037,,,-123.0,24,True,False,True,False,success,,,0.1,epsilon_greedy,,335634,,,,,,,8.280413391995959e-15
4039,4038,,,-17.0,17,True,False,True,False,success,,,0.1,epsilon_greedy,,335651,,,,,,,5.42050064964047e-15
4040,4039,,,-129.0,30,True,False,True,False,success,,,0.1,epsilon_greedy,,335681,,,,,,,1.5998387799716815e-12
4041,4040,,,-23.0,23,True,False,True,False,success,,,0.1,epsilon_greedy,,335704,,,,,,,3.80849940956088e-12
4042,4041,,,-21.0,21,True,False,True,False,success,,,0.1,epsilon_greedy,,335725,,,,,,,5.286776307738841e-15
4043,4042,,,-18.0,18,True,False,True,False,success,,,0.1,epsilon_greedy,,335743,,,,,,,5.9088536532827775e-15
4044,4043,,,-230.0,32,True,False,True,False,success,,,0.1,epsilon_greedy,,335775,,,,,,,2.6527391394637334e-14
4045,4044,,,-121.0,22,True,False,True,False,success,,,0.1,epsilon_greedy,,335797,,,,,,,8.87169126041375e-15
4046,4045,,,-19.0,19,True,False,True,False,success,,,0.1,epsilon_greedy,,335816,,,,,,,1.5182007697795166e-13
4047,4046,,,-21.0,21,True,False,True,False,success,,,0.1,epsilon_greedy,,335837,,,,,,,7.784566642093133e-13
4048,4047,,,-130.0,31,True,False,True,False,success,,,0.1,epsilon_greedy,,335868,,,,,,,4.285460875053104e-14
4049,4048,,,-19.0,19,True,False,True,False,success,,,0.1,epsilon_greedy,,335887,,,,,,,5.784846286204763e-15
4050,4049,,,-22.0,22,True,False,True,False,success,,,0.1,epsilon_greedy,,335909,,,,,,,1.6139614897073526e-13
4051,4050,,,-17.0,17,True,False,True,False,success,,,0.1,epsilon_greedy,,335926,,,,,,,5.42050064964047e-15
4052,4051,,,-129.0,30,True,False,True,False,success,,,0.1,epsilon_greedy,,335956,,,,,,,3.3624954672480575e-14
4053,4052,,,-230.0,32,True,False,True,False,success,,,0.1,epsilon_greedy,,335988,,,,,,,9.797718192317006e-15
4054,4053,,,-19.0,19,True,False,True,False,success,,,0.1,epsilon_greedy,,336007,,,,,,,7.741059255594288e-13
4055,4054,,,-21.0,21,True,False,True,False,success,,,0.1,epsilon_greedy,,336028,,,,,,,1.056202744312681e-12
4056,4055,,,-555.0,60,True,False,True,False,success,,,0.1,epsilon_greedy,,336088,,,,,,,1.0177303444436347e-12
4057,4056,,,-19.0,19,True,False,True,False,success,,,0.1,epsilon_greedy,,336107,,,,,,,5.790806430863277e-13
4058,4057,,,-17.0,17,True,False,True,False,success,,,0.1,epsilon_greedy,,336124,,,,,,,5.42050064964047e-15
4059,4058,,,-21.0,21,True,False,True,False,success,,,0.1,epsilon_greedy,,336145,,,,,,,8.955799065309597e-15
4060,4059,,,-134.0,35,True,False,True,False,success,,,0.1,epsilon_greedy,,336180,,,,,,,4.466744434645469e-12
4061,4060,,,-17.0,17,True,False,True,False,success,,,0.1,epsilon_greedy,,336197,,,,,,,5.42050064964047e-15
4062,4061,,,-17.0,17,True,False,True,False,success,,,0.1,epsilon_greedy,,336214,,,,,,,5.42050064964047e-15
4063,4062,,,-17.0,17,True,False,True,False,success,,,0.1,epsilon_greedy,,336231,,,,,,,5.42050064964047e-15
4064,4063,,,-21.0,21,True,False,True,False,success,,,0.1,epsilon_greedy,,336252,,,,,,,1.2518028941464028e-13
4065,4064,,,-21.0,21,True,False,True,False,success,,,0.1,epsilon_greedy,,336273,,,,,,,2.381164049005574e-14
4066,4065,,,-17.0,17,True,False,True,False,success,,,0.1,epsilon_greedy,,336290,,,,,,,5.42050064964047e-15
4067,4066,,,-222.0,24,True,False,True,False,success,,,0.1,epsilon_greedy,,336314,,,,,,,9.954999787472238e-15
4068,4067,,,-19.0,19,True,False,True,False,success,,,0.1,epsilon_greedy,,336333,,,,,,,1.4406020236372952e-13
4069,4068,,,-23.0,23,True,False,True,False,success,,,0.1,epsilon_greedy,,336356,,,,,,,1.394729742326925e-13
4070,4069,,,-128.0,29,True,False,True,False,success,,,0.1,epsilon_greedy,,336385,,,,,,,1.3168125593763541e-11
4071,4070,,,-25.0,25,True,False,True,False,success,,,0.1,epsilon_greedy,,336410,,,,,,,1.7716308420290262e-11
4072,4071,,,-131.0,32,True,False,True,False,success,,,0.1,epsilon_greedy,,336442,,,,,,,8.34520647030601e-12
4073,4072,,,-21.0,21,True,False,True,False,success,,,0.1,epsilon_greedy,,336463,,,,,,,3.6047672783264974e-12
4074,4073,,,-17.0,17,True,False,True,False,success,,,0.1,epsilon_greedy,,336480,,,,,,,5.42050064964047e-15
4075,4074,,,-17.0,17,True,False,True,False,success,,,0.1,epsilon_greedy,,336497,,,,,,,5.42050064964047e-15
4076,4075,,,-19.0,19,True,False,True,False,success,,,0.1,epsilon_greedy,,336516,,,,,,,5.216762694341301e-13
4077,4076,,,-21.0,21,True,False,True,False,success,,,0.1,epsilon_greedy,,336537,,,,,,,4.036453710958605e-13
4078,4077,,,-17.0,17,True,False,True,False,success,,,0.1,epsilon_greedy,,336554,,,,,,,5.42050064964047e-15
4079,4078,,,-124.0,25,True,False,True,False,success,,,0.1,epsilon_greedy,,336579,,,,,,,8.30446822419617e-15
4080,4079,,,-350.0,53,True,False,True,False,success,,,0.1,epsilon_greedy,,336632,,,,,,,4.544038101769575e-12
4081,4080,,,-127.0,28,True,False,True,False,success,,,0.1,epsilon_greedy,,336660,,,,,,,3.2410582154592965e-14
4082,4081,,,-17.0,17,True,False,True,False,success,,,0.1,epsilon_greedy,,336677,,,,,,,5.42050064964047e-15
4083,4082,,,-21.0,21,True,False,True,False,success,,,0.1,epsilon_greedy,,336698,,,,,,,7.039342653754267e-13
4084,4083,,,-18.0,18,True,False,True,False,success,,,0.1,epsilon_greedy,,336716,,,,,,,5.612794180049403e-15
4085,4084,,,-21.0,21,True,False,True,False,success,,,0.1,epsilon_greedy,,336737,,,,,,,7.285177752064123e-15
4086,4085,,,-20.0,20,True,False,True,False,success,,,0.1,epsilon_greedy,,336757,,,,,,,2.2870594307278225e-14
4087,4086,,,-21.0,21,True,False,True,False,success,,,0.1,epsilon_greedy,,336778,,,,,,,6.486874529595558e-14
4088,4087,,,-17.0,17,True,False,True,False,success,,,0.1,epsilon_greedy,,336795,,,,,,,5.42050064964047e-15
4089,4088,,,-17.0,17,True,False,True,False,success,,,0.1,epsilon_greedy,,336812,,,,,,,5.42050064964047e-15
4090,4089,,,-247.0,49,True,False,True,False,success,,,0.1,epsilon_greedy,,336861,,,,,,,5.378731473820617e-12
4091,4090,,,-17.0,17,True,False,True,False,success,,,0.1,epsilon_greedy,,336878,,,,,,,5.42050064964047e-15
4092,4091,,,-19.0,19,True,False,True,False,success,,,0.1,epsilon_greedy,,336897,,,,,,,6.065323681899539e-15
4093,4092,,,-17.0,17,True,False,True,False,success,,,0.1,epsilon_greedy,,336914,,,,,,,5.42050064964047e-15
4094,4093,,,-19.0,19,True,False,True,False,success,,,0.1,epsilon_greedy,,336933,,,,,,,6.065323681899539e-15
4095,4094,,,-23.0,23,True,False,True,False,success,,,0.1,epsilon_greedy,,336956,,,,,,,1.9607504026206025e-14
4096,4095,,,-19.0,19,True,False,True,False,success,,,0.1,epsilon_greedy,,336975,,,,,,,6.065323681899539e-15
4097,4096,,,-19.0,19,True,False,True,False,success,,,0.1,epsilon_greedy,,336994,,,,,,,2.0463163327564728e-14
4098,4097,,,-124.0,25,True,False,True,False,success,,,0.1,epsilon_greedy,,337019,,,,,,,8.30446822419617e-15
4099,4098,,,-123.0,24,True,False,True,False,success,,,0.1,epsilon_greedy,,337043,,,,,,,8.132383655379272e-15
4100,4099,,,-127.0,28,True,False,True,False,success,,,0.1,epsilon_greedy,,337071,,,,,,,7.106942019013169e-12
4101,4100,,,-19.0,19,True,False,True,False,success,,,0.1,epsilon_greedy,,337090,,,,,,,5.691353820973171e-15
4102,4101,,,-234.0,36,True,False,True,False,success,,,0.1,epsilon_greedy,,337126,,,,,,,6.011728152325683e-12
4103,4102,,,-17.0,17,True,False,True,False,success,,,0.1,epsilon_greedy,,337143,,,,,,,5.42050064964047e-15
4104,4103,,,-18.0,18,True,False,True,False,success,,,0.1,epsilon_greedy,,337161,,,,,,,5.1810407815840636e-15
4105,4104,,,-239.0,41,True,False,True,False,success,,,0.1,epsilon_greedy,,337202,,,,,,,1.3346884573160778e-12
4106,4105,,,-17.0,17,True,False,True,False,success,,,0.1,epsilon_greedy,,337219,,,,,,,5.42050064964047e-15
4107,4106,,,-23.0,23,True,False,True,False,success,,,0.1,epsilon_greedy,,337242,,,,,,,1.722670315574681e-12
4108,4107,,,-19.0,19,True,False,True,False,success,,,0.1,epsilon_greedy,,337261,,,,,,,5.691353820973171e-15
4109,4108,,,-124.0,25,True,False,True,False,success,,,0.1,epsilon_greedy,,337286,,,,,,,8.517631044924201e-15
4110,4109,,,-330.0,33,True,False,True,False,success,,,0.1,epsilon_greedy,,337319,,,,,,,1.1082044373076562e-14
4111,4110,,,-140.0,41,True,False,True,False,success,,,0.1,epsilon_greedy,,337360,,,,,,,2.869915687211887e-12
4112,4111,,,-17.0,17,True,False,True,False,success,,,0.1,epsilon_greedy,,337377,,,,,,,5.42050064964047e-15
4113,4112,,,-123.0,24,True,False,True,False,success,,,0.1,epsilon_greedy,,337401,,,,,,,8.132383655379272e-15
4114,4113,,,-17.0,17,True,False,True,False,success,,,0.1,epsilon_greedy,,337418,,,,,,,5.42050064964047e-15
4115,4114,,,-19.0,19,True,False,True,False,success,,,0.1,epsilon_greedy,,337437,,,,,,,9.834238686548097e-14
4116,4115,,,-17.0,17,True,False,True,False,success,,,0.1,epsilon_greedy,,337454,,,,,,,5.42050064964047e-15
4117,4116,,,-17.0,17,True,False,True,False,success,,,0.1,epsilon_greedy,,337471,,,,,,,5.42050064964047e-15
4118,4117,,,-20.0,20,True,False,True,False,success,,,0.1,epsilon_greedy,,337491,,,,,,,8.248957072964913e-15
4119,4118,,,-19.0,19,True,False,True,False,success,,,0.1,epsilon_greedy,,337510,,,,,,,8.899314034232176e-14
4120,4119,,,-19.0,19,True,False,True,False,success,,,0.1,epsilon_greedy,,337529,,,,,,,5.5978613557415785e-15
4121,4120,,,-17.0,17,True,False,True,False,success,,,0.1,epsilon_greedy,,337546,,,,,,,5.42050064964047e-15
4122,4121,,,-22.0,22,True,False,True,False,success,,,0.1,epsilon_greedy,,337568,,,,,,,4.430092656352e-13
4123,4122,,,-21.0,21,True,False,True,False,success,,,0.1,epsilon_greedy,,337589,,,,,,,9.743528735162683e-14
4124,4123,,,-19.0,19,True,False,True,False,success,,,0.1,epsilon_greedy,,337608,,,,,,,5.784846286204763e-15
4125,4124,,,-21.0,21,True,False,True,False,success,,,0.1,epsilon_greedy,,337629,,,,,,,4.852309030768863e-13
4126,4125,,,-17.0,17,True,False,True,False,success,,,0.1,epsilon_greedy,,337646,,,,,,,5.42050064964047e-15
4127,4126,,,-19.0,19,True,False,True,False,success,,,0.1,epsilon_greedy,,337665,,,,,,,5.784846286204763e-15
4128,4127,,,-123.0,24,True,False,True,False,success,,,0.1,epsilon_greedy,,337689,,,,,,,8.280413391995959e-15
4129,4128,,,-19.0,19,True,False,True,False,success,,,0.1,epsilon_greedy,,337708,,,,,,,3.816713027498209e-13
4130,4129,,,-19.0,19,True,False,True,False,success,,,0.1,epsilon_greedy,,337727,,,,,,,6.065323681899539e-15
4131,4130,,,-17.0,17,True,False,True,False,success,,,0.1,epsilon_greedy,,337744,,,,,,,5.42050064964047e-15
4132,4131,,,-240.0,42,True,False,True,False,success,,,0.1,epsilon_greedy,,337786,,,,,,,8.201249203563877e-12
4133,4132,,,-21.0,21,True,False,True,False,success,,,0.1,epsilon_greedy,,337807,,,,,,,9.181681869834045e-12
4134,4133,,,-452.0,56,True,False,True,False,success,,,0.1,epsilon_greedy,,337863,,,,,,,2.0203481744727828e-12
4135,4134,,,-21.0,21,True,False,True,False,success,,,0.1,epsilon_greedy,,337884,,,,,,,1.1295726259114807e-13
4136,4135,,,-19.0,19,True,False,True,False,success,,,0.1,epsilon_greedy,,337903,,,,,,,5.001846889890179e-15
4137,4136,,,-132.0,33,True,False,True,False,success,,,0.1,epsilon_greedy,,337936,,,,,,,1.4913255815448185e-12
4138,4137,,,-17.0,17,True,False,True,False,success,,,0.1,epsilon_greedy,,337953,,,,,,,5.42050064964047e-15
4139,4138,,,-19.0,19,True,False,True,False,success,,,0.1,epsilon_greedy,,337972,,,,,,,3.4399383926148927e-13
4140,4139,,,-139.0,40,True,False,True,False,success,,,0.1,epsilon_greedy,,338012,,,,,,,1.1087963880385132e-12
4141,4140,,,-130.0,31,True,False,True,False,success,,,0.1,epsilon_greedy,,338043,,,,,,,5.2259487060360525e-12
4142,4141,,,-122.0,23,True,False,True,False,success,,,0.1,epsilon_greedy,,338066,,,,,,,8.254266835256598e-15
4143,4142,,,-23.0,23,True,False,True,False,success,,,0.1,epsilon_greedy,,338089,,,,,,,1.242243023422974e-12
4144,4143,,,-19.0,19,True,False,True,False,success,,,0.1,epsilon_greedy,,338108,,,,,,,1.1201565990560132e-13
4145,4144,,,-19.0,19,True,False,True,False,success,,,0.1,epsilon_greedy,,338127,,,,,,,5.5978613557415785e-15
4146,4145,,,-17.0,17,True,False,True,False,success,,,0.1,epsilon_greedy,,338144,,,,,,,5.42050064964047e-15
4147,4146,,,-19.0,19,True,False,True,False,success,,,0.1,epsilon_greedy,,338163,,,,,,,5.691353820973171e-15
4148,4147,,,-19.0,19,True,False,True,False,success,,,0.1,epsilon_greedy,,338182,,,,,,,5.470127275118916e-13
4149,4148,,,-17.0,17,True,False,True,False,success,,,0.1,epsilon_greedy,,338199,,,,,,,5.42050064964047e-15
4150,4149,,,-19.0,19,True,False,True,False,success,,,0.1,epsilon_greedy,,338218,,,,,,,1.490620492536197e-13
4151,4150,,,-17.0,17,True,False,True,False,success,,,0.1,epsilon_greedy,,338235,,,,,,,5.42050064964047e-15
4152,4151,,,-19.0,19,True,False,True,False,success,,,0.1,epsilon_greedy,,338254,,,,,,,5.784846286204763e-15
4153,4152,,,-130.0,31,True,False,True,False,success,,,0.1,epsilon_greedy,,338285,,,,,,,1.9745495561188187e-13
4154,4153,,,-17.0,17,True,False,True,False,success,,,0.1,epsilon_greedy,,338302,,,,,,,5.42050064964047e-15
4155,4154,,,-135.0,36,True,False,True,False,success,,,0.1,epsilon_greedy,,338338,,,,,,,1.2015512042119604e-12
4156,4155,,,-19.0,19,True,False,True,False,success,,,0.1,epsilon_greedy,,338357,,,,,,,5.691353820973171e-15
4157,4156,,,-124.0,25,True,False,True,False,success,,,0.1,epsilon_greedy,,338382,,,,,,,8.23341395062016e-15
4158,4157,,,-19.0,19,True,False,True,False,success,,,0.1,epsilon_greedy,,338401,,,,,,,5.691353820973171e-15
4159,4158,,,-19.0,19,True,False,True,False,success,,,0.1,epsilon_greedy,,338420,,,,,,,5.784846286204763e-15
4160,4159,,,-228.0,30,True,False,True,False,success,,,0.1,epsilon_greedy,,338450,,,,,,,9.821773024517218e-15
4161,4160,,,-127.0,28,True,False,True,False,success,,,0.1,epsilon_greedy,,338478,,,,,,,8.239440875610983e-15
4162,4161,,,-19.0,19,True,False,True,False,success,,,0.1,epsilon_greedy,,338497,,,,,,,5.5978613557415785e-15
4163,4162,,,-21.0,21,True,False,True,False,success,,,0.1,epsilon_greedy,,338518,,,,,,,1.033913695399254e-12
4164,4163,,,-126.0,27,True,False,True,False,success,,,0.1,epsilon_greedy,,338545,,,,,,,9.794634239470826e-15
4165,4164,,,-17.0,17,True,False,True,False,success,,,0.1,epsilon_greedy,,338562,,,,,,,5.42050064964047e-15
4166,4165,,,-20.0,20,True,False,True,False,success,,,0.1,epsilon_greedy,,338582,,,,,,,5.81756864903582e-15
4167,4166,,,-123.0,24,True,False,True,False,success,,,0.1,epsilon_greedy,,338606,,,,,,,1.4144888963822193e-12
4168,4167,,,-19.0,19,True,False,True,False,success,,,0.1,epsilon_greedy,,338625,,,,,,,5.691353820973171e-15
4169,4168,,,-20.0,20,True,False,True,False,success,,,0.1,epsilon_greedy,,338645,,,,,,,6.117328865684613e-15
4170,4169,,,-21.0,21,True,False,True,False,success,,,0.1,epsilon_greedy,,338666,,,,,,,5.371364728662662e-15
4171,4170,,,-141.0,42,True,False,True,False,success,,,0.1,epsilon_greedy,,338708,,,,,,,7.589183250088029e-12
4172,4171,,,-19.0,19,True,False,True,False,success,,,0.1,epsilon_greedy,,338727,,,,,,,5.691353820973171e-15
4173,4172,,,-334.0,37,True,False,True,False,success,,,0.1,epsilon_greedy,,338764,,,,,,,1.5117036751517672e-14
4174,4173,,,-17.0,17,True,False,True,False,success,,,0.1,epsilon_greedy,,338781,,,,,,,5.42050064964047e-15
4175,4174,,,-17.0,17,True,False,True,False,success,,,0.1,epsilon_greedy,,338798,,,,,,,5.42050064964047e-15
4176,4175,,,-229.0,31,True,False,True,False,success,,,0.1,epsilon_greedy,,338829,,,,,,,9.734148970745727e-15
4177,4176,,,-17.0,17,True,False,True,False,success,,,0.1,epsilon_greedy,,338846,,,,,,,5.42050064964047e-15
4178,4177,,,-19.0,19,True,False,True,False,success,,,0.1,epsilon_greedy,,338865,,,,,,,5.784846286204763e-15
4179,4178,,,-21.0,21,True,False,True,False,success,,,0.1,epsilon_greedy,,338886,,,,,,,1.1207437094775568e-12
4180,4179,,,-17.0,17,True,False,True,False,success,,,0.1,epsilon_greedy,,338903,,,,,,,5.42050064964047e-15
4181,4180,,,-19.0,19,True,False,True,False,success,,,0.1,epsilon_greedy,,338922,,,,,,,5.691353820973171e-15
4182,4181,,,-21.0,21,True,False,True,False,success,,,0.1,epsilon_greedy,,338943,,,,,,,1.2028367719841256e-12
4183,4182,,,-21.0,21,True,False,True,False,success,,,0.1,epsilon_greedy,,338964,,,,,,,5.910615912052024e-15
4184,4183,,,-21.0,21,True,False,True,False,success,,,0.1,epsilon_greedy,,338985,,,,,,,1.5681318677436485e-12
4185,4184,,,-21.0,21,True,False,True,False,success,,,0.1,epsilon_greedy,,339006,,,,,,,6.0797927538996665e-15
4186,4185,,,-19.0,19,True,False,True,False,success,,,0.1,epsilon_greedy,,339025,,,,,,,5.691353820973171e-15
4187,4186,,,-17.0,17,True,False,True,False,success,,,0.1,epsilon_greedy,,339042,,,,,,,5.42050064964047e-15
4188,4187,,,-19.0,19,True,False,True,False,success,,,0.1,epsilon_greedy,,339061,,,,,,,5.001846889890179e-15
4189,4188,,,-19.0,19,True,False,True,False,success,,,0.1,epsilon_greedy,,339080,,,,,,,8.057881847147847e-14
4190,4189,,,-121.0,22,True,False,True,False,success,,,0.1,epsilon_greedy,,339102,,,,,,,8.467973796913693e-15
4191,4190,,,-21.0,21,True,False,True,False,success,,,0.1,epsilon_greedy,,339123,,,,,,,1.1240743785514323e-13
4192,4191,,,-21.0,21,True,False,True,False,success,,,0.1,epsilon_greedy,,339144,,,,,,,5.371364728662662e-15
4193,4192,,,-245.0,47,True,False,True,False,success,,,0.1,epsilon_greedy,,339191,,,,,,,1.7310868530591115e-09
4194,4193,,,-19.0,19,True,False,True,False,success,,,0.1,epsilon_greedy,,339210,,,,,,,5.001846889890179e-15
4195,4194,,,-17.0,17,True,False,True,False,success,,,0.1,epsilon_greedy,,339227,,,,,,,5.42050064964047e-15
4196,4195,,,-17.0,17,True,False,True,False,success,,,0.1,epsilon_greedy,,339244,,,,,,,5.42050064964047e-15
4197,4196,,,-135.0,36,True,False,True,False,success,,,0.1,epsilon_greedy,,339280,,,,,,,8.595488518478887e-12
4198,4197,,,-21.0,21,True,False,True,False,success,,,0.1,epsilon_greedy,,339301,,,,,,,1.2197650297215054e-13
4199,4198,,,-19.0,19,True,False,True,False,success,,,0.1,epsilon_greedy,,339320,,,,,,,5.691353820973171e-15
4200,4199,,,-19.0,19,True,False,True,False,success,,,0.1,epsilon_greedy,,339339,,,,,,,6.065323681899539e-15
4201,4200,,,-19.0,19,True,False,True,False,success,,,0.1,epsilon_greedy,,339358,,,,,,,1.063827388753979e-13
4202,4201,,,-17.0,17,True,False,True,False,success,,,0.1,epsilon_greedy,,339375,,,,,,,5.42050064964047e-15
4203,4202,,,-19.0,19,True,False,True,False,success,,,0.1,epsilon_greedy,,339394,,,,,,,5.691353820973171e-15
4204,4203,,,-19.0,19,True,False,True,False,success,,,0.1,epsilon_greedy,,339413,,,,,,,5.691353820973171e-15
4205,4204,,,-21.0,21,True,False,True,False,success,,,0.1,epsilon_greedy,,339434,,,,,,,3.4822409506183422e-12
4206,4205,,,-347.0,50,True,False,True,False,success,,,0.1,epsilon_greedy,,339484,,,,,,,7.236478083427755e-13
4207,4206,,,-19.0,19,True,False,True,False,success,,,0.1,epsilon_greedy,,339503,,,,,,,6.279772024024504e-13
4208,4207,,,-231.0,33,True,False,True,False,success,,,0.1,epsilon_greedy,,339536,,,,,,,9.897806480143063e-15
4209,4208,,,-19.0,19,True,False,True,False,success,,,0.1,epsilon_greedy,,339555,,,,,,,9.623880639777015e-14
4210,4209,,,-132.0,33,True,False,True,False,success,,,0.1,epsilon_greedy,,339588,,,,,,,7.250092782021855e-14
4211,4210,,,-17.0,17,True,False,True,False,success,,,0.1,epsilon_greedy,,339605,,,,,,,5.42050064964047e-15
4212,4211,,,-19.0,19,True,False,True,False,success,,,0.1,epsilon_greedy,,339624,,,,,,,6.205737678119237e-12
4213,4212,,,-21.0,21,True,False,True,False,success,,,0.1,epsilon_greedy,,339645,,,,,,,5.995204332975845e-15
4214,4213,,,-19.0,19,True,False,True,False,success,,,0.1,epsilon_greedy,,339664,,,,,,,1.21715503173379e-13
4215,4214,,,-124.0,25,True,False,True,False,success,,,0.1,epsilon_greedy,,339689,,,,,,,8.517631044924201e-15
4216,4215,,,-19.0,19,True,False,True,False,success,,,0.1,epsilon_greedy,,339708,,,,,,,5.656644743255942e-13
4217,4216,,,-19.0,19,True,False,True,False,success,,,0.1,epsilon_greedy,,339727,,,,,,,5.784846286204763e-15
4218,4217,,,-123.0,24,True,False,True,False,success,,,0.1,epsilon_greedy,,339751,,,,,,,8.280413391995959e-15
4219,4218,,,-126.0,27,True,False,True,False,success,,,0.1,epsilon_greedy,,339778,,,,,,,1.1899946049130382e-14
4220,4219,,,-27.0,27,True,False,True,False,success,,,0.1,epsilon_greedy,,339805,,,,,,,2.131251201035148e-08
4221,4220,,,-243.0,45,True,False,True,False,success,,,0.1,epsilon_greedy,,339850,,,,,,,3.577202731561455e-12
4222,4221,,,-19.0,19,True,False,True,False,success,,,0.1,epsilon_greedy,,339869,,,,,,,2.2364566339212232e-13
4223,4222,,,-17.0,17,True,False,True,False,success,,,0.1,epsilon_greedy,,339886,,,,,,,5.42050064964047e-15
4224,4223,,,-19.0,19,True,False,True,False,success,,,0.1,epsilon_greedy,,339905,,,,,,,5.691353820973171e-15
4225,4224,,,-19.0,19,True,False,True,False,success,,,0.1,epsilon_greedy,,339924,,,,,,,1.0131077263658402e-13
4226,4225,,,-240.0,42,True,False,True,False,success,,,0.1,epsilon_greedy,,339966,,,,,,,2.0793261292678404e-12
4227,4226,,,-17.0,17,True,False,True,False,success,,,0.1,epsilon_greedy,,339983,,,,,,,5.42050064964047e-15
4228,4227,,,-17.0,17,True,False,True,False,success,,,0.1,epsilon_greedy,,340000,,,,,,,5.42050064964047e-15
4229,4228,,,-17.0,17,True,False,True,False,success,,,0.1,epsilon_greedy,,340017,,,,,,,5.42050064964047e-15
4230,4229,,,-17.0,17,True,False,True,False,success,,,0.1,epsilon_greedy,,340034,,,,,,,5.42050064964047e-15
4231,4230,,,-119.0,20,True,False,True,False,success,,,0.1,epsilon_greedy,,340054,,,,,,,8.248957072964913e-15
4232,4231,,,-235.0,37,True,False,True,False,success,,,0.1,epsilon_greedy,,340091,,,,,,,2.4190859525751385e-14
4233,4232,,,-21.0,21,True,False,True,False,success,,,0.1,epsilon_greedy,,340112,,,,,,,2.5699019631918503e-13
4234,4233,,,-18.0,18,True,False,True,False,success,,,0.1,epsilon_greedy,,340130,,,,,,,5.9088536532827775e-15
4235,4234,,,-17.0,17,True,False,True,False,success,,,0.1,epsilon_greedy,,340147,,,,,,,5.42050064964047e-15
4236,4235,,,-21.0,21,True,False,True,False,success,,,0.1,epsilon_greedy,,340168,,,,,,,1.2243645251092382e-12
4237,4236,,,-18.0,18,True,False,True,False,success,,,0.1,epsilon_greedy,,340186,,,,,,,5.612794180049403e-15
4238,4237,,,-18.0,18,True,False,True,False,success,,,0.1,epsilon_greedy,,340204,,,,,,,5.9088536532827775e-15
4239,4238,,,-23.0,23,True,False,True,False,success,,,0.1,epsilon_greedy,,340227,,,,,,,6.555142901917228e-15
4240,4239,,,-19.0,19,True,False,True,False,success,,,0.1,epsilon_greedy,,340246,,,,,,,5.691353820973171e-15
4241,4240,,,-128.0,29,True,False,True,False,success,,,0.1,epsilon_greedy,,340275,,,,,,,6.781625069936189e-13
4242,4241,,,-17.0,17,True,False,True,False,success,,,0.1,epsilon_greedy,,340292,,,,,,,5.42050064964047e-15
4243,4242,,,-132.0,33,True,False,True,False,success,,,0.1,epsilon_greedy,,340325,,,,,,,2.236641848161057e-12
4244,4243,,,-21.0,21,True,False,True,False,success,,,0.1,epsilon_greedy,,340346,,,,,,,2.7134908077100373e-13
4245,4244,,,-19.0,19,True,False,True,False,success,,,0.1,epsilon_greedy,,340365,,,,,,,6.065323681899539e-15
4246,4245,,,-17.0,17,True,False,True,False,success,,,0.1,epsilon_greedy,,340382,,,,,,,5.42050064964047e-15
4247,4246,,,-17.0,17,True,False,True,False,success,,,0.1,epsilon_greedy,,340399,,,,,,,5.42050064964047e-15
4248,4247,,,-19.0,19,True,False,True,False,success,,,0.1,epsilon_greedy,,340418,,,,,,,5.691353820973171e-15
4249,4248,,,-17.0,17,True,False,True,False,success,,,0.1,epsilon_greedy,,340435,,,,,,,5.42050064964047e-15
4250,4249,,,-17.0,17,True,False,True,False,success,,,0.1,epsilon_greedy,,340452,,,,,,,5.42050064964047e-15
4251,4250,,,-18.0,18,True,False,True,False,success,,,0.1,epsilon_greedy,,340470,,,,,,,5.9088536532827775e-15
4252,4251,,,-17.0,17,True,False,True,False,success,,,0.1,epsilon_greedy,,340487,,,,,,,5.42050064964047e-15
4253,4252,,,-17.0,17,True,False,True,False,success,,,0.1,epsilon_greedy,,340504,,,,,,,5.42050064964047e-15
4254,4253,,,-244.0,46,True,False,True,False,success,,,0.1,epsilon_greedy,,340550,,,,,,,2.2881744808090763e-12
4255,4254,,,-23.0,23,True,False,True,False,success,,,0.1,epsilon_greedy,,340573,,,,,,,8.793381481901317e-12
4256,4255,,,-19.0,19,True,False,True,False,success,,,0.1,epsilon_greedy,,340592,,,,,,,2.5213749217145004e-13
4257,4256,,,-17.0,17,True,False,True,False,success,,,0.1,epsilon_greedy,,340609,,,,,,,5.42050064964047e-15
4258,4257,,,-351.0,54,True,False,True,False,success,,,0.1,epsilon_greedy,,340663,,,,,,,9.970419551703141e-13
4259,4258,,,-19.0,19,True,False,True,False,success,,,0.1,epsilon_greedy,,340682,,,,,,,5.691353820973171e-15
4260,4259,,,-219.0,21,True,False,True,False,success,,,0.1,epsilon_greedy,,340703,,,,,,,4.2085911475385813e-13
4261,4260,,,-17.0,17,True,False,True,False,success,,,0.1,epsilon_greedy,,340720,,,,,,,5.42050064964047e-15
4262,4261,,,-19.0,19,True,False,True,False,success,,,0.1,epsilon_greedy,,340739,,,,,,,2.274087351176939e-13
4263,4262,,,-21.0,21,True,False,True,False,success,,,0.1,epsilon_greedy,,340760,,,,,,,1.4118547600868884e-12
4264,4263,,,-17.0,17,True,False,True,False,success,,,0.1,epsilon_greedy,,340777,,,,,,,5.42050064964047e-15
4265,4264,,,-19.0,19,True,False,True,False,success,,,0.1,epsilon_greedy,,340796,,,,,,,5.5978613557415785e-15
4266,4265,,,-17.0,17,True,False,True,False,success,,,0.1,epsilon_greedy,,340813,,,,,,,5.42050064964047e-15
4267,4266,,,-17.0,17,True,False,True,False,success,,,0.1,epsilon_greedy,,340830,,,,,,,5.42050064964047e-15
4268,4267,,,-17.0,17,True,False,True,False,success,,,0.1,epsilon_greedy,,340847,,,,,,,5.42050064964047e-15
4269,4268,,,-27.0,27,True,False,True,False,success,,,0.1,epsilon_greedy,,340874,,,,,,,1.2586657962801143e-08
4270,4269,,,-18.0,18,True,False,True,False,success,,,0.1,epsilon_greedy,,340892,,,,,,,5.612794180049403e-15
4271,4270,,,-121.0,22,True,False,True,False,success,,,0.1,epsilon_greedy,,340914,,,,,,,8.22574331881366e-15
4272,4271,,,-17.0,17,True,False,True,False,success,,,0.1,epsilon_greedy,,340931,,,,,,,5.42050064964047e-15
4273,4272,,,-17.0,17,True,False,True,False,success,,,0.1,epsilon_greedy,,340948,,,,,,,5.42050064964047e-15
4274,4273,,,-21.0,21,True,False,True,False,success,,,0.1,epsilon_greedy,,340969,,,,,,,5.286776307738841e-15
4275,4274,,,-21.0,21,True,False,True,False,success,,,0.1,epsilon_greedy,,340990,,,,,,,6.8544429391674084e-12
4276,4275,,,-20.0,20,True,False,True,False,success,,,0.1,epsilon_greedy,,341010,,,,,,,5.4622972811557705e-15
4277,4276,,,-17.0,17,True,False,True,False,success,,,0.1,epsilon_greedy,,341027,,,,,,,5.42050064964047e-15
4278,4277,,,-132.0,33,True,False,True,False,success,,,0.1,epsilon_greedy,,341060,,,,,,,8.493347439494672e-12
4279,4278,,,-25.0,25,True,False,True,False,success,,,0.1,epsilon_greedy,,341085,,,,,,,2.6466828728644033e-13
4280,4279,,,-238.0,40,True,False,True,False,success,,,0.1,epsilon_greedy,,341125,,,,,,,9.155454172571353e-14
4281,4280,,,-324.0,27,True,False,True,False,success,,,0.1,epsilon_greedy,,341152,,,,,,,1.1965737043182242e-14
4282,4281,,,-17.0,17,True,False,True,False,success,,,0.1,epsilon_greedy,,341169,,,,,,,5.42050064964047e-15
4283,4282,,,-19.0,19,True,False,True,False,success,,,0.1,epsilon_greedy,,341188,,,,,,,1.1002894501942999e-13
4284,4283,,,-129.0,30,True,False,True,False,success,,,0.1,epsilon_greedy,,341218,,,,,,,2.4151051529012572e-14
4285,4284,,,-21.0,21,True,False,True,False,success,,,0.1,epsilon_greedy,,341239,,,,,,,5.625129991434126e-15
4286,4285,,,-21.0,21,True,False,True,False,success,,,0.1,epsilon_greedy,,341260,,,,,,,3.745152336402195e-13
4287,4286,,,-17.0,17,True,False,True,False,success,,,0.1,epsilon_greedy,,341277,,,,,,,5.42050064964047e-15
4288,4287,,,-129.0,30,True,False,True,False,success,,,0.1,epsilon_greedy,,341307,,,,,,,1.841482522024762e-12
4289,4288,,,-17.0,17,True,False,True,False,success,,,0.1,epsilon_greedy,,341324,,,,,,,5.42050064964047e-15
4290,4289,,,-240.0,42,True,False,True,False,success,,,0.1,epsilon_greedy,,341366,,,,,,,1.4273820221027174e-12
4291,4290,,,-17.0,17,True,False,True,False,success,,,0.1,epsilon_greedy,,341383,,,,,,,5.42050064964047e-15
4292,4291,,,-17.0,17,True,False,True,False,success,,,0.1,epsilon_greedy,,341400,,,,,,,5.42050064964047e-15
4293,4292,,,-221.0,23,True,False,True,False,success,,,0.1,epsilon_greedy,,341423,,,,,,,1.0339555298900372e-14
4294,4293,,,-17.0,17,True,False,True,False,success,,,0.1,epsilon_greedy,,341440,,,,,,,5.42050064964047e-15
4295,4294,,,-27.0,27,True,False,True,False,success,,,0.1,epsilon_greedy,,341467,,,,,,,5.650377285401529e-13
4296,4295,,,-451.0,55,True,False,True,False,success,,,0.1,epsilon_greedy,,341522,,,,,,,1.850237135220761e-14
4297,4296,,,-17.0,17,True,False,True,False,success,,,0.1,epsilon_greedy,,341539,,,,,,,5.42050064964047e-15
4298,4297,,,-21.0,21,True,False,True,False,success,,,0.1,epsilon_greedy,,341560,,,,,,,8.618502736875859e-14
4299,4298,,,-17.0,17,True,False,True,False,success,,,0.1,epsilon_greedy,,341577,,,,,,,5.42050064964047e-15
4300,4299,,,-17.0,17,True,False,True,False,success,,,0.1,epsilon_greedy,,341594,,,,,,,5.42050064964047e-15
4301,4300,,,-132.0,33,True,False,True,False,success,,,0.1,epsilon_greedy,,341627,,,,,,,9.220839580097384e-13
4302,4301,,,-19.0,19,True,False,True,False,success,,,0.1,epsilon_greedy,,341646,,,,,,,7.151004934401402e-14
4303,4302,,,-17.0,17,True,False,True,False,success,,,0.1,epsilon_greedy,,341663,,,,,,,5.42050064964047e-15
4304,4303,,,-17.0,17,True,False,True,False,success,,,0.1,epsilon_greedy,,341680,,,,,,,5.42050064964047e-15
4305,4304,,,-125.0,26,True,False,True,False,success,,,0.1,epsilon_greedy,,341706,,,,,,,8.258351267788665e-15
4306,4305,,,-17.0,17,True,False,True,False,success,,,0.1,epsilon_greedy,,341723,,,,,,,5.42050064964047e-15
4307,4306,,,-19.0,19,True,False,True,False,success,,,0.1,epsilon_greedy,,341742,,,,,,,6.626278473289092e-15
4308,4307,,,-19.0,19,True,False,True,False,success,,,0.1,epsilon_greedy,,341761,,,,,,,5.5978613557415785e-15
4309,4308,,,-23.0,23,True,False,True,False,success,,,0.1,epsilon_greedy,,341784,,,,,,,1.5155026991796267e-13
4310,4309,,,-19.0,19,True,False,True,False,success,,,0.1,epsilon_greedy,,341803,,,,,,,6.065323681899539e-15
4311,4310,,,-18.0,18,True,False,True,False,success,,,0.1,epsilon_greedy,,341821,,,,,,,5.612794180049403e-15
4312,4311,,,-444.0,48,True,False,True,False,success,,,0.1,epsilon_greedy,,341869,,,,,,,1.9091210094283422e-14
4313,4312,,,-17.0,17,True,False,True,False,success,,,0.1,epsilon_greedy,,341886,,,,,,,5.42050064964047e-15
4314,4313,,,-135.0,36,True,False,True,False,success,,,0.1,epsilon_greedy,,341922,,,,,,,6.0412847564034816e-12
4315,4314,,,-23.0,23,True,False,True,False,success,,,0.1,epsilon_greedy,,341945,,,,,,,1.2674103312742377e-11
4316,4315,,,-21.0,21,True,False,True,False,success,,,0.1,epsilon_greedy,,341966,,,,,,,1.0831864505873801e-12
4317,4316,,,-119.0,20,True,False,True,False,success,,,0.1,epsilon_greedy,,341986,,,,,,,8.248957072964913e-15
4318,4317,,,-22.0,22,True,False,True,False,success,,,0.1,epsilon_greedy,,342008,,,,,,,5.450185757250769e-15
4319,4318,,,-19.0,19,True,False,True,False,success,,,0.1,epsilon_greedy,,342027,,,,,,,6.439293542825908e-15
4320,4319,,,-119.0,20,True,False,True,False,success,,,0.1,epsilon_greedy,,342047,,,,,,,8.248957072964913e-15
4321,4320,,,-21.0,21,True,False,True,False,success,,,0.1,epsilon_greedy,,342068,,,,,,,3.3999258435068483e-13
4322,4321,,,-19.0,19,True,False,True,False,success,,,0.1,epsilon_greedy,,342087,,,,,,,6.3458010775943155e-15
4323,4322,,,-24.0,24,True,False,True,False,success,,,0.1,epsilon_greedy,,342111,,,,,,,1.1717571357650058e-12
4324,4323,,,-17.0,17,True,False,True,False,success,,,0.1,epsilon_greedy,,342128,,,,,,,5.42050064964047e-15
4325,4324,,,-21.0,21,True,False,True,False,success,,,0.1,epsilon_greedy,,342149,,,,,,,1.3249824517981237e-12
4326,4325,,,-21.0,21,True,False,True,False,success,,,0.1,epsilon_greedy,,342170,,,,,,,5.910615912052024e-15
4327,4326,,,-17.0,17,True,False,True,False,success,,,0.1,epsilon_greedy,,342187,,,,,,,5.42050064964047e-15
4328,4327,,,-21.0,21,True,False,True,False,success,,,0.1,epsilon_greedy,,342208,,,,,,,6.0797927538996665e-15
4329,4328,,,-435.0,39,True,False,True,False,success,,,0.1,epsilon_greedy,,342247,,,,,,,1.1927780700460015e-14
4330,4329,,,-21.0,21,True,False,True,False,success,,,0.1,epsilon_greedy,,342268,,,,,,,1.4538634846281813e-14
4331,4330,,,-124.0,25,True,False,True,False,success,,,0.1,epsilon_greedy,,342293,,,,,,,8.23341395062016e-15
4332,4331,,,-133.0,34,True,False,True,False,success,,,0.1,epsilon_greedy,,342327,,,,,,,1.0703856102121362e-14
4333,4332,,,-18.0,18,True,False,True,False,success,,,0.1,epsilon_greedy,,342345,,,,,,,5.1810407815840636e-15
4334,4333,,,-333.0,36,True,False,True,False,success,,,0.1,epsilon_greedy,,342381,,,,,,,1.2823075934420558e-14
4335,4334,,,-17.0,17,True,False,True,False,success,,,0.1,epsilon_greedy,,342398,,,,,,,5.42050064964047e-15
4336,4335,,,-23.0,23,True,False,True,False,success,,,0.1,epsilon_greedy,,342421,,,,,,,6.709608714038989e-15
4337,4336,,,-124.0,25,True,False,True,False,success,,,0.1,epsilon_greedy,,342446,,,,,,,8.517631044924201e-15
4338,4337,,,-117.0,18,True,False,True,False,success,,,0.1,epsilon_greedy,,342464,,,,,,,8.277329439149778e-15
4339,4338,,,-133.0,34,True,False,True,False,success,,,0.1,epsilon_greedy,,342498,,,,,,,1.5840662115351734e-12
4340,4339,,,-17.0,17,True,False,True,False,success,,,0.1,epsilon_greedy,,342515,,,,,,,5.42050064964047e-15
4341,4340,,,-21.0,21,True,False,True,False,success,,,0.1,epsilon_greedy,,342536,,,,,,,2.1530925190897202e-13
4342,4341,,,-19.0,19,True,False,True,False,success,,,0.1,epsilon_greedy,,342555,,,,,,,7.30059287877195e-14
4343,4342,,,-230.0,32,True,False,True,False,success,,,0.1,epsilon_greedy,,342587,,,,,,,9.929557176491244e-15
4344,4343,,,-17.0,17,True,False,True,False,success,,,0.1,epsilon_greedy,,342604,,,,,,,5.42050064964047e-15
4345,4344,,,-19.0,19,True,False,True,False,success,,,0.1,epsilon_greedy,,342623,,,,,,,4.439840308266771e-13
4346,4345,,,-231.0,33,True,False,True,False,success,,,0.1,epsilon_greedy,,342656,,,,,,,9.6824904996097e-15
4347,4346,,,-19.0,19,True,False,True,False,success,,,0.1,epsilon_greedy,,342675,,,,,,,6.618097882581327e-14
4348,4347,,,-17.0,17,True,False,True,False,success,,,0.1,epsilon_greedy,,342692,,,,,,,5.42050064964047e-15
4349,4348,,,-125.0,26,True,False,True,False,success,,,0.1,epsilon_greedy,,342718,,,,,,,1.2421687610133e-13
4350,4349,,,-17.0,17,True,False,True,False,success,,,0.1,epsilon_greedy,,342735,,,,,,,5.42050064964047e-15
4351,4350,,,-17.0,17,True,False,True,False,success,,,0.1,epsilon_greedy,,342752,,,,,,,5.42050064964047e-15
4352,4351,,,-19.0,19,True,False,True,False,success,,,0.1,epsilon_greedy,,342771,,,,,,,5.691353820973171e-15
4353,4352,,,-124.0,25,True,False,True,False,success,,,0.1,epsilon_greedy,,342796,,,,,,,8.23341395062016e-15
4354,4353,,,-136.0,37,True,False,True,False,success,,,0.1,epsilon_greedy,,342833,,,,,,,1.3115214620035437e-12
4355,4354,,,-21.0,21,True,False,True,False,success,,,0.1,epsilon_greedy,,342854,,,,,,,1.349713991365726e-13
4356,4355,,,-233.0,35,True,False,True,False,success,,,0.1,epsilon_greedy,,342889,,,,,,,1.0863056486089461e-13
4357,4356,,,-17.0,17,True,False,True,False,success,,,0.1,epsilon_greedy,,342906,,,,,,,5.42050064964047e-15
4358,4357,,,-17.0,17,True,False,True,False,success,,,0.1,epsilon_greedy,,342923,,,,,,,5.42050064964047e-15
4359,4358,,,-17.0,17,True,False,True,False,success,,,0.1,epsilon_greedy,,342940,,,,,,,5.42050064964047e-15
4360,4359,,,-19.0,19,True,False,True,False,success,,,0.1,epsilon_greedy,,342959,,,,,,,5.784846286204763e-15
4361,4360,,,-21.0,21,True,False,True,False,success,,,0.1,epsilon_greedy,,342980,,,,,,,5.995204332975845e-15
4362,4361,,,-19.0,19,True,False,True,False,success,,,0.1,epsilon_greedy,,342999,,,,,,,5.5978613557415785e-15
4363,4362,,,-22.0,22,True,False,True,False,success,,,0.1,epsilon_greedy,,343021,,,,,,,7.187180143959764e-14
4364,4363,,,-19.0,19,True,False,True,False,success,,,0.1,epsilon_greedy,,343040,,,,,,,1.3407988170025707e-13
4365,4364,,,-18.0,18,True,False,True,False,success,,,0.1,epsilon_greedy,,343058,,,,,,,5.9088536532827775e-15
4366,4365,,,-23.0,23,True,False,True,False,success,,,0.1,epsilon_greedy,,343081,,,,,,,6.168978371612827e-15
4367,4366,,,-17.0,17,True,False,True,False,success,,,0.1,epsilon_greedy,,343098,,,,,,,5.42050064964047e-15
4368,4367,,,-17.0,17,True,False,True,False,success,,,0.1,epsilon_greedy,,343115,,,,,,,5.42050064964047e-15
4369,4368,,,-17.0,17,True,False,True,False,success,,,0.1,epsilon_greedy,,343132,,,,,,,5.42050064964047e-15
4370,4369,,,-17.0,17,True,False,True,False,success,,,0.1,epsilon_greedy,,343149,,,,,,,5.42050064964047e-15
4371,4370,,,-19.0,19,True,False,True,False,success,,,0.1,epsilon_greedy,,343168,,,,,,,4.525350854279215e-12
4372,4371,,,-23.0,23,True,False,True,False,success,,,0.1,epsilon_greedy,,343191,,,,,,,1.4113348171300141e-13
4373,4372,,,-133.0,34,True,False,True,False,success,,,0.1,epsilon_greedy,,343225,,,,,,,9.445189728380147e-13
4374,4373,,,-19.0,19,True,False,True,False,success,,,0.1,epsilon_greedy,,343244,,,,,,,5.784846286204763e-15
4375,4374,,,-17.0,17,True,False,True,False,success,,,0.1,epsilon_greedy,,343261,,,,,,,5.42050064964047e-15
4376,4375,,,-19.0,19,True,False,True,False,success,,,0.1,epsilon_greedy,,343280,,,,,,,5.784846286204763e-15
4377,4376,,,-17.0,17,True,False,True,False,success,,,0.1,epsilon_greedy,,343297,,,,,,,5.42050064964047e-15
4378,4377,,,-29.0,29,True,False,True,False,success,,,0.1,epsilon_greedy,,343326,,,,,,,4.179381779354048e-08
4379,4378,,,-18.0,18,True,False,True,False,success,,,0.1,epsilon_greedy,,343344,,,,,,,5.612794180049403e-15
4380,4379,,,-17.0,17,True,False,True,False,success,,,0.1,epsilon_greedy,,343361,,,,,,,5.42050064964047e-15
4381,4380,,,-130.0,31,True,False,True,False,success,,,0.1,epsilon_greedy,,343392,,,,,,,8.455959946588571e-13
4382,4381,,,-19.0,19,True,False,True,False,success,,,0.1,epsilon_greedy,,343411,,,,,,,5.5978613557415785e-15
4383,4382,,,-17.0,17,True,False,True,False,success,,,0.1,epsilon_greedy,,343428,,,,,,,5.42050064964047e-15
4384,4383,,,-25.0,25,True,False,True,False,success,,,0.1,epsilon_greedy,,343453,,,,,,,6.525219182762498e-09
4385,4384,,,-230.0,32,True,False,True,False,success,,,0.1,epsilon_greedy,,343485,,,,,,,1.0373646386341306e-14
4386,4385,,,-126.0,27,True,False,True,False,success,,,0.1,epsilon_greedy,,343512,,,,,,,8.28144137627802e-15
4387,4386,,,-18.0,18,True,False,True,False,success,,,0.1,epsilon_greedy,,343530,,,,,,,5.612794180049403e-15
4388,4387,,,-124.0,25,True,False,True,False,success,,,0.1,epsilon_greedy,,343555,,,,,,,8.23341395062016e-15
4389,4388,,,-17.0,17,True,False,True,False,success,,,0.1,epsilon_greedy,,343572,,,,,,,5.42050064964047e-15
4390,4389,,,-17.0,17,True,False,True,False,success,,,0.1,epsilon_greedy,,343589,,,,,,,5.42050064964047e-15
4391,4390,,,-17.0,17,True,False,True,False,success,,,0.1,epsilon_greedy,,343606,,,,,,,5.42050064964047e-15
4392,4391,,,-17.0,17,True,False,True,False,success,,,0.1,epsilon_greedy,,343623,,,,,,,5.42050064964047e-15
4393,4392,,,-21.0,21,True,False,True,False,success,,,0.1,epsilon_greedy,,343644,,,,,,,2.511324481702104e-13
4394,4393,,,-22.0,22,True,False,True,False,success,,,0.1,epsilon_greedy,,343666,,,,,,,5.98702905433997e-13
4395,4394,,,-17.0,17,True,False,True,False,success,,,0.1,epsilon_greedy,,343683,,,,,,,5.42050064964047e-15
4396,4395,,,-17.0,17,True,False,True,False,success,,,0.1,epsilon_greedy,,343700,,,,,,,5.42050064964047e-15
4397,4396,,,-19.0,19,True,False,True,False,success,,,0.1,epsilon_greedy,,343719,,,,,,,5.784846286204763e-15
4398,4397,,,-23.0,23,True,False,True,False,success,,,0.1,epsilon_greedy,,343742,,,,,,,3.7680969455777813e-13
4399,4398,,,-21.0,21,True,False,True,False,success,,,0.1,epsilon_greedy,,343763,,,,,,,4.6629367034256575e-15
4400,4399,,,-17.0,17,True,False,True,False,success,,,0.1,epsilon_greedy,,343780,,,,,,,5.42050064964047e-15
4401,4400,,,-651.0,57,True,False,True,False,success,,,0.1,epsilon_greedy,,343837,,,,,,,5.760830409198398e-12
4402,4401,,,-17.0,17,True,False,True,False,success,,,0.1,epsilon_greedy,,343854,,,,,,,5.42050064964047e-15
4403,4402,,,-17.0,17,True,False,True,False,success,,,0.1,epsilon_greedy,,343871,,,,,,,5.42050064964047e-15
4404,4403,,,-124.0,25,True,False,True,False,success,,,0.1,epsilon_greedy,,343896,,,,,,,8.23341395062016e-15
4405,4404,,,-17.0,17,True,False,True,False,success,,,0.1,epsilon_greedy,,343913,,,,,,,5.42050064964047e-15
4406,4405,,,-124.0,25,True,False,True,False,success,,,0.1,epsilon_greedy,,343938,,,,,,,8.23341395062016e-15
4407,4406,,,-17.0,17,True,False,True,False,success,,,0.1,epsilon_greedy,,343955,,,,,,,5.42050064964047e-15
4408,4407,,,-17.0,17,True,False,True,False,success,,,0.1,epsilon_greedy,,343972,,,,,,,5.42050064964047e-15
4409,4408,,,-17.0,17,True,False,True,False,success,,,0.1,epsilon_greedy,,343989,,,,,,,5.42050064964047e-15
4410,4409,,,-133.0,34,True,False,True,False,success,,,0.1,epsilon_greedy,,344023,,,,,,,6.782483071908566e-13
4411,4410,,,-19.0,19,True,False,True,False,success,,,0.1,epsilon_greedy,,344042,,,,,,,1.6715284127593278e-13
4412,4411,,,-231.0,33,True,False,True,False,success,,,0.1,epsilon_greedy,,344075,,,,,,,5.313022749026624e-12
4413,4412,,,-137.0,38,True,False,True,False,success,,,0.1,epsilon_greedy,,344113,,,,,,,1.0214723803645292e-11
4414,4413,,,-20.0,20,True,False,True,False,success,,,0.1,epsilon_greedy,,344133,,,,,,,5.995204332975845e-15
4415,4414,,,-19.0,19,True,False,True,False,success,,,0.1,epsilon_greedy,,344152,,,,,,,5.691353820973171e-15
4416,4415,,,-17.0,17,True,False,True,False,success,,,0.1,epsilon_greedy,,344169,,,,,,,5.42050064964047e-15
4417,4416,,,-19.0,19,True,False,True,False,success,,,0.1,epsilon_greedy,,344188,,,,,,,5.691353820973171e-15
4418,4417,,,-17.0,17,True,False,True,False,success,,,0.1,epsilon_greedy,,344205,,,,,,,5.42050064964047e-15
4419,4418,,,-18.0,18,True,False,True,False,success,,,0.1,epsilon_greedy,,344223,,,,,,,5.1810407815840636e-15
4420,4419,,,-134.0,35,True,False,True,False,success,,,0.1,epsilon_greedy,,344258,,,,,,,6.758213036813946e-13
4421,4420,,,-17.0,17,True,False,True,False,success,,,0.1,epsilon_greedy,,344275,,,,,,,5.42050064964047e-15
4422,4421,,,-17.0,17,True,False,True,False,success,,,0.1,epsilon_greedy,,344292,,,,,,,5.42050064964047e-15
4423,4422,,,-19.0,19,True,False,True,False,success,,,0.1,epsilon_greedy,,344311,,,,,,,5.784846286204763e-15
4424,4423,,,-19.0,19,True,False,True,False,success,,,0.1,epsilon_greedy,,344330,,,,,,,6.065323681899539e-15
4425,4424,,,-19.0,19,True,False,True,False,success,,,0.1,epsilon_greedy,,344349,,,,,,,5.784846286204763e-15
4426,4425,,,-17.0,17,True,False,True,False,success,,,0.1,epsilon_greedy,,344366,,,,,,,5.42050064964047e-15
4427,4426,,,-128.0,29,True,False,True,False,success,,,0.1,epsilon_greedy,,344395,,,,,,,6.173605687967336e-14
4428,4427,,,-243.0,45,True,False,True,False,success,,,0.1,epsilon_greedy,,344440,,,,,,,9.742675801918367e-13
4429,4428,,,-21.0,21,True,False,True,False,success,,,0.1,epsilon_greedy,,344461,,,,,,,5.937049793590719e-14
4430,4429,,,-124.0,25,True,False,True,False,success,,,0.1,epsilon_greedy,,344486,,,,,,,1.4201972931005003e-14
4431,4430,,,-123.0,24,True,False,True,False,success,,,0.1,epsilon_greedy,,344510,,,,,,,8.50245799692099e-15
4432,4431,,,-17.0,17,True,False,True,False,success,,,0.1,epsilon_greedy,,344527,,,,,,,5.42050064964047e-15
4433,4432,,,-21.0,21,True,False,True,False,success,,,0.1,epsilon_greedy,,344548,,,,,,,2.5096327132836275e-13
4434,4433,,,-18.0,18,True,False,True,False,success,,,0.1,epsilon_greedy,,344566,,,,,,,5.9088536532827775e-15
4435,4434,,,-228.0,30,True,False,True,False,success,,,0.1,epsilon_greedy,,344596,,,,,,,1.9828583219805295e-14
4436,4435,,,-23.0,23,True,False,True,False,success,,,0.1,epsilon_greedy,,344619,,,,,,,5.633821911403728e-12
4437,4436,,,-19.0,19,True,False,True,False,success,,,0.1,epsilon_greedy,,344638,,,,,,,5.5978613557415785e-15
4438,4437,,,-19.0,19,True,False,True,False,success,,,0.1,epsilon_greedy,,344657,,,,,,,6.065323681899539e-15
4439,4438,,,-19.0,19,True,False,True,False,success,,,0.1,epsilon_greedy,,344676,,,,,,,6.816769371198461e-14
4440,4439,,,-233.0,35,True,False,True,False,success,,,0.1,epsilon_greedy,,344711,,,,,,,6.404971791036067e-13
4441,4440,,,-19.0,19,True,False,True,False,success,,,0.1,epsilon_greedy,,344730,,,,,,,3.666482322429194e-12
4442,4441,,,-126.0,27,True,False,True,False,success,,,0.1,epsilon_greedy,,344757,,,,,,,9.268306287055936e-15
4443,4442,,,-21.0,21,True,False,True,False,success,,,0.1,epsilon_greedy,,344778,,,,,,,1.2339335902262454e-14
4444,4443,,,-19.0,19,True,False,True,False,success,,,0.1,epsilon_greedy,,344797,,,,,,,5.001846889890179e-15
4445,4444,,,-20.0,20,True,False,True,False,success,,,0.1,epsilon_greedy,,344817,,,,,,,4.919398222114069e-14
4446,4445,,,-132.0,33,True,False,True,False,success,,,0.1,epsilon_greedy,,344850,,,,,,,6.477175698150996e-13
4447,4446,,,-243.0,45,True,False,True,False,success,,,0.1,epsilon_greedy,,344895,,,,,,,6.405888165596076e-13
4448,4447,,,-17.0,17,True,False,True,False,success,,,0.1,epsilon_greedy,,344912,,,,,,,5.42050064964047e-15
4449,4448,,,-121.0,22,True,False,True,False,success,,,0.1,epsilon_greedy,,344934,,,,,,,1.3312583358914377e-14
4450,4449,,,-21.0,21,True,False,True,False,success,,,0.1,epsilon_greedy,,344955,,,,,,,1.0020555813688198e-13
4451,4450,,,-17.0,17,True,False,True,False,success,,,0.1,epsilon_greedy,,344972,,,,,,,5.42050064964047e-15
4452,4451,,,-17.0,17,True,False,True,False,success,,,0.1,epsilon_greedy,,344989,,,,,,,5.42050064964047e-15
4453,4452,,,-17.0,17,True,False,True,False,success,,,0.1,epsilon_greedy,,345006,,,,,,,5.42050064964047e-15
4454,4453,,,-19.0,19,True,False,True,False,success,,,0.1,epsilon_greedy,,345025,,,,,,,5.88885665377491e-14
4455,4454,,,-26.0,26,True,False,True,False,success,,,0.1,epsilon_greedy,,345051,,,,,,,1.8473257112051355e-13
4456,4455,,,-21.0,21,True,False,True,False,success,,,0.1,epsilon_greedy,,345072,,,,,,,3.7027523904141294e-13
4457,4456,,,-20.0,20,True,False,True,False,success,,,0.1,epsilon_greedy,,345092,,,,,,,2.35622632516197e-13
4458,4457,,,-19.0,19,True,False,True,False,success,,,0.1,epsilon_greedy,,345111,,,,,,,5.5978613557415785e-15
4459,4458,,,-17.0,17,True,False,True,False,success,,,0.1,epsilon_greedy,,345128,,,,,,,5.42050064964047e-15
4460,4459,,,-123.0,24,True,False,True,False,success,,,0.1,epsilon_greedy,,345152,,,,,,,8.206398523687616e-15
4461,4460,,,-227.0,29,True,False,True,False,success,,,0.1,epsilon_greedy,,345181,,,,,,,9.976693800597096e-15
4462,4461,,,-21.0,21,True,False,True,False,success,,,0.1,epsilon_greedy,,345202,,,,,,,3.0374644598482735e-13
4463,4462,,,-18.0,18,True,False,True,False,success,,,0.1,epsilon_greedy,,345220,,,,,,,5.9088536532827775e-15
4464,4463,,,-120.0,21,True,False,True,False,success,,,0.1,epsilon_greedy,,345241,,,,,,,8.194503276995203e-15
4465,4464,,,-125.0,26,True,False,True,False,success,,,0.1,epsilon_greedy,,345267,,,,,,,8.258351267788665e-15
4466,4465,,,-17.0,17,True,False,True,False,success,,,0.1,epsilon_greedy,,345284,,,,,,,5.42050064964047e-15
4467,4466,,,-17.0,17,True,False,True,False,success,,,0.1,epsilon_greedy,,345301,,,,,,,5.42050064964047e-15
4468,4467,,,-21.0,21,True,False,True,False,success,,,0.1,epsilon_greedy,,345322,,,,,,,5.6705962676806805e-14
4469,4468,,,-19.0,19,True,False,True,False,success,,,0.1,epsilon_greedy,,345341,,,,,,,5.9718312166679474e-15
4470,4469,,,-17.0,17,True,False,True,False,success,,,0.1,epsilon_greedy,,345358,,,,,,,5.42050064964047e-15
4471,4470,,,-135.0,36,True,False,True,False,success,,,0.1,epsilon_greedy,,345394,,,,,,,1.0925026315710005e-12
4472,4471,,,-19.0,19,True,False,True,False,success,,,0.1,epsilon_greedy,,345413,,,,,,,9.006830369248507e-14
4473,4472,,,-131.0,32,True,False,True,False,success,,,0.1,epsilon_greedy,,345445,,,,,,,8.550313235211604e-13
4474,4473,,,-19.0,19,True,False,True,False,success,,,0.1,epsilon_greedy,,345464,,,,,,,8.967096071525081e-14
4475,4474,,,-21.0,21,True,False,True,False,success,,,0.1,epsilon_greedy,,345485,,,,,,,5.360791176047184e-15
4476,4475,,,-23.0,23,True,False,True,False,success,,,0.1,epsilon_greedy,,345508,,,,,,,9.060761802684086e-12
4477,4476,,,-20.0,20,True,False,True,False,success,,,0.1,epsilon_greedy,,345528,,,,,,,6.206146707654625e-15
4478,4477,,,-17.0,17,True,False,True,False,success,,,0.1,epsilon_greedy,,345545,,,,,,,5.42050064964047e-15
4479,4478,,,-17.0,17,True,False,True,False,success,,,0.1,epsilon_greedy,,345562,,,,,,,5.42050064964047e-15
4480,4479,,,-127.0,28,True,False,True,False,success,,,0.1,epsilon_greedy,,345590,,,,,,,4.248189102083546e-14
4481,4480,,,-19.0,19,True,False,True,False,success,,,0.1,epsilon_greedy,,345609,,,,,,,5.691353820973171e-15
4482,4481,,,-17.0,17,True,False,True,False,success,,,0.1,epsilon_greedy,,345626,,,,,,,5.42050064964047e-15
4483,4482,,,-19.0,19,True,False,True,False,success,,,0.1,epsilon_greedy,,345645,,,,,,,1.5093189855825154e-13
4484,4483,,,-127.0,28,True,False,True,False,success,,,0.1,epsilon_greedy,,345673,,,,,,,8.239440875610983e-15
4485,4484,,,-17.0,17,True,False,True,False,success,,,0.1,epsilon_greedy,,345690,,,,,,,5.42050064964047e-15
4486,4485,,,-125.0,26,True,False,True,False,success,,,0.1,epsilon_greedy,,345716,,,,,,,8.394994101588683e-15
4487,4486,,,-17.0,17,True,False,True,False,success,,,0.1,epsilon_greedy,,345733,,,,,,,5.42050064964047e-15
4488,4487,,,-20.0,20,True,False,True,False,success,,,0.1,epsilon_greedy,,345753,,,,,,,5.850875339774575e-15
4489,4488,,,-21.0,21,True,False,True,False,success,,,0.1,epsilon_greedy,,345774,,,,,,,6.3335580166711315e-15
4490,4489,,,-19.0,19,True,False,True,False,success,,,0.1,epsilon_greedy,,345793,,,,,,,5.5978613557415785e-15
4491,4490,,,-25.0,25,True,False,True,False,success,,,0.1,epsilon_greedy,,345818,,,,,,,3.836930773104541e-14
4492,4491,,,-17.0,17,True,False,True,False,success,,,0.1,epsilon_greedy,,345835,,,,,,,5.42050064964047e-15
4493,4492,,,-128.0,29,True,False,True,False,success,,,0.1,epsilon_greedy,,345864,,,,,,,8.445351697665846e-15
4494,4493,,,-17.0,17,True,False,True,False,success,,,0.1,epsilon_greedy,,345881,,,,,,,5.42050064964047e-15
4495,4494,,,-18.0,18,True,False,True,False,success,,,0.1,epsilon_greedy,,345899,,,,,,,5.1810407815840636e-15
4496,4495,,,-21.0,21,True,False,True,False,success,,,0.1,epsilon_greedy,,345920,,,,,,,4.479697036599429e-13
4497,4496,,,-19.0,19,True,False,True,False,success,,,0.1,epsilon_greedy,,345939,,,,,,,4.514517414870505e-14
4498,4497,,,-20.0,20,True,False,True,False,success,,,0.1,epsilon_greedy,,345959,,,,,,,6.117328865684613e-15
4499,4498,,,-21.0,21,True,False,True,False,success,,,0.1,epsilon_greedy,,345980,,,,,,,2.442564669043653e-12
4500,4499,,,-17.0,17,True,False,True,False,success,,,0.1,epsilon_greedy,,345997,,,,,,,5.42050064964047e-15
4501,4500,,,-19.0,19,True,False,True,False,success,,,0.1,epsilon_greedy,,346016,,,,,,,5.784846286204763e-15
4502,4501,,,-21.0,21,True,False,True,False,success,,,0.1,epsilon_greedy,,346037,,,,,,,5.071075834383096e-14
4503,4502,,,-21.0,21,True,False,True,False,success,,,0.1,epsilon_greedy,,346058,,,,,,,5.995204332975845e-15
4504,4503,,,-123.0,24,True,False,True,False,success,,,0.1,epsilon_greedy,,346082,,,,,,,7.985279104616438e-14
4505,4504,,,-20.0,20,True,False,True,False,success,,,0.1,epsilon_greedy,,346102,,,,,,,5.4622972811557705e-15
4506,4505,,,-19.0,19,True,False,True,False,success,,,0.1,epsilon_greedy,,346121,,,,,,,4.430374196162072e-14
4507,4506,,,-124.0,25,True,False,True,False,success,,,0.1,epsilon_greedy,,346146,,,,,,,8.09130540346814e-15
4508,4507,,,-18.0,18,True,False,True,False,success,,,0.1,epsilon_greedy,,346164,,,,,,,5.9088536532827775e-15
4509,4508,,,-233.0,35,True,False,True,False,success,,,0.1,epsilon_greedy,,346199,,,,,,,4.954449549034377e-13
4510,4509,,,-19.0,19,True,False,True,False,success,,,0.1,epsilon_greedy,,346218,,,,,,,5.691353820973171e-15
4511,4510,,,-19.0,19,True,False,True,False,success,,,0.1,epsilon_greedy,,346237,,,,,,,5.691353820973171e-15
4512,4511,,,-217.0,19,True,False,True,False,success,,,0.1,epsilon_greedy,,346256,,,,,,,1.0833439408710738e-14
4513,4512,,,-17.0,17,True,False,True,False,success,,,0.1,epsilon_greedy,,346273,,,,,,,5.42050064964047e-15
4514,4513,,,-21.0,21,True,False,True,False,success,,,0.1,epsilon_greedy,,346294,,,,,,,2.920912189367863e-12
4515,4514,,,-228.0,30,True,False,True,False,success,,,0.1,epsilon_greedy,,346324,,,,,,,9.821773024517218e-15
4516,4515,,,-17.0,17,True,False,True,False,success,,,0.1,epsilon_greedy,,346341,,,,,,,5.42050064964047e-15
4517,4516,,,-19.0,19,True,False,True,False,success,,,0.1,epsilon_greedy,,346360,,,,,,,1.3634707398212318e-13
4518,4517,,,-17.0,17,True,False,True,False,success,,,0.1,epsilon_greedy,,346377,,,,,,,5.42050064964047e-15
4519,4518,,,-19.0,19,True,False,True,False,success,,,0.1,epsilon_greedy,,346396,,,,,,,3.1308289294429414e-14
4520,4519,,,-23.0,23,True,False,True,False,success,,,0.1,epsilon_greedy,,346419,,,,,,,6.140016031839996e-15
4521,4520,,,-134.0,35,True,False,True,False,success,,,0.1,epsilon_greedy,,346454,,,,,,,4.4535169203235066e-13
4522,4521,,,-22.0,22,True,False,True,False,success,,,0.1,epsilon_greedy,,346476,,,,,,,2.7846412044916426e-14
4523,4522,,,-21.0,21,True,False,True,False,success,,,0.1,epsilon_greedy,,346497,,,,,,,5.286776307738841e-15
4524,4523,,,-17.0,17,True,False,True,False,success,,,0.1,epsilon_greedy,,346514,,,,,,,5.42050064964047e-15
4525,4524,,,-17.0,17,True,False,True,False,success,,,0.1,epsilon_greedy,,346531,,,,,,,5.42050064964047e-15
4526,4525,,,-447.0,51,True,False,True,False,success,,,0.1,epsilon_greedy,,346582,,,,,,,2.8061213483584545e-13
4527,4526,,,-19.0,19,True,False,True,False,success,,,0.1,epsilon_greedy,,346601,,,,,,,1.092693187394233e-14
4528,4527,,,-21.0,21,True,False,True,False,success,,,0.1,epsilon_greedy,,346622,,,,,,,8.279091697919024e-15
4529,4528,,,-20.0,20,True,False,True,False,success,,,0.1,epsilon_greedy,,346642,,,,,,,2.731148640577885e-14
4530,4529,,,-19.0,19,True,False,True,False,success,,,0.1,epsilon_greedy,,346661,,,,,,,5.691353820973171e-15
4531,4530,,,-131.0,32,True,False,True,False,success,,,0.1,epsilon_greedy,,346693,,,,,,,7.200282037267414e-13
4532,4531,,,-19.0,19,True,False,True,False,success,,,0.1,epsilon_greedy,,346712,,,,,,,6.065323681899539e-15
4533,4532,,,-19.0,19,True,False,True,False,success,,,0.1,epsilon_greedy,,346731,,,,,,,5.691353820973171e-15
4534,4533,,,-18.0,18,True,False,True,False,success,,,0.1,epsilon_greedy,,346749,,,,,,,5.612794180049403e-15
4535,4534,,,-256.0,58,True,False,True,False,success,,,0.1,epsilon_greedy,,346807,,,,,,,3.0660187032916335e-12
4536,4535,,,-21.0,21,True,False,True,False,success,,,0.1,epsilon_greedy,,346828,,,,,,,7.463870791265696e-14
4537,4536,,,-19.0,19,True,False,True,False,success,,,0.1,epsilon_greedy,,346847,,,,,,,5.784846286204763e-15
4538,4537,,,-17.0,17,True,False,True,False,success,,,0.1,epsilon_greedy,,346864,,,,,,,5.42050064964047e-15
4539,4538,,,-21.0,21,True,False,True,False,success,,,0.1,epsilon_greedy,,346885,,,,,,,8.382183835919932e-13
4540,4539,,,-135.0,36,True,False,True,False,success,,,0.1,epsilon_greedy,,346921,,,,,,,3.551572616247414e-12
4541,4540,,,-127.0,28,True,False,True,False,success,,,0.1,epsilon_greedy,,346949,,,,,,,2.3546165017762632e-12
4542,4541,,,-247.0,49,True,False,True,False,success,,,0.1,epsilon_greedy,,346998,,,,,,,2.780406290690846e-13
4543,4542,,,-17.0,17,True,False,True,False,success,,,0.1,epsilon_greedy,,347015,,,,,,,5.42050064964047e-15
4544,4543,,,-19.0,19,True,False,True,False,success,,,0.1,epsilon_greedy,,347034,,,,,,,1.232113826170845e-13
4545,4544,,,-132.0,33,True,False,True,False,success,,,0.1,epsilon_greedy,,347067,,,,,,,9.658469310531446e-13
4546,4545,,,-22.0,22,True,False,True,False,success,,,0.1,epsilon_greedy,,347089,,,,,,,1.9535888058767756e-13
4547,4546,,,-238.0,40,True,False,True,False,success,,,0.1,epsilon_greedy,,347129,,,,,,,2.4752422334017864e-14
4548,4547,,,-17.0,17,True,False,True,False,success,,,0.1,epsilon_greedy,,347146,,,,,,,5.42050064964047e-15
4549,4548,,,-17.0,17,True,False,True,False,success,,,0.1,epsilon_greedy,,347163,,,,,,,5.42050064964047e-15
4550,4549,,,-17.0,17,True,False,True,False,success,,,0.1,epsilon_greedy,,347180,,,,,,,5.42050064964047e-15
4551,4550,,,-18.0,18,True,False,True,False,success,,,0.1,epsilon_greedy,,347198,,,,,,,5.612794180049403e-15
4552,4551,,,-241.0,43,True,False,True,False,success,,,0.1,epsilon_greedy,,347241,,,,,,,1.553021277469841e-13
4553,4552,,,-21.0,21,True,False,True,False,success,,,0.1,epsilon_greedy,,347262,,,,,,,5.910615912052024e-15
4554,4553,,,-131.0,32,True,False,True,False,success,,,0.1,epsilon_greedy,,347294,,,,,,,2.2234297736289932e-13
4555,4554,,,-19.0,19,True,False,True,False,success,,,0.1,epsilon_greedy,,347313,,,,,,,5.691353820973171e-15
4556,4555,,,-244.0,46,True,False,True,False,success,,,0.1,epsilon_greedy,,347359,,,,,,,1.0571012664251571e-12
4557,4556,,,-17.0,17,True,False,True,False,success,,,0.1,epsilon_greedy,,347376,,,,,,,5.42050064964047e-15
4558,4557,,,-19.0,19,True,False,True,False,success,,,0.1,epsilon_greedy,,347395,,,,,,,5.691353820973171e-15
4559,4558,,,-19.0,19,True,False,True,False,success,,,0.1,epsilon_greedy,,347414,,,,,,,5.691353820973171e-15
4560,4559,,,-20.0,20,True,False,True,False,success,,,0.1,epsilon_greedy,,347434,,,,,,,6.117328865684613e-15
4561,4560,,,-17.0,17,True,False,True,False,success,,,0.1,epsilon_greedy,,347451,,,,,,,5.42050064964047e-15
4562,4561,,,-19.0,19,True,False,True,False,success,,,0.1,epsilon_greedy,,347470,,,,,,,1.1138458576528808e-13
4563,4562,,,-19.0,19,True,False,True,False,success,,,0.1,epsilon_greedy,,347489,,,,,,,6.065323681899539e-15
4564,4563,,,-17.0,17,True,False,True,False,success,,,0.1,epsilon_greedy,,347506,,,,,,,5.42050064964047e-15
4565,4564,,,-19.0,19,True,False,True,False,success,,,0.1,epsilon_greedy,,347525,,,,,,,5.691353820973171e-15
4566,4565,,,-133.0,34,True,False,True,False,success,,,0.1,epsilon_greedy,,347559,,,,,,,3.3845801978065325e-12
4567,4566,,,-22.0,22,True,False,True,False,success,,,0.1,epsilon_greedy,,347581,,,,,,,6.9338474356134775e-15
4568,4567,,,-19.0,19,True,False,True,False,success,,,0.1,epsilon_greedy,,347600,,,,,,,5.784846286204763e-15
4569,4568,,,-19.0,19,True,False,True,False,success,,,0.1,epsilon_greedy,,347619,,,,,,,4.229365395914149e-14
4570,4569,,,-21.0,21,True,False,True,False,success,,,0.1,epsilon_greedy,,347640,,,,,,,6.3335580166711315e-15
4571,4570,,,-119.0,20,True,False,True,False,success,,,0.1,epsilon_greedy,,347660,,,,,,,2.583488978302739e-14
4572,4571,,,-127.0,28,True,False,True,False,success,,,0.1,epsilon_greedy,,347688,,,,,,,3.2220258207514365e-14
4573,4572,,,-21.0,21,True,False,True,False,success,,,0.1,epsilon_greedy,,347709,,,,,,,7.527312106958561e-14
4574,4573,,,-19.0,19,True,False,True,False,success,,,0.1,epsilon_greedy,,347728,,,,,,,5.691353820973171e-15
4575,4574,,,-22.0,22,True,False,True,False,success,,,0.1,epsilon_greedy,,347750,,,,,,,1.616484723854228e-13
4576,4575,,,-17.0,17,True,False,True,False,success,,,0.1,epsilon_greedy,,347767,,,,,,,5.42050064964047e-15
4577,4576,,,-19.0,19,True,False,True,False,success,,,0.1,epsilon_greedy,,347786,,,,,,,5.5978613557415785e-15
4578,4577,,,-17.0,17,True,False,True,False,success,,,0.1,epsilon_greedy,,347803,,,,,,,5.42050064964047e-15
4579,4578,,,-23.0,23,True,False,True,False,success,,,0.1,epsilon_greedy,,347826,,,,,,,9.02466507321388e-14
4580,4579,,,-130.0,31,True,False,True,False,success,,,0.1,epsilon_greedy,,347857,,,,,,,3.6746949569254457e-13
4581,4580,,,-23.0,23,True,False,True,False,success,,,0.1,epsilon_greedy,,347880,,,,,,,3.238954997928174e-14
4582,4581,,,-125.0,26,True,False,True,False,success,,,0.1,epsilon_greedy,,347906,,,,,,,1.52553183760609e-13
4583,4582,,,-237.0,39,True,False,True,False,success,,,0.1,epsilon_greedy,,347945,,,,,,,4.7688348996206725e-14
4584,4583,,,-17.0,17,True,False,True,False,success,,,0.1,epsilon_greedy,,347962,,,,,,,5.42050064964047e-15
4585,4584,,,-17.0,17,True,False,True,False,success,,,0.1,epsilon_greedy,,347979,,,,,,,5.42050064964047e-15
4586,4585,,,-17.0,17,True,False,True,False,success,,,0.1,epsilon_greedy,,347996,,,,,,,5.42050064964047e-15
4587,4586,,,-21.0,21,True,False,True,False,success,,,0.1,epsilon_greedy,,348017,,,,,,,2.266113222996561e-12
4588,4587,,,-130.0,31,True,False,True,False,success,,,0.1,epsilon_greedy,,348048,,,,,,,7.276981884457757e-12
4589,4588,,,-19.0,19,True,False,True,False,success,,,0.1,epsilon_greedy,,348067,,,,,,,5.691353820973171e-15
4590,4589,,,-117.0,18,True,False,True,False,success,,,0.1,epsilon_greedy,,348085,,,,,,,8.277329439149778e-15
4591,4590,,,-128.0,29,True,False,True,False,success,,,0.1,epsilon_greedy,,348114,,,,,,,1.9643290825350615e-13
4592,4591,,,-23.0,23,True,False,True,False,success,,,0.1,epsilon_greedy,,348137,,,,,,,2.3463216876653246e-10
4593,4592,,,-17.0,17,True,False,True,False,success,,,0.1,epsilon_greedy,,348154,,,,,,,5.42050064964047e-15
4594,4593,,,-23.0,23,True,False,True,False,success,,,0.1,epsilon_greedy,,348177,,,,,,,5.367590430098615e-13
4595,4594,,,-19.0,19,True,False,True,False,success,,,0.1,epsilon_greedy,,348196,,,,,,,5.691353820973171e-15
4596,4595,,,-121.0,22,True,False,True,False,success,,,0.1,epsilon_greedy,,348218,,,,,,,8.22574331881366e-15
4597,4596,,,-132.0,33,True,False,True,False,success,,,0.1,epsilon_greedy,,348251,,,,,,,3.1166315319765226e-13
4598,4597,,,-21.0,21,True,False,True,False,success,,,0.1,epsilon_greedy,,348272,,,,,,,3.0164971050117814e-12
4599,4598,,,-119.0,20,True,False,True,False,success,,,0.1,epsilon_greedy,,348292,,,,,,,8.248957072964913e-15
4600,4599,,,-19.0,19,True,False,True,False,success,,,0.1,epsilon_greedy,,348311,,,,,,,5.691353820973171e-15
4601,4600,,,-17.0,17,True,False,True,False,success,,,0.1,epsilon_greedy,,348328,,,,,,,5.42050064964047e-15
4602,4601,,,-17.0,17,True,False,True,False,success,,,0.1,epsilon_greedy,,348345,,,,,,,5.42050064964047e-15
4603,4602,,,-17.0,17,True,False,True,False,success,,,0.1,epsilon_greedy,,348362,,,,,,,5.42050064964047e-15
4604,4603,,,-19.0,19,True,False,True,False,success,,,0.1,epsilon_greedy,,348381,,,,,,,5.784846286204763e-15
4605,4604,,,-227.0,29,True,False,True,False,success,,,0.1,epsilon_greedy,,348410,,,,,,,9.915440116479846e-15
4606,4605,,,-17.0,17,True,False,True,False,success,,,0.1,epsilon_greedy,,348427,,,,,,,5.42050064964047e-15
4607,4606,,,-20.0,20,True,False,True,False,success,,,0.1,epsilon_greedy,,348447,,,,,,,6.206146707654625e-15
4608,4607,,,-238.0,40,True,False,True,False,success,,,0.1,epsilon_greedy,,348487,,,,,,,5.217104526167304e-13
4609,4608,,,-247.0,49,True,False,True,False,success,,,0.1,epsilon_greedy,,348536,,,,,,,3.5842077605194594e-13
4610,4609,,,-17.0,17,True,False,True,False,success,,,0.1,epsilon_greedy,,348553,,,,,,,5.42050064964047e-15
4611,4610,,,-444.0,48,True,False,True,False,success,,,0.1,epsilon_greedy,,348601,,,,,,,4.239678053075124e-12
4612,4611,,,-20.0,20,True,False,True,False,success,,,0.1,epsilon_greedy,,348621,,,,,,,2.510436303282404e-13
4613,4612,,,-21.0,21,True,False,True,False,success,,,0.1,epsilon_greedy,,348642,,,,,,,5.995204332975845e-15
4614,4613,,,-19.0,19,True,False,True,False,success,,,0.1,epsilon_greedy,,348661,,,,,,,6.065323681899539e-15
4615,4614,,,-26.0,26,True,False,True,False,success,,,0.1,epsilon_greedy,,348687,,,,,,,6.77090862010433e-13
4616,4615,,,-123.0,24,True,False,True,False,success,,,0.1,epsilon_greedy,,348711,,,,,,,3.185414894820345e-14
4617,4616,,,-17.0,17,True,False,True,False,success,,,0.1,epsilon_greedy,,348728,,,,,,,5.42050064964047e-15
4618,4617,,,-23.0,23,True,False,True,False,success,,,0.1,epsilon_greedy,,348751,,,,,,,3.695498013880554e-13
4619,4618,,,-130.0,31,True,False,True,False,success,,,0.1,epsilon_greedy,,348782,,,,,,,8.186999465461637e-15
4620,4619,,,-17.0,17,True,False,True,False,success,,,0.1,epsilon_greedy,,348799,,,,,,,5.42050064964047e-15
4621,4620,,,-19.0,19,True,False,True,False,success,,,0.1,epsilon_greedy,,348818,,,,,,,5.784846286204763e-15
4622,4621,,,-19.0,19,True,False,True,False,success,,,0.1,epsilon_greedy,,348837,,,,,,,5.691353820973171e-15
4623,4622,,,-17.0,17,True,False,True,False,success,,,0.1,epsilon_greedy,,348854,,,,,,,5.42050064964047e-15
4624,4623,,,-17.0,17,True,False,True,False,success,,,0.1,epsilon_greedy,,348871,,,,,,,5.42050064964047e-15
4625,4624,,,-21.0,21,True,False,True,False,success,,,0.1,epsilon_greedy,,348892,,,,,,,5.557321798511068e-12
4626,4625,,,-22.0,22,True,False,True,False,success,,,0.1,epsilon_greedy,,348914,,,,,,,3.0955036513866864e-14
4627,4626,,,-20.0,20,True,False,True,False,success,,,0.1,epsilon_greedy,,348934,,,,,,,3.542721671578875e-14
4628,4627,,,-19.0,19,True,False,True,False,success,,,0.1,epsilon_greedy,,348953,,,,,,,5.784846286204763e-15
4629,4628,,,-17.0,17,True,False,True,False,success,,,0.1,epsilon_greedy,,348970,,,,,,,5.42050064964047e-15
4630,4629,,,-231.0,33,True,False,True,False,success,,,0.1,epsilon_greedy,,349003,,,,,,,9.6824904996097e-15
4631,4630,,,-17.0,17,True,False,True,False,success,,,0.1,epsilon_greedy,,349020,,,,,,,5.42050064964047e-15
4632,4631,,,-19.0,19,True,False,True,False,success,,,0.1,epsilon_greedy,,349039,,,,,,,5.691353820973171e-15
4633,4632,,,-132.0,33,True,False,True,False,success,,,0.1,epsilon_greedy,,349072,,,,,,,8.229107631009494e-15
4634,4633,,,-17.0,17,True,False,True,False,success,,,0.1,epsilon_greedy,,349089,,,,,,,5.42050064964047e-15
4635,4634,,,-17.0,17,True,False,True,False,success,,,0.1,epsilon_greedy,,349106,,,,,,,5.42050064964047e-15
4636,4635,,,-17.0,17,True,False,True,False,success,,,0.1,epsilon_greedy,,349123,,,,,,,5.42050064964047e-15
4637,4636,,,-17.0,17,True,False,True,False,success,,,0.1,epsilon_greedy,,349140,,,,,,,5.42050064964047e-15
4638,4637,,,-19.0,19,True,False,True,False,success,,,0.1,epsilon_greedy,,349159,,,,,,,5.691353820973171e-15
4639,4638,,,-17.0,17,True,False,True,False,success,,,0.1,epsilon_greedy,,349176,,,,,,,5.42050064964047e-15
4640,4639,,,-127.0,28,True,False,True,False,success,,,0.1,epsilon_greedy,,349204,,,,,,,8.239440875610983e-15
4641,4640,,,-125.0,26,True,False,True,False,success,,,0.1,epsilon_greedy,,349230,,,,,,,6.513593083704669e-14
4642,4641,,,-18.0,18,True,False,True,False,success,,,0.1,epsilon_greedy,,349248,,,,,,,5.9088536532827775e-15
4643,4642,,,-19.0,19,True,False,True,False,success,,,0.1,epsilon_greedy,,349267,,,,,,,3.217309459782164e-14
4644,4643,,,-233.0,35,True,False,True,False,success,,,0.1,epsilon_greedy,,349302,,,,,,,1.354472090042691e-14
4645,4644,,,-21.0,21,True,False,True,False,success,,,0.1,epsilon_greedy,,349323,,,,,,,9.193703999157844e-14
4646,4645,,,-17.0,17,True,False,True,False,success,,,0.1,epsilon_greedy,,349340,,,,,,,5.42050064964047e-15
4647,4646,,,-25.0,25,True,False,True,False,success,,,0.1,epsilon_greedy,,349365,,,,,,,9.672440626218304e-12
4648,4647,,,-21.0,21,True,False,True,False,success,,,0.1,epsilon_greedy,,349386,,,,,,,7.231252633725187e-14
4649,4648,,,-128.0,29,True,False,True,False,success,,,0.1,epsilon_greedy,,349415,,,,,,,5.489784871903386e-13
4650,4649,,,-230.0,32,True,False,True,False,success,,,0.1,epsilon_greedy,,349447,,,,,,,5.859132623520225e-13
4651,4650,,,-17.0,17,True,False,True,False,success,,,0.1,epsilon_greedy,,349464,,,,,,,5.42050064964047e-15
4652,4651,,,-121.0,22,True,False,True,False,success,,,0.1,epsilon_greedy,,349486,,,,,,,9.559928606315473e-13
4653,4652,,,-19.0,19,True,False,True,False,success,,,0.1,epsilon_greedy,,349505,,,,,,,5.691353820973171e-15
4654,4653,,,-21.0,21,True,False,True,False,success,,,0.1,epsilon_greedy,,349526,,,,,,,6.048072096053234e-14
4655,4654,,,-19.0,19,True,False,True,False,success,,,0.1,epsilon_greedy,,349545,,,,,,,3.3645600925219215e-14
4656,4655,,,-17.0,17,True,False,True,False,success,,,0.1,epsilon_greedy,,349562,,,,,,,5.42050064964047e-15
4657,4656,,,-19.0,19,True,False,True,False,success,,,0.1,epsilon_greedy,,349581,,,,,,,4.21534152612941e-14
4658,4657,,,-241.0,43,True,False,True,False,success,,,0.1,epsilon_greedy,,349624,,,,,,,6.041627146889241e-13
4659,4658,,,-17.0,17,True,False,True,False,success,,,0.1,epsilon_greedy,,349641,,,,,,,5.42050064964047e-15
4660,4659,,,-129.0,30,True,False,True,False,success,,,0.1,epsilon_greedy,,349671,,,,,,,2.555307957822587e-09
4661,4660,,,-17.0,17,True,False,True,False,success,,,0.1,epsilon_greedy,,349688,,,,,,,5.42050064964047e-15
4662,4661,,,-21.0,21,True,False,True,False,success,,,0.1,epsilon_greedy,,349709,,,,,,,4.0845633753590285e-14
4663,4662,,,-17.0,17,True,False,True,False,success,,,0.1,epsilon_greedy,,349726,,,,,,,5.42050064964047e-15
4664,4663,,,-233.0,35,True,False,True,False,success,,,0.1,epsilon_greedy,,349761,,,,,,,3.062946721651575e-14
4665,4664,,,-19.0,19,True,False,True,False,success,,,0.1,epsilon_greedy,,349780,,,,,,,6.065323681899539e-15
4666,4665,,,-124.0,25,True,False,True,False,success,,,0.1,epsilon_greedy,,349805,,,,,,,8.23341395062016e-15
4667,4666,,,-17.0,17,True,False,True,False,success,,,0.1,epsilon_greedy,,349822,,,,,,,5.42050064964047e-15
4668,4667,,,-17.0,17,True,False,True,False,success,,,0.1,epsilon_greedy,,349839,,,,,,,5.42050064964047e-15
4669,4668,,,-17.0,17,True,False,True,False,success,,,0.1,epsilon_greedy,,349856,,,,,,,5.42050064964047e-15
4670,4669,,,-20.0,20,True,False,True,False,success,,,0.1,epsilon_greedy,,349876,,,,,,,5.820899318109695e-14
4671,4670,,,-17.0,17,True,False,True,False,success,,,0.1,epsilon_greedy,,349893,,,,,,,5.42050064964047e-15
4672,4671,,,-23.0,23,True,False,True,False,success,,,0.1,epsilon_greedy,,349916,,,,,,,2.1326901597386377e-13
4673,4672,,,-19.0,19,True,False,True,False,success,,,0.1,epsilon_greedy,,349935,,,,,,,5.5978613557415785e-15
4674,4673,,,-17.0,17,True,False,True,False,success,,,0.1,epsilon_greedy,,349952,,,,,,,5.42050064964047e-15
4675,4674,,,-19.0,19,True,False,True,False,success,,,0.1,epsilon_greedy,,349971,,,,,,,3.50479879036931e-14
4676,4675,,,-17.0,17,True,False,True,False,success,,,0.1,epsilon_greedy,,349988,,,,,,,5.42050064964047e-15
4677,4676,,,-17.0,17,True,False,True,False,success,,,0.1,epsilon_greedy,,350005,,,,,,,5.42050064964047e-15
4678,4677,,,-125.0,26,True,False,True,False,success,,,0.1,epsilon_greedy,,350031,,,,,,,4.446870222479377e-14
4679,4678,,,-21.0,21,True,False,True,False,success,,,0.1,epsilon_greedy,,350052,,,,,,,5.499833392940716e-13
4680,4679,,,-19.0,19,True,False,True,False,success,,,0.1,epsilon_greedy,,350071,,,,,,,2.1492749100927635e-13
4681,4680,,,-29.0,29,True,False,True,False,success,,,0.1,epsilon_greedy,,350100,,,,,,,4.81267907135625e-08
4682,4681,,,-19.0,19,True,False,True,False,success,,,0.1,epsilon_greedy,,350119,,,,,,,3.0794080735655656e-14
4683,4682,,,-19.0,19,True,False,True,False,success,,,0.1,epsilon_greedy,,350138,,,,,,,5.784846286204763e-15
4684,4683,,,-133.0,34,True,False,True,False,success,,,0.1,epsilon_greedy,,350172,,,,,,,5.437937681850759e-13
4685,4684,,,-17.0,17,True,False,True,False,success,,,0.1,epsilon_greedy,,350189,,,,,,,5.42050064964047e-15
4686,4685,,,-17.0,17,True,False,True,False,success,,,0.1,epsilon_greedy,,350206,,,,,,,5.42050064964047e-15
4687,4686,,,-19.0,19,True,False,True,False,success,,,0.1,epsilon_greedy,,350225,,,,,,,5.691353820973171e-15
4688,4687,,,-17.0,17,True,False,True,False,success,,,0.1,epsilon_greedy,,350242,,,,,,,5.42050064964047e-15
4689,4688,,,-17.0,17,True,False,True,False,success,,,0.1,epsilon_greedy,,350259,,,,,,,5.42050064964047e-15
4690,4689,,,-119.0,20,True,False,True,False,success,,,0.1,epsilon_greedy,,350279,,,,,,,8.248957072964913e-15
4691,4690,,,-123.0,24,True,False,True,False,success,,,0.1,epsilon_greedy,,350303,,,,,,,7.882583474838611e-15
4692,4691,,,-21.0,21,True,False,True,False,success,,,0.1,epsilon_greedy,,350324,,,,,,,5.286776307738841e-15
4693,4692,,,-23.0,23,True,False,True,False,success,,,0.1,epsilon_greedy,,350347,,,,,,,2.2238346430037343e-12
4694,4693,,,-21.0,21,True,False,True,False,success,,,0.1,epsilon_greedy,,350368,,,,,,,2.6296425354692994e-14
4695,4694,,,-21.0,21,True,False,True,False,success,,,0.1,epsilon_greedy,,350389,,,,,,,5.371364728662662e-15
4696,4695,,,-19.0,19,True,False,True,False,success,,,0.1,epsilon_greedy,,350408,,,,,,,2.588572631099707e-14
4697,4696,,,-17.0,17,True,False,True,False,success,,,0.1,epsilon_greedy,,350425,,,,,,,5.42050064964047e-15
4698,4697,,,-22.0,22,True,False,True,False,success,,,0.1,epsilon_greedy,,350447,,,,,,,5.016189483988207e-15
4699,4698,,,-18.0,18,True,False,True,False,success,,,0.1,epsilon_greedy,,350465,,,,,,,5.9088536532827775e-15
4700,4699,,,-17.0,17,True,False,True,False,success,,,0.1,epsilon_greedy,,350482,,,,,,,5.42050064964047e-15
4701,4700,,,-19.0,19,True,False,True,False,success,,,0.1,epsilon_greedy,,350501,,,,,,,2.9708048886409178e-12
4702,4701,,,-17.0,17,True,False,True,False,success,,,0.1,epsilon_greedy,,350518,,,,,,,5.42050064964047e-15
4703,4702,,,-17.0,17,True,False,True,False,success,,,0.1,epsilon_greedy,,350535,,,,,,,5.42050064964047e-15
4704,4703,,,-19.0,19,True,False,True,False,success,,,0.1,epsilon_greedy,,350554,,,,,,,6.065323681899539e-15
4705,4704,,,-21.0,21,True,False,True,False,success,,,0.1,epsilon_greedy,,350575,,,,,,,2.4204025027616114e-12
4706,4705,,,-19.0,19,True,False,True,False,success,,,0.1,epsilon_greedy,,350594,,,,,,,2.698426277746828e-14
4707,4706,,,-19.0,19,True,False,True,False,success,,,0.1,epsilon_greedy,,350613,,,,,,,5.001846889890179e-15
4708,4707,,,-17.0,17,True,False,True,False,success,,,0.1,epsilon_greedy,,350630,,,,,,,5.42050064964047e-15
4709,4708,,,-17.0,17,True,False,True,False,success,,,0.1,epsilon_greedy,,350647,,,,,,,5.42050064964047e-15
4710,4709,,,-17.0,17,True,False,True,False,success,,,0.1,epsilon_greedy,,350664,,,,,,,5.42050064964047e-15
4711,4710,,,-19.0,19,True,False,True,False,success,,,0.1,epsilon_greedy,,350683,,,,,,,5.691353820973171e-15
4712,4711,,,-21.0,21,True,False,True,False,success,,,0.1,epsilon_greedy,,350704,,,,,,,4.6629367034256575e-15
4713,4712,,,-137.0,38,True,False,True,False,success,,,0.1,epsilon_greedy,,350742,,,,,,,2.160460699229816e-11
4714,4713,,,-23.0,23,True,False,True,False,success,,,0.1,epsilon_greedy,,350765,,,,,,,7.6644970563492e-13
4715,4714,,,-119.0,20,True,False,True,False,success,,,0.1,epsilon_greedy,,350785,,,,,,,8.248957072964913e-15
4716,4715,,,-137.0,38,True,False,True,False,success,,,0.1,epsilon_greedy,,350823,,,,,,,2.4644491126187068e-11
4717,4716,,,-21.0,21,True,False,True,False,success,,,0.1,epsilon_greedy,,350844,,,,,,,2.3480688293191285e-13
4718,4717,,,-223.0,25,True,False,True,False,success,,,0.1,epsilon_greedy,,350869,,,,,,,5.6337157161578943e-14
4719,4718,,,-465.0,69,True,False,True,False,success,,,0.1,epsilon_greedy,,350938,,,,,,,1.8294641164303633e-12
4720,4719,,,-17.0,17,True,False,True,False,success,,,0.1,epsilon_greedy,,350955,,,,,,,5.42050064964047e-15
4721,4720,,,-119.0,20,True,False,True,False,success,,,0.1,epsilon_greedy,,350975,,,,,,,8.248957072964913e-15
4722,4721,,,-18.0,18,True,False,True,False,success,,,0.1,epsilon_greedy,,350993,,,,,,,5.612794180049403e-15
4723,4722,,,-19.0,19,True,False,True,False,success,,,0.1,epsilon_greedy,,351012,,,,,,,5.691353820973171e-15
4724,4723,,,-17.0,17,True,False,True,False,success,,,0.1,epsilon_greedy,,351029,,,,,,,5.42050064964047e-15
4725,4724,,,-132.0,33,True,False,True,False,success,,,0.1,epsilon_greedy,,351062,,,,,,,3.102568706997937e-14
4726,4725,,,-127.0,28,True,False,True,False,success,,,0.1,epsilon_greedy,,351090,,,,,,,5.727402679107335e-13
4727,4726,,,-17.0,17,True,False,True,False,success,,,0.1,epsilon_greedy,,351107,,,,,,,5.42050064964047e-15
4728,4727,,,-17.0,17,True,False,True,False,success,,,0.1,epsilon_greedy,,351124,,,,,,,5.42050064964047e-15
4729,4728,,,-17.0,17,True,False,True,False,success,,,0.1,epsilon_greedy,,351141,,,,,,,5.42050064964047e-15
4730,4729,,,-19.0,19,True,False,True,False,success,,,0.1,epsilon_greedy,,351160,,,,,,,5.691353820973171e-15
4731,4730,,,-27.0,27,True,False,True,False,success,,,0.1,epsilon_greedy,,351187,,,,,,,1.9057923963230306e-12
4732,4731,,,-19.0,19,True,False,True,False,success,,,0.1,epsilon_greedy,,351206,,,,,,,6.065323681899539e-15
4733,4732,,,-236.0,38,True,False,True,False,success,,,0.1,epsilon_greedy,,351244,,,,,,,6.148473543164887e-13
4734,4733,,,-21.0,21,True,False,True,False,success,,,0.1,epsilon_greedy,,351265,,,,,,,9.27617770955857e-14
4735,4734,,,-17.0,17,True,False,True,False,success,,,0.1,epsilon_greedy,,351282,,,,,,,5.42050064964047e-15
4736,4735,,,-19.0,19,True,False,True,False,success,,,0.1,epsilon_greedy,,351301,,,,,,,2.167096911277536e-12
4737,4736,,,-17.0,17,True,False,True,False,success,,,0.1,epsilon_greedy,,351318,,,,,,,5.42050064964047e-15
4738,4737,,,-17.0,17,True,False,True,False,success,,,0.1,epsilon_greedy,,351335,,,,,,,5.42050064964047e-15
4739,4738,,,-17.0,17,True,False,True,False,success,,,0.1,epsilon_greedy,,351352,,,,,,,5.42050064964047e-15
4740,4739,,,-21.0,21,True,False,True,False,success,,,0.1,epsilon_greedy,,351373,,,,,,,1.765941890074005e-12
4741,4740,,,-19.0,19,True,False,True,False,success,,,0.1,epsilon_greedy,,351392,,,,,,,9.337559965005264e-15
4742,4741,,,-17.0,17,True,False,True,False,success,,,0.1,epsilon_greedy,,351409,,,,,,,5.42050064964047e-15
4743,4742,,,-17.0,17,True,False,True,False,success,,,0.1,epsilon_greedy,,351426,,,,,,,5.42050064964047e-15
4744,4743,,,-19.0,19,True,False,True,False,success,,,0.1,epsilon_greedy,,351445,,,,,,,2.7326678931378986e-13
4745,4744,,,-17.0,17,True,False,True,False,success,,,0.1,epsilon_greedy,,351462,,,,,,,5.42050064964047e-15
4746,4745,,,-19.0,19,True,False,True,False,success,,,0.1,epsilon_greedy,,351481,,,,,,,5.691353820973171e-15
4747,4746,,,-233.0,35,True,False,True,False,success,,,0.1,epsilon_greedy,,351516,,,,,,,4.702517740286437e-12
4748,4747,,,-231.0,33,True,False,True,False,success,,,0.1,epsilon_greedy,,351549,,,,,,,9.628661504476358e-15
4749,4748,,,-239.0,41,True,False,True,False,success,,,0.1,epsilon_greedy,,351590,,,,,,,8.16792162361142e-12
4750,4749,,,-23.0,23,True,False,True,False,success,,,0.1,epsilon_greedy,,351613,,,,,,,2.1949109196839345e-12
4751,4750,,,-17.0,17,True,False,True,False,success,,,0.1,epsilon_greedy,,351630,,,,,,,5.42050064964047e-15
4752,4751,,,-19.0,19,True,False,True,False,success,,,0.1,epsilon_greedy,,351649,,,,,,,5.691353820973171e-15
4753,4752,,,-128.0,29,True,False,True,False,success,,,0.1,epsilon_greedy,,351678,,,,,,,4.595549994186168e-12
4754,4753,,,-120.0,21,True,False,True,False,success,,,0.1,epsilon_greedy,,351699,,,,,,,8.194503276995203e-15
4755,4754,,,-17.0,17,True,False,True,False,success,,,0.1,epsilon_greedy,,351716,,,,,,,5.42050064964047e-15
4756,4755,,,-17.0,17,True,False,True,False,success,,,0.1,epsilon_greedy,,351733,,,,,,,5.42050064964047e-15
4757,4756,,,-123.0,24,True,False,True,False,success,,,0.1,epsilon_greedy,,351757,,,,,,,8.280413391995959e-15
4758,4757,,,-123.0,24,True,False,True,False,success,,,0.1,epsilon_greedy,,351781,,,,,,,8.206398523687616e-15
4759,4758,,,-20.0,20,True,False,True,False,success,,,0.1,epsilon_greedy,,351801,,,,,,,6.0285110237146e-15
4760,4759,,,-19.0,19,True,False,True,False,success,,,0.1,epsilon_greedy,,351820,,,,,,,2.2800474958354532e-14
4761,4760,,,-124.0,25,True,False,True,False,success,,,0.1,epsilon_greedy,,351845,,,,,,,2.5262458791530663e-13
4762,4761,,,-23.0,23,True,False,True,False,success,,,0.1,epsilon_greedy,,351868,,,,,,,6.576758461501018e-12
4763,4762,,,-19.0,19,True,False,True,False,success,,,0.1,epsilon_greedy,,351887,,,,,,,2.102411811895428e-14
4764,4763,,,-19.0,19,True,False,True,False,success,,,0.1,epsilon_greedy,,351906,,,,,,,5.5978613557415785e-15
4765,4764,,,-132.0,33,True,False,True,False,success,,,0.1,epsilon_greedy,,351939,,,,,,,2.065889546973708e-13
4766,4765,,,-123.0,24,True,False,True,False,success,,,0.1,epsilon_greedy,,351963,,,,,,,8.280413391995959e-15
4767,4766,,,-19.0,19,True,False,True,False,success,,,0.1,epsilon_greedy,,351982,,,,,,,4.163920670252034e-14
4768,4767,,,-240.0,42,True,False,True,False,success,,,0.1,epsilon_greedy,,352024,,,,,,,5.019424029856488e-13
4769,4768,,,-125.0,26,True,False,True,False,success,,,0.1,epsilon_greedy,,352050,,,,,,,8.258351267788665e-15
4770,4769,,,-17.0,17,True,False,True,False,success,,,0.1,epsilon_greedy,,352067,,,,,,,5.42050064964047e-15
4771,4770,,,-17.0,17,True,False,True,False,success,,,0.1,epsilon_greedy,,352084,,,,,,,5.42050064964047e-15
4772,4771,,,-22.0,22,True,False,True,False,success,,,0.1,epsilon_greedy,,352106,,,,,,,1.892930256985892e-13
4773,4772,,,-19.0,19,True,False,True,False,success,,,0.1,epsilon_greedy,,352125,,,,,,,6.052468467930195e-14
4774,4773,,,-17.0,17,True,False,True,False,success,,,0.1,epsilon_greedy,,352142,,,,,,,5.42050064964047e-15
4775,4774,,,-17.0,17,True,False,True,False,success,,,0.1,epsilon_greedy,,352159,,,,,,,5.42050064964047e-15
4776,4775,,,-17.0,17,True,False,True,False,success,,,0.1,epsilon_greedy,,352176,,,,,,,5.42050064964047e-15
4777,4776,,,-132.0,33,True,False,True,False,success,,,0.1,epsilon_greedy,,352209,,,,,,,1.0503382675393148e-14
4778,4777,,,-22.0,22,True,False,True,False,success,,,0.1,epsilon_greedy,,352231,,,,,,,1.7467845351988712e-13
4779,4778,,,-134.0,35,True,False,True,False,success,,,0.1,epsilon_greedy,,352266,,,,,,,5.118134487653541e-12
4780,4779,,,-17.0,17,True,False,True,False,success,,,0.1,epsilon_greedy,,352283,,,,,,,5.42050064964047e-15
4781,4780,,,-23.0,23,True,False,True,False,success,,,0.1,epsilon_greedy,,352306,,,,,,,1.5600081612972091e-13
4782,4781,,,-117.0,18,True,False,True,False,success,,,0.1,epsilon_greedy,,352324,,,,,,,8.277329439149778e-15
4783,4782,,,-19.0,19,True,False,True,False,success,,,0.1,epsilon_greedy,,352343,,,,,,,5.5978613557415785e-15
4784,4783,,,-19.0,19,True,False,True,False,success,,,0.1,epsilon_greedy,,352362,,,,,,,3.799300055848825e-14
4785,4784,,,-450.0,54,True,False,True,False,success,,,0.1,epsilon_greedy,,352416,,,,,,,2.0112430239767796e-12
4786,4785,,,-21.0,21,True,False,True,False,success,,,0.1,epsilon_greedy,,352437,,,,,,,1.529252914776537e-13
4787,4786,,,-19.0,19,True,False,True,False,success,,,0.1,epsilon_greedy,,352456,,,,,,,1.9411373093709315e-14
4788,4787,,,-128.0,29,True,False,True,False,success,,,0.1,epsilon_greedy,,352485,,,,,,,8.200336961196846e-15
4789,4788,,,-23.0,23,True,False,True,False,success,,,0.1,epsilon_greedy,,352508,,,,,,,2.6394345646305894e-14
4790,4789,,,-17.0,17,True,False,True,False,success,,,0.1,epsilon_greedy,,352525,,,,,,,5.42050064964047e-15
4791,4790,,,-19.0,19,True,False,True,False,success,,,0.1,epsilon_greedy,,352544,,,,,,,7.482903185973555e-14
4792,4791,,,-19.0,19,True,False,True,False,success,,,0.1,epsilon_greedy,,352563,,,,,,,5.691353820973171e-15
4793,4792,,,-17.0,17,True,False,True,False,success,,,0.1,epsilon_greedy,,352580,,,,,,,5.42050064964047e-15
4794,4793,,,-21.0,21,True,False,True,False,success,,,0.1,epsilon_greedy,,352601,,,,,,,5.910615912052024e-15
4795,4794,,,-17.0,17,True,False,True,False,success,,,0.1,epsilon_greedy,,352618,,,,,,,5.42050064964047e-15
4796,4795,,,-17.0,17,True,False,True,False,success,,,0.1,epsilon_greedy,,352635,,,,,,,5.42050064964047e-15
4797,4796,,,-23.0,23,True,False,True,False,success,,,0.1,epsilon_greedy,,352658,,,,,,,1.6556804236801247e-14
4798,4797,,,-19.0,19,True,False,True,False,success,,,0.1,epsilon_greedy,,352677,,,,,,,5.5978613557415785e-15
4799,4798,,,-17.0,17,True,False,True,False,success,,,0.1,epsilon_greedy,,352694,,,,,,,5.42050064964047e-15
4800,4799,,,-131.0,32,True,False,True,False,success,,,0.1,epsilon_greedy,,352726,,,,,,,1.7659484985443896e-14
4801,4800,,,-23.0,23,True,False,True,False,success,,,0.1,epsilon_greedy,,352749,,,,,,,6.091745465551946e-15
4802,4801,,,-19.0,19,True,False,True,False,success,,,0.1,epsilon_greedy,,352768,,,,,,,5.691353820973171e-15
4803,4802,,,-123.0,24,True,False,True,False,success,,,0.1,epsilon_greedy,,352792,,,,,,,8.280413391995959e-15
4804,4803,,,-19.0,19,True,False,True,False,success,,,0.1,epsilon_greedy,,352811,,,,,,,5.691353820973171e-15
4805,4804,,,-17.0,17,True,False,True,False,success,,,0.1,epsilon_greedy,,352828,,,,,,,5.42050064964047e-15
4806,4805,,,-124.0,25,True,False,True,False,success,,,0.1,epsilon_greedy,,352853,,,,,,,2.832499568228286e-11
4807,4806,,,-220.0,22,True,False,True,False,success,,,0.1,epsilon_greedy,,352875,,,,,,,1.0405817621713968e-14
4808,4807,,,-124.0,25,True,False,True,False,success,,,0.1,epsilon_greedy,,352900,,,,,,,8.23341395062016e-15
4809,4808,,,-19.0,19,True,False,True,False,success,,,0.1,epsilon_greedy,,352919,,,,,,,5.5978613557415785e-15
4810,4809,,,-229.0,31,True,False,True,False,success,,,0.1,epsilon_greedy,,352950,,,,,,,9.791450804274767e-15
4811,4810,,,-124.0,25,True,False,True,False,success,,,0.1,epsilon_greedy,,352975,,,,,,,8.23341395062016e-15
4812,4811,,,-119.0,20,True,False,True,False,success,,,0.1,epsilon_greedy,,352995,,,,,,,8.248957072964913e-15
4813,4812,,,-17.0,17,True,False,True,False,success,,,0.1,epsilon_greedy,,353012,,,,,,,5.42050064964047e-15
4814,4813,,,-17.0,17,True,False,True,False,success,,,0.1,epsilon_greedy,,353029,,,,,,,5.42050064964047e-15
4815,4814,,,-126.0,27,True,False,True,False,success,,,0.1,epsilon_greedy,,353056,,,,,,,8.28144137627802e-15
4816,4815,,,-241.0,43,True,False,True,False,success,,,0.1,epsilon_greedy,,353099,,,,,,,2.1714464851541824e-12
4817,4816,,,-19.0,19,True,False,True,False,success,,,0.1,epsilon_greedy,,353118,,,,,,,8.870097638847303e-15
4818,4817,,,-19.0,19,True,False,True,False,success,,,0.1,epsilon_greedy,,353137,,,,,,,1.75629101904992e-12
4819,4818,,,-17.0,17,True,False,True,False,success,,,0.1,epsilon_greedy,,353154,,,,,,,5.42050064964047e-15
4820,4819,,,-18.0,18,True,False,True,False,success,,,0.1,epsilon_greedy,,353172,,,,,,,5.9088536532827775e-15
4821,4820,,,-19.0,19,True,False,True,False,success,,,0.1,epsilon_greedy,,353191,,,,,,,5.691353820973171e-15
4822,4821,,,-17.0,17,True,False,True,False,success,,,0.1,epsilon_greedy,,353208,,,,,,,5.42050064964047e-15
4823,4822,,,-123.0,24,True,False,True,False,success,,,0.1,epsilon_greedy,,353232,,,,,,,7.66053886991358e-15
4824,4823,,,-19.0,19,True,False,True,False,success,,,0.1,epsilon_greedy,,353251,,,,,,,2.4763816728217966e-14
4825,4824,,,-21.0,21,True,False,True,False,success,,,0.1,epsilon_greedy,,353272,,,,,,,1.5426813265981938e-14
4826,4825,,,-20.0,20,True,False,True,False,success,,,0.1,epsilon_greedy,,353292,,,,,,,2.345568184125568e-13
4827,4826,,,-17.0,17,True,False,True,False,success,,,0.1,epsilon_greedy,,353309,,,,,,,5.42050064964047e-15
4828,4827,,,-19.0,19,True,False,True,False,success,,,0.1,epsilon_greedy,,353328,,,,,,,2.2231339576257214e-13
4829,4828,,,-19.0,19,True,False,True,False,success,,,0.1,epsilon_greedy,,353347,,,,,,,5.691353820973171e-15
4830,4829,,,-19.0,19,True,False,True,False,success,,,0.1,epsilon_greedy,,353366,,,,,,,6.065323681899539e-15
4831,4830,,,-129.0,30,True,False,True,False,success,,,0.1,epsilon_greedy,,353396,,,,,,,1.1124434706744069e-14
4832,4831,,,-233.0,35,True,False,True,False,success,,,0.1,epsilon_greedy,,353431,,,,,,,1.1463845745700902e-14
4833,4832,,,-19.0,19,True,False,True,False,success,,,0.1,epsilon_greedy,,353450,,,,,,,5.691353820973171e-15
4834,4833,,,-17.0,17,True,False,True,False,success,,,0.1,epsilon_greedy,,353467,,,,,,,5.42050064964047e-15
4835,4834,,,-347.0,50,True,False,True,False,success,,,0.1,epsilon_greedy,,353517,,,,,,,2.2734703009064105e-13
4836,4835,,,-17.0,17,True,False,True,False,success,,,0.1,epsilon_greedy,,353534,,,,,,,5.42050064964047e-15
4837,4836,,,-23.0,23,True,False,True,False,success,,,0.1,epsilon_greedy,,353557,,,,,,,5.401476367632827e-14
4838,4837,,,-21.0,21,True,False,True,False,success,,,0.1,epsilon_greedy,,353578,,,,,,,8.566163651429243e-13
4839,4838,,,-21.0,21,True,False,True,False,success,,,0.1,epsilon_greedy,,353599,,,,,,,1.2868013533036337e-14
4840,4839,,,-340.0,43,True,False,True,False,success,,,0.1,epsilon_greedy,,353642,,,,,,,2.2724922718791362e-12
4841,4840,,,-23.0,23,True,False,True,False,success,,,0.1,epsilon_greedy,,353665,,,,,,,5.643794610398839e-14
4842,4841,,,-17.0,17,True,False,True,False,success,,,0.1,epsilon_greedy,,353682,,,,,,,5.42050064964047e-15
4843,4842,,,-348.0,51,True,False,True,False,success,,,0.1,epsilon_greedy,,353733,,,,,,,1.7204364294854053e-12
4844,4843,,,-238.0,40,True,False,True,False,success,,,0.1,epsilon_greedy,,353773,,,,,,,4.747258142145938e-13
4845,4844,,,-126.0,27,True,False,True,False,success,,,0.1,epsilon_greedy,,353800,,,,,,,8.215650382226158e-15
4846,4845,,,-17.0,17,True,False,True,False,success,,,0.1,epsilon_greedy,,353817,,,,,,,5.42050064964047e-15
4847,4846,,,-19.0,19,True,False,True,False,success,,,0.1,epsilon_greedy,,353836,,,,,,,2.2800474958354532e-14
4848,4847,,,-19.0,19,True,False,True,False,success,,,0.1,epsilon_greedy,,353855,,,,,,,1.5803732591585254e-13
4849,4848,,,-27.0,27,True,False,True,False,success,,,0.1,epsilon_greedy,,353882,,,,,,,1.744312998568447e-09
4850,4849,,,-136.0,37,True,False,True,False,success,,,0.1,epsilon_greedy,,353919,,,,,,,5.606746298467811e-13
4851,4850,,,-21.0,21,True,False,True,False,success,,,0.1,epsilon_greedy,,353940,,,,,,,2.130729455307985e-12
4852,4851,,,-19.0,19,True,False,True,False,success,,,0.1,epsilon_greedy,,353959,,,,,,,5.784846286204763e-15
4853,4852,,,-17.0,17,True,False,True,False,success,,,0.1,epsilon_greedy,,353976,,,,,,,5.42050064964047e-15
4854,4853,,,-17.0,17,True,False,True,False,success,,,0.1,epsilon_greedy,,353993,,,,,,,5.42050064964047e-15
4855,4854,,,-17.0,17,True,False,True,False,success,,,0.1,epsilon_greedy,,354010,,,,,,,5.42050064964047e-15
4856,4855,,,-137.0,38,True,False,True,False,success,,,0.1,epsilon_greedy,,354048,,,,,,,6.702007370126682e-13
4857,4856,,,-17.0,17,True,False,True,False,success,,,0.1,epsilon_greedy,,354065,,,,,,,5.42050064964047e-15
4858,4857,,,-25.0,25,True,False,True,False,success,,,0.1,epsilon_greedy,,354090,,,,,,,1.1715073355844651e-14
4859,4858,,,-21.0,21,True,False,True,False,success,,,0.1,epsilon_greedy,,354111,,,,,,,6.2489695957473096e-15
4860,4859,,,-19.0,19,True,False,True,False,success,,,0.1,epsilon_greedy,,354130,,,,,,,5.5978613557415785e-15
4861,4860,,,-18.0,18,True,False,True,False,success,,,0.1,epsilon_greedy,,354148,,,,,,,5.1810407815840636e-15
4862,4861,,,-17.0,17,True,False,True,False,success,,,0.1,epsilon_greedy,,354165,,,,,,,5.42050064964047e-15
4863,4862,,,-21.0,21,True,False,True,False,success,,,0.1,epsilon_greedy,,354186,,,,,,,1.4452248921413358e-12
4864,4863,,,-122.0,23,True,False,True,False,success,,,0.1,epsilon_greedy,,354209,,,,,,,1.9530271120145146e-14
4865,4864,,,-21.0,21,True,False,True,False,success,,,0.1,epsilon_greedy,,354230,,,,,,,6.766016318644168e-14
4866,4865,,,-17.0,17,True,False,True,False,success,,,0.1,epsilon_greedy,,354247,,,,,,,5.42050064964047e-15
4867,4866,,,-239.0,41,True,False,True,False,success,,,0.1,epsilon_greedy,,354288,,,,,,,1.9244822537735317e-12
4868,4867,,,-22.0,22,True,False,True,False,success,,,0.1,epsilon_greedy,,354310,,,,,,,5.692416235350803e-15
4869,4868,,,-17.0,17,True,False,True,False,success,,,0.1,epsilon_greedy,,354327,,,,,,,5.42050064964047e-15
4870,4869,,,-19.0,19,True,False,True,False,success,,,0.1,epsilon_greedy,,354346,,,,,,,5.001846889890179e-15
4871,4870,,,-23.0,23,True,False,True,False,success,,,0.1,epsilon_greedy,,354369,,,,,,,3.2208728437966703e-12
4872,4871,,,-17.0,17,True,False,True,False,success,,,0.1,epsilon_greedy,,354386,,,,,,,5.42050064964047e-15
4873,4872,,,-18.0,18,True,False,True,False,success,,,0.1,epsilon_greedy,,354404,,,,,,,5.9088536532827775e-15
4874,4873,,,-17.0,17,True,False,True,False,success,,,0.1,epsilon_greedy,,354421,,,,,,,5.42050064964047e-15
4875,4874,,,-23.0,23,True,False,True,False,success,,,0.1,epsilon_greedy,,354444,,,,,,,6.454643582905508e-13
4876,4875,,,-17.0,17,True,False,True,False,success,,,0.1,epsilon_greedy,,354461,,,,,,,5.42050064964047e-15
4877,4876,,,-17.0,17,True,False,True,False,success,,,0.1,epsilon_greedy,,354478,,,,,,,5.42050064964047e-15
4878,4877,,,-133.0,34,True,False,True,False,success,,,0.1,epsilon_greedy,,354512,,,,,,,2.4688682470957034e-12
4879,4878,,,-17.0,17,True,False,True,False,success,,,0.1,epsilon_greedy,,354529,,,,,,,5.42050064964047e-15
4880,4879,,,-23.0,23,True,False,True,False,success,,,0.1,epsilon_greedy,,354552,,,,,,,6.389767941814368e-13
4881,4880,,,-17.0,17,True,False,True,False,success,,,0.1,epsilon_greedy,,354569,,,,,,,5.42050064964047e-15
4882,4881,,,-17.0,17,True,False,True,False,success,,,0.1,epsilon_greedy,,354586,,,,,,,5.42050064964047e-15
4883,4882,,,-19.0,19,True,False,True,False,success,,,0.1,epsilon_greedy,,354605,,,,,,,1.672346471830104e-14
4884,4883,,,-17.0,17,True,False,True,False,success,,,0.1,epsilon_greedy,,354622,,,,,,,5.42050064964047e-15
4885,4884,,,-19.0,19,True,False,True,False,success,,,0.1,epsilon_greedy,,354641,,,,,,,1.1838483409950354e-14
4886,4885,,,-19.0,19,True,False,True,False,success,,,0.1,epsilon_greedy,,354660,,,,,,,5.594355388295394e-14
4887,4886,,,-122.0,23,True,False,True,False,success,,,0.1,epsilon_greedy,,354683,,,,,,,8.254266835256598e-15
4888,4887,,,-20.0,20,True,False,True,False,success,,,0.1,epsilon_greedy,,354703,,,,,,,5.850875339774575e-15
4889,4888,,,-130.0,31,True,False,True,False,success,,,0.1,epsilon_greedy,,354734,,,,,,,2.2875966354171573e-12
4890,4889,,,-19.0,19,True,False,True,False,success,,,0.1,epsilon_greedy,,354753,,,,,,,5.691353820973171e-15
4891,4890,,,-19.0,19,True,False,True,False,success,,,0.1,epsilon_greedy,,354772,,,,,,,5.691353820973171e-15
4892,4891,,,-24.0,24,True,False,True,False,success,,,0.1,epsilon_greedy,,354796,,,,,,,1.4530136353367122e-12
4893,4892,,,-123.0,24,True,False,True,False,success,,,0.1,epsilon_greedy,,354820,,,,,,,8.206398523687616e-15
4894,4893,,,-123.0,24,True,False,True,False,success,,,0.1,epsilon_greedy,,354844,,,,,,,8.280413391995959e-15
4895,4894,,,-123.0,24,True,False,True,False,success,,,0.1,epsilon_greedy,,354868,,,,,,,8.206398523687616e-15
4896,4895,,,-17.0,17,True,False,True,False,success,,,0.1,epsilon_greedy,,354885,,,,,,,5.42050064964047e-15
4897,4896,,,-19.0,19,True,False,True,False,success,,,0.1,epsilon_greedy,,354904,,,,,,,5.691353820973171e-15
4898,4897,,,-17.0,17,True,False,True,False,success,,,0.1,epsilon_greedy,,354921,,,,,,,5.42050064964047e-15
4899,4898,,,-20.0,20,True,False,True,False,success,,,0.1,epsilon_greedy,,354941,,,,,,,6.117328865684613e-15
4900,4899,,,-127.0,28,True,False,True,False,success,,,0.1,epsilon_greedy,,354969,,,,,,,9.57170850516117e-15
4901,4900,,,-244.0,46,True,False,True,False,success,,,0.1,epsilon_greedy,,355015,,,,,,,1.711206056081269e-12
4902,4901,,,-22.0,22,True,False,True,False,success,,,0.1,epsilon_greedy,,355037,,,,,,,6.287899494013386e-15
4903,4902,,,-21.0,21,True,False,True,False,success,,,0.1,epsilon_greedy,,355058,,,,,,,8.050597225898551e-13
4904,4903,,,-19.0,19,True,False,True,False,success,,,0.1,epsilon_greedy,,355077,,,,,,,2.8690500267944836e-14
4905,4904,,,-19.0,19,True,False,True,False,success,,,0.1,epsilon_greedy,,355096,,,,,,,5.084821452783217e-14
4906,4905,,,-128.0,29,True,False,True,False,success,,,0.1,epsilon_greedy,,355125,,,,,,,7.932352093183877e-15
4907,4906,,,-19.0,19,True,False,True,False,success,,,0.1,epsilon_greedy,,355144,,,,,,,5.691353820973171e-15
4908,4907,,,-23.0,23,True,False,True,False,success,,,0.1,epsilon_greedy,,355167,,,,,,,1.1962411737504622e-13
4909,4908,,,-17.0,17,True,False,True,False,success,,,0.1,epsilon_greedy,,355184,,,,,,,5.42050064964047e-15
4910,4909,,,-19.0,19,True,False,True,False,success,,,0.1,epsilon_greedy,,355203,,,,,,,1.5508062670290344e-14
4911,4910,,,-119.0,20,True,False,True,False,success,,,0.1,epsilon_greedy,,355223,,,,,,,8.248957072964913e-15
4912,4911,,,-23.0,23,True,False,True,False,success,,,0.1,epsilon_greedy,,355246,,,,,,,1.0382677904869522e-07
4913,4912,,,-21.0,21,True,False,True,False,success,,,0.1,epsilon_greedy,,355267,,,,,,,1.4242575373048436e-14
4914,4913,,,-336.0,39,True,False,True,False,success,,,0.1,epsilon_greedy,,355306,,,,,,,2.0741243480561258e-14
4915,4914,,,-129.0,30,True,False,True,False,success,,,0.1,epsilon_greedy,,355336,,,,,,,9.229654078050469e-15
4916,4915,,,-230.0,32,True,False,True,False,success,,,0.1,epsilon_greedy,,355368,,,,,,,2.5222879340702775e-14
4917,4916,,,-230.0,32,True,False,True,False,success,,,0.1,epsilon_greedy,,355400,,,,,,,9.652001420334955e-15
4918,4917,,,-19.0,19,True,False,True,False,success,,,0.1,epsilon_greedy,,355419,,,,,,,2.90644701288712e-14
4919,4918,,,-23.0,23,True,False,True,False,success,,,0.1,epsilon_greedy,,355442,,,,,,,5.756071947584844e-13
4920,4919,,,-17.0,17,True,False,True,False,success,,,0.1,epsilon_greedy,,355459,,,,,,,5.42050064964047e-15
4921,4920,,,-19.0,19,True,False,True,False,success,,,0.1,epsilon_greedy,,355478,,,,,,,5.5978613557415785e-15
4922,4921,,,-19.0,19,True,False,True,False,success,,,0.1,epsilon_greedy,,355497,,,,,,,5.5978613557415785e-15
4923,4922,,,-17.0,17,True,False,True,False,success,,,0.1,epsilon_greedy,,355514,,,,,,,5.42050064964047e-15
4924,4923,,,-19.0,19,True,False,True,False,success,,,0.1,epsilon_greedy,,355533,,,,,,,4.9960036108132044e-14
4925,4924,,,-129.0,30,True,False,True,False,success,,,0.1,epsilon_greedy,,355563,,,,,,,4.898369495206131e-09
4926,4925,,,-17.0,17,True,False,True,False,success,,,0.1,epsilon_greedy,,355580,,,,,,,5.42050064964047e-15
4927,4926,,,-17.0,17,True,False,True,False,success,,,0.1,epsilon_greedy,,355597,,,,,,,5.42050064964047e-15
4928,4927,,,-21.0,21,True,False,True,False,success,,,0.1,epsilon_greedy,,355618,,,,,,,3.171726373604347e-11
4929,4928,,,-19.0,19,True,False,True,False,success,,,0.1,epsilon_greedy,,355637,,,,,,,5.691353820973171e-15
4930,4929,,,-19.0,19,True,False,True,False,success,,,0.1,epsilon_greedy,,355656,,,,,,,5.691353820973171e-15
4931,4930,,,-19.0,19,True,False,True,False,success,,,0.1,epsilon_greedy,,355675,,,,,,,2.256674379527555e-14
4932,4931,,,-17.0,17,True,False,True,False,success,,,0.1,epsilon_greedy,,355692,,,,,,,5.42050064964047e-15
4933,4932,,,-19.0,19,True,False,True,False,success,,,0.1,epsilon_greedy,,355711,,,,,,,1.4479645552742832e-14
4934,4933,,,-235.0,37,True,False,True,False,success,,,0.1,epsilon_greedy,,355748,,,,,,,3.724528193368167e-13
4935,4934,,,-132.0,33,True,False,True,False,success,,,0.1,epsilon_greedy,,355781,,,,,,,1.8949824874253504e-13
4936,4935,,,-25.0,25,True,False,True,False,success,,,0.1,epsilon_greedy,,355806,,,,,,,1.4713563700752274e-12
4937,4936,,,-17.0,17,True,False,True,False,success,,,0.1,epsilon_greedy,,355823,,,,,,,5.42050064964047e-15
4938,4937,,,-23.0,23,True,False,True,False,success,,,0.1,epsilon_greedy,,355846,,,,,,,1.2108864635622567e-12
4939,4938,,,-17.0,17,True,False,True,False,success,,,0.1,epsilon_greedy,,355863,,,,,,,5.42050064964047e-15
4940,4939,,,-19.0,19,True,False,True,False,success,,,0.1,epsilon_greedy,,355882,,,,,,,5.5978613557415785e-15
4941,4940,,,-19.0,19,True,False,True,False,success,,,0.1,epsilon_greedy,,355901,,,,,,,5.784846286204763e-15
4942,4941,,,-236.0,38,True,False,True,False,success,,,0.1,epsilon_greedy,,355939,,,,,,,2.8395239376185314e-12
4943,4942,,,-17.0,17,True,False,True,False,success,,,0.1,epsilon_greedy,,355956,,,,,,,5.42050064964047e-15
4944,4943,,,-17.0,17,True,False,True,False,success,,,0.1,epsilon_greedy,,355973,,,,,,,5.42050064964047e-15
4945,4944,,,-17.0,17,True,False,True,False,success,,,0.1,epsilon_greedy,,355990,,,,,,,5.42050064964047e-15
4946,4945,,,-19.0,19,True,False,True,False,success,,,0.1,epsilon_greedy,,356009,,,,,,,6.065323681899539e-15
4947,4946,,,-17.0,17,True,False,True,False,success,,,0.1,epsilon_greedy,,356026,,,,,,,5.42050064964047e-15
4948,4947,,,-17.0,17,True,False,True,False,success,,,0.1,epsilon_greedy,,356043,,,,,,,5.42050064964047e-15
4949,4948,,,-23.0,23,True,False,True,False,success,,,0.1,epsilon_greedy,,356066,,,,,,,5.118770055166583e-09
4950,4949,,,-18.0,18,True,False,True,False,success,,,0.1,epsilon_greedy,,356084,,,,,,,5.612794180049403e-15
4951,4950,,,-19.0,19,True,False,True,False,success,,,0.1,epsilon_greedy,,356103,,,,,,,5.5978613557415785e-15
4952,4951,,,-122.0,23,True,False,True,False,success,,,0.1,epsilon_greedy,,356126,,,,,,,1.1000862057046659e-13
4953,4952,,,-133.0,34,True,False,True,False,success,,,0.1,epsilon_greedy,,356160,,,,,,,3.633629345124652e-13
4954,4953,,,-17.0,17,True,False,True,False,success,,,0.1,epsilon_greedy,,356177,,,,,,,5.42050064964047e-15
4955,4954,,,-19.0,19,True,False,True,False,success,,,0.1,epsilon_greedy,,356196,,,,,,,4.21534152612941e-14
4956,4955,,,-17.0,17,True,False,True,False,success,,,0.1,epsilon_greedy,,356213,,,,,,,5.42050064964047e-15
4957,4956,,,-234.0,36,True,False,True,False,success,,,0.1,epsilon_greedy,,356249,,,,,,,4.278984574076124e-13
4958,4957,,,-17.0,17,True,False,True,False,success,,,0.1,epsilon_greedy,,356266,,,,,,,5.42050064964047e-15
4959,4958,,,-130.0,31,True,False,True,False,success,,,0.1,epsilon_greedy,,356297,,,,,,,4.283240429003854e-13
4960,4959,,,-324.0,27,True,False,True,False,success,,,0.1,epsilon_greedy,,356324,,,,,,,1.2031528037234103e-14
4961,4960,,,-18.0,18,True,False,True,False,success,,,0.1,epsilon_greedy,,356342,,,,,,,5.9088536532827775e-15
4962,4961,,,-21.0,21,True,False,True,False,success,,,0.1,epsilon_greedy,,356363,,,,,,,2.515553902748295e-13
4963,4962,,,-133.0,34,True,False,True,False,success,,,0.1,epsilon_greedy,,356397,,,,,,,2.0012161862288904e-12
4964,4963,,,-219.0,21,True,False,True,False,success,,,0.1,epsilon_greedy,,356418,,,,,,,1.0562979062862203e-14
4965,4964,,,-133.0,34,True,False,True,False,success,,,0.1,epsilon_greedy,,356452,,,,,,,4.737582875022513e-13
4966,4965,,,-235.0,37,True,False,True,False,success,,,0.1,epsilon_greedy,,356489,,,,,,,1.3595731147504282e-13
4967,4966,,,-23.0,23,True,False,True,False,success,,,0.1,epsilon_greedy,,356512,,,,,,,6.091745465551946e-15
4968,4967,,,-19.0,19,True,False,True,False,success,,,0.1,epsilon_greedy,,356531,,,,,,,1.270328871334258e-14
4969,4968,,,-17.0,17,True,False,True,False,success,,,0.1,epsilon_greedy,,356548,,,,,,,5.42050064964047e-15
4970,4969,,,-17.0,17,True,False,True,False,success,,,0.1,epsilon_greedy,,356565,,,,,,,5.42050064964047e-15
4971,4970,,,-128.0,29,True,False,True,False,success,,,0.1,epsilon_greedy,,356594,,,,,,,8.139083277079596e-15
4972,4971,,,-125.0,26,True,False,True,False,success,,,0.1,epsilon_greedy,,356620,,,,,,,8.736601186088732e-15
4973,4972,,,-131.0,32,True,False,True,False,success,,,0.1,epsilon_greedy,,356652,,,,,,,1.9139065332574035e-12
4974,4973,,,-17.0,17,True,False,True,False,success,,,0.1,epsilon_greedy,,356669,,,,,,,5.42050064964047e-15
4975,4974,,,-239.0,41,True,False,True,False,success,,,0.1,epsilon_greedy,,356710,,,,,,,3.454093379881359e-13
4976,4975,,,-17.0,17,True,False,True,False,success,,,0.1,epsilon_greedy,,356727,,,,,,,5.42050064964047e-15
4977,4976,,,-19.0,19,True,False,True,False,success,,,0.1,epsilon_greedy,,356746,,,,,,,2.223952016696498e-14
4978,4977,,,-19.0,19,True,False,True,False,success,,,0.1,epsilon_greedy,,356765,,,,,,,5.691353820973171e-15
4979,4978,,,-229.0,31,True,False,True,False,success,,,0.1,epsilon_greedy,,356796,,,,,,,1.2928726189989726e-14
4980,4979,,,-21.0,21,True,False,True,False,success,,,0.1,epsilon_greedy,,356817,,,,,,,6.587323279442596e-15
4981,4980,,,-19.0,19,True,False,True,False,success,,,0.1,epsilon_greedy,,356836,,,,,,,3.8460462884646214e-14
4982,4981,,,-19.0,19,True,False,True,False,success,,,0.1,epsilon_greedy,,356855,,,,,,,5.691353820973171e-15
4983,4982,,,-17.0,17,True,False,True,False,success,,,0.1,epsilon_greedy,,356872,,,,,,,5.42050064964047e-15
4984,4983,,,-17.0,17,True,False,True,False,success,,,0.1,epsilon_greedy,,356889,,,,,,,5.42050064964047e-15
4985,4984,,,-129.0,30,True,False,True,False,success,,,0.1,epsilon_greedy,,356919,,,,,,,8.045416185116968e-15
4986,4985,,,-17.0,17,True,False,True,False,success,,,0.1,epsilon_greedy,,356936,,,,,,,5.42050064964047e-15
4987,4986,,,-126.0,27,True,False,True,False,success,,,0.1,epsilon_greedy,,356963,,,,,,,9.061311372020268e-13
4988,4987,,,-21.0,21,True,False,True,False,success,,,0.1,epsilon_greedy,,356984,,,,,,,5.286776307738841e-15
4989,4988,,,-17.0,17,True,False,True,False,success,,,0.1,epsilon_greedy,,357001,,,,,,,5.42050064964047e-15
4990,4989,,,-21.0,21,True,False,True,False,success,,,0.1,epsilon_greedy,,357022,,,,,,,2.2363063781735295e-14
4991,4990,,,-17.0,17,True,False,True,False,success,,,0.1,epsilon_greedy,,357039,,,,,,,5.42050064964047e-15
4992,4991,,,-19.0,19,True,False,True,False,success,,,0.1,epsilon_greedy,,357058,,,,,,,5.691353820973171e-15
4993,4992,,,-17.0,17,True,False,True,False,success,,,0.1,epsilon_greedy,,357075,,,,,,,5.42050064964047e-15
4994,4993,,,-31.0,31,True,False,True,False,success,,,0.1,epsilon_greedy,,357106,,,,,,,1.072925112697728e-07
4995,4994,,,-21.0,21,True,False,True,False,success,,,0.1,epsilon_greedy,,357127,,,,,,,1.0442440563045759e-12
4996,4995,,,-17.0,17,True,False,True,False,success,,,0.1,epsilon_greedy,,357144,,,,,,,5.42050064964047e-15
4997,4996,,,-21.0,21,True,False,True,False,success,,,0.1,epsilon_greedy,,357165,,,,,,,1.2171216415676358e-13
4998,4997,,,-17.0,17,True,False,True,False,success,,,0.1,epsilon_greedy,,357182,,,,,,,5.42050064964047e-15
4999,4998,,,-230.0,32,True,False,True,False,success,,,0.1,epsilon_greedy,,357214,,,,,,,9.929557176491244e-15
5000,4999,,,-20.0,20,True,False,True,False,success,,,0.1,epsilon_greedy,,357234,,,,,,,5.850875339774575e-15
