episode,seed,algorithm,scenario,reward,length,success,collision,terminated,truncated,termination_reason,final_distance,flags_collected,epsilon,exploration_mode,random_action_steps,environment_steps,critic_updates,actor_updates,critic_loss,actor_loss,alpha_loss,alpha,td_error
1,0,,,-157.52030154130932,176,False,True,True,False,collision,9.667187690734863,,,uniform_warmup,176,176,0,0,,,,,
2,1,,,-120.39556162375541,127,False,True,True,False,collision,8.48930549621582,,,uniform_warmup,127,303,0,0,,,,,
3,2,,,-122.2277776976478,45,False,True,True,False,collision,10.856535911560059,,,uniform_warmup,45,348,0,0,,,,,
4,3,,,-109.5719729864413,26,False,True,True,False,collision,10.471500396728516,,,uniform_warmup,26,374,0,0,,,,,
5,4,,,-179.01208806452325,277,False,True,True,False,collision,8.465948104858398,,,uniform_warmup,277,651,0,0,,,,,
6,5,,,-125.25036985359421,46,False,True,True,False,collision,11.112899780273438,,,uniform_warmup,46,697,0,0,,,,,
7,6,,,-241.13096818168972,414,False,True,True,False,collision,8.97140121459961,,,uniform_warmup,414,1111,0,0,,,,,
8,7,,,-162.07661646853342,350,False,True,True,False,collision,5.651692867279053,,,uniform_warmup,350,1461,0,0,,,,,
9,8,,,-262.7855332351485,441,False,True,True,False,collision,10.318848609924316,,,uniform_warmup,441,1902,0,0,,,,,
10,9,,,-189.4071167641976,313,False,True,True,False,collision,8.682499885559082,,,uniform_warmup,313,2215,0,0,,,,,
11,10,,,-214.88055600621027,356,False,True,True,False,collision,8.678702354431152,,,uniform_warmup,356,2571,0,0,,,,,
12,11,,,-134.81864190780368,131,False,True,True,False,collision,9.45687484741211,,,uniform_warmup,131,2702,0,0,,,,,
13,12,,,-164.19201844206304,216,False,True,True,False,collision,9.068655967712402,,,uniform_warmup,216,2918,0,0,,,,,
14,13,,,-127.2573030107857,79,False,True,True,False,collision,10.082924842834473,,,uniform_warmup,79,2997,0,0,,,,,
15,14,,,-181.00459641782368,263,False,True,True,False,collision,8.903897285461426,,,uniform_warmup,263,3260,0,0,,,,,
16,15,,,-124.79471287789323,46,False,True,True,False,collision,10.916102409362793,,,uniform_warmup,46,3306,0,0,,,,,
17,16,,,-180.0205234827302,277,False,True,True,False,collision,8.76566219329834,,,uniform_warmup,277,3583,0,0,,,,,
18,17,,,-129.56924688075847,95,False,True,True,False,collision,9.982587814331055,,,uniform_warmup,95,3678,0,0,,,,,
19,18,,,-121.37684213025302,42,False,True,True,False,collision,10.765582084655762,,,uniform_warmup,42,3720,0,0,,,,,
20,19,,,-115.62682697867379,56,False,True,True,False,collision,10.159674644470215,,,uniform_warmup,56,3776,0,0,,,,,
21,20,,,-134.91251394317902,146,False,True,True,False,collision,9.212389945983887,,,uniform_warmup,146,3922,0,0,,,,,
22,21,,,-144.30091114662852,370,False,True,True,False,collision,3.609412670135498,,,uniform_warmup,370,4292,0,0,,,,,
23,22,,,-113.93580708845782,155,False,True,True,False,collision,7.278309345245361,,,uniform_warmup,155,4447,0,0,,,,,
24,23,,,-170.43477018995534,222,False,True,True,False,collision,9.121959686279297,,,uniform_warmup,222,4669,0,0,,,,,
25,24,,,-118.52142058218483,56,False,True,True,False,collision,10.406798362731934,,,uniform_warmup,56,4725,0,0,,,,,
26,25,,,-121.12520770318379,48,False,True,True,False,collision,10.701220512390137,,,uniform_warmup,48,4773,0,0,,,,,
27,26,,,-163.53793476899546,253,False,True,True,False,collision,8.636871337890625,,,mixed_warmup_policy,227,5026,27,13,69.7757457881062,0.07136804669593963,,,
28,27,,,-328.3892174840383,1000,False,False,False,True,cutoff,8.595796585083008,,,ou_noise,0,6026,1027,513,90.53558842360974,0.5150375072360038,,,
29,28,,,-112.78485084861717,20,False,True,True,False,collision,11.388940811157227,,,ou_noise,0,6046,1047,523,116.59661521911622,0.7994230210781097,,,
30,29,,,-114.21528503960108,22,False,True,True,False,collision,11.44035816192627,,,ou_noise,0,6068,1069,534,97.58503440293399,0.8533956029198386,,,
31,30,,,-133.64534254162854,75,False,True,True,False,collision,11.244426727294922,,,ou_noise,0,6143,1144,572,77.0215027252833,0.8238989569638905,,,
32,31,,,-114.57933170583784,23,False,True,True,False,collision,11.505311012268066,,,ou_noise,0,6166,1167,583,91.84156727790833,0.8797774585810575,,,
33,32,,,-118.7652515565497,44,False,True,True,False,collision,11.05771255493164,,,ou_noise,0,6210,1211,605,86.21971733461727,0.9927657354961742,,,
34,33,,,-116.71463249280892,44,False,True,True,False,collision,11.205893516540527,,,ou_noise,0,6254,1255,627,96.54930512742563,1.0774501887234775,,,
35,34,,,-111.1317489022428,29,False,True,True,False,collision,10.742332458496094,,,ou_noise,0,6283,1284,642,103.48001499833732,1.094973587989807,,,
36,35,,,-115.04279700258678,42,False,True,True,False,collision,10.642157554626465,,,ou_noise,0,6325,1326,663,122.33844868909745,1.1863698334920973,,,
37,36,,,-119.76350263409353,40,False,True,True,False,collision,11.486234664916992,,,ou_noise,0,6365,1366,683,96.19595541357994,1.2676994919776916,,,
38,37,,,-113.50537099363578,20,False,True,True,False,collision,11.44095516204834,,,ou_noise,0,6385,1386,693,65.99787566959859,1.2901999473571777,,,
39,38,,,-113.90291166389898,22,False,True,True,False,collision,11.486278533935547,,,ou_noise,0,6407,1408,704,83.12047789855437,1.3078791878440164,,,
40,39,,,-112.73005856517342,22,False,True,True,False,collision,11.373799324035645,,,ou_noise,0,6429,1430,715,142.3460946516557,1.3642030520872637,,,
41,40,,,-114.49777756904612,26,False,True,True,False,collision,11.426258087158203,,,ou_noise,0,6455,1456,728,84.28661740513948,1.4583077614124005,,,
42,41,,,-117.02297439339958,26,False,True,True,False,collision,11.576543807983398,,,ou_noise,0,6481,1482,741,103.1513019662637,1.4261243801850538,,,
43,42,,,-113.46570490292918,28,False,True,True,False,collision,11.289487838745117,,,ou_noise,0,6509,1510,755,109.20051137890134,1.5689887745039803,,,
44,43,,,-110.05579606585816,17,False,True,True,False,collision,11.188899040222168,,,ou_noise,0,6526,1527,763,83.86974413254681,1.4683276265859604,,,
45,44,,,-111.00649947405634,20,False,True,True,False,collision,11.193641662597656,,,ou_noise,0,6546,1547,773,112.58787150084973,1.4242101073265077,,,
46,45,,,-145.5930183044127,126,False,True,True,False,collision,10.356244087219238,,,ou_noise,0,6672,1673,836,115.91583355646284,1.4181028623429557,,,
47,46,,,-129.4215185523781,98,False,True,True,False,collision,9.957541465759277,,,ou_noise,0,6770,1771,885,124.66830900007365,1.3444379762727388,,,
48,47,,,117.9966506891861,314,True,False,True,False,success,0.4573332965373993,,,ou_noise,0,7084,2085,1042,113.60862296857651,1.2591113767046838,,,
49,48,,,155.3183942727989,165,True,False,True,False,success,0.49935683608055115,,,ou_noise,0,7249,2250,1125,102.80304891990893,1.1191393438592014,,,
50,49,,,-169.8985599537965,388,False,True,True,False,collision,3.1373891830444336,,,ou_noise,0,7637,2638,1319,97.46767600587349,0.9623044323675412,,,
51,50,,,-81.93478288077955,125,False,True,True,False,collision,4.822845458984375,,,ou_noise,0,7762,2763,1381,99.88637524795533,1.010423183441162,,,
52,51,,,-72.37381825665788,144,False,True,True,False,collision,3.445622682571411,,,ou_noise,0,7906,2907,1453,103.70073395139642,0.9975168878833452,,,
53,52,,,-70.02180733013145,116,False,True,True,False,collision,4.229518890380859,,,ou_noise,0,8022,3023,1511,103.98423997492625,0.9028460701991772,,,
54,53,,,-332.93647826239805,853,False,True,True,False,collision,2.7261905670166016,,,ou_noise,0,8875,3876,1938,97.72246572448668,0.9574054497745612,,,
55,54,,,-65.93797699124414,147,False,True,True,False,collision,2.9794673919677734,,,ou_noise,0,9022,4023,2011,92.22534908404967,1.001652090516809,,,
56,55,,,-292.0659579369611,1000,False,False,False,True,cutoff,3.214799165725708,,,ou_noise,0,10022,5023,2511,85.52915405499935,0.924224662899971,,,
57,56,,,-288.1909382609375,678,False,True,True,False,collision,5.436009883880615,,,ou_noise,0,10700,5701,2850,74.38157182175853,0.7842985770079942,,,
58,57,,,-93.91001832254831,127,False,True,True,False,collision,5.845725059509277,,,ou_noise,0,10827,5828,2914,78.054678440094,0.6601348230615258,,,
59,58,,,-301.52742591276785,1000,False,False,False,True,cutoff,4.262948036193848,,,ou_noise,0,11827,6828,3414,64.55855677431822,0.7475097379684448,,,
60,59,,,-355.6558704208661,1000,False,False,False,True,cutoff,3.494191884994507,,,ou_noise,0,12827,7828,3914,57.95257396864891,0.7482225580960512,,,
61,60,,,-188.07694303325496,1000,False,False,False,True,cutoff,5.64555025100708,,,ou_noise,0,13827,8828,4414,48.67602578812838,0.8389926971048116,,,
62,61,,,-196.3412325528073,480,False,True,True,False,collision,3.878647565841675,,,ou_noise,0,14307,9308,4654,44.389553937936824,0.7886190669921537,,,
63,62,,,-238.06494803469715,649,False,True,True,False,collision,3.645176887512207,,,ou_noise,0,14956,9957,4978,44.8327259054904,0.8822184808460283,,,
64,63,,,-101.98737888980116,42,False,True,True,False,collision,9.19371509552002,,,ou_noise,0,14998,9999,4999,41.9891547589075,0.9248921275138855,,,
65,64,,,-77.06817984638874,155,False,True,True,False,collision,2.873215436935425,,,ou_noise,0,15153,10154,5077,42.515654192047734,0.9219774114779937,,,
66,65,,,-361.50004838535654,1000,False,False,False,True,cutoff,4.990113258361816,,,ou_noise,0,16153,11154,5577,42.46293832284212,1.0522169935703278,,,
67,66,,,-354.60696693380766,1000,False,False,False,True,cutoff,5.25892448425293,,,ou_noise,0,17153,12154,6077,37.673814951598644,1.2172850360870362,,,
68,67,,,-322.86444416267676,1000,False,False,False,True,cutoff,6.857445240020752,,,ou_noise,0,18153,13154,6577,33.71567661303282,1.5107531782388688,,,
69,68,,,-327.74175192395126,1000,False,False,False,True,cutoff,6.256170272827148,,,ou_noise,0,19153,14154,7077,31.41578354024887,1.9242040612697602,,,
70,69,,,-331.9424644683785,1000,False,False,False,True,cutoff,2.664365768432617,,,ou_noise,0,20153,15154,7577,29.809544845998285,2.32681058716774,,,
71,70,,,-95.90910762422521,65,False,True,True,False,collision,8.175015449523926,,,ou_noise,0,20218,15219,7609,27.51628573307624,2.3543913438916206,,,
72,71,,,-102.79000285147872,92,False,True,True,False,collision,8.039374351501465,,,ou_noise,0,20310,15311,7655,27.00520699568417,2.3782255805057027,,,
73,72,,,-313.20627752358394,1000,False,False,False,True,cutoff,3.301093339920044,,,ou_noise,0,21310,16311,8155,31.427436081528665,2.5555298602581025,,,
74,73,,,-277.678728840135,1000,False,False,False,True,cutoff,2.185635566711426,,,ou_noise,0,22310,17311,8655,27.28248632913828,2.6862699575424194,,,
75,74,,,-312.96358286385026,1000,False,False,False,True,cutoff,5.179800033569336,,,ou_noise,0,23310,18311,9155,26.517597303569318,2.8781024198532106,,,
76,75,,,-121.39964583528646,134,False,True,True,False,collision,8.385501861572266,,,ou_noise,0,23444,18445,9222,27.89273601903844,3.03726780236657,,,
77,76,,,-267.7675567398249,1000,False,False,False,True,cutoff,1.7771573066711426,,,ou_noise,0,24444,19445,9722,27.00125249928236,3.16145498752594,,,
78,77,,,10.203541790380555,571,True,False,True,False,success,0.4878275394439697,,,ou_noise,0,25015,20016,10008,25.788317411459474,3.348015120813063,,,
79,78,,,-17.98305995128139,661,True,False,True,False,success,0.49494755268096924,,,ou_noise,0,25676,20677,10338,24.50359814818075,3.4526455120606854,,,
80,79,,,156.28404960074946,168,True,False,True,False,success,0.4751225411891937,,,ou_noise,0,25844,20845,10422,27.39530142786957,3.4524923335938227,,,
81,80,,,-66.99186573680963,71,False,True,True,False,collision,5.3884124755859375,,,ou_noise,0,25915,20916,10458,23.17461422463538,3.490186956193712,,,
82,81,,,-64.94453172547185,71,False,True,True,False,collision,4.920236110687256,,,ou_noise,0,25986,20987,10493,30.142606181158147,3.4114848000662668,,,
83,82,,,171.71217546908963,130,True,False,True,False,success,0.4372180998325348,,,ou_noise,0,26116,21117,10558,25.81306181870974,3.4360397008749155,,,
84,83,,,-221.84782990728445,488,False,True,True,False,collision,8.243412971496582,,,ou_noise,0,26604,21605,10802,24.95120926482267,3.3998240574461516,,,
85,84,,,167.42328618438017,133,True,False,True,False,success,0.48647671937942505,,,ou_noise,0,26737,21738,10869,34.19642363544693,3.40913995700096,,,
86,85,,,-112.59824320592463,139,False,True,True,False,collision,7.957668781280518,,,ou_noise,0,26876,21877,10938,31.22706755116689,3.3318685725115347,,,
87,86,,,-72.37668129593649,132,False,True,True,False,collision,4.414059638977051,,,ou_noise,0,27008,22009,11004,28.441064460711047,3.3466487472707573,,,
88,87,,,-274.1065301005484,1000,False,False,False,True,cutoff,4.978825569152832,,,ou_noise,0,28008,23009,11504,28.016767377376556,3.3465326461791993,,,
89,88,,,-110.79204861564024,148,False,True,True,False,collision,7.732550621032715,,,ou_noise,0,28156,23157,11578,25.509146646873372,3.3156933558953776,,,
90,89,,,160.58838122177488,153,True,False,True,False,success,0.45287832617759705,,,ou_noise,0,28309,23310,11655,28.85162005704992,3.337884745040497,,,
91,90,,,-254.1477077797063,602,False,True,True,False,collision,7.694262981414795,,,ou_noise,0,28911,23912,11956,28.930449528749598,3.2066330830520173,,,
92,91,,,-200.7615435213539,447,False,True,True,False,collision,7.62379264831543,,,ou_noise,0,29358,24359,12179,26.387268233085905,3.2117128008684235,,,
93,92,,,-81.66930013241395,137,False,True,True,False,collision,4.922232627868652,,,ou_noise,0,29495,24496,12248,28.20091488326553,3.1490169383477475,,,
94,93,,,167.98739940038234,133,True,False,True,False,success,0.47609639167785645,,,ou_noise,0,29628,24629,12314,34.83548284473276,3.2216406735506924,,,
95,94,,,-309.7112808851203,1000,False,False,False,True,cutoff,7.970510959625244,,,ou_noise,0,30628,25629,12814,27.408845755815506,3.3873650703430176,,,
96,95,,,-68.6509340298839,85,False,True,True,False,collision,4.889859199523926,,,ou_noise,0,30713,25714,12857,27.510802426057705,3.4722520196160604,,,
97,96,,,-84.92315891569014,112,False,True,True,False,collision,5.511707782745361,,,ou_noise,0,30825,25826,12913,26.855609752237797,3.426365260566984,,,
98,97,,,-114.79586508598447,152,False,True,True,False,collision,6.054800987243652,,,ou_noise,0,30977,25978,12989,28.034214226823103,3.479198101319765,,,
99,98,,,147.35536843163618,189,True,False,True,False,success,0.4623471796512604,,,ou_noise,0,31166,26167,13083,27.564975961175545,3.4625304556907492,,,
100,99,,,157.05817296829548,161,True,False,True,False,success,0.4743400812149048,,,ou_noise,0,31327,26328,13164,32.216117889984794,3.5614376686237477,,,
101,100,,,-63.09147430110377,144,False,True,True,False,collision,2.9964330196380615,,,ou_noise,0,31471,26472,13236,25.603761803772713,3.453142268790139,,,
102,101,,,-123.31828097871325,162,False,True,True,False,collision,6.304225921630859,,,ou_noise,0,31633,26634,13317,30.840949413217146,3.5855529632097407,,,
103,102,,,91.73934460907013,348,True,False,True,False,success,0.462334543466568,,,ou_noise,0,31981,26982,13491,30.322420172307684,3.682280567870743,,,
104,103,,,-91.61219094985908,76,False,True,True,False,collision,7.524890422821045,,,ou_noise,0,32057,27058,13529,31.779952422568673,3.5589223096245215,,,
105,104,,,144.28405333638878,206,True,False,True,False,success,0.4977757930755615,,,ou_noise,0,32263,27264,13632,29.309919239826574,3.554728933908407,,,
106,105,,,-70.19041301045144,65,False,True,True,False,collision,5.571833610534668,,,ou_noise,0,32328,27329,13664,37.25706033339867,3.643704004585743,,,
107,106,,,151.82224396120094,173,True,False,True,False,success,0.4901197850704193,,,ou_noise,0,32501,27502,13751,33.539088272634956,3.593058125726108,,,
108,107,,,-213.44183070651954,1000,False,False,False,True,cutoff,5.4826226234436035,,,ou_noise,0,33501,28502,14251,32.12329236626625,3.5424109115600584,,,
109,108,,,-85.63143290504144,28,False,True,True,False,collision,8.279253959655762,,,ou_noise,0,33529,28530,14265,36.76482295138495,3.4769090243748257,,,
110,109,,,-240.5362801299735,1000,False,False,False,True,cutoff,5.6194634437561035,,,ou_noise,0,34529,29530,14765,33.85413006877899,3.298523618221283,,,
111,110,,,-161.89308564888398,981,True,False,True,False,success,0.4072307050228119,,,ou_noise,0,35510,30511,15255,28.491245591312374,2.9040740781900833,,,
112,111,,,-108.364206418984,116,False,True,True,False,collision,7.1398725509643555,,,ou_noise,0,35626,30627,15313,32.49319447320083,2.737947936715751,,,
113,112,,,-282.95516333770934,1000,False,False,False,True,cutoff,6.701902866363525,,,ou_noise,0,36626,31627,15813,31.104168954610824,2.5387836220264437,,,
114,113,,,-243.06348688355786,1000,False,False,False,True,cutoff,9.17640495300293,,,ou_noise,0,37626,32627,16313,30.57856511092186,2.011203673005104,,,
115,114,,,-287.3411222287163,1000,False,False,False,True,cutoff,7.48814582824707,,,ou_noise,0,38626,33627,16813,29.33458681845665,1.3134309060424567,,,
116,115,,,-252.76522481705706,1000,False,False,False,True,cutoff,6.949185848236084,,,ou_noise,0,39626,34627,17313,29.271955905914307,1.146914991170168,,,
117,116,,,-255.21245914008884,1000,False,False,False,True,cutoff,8.161340713500977,,,ou_noise,0,40626,35627,17813,29.82454674577713,0.8244296045228839,,,
118,117,,,-335.06857206963184,1000,False,False,False,True,cutoff,10.277268409729004,,,ou_noise,0,41626,36627,18313,30.033677711248398,0.7110249287262559,,,
119,118,,,-236.29792772009938,1000,False,False,False,True,cutoff,7.165585041046143,,,ou_noise,0,42626,37627,18813,29.59572180390358,0.422610943980515,,,
120,119,,,171.68590809361208,119,True,False,True,False,success,0.48522961139678955,,,ou_noise,0,42745,37746,18873,30.257491229962902,0.4203037719552716,,,
121,120,,,89.03263885281137,314,True,False,True,False,success,0.4915091395378113,,,ou_noise,0,43059,38060,19030,27.33135694227401,0.24581408536263333,,,
122,121,,,-66.65829888543746,88,False,True,True,False,collision,4.885969638824463,,,ou_noise,0,43147,38148,19074,31.51785419745879,0.21771949893710288,,,
123,122,,,-80.2809674247572,125,False,True,True,False,collision,4.626333236694336,,,ou_noise,0,43272,38273,19136,31.89677303123474,0.053237049750262694,,,
124,123,,,-88.72276188009907,145,False,True,True,False,collision,4.800042629241943,,,ou_noise,0,43417,38418,19209,30.95797192968171,0.18185255727539323,,,
125,124,,,-83.33910644813226,164,False,True,True,False,collision,3.541165828704834,,,ou_noise,0,43581,38582,19291,30.051242008441832,0.19157867542490725,,,
126,125,,,-100.8918723575697,8,False,True,True,False,collision,10.077855110168457,,,ou_noise,0,43589,38590,19295,25.25968098640442,0.10238532721996307,,,
127,126,,,68.77709448001916,391,True,False,True,False,success,0.4215947687625885,,,ou_noise,0,43980,38981,19490,29.32558496102043,0.05369147415726613,,,
128,127,,,-340.86001670838647,1000,False,False,False,True,cutoff,7.08308219909668,,,ou_noise,0,44980,39981,19990,30.333080322027207,-0.19734300470352173,,,
129,128,,,-103.06048779374792,151,False,True,True,False,collision,5.187572002410889,,,ou_noise,0,45131,40132,20066,27.921562142719495,-0.27964132837951183,,,
130,129,,,-324.4915571825751,1000,False,False,False,True,cutoff,6.845405101776123,,,ou_noise,0,46131,41132,20566,31.524044850349426,-0.33433361365646125,,,
131,130,,,166.1834692695271,126,True,False,True,False,success,0.4563199281692505,,,ou_noise,0,46257,41258,20629,32.38837578561571,-0.41349254152367987,,,
132,131,,,-95.87848041741536,28,False,True,True,False,collision,9.233718872070312,,,ou_noise,0,46285,41286,20643,29.169618436268397,-0.3283558562397957,,,
133,132,,,-316.8666444727397,1000,False,False,False,True,cutoff,7.064449787139893,,,ou_noise,0,47285,42286,21143,31.0590523686409,-0.40703813592717053,,,
134,133,,,134.0082726508135,228,True,False,True,False,success,0.4419989287853241,,,ou_noise,0,47513,42514,21257,29.335319146775362,-0.5546775568407356,,,
135,134,,,162.9780037784875,141,True,False,True,False,success,0.45894762873649597,,,ou_noise,0,47654,42655,21327,30.82967634065777,-0.39562372182096756,,,
136,135,,,132.07262147421935,235,True,False,True,False,success,0.49572575092315674,,,ou_noise,0,47889,42890,21445,33.62307695226466,-0.6166999699011192,,,
137,136,,,-308.94750665977597,1000,False,False,False,True,cutoff,7.580751895904541,,,ou_noise,0,48889,43890,21945,31.08489407300949,-0.5953976823240519,,,
138,137,,,-87.43175373571303,177,False,True,True,False,collision,3.60734486579895,,,ou_noise,0,49066,44067,22033,32.138097076092734,-0.4619558092460714,,,
139,138,,,158.61496653491986,151,True,False,True,False,success,0.4957505762577057,,,ou_noise,0,49217,44218,22109,31.43855359222715,-0.5389432691429791,,,
140,139,,,-223.84753857462928,1000,False,False,False,True,cutoff,3.157230854034424,,,ou_noise,0,50217,45218,22609,31.978265079498293,-0.468910651948303,,,
141,140,,,-220.2420710235328,1000,False,False,False,True,cutoff,4.7841105461120605,,,ou_noise,0,51217,46218,23109,29.793205936431885,-0.40332975110411645,,,
142,141,,,-230.83716249419965,1000,False,False,False,True,cutoff,7.9198102951049805,,,ou_noise,0,52217,47218,23609,29.553642363786697,-0.5108105725720524,,,
143,142,,,-92.66110833897031,211,False,True,True,False,collision,2.5877010822296143,,,ou_noise,0,52428,47429,23714,32.38462624617662,-0.5520798903136026,,,
144,143,,,-71.79145273322882,151,False,True,True,False,collision,3.9133753776550293,,,ou_noise,0,52579,47580,23790,27.715557758381824,-0.6457599576464609,,,
145,144,,,-184.3840978367062,496,False,True,True,False,collision,6.1936354637146,,,ou_noise,0,53075,48076,24038,31.191653043993057,-0.5444026651281503,,,
146,145,,,162.70978618460265,140,True,False,True,False,success,0.4989849328994751,,,ou_noise,0,53215,48216,24108,30.267341933931622,-0.4470037841371128,,,
147,146,,,168.58480895284052,123,True,False,True,False,success,0.46668002009391785,,,ou_noise,0,53338,48339,24169,26.41062810944348,-0.5198204235219565,,,
148,147,,,155.2117183272591,160,True,False,True,False,success,0.48447829484939575,,,ou_noise,0,53498,48499,24249,28.449362963438034,-0.4532832633703947,,,
149,148,,,-88.76751877984611,156,False,True,True,False,collision,4.260817050933838,,,ou_noise,0,53654,48655,24327,29.723887574978363,-0.6373126454269274,,,
150,149,,,78.69928667547615,431,True,False,True,False,success,0.4949725270271301,,,ou_noise,0,54085,49086,24543,34.016056563627416,-0.6108620813185418,,,
151,150,,,82.17126507894658,418,True,False,True,False,success,0.4631045460700989,,,ou_noise,0,54503,49504,24752,32.80485173218558,-0.5798526250681524,,,
152,151,,,-238.67012420004542,1000,False,False,False,True,cutoff,4.620633125305176,,,ou_noise,0,55503,50504,25252,33.10914169859886,-0.6213218149319291,,,
153,152,,,124.4676191079593,242,True,False,True,False,success,0.4311663806438446,,,ou_noise,0,55745,50746,25373,31.30511020825914,-0.6258230659772049,,,
154,153,,,-280.2228788379321,1000,False,False,False,True,cutoff,10.251849174499512,,,ou_noise,0,56745,51746,25873,31.513651776075363,-0.5072128110677003,,,
155,154,,,139.03361961698158,208,True,False,True,False,success,0.4312353730201721,,,ou_noise,0,56953,51954,25977,27.531354044492428,-0.47510707657784224,,,
156,155,,,-256.2758327767524,733,False,True,True,False,collision,2.8293278217315674,,,ou_noise,0,57686,52687,26343,30.98078448938315,-0.4415215524015287,,,
157,156,,,67.33721524328574,400,True,False,True,False,success,0.4780260920524597,,,ou_noise,0,58086,53087,26543,34.347492167949675,-0.44800413453951476,,,
158,157,,,82.27170776840333,396,True,False,True,False,success,0.4218684434890747,,,ou_noise,0,58482,53483,26741,30.429944409264458,-0.48263987270419045,,,
159,158,,,165.5733546214061,132,True,False,True,False,success,0.4908725321292877,,,ou_noise,0,58614,53615,26807,28.426569364287637,-0.3523827042769302,,,
160,159,,,139.97220003215838,209,True,False,True,False,success,0.4625351130962372,,,ou_noise,0,58823,53824,26912,40.67315725162269,-0.34331414476037025,,,
161,160,,,-123.25754036846202,332,False,True,True,False,collision,4.549868106842041,,,ou_noise,0,59155,54156,27078,28.65996520275093,-0.559154811842614,,,
162,161,,,-87.17881680143472,158,False,True,True,False,collision,5.290942668914795,,,ou_noise,0,59313,54314,27157,24.739665773850454,-0.6372078907074807,,,
163,162,,,-246.26956073359506,1000,False,False,False,True,cutoff,8.364089965820312,,,ou_noise,0,60313,55314,27657,28.7411346244812,-0.5973605484738946,,,
164,163,,,167.95514214053404,139,True,False,True,False,success,0.465653657913208,,,ou_noise,0,60452,55453,27726,33.16928941225834,-0.6148400422239649,,,
165,164,,,-235.5650010560822,586,False,True,True,False,collision,3.121002674102783,,,ou_noise,0,61038,56039,28019,28.20872945549545,-0.5568299866424485,,,
166,165,,,-194.62837608398954,1000,False,False,False,True,cutoff,4.106478691101074,,,ou_noise,0,62038,57039,28519,29.189311039924622,-0.5870301688238978,,,
167,166,,,-197.70001691662364,1000,False,False,False,True,cutoff,3.9201340675354004,,,ou_noise,0,63038,58039,29019,28.266541688919066,-0.6027569806575775,,,
168,167,,,-196.4894042822184,1000,False,False,False,True,cutoff,7.925995349884033,,,ou_noise,0,64038,59039,29519,27.44143914413452,-0.5529105334579945,,,
169,168,,,-265.1566920843285,1000,False,False,False,True,cutoff,9.069215774536133,,,ou_noise,0,65038,60039,30019,29.597294607162475,-0.5484881267473102,,,
170,169,,,-217.76883312478722,1000,False,False,False,True,cutoff,6.767093181610107,,,ou_noise,0,66038,61039,30519,28.33655063486099,-0.587606720983982,,,
171,170,,,-79.11008231294412,794,True,False,True,False,success,0.46193549036979675,,,ou_noise,0,66832,61833,30916,28.17296540947345,-0.5896153604090965,,,
172,171,,,-259.23853727151743,1000,False,False,False,True,cutoff,9.154143333435059,,,ou_noise,0,67832,62833,31416,29.523141044139862,-0.4536725471802056,,,
173,172,,,-243.28033829850244,1000,False,False,False,True,cutoff,4.0126824378967285,,,ou_noise,0,68832,63833,31916,28.381218135118484,-0.08519161932915449,,,
174,173,,,-100.89963508581438,265,False,True,True,False,collision,2.5580739974975586,,,ou_noise,0,69097,64098,32049,26.677069965398537,0.10438496426196027,,,
175,174,,,-252.8798521332684,544,False,True,True,False,collision,9.885909080505371,,,ou_noise,0,69641,64642,32321,27.92244916453081,0.34154368637074883,,,
176,175,,,-56.21782786458073,834,True,False,True,False,success,0.46686840057373047,,,ou_noise,0,70475,65476,32738,29.107809799180615,0.571592440015728,,,
177,176,,,132.11166268926826,227,True,False,True,False,success,0.46263930201530457,,,ou_noise,0,70702,65703,32851,30.68281255419559,0.780703993959237,,,
178,177,,,-235.68776225903397,1000,False,False,False,True,cutoff,5.027249336242676,,,ou_noise,0,71702,66703,33351,27.514818240880967,0.9300673339515925,,,
179,178,,,122.12268790189775,228,True,False,True,False,success,0.4546651840209961,,,ou_noise,0,71930,66931,33465,23.750073775910494,1.2138025204471328,,,
180,179,,,-309.1454229603381,1000,False,False,False,True,cutoff,1.19272780418396,,,ou_noise,0,72930,67931,33965,25.983424391508102,1.5424037197977305,,,
181,180,,,-263.62270730957067,1000,False,False,False,True,cutoff,1.0028373003005981,,,ou_noise,0,73930,68931,34465,22.58770595526695,1.9433969122469426,,,
182,181,,,3.7784634716078784,630,True,False,True,False,success,0.4784066677093506,,,ou_noise,0,74560,69561,34780,23.03559518806518,2.2418440807433355,,,
183,182,,,51.44040266830013,392,True,False,True,False,success,0.4523240029811859,,,ou_noise,0,74952,69953,34976,22.91490282452836,2.4419868618858103,,,
184,183,,,-250.54925993554448,1000,False,False,False,True,cutoff,1.4092772006988525,,,ou_noise,0,75952,70953,35476,20.832606294631958,2.8330069375038147,,,
185,184,,,127.48378477271743,226,True,False,True,False,success,0.49883022904396057,,,ou_noise,0,76178,71179,35589,19.91149639872323,2.9031269476477024,,,
186,185,,,-355.78120780500905,1000,False,False,False,True,cutoff,3.4913461208343506,,,ou_noise,0,77178,72179,36089,18.681437453269957,3.3144032163619994,,,
187,186,,,156.23695585765913,165,True,False,True,False,success,0.4767041504383087,,,ou_noise,0,77343,72344,36172,18.63918145353144,3.5167478452245873,,,
188,187,,,-73.5259100712162,138,False,True,True,False,collision,3.2905023097991943,,,ou_noise,0,77481,72482,36241,17.84283104668493,3.6053851687389873,,,
189,188,,,65.54126495969925,423,True,False,True,False,success,0.47227659821510315,,,ou_noise,0,77904,72905,36452,20.574708053688067,3.6859731007526273,,,
190,189,,,-240.44129565952744,1000,False,False,False,True,cutoff,1.7581478357315063,,,ou_noise,0,78904,73905,36952,18.96281142568588,3.839390767097473,,,
191,190,,,168.86839488885806,122,True,False,True,False,success,0.4449000954627991,,,ou_noise,0,79026,74027,37013,18.39065170874361,3.9322723873326035,,,
192,191,,,-99.88639079036649,214,False,True,True,False,collision,3.9609012603759766,,,ou_noise,0,79240,74241,37120,19.55534704934771,3.928144040508805,,,
193,192,,,154.73752214446665,165,True,False,True,False,success,0.47475120425224304,,,ou_noise,0,79405,74406,37203,18.099011473222212,3.9340225357607186,,,
194,193,,,-207.80305037084315,1000,False,False,False,True,cutoff,6.033385753631592,,,ou_noise,0,80405,75406,37703,19.373932352304458,4.090755566120148,,,
195,194,,,163.81880252515322,139,True,False,True,False,success,0.4476844370365143,,,ou_noise,0,80544,75545,37772,16.356902201398672,4.112833987111631,,,
196,195,,,-298.67299257852267,601,False,True,True,False,collision,3.257753849029541,,,ou_noise,0,81145,76146,38073,20.270067380787726,4.187056425005891,,,
197,196,,,166.38662333042896,134,True,False,True,False,success,0.4448983669281006,,,ou_noise,0,81279,76280,38140,18.965861654993315,4.25523555812551,,,
198,197,,,-62.147588855236215,110,False,True,True,False,collision,3.455200672149658,,,ou_noise,0,81389,76390,38195,20.367580981688064,4.285715801065618,,,
199,198,,,165.49254404983685,142,True,False,True,False,success,0.47852471470832825,,,ou_noise,0,81531,76532,38266,17.136194452433518,4.2743078352699815,,,
200,199,,,162.59880852290334,143,True,False,True,False,success,0.482602596282959,,,ou_noise,0,81674,76675,38337,21.888714130108173,4.247461815954933,,,
201,200,,,-295.8613033623288,1000,False,False,False,True,cutoff,2.4190800189971924,,,ou_noise,0,82674,77675,38837,20.303322941780092,4.332086524009704,,,
202,201,,,-175.80640232690405,553,False,True,True,False,collision,4.127039432525635,,,ou_noise,0,83227,78228,39114,19.07162484208671,4.363439139045963,,,
203,202,,,-143.08348942073556,404,False,True,True,False,collision,3.2198002338409424,,,ou_noise,0,83631,78632,39316,19.629543874523428,4.409858858231271,,,
204,203,,,167.02892315961424,131,True,False,True,False,success,0.46507081389427185,,,ou_noise,0,83762,78763,39381,22.257279042979235,4.4150572850154,,,
205,204,,,-207.2942586903031,1000,False,False,False,True,cutoff,1.6644480228424072,,,ou_noise,0,84762,79763,39881,18.93178368616104,4.556710954666138,,,
206,205,,,163.76143220852532,148,True,False,True,False,success,0.4539125859737396,,,ou_noise,0,84910,79911,39955,18.33457578195108,4.636997406547134,,,
207,206,,,-225.52986903665555,746,False,True,True,False,collision,3.1516776084899902,,,ou_noise,0,85656,80657,40328,19.346082654459547,4.608438920719054,,,
208,207,,,-201.3727338699379,1000,False,False,False,True,cutoff,7.279586315155029,,,ou_noise,0,86656,81657,40828,19.48332588005066,4.677862014770508,,,
209,208,,,169.98175998858312,130,True,False,True,False,success,0.4915556013584137,,,ou_noise,0,86786,81787,40893,22.02014004633977,4.9627235742715685,,,
210,209,,,-202.07093268323504,1000,False,False,False,True,cutoff,7.063723087310791,,,ou_noise,0,87786,82787,41393,20.219979215621947,5.033216804504394,,,
211,210,,,-248.2693967443544,1000,False,False,False,True,cutoff,8.801804542541504,,,ou_noise,0,88786,83787,41893,18.190423473119736,5.260767336368561,,,
212,211,,,162.47609366625238,147,True,False,True,False,success,0.411116361618042,,,ou_noise,0,88933,83934,41967,19.98284414025391,5.5849809646606445,,,
213,212,,,136.56727998312712,235,True,False,True,False,success,0.45254889130592346,,,ou_noise,0,89168,84169,42084,18.86734777612889,5.357115582523183,,,
214,213,,,169.5048039601063,128,True,False,True,False,success,0.4252479076385498,,,ou_noise,0,89296,84297,42148,15.446275100111961,5.316143576055765,,,
215,214,,,151.20573326924534,161,True,False,True,False,success,0.48902708292007446,,,ou_noise,0,89457,84458,42229,18.66073507699907,5.348833766984351,,,
216,215,,,148.66427331839742,191,True,False,True,False,success,0.4979660212993622,,,ou_noise,0,89648,84649,42324,18.20577650794184,5.496010657360679,,,
217,216,,,137.9354511770294,250,True,False,True,False,success,0.43232521414756775,,,ou_noise,0,89898,84899,42449,18.684932079315185,5.327751844406128,,,
218,217,,,138.94093601043232,228,True,False,True,False,success,0.47061705589294434,,,ou_noise,0,90126,85127,42563,19.955422248756676,5.439099832584984,,,
219,218,,,170.0104105142984,123,True,False,True,False,success,0.42302677035331726,,,ou_noise,0,90249,85250,42625,19.89280099015895,5.418483918712985,,,
220,219,,,165.76063072593945,141,True,False,True,False,success,0.4600571393966675,,,ou_noise,0,90390,85391,42695,19.453829058518647,5.538843754359654,,,
221,220,,,171.13140345077682,126,True,False,True,False,success,0.4442029595375061,,,ou_noise,0,90516,85517,42758,19.743292263575963,5.348082319138542,,,
222,221,,,167.42530411773123,134,True,False,True,False,success,0.4139980673789978,,,ou_noise,0,90650,85651,42825,20.393045372037744,5.231455372340643,,,
223,222,,,-194.30229830333124,1000,False,False,False,True,cutoff,7.472642421722412,,,ou_noise,0,91650,86651,43325,17.876247768878937,5.407079170227051,,,
224,223,,,173.38336791982653,118,True,False,True,False,success,0.41218847036361694,,,ou_noise,0,91768,86769,43384,19.4092570078575,5.220919552495924,,,
225,224,,,172.79584829234767,116,True,False,True,False,success,0.43482911586761475,,,ou_noise,0,91884,86885,43442,13.565824457283679,5.429285065881137,,,
226,225,,,-125.04093892920268,297,False,True,True,False,collision,4.534015655517578,,,ou_noise,0,92181,87182,43591,18.88321926457312,5.381612659300734,,,
227,226,,,-180.0515327283848,1000,False,False,False,True,cutoff,4.321215629577637,,,ou_noise,0,93181,88182,44091,18.733296661376954,5.391630422115326,,,
228,227,,,-170.71560793470903,1000,False,False,False,True,cutoff,4.3823137283325195,,,ou_noise,0,94181,89182,44591,18.791839246749877,5.301834659576416,,,
229,228,,,-194.5292190310614,1000,False,False,False,True,cutoff,4.010082721710205,,,ou_noise,0,95181,90182,45091,19.34034887266159,5.239879561424256,,,
230,229,,,-209.1002291331289,1000,False,False,False,True,cutoff,7.980167388916016,,,ou_noise,0,96181,91182,45591,17.72892485809326,5.32093067073822,,,
231,230,,,-198.39349199987822,1000,False,False,False,True,cutoff,6.6811723709106445,,,ou_noise,0,97181,92182,46091,19.06685752773285,5.289403343677521,,,
232,231,,,168.44171522461534,129,True,False,True,False,success,0.46925094723701477,,,ou_noise,0,97310,92311,46155,17.387583089429278,5.309124331921339,,,
233,232,,,165.66127021681496,140,True,False,True,False,success,0.48350799083709717,,,ou_noise,0,97450,92451,46225,16.7317508152553,5.109865028517587,,,
234,233,,,-299.2450449979101,1000,False,False,False,True,cutoff,7.241837978363037,,,ou_noise,0,98450,93451,46725,17.74221264886856,5.274136256694794,,,
235,234,,,172.75929832578376,120,True,False,True,False,success,0.48419010639190674,,,ou_noise,0,98570,93571,46785,18.212519160906474,5.12307641506195,,,
236,235,,,-226.15614607728355,1000,False,False,False,True,cutoff,3.4984989166259766,,,ou_noise,0,99570,94571,47285,17.304471375465393,5.105295273780823,,,
237,236,,,170.1851109609301,128,True,False,True,False,success,0.45417746901512146,,,ou_noise,0,99698,94699,47349,16.80412269756198,5.060896288603544,,,
238,237,,,-180.96819650362656,1000,False,False,False,True,cutoff,5.106657981872559,,,ou_noise,0,100698,95699,47849,17.99078952884674,4.820860578060151,,,
239,238,,,166.2195345396023,138,True,False,True,False,success,0.4679836630821228,,,ou_noise,0,100836,95837,47918,17.519807065742604,4.700048460476641,,,
240,239,,,-243.96985744897148,1000,False,False,False,True,cutoff,7.313225746154785,,,ou_noise,0,101836,96837,48418,17.01830593442917,4.562031525373459,,,
241,240,,,-222.00342281557965,1000,False,False,False,True,cutoff,6.674724578857422,,,ou_noise,0,102836,97837,48918,17.27543819665909,4.2377644953727724,,,
242,241,,,-248.1309883696909,1000,False,False,False,True,cutoff,7.072462558746338,,,ou_noise,0,103836,98837,49418,17.49807939720154,4.042163419485092,,,
243,242,,,-234.39932156833186,1000,False,False,False,True,cutoff,7.567403316497803,,,ou_noise,0,104836,99837,49918,16.45174350166321,3.781388745546341,,,
244,243,,,165.7821404473754,137,True,False,True,False,success,0.49801141023635864,,,ou_noise,0,104973,99974,49987,15.937271006786041,3.6897535669630854,,,
245,244,,,-91.39350490965879,66,False,True,True,False,collision,7.78260612487793,,,ou_noise,0,105039,100040,50020,16.08102466843345,3.777638048836679,,,
246,245,,,-216.59631087507,1000,False,False,False,True,cutoff,5.704890727996826,,,ou_noise,0,106039,101040,50520,18.244259147167206,3.545576346039772,,,
247,246,,,-254.05159527711925,1000,False,False,False,True,cutoff,7.734157562255859,,,ou_noise,0,107039,102040,51020,19.013606721401214,3.483247103691101,,,
248,247,,,170.6503742421146,129,True,False,True,False,success,0.4702082574367523,,,ou_noise,0,107168,102169,51084,17.091517540835596,3.2956783352419734,,,
249,248,,,-262.6524499676908,1000,False,False,False,True,cutoff,3.5345160961151123,,,ou_noise,0,108168,103169,51584,17.009985981941224,3.1724843474924564,,,
250,249,,,170.5420893853186,127,True,False,True,False,success,0.4918026328086853,,,ou_noise,0,108295,103296,51648,16.707561782025916,3.0678991051390767,,,
251,250,,,-223.5773356295961,1000,False,False,False,True,cutoff,7.448187351226807,,,ou_noise,0,109295,104296,52148,16.74162624168396,2.883633991867304,,,
252,251,,,-175.0138279757507,1000,False,False,False,True,cutoff,4.9333815574646,,,ou_noise,0,110295,105296,52648,17.542814204692842,2.7348433592915535,,,
253,252,,,173.34383831557983,112,True,False,True,False,success,0.48659849166870117,,,ou_noise,0,110407,105408,52704,16.213524499109813,2.2713052412228927,,,
254,253,,,-212.14812077593626,1000,False,False,False,True,cutoff,7.73555326461792,,,ou_noise,0,111407,106408,53204,18.63279339694977,2.299862432360649,,,
255,254,,,167.45027413416528,133,True,False,True,False,success,0.4797428846359253,,,ou_noise,0,111540,106541,53270,19.86596823455696,2.2209575862595528,,,
256,255,,,167.8632388344053,132,True,False,True,False,success,0.4595329463481903,,,ou_noise,0,111672,106673,53336,14.854137301445007,2.10388535690127,,,
257,256,,,170.73776886490512,126,True,False,True,False,success,0.4365769624710083,,,ou_noise,0,111798,106799,53399,18.826108807609195,1.973806894606068,,,
258,257,,,-157.78570377964456,1000,False,False,False,True,cutoff,3.845273971557617,,,ou_noise,0,112798,107799,53899,16.78802485561371,1.782712035253644,,,
259,258,,,-224.16751541151476,1000,False,False,False,True,cutoff,7.538048267364502,,,ou_noise,0,113798,108799,54399,18.890849465370177,1.4052478872835636,,,
260,259,,,163.56899369787172,140,True,False,True,False,success,0.4727088212966919,,,ou_noise,0,113938,108939,54469,14.234397908619473,1.4891055177365031,,,
261,260,,,173.94373696076022,115,True,False,True,False,success,0.48245298862457275,,,ou_noise,0,114053,109054,54527,20.233674294015636,1.4237973363748913,,,
262,261,,,-227.2135406149231,1000,False,False,False,True,cutoff,7.113006114959717,,,ou_noise,0,115053,110054,55027,18.193543124198914,1.1805140398144722,,,
263,262,,,171.88811810168693,121,True,False,True,False,success,0.4387655556201935,,,ou_noise,0,115174,110175,55087,21.77660890847198,1.0630359657108783,,,
264,263,,,-228.11045976842124,1000,False,False,False,True,cutoff,7.728205680847168,,,ou_noise,0,116174,111175,55587,18.217146619319916,1.133300333917141,,,
265,264,,,-9.768441803139567,641,True,False,True,False,success,0.440218985080719,,,ou_noise,0,116815,111816,55908,21.563803675022214,1.065099952098365,,,
266,265,,,-298.8136661854145,1000,False,False,False,True,cutoff,8.786978721618652,,,ou_noise,0,117815,112816,56408,19.360972963809967,0.78751024594903,,,
267,266,,,39.709104674244344,515,True,False,True,False,success,0.47821322083473206,,,ou_noise,0,118330,113331,56665,20.152344714785084,0.6251346471244723,,,
268,267,,,-194.11791701517,1000,False,False,False,True,cutoff,4.807048797607422,,,ou_noise,0,119330,114331,57165,18.659980949878694,0.4050699297040701,,,
269,268,,,165.1925998650178,140,True,False,True,False,success,0.45412877202033997,,,ou_noise,0,119470,114471,57235,19.67618066583361,0.07707596038069044,,,
270,269,,,-73.98730485913997,116,False,True,True,False,collision,4.25107479095459,,,ou_noise,0,119586,114587,57293,21.62595970466219,0.5859598807733635,,,
271,270,,,154.73005496093336,166,True,False,True,False,success,0.47924280166625977,,,ou_noise,0,119752,114753,57376,18.739019382430847,0.041335373039705206,,,
272,271,,,-370.95594815581967,1000,False,False,False,True,cutoff,5.826326847076416,,,ou_noise,0,120752,115753,57876,19.882175944805144,-0.1886827644854784,,,
273,272,,,166.73517659204694,129,True,False,True,False,success,0.452253133058548,,,ou_noise,0,120881,115882,57941,17.279752539109815,-0.29659164353058887,,,
274,273,,,-317.44720280430107,1000,False,False,False,True,cutoff,8.66643238067627,,,ou_noise,0,121881,116882,58441,21.310098791122435,-0.8410415981113911,,,
275,274,,,171.03956344482856,123,True,False,True,False,success,0.47039368748664856,,,ou_noise,0,122004,117005,58502,24.297748402851383,-1.503585349340908,,,
276,275,,,172.59232597288332,114,True,False,True,False,success,0.4126814305782318,,,ou_noise,0,122118,117119,58559,21.377919962531642,-1.3661366029266726,,,
277,276,,,164.47708494584754,145,True,False,True,False,success,0.4984799325466156,,,ou_noise,0,122263,117264,58632,20.5689153605494,-1.25944457397069,,,
278,277,,,-220.1072804814655,1000,False,False,False,True,cutoff,4.284005165100098,,,ou_noise,0,123263,118264,59132,22.280042820930483,-1.6193718362152576,,,
279,278,,,165.74606960483464,132,True,False,True,False,success,0.466501921415329,,,ou_noise,0,123395,118396,59198,20.255595662377097,-1.5720192510070223,,,
280,279,,,163.02577456951644,137,True,False,True,False,success,0.4896247684955597,,,ou_noise,0,123532,118533,59266,24.829199199258845,-1.8394581465160145,,,
281,280,,,170.06416764942242,121,True,False,True,False,success,0.48300862312316895,,,ou_noise,0,123653,118654,59327,22.964926073373842,-1.927052270926413,,,
282,281,,,158.803403980099,162,True,False,True,False,success,0.41134363412857056,,,ou_noise,0,123815,118816,59408,22.993967862776767,-1.980509978937514,,,
283,282,,,158.45837112786592,151,True,False,True,False,success,0.4425584673881531,,,ou_noise,0,123966,118967,59483,20.233571096761338,-2.056449940999349,,,
284,283,,,-241.99295847015,1000,False,False,False,True,cutoff,3.962254285812378,,,ou_noise,0,124966,119967,59983,21.632558520317076,-2.4358977582752703,,,
285,284,,,120.51165689622792,296,True,False,True,False,success,0.4679974615573883,,,ou_noise,0,125262,120263,60131,18.435534763980556,-2.6352251319063678,,,
286,285,,,-297.21307118578414,1000,False,False,False,True,cutoff,6.775638580322266,,,ou_noise,0,126262,121263,60631,20.007537090301515,-2.881418979242444,,,
287,286,,,164.41146953467,147,True,False,True,False,success,0.4328392446041107,,,ou_noise,0,126409,121410,60705,23.000716961970944,-2.9837690704577677,,,
288,287,,,-58.99486977197319,108,False,True,True,False,collision,3.2440345287323,,,ou_noise,0,126517,121518,60759,25.415323813756306,-3.2310154250374548,,,
289,288,,,-305.8952712447626,1000,False,False,False,True,cutoff,5.947306156158447,,,ou_noise,0,127517,122518,61259,21.243716992855074,-3.3455840467214584,,,
290,289,,,-53.246122419282464,107,False,True,True,False,collision,3.0005862712860107,,,ou_noise,0,127624,122625,61312,21.796404932146874,-4.087036559041941,,,
291,290,,,-120.42014266734022,267,False,True,True,False,collision,2.2738327980041504,,,ou_noise,0,127891,122892,61446,21.34198586681809,-3.8598812444886166,,,
292,291,,,146.69969790793144,181,True,False,True,False,success,0.44648563861846924,,,ou_noise,0,128072,123073,61536,22.801244266783993,-3.725865852998363,,,
293,292,,,168.0722995171262,129,True,False,True,False,success,0.4354066252708435,,,ou_noise,0,128201,123202,61601,27.549031723377315,-3.792041055055765,,,
294,293,,,167.41218427967618,131,True,False,True,False,success,0.45304369926452637,,,ou_noise,0,128332,123333,61666,21.840204056892688,-4.068334933427664,,,
295,294,,,-257.9757288645192,1000,False,False,False,True,cutoff,4.91059684753418,,,ou_noise,0,129332,124333,62166,23.128704441070557,-4.2445745675563815,,,
296,295,,,102.16974088402479,305,True,False,True,False,success,0.48623794317245483,,,ou_noise,0,129637,124638,62319,23.617273311927672,-4.1900067313823826,,,
297,296,,,167.4506076231184,127,True,False,True,False,success,0.40525853633880615,,,ou_noise,0,129764,124765,62382,20.0429551132082,-4.41009601524898,,,
298,297,,,48.18352603813257,485,True,False,True,False,success,0.41649556159973145,,,ou_noise,0,130249,125250,62625,21.66452076115559,-4.449122619727021,,,
299,298,,,167.60239815685267,125,True,False,True,False,success,0.47518500685691833,,,ou_noise,0,130374,125375,62687,21.671254566192626,-4.531456632960227,,,
300,299,,,169.53805090263793,120,True,False,True,False,success,0.4677172005176544,,,ou_noise,0,130494,125495,62747,23.301064936319985,-4.173342603445053,,,
301,300,,,164.39738452703284,143,True,False,True,False,success,0.4155060648918152,,,ou_noise,0,130637,125638,62819,19.53108660157744,-4.597629128230943,,,
302,301,,,164.21962572549498,135,True,False,True,False,success,0.433781236410141,,,ou_noise,0,130772,125773,62886,26.706278991699218,-4.184580903444717,,,
303,302,,,-283.3633468930018,633,False,True,True,False,collision,5.4906907081604,,,ou_noise,0,131405,126406,63203,24.159630172813863,-4.469267194955507,,,
304,303,,,68.05979981012646,414,True,False,True,False,success,0.46124717593193054,,,ou_noise,0,131819,126820,63410,24.141798632156444,-4.315737885409507,,,
305,304,,,166.63692673048502,132,True,False,True,False,success,0.47430139780044556,,,ou_noise,0,131951,126952,63476,21.097662781224106,-4.508197994846286,,,
306,305,,,161.30720850522772,151,True,False,True,False,success,0.448466420173645,,,ou_noise,0,132102,127103,63551,23.239812509903054,-4.235846927165985,,,
307,306,,,-231.05246667295742,1000,False,False,False,True,cutoff,7.972946643829346,,,ou_noise,0,133102,128103,64051,24.555918175697325,-4.138472950577736,,,
308,307,,,-294.9371526670914,1000,False,False,False,True,cutoff,5.6526055335998535,,,ou_noise,0,134102,129103,64551,23.45856719493866,-3.7212115378975867,,,
309,308,,,162.34091483942427,143,True,False,True,False,success,0.43586117029190063,,,ou_noise,0,134245,129246,64623,24.878632698859366,-3.3912837041748896,,,
310,309,,,-260.2735516518599,1000,False,False,False,True,cutoff,6.543933391571045,,,ou_noise,0,135245,130246,65123,24.08612975025177,-3.520044648826122,,,
311,310,,,167.53698760595,133,True,False,True,False,success,0.4362054169178009,,,ou_noise,0,135378,130379,65189,25.740262390079355,-3.4243257946588774,,,
312,311,,,-237.16739735459103,1000,False,False,False,True,cutoff,6.641122817993164,,,ou_noise,0,136378,131379,65689,22.847222165107727,-3.402961791604757,,,
313,312,,,-216.52717960128734,1000,False,False,False,True,cutoff,4.289087772369385,,,ou_noise,0,137378,132379,66189,24.774927124500273,-3.2665005384087564,,,
314,313,,,-166.58659489312754,317,False,True,True,False,collision,4.273841857910156,,,ou_noise,0,137695,132696,66348,26.024099000996973,-3.2673352282939465,,,
315,314,,,164.64711286389968,132,True,False,True,False,success,0.4109467566013336,,,ou_noise,0,137827,132828,66414,21.515862089214902,-3.1745225992618185,,,
316,315,,,-68.78295138876705,135,False,True,True,False,collision,2.61122727394104,,,ou_noise,0,137962,132963,66481,20.666234758165146,-3.0958219161674156,,,
317,316,,,172.43430879534688,120,True,False,True,False,success,0.4709048271179199,,,ou_noise,0,138082,133083,66541,22.950989973545074,-3.922859998544057,,,
318,317,,,173.82704294191058,111,True,False,True,False,success,0.48218926787376404,,,ou_noise,0,138193,133194,66597,22.8414164362727,-3.28396009813462,,,
319,318,,,170.0052634650879,123,True,False,True,False,success,0.41157278418540955,,,ou_noise,0,138316,133317,66658,23.909300129588058,-3.526634915930326,,,
320,319,,,-221.87025397326002,1000,False,False,False,True,cutoff,6.978002548217773,,,ou_noise,0,139316,134317,67158,26.322516836166383,-3.326027257680893,,,
321,320,,,173.1677406442222,117,True,False,True,False,success,0.46570277214050293,,,ou_noise,0,139433,134434,67217,20.84231398655818,-3.791007171242924,,,
322,321,,,170.37585129274675,120,True,False,True,False,success,0.4630511999130249,,,ou_noise,0,139553,134554,67277,22.116246128082274,-3.0965383966763813,,,
323,322,,,-220.28047200842025,1000,False,False,False,True,cutoff,7.267991065979004,,,ou_noise,0,140553,135554,67777,25.67697047138214,-3.410136025875807,,,
324,323,,,-216.5652703356641,1000,False,False,False,True,cutoff,6.58441686630249,,,ou_noise,0,141553,136554,68277,24.02039949464798,-3.173704857945442,,,
325,324,,,-251.63704310710924,1000,False,False,False,True,cutoff,6.710102558135986,,,ou_noise,0,142553,137554,68777,25.700136900901793,-2.9506829667091368,,,
326,325,,,97.08485807210312,305,True,False,True,False,success,0.4315342307090759,,,ou_noise,0,142858,137859,68929,29.573620202111417,-3.1247346318866076,,,
327,326,,,-238.80220809875274,1000,False,False,False,True,cutoff,6.543400764465332,,,ou_noise,0,143858,138859,69429,28.434337119102477,-2.935910158813,,,
328,327,,,-142.44754711642798,744,True,False,True,False,success,0.4828769862651825,,,ou_noise,0,144602,139603,69801,30.15881249981542,-2.9526859347418113,,,
329,328,,,-48.770174805395165,91,False,True,True,False,collision,3.2419614791870117,,,ou_noise,0,144693,139694,69847,25.298444423046742,-2.487592022056165,,,
330,329,,,-260.7238271556782,1000,False,False,False,True,cutoff,7.0146708488464355,,,ou_noise,0,145693,140694,70347,24.51829051399231,-3.0851631831824777,,,
331,330,,,171.72604206110128,129,True,False,True,False,success,0.4380609691143036,,,ou_noise,0,145822,140823,70411,32.37987039994824,-3.151323084719479,,,
332,331,,,-282.503507433527,1000,False,False,False,True,cutoff,7.0260233879089355,,,ou_noise,0,146822,141823,70911,26.398676949501038,-3.1618628560602664,,,
333,332,,,-322.3412657417819,1000,False,False,False,True,cutoff,6.893012523651123,,,ou_noise,0,147822,142823,71411,26.137473708152772,-3.0713550211191176,,,
334,333,,,-73.27649341471381,178,False,True,True,False,collision,3.2195069789886475,,,ou_noise,0,148000,143001,71500,26.23620373479436,-3.1175875014133667,,,
335,334,,,-281.5132987861943,1000,False,False,False,True,cutoff,7.068052291870117,,,ou_noise,0,149000,144001,72000,26.4745707654953,-3.337151808410883,,,
336,335,,,-312.02433448861086,1000,False,False,False,True,cutoff,7.226365566253662,,,ou_noise,0,150000,145001,72500,29.027166781425475,-3.4228000432252883,,,
337,336,,,169.49467595433015,127,True,False,True,False,success,0.46675044298171997,,,ou_noise,0,150127,145128,72564,31.000090696680264,-3.49419502960518,,,
338,337,,,-302.9375309122887,1000,False,False,False,True,cutoff,6.5779643058776855,,,ou_noise,0,151127,146128,73064,28.241231514930725,-3.364889564394951,,,
339,338,,,-206.35125564019302,530,False,True,True,False,collision,3.2439911365509033,,,ou_noise,0,151657,146658,73329,27.357346254024865,-3.4395321037971747,,,
340,339,,,-331.34096169985327,1000,False,False,False,True,cutoff,6.688137531280518,,,ou_noise,0,152657,147658,73829,29.498864481925963,-3.6100692358613014,,,
341,340,,,174.30998523967216,115,True,False,True,False,success,0.4138072729110718,,,ou_noise,0,152772,147773,73886,24.453443610149883,-3.7537161179801872,,,
342,341,,,169.8926741804682,125,True,False,True,False,success,0.46625080704689026,,,ou_noise,0,152897,147898,73949,27.06739294433594,-3.969031995724118,,,
343,342,,,165.22047439882573,142,True,False,True,False,success,0.4533279240131378,,,ou_noise,0,153039,148040,74020,39.890324021728944,-3.2416802678309695,,,
344,343,,,-354.64866838378464,947,False,True,True,False,collision,4.571703910827637,,,ou_noise,0,153986,148987,74493,28.84204695217209,-3.882774400928434,,,
345,344,,,170.40820334004292,122,True,False,True,False,success,0.4278106689453125,,,ou_noise,0,154108,149109,74554,31.516663598232583,-3.9289432964364037,,,
346,345,,,170.0643459133222,126,True,False,True,False,success,0.4093569815158844,,,ou_noise,0,154234,149235,74617,30.034845420292445,-3.8207315537664623,,,
347,346,,,-331.12157718008336,1000,False,False,False,True,cutoff,7.1011962890625,,,ou_noise,0,155234,150235,75117,27.81328692340851,-4.20516436201334,,,
348,347,,,-305.468545473793,1000,False,False,False,True,cutoff,6.6586995124816895,,,ou_noise,0,156234,151235,75617,27.49000142765045,-4.3954296889901165,,,
349,348,,,-249.31034848099284,1000,False,False,False,True,cutoff,7.333174705505371,,,ou_noise,0,157234,152235,76117,29.014052059173583,-3.9784968771636486,,,
350,349,,,-261.5308758942648,1000,False,False,False,True,cutoff,6.920262336730957,,,ou_noise,0,158234,153235,76617,28.066279794692992,-3.807287580907345,,,
351,350,,,-52.432112107464334,93,False,True,True,False,collision,3.303130626678467,,,ou_noise,0,158327,153328,76664,22.751945167459468,-3.943339948958539,,,
352,351,,,65.2452796135309,388,True,False,True,False,success,0.46966513991355896,,,ou_noise,0,158715,153716,76858,30.621501939812887,-3.48339150523402,,,
353,352,,,-253.1411031858569,1000,False,False,False,True,cutoff,6.7757158279418945,,,ou_noise,0,159715,154716,77358,29.77293856906891,-3.2765917185544966,,,
354,353,,,-69.46091875003162,133,False,True,True,False,collision,2.759547233581543,,,ou_noise,0,159848,154849,77424,27.66773375174157,-3.0091610331878518,,,
355,354,,,66.75927660497408,393,True,False,True,False,success,0.4174858629703522,,,ou_noise,0,160241,155242,77621,25.040521109680487,-3.3220735725563797,,,
356,355,,,-273.1411369692214,1000,False,False,False,True,cutoff,7.248962879180908,,,ou_noise,0,161241,156242,78121,26.668395621299744,-2.6659914299845697,,,
357,356,,,-261.1842032989781,1000,False,False,False,True,cutoff,7.098754405975342,,,ou_noise,0,162241,157242,78621,29.891669911384582,-2.6504005589485167,,,
358,357,,,-312.4659626731669,1000,False,False,False,True,cutoff,7.454824447631836,,,ou_noise,0,163241,158242,79121,30.04225328063965,-2.1467352651953697,,,
359,358,,,167.904379688077,128,True,False,True,False,success,0.48342782258987427,,,ou_noise,0,163369,158370,79185,33.419892154634,-1.9126818180084229,,,
360,359,,,151.46467913242964,161,True,False,True,False,success,0.47972625494003296,,,ou_noise,0,163530,158531,79265,25.306361802616475,-2.1916484236717224,,,
361,360,,,165.17259487409817,132,True,False,True,False,success,0.4746025800704956,,,ou_noise,0,163662,158663,79331,29.163609179583464,-1.7124529873782939,,,
362,361,,,-283.84420189681595,1000,False,False,False,True,cutoff,7.215236186981201,,,ou_noise,0,164662,159663,79831,29.08679518032074,-1.7370325581133366,,,
363,362,,,-254.65999432365953,1000,False,False,False,True,cutoff,8.128571510314941,,,ou_noise,0,165662,160663,80331,31.814350935935973,-1.1775396502614022,,,
364,363,,,173.40259463946768,112,True,False,True,False,success,0.44863563776016235,,,ou_noise,0,165774,160775,80387,34.42016349520002,-1.3434588031045027,,,
365,364,,,-252.7766428059672,1000,False,False,False,True,cutoff,8.198540687561035,,,ou_noise,0,166774,161775,80887,29.674025608062745,-0.9465843096375466,,,
366,365,,,-328.168825603559,1000,False,False,False,True,cutoff,5.388743877410889,,,ou_noise,0,167774,162775,81387,27.405535608291625,-0.8669172503054142,,,
367,366,,,-220.33061039111257,1000,False,False,False,True,cutoff,7.56612491607666,,,ou_noise,0,168774,163775,81887,30.1702555475235,-0.7958900781869889,,,
368,367,,,-243.36757011747315,1000,False,False,False,True,cutoff,7.348616123199463,,,ou_noise,0,169774,164775,82387,27.464777730941773,-0.2214809256196022,,,
369,368,,,-214.425359614789,1000,False,False,False,True,cutoff,7.1887383460998535,,,ou_noise,0,170774,165775,82887,29.033368168830872,-0.48947062861919405,,,
370,369,,,-319.3661880286039,1000,False,False,False,True,cutoff,5.107625484466553,,,ou_noise,0,171774,166775,83387,29.290127367019654,-0.07318585884571076,,,
371,370,,,-43.92668176668224,95,False,True,True,False,collision,2.5508675575256348,,,ou_noise,0,171869,166870,83435,29.471584862156917,-0.049412988126277924,,,
372,371,,,-213.89917358024044,1000,False,False,False,True,cutoff,7.189812660217285,,,ou_noise,0,172869,167870,83935,26.678194805145264,0.06765166169404983,,,
373,372,,,138.999764031694,197,True,False,True,False,success,0.4768546223640442,,,ou_noise,0,173066,168067,84033,29.459287725729386,0.07244529803188479,,,
374,373,,,172.5012327324842,120,True,False,True,False,success,0.46734747290611267,,,ou_noise,0,173186,168187,84093,32.156510901451114,0.6647293912867706,,,
375,374,,,-235.18486265302857,1000,False,False,False,True,cutoff,7.142187595367432,,,ou_noise,0,174186,169187,84593,28.80960807800293,0.4165176210999489,,,
376,375,,,171.49951489455145,119,True,False,True,False,success,0.49972766637802124,,,ou_noise,0,174305,169306,84653,26.119145032738437,0.5516682585080465,,,
377,376,,,107.41054318491226,287,True,False,True,False,success,0.4589797258377075,,,ou_noise,0,174592,169593,84796,27.51360006033336,0.8675256788313805,,,
378,377,,,-211.7843047805379,1000,False,False,False,True,cutoff,7.380649566650391,,,ou_noise,0,175592,170593,85296,30.16104576587677,0.9183413037061692,,,
379,378,,,163.48989586690678,138,True,False,True,False,success,0.4664894640445709,,,ou_noise,0,175730,170731,85365,24.519172675367713,0.92120235208152,,,
380,379,,,166.6994641516874,139,True,False,True,False,success,0.40846821665763855,,,ou_noise,0,175869,170870,85435,29.772808068090207,1.1573583722114562,,,
381,380,,,-202.8711235216645,1000,False,False,False,True,cutoff,7.252638816833496,,,ou_noise,0,176869,171870,85935,28.158340204238893,1.3393432638645173,,,
382,381,,,168.67776989567858,128,True,False,True,False,success,0.4806227385997772,,,ou_noise,0,176997,171998,85999,26.25836142152548,1.2318206033669412,,,
383,382,,,-200.2444983384712,1000,False,False,False,True,cutoff,7.374404430389404,,,ou_noise,0,177997,172998,86499,27.42237940120697,1.5527094450592995,,,
384,383,,,-211.05576463460255,1000,False,False,False,True,cutoff,7.693610668182373,,,ou_noise,0,178997,173998,86999,31.024024766921997,1.789302385777235,,,
385,384,,,171.44104286350978,118,True,False,True,False,success,0.41297829151153564,,,ou_noise,0,179115,174116,87058,29.025879601300772,1.7381477153907388,,,
386,385,,,-238.51314864465607,1000,False,False,False,True,cutoff,7.0437140464782715,,,ou_noise,0,180115,175116,87558,25.68946337890625,2.3472360101342202,,,
387,386,,,-223.99276414809142,1000,False,False,False,True,cutoff,6.627577781677246,,,ou_noise,0,181115,176116,88058,27.209369317054747,2.621704546868801,,,
388,387,,,-261.5879748906952,1000,False,False,False,True,cutoff,8.598912239074707,,,ou_noise,0,182115,177116,88558,26.68551441192627,2.620432521313429,,,
389,388,,,-236.90261445722763,1000,False,False,False,True,cutoff,7.5420684814453125,,,ou_noise,0,183115,178116,89058,28.29755378818512,2.9534063301980495,,,
390,389,,,-210.12922914940594,1000,False,False,False,True,cutoff,7.679184436798096,,,ou_noise,0,184115,179116,89558,27.37949769115448,3.371460424751043,,,
391,390,,,165.32373083747913,140,True,False,True,False,success,0.4355892539024353,,,ou_noise,0,184255,179256,89628,24.326805196489605,4.051049957956587,,,
392,391,,,-242.39650479468253,1000,False,False,False,True,cutoff,7.828597545623779,,,ou_noise,0,185255,180256,90128,26.7199329662323,3.451530343413353,,,
393,392,,,-219.3591374354878,1000,False,False,False,True,cutoff,6.793619632720947,,,ou_noise,0,186255,181256,90628,26.12077693748474,3.462998168826103,,,
394,393,,,-249.21978530171515,1000,False,False,False,True,cutoff,7.835536956787109,,,ou_noise,0,187255,182256,91128,25.127549590110778,3.850193558588624,,,
395,394,,,153.12748029133388,166,True,False,True,False,success,0.41031622886657715,,,ou_noise,0,187421,182422,91211,24.912696309836512,3.999063242451254,,,
396,395,,,-241.03850852719808,1000,False,False,False,True,cutoff,7.554035186767578,,,ou_noise,0,188421,183422,91711,24.704927101135254,4.002374712109566,,,
397,396,,,-215.21088999395636,1000,False,False,False,True,cutoff,7.217911243438721,,,ou_noise,0,189421,184422,92211,26.58214821434021,3.981280340194702,,,
398,397,,,-220.81994212842105,1000,False,False,False,True,cutoff,4.206422805786133,,,ou_noise,0,190421,185422,92711,24.625719427108766,4.150325401484967,,,
399,398,,,-78.20238282576518,111,False,True,True,False,collision,4.903400897979736,,,ou_noise,0,190532,185533,92766,24.606042879121798,4.46373948617415,,,
400,399,,,170.38365196308655,127,True,False,True,False,success,0.42293545603752136,,,ou_noise,0,190659,185660,92830,21.617754403061753,4.011495789047331,,,
401,400,,,-241.20767999178997,1000,False,False,False,True,cutoff,8.204472541809082,,,ou_noise,0,191659,186660,93330,24.516383460998536,4.248582203596831,,,
402,401,,,-220.1257956980744,1000,False,False,False,True,cutoff,3.6227591037750244,,,ou_noise,0,192659,187660,93830,23.822177835464476,4.245944250404834,,,
403,402,,,-235.07599419200702,1000,False,False,False,True,cutoff,8.63818073272705,,,ou_noise,0,193659,188660,94330,26.345617674827576,4.143384487241507,,,
404,403,,,-264.9138800975835,1000,False,False,False,True,cutoff,8.759522438049316,,,ou_noise,0,194659,189660,94830,24.37411093425751,4.219987792730332,,,
405,404,,,-229.72722191358596,1000,False,False,False,True,cutoff,7.991044044494629,,,ou_noise,0,195659,190660,95330,25.833649664878845,4.165685344904661,,,
406,405,,,171.27858888276668,127,True,False,True,False,success,0.4930141270160675,,,ou_noise,0,195786,190787,95393,23.65784491891936,4.017283200981125,,,
407,406,,,-213.0543152482357,1000,False,False,False,True,cutoff,8.542750358581543,,,ou_noise,0,196786,191787,95893,23.415309829711916,4.092846217513085,,,
408,407,,,-230.90929303135854,1000,False,False,False,True,cutoff,8.551773071289062,,,ou_noise,0,197786,192787,96393,24.656615911483765,3.9768618478477,,,
409,408,,,-241.79865390553545,613,False,True,True,False,collision,4.370900630950928,,,ou_noise,0,198399,193400,96700,24.07774854289766,4.257375520390098,,,
410,409,,,-222.66241701877433,1000,False,False,False,True,cutoff,8.985490798950195,,,ou_noise,0,199399,194400,97200,25.527195497512817,3.974728510439396,,,
411,410,,,157.0342587647925,163,True,False,True,False,success,0.44823157787323,,,ou_noise,0,199562,194563,97281,22.416330934302206,4.175793121626348,,,
412,411,,,-243.33092395117686,1000,False,False,False,True,cutoff,8.853927612304688,,,ou_noise,0,200562,195563,97781,24.679860732078552,4.289358459591866,,,
413,412,,,166.52506299288902,136,True,False,True,False,success,0.4352732002735138,,,ou_noise,0,200698,195699,97849,24.286380024517285,4.3749296796672485,,,
414,413,,,-223.92062409245702,1000,False,False,False,True,cutoff,8.826620101928711,,,ou_noise,0,201698,196699,98349,23.44427137565613,4.5342642384469505,,,
415,414,,,165.18300744134336,136,True,False,True,False,success,0.4532187879085541,,,ou_noise,0,201834,196835,98417,23.165171405848334,4.776264099075513,,,
416,415,,,169.35988665081823,126,True,False,True,False,success,0.49844616651535034,,,ou_noise,0,201960,196961,98480,25.741806507110596,4.317293942447693,,,
417,416,,,-223.53107248923615,1000,False,False,False,True,cutoff,9.111223220825195,,,ou_noise,0,202960,197961,98980,24.041162647247315,4.6463715571761135,,,
418,417,,,-97.52063141051302,134,False,True,True,False,collision,6.055702209472656,,,ou_noise,0,203094,198095,99047,22.164429066786127,4.652275288282936,,,
419,418,,,-269.0064597777234,1000,False,False,False,True,cutoff,8.970489501953125,,,ou_noise,0,204094,199095,99547,22.763196213722228,5.037747728288173,,,
420,419,,,167.86133018246812,127,True,False,True,False,success,0.497752845287323,,,ou_noise,0,204221,199222,99611,23.386604782164564,5.033547569066286,,,
421,420,,,169.51938814353497,123,True,False,True,False,success,0.4638560116291046,,,ou_noise,0,204344,199345,99672,24.489799367703075,4.605579081617418,,,
422,421,,,-245.6409075385787,1000,False,False,False,True,cutoff,9.206201553344727,,,ou_noise,0,205344,200345,100172,21.531722254753113,5.116886657327414,,,
423,422,,,112.13736195197228,318,True,False,True,False,success,0.4320693910121918,,,ou_noise,0,205662,200663,100331,22.380894969844217,5.269062993286541,,,
424,423,,,168.72366322035663,128,True,False,True,False,success,0.4696195125579834,,,ou_noise,0,205790,200791,100395,23.088842682540417,5.076298435218632,,,
425,424,,,-199.34677425104144,1000,False,False,False,True,cutoff,6.383296966552734,,,ou_noise,0,206790,201791,100895,22.4992569231987,5.149497249245644,,,
426,425,,,-246.21138807878552,1000,False,False,False,True,cutoff,8.95015811920166,,,ou_noise,0,207790,202791,101395,24.513426352500915,5.702265491008759,,,
427,426,,,-206.51405176197065,1000,False,False,False,True,cutoff,5.3807573318481445,,,ou_noise,0,208790,203791,101895,22.900770062446593,5.84322721773386,,,
428,427,,,166.71773660681083,137,True,False,True,False,success,0.474613755941391,,,ou_noise,0,208927,203928,101964,22.71922836860601,5.62584538390671,,,
429,428,,,168.6521565335641,131,True,False,True,False,success,0.43668702244758606,,,ou_noise,0,209058,204059,102029,24.42171452791636,5.885019810383136,,,
430,429,,,88.1371869826695,429,True,False,True,False,success,0.4795614778995514,,,ou_noise,0,209487,204488,102244,20.683447257622138,5.854343176442524,,,
431,430,,,168.69956981135422,125,True,False,True,False,success,0.476345032453537,,,ou_noise,0,209612,204613,102306,23.993569549560547,6.285386678672606,,,
432,431,,,157.75863358629175,159,True,False,True,False,success,0.4292162358760834,,,ou_noise,0,209771,204772,102386,23.856223124378133,5.690720678120852,,,
433,432,,,-96.13604539726363,135,False,True,True,False,collision,5.191947937011719,,,ou_noise,0,209906,204907,102453,22.287948050322356,6.279078097485784,,,
434,433,,,-332.776353153511,1000,False,False,False,True,cutoff,9.350153923034668,,,ou_noise,0,210906,205907,102953,23.8364401679039,5.959080342888832,,,
435,434,,,54.339662708155146,457,True,False,True,False,success,0.4526458978652954,,,ou_noise,0,211363,206364,103182,23.44704098148471,6.2116304198727335,,,
436,435,,,166.28408933649007,134,True,False,True,False,success,0.4666033685207367,,,ou_noise,0,211497,206498,103249,21.325554790781506,6.517779118979155,,,
437,436,,,-249.43290829141134,1000,False,False,False,True,cutoff,8.95533561706543,,,ou_noise,0,212497,207498,103749,21.74896301841736,6.381485792934894,,,
438,437,,,165.09175417804892,126,True,False,True,False,success,0.4909387230873108,,,ou_noise,0,212623,207624,103812,19.629345992254834,6.694361554251777,,,
439,438,,,135.68669718148868,228,True,False,True,False,success,0.47336921095848083,,,ou_noise,0,212851,207852,103926,25.730897786324483,6.521691834717466,,,
440,439,,,154.10521148766335,183,True,False,True,False,success,0.43587759137153625,,,ou_noise,0,213034,208035,104017,21.836449419865843,6.659608041847145,,,
441,440,,,168.40141736900821,132,True,False,True,False,success,0.4296528398990631,,,ou_noise,0,213166,208167,104083,25.591854348327175,6.40701978856867,,,
442,441,,,-278.012384654021,1000,False,False,False,True,cutoff,8.707380294799805,,,ou_noise,0,214166,209167,104583,22.61941756439209,6.806613504648209,,,
443,442,,,170.27166840960024,122,True,False,True,False,success,0.498547226190567,,,ou_noise,0,214288,209289,104644,24.566138290968098,6.653289228189187,,,
444,443,,,-236.67734147831197,1000,False,False,False,True,cutoff,8.841901779174805,,,ou_noise,0,215288,210289,105144,21.727989660739897,7.011589856863022,,,
445,444,,,165.3284181808172,131,True,False,True,False,success,0.4589020311832428,,,ou_noise,0,215419,210420,105210,21.119630209362235,7.509768113945469,,,
446,445,,,-209.21343553159775,1000,False,False,False,True,cutoff,6.090370178222656,,,ou_noise,0,216419,211420,105710,23.53413659954071,7.593084210634232,,,
447,446,,,-214.92755807539388,1000,False,False,False,True,cutoff,4.93931245803833,,,ou_noise,0,217419,212420,106210,23.320711840629578,7.66694486117363,,,
448,447,,,-244.2951630441515,1000,False,False,False,True,cutoff,4.255436420440674,,,ou_noise,0,218419,213420,106710,24.63683107471466,8.11041921234131,,,
449,448,,,-252.13966368874716,1000,False,False,False,True,cutoff,8.947407722473145,,,ou_noise,0,219419,214420,107210,26.75540692234039,8.202667460918427,,,
450,449,,,169.19698920681242,129,True,False,True,False,success,0.45483532547950745,,,ou_noise,0,219548,214549,107274,23.61827928705733,8.608829364180565,,,
451,450,,,159.38788327526254,162,True,False,True,False,success,0.4751634895801544,,,ou_noise,0,219710,214711,107355,27.971054854216398,8.514919369309037,,,
452,451,,,-239.6654627113235,1000,False,False,False,True,cutoff,4.674162864685059,,,ou_noise,0,220710,215711,107855,25.38380972671509,8.421449737787247,,,
453,452,,,59.04301896131378,506,True,False,True,False,success,0.48296767473220825,,,ou_noise,0,221216,216217,108108,24.0681327793438,8.425845224395571,,,
454,453,,,159.15571357816413,152,True,False,True,False,success,0.46394291520118713,,,ou_noise,0,221368,216369,108184,23.01469504205804,8.53439191768044,,,
455,454,,,166.87535184807695,129,True,False,True,False,success,0.42857542634010315,,,ou_noise,0,221497,216498,108249,24.601638172948082,8.717973518371583,,,
456,455,,,-217.83974074317362,1000,False,False,False,True,cutoff,4.1926960945129395,,,ou_noise,0,222497,217498,108749,23.225524017333985,8.5750152759552,,,
457,456,,,-202.62895278981884,1000,False,False,False,True,cutoff,3.494441032409668,,,ou_noise,0,223497,218498,109249,22.922862203598022,8.80977009487152,,,
458,457,,,165.5111328098489,131,True,False,True,False,success,0.4729093015193939,,,ou_noise,0,223628,218629,109314,31.334774599730512,8.468412821109478,,,
459,458,,,-224.70528661321777,1000,False,False,False,True,cutoff,4.388118267059326,,,ou_noise,0,224628,219629,109814,25.172046222686767,8.575345534324645,,,
460,459,,,-270.90645000069765,965,False,True,True,False,collision,2.2405388355255127,,,ou_noise,0,225593,220594,110297,23.62915672440603,8.304546876970532,,,
461,460,,,162.49303930555797,138,True,False,True,False,success,0.4960062503814697,,,ou_noise,0,225731,220732,110366,28.072894524836887,8.232320726781651,,,
462,461,,,167.42802230630602,135,True,False,True,False,success,0.49428972601890564,,,ou_noise,0,225866,220867,110433,31.280564407066063,8.613948754410245,,,
463,462,,,170.51953550133376,125,True,False,True,False,success,0.49715012311935425,,,ou_noise,0,225991,220992,110496,19.871502182006836,8.009934205857535,,,
464,463,,,172.98627930408864,117,True,False,True,False,success,0.413167268037796,,,ou_noise,0,226108,221109,110554,21.38343984652788,8.455472313124558,,,
465,464,,,-103.61658600159582,141,False,True,True,False,collision,5.828507423400879,,,ou_noise,0,226249,221250,110625,29.550429371231836,8.406011158311872,,,
466,465,,,163.1411651534861,141,True,False,True,False,success,0.47465217113494873,,,ou_noise,0,226390,221391,110695,23.0710575022596,8.091821568352836,,,
467,466,,,154.57867089307206,160,True,False,True,False,success,0.40487176179885864,,,ou_noise,0,226550,221551,110775,21.909745001792906,8.26515286564827,,,
468,467,,,-228.8430635741382,1000,False,False,False,True,cutoff,4.646900177001953,,,ou_noise,0,227550,222551,111275,24.42264774131775,7.8924941246509555,,,
469,468,,,-241.75398754758922,1000,False,False,False,True,cutoff,5.069406509399414,,,ou_noise,0,228550,223551,111775,23.15521628665924,7.768547434329987,,,
470,469,,,171.22106753686188,119,True,False,True,False,success,0.4894215166568756,,,ou_noise,0,228669,223670,111835,26.176958524880288,7.68704252243042,,,
471,470,,,-197.02097078106104,421,False,True,True,False,collision,5.3304877281188965,,,ou_noise,0,229090,224091,112045,23.791066604668625,7.474643222490946,,,
472,471,,,-275.991332840081,1000,False,False,False,True,cutoff,8.952077865600586,,,ou_noise,0,230090,225091,112545,22.892786108970643,7.565948326826096,,,
473,472,,,166.95456587570817,137,True,False,True,False,success,0.4145103096961975,,,ou_noise,0,230227,225228,112614,21.304782046018726,8.066157651984174,,,
474,473,,,164.75798457889982,141,True,False,True,False,success,0.46331942081451416,,,ou_noise,0,230368,225369,112684,22.445961796645577,7.87077123097011,,,
475,474,,,25.19276011984833,642,True,False,True,False,success,0.4125377833843231,,,ou_noise,0,231010,226011,113005,23.582536002185858,7.712071034767175,,,
476,475,,,160.21353832485323,158,True,False,True,False,success,0.45051613450050354,,,ou_noise,0,231168,226169,113084,21.33361609978012,7.575888467740409,,,
477,476,,,164.32726616940647,129,True,False,True,False,success,0.43621885776519775,,,ou_noise,0,231297,226298,113149,21.375306321668994,7.826289294316219,,,
478,477,,,168.06203208321304,132,True,False,True,False,success,0.4916132688522339,,,ou_noise,0,231429,226430,113215,22.937438401308928,7.7691395210497305,,,
479,478,,,-223.16396476219927,1000,False,False,False,True,cutoff,4.7841572761535645,,,ou_noise,0,232429,227430,113715,22.763589183807373,7.771802288532257,,,
480,479,,,-90.93274053842774,45,False,True,True,False,collision,8.036641120910645,,,ou_noise,0,232474,227475,113737,22.261278512742784,7.684267607602206,,,
481,480,,,-213.25375968413718,1000,False,False,False,True,cutoff,4.370208263397217,,,ou_noise,0,233474,228475,114237,23.25600032520294,8.041136350631714,,,
482,481,,,169.55103113386545,121,True,False,True,False,success,0.47446244955062866,,,ou_noise,0,233595,228596,114298,22.329521084619948,8.304767835335653,,,
483,482,,,96.01987050638654,309,True,False,True,False,success,0.4433233141899109,,,ou_noise,0,233904,228905,114452,24.95214731716415,7.994676297361201,,,
484,483,,,-292.6579080899533,1000,False,False,False,True,cutoff,7.282063007354736,,,ou_noise,0,234904,229905,114952,21.599180729866028,8.18059912967682,,,
485,484,,,163.2945883412989,135,True,False,True,False,success,0.4572213292121887,,,ou_noise,0,235039,230040,115020,19.51423755928322,8.44667356855729,,,
486,485,,,-209.01078619928361,1000,False,False,False,True,cutoff,3.907212495803833,,,ou_noise,0,236039,231040,115520,21.279226572990417,8.297529552459716,,,
487,486,,,141.42574850203525,214,True,False,True,False,success,0.48218822479248047,,,ou_noise,0,236253,231254,115627,19.962730755315764,7.868298998502928,,,
488,487,,,-133.88665877352196,247,False,True,True,False,collision,5.045544624328613,,,ou_noise,0,236500,231501,115750,24.047664522642066,8.552580393426787,,,
489,488,,,-341.991058880514,1000,False,False,False,True,cutoff,8.998485565185547,,,ou_noise,0,237500,232501,116250,22.98380959701538,8.451961588859557,,,
490,489,,,168.37313394657804,126,True,False,True,False,success,0.4396253526210785,,,ou_noise,0,237626,232627,116313,22.864315214611235,8.423930372510638,,,
491,490,,,-95.48854391887167,54,False,True,True,False,collision,8.213396072387695,,,ou_noise,0,237680,232681,116340,22.84623001239918,8.005630652109781,,,
492,491,,,-153.62316884111246,299,False,True,True,False,collision,5.9141926765441895,,,ou_noise,0,237979,232980,116490,20.82278560714977,8.491099634170531,,,
493,492,,,103.9098768125016,390,True,False,True,False,success,0.49867841601371765,,,ou_noise,0,238369,233370,116685,23.158143637730525,8.338191261046973,,,
494,493,,,169.6522242591729,125,True,False,True,False,success,0.49580690264701843,,,ou_noise,0,238494,233495,116747,21.479784736633302,8.553980611985729,,,
495,494,,,-234.5867253221779,1000,False,False,False,True,cutoff,6.497658729553223,,,ou_noise,0,239494,234495,117247,23.43512585449219,8.443358120441436,,,
496,495,,,53.54509952599475,566,True,False,True,False,success,0.49827003479003906,,,ou_noise,0,240060,235061,117530,23.879268757446074,8.646709067240199,,,
497,496,,,55.064698982483904,583,True,False,True,False,success,0.4295712411403656,,,ou_noise,0,240643,235644,117822,23.442362736265206,8.533501119646308,,,
498,497,,,-248.68212078267845,1000,False,False,False,True,cutoff,4.532242298126221,,,ou_noise,0,241643,236644,118322,23.205329180717467,8.460997653007507,,,
499,498,,,-95.07080270410964,113,False,True,True,False,collision,5.843554973602295,,,ou_noise,0,241756,236757,118378,20.654037348992002,8.064753583499364,,,
500,499,,,168.71170484414444,129,True,False,True,False,success,0.47899380326271057,,,ou_noise,0,241885,236886,118443,24.051526505817737,8.300600389333871,,,
501,500,,,129.37955562444662,271,True,False,True,False,success,0.49458369612693787,,,ou_noise,0,242156,237157,118578,23.83253255541474,8.603242467950892,,,
502,501,,,152.07903462440066,187,True,False,True,False,success,0.4979361295700073,,,ou_noise,0,242343,237344,118672,23.761154577693837,8.27664971858897,,,
503,502,,,-302.5815378572386,1000,False,False,False,True,cutoff,7.134067058563232,,,ou_noise,0,243343,238344,119172,23.541296394348144,8.29625342988968,,,
504,503,,,-221.56856999573722,1000,False,False,False,True,cutoff,3.554784059524536,,,ou_noise,0,244343,239344,119672,22.12874196815491,8.31580957889557,,,
505,504,,,-234.6853524989443,1000,False,False,False,True,cutoff,8.881160736083984,,,ou_noise,0,245343,240344,120172,22.49849451637268,8.471147008419036,,,
506,505,,,168.44788909492308,133,True,False,True,False,success,0.4907854199409485,,,ou_noise,0,245476,240477,120238,22.604630004194448,8.131214373039477,,,
507,506,,,-321.68176693563595,1000,False,False,False,True,cutoff,8.158001899719238,,,ou_noise,0,246476,241477,120738,22.439461817741392,8.557439865589142,,,
508,507,,,-220.84912623342396,1000,False,False,False,True,cutoff,8.818720817565918,,,ou_noise,0,247476,242477,121238,23.59906498146057,8.668233577728271,,,
509,508,,,136.068619510121,243,True,False,True,False,success,0.4681992530822754,,,ou_noise,0,247719,242720,121360,21.35893098415171,8.725218505155844,,,
510,509,,,-332.3268728992465,1000,False,False,False,True,cutoff,8.51352596282959,,,ou_noise,0,248719,243720,121860,23.334177169799805,8.9489225025177,,,
511,510,,,163.3092919979462,152,True,False,True,False,success,0.4177780747413635,,,ou_noise,0,248871,243872,121936,25.735816152472246,8.63633426239616,,,
512,511,,,169.56351423483068,125,True,False,True,False,success,0.4686489701271057,,,ou_noise,0,248996,243997,121998,28.396072387695312,9.105199913824759,,,
513,512,,,-258.4197546938287,1000,False,False,False,True,cutoff,9.113652229309082,,,ou_noise,0,249996,244997,122498,26.5004858417511,8.853486760139464,,,
514,513,,,-316.4447575494436,1000,False,False,False,True,cutoff,7.5810441970825195,,,ou_noise,0,250996,245997,122998,28.71532776069641,8.942338009357453,,,
515,514,,,140.51673665280197,233,True,False,True,False,success,0.46251124143600464,,,ou_noise,0,251229,246230,123115,25.098773759833733,9.404250485265356,,,
516,515,,,148.91275423174156,200,True,False,True,False,success,0.4657803475856781,,,ou_noise,0,251429,246430,123215,34.300689935684204,9.257603824138641,,,
517,516,,,161.8422630739346,130,True,False,True,False,success,0.4426378905773163,,,ou_noise,0,251559,246560,123280,30.279221703456,9.202026888040395,,,
518,517,,,-33.16069848555546,897,True,False,True,False,success,0.49928146600723267,,,ou_noise,0,252456,247457,123728,27.729836896643324,8.991744914225169,,,
519,518,,,162.8025148046587,137,True,False,True,False,success,0.4823789894580841,,,ou_noise,0,252593,247594,123797,22.886125007685084,9.300928247147713,,,
520,519,,,-232.27018498004657,1000,False,False,False,True,cutoff,8.986013412475586,,,ou_noise,0,253593,248594,124297,25.43511499786377,9.188039573192597,,,
521,520,,,-259.64028680602934,1000,False,False,False,True,cutoff,8.72873592376709,,,ou_noise,0,254593,249594,124797,25.00545459365845,9.371355444908142,,,
522,521,,,-190.01137999722292,1000,False,False,False,True,cutoff,5.558588981628418,,,ou_noise,0,255593,250594,125297,25.682930307388304,9.366810433387757,,,
523,522,,,-225.01581834983563,526,False,True,True,False,collision,5.922865867614746,,,ou_noise,0,256119,251120,125560,24.1781854430079,9.477350856868034,,,
524,523,,,163.70661108316227,143,True,False,True,False,success,0.42294400930404663,,,ou_noise,0,256262,251263,125631,24.509702142301972,9.422307155501674,,,
525,524,,,-240.2747070993209,1000,False,False,False,True,cutoff,8.948769569396973,,,ou_noise,0,257262,252263,126131,25.706800095558165,9.597489789009094,,,
526,525,,,137.4046424269247,243,True,False,True,False,success,0.4621236324310303,,,ou_noise,0,257505,252506,126253,23.941407627529568,9.947558027799012,,,
527,526,,,-219.05772930812938,1000,False,False,False,True,cutoff,9.15483283996582,,,ou_noise,0,258505,253506,126753,25.49539420604706,9.721738170623778,,,
528,527,,,-330.71335867040057,1000,False,False,False,True,cutoff,5.545602798461914,,,ou_noise,0,259505,254506,127253,24.831983200073243,10.052602988243104,,,
529,528,,,176.21221484824702,109,True,False,True,False,success,0.4303903579711914,,,ou_noise,0,259614,254615,127307,24.109135776484777,10.304347550427472,,,
530,529,,,-256.9714382879498,1000,False,False,False,True,cutoff,8.901080131530762,,,ou_noise,0,260614,255615,127807,24.330047755241395,10.093938092708587,,,
531,530,,,137.1058014567129,221,True,False,True,False,success,0.4726700484752655,,,ou_noise,0,260835,255836,127918,26.243387766013857,10.329144563760844,,,
532,531,,,170.00940651111347,128,True,False,True,False,success,0.48302844166755676,,,ou_noise,0,260963,255964,127982,25.674053825438023,10.029010221362114,,,
533,532,,,-231.55394117487262,1000,False,False,False,True,cutoff,7.392319679260254,,,ou_noise,0,261963,256964,128482,25.00931200122833,10.306544231414795,,,
534,533,,,166.28687337844804,136,True,False,True,False,success,0.4527178406715393,,,ou_noise,0,262099,257100,128550,24.3657847292283,10.454650261822868,,,
535,534,,,172.46329300071366,120,True,False,True,False,success,0.4603358209133148,,,ou_noise,0,262219,257220,128610,24.858586939175925,10.70136701265971,,,
536,535,,,133.51932497098102,220,True,False,True,False,success,0.48227307200431824,,,ou_noise,0,262439,257440,128720,22.216208041797984,10.6507305318659,,,
537,536,,,-77.45175214429028,943,True,False,True,False,success,0.43661579489707947,,,ou_noise,0,263382,258383,129191,24.489607975819204,10.624919213054033,,,
538,537,,,166.0193678790895,132,True,False,True,False,success,0.4602080285549164,,,ou_noise,0,263514,258515,129257,23.236983566573173,10.540237231688065,,,
539,538,,,-16.51858419700173,727,True,False,True,False,success,0.47105440497398376,,,ou_noise,0,264241,259242,129621,23.78038727236909,10.663736267404241,,,
540,539,,,-231.28754180771193,1000,False,False,False,True,cutoff,9.290878295898438,,,ou_noise,0,265241,260242,130121,24.974680835723877,10.775320593833923,,,
541,540,,,-215.67097747849826,373,False,True,True,False,collision,9.06690788269043,,,ou_noise,0,265614,260615,130307,24.91534861291062,10.912690562586631,,,
542,541,,,-216.89671373299748,1000,False,False,False,True,cutoff,3.622854471206665,,,ou_noise,0,266614,261615,130807,25.45366167449951,10.886515758514404,,,
543,542,,,172.71699093139722,120,True,False,True,False,success,0.42519447207450867,,,ou_noise,0,266734,261735,130867,26.98405635356903,10.854691735903423,,,
544,543,,,-271.3612109354535,690,False,True,True,False,collision,3.335476875305176,,,ou_noise,0,267424,262425,131212,24.45453257629837,11.128933889969536,,,
545,544,,,162.59867673256247,145,True,False,True,False,success,0.4467921257019043,,,ou_noise,0,267569,262570,131285,25.061178588867186,11.414120373660571,,,
546,545,,,128.11613630835885,269,True,False,True,False,success,0.41664451360702515,,,ou_noise,0,267838,262839,131419,23.12010393887204,11.276745920750633,,,
547,546,,,157.61779897442943,172,True,False,True,False,success,0.4475482702255249,,,ou_noise,0,268010,263011,131505,29.230417074159135,11.209434121154075,,,
548,547,,,-240.9964986818717,1000,False,False,False,True,cutoff,9.359695434570312,,,ou_noise,0,269010,264011,132005,25.211028195381164,11.236487021446228,,,
549,548,,,-258.9612073055773,1000,False,False,False,True,cutoff,9.432442665100098,,,ou_noise,0,270010,265011,132505,24.060436186790465,11.356844254732131,,,
550,549,,,59.67315945965031,422,True,False,True,False,success,0.4629119634628296,,,ou_noise,0,270432,265433,132716,25.34638663377807,11.907239019023299,,,
551,550,,,-228.17242865741844,1000,False,False,False,True,cutoff,9.727091789245605,,,ou_noise,0,271432,266433,133216,24.641645577430726,11.786953324317933,,,
552,551,,,172.76966135699917,121,True,False,True,False,success,0.4476492702960968,,,ou_noise,0,271553,266554,133277,26.3918539551664,11.623885756633321,,,
553,552,,,145.62797325069624,219,True,False,True,False,success,0.47948455810546875,,,ou_noise,0,271772,266773,133386,25.02769005570782,12.219211766479212,,,
554,553,,,-332.7821631657071,1000,False,False,False,True,cutoff,5.6461262702941895,,,ou_noise,0,272772,267773,133886,26.230822937965392,12.083400106430053,,,
555,554,,,170.65628019928366,120,True,False,True,False,success,0.43401050567626953,,,ou_noise,0,272892,267893,133946,27.432187382380167,11.593822399775187,,,
556,555,,,-186.64257140051316,1000,False,False,False,True,cutoff,4.731125831604004,,,ou_noise,0,273892,268893,134446,25.055602195739745,12.284571303367615,,,
557,556,,,164.9894307764409,138,True,False,True,False,success,0.45562344789505005,,,ou_noise,0,274030,269031,134515,24.576904628587805,12.083665011585623,,,
558,557,,,172.3281264864365,118,True,False,True,False,success,0.48725900053977966,,,ou_noise,0,274148,269149,134574,30.08877545696194,12.28011052083161,,,
559,558,,,-249.98332679431442,1000,False,False,False,True,cutoff,6.177664756774902,,,ou_noise,0,275148,270149,135074,24.81232820034027,12.526727074623109,,,
560,559,,,169.9974280622768,127,True,False,True,False,success,0.4939495921134949,,,ou_noise,0,275275,270276,135138,22.922540837385522,12.735690094530582,,,
561,560,,,-278.1179761584269,1000,False,False,False,True,cutoff,6.912613391876221,,,ou_noise,0,276275,271276,135638,25.497669503211974,12.713404489517211,,,
562,561,,,-221.49367504095102,1000,False,False,False,True,cutoff,3.861863136291504,,,ou_noise,0,277275,272276,136138,25.717700615882872,12.989086435317994,,,
563,562,,,73.40254456744611,419,True,False,True,False,success,0.48141810297966003,,,ou_noise,0,277694,272695,136347,26.121364577573353,13.27896221060502,,,
564,563,,,161.65004559533148,152,True,False,True,False,success,0.46359872817993164,,,ou_noise,0,277846,272847,136423,23.010749264767295,12.695111726459704,,,
565,564,,,170.21923858311004,123,True,False,True,False,success,0.4808990955352783,,,ou_noise,0,277969,272970,136485,23.68063816597791,13.362598696062642,,,
566,565,,,-268.20112743322477,1000,False,False,False,True,cutoff,6.345643520355225,,,ou_noise,0,278969,273970,136985,24.935544895172118,13.358701842308044,,,
567,566,,,171.45377043041282,122,True,False,True,False,success,0.4831787645816803,,,ou_noise,0,279091,274092,137046,28.64754183565984,13.598800111989506,,,
568,567,,,167.90657176835253,127,True,False,True,False,success,0.4702306389808655,,,ou_noise,0,279218,274219,137109,25.069951507988876,13.133478618803478,,,
569,568,,,165.4255319182385,144,True,False,True,False,success,0.49024176597595215,,,ou_noise,0,279362,274363,137181,25.520430472162033,13.891213986608717,,,
570,569,,,169.4678373667138,122,True,False,True,False,success,0.47048887610435486,,,ou_noise,0,279484,274485,137242,25.451920407717346,13.649977605850971,,,
571,570,,,36.54486874905107,608,True,False,True,False,success,0.43015962839126587,,,ou_noise,0,280092,275093,137546,25.24332513620979,13.289808596435346,,,
572,571,,,-198.4195710606223,1000,False,False,False,True,cutoff,4.761373996734619,,,ou_noise,0,281092,276093,138046,24.056249480247498,13.517190209388733,,,
573,572,,,-259.7585507712933,1000,False,False,False,True,cutoff,4.319946765899658,,,ou_noise,0,282092,277093,138546,23.9232903547287,13.61919727897644,,,
574,573,,,70.15691984550924,520,True,False,True,False,success,0.4796406626701355,,,ou_noise,0,282612,277613,138806,24.943944217608525,13.719597301116357,,,
575,574,,,165.498437986601,139,True,False,True,False,success,0.4462597072124481,,,ou_noise,0,282751,277752,138876,25.38532121919042,13.646491827283587,,,
576,575,,,-208.81708937083437,1000,False,False,False,True,cutoff,6.98256254196167,,,ou_noise,0,283751,278752,139376,24.325070236206056,13.75039441871643,,,
577,576,,,163.7240188402639,141,True,False,True,False,success,0.4573620855808258,,,ou_noise,0,283892,278893,139446,25.046822527621654,13.894069576263428,,,
578,577,,,-256.2498326055458,1000,False,False,False,True,cutoff,6.102890968322754,,,ou_noise,0,284892,279893,139946,25.036658025741577,13.863916038513183,,,
579,578,,,-249.83004207948557,1000,False,False,False,True,cutoff,7.511255741119385,,,ou_noise,0,285892,280893,140446,24.66451609325409,13.861808572769165,,,
580,579,,,125.4229693104776,306,True,False,True,False,success,0.4882849156856537,,,ou_noise,0,286198,281199,140599,27.538890539431105,14.076613395042669,,,
581,580,,,-240.85609935436656,1000,False,False,False,True,cutoff,7.567898273468018,,,ou_noise,0,287198,282199,141099,25.10261865901947,14.141483971595765,,,
582,581,,,-198.5575655500175,1000,False,False,False,True,cutoff,4.939995288848877,,,ou_noise,0,288198,283199,141599,24.992907447814943,14.39967533302307,,,
583,582,,,2.160302537872397,857,True,False,True,False,success,0.4629865884780884,,,ou_noise,0,289055,284056,142028,25.575132911931398,14.778454707219051,,,
584,583,,,64.71006376722411,508,True,False,True,False,success,0.40591248869895935,,,ou_noise,0,289563,284564,142282,24.200090271281447,14.707515097039892,,,
585,584,,,140.7304935314714,228,True,False,True,False,success,0.4603247344493866,,,ou_noise,0,289791,284792,142396,26.563671191533405,14.663078065504108,,,
586,585,,,-219.48123752498424,1000,False,False,False,True,cutoff,9.717108726501465,,,ou_noise,0,290791,285792,142896,24.40292656803131,14.702556421279906,,,
587,586,,,-232.86847450027497,1000,False,False,False,True,cutoff,7.630025863647461,,,ou_noise,0,291791,286792,143396,24.51132759857178,14.534150217056274,,,
588,587,,,-204.90880177280872,1000,False,False,False,True,cutoff,7.398274898529053,,,ou_noise,0,292791,287792,143896,24.66843413066864,14.486439491271973,,,
589,588,,,25.297554305315543,527,True,False,True,False,success,0.4888983964920044,,,ou_noise,0,293318,288319,144159,25.005846003653655,14.529559550629822,,,
590,589,,,-212.2963909828789,1000,False,False,False,True,cutoff,5.646417140960693,,,ou_noise,0,294318,289319,144659,24.41247992324829,14.387948875427247,,,
591,590,,,162.94985219723128,148,True,False,True,False,success,0.45052632689476013,,,ou_noise,0,294466,289467,144733,24.661933937588252,14.327118151896709,,,
592,591,,,154.07212926184346,169,True,False,True,False,success,0.42810821533203125,,,ou_noise,0,294635,289636,144818,23.577104455620578,14.330066961400648,,,
593,592,,,-228.72296835255423,1000,False,False,False,True,cutoff,7.19520902633667,,,ou_noise,0,295635,290636,145318,25.72884633541107,14.221433449745179,,,
594,593,,,166.24493242058145,139,True,False,True,False,success,0.47027307748794556,,,ou_noise,0,295774,290775,145387,26.293971617444814,13.857029375822648,,,
595,594,,,-212.60670129381612,1000,False,False,False,True,cutoff,7.0187578201293945,,,ou_noise,0,296774,291775,145887,23.478683344841002,13.936831321716308,,,
596,595,,,171.45254337183587,120,True,False,True,False,success,0.4920620620250702,,,ou_noise,0,296894,291895,145947,21.642730315526325,13.677173439661662,,,
597,596,,,169.33825815029792,128,True,False,True,False,success,0.45722541213035583,,,ou_noise,0,297022,292023,146011,29.24663969874382,13.95834194123745,,,
598,597,,,165.96707727698296,132,True,False,True,False,success,0.4984610080718994,,,ou_noise,0,297154,292155,146077,23.08449149131775,13.790093682029031,,,
599,598,,,131.4527917135545,229,True,False,True,False,success,0.4892122745513916,,,ou_noise,0,297383,292384,146192,21.652086940915304,13.514695623646611,,,
600,599,,,164.0751261587265,143,True,False,True,False,success,0.485186904668808,,,ou_noise,0,297526,292527,146263,21.797609269202173,13.97262514141244,,,
601,600,,,-231.45417735735137,1000,False,False,False,True,cutoff,6.651725769042969,,,ou_noise,0,298526,293527,146763,24.205385741233826,13.525252205848695,,,
602,601,,,-262.42224311227983,1000,False,False,False,True,cutoff,6.473370552062988,,,ou_noise,0,299526,294527,147263,22.728697619438172,13.364139590263367,,,
603,602,,,-214.36753898919196,1000,False,False,False,True,cutoff,3.902238607406616,,,ou_noise,0,300526,295527,147763,24.63640785217285,13.060658566474915,,,
604,603,,,-233.2017246869772,1000,False,False,False,True,cutoff,9.398457527160645,,,ou_noise,0,301526,296527,148263,21.862705097198486,12.854981959342956,,,
605,604,,,155.24452457700548,169,True,False,True,False,success,0.42970800399780273,,,ou_noise,0,301695,296696,148348,26.349864496987248,13.161679559595445,,,
606,605,,,-227.1991065362968,1000,False,False,False,True,cutoff,7.120812892913818,,,ou_noise,0,302695,297696,148848,21.721490887641906,12.702790593147277,,,
607,606,,,171.10863848052907,126,True,False,True,False,success,0.4486793875694275,,,ou_noise,0,302821,297822,148911,24.0913883088127,12.635755993071056,,,
608,607,,,-291.3345032899154,1000,False,False,False,True,cutoff,6.309950351715088,,,ou_noise,0,303821,298822,149411,21.372340993881224,12.716378115653992,,,
609,608,,,166.89228901543723,135,True,False,True,False,success,0.4227744936943054,,,ou_noise,0,303956,298957,149478,23.77755258348253,12.33701323039496,,,
610,609,,,-176.54902517913976,1000,False,False,False,True,cutoff,5.24545955657959,,,ou_noise,0,304956,299957,149978,22.13490634059906,12.293700019836425,,,
611,610,,,-231.7542891343457,1000,False,False,False,True,cutoff,9.637327194213867,,,ou_noise,0,305956,300957,150478,21.28014518547058,12.287117679595948,,,
612,611,,,152.13535510168217,186,True,False,True,False,success,0.4471087157726288,,,ou_noise,0,306142,301143,150571,22.94397976577923,12.29901179446969,,,
613,612,,,-227.57970468735184,1000,False,False,False,True,cutoff,7.517126083374023,,,ou_noise,0,307142,302143,151071,21.12050368309021,12.229799725532532,,,
614,613,,,-258.6373265980082,1000,False,False,False,True,cutoff,6.58823823928833,,,ou_noise,0,308142,303143,151571,20.22187323474884,12.153171347618104,,,
615,614,,,-63.62627027875829,132,False,True,True,False,collision,3.0963363647460938,,,ou_noise,0,308274,303275,151637,20.225610075574934,11.906480767510153,,,
616,615,,,-320.86997181675986,970,False,True,True,False,collision,9.604592323303223,,,ou_noise,0,309244,304245,152122,20.351319857725162,12.05957399053672,,,
617,616,,,155.65233780163476,161,True,False,True,False,success,0.4585258364677429,,,ou_noise,0,309405,304406,152203,20.439018427215007,12.373834162582586,,,
618,617,,,-73.04927715254739,157,False,True,True,False,collision,3.1166911125183105,,,ou_noise,0,309562,304563,152281,16.898038019799884,12.226168687526997,,,
619,618,,,-242.13721993270659,1000,False,False,False,True,cutoff,4.859268665313721,,,ou_noise,0,310562,305563,152781,20.438659574985504,12.22522761631012,,,
620,619,,,-225.23596157505978,1000,False,False,False,True,cutoff,6.878505706787109,,,ou_noise,0,311562,306563,153281,19.785656573295594,12.062969346046447,,,
621,620,,,-237.76746203162475,1000,False,False,False,True,cutoff,6.17758321762085,,,ou_noise,0,312562,307563,153781,20.138615278244018,12.155459833145141,,,
622,621,,,169.45162526677865,124,True,False,True,False,success,0.4912993013858795,,,ou_noise,0,312686,307687,153843,17.51232106454911,12.209528799979918,,,
623,622,,,136.58739926497356,221,True,False,True,False,success,0.47268983721733093,,,ou_noise,0,312907,307908,153954,20.606065599087675,12.273136783290553,,,
624,623,,,-252.0081032787624,1000,False,False,False,True,cutoff,8.884428977966309,,,ou_noise,0,313907,308908,154454,20.297802874565125,12.266672731399536,,,
625,624,,,82.76273245652521,469,True,False,True,False,success,0.49014124274253845,,,ou_noise,0,314376,309377,154688,18.349192969072092,12.123910848910992,,,
626,625,,,-55.574557751470444,85,False,True,True,False,collision,4.179677963256836,,,ou_noise,0,314461,309462,154731,20.107467101601994,12.190286636352539,,,
627,626,,,169.03506658083535,130,True,False,True,False,success,0.4527181386947632,,,ou_noise,0,314591,309592,154796,17.365569576850305,12.081664672264687,,,
628,627,,,-203.59838094197502,1000,False,False,False,True,cutoff,7.094544887542725,,,ou_noise,0,315591,310592,155296,19.654931566238403,12.13138641834259,,,
629,628,,,168.61978381989883,134,True,False,True,False,success,0.46624088287353516,,,ou_noise,0,315725,310726,155363,17.521108620202362,12.476595195371713,,,
630,629,,,-243.31659481231145,1000,False,False,False,True,cutoff,6.739162445068359,,,ou_noise,0,316725,311726,155863,19.64800189113617,12.221565664291381,,,
631,630,,,149.94304878275307,198,True,False,True,False,success,0.4117867052555084,,,ou_noise,0,316923,311924,155962,18.11042871138062,12.311533321033824,,,
632,631,,,173.10044737000473,120,True,False,True,False,success,0.4068867266178131,,,ou_noise,0,317043,312044,156022,16.877354880174,11.860639961560567,,,
633,632,,,146.98461839634047,197,True,False,True,False,success,0.4288349151611328,,,ou_noise,0,317240,312241,156120,19.26375913377946,12.303442984211202,,,
634,633,,,-210.6919809030306,1000,False,False,False,True,cutoff,7.476020812988281,,,ou_noise,0,318240,313241,156620,18.378719791412355,12.010059966087342,,,
635,634,,,164.96119410000335,139,True,False,True,False,success,0.46517980098724365,,,ou_noise,0,318379,313380,156690,20.50713875310884,12.363912241799492,,,
636,635,,,-63.33772467867462,155,False,True,True,False,collision,2.5249783992767334,,,ou_noise,0,318534,313535,156767,18.951017204407723,11.89094724902859,,,
637,636,,,-211.76861853570304,1000,False,False,False,True,cutoff,9.175349235534668,,,ou_noise,0,319534,314535,157267,18.896944266796112,11.945145000457764,,,
638,637,,,-213.77111387701746,1000,False,False,False,True,cutoff,7.05316162109375,,,ou_noise,0,320534,315535,157767,18.005746453762054,12.02328122806549,,,
639,638,,,-238.67476191507305,1000,False,False,False,True,cutoff,8.68452262878418,,,ou_noise,0,321534,316535,158267,18.70066675901413,12.256410891532898,,,
640,639,,,175.45816159596748,112,True,False,True,False,success,0.4595905542373657,,,ou_noise,0,321646,316647,158323,17.116283765860967,12.440710612705775,,,
641,640,,,160.45242564152747,157,True,False,True,False,success,0.4799765944480896,,,ou_noise,0,321803,316804,158402,16.59300161167315,11.934495998334281,,,
642,641,,,-229.52358406153613,1000,False,False,False,True,cutoff,8.89680004119873,,,ou_noise,0,322803,317804,158902,18.484037160873413,12.091074358940125,,,
643,642,,,163.98833717052423,143,True,False,True,False,success,0.43218669295310974,,,ou_noise,0,322946,317947,158973,18.65498977941233,12.294856662481603,,,
644,643,,,-241.05058034711982,1000,False,False,False,True,cutoff,7.068934440612793,,,ou_noise,0,323946,318947,159473,18.09105071210861,12.182441829681396,,,
645,644,,,171.66311713367776,121,True,False,True,False,success,0.47726646065711975,,,ou_noise,0,324067,319068,159534,17.56306570226496,12.383878074708532,,,
646,645,,,172.9911434176849,122,True,False,True,False,success,0.4246442914009094,,,ou_noise,0,324189,319190,159595,19.795003898808215,12.341396128545043,,,
647,646,,,-205.09083667686144,1000,False,False,False,True,cutoff,5.312174320220947,,,ou_noise,0,325189,320190,160095,17.995524651050566,12.463865193367004,,,
648,647,,,120.62217043725832,319,True,False,True,False,success,0.4374626576900482,,,ou_noise,0,325508,320509,160254,17.372814997610252,12.220019547444469,,,
649,648,,,-180.53433741773043,1000,False,False,False,True,cutoff,5.440187931060791,,,ou_noise,0,326508,321509,160754,17.95084132051468,12.538491683006287,,,
650,649,,,171.74707503543215,127,True,False,True,False,success,0.4192850887775421,,,ou_noise,0,326635,321636,160818,15.156463405278725,12.291815891861916,,,
651,650,,,15.155843022447314,574,True,False,True,False,success,0.4499810039997101,,,ou_noise,0,327209,322210,161105,18.229061733139517,12.397397965088954,,,
652,651,,,-203.1985183345214,1000,False,False,False,True,cutoff,8.279762268066406,,,ou_noise,0,328209,323210,161605,18.254626087665557,12.222916217803956,,,
653,652,,,-192.96302226226874,1000,False,False,False,True,cutoff,5.840007781982422,,,ou_noise,0,329209,324210,162105,17.54173439836502,12.184322712898254,,,
654,653,,,-211.66940308617734,1000,False,False,False,True,cutoff,8.136702537536621,,,ou_noise,0,330209,325210,162605,17.079272557735443,12.015255533218383,,,
655,654,,,-227.7778383387084,1000,False,False,False,True,cutoff,8.873739242553711,,,ou_noise,0,331209,326210,163105,17.213600165367126,11.94271111011505,,,
656,655,,,-192.752978168833,1000,False,False,False,True,cutoff,5.310025691986084,,,ou_noise,0,332209,327210,163605,17.50988013267517,12.11507238483429,,,
657,656,,,-214.4590480721295,1000,False,False,False,True,cutoff,7.67340087890625,,,ou_noise,0,333209,328210,164105,17.39084002828598,12.00184015750885,,,
658,657,,,-204.25494609202076,1000,False,False,False,True,cutoff,4.860466480255127,,,ou_noise,0,334209,329210,164605,17.617942963123323,12.1442638463974,,,
659,658,,,-195.07180513498554,1000,False,False,False,True,cutoff,4.55596923828125,,,ou_noise,0,335209,330210,165105,17.372705862998963,12.04408733177185,,,
660,659,,,-270.34227219055396,1000,False,False,False,True,cutoff,7.446500778198242,,,ou_noise,0,336209,331210,165605,16.61942125749588,12.339211298942566,,,
661,660,,,170.03742435285778,125,True,False,True,False,success,0.4856196641921997,,,ou_noise,0,336334,331335,165667,16.087655509948732,12.180400048532794,,,
662,661,,,-231.5815518811864,1000,False,False,False,True,cutoff,9.25689697265625,,,ou_noise,0,337334,332335,166167,17.583743692874908,12.389151005744933,,,
663,662,,,-239.96950269858863,1000,False,False,False,True,cutoff,9.253395080566406,,,ou_noise,0,338334,333335,166667,16.363832765102387,12.351334057807922,,,
664,663,,,-261.1404754552314,1000,False,False,False,True,cutoff,7.197460651397705,,,ou_noise,0,339334,334335,167167,16.843103100299835,12.4273024892807,,,
665,664,,,165.82436374743264,142,True,False,True,False,success,0.4719083607196808,,,ou_noise,0,339476,334477,167238,17.308837262677475,12.615228122388812,,,
666,665,,,-223.8587866885795,1000,False,False,False,True,cutoff,8.171561241149902,,,ou_noise,0,340476,335477,167738,16.383084780693054,12.414805183410644,,,
667,666,,,172.1600526706079,120,True,False,True,False,success,0.48076513409614563,,,ou_noise,0,340596,335597,167798,16.260725116729738,12.209433221817017,,,
668,667,,,-218.4592997787371,1000,False,False,False,True,cutoff,7.056244850158691,,,ou_noise,0,341596,336597,168298,16.927415845394133,12.733687461853027,,,
669,668,,,171.57324214796898,124,True,False,True,False,success,0.4507119655609131,,,ou_noise,0,341720,336721,168360,15.5683287958945,12.600981066303868,,,
670,669,,,-244.78875477756387,1000,False,False,False,True,cutoff,7.034473896026611,,,ou_noise,0,342720,337721,168860,17.36188016653061,12.774081693649292,,,
671,670,,,128.18554660890118,262,True,False,True,False,success,0.4928269386291504,,,ou_noise,0,342982,337983,168991,17.637014350818315,12.726265823568097,,,
672,671,,,165.90536932305835,142,True,False,True,False,success,0.4243820309638977,,,ou_noise,0,343124,338125,169062,15.539600211130061,12.802028803758219,,,
673,672,,,149.91437634715666,204,True,False,True,False,success,0.41796034574508667,,,ou_noise,0,343328,338329,169164,19.66617251844967,13.225786461549646,,,
674,673,,,-133.79887517529403,86,False,True,True,False,collision,10.673258781433105,,,ou_noise,0,343414,338415,169207,15.332555903944858,12.991325799808946,,,
675,674,,,-239.03612266480673,1000,False,False,False,True,cutoff,8.643415451049805,,,ou_noise,0,344414,339415,169707,17.433866180419923,12.970384958267212,,,
676,675,,,-59.96711486904607,959,True,False,True,False,success,0.4671562612056732,,,ou_noise,0,345373,340374,170187,16.42037596220269,12.92589810391267,,,
677,676,,,133.8893741521787,241,True,False,True,False,success,0.4795481562614441,,,ou_noise,0,345614,340615,170307,20.05137180193826,12.981797381242115,,,
678,677,,,-251.68285449749908,1000,False,False,False,True,cutoff,9.010855674743652,,,ou_noise,0,346614,341615,170807,17.114017424583434,13.109771553993225,,,
679,678,,,168.56104876709458,127,True,False,True,False,success,0.4906814694404602,,,ou_noise,0,346741,341742,170871,17.46910159418902,12.918739140033722,,,
680,679,,,127.40272842127894,260,True,False,True,False,success,0.47420284152030945,,,ou_noise,0,347001,342002,171001,17.956566467651953,13.08271054487962,,,
681,680,,,-249.19665302283016,1000,False,False,False,True,cutoff,9.535287857055664,,,ou_noise,0,348001,343002,171501,18.414756610393525,13.208791490554809,,,
682,681,,,-177.00514037542868,1000,False,False,False,True,cutoff,5.032305717468262,,,ou_noise,0,349001,344002,172001,16.30085141468048,13.252133888244629,,,
683,682,,,167.69375687427606,135,True,False,True,False,success,0.4611997604370117,,,ou_noise,0,349136,344137,172068,18.187059508429634,13.478726500895485,,,
684,683,,,154.82528224361008,175,True,False,True,False,success,0.45302167534828186,,,ou_noise,0,349311,344312,172156,16.43668063572475,13.44533331827684,,,
685,684,,,166.957336921109,138,True,False,True,False,success,0.4634932279586792,,,ou_noise,0,349449,344450,172225,16.15688471517701,13.031465406003205,,,
686,685,,,170.1591950853468,129,True,False,True,False,success,0.4283880293369293,,,ou_noise,0,349578,344579,172289,14.422136547029481,13.224281027913094,,,
687,686,,,169.626361616059,129,True,False,True,False,success,0.47048327326774597,,,ou_noise,0,349707,344708,172354,14.869516206342121,13.335730347266564,,,
688,687,,,135.76179777019408,237,True,False,True,False,success,0.46658194065093994,,,ou_noise,0,349944,344945,172472,17.65280612510971,13.267784062078444,,,
689,688,,,-16.21887205711853,832,True,False,True,False,success,0.4500788748264313,,,ou_noise,0,350776,345777,172888,17.14368176402954,13.281017133822807,,,
690,689,,,143.34040056766133,201,True,False,True,False,success,0.49183908104896545,,,ou_noise,0,350977,345978,172989,19.563138843175782,13.093071937561035,,,
691,690,,,-61.45183318090013,108,False,True,True,False,collision,3.9683306217193604,,,ou_noise,0,351085,346086,173043,16.693056879220187,13.081011445434005,,,
692,691,,,-84.75880094802102,245,False,True,True,False,collision,2.3520827293395996,,,ou_noise,0,351330,346331,173165,16.901284241189764,13.400106594210765,,,
693,692,,,157.86010718867936,155,True,False,True,False,success,0.4815841019153595,,,ou_noise,0,351485,346486,173243,18.692513739678166,13.204628760998066,,,
694,693,,,169.80141242585853,127,True,False,True,False,success,0.44382697343826294,,,ou_noise,0,351612,346613,173306,16.13799771736926,13.13479635450575,,,
695,694,,,169.06413555329226,125,True,False,True,False,success,0.4775066375732422,,,ou_noise,0,351737,346738,173369,16.74820143890381,12.856875071449885,,,
696,695,,,-202.21289842276744,1000,False,False,False,True,cutoff,6.73630952835083,,,ou_noise,0,352737,347738,173869,16.552921295642854,13.276220542907716,,,
697,696,,,169.859218277614,123,True,False,True,False,success,0.41136372089385986,,,ou_noise,0,352860,347861,173930,16.67858350180029,12.824354484433034,,,
698,697,,,-206.14404369825274,1000,False,False,False,True,cutoff,6.840148448944092,,,ou_noise,0,353860,348861,174430,16.99598452425003,13.336601488113404,,,
699,698,,,-182.04041653154124,1000,False,False,False,True,cutoff,4.846055507659912,,,ou_noise,0,354860,349861,174930,17.07677301979065,13.348394991874695,,,
700,699,,,-194.81927386677907,1000,False,False,False,True,cutoff,5.433424472808838,,,ou_noise,0,355860,350861,175430,16.009746746063232,13.289181531906127,,,
701,700,,,-216.53118064834447,1000,False,False,False,True,cutoff,6.994225025177002,,,ou_noise,0,356860,351861,175930,17.349192927360534,13.401108798980713,,,
702,701,,,169.22584340733832,127,True,False,True,False,success,0.41140466928482056,,,ou_noise,0,356987,351988,175994,16.646872813307393,13.81366716325283,,,
703,702,,,-223.2436194794259,1000,False,False,False,True,cutoff,7.036175727844238,,,ou_noise,0,357987,352988,176494,16.750632588386537,13.323340014457703,,,
704,703,,,167.63910206631115,132,True,False,True,False,success,0.4270924925804138,,,ou_noise,0,358119,353120,176560,17.048407793045044,13.112072554501621,,,
705,704,,,39.53638399790687,592,True,False,True,False,success,0.49269312620162964,,,ou_noise,0,358711,353712,176856,17.194517105012327,13.563528598965826,,,
706,705,,,166.4270560646751,135,True,False,True,False,success,0.49763989448547363,,,ou_noise,0,358846,353847,176923,19.184335309487803,13.60763877185423,,,
707,706,,,158.97086514196587,148,True,False,True,False,success,0.4937567710876465,,,ou_noise,0,358994,353995,176997,18.892520601684982,13.434033716047132,,,
708,707,,,172.48960307814968,115,True,False,True,False,success,0.4862971901893616,,,ou_noise,0,359109,354110,177055,17.51666593966277,13.398769049808896,,,
709,708,,,-205.99811944527875,1000,False,False,False,True,cutoff,5.541577339172363,,,ou_noise,0,360109,355110,177555,15.969192434310914,13.217707879066467,,,
710,709,,,169.90566372073707,130,True,False,True,False,success,0.42568856477737427,,,ou_noise,0,360239,355240,177620,15.169967669707079,12.638218190119817,,,
711,710,,,-224.31767002756456,1000,False,False,False,True,cutoff,7.346360206604004,,,ou_noise,0,361239,356240,178120,15.763137150764466,13.072414551734925,,,
712,711,,,109.33737161859456,318,True,False,True,False,success,0.4250398576259613,,,ou_noise,0,361557,356558,178279,17.63291208399167,12.87198926817696,,,
713,712,,,158.8877108459669,152,True,False,True,False,success,0.4427525997161865,,,ou_noise,0,361709,356710,178355,16.707253242793836,13.109696802340055,,,
714,713,,,159.05809520937126,156,True,False,True,False,success,0.49341899156570435,,,ou_noise,0,361865,356866,178433,17.074128682796772,12.86544897617438,,,
715,714,,,173.6375790801477,114,True,False,True,False,success,0.4489715099334717,,,ou_noise,0,361979,356980,178490,13.885142376548366,13.23161710772598,,,
716,715,,,157.778392370522,153,True,False,True,False,success,0.4684513211250305,,,ou_noise,0,362132,357133,178566,17.351781527201336,12.636096301831698,,,
717,716,,,174.13604066010208,113,True,False,True,False,success,0.42255133390426636,,,ou_noise,0,362245,357246,178623,14.872742640233673,12.550056189821477,,,
718,717,,,169.1248054120174,126,True,False,True,False,success,0.47463661432266235,,,ou_noise,0,362371,357372,178686,14.920404203354366,12.394535806443956,,,
719,718,,,164.26061528000838,139,True,False,True,False,success,0.4773010313510895,,,ou_noise,0,362510,357511,178755,18.39538762552275,12.796950519948766,,,
720,719,,,-65.07329275221183,145,False,True,True,False,collision,2.8177483081817627,,,ou_noise,0,362655,357656,178828,17.064344998063714,12.6765960536591,,,
721,720,,,154.01717942986463,166,True,False,True,False,success,0.45784249901771545,,,ou_noise,0,362821,357822,178911,14.86280943112201,12.562548666115267,,,
722,721,,,-219.95878113678748,1000,False,False,False,True,cutoff,6.8825860023498535,,,ou_noise,0,363821,358822,179411,16.960339555740358,12.427958585739136,,,
723,722,,,173.20261168512644,119,True,False,True,False,success,0.45464110374450684,,,ou_noise,0,363940,358941,179470,15.058050243794417,12.474993681503555,,,
724,723,,,148.46219262432183,182,True,False,True,False,success,0.4563872218132019,,,ou_noise,0,364122,359123,179561,15.269219576657473,12.404364061879587,,,
725,724,,,159.83705632248189,149,True,False,True,False,success,0.46837565302848816,,,ou_noise,0,364271,359272,179636,14.747781577526323,12.327410214742025,,,
726,725,,,168.95687744841422,129,True,False,True,False,success,0.4010476768016815,,,ou_noise,0,364400,359401,179700,18.474319886791612,11.917787738144398,,,
727,726,,,160.0229033717385,147,True,False,True,False,success,0.45881927013397217,,,ou_noise,0,364547,359548,179774,16.601302682137003,12.035368461866636,,,
728,727,,,140.76822136107717,213,True,False,True,False,success,0.4868859648704529,,,ou_noise,0,364760,359761,179880,15.784354064386216,11.914661704369312,,,
729,728,,,172.79394915681138,118,True,False,True,False,success,0.4787173569202423,,,ou_noise,0,364878,359879,179939,15.206873247178935,11.643068176204876,,,
730,729,,,168.95956712782578,129,True,False,True,False,success,0.4077274799346924,,,ou_noise,0,365007,360008,180004,15.912812399309734,11.92290293620183,,,
731,730,,,156.0491892605467,156,True,False,True,False,success,0.44417229294776917,,,ou_noise,0,365163,360164,180082,16.755278886892857,12.041642494690723,,,
732,731,,,-218.2028094473957,1000,False,False,False,True,cutoff,7.150442123413086,,,ou_noise,0,366163,361164,180582,14.791163045883179,11.94420987033844,,,
733,732,,,22.798518802702475,731,True,False,True,False,success,0.4523871839046478,,,ou_noise,0,366894,361895,180947,14.836339152788822,11.86063024965051,,,
734,733,,,157.51889242825473,153,True,False,True,False,success,0.4983532726764679,,,ou_noise,0,367047,362048,181024,15.783912926717521,12.13749869458087,,,
735,734,,,173.19142533819178,115,True,False,True,False,success,0.4758787751197815,,,ou_noise,0,367162,362163,181081,16.181872811524766,12.007136462027567,,,
736,735,,,123.54194237034446,275,True,False,True,False,success,0.4503743648529053,,,ou_noise,0,367437,362438,181219,15.03880449295044,11.80315982086071,,,
737,736,,,172.6135357436784,116,True,False,True,False,success,0.48884138464927673,,,ou_noise,0,367553,362554,181277,16.53486912826012,11.671503609624402,,,
738,737,,,152.34913246930776,171,True,False,True,False,success,0.4746626317501068,,,ou_noise,0,367724,362725,181362,15.152326422128064,11.720861227372113,,,
739,738,,,107.61485788479987,332,True,False,True,False,success,0.48220646381378174,,,ou_noise,0,368056,363057,181528,15.588432926729501,11.448527913495719,,,
740,739,,,120.90836881656426,272,True,False,True,False,success,0.46748220920562744,,,ou_noise,0,368328,363329,181664,15.056546202477287,11.519721104818231,,,
741,740,,,-68.05140714018529,136,False,True,True,False,collision,3.254171133041382,,,ou_noise,0,368464,363465,181732,16.567072275806876,11.288335652912364,,,
742,741,,,156.54304202482732,157,True,False,True,False,success,0.48323407769203186,,,ou_noise,0,368621,363622,181811,14.915391016917624,11.495103751556783,,,
743,742,,,172.98790459445138,116,True,False,True,False,success,0.47835102677345276,,,ou_noise,0,368737,363738,181869,15.833132497195539,11.611001927277137,,,
744,743,,,-65.54547789923635,154,False,True,True,False,collision,2.600911855697632,,,ou_noise,0,368891,363892,181946,14.773083854031253,11.271360124860491,,,
745,744,,,113.20953537240659,309,True,False,True,False,success,0.4385927617549896,,,ou_noise,0,369200,364201,182100,14.506370859238707,11.386998139418564,,,
746,745,,,157.78910087083904,155,True,False,True,False,success,0.43838736414909363,,,ou_noise,0,369355,364356,182178,16.499458260690012,11.376859487631382,,,
747,746,,,103.98692332058303,347,True,False,True,False,success,0.44072213768959045,,,ou_noise,0,369702,364703,182351,15.60860223797625,11.361846008741786,,,
748,747,,,171.1914427940595,123,True,False,True,False,success,0.4352162480354309,,,ou_noise,0,369825,364826,182413,15.781076702645155,11.234568265176588,,,
749,748,,,140.40089621878212,218,True,False,True,False,success,0.4800770580768585,,,ou_noise,0,370043,365044,182522,16.228116039836078,11.266929302740534,,,
750,749,,,172.23814901961993,121,True,False,True,False,success,0.482802152633667,,,ou_noise,0,370164,365165,182582,14.464739933486813,11.11163223584493,,,
751,750,,,-79.1193915548663,103,False,True,True,False,collision,5.208508014678955,,,ou_noise,0,370267,365268,182634,13.889484572179109,10.814050436019897,,,
752,751,,,148.35848505248987,179,True,False,True,False,success,0.45311418175697327,,,ou_noise,0,370446,365447,182723,15.884920213475574,11.14584420772081,,,
753,752,,,151.30424057858002,195,True,False,True,False,success,0.46072468161582947,,,ou_noise,0,370641,365642,182821,14.64827204239674,11.048314065349345,,,
754,753,,,-67.95094561034716,152,False,True,True,False,collision,2.7988977432250977,,,ou_noise,0,370793,365794,182897,14.414308099370254,10.995602733210513,,,
755,754,,,117.34671610184395,288,True,False,True,False,success,0.4642997980117798,,,ou_noise,0,371081,366082,183041,18.729814968175358,11.243134455548393,,,
756,755,,,173.02171335187262,118,True,False,True,False,success,0.46729007363319397,,,ou_noise,0,371199,366200,183100,19.23258938627728,11.251033597073313,,,
757,756,,,156.95383599702265,155,True,False,True,False,success,0.4243896007537842,,,ou_noise,0,371354,366355,183177,15.287815198590678,10.814930990144804,,,
758,757,,,156.10871448378492,193,True,False,True,False,success,0.42714089155197144,,,ou_noise,0,371547,366548,183274,18.127617764349427,10.804001237928253,,,
759,758,,,172.64318159421492,117,True,False,True,False,success,0.45440545678138733,,,ou_noise,0,371664,366665,183332,19.430991017920338,10.840242912029398,,,
760,759,,,160.61620747447944,148,True,False,True,False,success,0.468246191740036,,,ou_noise,0,371812,366813,183406,15.627456065770742,10.639931762540662,,,
761,760,,,168.140254140068,131,True,False,True,False,success,0.49246102571487427,,,ou_noise,0,371943,366944,183472,13.36816051716113,10.86305993976015,,,
762,761,,,152.4339095091385,160,True,False,True,False,success,0.4961090683937073,,,ou_noise,0,372103,367104,183552,17.108628675341606,10.881889355182647,,,
763,762,,,162.82095016105768,142,True,False,True,False,success,0.42589959502220154,,,ou_noise,0,372245,367246,183623,14.42498391111132,10.638016217191455,,,
764,763,,,167.956799423521,134,True,False,True,False,success,0.4522130787372589,,,ou_noise,0,372379,367380,183690,16.698914150693522,10.607176453319948,,,
765,764,,,174.73559076704566,114,True,False,True,False,success,0.47231197357177734,,,ou_noise,0,372493,367494,183747,16.976853333021467,10.551680397569088,,,
766,765,,,173.12316035639117,114,True,False,True,False,success,0.42471009492874146,,,ou_noise,0,372607,367608,183804,14.188182420897903,10.753618273818702,,,
767,766,,,162.03366345878212,141,True,False,True,False,success,0.48267361521720886,,,ou_noise,0,372748,367749,183874,14.321713498298157,10.42079986163548,,,
768,767,,,112.86351737671511,337,True,False,True,False,success,0.48891785740852356,,,ou_noise,0,373085,368086,184043,15.289714869830304,10.65762626489944,,,
769,768,,,167.23090459727888,137,True,False,True,False,success,0.46516603231430054,,,ou_noise,0,373222,368223,184111,16.07899057082016,10.48950488427106,,,
770,769,,,168.77115638766054,131,True,False,True,False,success,0.4712556004524231,,,ou_noise,0,373353,368354,184177,16.823830065836432,10.951637051322244,,,
771,770,,,173.81129609650554,114,True,False,True,False,success,0.4996798634529114,,,ou_noise,0,373467,368468,184234,15.959790179603978,10.773865641209117,,,
772,771,,,130.05699712368192,258,True,False,True,False,success,0.450419545173645,,,ou_noise,0,373725,368726,184363,17.08708202931308,10.646806469259335,,,
773,772,,,155.98790779160214,158,True,False,True,False,success,0.4759625792503357,,,ou_noise,0,373883,368884,184442,15.294001615500148,10.268383907366402,,,
774,773,,,157.0939289607906,147,True,False,True,False,success,0.47605159878730774,,,ou_noise,0,374030,369031,184515,14.57448014110124,10.69628544376321,,,
775,774,,,-69.3371464133889,152,False,True,True,False,collision,2.9811172485351562,,,ou_noise,0,374182,369183,184591,18.825764976049726,10.423924747266268,,,
776,775,,,158.12523948958082,151,True,False,True,False,success,0.49912840127944946,,,ou_noise,0,374333,369334,184667,19.25838221935247,10.543622048277603,,,
777,776,,,159.45126205495666,148,True,False,True,False,success,0.47272369265556335,,,ou_noise,0,374481,369482,184741,16.551044193474024,10.532448923265612,,,
778,777,,,168.25330785572862,130,True,False,True,False,success,0.4802245497703552,,,ou_noise,0,374611,369612,184806,16.048695971415594,10.610144659189077,,,
779,778,,,159.7959311153017,146,True,False,True,False,success,0.49617600440979004,,,ou_noise,0,374757,369758,184879,21.593850514660144,10.7536130343398,,,
780,779,,,158.5037955834057,152,True,False,True,False,success,0.47315555810928345,,,ou_noise,0,374909,369910,184955,16.45966495338239,10.720310794679742,,,
781,780,,,154.32780456167694,167,True,False,True,False,success,0.4504986107349396,,,ou_noise,0,375076,370077,185038,15.386854996938192,10.091605789690133,,,
782,781,,,156.05938387991608,174,True,False,True,False,success,0.4382629990577698,,,ou_noise,0,375250,370251,185125,19.441117640199334,10.534267063798575,,,
783,782,,,161.13850745424514,143,True,False,True,False,success,0.46506190299987793,,,ou_noise,0,375393,370394,185197,18.27848986979131,10.499964396158854,,,
784,783,,,164.37927831729667,132,True,False,True,False,success,0.48610103130340576,,,ou_noise,0,375525,370526,185263,15.97046131437475,10.337964895999793,,,
785,784,,,155.57065684533592,165,True,False,True,False,success,0.4578452408313751,,,ou_noise,0,375690,370691,185345,16.563588055697355,10.531402506479402,,,
786,785,,,173.13811758385052,117,True,False,True,False,success,0.406161367893219,,,ou_noise,0,375807,370808,185404,15.51891897071121,10.124719280307575,,,
787,786,,,167.9558640856352,127,True,False,True,False,success,0.43999165296554565,,,ou_noise,0,375934,370935,185467,15.823704178877703,10.518225238436745,,,
788,787,,,152.55985870079832,174,True,False,True,False,success,0.46723148226737976,,,ou_noise,0,376108,371109,185554,16.047899503817504,10.404724570526474,,,
789,788,,,157.1742299566682,149,True,False,True,False,success,0.49895358085632324,,,ou_noise,0,376257,371258,185629,18.48926668999179,10.439683303833007,,,
790,789,,,144.00872860357967,193,True,False,True,False,success,0.4248221814632416,,,ou_noise,0,376450,371451,185725,16.1133041258303,10.50125503540039,,,
791,790,,,166.50096927912537,138,True,False,True,False,success,0.4483898878097534,,,ou_noise,0,376588,371589,185794,19.07654343135115,10.390574462171914,,,
792,791,,,173.19083210227222,113,True,False,True,False,success,0.49091508984565735,,,ou_noise,0,376701,371702,185851,17.309577317364447,10.375739064132958,,,
793,792,,,172.80678883100353,114,True,False,True,False,success,0.46460089087486267,,,ou_noise,0,376815,371816,185908,15.73630298229686,10.38390406391077,,,
794,793,,,-191.4757058570097,1000,False,False,False,True,cutoff,4.322372913360596,,,ou_noise,0,377815,372816,186408,17.108318073272706,10.347383282661438,,,
795,794,,,148.97174316728254,185,True,False,True,False,success,0.4417719841003418,,,ou_noise,0,378000,373001,186500,13.871879969416439,10.856141655341439,,,
796,795,,,165.76922678705682,137,True,False,True,False,success,0.4863763451576233,,,ou_noise,0,378137,373138,186569,15.502943421802382,10.748346833215244,,,
797,796,,,59.50196644997853,615,True,False,True,False,success,0.43801605701446533,,,ou_noise,0,378752,373753,186876,15.598683971311988,10.558823882174414,,,
798,797,,,155.50926528278157,159,True,False,True,False,success,0.496480792760849,,,ou_noise,0,378911,373912,186956,17.002588751930862,10.763032406568527,,,
799,798,,,160.25873340127657,144,True,False,True,False,success,0.4847443997859955,,,ou_noise,0,379055,374056,187028,17.992963661750156,10.693808171484205,,,
800,799,,,141.11847127527815,223,True,False,True,False,success,0.45847824215888977,,,ou_noise,0,379278,374279,187139,17.896987081108605,10.533628472336778,,,
801,800,,,157.8144646788167,156,True,False,True,False,success,0.44329407811164856,,,ou_noise,0,379434,374435,187217,16.713387015538338,10.504373544301743,,,
802,801,,,145.21764510914662,190,True,False,True,False,success,0.44727545976638794,,,ou_noise,0,379624,374625,187312,14.452434052919086,10.805488511135703,,,
803,802,,,163.79728470157073,146,True,False,True,False,success,0.4612606465816498,,,ou_noise,0,379770,374771,187385,14.862761455039456,10.316429007543276,,,
804,803,,,140.36714621557059,251,True,False,True,False,success,0.46217188239097595,,,ou_noise,0,380021,375022,187511,16.112214789447556,10.449840920312065,,,
805,804,,,172.0550033308947,123,True,False,True,False,success,0.4883122146129608,,,ou_noise,0,380144,375145,187572,14.422068681174178,10.265269506173055,,,
806,805,,,159.53584733270625,151,True,False,True,False,success,0.45465874671936035,,,ou_noise,0,380295,375296,187648,17.568774952793753,10.393557423039487,,,
807,806,,,153.84748567474344,174,True,False,True,False,success,0.43720459938049316,,,ou_noise,0,380469,375470,187735,14.885477438740347,10.288408290380719,,,
808,807,,,170.45395057299032,125,True,False,True,False,success,0.4573374092578888,,,ou_noise,0,380594,375595,187797,14.246640842437744,10.405604177905667,,,
809,808,,,169.4916971573062,129,True,False,True,False,success,0.4320175051689148,,,ou_noise,0,380723,375724,187862,15.264487684235093,10.031666785020095,,,
810,809,,,166.82709859868487,134,True,False,True,False,success,0.4890269935131073,,,ou_noise,0,380857,375858,187929,17.099552183008907,10.829993554015658,,,
811,810,,,138.71101156873257,229,True,False,True,False,success,0.40473949909210205,,,ou_noise,0,381086,376087,188043,17.107221230669314,10.206708473071718,,,
812,811,,,124.90416403879993,251,True,False,True,False,success,0.47043824195861816,,,ou_noise,0,381337,376338,188169,18.999313945314324,10.203335440348065,,,
813,812,,,-214.528550383836,1000,False,False,False,True,cutoff,5.446152687072754,,,ou_noise,0,382337,377338,188669,15.896464456558228,10.508378098487855,,,
814,813,,,152.1308296373523,165,True,False,True,False,success,0.4386396110057831,,,ou_noise,0,382502,377503,188751,13.769432484019886,10.44700602787297,,,
815,814,,,162.8469999285378,151,True,False,True,False,success,0.4313051104545593,,,ou_noise,0,382653,377654,188827,17.78049069840387,10.430666107880441,,,
816,815,,,162.16689364813135,152,True,False,True,False,success,0.4051850736141205,,,ou_noise,0,382805,377806,188903,19.496927126457816,10.116137184594807,,,
817,816,,,171.14692804772335,126,True,False,True,False,success,0.44780901074409485,,,ou_noise,0,382931,377932,188966,16.125432264237176,10.572758371867831,,,
818,817,,,157.86640105801678,158,True,False,True,False,success,0.4521924555301666,,,ou_noise,0,383089,378090,189045,16.168567684632315,10.7989547463912,,,
819,818,,,90.02021037581419,381,True,False,True,False,success,0.4488065540790558,,,ou_noise,0,383470,378471,189235,15.547597475877897,10.532117582622327,,,
820,819,,,157.5263662824106,156,True,False,True,False,success,0.48593613505363464,,,ou_noise,0,383626,378627,189313,15.64270950280703,10.445933280847012,,,
821,820,,,149.40348006400572,185,True,False,True,False,success,0.494075208902359,,,ou_noise,0,383811,378812,189406,15.179578327488255,10.69523799034857,,,
822,821,,,131.80369051173454,305,True,False,True,False,success,0.41153883934020996,,,ou_noise,0,384116,379117,189558,14.116165411276896,10.516221504462393,,,
823,822,,,159.09487304379712,156,True,False,True,False,success,0.48567190766334534,,,ou_noise,0,384272,379273,189636,13.860109931383377,10.55939217714163,,,
824,823,,,172.92764657078888,114,True,False,True,False,success,0.4982251822948456,,,ou_noise,0,384386,379387,189693,14.800203632890133,10.344150275514837,,,
825,824,,,167.5041773681804,135,True,False,True,False,success,0.48693931102752686,,,ou_noise,0,384521,379522,189761,16.5447282049391,10.256000869414386,,,
826,825,,,153.51726577764555,171,True,False,True,False,success,0.47427627444267273,,,ou_noise,0,384692,379693,189846,16.28764934149402,10.412404716716093,,,
827,826,,,156.77319556604334,162,True,False,True,False,success,0.4803544282913208,,,ou_noise,0,384854,379855,189927,15.472138416619948,10.689812724972949,,,
828,827,,,146.31822914071927,197,True,False,True,False,success,0.43340805172920227,,,ou_noise,0,385051,380052,190026,14.06616385455059,10.943317052089807,,,
829,828,,,152.78542675523673,168,True,False,True,False,success,0.49799013137817383,,,ou_noise,0,385219,380220,190110,16.375175447691056,10.255728846504574,,,
830,829,,,22.33400168474212,610,True,False,True,False,success,0.45348402857780457,,,ou_noise,0,385829,380830,190415,15.866951847858116,10.71407994911319,,,
831,830,,,-53.32027256120709,116,False,True,True,False,collision,2.6636765003204346,,,ou_noise,0,385945,380946,190473,18.668525420386217,11.225446331089941,,,
832,831,,,170.0556047184158,124,True,False,True,False,success,0.4206676185131073,,,ou_noise,0,386069,381070,190535,14.067892339921766,10.701368108872444,,,
833,832,,,175.99636976499738,110,True,False,True,False,success,0.4389733672142029,,,ou_noise,0,386179,381180,190590,15.04602748263966,10.734287626093083,,,
834,833,,,131.1416007419367,249,True,False,True,False,success,0.4856889843940735,,,ou_noise,0,386428,381429,190714,17.422305101371673,10.708986924540612,,,
835,834,,,172.91821359186577,119,True,False,True,False,success,0.4336191713809967,,,ou_noise,0,386547,381548,190774,16.548967577830084,10.807262643178303,,,
836,835,,,157.06189911940888,167,True,False,True,False,success,0.4550437331199646,,,ou_noise,0,386714,381715,190857,15.80174043221388,10.422183117234564,,,
837,836,,,152.25050909320953,177,True,False,True,False,success,0.412803053855896,,,ou_noise,0,386891,381892,190946,14.095954426264358,10.417110453830675,,,
838,837,,,-12.07033064481071,768,True,False,True,False,success,0.4211900532245636,,,ou_noise,0,387659,382660,191330,14.636942179252705,10.646442901343107,,,
839,838,,,163.17410117733664,142,True,False,True,False,success,0.49678564071655273,,,ou_noise,0,387801,382802,191401,15.95662438701576,10.707810166855934,,,
840,839,,,-242.6121919154818,304,False,True,True,False,collision,10.887116432189941,,,ou_noise,0,388105,383106,191553,17.266186339290517,10.473051105674944,,,
841,840,,,172.73789986501234,122,True,False,True,False,success,0.40867990255355835,,,ou_noise,0,388227,383228,191614,18.853810752024415,10.746000188295959,,,
842,841,,,146.75387930502148,205,True,False,True,False,success,0.42211097478866577,,,ou_noise,0,388432,383433,191716,16.517996697309542,10.463540876612944,,,
843,842,,,-120.91468179930304,52,False,True,True,False,collision,10.628212928771973,,,ou_noise,0,388484,383485,191742,12.911333175805899,10.424522913419283,,,
844,843,,,176.35379935306463,109,True,False,True,False,success,0.4607819616794586,,,ou_noise,0,388593,383594,191797,17.032303013932815,10.43821568922563,,,
845,844,,,111.96336136490092,350,True,False,True,False,success,0.4820961058139801,,,ou_noise,0,388943,383944,191972,16.405578520638603,10.675553131103516,,,
846,845,,,171.5596843700034,120,True,False,True,False,success,0.47583940625190735,,,ou_noise,0,389063,384064,192032,16.74480479558309,10.369210537274679,,,
847,846,,,-235.7867899975952,1000,False,False,False,True,cutoff,6.599720001220703,,,ou_noise,0,390063,385064,192532,15.850201928138732,10.85235544681549,,,
848,847,,,154.5340333328465,170,True,False,True,False,success,0.4426794648170471,,,ou_noise,0,390233,385234,192617,18.55522784625783,10.985285719703226,,,
849,848,,,168.69505491596476,124,True,False,True,False,success,0.4912288784980774,,,ou_noise,0,390357,385358,192679,13.103284724297062,10.816585879172049,,,
850,849,,,-188.7554913238983,1000,False,False,False,True,cutoff,4.037675857543945,,,ou_noise,0,391357,386358,193179,15.708832456588745,10.959279654502868,,,
851,850,,,152.69257588944754,171,True,False,True,False,success,0.47643253207206726,,,ou_noise,0,391528,386529,193264,17.38034997906601,11.196128071055693,,,
852,851,,,-65.75437714069727,137,False,True,True,False,collision,2.978642225265503,,,ou_noise,0,391665,386666,193333,14.319270910137762,11.137333171955053,,,
853,852,,,-209.69596075136351,1000,False,False,False,True,cutoff,5.703649997711182,,,ou_noise,0,392665,387666,193833,16.835441890716552,11.130669644355773,,,
854,853,,,166.53672452434637,131,True,False,True,False,success,0.4854731857776642,,,ou_noise,0,392796,387797,193898,14.012031122018362,11.531332896305965,,,
855,854,,,-85.66700406295307,29,False,True,True,False,collision,8.460092544555664,,,ou_noise,0,392825,387826,193913,17.5813956753961,11.660482152303059,,,
856,855,,,140.5440494858032,228,True,False,True,False,success,0.41117390990257263,,,ou_noise,0,393053,388054,194027,15.542475867689701,11.550581685283728,,,
857,856,,,153.47563465124168,159,True,False,True,False,success,0.46298372745513916,,,ou_noise,0,393212,388213,194106,16.95429741961401,11.475512601152252,,,
858,857,,,39.84412922594567,576,True,False,True,False,success,0.49629881978034973,,,ou_noise,0,393788,388789,194394,15.706589231060612,11.434240783254305,,,
859,858,,,171.5603922016724,124,True,False,True,False,success,0.48396632075309753,,,ou_noise,0,393912,388913,194456,14.458788787164996,11.768838820918914,,,
860,859,,,-60.42674867505687,939,True,False,True,False,success,0.4539608955383301,,,ou_noise,0,394851,389852,194926,15.76812417413226,11.510528904326419,,,
861,860,,,167.618630752652,132,True,False,True,False,success,0.48843488097190857,,,ou_noise,0,394983,389984,194992,14.69768497799382,11.46637511253357,,,
862,861,,,-50.497559276292186,89,False,True,True,False,collision,3.2312099933624268,,,ou_noise,0,395072,390073,195036,14.431684236847952,11.545924945311112,,,
863,862,,,-259.8051792136156,1000,False,False,False,True,cutoff,6.211581707000732,,,ou_noise,0,396072,391073,195536,17.21176219987869,11.334692931175232,,,
864,863,,,162.37776735358628,139,True,False,True,False,success,0.4960618019104004,,,ou_noise,0,396211,391212,195606,14.984373789039447,11.617665413447789,,,
865,864,,,153.01737194894832,175,True,False,True,False,success,0.4467696249485016,,,ou_noise,0,396386,391387,195693,16.059778682163785,11.796749208165311,,,
866,865,,,158.09716837574916,170,True,False,True,False,success,0.48022526502609253,,,ou_noise,0,396556,391557,195778,15.988279794244205,11.260790404151468,,,
867,866,,,-249.37495379831537,1000,False,False,False,True,cutoff,9.126169204711914,,,ou_noise,0,397556,392557,196278,18.892086832523347,11.732692373275757,,,
868,867,,,173.1748326128995,114,True,False,True,False,success,0.40651920437812805,,,ou_noise,0,397670,392671,196335,16.825661044371756,11.498771173912182,,,
869,868,,,-68.39635702749355,59,False,True,True,False,collision,5.95908784866333,,,ou_noise,0,397729,392730,196365,17.85970180317507,11.571957524617513,,,
870,869,,,141.71003408531902,237,True,False,True,False,success,0.4191146492958069,,,ou_noise,0,397966,392967,196483,17.663974323353184,11.604501303979905,,,
871,870,,,-275.2306799589831,1000,False,False,False,True,cutoff,7.043148517608643,,,ou_noise,0,398966,393967,196983,16.352567345619203,11.622297012329101,,,
872,871,,,166.42615368179543,133,True,False,True,False,success,0.48282843828201294,,,ou_noise,0,399099,394100,197050,16.09467569867471,11.983829911075421,,,
873,872,,,146.97719446082954,223,True,False,True,False,success,0.43416184186935425,,,ou_noise,0,399322,394323,197161,21.80578300022758,11.597050228634396,,,
874,873,,,-41.091943915088116,105,False,True,True,False,collision,2.2191989421844482,,,ou_noise,0,399427,394428,197214,18.34492663428897,11.730090231265661,,,
875,874,,,-237.25858931843825,1000,False,False,False,True,cutoff,6.314290523529053,,,ou_noise,0,400427,395428,197714,17.967202136516573,11.749861733436585,,,
876,875,,,151.78863060548252,175,True,False,True,False,success,0.4537127912044525,,,ou_noise,0,400602,395603,197801,15.42779891695295,11.705024615101431,,,
877,876,,,-214.90728427141278,1000,False,False,False,True,cutoff,5.358192443847656,,,ou_noise,0,401602,396603,198301,16.655139060497284,11.824597702026367,,,
878,877,,,151.52281683359467,168,True,False,True,False,success,0.46775293350219727,,,ou_noise,0,401770,396771,198385,16.874836453369685,11.461865720294771,,,
879,878,,,165.62202972027953,136,True,False,True,False,success,0.4892013669013977,,,ou_noise,0,401906,396907,198453,23.910322196343365,11.524853762458353,,,
880,879,,,171.14859479585272,123,True,False,True,False,success,0.44180169701576233,,,ou_noise,0,402029,397030,198515,14.333424362709852,12.141829829062186,,,
881,880,,,117.6664164049293,277,True,False,True,False,success,0.47833675146102905,,,ou_noise,0,402306,397307,198653,17.88314638929677,11.538237893063089,,,
882,881,,,-4.8575575152376445,740,True,False,True,False,success,0.43068939447402954,,,ou_noise,0,403046,398047,199023,17.42237582335601,11.805969468967335,,,
883,882,,,171.7697498740543,120,True,False,True,False,success,0.44853675365448,,,ou_noise,0,403166,398167,199083,15.584953176975251,11.833285697301228,,,
884,883,,,164.24462756417842,140,True,False,True,False,success,0.43872079253196716,,,ou_noise,0,403306,398307,199153,17.572979511533465,11.746002762658255,,,
885,884,,,-207.97953579509937,1000,False,False,False,True,cutoff,3.755051612854004,,,ou_noise,0,404306,399307,199653,17.709049922466278,11.555484318733216,,,
886,885,,,158.98148950120455,168,True,False,True,False,success,0.4629090428352356,,,ou_noise,0,404474,399475,199737,18.97173549163909,11.606587534859067,,,
887,886,,,167.59334749947706,129,True,False,True,False,success,0.4498574137687683,,,ou_noise,0,404603,399604,199802,17.656974637231162,11.76792851961576,,,
888,887,,,164.60223293089848,144,True,False,True,False,success,0.43562012910842896,,,ou_noise,0,404747,399748,199874,13.955117725663715,11.215426723162333,,,
889,888,,,158.6808449373993,150,True,False,True,False,success,0.41358840465545654,,,ou_noise,0,404897,399898,199949,18.460729767481485,11.681782754262288,,,
890,889,,,146.37963070926384,182,True,False,True,False,success,0.43875589966773987,,,ou_noise,0,405079,400080,200040,21.281449323172097,11.376102012592357,,,
891,890,,,156.15569404186743,173,True,False,True,False,success,0.4340161383152008,,,ou_noise,0,405252,400253,200126,17.209894734310964,11.48555075845053,,,
892,891,,,148.17166870797206,206,True,False,True,False,success,0.47278687357902527,,,ou_noise,0,405458,400459,200229,17.21378850473941,11.369722917241958,,,
893,892,,,154.47349929132437,154,True,False,True,False,success,0.4931703507900238,,,ou_noise,0,405612,400613,200306,17.651828465523657,11.229885708202016,,,
894,893,,,171.5624852125701,120,True,False,True,False,success,0.42763930559158325,,,ou_noise,0,405732,400733,200366,19.428804032007854,11.427469889322916,,,
895,894,,,156.34182634670316,145,True,False,True,False,success,0.4312451183795929,,,ou_noise,0,405877,400878,200439,18.191119575500487,11.611893137840376,,,
896,895,,,164.04515498837077,140,True,False,True,False,success,0.42121946811676025,,,ou_noise,0,406017,401018,200509,17.49387996196747,10.812314653396607,,,
897,896,,,59.5161099585091,564,True,False,True,False,success,0.46650391817092896,,,ou_noise,0,406581,401582,200791,16.56260810253468,11.425953203904713,,,
898,897,,,170.07710269668166,125,True,False,True,False,success,0.49172213673591614,,,ou_noise,0,406706,401707,200853,18.258012161254882,11.534366192356233,,,
899,898,,,25.3166953375635,675,True,False,True,False,success,0.46934080123901367,,,ou_noise,0,407381,402382,201191,18.431589457900436,11.594329942612958,,,
900,899,,,170.1547476433234,121,True,False,True,False,success,0.46903175115585327,,,ou_noise,0,407502,402503,201251,18.448699300939385,11.488516696294148,,,
901,900,,,155.54706193235475,155,True,False,True,False,success,0.45785436034202576,,,ou_noise,0,407657,402658,201329,16.10770962622858,11.650659854595478,,,
902,901,,,165.27331567852275,145,True,False,True,False,success,0.425702303647995,,,ou_noise,0,407802,402803,201401,19.83903013755535,11.404864284727308,,,
903,902,,,162.9288367692042,144,True,False,True,False,success,0.46422719955444336,,,ou_noise,0,407946,402947,201473,14.288140535354614,10.96286365058687,,,
904,903,,,-87.33159545191519,44,False,True,True,False,collision,7.711202144622803,,,ou_noise,0,407990,402991,201495,13.95240277593786,10.965687188235195,,,
905,904,,,160.3578992099997,162,True,False,True,False,success,0.4824226498603821,,,ou_noise,0,408152,403153,201576,16.016914709114733,11.16439816981186,,,
906,905,,,167.62546935499486,132,True,False,True,False,success,0.4534291923046112,,,ou_noise,0,408284,403285,201642,14.762153061953457,10.992967056505607,,,
907,906,,,170.2525734293456,127,True,False,True,False,success,0.4911252558231354,,,ou_noise,0,408411,403412,201706,17.931819506517545,11.068020045757294,,,
908,907,,,-215.33518364076883,1000,False,False,False,True,cutoff,5.747467994689941,,,ou_noise,0,409411,404412,202206,17.018083901405333,11.13614456653595,,,
909,908,,,166.95843661578488,134,True,False,True,False,success,0.45207181572914124,,,ou_noise,0,409545,404546,202273,17.38896526863326,11.110129769168683,,,
910,909,,,165.00390870892392,137,True,False,True,False,success,0.48561719059944153,,,ou_noise,0,409682,404683,202341,22.054588133401243,10.98408739005818,,,
911,910,,,150.16360822218314,175,True,False,True,False,success,0.4546316862106323,,,ou_noise,0,409857,404858,202429,16.363215097699847,10.967255359346217,,,
912,911,,,-219.34260849682397,1000,False,False,False,True,cutoff,6.921300411224365,,,ou_noise,0,410857,405858,202929,17.90548696565628,11.006805680274963,,,
913,912,,,167.73170400639825,132,True,False,True,False,success,0.44849392771720886,,,ou_noise,0,410989,405990,202995,19.926328572359953,10.880394437096335,,,
914,913,,,51.70683844119324,456,True,False,True,False,success,0.43377017974853516,,,ou_noise,0,411445,406446,203223,19.373690728555644,11.04612540153035,,,
915,914,,,170.5176420072902,123,True,False,True,False,success,0.46925443410873413,,,ou_noise,0,411568,406569,203284,19.02561980534375,11.20825240651115,,,
916,915,,,-258.9959305114005,1000,False,False,False,True,cutoff,7.332409381866455,,,ou_noise,0,412568,407569,203784,17.943005751132965,10.882081129074097,,,
917,916,,,165.34620300125323,131,True,False,True,False,success,0.49496933817863464,,,ou_noise,0,412699,407700,203850,16.7305231822356,11.129316864591656,,,
918,917,,,167.64972542672314,134,True,False,True,False,success,0.48427680134773254,,,ou_noise,0,412833,407834,203917,17.06603344162898,11.26731028485654,,,
919,918,,,145.29076277232258,194,True,False,True,False,success,0.44066575169563293,,,ou_noise,0,413027,408028,204014,19.816176382536742,10.826235299257888,,,
920,919,,,162.40798816144815,139,True,False,True,False,success,0.48081228137016296,,,ou_noise,0,413166,408167,204083,20.83284415100976,11.279042423635289,,,
921,920,,,140.1879017645362,211,True,False,True,False,success,0.4751091003417969,,,ou_noise,0,413377,408378,204189,15.93573367087197,10.698623567257288,,,
922,921,,,153.74747605719972,167,True,False,True,False,success,0.48473766446113586,,,ou_noise,0,413544,408545,204272,18.242022345879835,11.007860654807953,,,
923,922,,,-222.21084273485496,1000,False,False,False,True,cutoff,5.660345554351807,,,ou_noise,0,414544,409545,204772,17.47383393383026,10.684374773979187,,,
924,923,,,168.15314447846148,138,True,False,True,False,success,0.48444196581840515,,,ou_noise,0,414682,409683,204841,17.544660851575326,10.790535760962445,,,
925,924,,,174.01895622739713,111,True,False,True,False,success,0.49530696868896484,,,ou_noise,0,414793,409794,204897,15.734015078157991,10.814832840647016,,,
926,925,,,53.685492808404135,415,True,False,True,False,success,0.4992407560348511,,,ou_noise,0,415208,410209,205104,18.329678033346152,10.911704574806103,,,
927,926,,,-204.45470131007272,1000,False,False,False,True,cutoff,1.3118104934692383,,,ou_noise,0,416208,411209,205604,18.956493990421293,10.87716766166687,,,
928,927,,,158.84529458814777,154,True,False,True,False,success,0.4555974006652832,,,ou_noise,0,416362,411363,205681,17.56242191636717,10.552157742636544,,,
929,928,,,146.10618502164112,188,True,False,True,False,success,0.42377156019210815,,,ou_noise,0,416550,411551,205775,18.40041993526702,10.585059718882784,,,
930,929,,,162.41233225245531,149,True,False,True,False,success,0.43053844571113586,,,ou_noise,0,416699,411700,205850,21.28280871986543,10.806941779454549,,,
931,930,,,156.6308127938847,155,True,False,True,False,success,0.47697845101356506,,,ou_noise,0,416854,411855,205927,17.353730232484878,10.84990576335362,,,
932,931,,,167.71167456099982,126,True,False,True,False,success,0.4896339178085327,,,ou_noise,0,416980,411981,205990,17.300215391885665,10.670189569866846,,,
933,932,,,-202.01408077945052,1000,False,False,False,True,cutoff,5.974945068359375,,,ou_noise,0,417980,412981,206490,17.60578065109253,10.5354275970459,,,
934,933,,,143.15707261943118,206,True,False,True,False,success,0.4643104672431946,,,ou_noise,0,418186,413187,206593,19.159430716801616,10.399513128891732,,,
935,934,,,162.5082535039346,152,True,False,True,False,success,0.476488322019577,,,ou_noise,0,418338,413339,206669,24.220061688046705,10.965838382118626,,,
936,935,,,57.11677244289516,533,True,False,True,False,success,0.46871501207351685,,,ou_noise,0,418871,413872,206936,18.39927231661598,10.641277293587445,,,
937,936,,,166.85338513902536,134,True,False,True,False,success,0.40473026037216187,,,ou_noise,0,419005,414006,207003,19.126038971231946,10.63540789618421,,,
938,937,,,166.02975014651648,130,True,False,True,False,success,0.48600083589553833,,,ou_noise,0,419135,414136,207068,24.552221562312198,10.577474806858943,,,
939,938,,,170.45640310965297,122,True,False,True,False,success,0.46335235238075256,,,ou_noise,0,419257,414258,207129,19.017163292306368,10.99730743345667,,,
940,939,,,-232.19995032358128,1000,False,False,False,True,cutoff,1.4646902084350586,,,ou_noise,0,420257,415258,207629,18.261829454421996,10.545632175445556,,,
941,940,,,164.343213694949,139,True,False,True,False,success,0.4540101885795593,,,ou_noise,0,420396,415397,207698,16.27754276604961,10.701880710712377,,,
942,941,,,153.65189518939835,170,True,False,True,False,success,0.4692203402519226,,,ou_noise,0,420566,415567,207783,18.14062773480135,10.516655989254222,,,
943,942,,,-219.5961801638644,1000,False,False,False,True,cutoff,7.138641834259033,,,ou_noise,0,421566,416567,208283,18.235022401809694,10.568646835327149,,,
944,943,,,174.3733504953517,112,True,False,True,False,success,0.4757075309753418,,,ou_noise,0,421678,416679,208339,15.867995364325386,10.468697837420873,,,
945,944,,,-219.21102637344316,1000,False,False,False,True,cutoff,7.145786762237549,,,ou_noise,0,422678,417679,208839,19.213665199279784,10.601902429580688,,,
946,945,,,-235.40239097173253,1000,False,False,False,True,cutoff,7.215436935424805,,,ou_noise,0,423678,418679,209339,18.461010152339934,10.55428871536255,,,
947,946,,,160.55592252854865,155,True,False,True,False,success,0.4847579598426819,,,ou_noise,0,423833,418834,209417,19.567278652806436,10.820611440218412,,,
948,947,,,170.6428640797402,124,True,False,True,False,success,0.4250577688217163,,,ou_noise,0,423957,418958,209479,15.158787769656028,10.90281932584701,,,
949,948,,,169.80108880820165,126,True,False,True,False,success,0.4712815284729004,,,ou_noise,0,424083,419084,209542,14.636040664854503,10.80491738849216,,,
950,949,,,167.5578544667652,135,True,False,True,False,success,0.4633207321166992,,,ou_noise,0,424218,419219,209609,18.259044866208676,11.2687092752599,,,
951,950,,,-225.01559370152285,1000,False,False,False,True,cutoff,7.449801921844482,,,ou_noise,0,425218,420219,210109,19.21029309940338,10.888173342704773,,,
952,951,,,165.8803888024336,139,True,False,True,False,success,0.4651896059513092,,,ou_noise,0,425357,420358,210179,17.966359731962356,11.343577582495554,,,
953,952,,,-215.26151595391343,1000,False,False,False,True,cutoff,7.554078578948975,,,ou_noise,0,426357,421358,210679,18.75451153755188,10.96913245010376,,,
954,953,,,-213.6429466493218,1000,False,False,False,True,cutoff,7.179405212402344,,,ou_noise,0,427357,422358,211179,17.142182943820952,11.016249499320985,,,
955,954,,,164.67014214999156,140,True,False,True,False,success,0.40554141998291016,,,ou_noise,0,427497,422498,211249,16.69049300125667,11.02896650178092,,,
956,955,,,-227.7979478504833,1000,False,False,False,True,cutoff,7.392285346984863,,,ou_noise,0,428497,423498,211749,17.711174224376677,11.194278985977173,,,
957,956,,,166.9907540753838,132,True,False,True,False,success,0.4593341648578644,,,ou_noise,0,428629,423630,211815,18.53766803307967,11.312275453047318,,,
958,957,,,-230.8296141577275,1000,False,False,False,True,cutoff,7.661165237426758,,,ou_noise,0,429629,424630,212315,17.934914157390594,11.165227424621582,,,
959,958,,,169.36262435099482,125,True,False,True,False,success,0.4237686097621918,,,ou_noise,0,429754,424755,212377,23.218550567626952,11.596598017600275,,,
960,959,,,-131.98837806450558,379,False,True,True,False,collision,3.266775369644165,,,ou_noise,0,430133,425134,212567,17.72549576117684,11.408982811476054,,,
961,960,,,-299.07452668672477,816,False,True,True,False,collision,6.595383644104004,,,ou_noise,0,430949,425950,212975,18.906880347752104,11.54566954047072,,,
962,961,,,166.7922261536787,131,True,False,True,False,success,0.4738336205482483,,,ou_noise,0,431080,426081,213040,18.12161391381999,11.535177157475399,,,
963,962,,,-137.02068547049976,163,False,True,True,False,collision,6.986673831939697,,,ou_noise,0,431243,426244,213122,16.249214479528323,11.499294850884414,,,
964,963,,,-308.4212451336169,805,False,True,True,False,collision,6.771670341491699,,,ou_noise,0,432048,427049,213524,18.598177376148865,11.336172719499958,,,
965,964,,,168.3120430553658,133,True,False,True,False,success,0.44940701127052307,,,ou_noise,0,432181,427182,213591,15.360597617644116,11.623394838019983,,,
966,965,,,-209.58390150852006,554,False,True,True,False,collision,6.204508304595947,,,ou_noise,0,432735,427736,213868,16.820526797848917,11.724801252895315,,,
967,966,,,91.44073211958144,406,True,False,True,False,success,0.43872272968292236,,,ou_noise,0,433141,428142,214071,20.489103487559728,11.60884970866988,,,
968,967,,,-227.4489610325086,1000,False,False,False,True,cutoff,6.366081714630127,,,ou_noise,0,434141,429142,214571,17.985798688411712,11.457913093566894,,,
969,968,,,166.11310266656523,140,True,False,True,False,success,0.46275803446769714,,,ou_noise,0,434281,429282,214641,15.632792173113142,11.540972239630563,,,
970,969,,,161.38025802375162,148,True,False,True,False,success,0.49764183163642883,,,ou_noise,0,434429,429430,214715,16.969617811409204,11.756740176999891,,,
971,970,,,166.7203478359699,139,True,False,True,False,success,0.45099398493766785,,,ou_noise,0,434568,429569,214784,19.57078902841472,11.365033488342727,,,
972,971,,,-218.00803626552533,1000,False,False,False,True,cutoff,7.220305442810059,,,ou_noise,0,435568,430569,215284,19.01121526813507,11.074011439800262,,,
973,972,,,168.99056523549774,120,True,False,True,False,success,0.4715289771556854,,,ou_noise,0,435688,430689,215344,17.125163956483206,11.40548259417216,,,
974,973,,,-244.10296088116826,1000,False,False,False,True,cutoff,7.152457237243652,,,ou_noise,0,436688,431689,215844,19.5844513630867,11.147243897438049,,,
975,974,,,169.38426967148717,127,True,False,True,False,success,0.4723091423511505,,,ou_noise,0,436815,431816,215908,22.832928023000402,11.169305242598057,,,
976,975,,,158.63073652476558,163,True,False,True,False,success,0.47697582840919495,,,ou_noise,0,436978,431979,215989,21.190382144202484,11.225345140621986,,,
977,976,,,-241.0944467704659,1000,False,False,False,True,cutoff,6.756287574768066,,,ou_noise,0,437978,432979,216489,19.20483818101883,11.017509817600251,,,
978,977,,,171.71053031580627,121,True,False,True,False,success,0.4421375095844269,,,ou_noise,0,438099,433100,216550,18.405651510254412,11.1963906366317,,,
979,978,,,-257.94767951973387,1000,False,False,False,True,cutoff,7.240777969360352,,,ou_noise,0,439099,434100,217050,18.464660185337067,10.744052547454833,,,
980,979,,,157.09383188432673,175,True,False,True,False,success,0.4847036302089691,,,ou_noise,0,439274,434275,217137,23.682554179600306,10.329001048515583,,,
981,980,,,166.47936418869944,135,True,False,True,False,success,0.43091830611228943,,,ou_noise,0,439409,434410,217205,16.506638767101148,10.412070863387164,,,
982,981,,,166.7443652153848,140,True,False,True,False,success,0.479462593793869,,,ou_noise,0,439549,434550,217275,19.814508581161498,10.316935532433646,,,
983,982,,,-235.04623416591264,1000,False,False,False,True,cutoff,7.515383720397949,,,ou_noise,0,440549,435550,217775,18.262255553722383,10.439898000717163,,,
984,983,,,-12.691302276782366,760,True,False,True,False,success,0.4751315712928772,,,ou_noise,0,441309,436310,218155,18.564767872659782,10.31387039611214,,,
985,984,,,-208.6859767779248,1000,False,False,False,True,cutoff,7.403622150421143,,,ou_noise,0,442309,437310,218655,17.146888773918153,10.117185662269593,,,
986,985,,,155.30728565287288,154,True,False,True,False,success,0.41550734639167786,,,ou_noise,0,442463,437464,218732,15.79440804890224,9.590419899333607,,,
987,986,,,-247.56126347066484,1000,False,False,False,True,cutoff,7.527240753173828,,,ou_noise,0,443463,438464,219232,18.5453648314476,9.945623465061187,,,
988,987,,,162.27861674317776,151,True,False,True,False,success,0.45857861638069153,,,ou_noise,0,443614,438615,219307,16.097286259101715,9.65158135732015,,,
989,988,,,167.4325419570469,128,True,False,True,False,success,0.41071856021881104,,,ou_noise,0,443742,438743,219371,19.72330629080534,9.706210598349571,,,
990,989,,,169.8311342172595,123,True,False,True,False,success,0.4952425956726074,,,ou_noise,0,443865,438866,219433,17.218396481459703,9.739932483242404,,,
991,990,,,155.63870421027337,148,True,False,True,False,success,0.44239112734794617,,,ou_noise,0,444013,439014,219507,17.64358281767046,9.896944207114142,,,
992,991,,,170.68597076710313,120,True,False,True,False,success,0.4740158021450043,,,ou_noise,0,444133,439134,219567,17.427320218086244,9.432926217714945,,,
993,992,,,165.60945294048105,135,True,False,True,False,success,0.463515043258667,,,ou_noise,0,444268,439269,219634,17.246128311863654,9.45472220520475,,,
994,993,,,161.75610551417833,137,True,False,True,False,success,0.4755322337150574,,,ou_noise,0,444405,439406,219703,16.85725117773905,9.320947664371435,,,
995,994,,,162.21125502902288,135,True,False,True,False,success,0.48395317792892456,,,ou_noise,0,444540,439541,219770,14.32450978314435,9.157578674714957,,,
996,995,,,-198.18638642021807,1000,False,False,False,True,cutoff,7.49088191986084,,,ou_noise,0,445540,440541,220270,15.870219163417817,9.112597178459167,,,
997,996,,,155.9977048806519,152,True,False,True,False,success,0.47402358055114746,,,ou_noise,0,445692,440693,220346,14.050471497209449,9.01636274864799,,,
998,997,,,168.04927373446012,128,True,False,True,False,success,0.4827970266342163,,,ou_noise,0,445820,440821,220410,16.66358671337366,9.12392172217369,,,
999,998,,,169.62849031651723,123,True,False,True,False,success,0.4778065085411072,,,ou_noise,0,445943,440944,220472,18.256018840200532,9.046654501268941,,,
1000,999,,,166.61939636743784,125,True,False,True,False,success,0.4864870011806488,,,ou_noise,0,446068,441069,220534,19.51790433883667,8.679950691038563,,,
1001,1000,,,167.40199393415824,137,True,False,True,False,success,0.4494365453720093,,,ou_noise,0,446205,441206,220603,14.072740572212386,8.611105877420176,,,
1002,1001,,,163.51389657986326,152,True,False,True,False,success,0.41748765110969543,,,ou_noise,0,446357,441358,220679,18.178015583439876,8.565268560459739,,,
1003,1002,,,-223.21653401612286,1000,False,False,False,True,cutoff,7.705312728881836,,,ou_noise,0,447357,442358,221179,16.832084634780884,8.691922228336335,,,
1004,1003,,,-223.44199424931364,1000,False,False,False,True,cutoff,7.55494499206543,,,ou_noise,0,448357,443358,221679,17.615477602005004,8.476190235614776,,,
1005,1004,,,151.96361583606287,167,True,False,True,False,success,0.468781441450119,,,ou_noise,0,448524,443525,221762,17.33144549980849,8.200726629739785,,,
1006,1005,,,-244.94543745809705,1000,False,False,False,True,cutoff,7.691861629486084,,,ou_noise,0,449524,444525,222262,16.620618711948396,8.124009174823762,,,
1007,1006,,,-208.73634119949617,1000,False,False,False,True,cutoff,7.679275035858154,,,ou_noise,0,450524,445525,222762,17.38921946191788,7.820625373601914,,,
1008,1007,,,-230.9123863594879,1000,False,False,False,True,cutoff,7.471202373504639,,,ou_noise,0,451524,446525,223262,15.982217800140381,7.949668354749679,,,
1009,1008,,,-226.72683319091763,1000,False,False,False,True,cutoff,7.655643939971924,,,ou_noise,0,452524,447525,223762,15.48588800048828,7.8571019282341,,,
1010,1009,,,158.77573776425882,151,True,False,True,False,success,0.4876214861869812,,,ou_noise,0,452675,447676,223838,17.15713238242446,7.675783951031534,,,
1011,1010,,,-218.26181161048555,1000,False,False,False,True,cutoff,7.491596698760986,,,ou_noise,0,453675,448676,224338,16.142532712459563,7.789962571144104,,,
1012,1011,,,-232.70509730134512,1000,False,False,False,True,cutoff,7.992652893066406,,,ou_noise,0,454675,449676,224838,15.687829504013061,7.690559524059296,,,
1013,1012,,,153.21242208467788,167,True,False,True,False,success,0.47275441884994507,,,ou_noise,0,454842,449843,224921,12.9825563402233,7.821400299129716,,,
1014,1013,,,-201.20711411273703,1000,False,False,False,True,cutoff,4.183102130889893,,,ou_noise,0,455842,450843,225421,16.690776972770692,7.65701084280014,,,
1015,1014,,,168.7674883134284,128,True,False,True,False,success,0.44327375292778015,,,ou_noise,0,455970,450971,225485,14.500717718154192,7.384956981986761,,,
1016,1015,,,-197.75398387270374,1000,False,False,False,True,cutoff,7.239877700805664,,,ou_noise,0,456970,451971,225985,16.545320623874666,7.366450591206551,,,
1017,1016,,,152.6098289764504,164,True,False,True,False,success,0.4648993909358978,,,ou_noise,0,457134,452135,226067,15.664943011795602,7.182568390194962,,,
1018,1017,,,168.56605246875696,122,True,False,True,False,success,0.4668829143047333,,,ou_noise,0,457256,452257,226128,20.618169831447915,7.426909415448298,,,
1019,1018,,,168.78763793405705,123,True,False,True,False,success,0.4861139953136444,,,ou_noise,0,457379,452380,226190,17.979112970150585,6.7323316354905405,,,
1020,1019,,,-215.54230748159313,1000,False,False,False,True,cutoff,8.065930366516113,,,ou_noise,0,458379,453380,226690,15.479934948444367,7.304208346962929,,,
1021,1020,,,172.1580182004145,118,True,False,True,False,success,0.4620269536972046,,,ou_noise,0,458497,453498,226749,16.1106026697967,6.861120708918167,,,
1022,1021,,,-197.19896556137,1000,False,False,False,True,cutoff,7.324598789215088,,,ou_noise,0,459497,454498,227249,16.69995728588104,7.378633059978485,,,
1023,1022,,,-204.70984490752318,1000,False,False,False,True,cutoff,7.148838996887207,,,ou_noise,0,460497,455498,227749,16.572835754394532,7.310122525691986,,,
1024,1023,,,-53.72754349672675,991,True,False,True,False,success,0.4593736529350281,,,ou_noise,0,461488,456489,228244,16.49898554506504,7.446989071730411,,,
1025,1024,,,159.44274420044133,150,True,False,True,False,success,0.43400633335113525,,,ou_noise,0,461638,456639,228319,16.531120421091714,7.568137935002645,,,
1026,1025,,,155.4376044867759,159,True,False,True,False,success,0.4853985905647278,,,ou_noise,0,461797,456798,228399,13.023406574561161,7.3680041313171385,,,
1027,1026,,,136.34419834859096,234,True,False,True,False,success,0.4611615836620331,,,ou_noise,0,462031,457032,228516,15.234179152382744,7.030040080730732,,,
1028,1027,,,-194.01579721150108,1000,False,False,False,True,cutoff,6.4185967445373535,,,ou_noise,0,463031,458032,229016,15.522597130775452,7.333131738781929,,,
1029,1028,,,-175.28761573151087,275,False,True,True,False,collision,10.818465232849121,,,ou_noise,0,463306,458307,229153,16.584184693423186,6.942721044930228,,,
1030,1029,,,168.82114400354567,132,True,False,True,False,success,0.4774373173713684,,,ou_noise,0,463438,458439,229219,14.896225394624652,7.299973426443158,,,
1031,1030,,,-217.52009643544395,1000,False,False,False,True,cutoff,7.228344440460205,,,ou_noise,0,464438,459439,229719,14.869149347782136,7.3357165627479555,,,
1032,1031,,,160.32982719639452,165,True,False,True,False,success,0.4177493155002594,,,ou_noise,0,464603,459604,229802,13.843608590328332,7.063147404107703,,,
1033,1032,,,160.65468003895847,145,True,False,True,False,success,0.4786611795425415,,,ou_noise,0,464748,459749,229874,16.40548231519502,7.269423087437947,,,
1034,1033,,,69.24064255558793,519,True,False,True,False,success,0.4468023180961609,,,ou_noise,0,465267,460268,230134,17.274584916285697,7.229318529825944,,,
1035,1034,,,171.68793622434094,121,True,False,True,False,success,0.49255886673927307,,,ou_noise,0,465388,460389,230194,16.830292150008777,7.11371173063914,,,
1036,1035,,,159.63728106983592,149,True,False,True,False,success,0.411367267370224,,,ou_noise,0,465537,460538,230269,14.701268224908201,6.854946610132854,,,
1037,1036,,,-214.08224711629987,1000,False,False,False,True,cutoff,7.249065399169922,,,ou_noise,0,466537,461538,230769,14.947790878772736,7.075017300367356,,,
1038,1037,,,107.27524027029258,295,True,False,True,False,success,0.4446421265602112,,,ou_noise,0,466832,461833,230916,15.219515216956705,6.76134083141275,,,
1039,1038,,,-93.22777845367733,84,False,True,True,False,collision,7.0975565910339355,,,ou_noise,0,466916,461917,230958,15.879933266412644,6.449979509626116,,,
1040,1039,,,166.34721776820652,132,True,False,True,False,success,0.43363457918167114,,,ou_noise,0,467048,462049,231024,13.557543790701663,6.6899272420189595,,,
1041,1040,,,-75.46047614554944,77,False,True,True,False,collision,6.118872165679932,,,ou_noise,0,467125,462126,231063,22.577256735269124,7.050587501281347,,,
1042,1041,,,174.7948420126083,112,True,False,True,False,success,0.47786036133766174,,,ou_noise,0,467237,462238,231119,17.82744856391634,6.6881389532770426,,,
1043,1042,,,-99.79309983146251,93,False,True,True,False,collision,7.44150447845459,,,ou_noise,0,467330,462331,231165,14.54586466922555,6.3237010266469875,,,
1044,1043,,,141.54292499214358,199,True,False,True,False,success,0.4667142629623413,,,ou_noise,0,467529,462530,231265,16.839520924055396,6.458231986761093,,,
1045,1044,,,151.01886329322247,159,True,False,True,False,success,0.4093462824821472,,,ou_noise,0,467688,462689,231344,17.57254623916914,6.77593995951399,,,
1046,1045,,,170.94230605071053,124,True,False,True,False,success,0.4283651113510132,,,ou_noise,0,467812,462813,231406,15.252166117391278,6.367379338510575,,,
1047,1046,,,-159.90027432672565,448,False,True,True,False,collision,2.9129843711853027,,,ou_noise,0,468260,463261,231630,16.069921625511988,6.472188839954989,,,
1048,1047,,,167.08052443564713,133,True,False,True,False,success,0.4943484961986542,,,ou_noise,0,468393,463394,231697,16.707573055324698,6.182926697517509,,,
1049,1048,,,-219.01385829961416,1000,False,False,False,True,cutoff,4.0694756507873535,,,ou_noise,0,469393,464394,232197,15.932913286209107,5.804941558122635,,,
1050,1049,,,-155.79505398857114,941,True,False,True,False,success,0.46362975239753723,,,ou_noise,0,470334,465335,232667,15.713478630078079,5.380571046408186,,,
1051,1050,,,170.00335345889323,126,True,False,True,False,success,0.4448758065700531,,,ou_noise,0,470460,465461,232730,18.920423333607022,5.0578403113380315,,,
1052,1051,,,170.85169741098872,122,True,False,True,False,success,0.46865344047546387,,,ou_noise,0,470582,465583,232791,12.685380232138712,5.673275378883862,,,
1053,1052,,,96.02518847886134,325,True,False,True,False,success,0.46228328347206116,,,ou_noise,0,470907,465908,232954,14.946295984708346,5.2220385228198,,,
1054,1053,,,174.17198213466773,121,True,False,True,False,success,0.4531799554824829,,,ou_noise,0,471028,466029,233014,13.854318354740617,5.424643878142039,,,
1055,1054,,,155.54674780673173,156,True,False,True,False,success,0.49983176589012146,,,ou_noise,0,471184,466185,233092,20.20660384496053,4.774971517232748,,,
1056,1055,,,171.57274313054472,119,True,False,True,False,success,0.441712349653244,,,ou_noise,0,471303,466304,233152,14.34167164313693,5.047363452116648,,,
1057,1056,,,172.17515223979,118,True,False,True,False,success,0.46597638726234436,,,ou_noise,0,471421,466422,233211,15.442879038341975,4.528191663451114,,,
1058,1057,,,-58.9756412209807,130,False,True,True,False,collision,2.380779266357422,,,ou_noise,0,471551,466552,233276,12.94767098426819,4.27793524494538,,,
1059,1058,,,-64.60741270811113,744,True,False,True,False,success,0.4388722777366638,,,ou_noise,0,472295,467296,233648,13.855205194924467,4.471744076699339,,,
1060,1059,,,168.42600407036366,126,True,False,True,False,success,0.42904457449913025,,,ou_noise,0,472421,467422,233711,12.148311573361594,4.43570518777484,,,
1061,1060,,,144.56231153945572,203,True,False,True,False,success,0.48865848779678345,,,ou_noise,0,472624,467625,233812,13.275835253334986,4.232735285074404,,,
1062,1061,,,169.46686918162288,129,True,False,True,False,success,0.45216038823127747,,,ou_noise,0,472753,467754,233877,15.285856065824051,4.2559986990231735,,,
1063,1062,,,-183.80384071204026,1000,False,False,False,True,cutoff,3.645192861557007,,,ou_noise,0,473753,468754,234377,15.74662362909317,4.2220067700147625,,,
1064,1063,,,-106.57896720753763,222,False,True,True,False,collision,4.630471229553223,,,ou_noise,0,473975,468976,234488,15.866461485355824,4.1068799984347715,,,
1065,1064,,,-334.8072643668037,773,False,True,True,False,collision,8.286791801452637,,,ou_noise,0,474748,469749,234874,15.99311579831359,4.322345942953707,,,
1066,1065,,,168.47687443381676,132,True,False,True,False,success,0.45918306708335876,,,ou_noise,0,474880,469881,234940,18.523158900665514,4.314394278056694,,,
1067,1066,,,167.15001800106228,135,True,False,True,False,success,0.47519102692604065,,,ou_noise,0,475015,470016,235008,16.916043027242026,4.3062706204021675,,,
1068,1067,,,152.10562831960365,171,True,False,True,False,success,0.44119974970817566,,,ou_noise,0,475186,470187,235093,12.916763503649081,4.30525029406828,,,
1069,1068,,,162.69974268791725,144,True,False,True,False,success,0.46425026655197144,,,ou_noise,0,475330,470331,235165,12.551111966371536,4.392436444759369,,,
1070,1069,,,153.8467299804153,190,True,False,True,False,success,0.48537495732307434,,,ou_noise,0,475520,470521,235260,13.351983933699758,4.3194974491470735,,,
1071,1070,,,-117.31612863967365,1000,True,False,True,False,success,0.4677850604057312,,,ou_noise,0,476520,471521,235760,16.12637429714203,4.332968933343888,,,
1072,1071,,,-267.2879089180984,1000,False,False,False,True,cutoff,8.820560455322266,,,ou_noise,0,477520,472521,236260,17.743291054725645,4.4012779160439965,,,
1073,1072,,,171.14202693259824,119,True,False,True,False,success,0.4892144501209259,,,ou_noise,0,477639,472640,236320,12.308183117073122,4.454147137204806,,,
1074,1073,,,-299.76308781926764,1000,False,False,False,True,cutoff,7.5575947761535645,,,ou_noise,0,478639,473640,236820,15.925478493213653,4.725596691042185,,,
1075,1074,,,172.27762266209666,123,True,False,True,False,success,0.4611487090587616,,,ou_noise,0,478762,473763,236881,22.95559103895978,4.6821063522432675,,,
1076,1075,,,171.78781524322147,123,True,False,True,False,success,0.41227439045906067,,,ou_noise,0,478885,473886,236943,14.86675629189344,4.907529399279626,,,
1077,1076,,,-206.7499662920383,1000,False,False,False,True,cutoff,8.1410551071167,,,ou_noise,0,479885,474886,237443,16.033362477779388,5.044021467924118,,,
1078,1077,,,-63.26814842311552,732,True,False,True,False,success,0.47343048453330994,,,ou_noise,0,480617,475618,237809,15.878659078983661,5.128596392159905,,,
1079,1078,,,168.7771375356291,126,True,False,True,False,success,0.49274271726608276,,,ou_noise,0,480743,475744,237872,16.37868921340458,4.694784347973172,,,
1080,1079,,,168.18683610893703,130,True,False,True,False,success,0.4398118257522583,,,ou_noise,0,480873,475874,237937,15.86305223611685,4.948192199147664,,,
1081,1080,,,18.597562411438346,718,True,False,True,False,success,0.47712084650993347,,,ou_noise,0,481591,476592,238296,18.25176562638668,5.15089621044135,,,
1082,1081,,,-186.35578896368023,1000,False,False,False,True,cutoff,3.3694512844085693,,,ou_noise,0,482591,477592,238796,16.032325714111327,5.32030391395092,,,
1083,1082,,,-203.10291991598356,1000,False,False,False,True,cutoff,7.129450798034668,,,ou_noise,0,483591,478592,239296,16.014620331287382,5.480971717238426,,,
1084,1083,,,169.35466609319946,123,True,False,True,False,success,0.49070578813552856,,,ou_noise,0,483714,478715,239357,13.899911066380943,5.661212960227591,,,
1085,1084,,,171.4752561044794,120,True,False,True,False,success,0.436740517616272,,,ou_noise,0,483834,478835,239417,14.532789572079976,5.635600564877192,,,
1086,1085,,,169.4350656246958,124,True,False,True,False,success,0.4820520877838135,,,ou_noise,0,483958,478959,239479,13.130221020790838,5.661396453457494,,,
1087,1086,,,159.62347565112026,153,True,False,True,False,success,0.481131374835968,,,ou_noise,0,484111,479112,239556,13.456432479658938,5.4343707747273635,,,
1088,1087,,,165.02250289152073,138,True,False,True,False,success,0.49262139201164246,,,ou_noise,0,484249,479250,239625,15.723695091579271,5.266296096470045,,,
1089,1088,,,-173.23134438003223,1000,False,False,False,True,cutoff,3.838344097137451,,,ou_noise,0,485249,480250,240125,15.797384006023407,5.6590477643013,,,
1090,1089,,,133.76023466532877,257,True,False,True,False,success,0.44851166009902954,,,ou_noise,0,485506,480507,240253,14.142254141054265,5.50931531842798,,,
1091,1090,,,165.25864845403754,135,True,False,True,False,success,0.47442570328712463,,,ou_noise,0,485641,480642,240321,17.776369087784378,5.490297477911501,,,
1092,1091,,,-9.226914058690113,784,True,False,True,False,success,0.4618625342845917,,,ou_noise,0,486425,481426,240713,16.596571085404378,5.327454882464846,,,
1093,1092,,,158.61050302105866,152,True,False,True,False,success,0.46911364793777466,,,ou_noise,0,486577,481578,240789,14.556576913908907,5.908061576517005,,,
1094,1093,,,169.83841889991447,122,True,False,True,False,success,0.49590224027633667,,,ou_noise,0,486699,481700,240850,17.880693623277008,5.505851518912394,,,
1095,1094,,,172.8715916703486,114,True,False,True,False,success,0.44241830706596375,,,ou_noise,0,486813,481814,240907,14.01718094474391,5.666894254977243,,,
1096,1095,,,-221.25686087582892,1000,False,False,False,True,cutoff,5.5258989334106445,,,ou_noise,0,487813,482814,241407,16.414716338157653,5.546400691747666,,,
1097,1096,,,170.65853661541422,125,True,False,True,False,success,0.429840624332428,,,ou_noise,0,487938,482939,241469,17.730907260894774,5.456736934761847,,,
1098,1097,,,164.67427241478296,143,True,False,True,False,success,0.49299782514572144,,,ou_noise,0,488081,483082,241541,18.450517784465443,5.709671922855907,,,
1099,1098,,,166.4664567546751,136,True,False,True,False,success,0.41705939173698425,,,ou_noise,0,488217,483218,241609,16.142669842523688,5.696253941339605,,,
1100,1099,,,76.49516820653628,466,True,False,True,False,success,0.4678089916706085,,,ou_noise,0,488683,483684,241842,16.23605309637831,5.524995910251601,,,
1101,1100,,,94.10802662897092,386,True,False,True,False,success,0.49717071652412415,,,ou_noise,0,489069,484070,242035,15.920709964524896,5.5818011010249045,,,
1102,1101,,,140.57188935115374,236,True,False,True,False,success,0.49846410751342773,,,ou_noise,0,489305,484306,242153,14.726677730932074,5.658006482205148,,,
1103,1102,,,168.36812130015346,130,True,False,True,False,success,0.42581433057785034,,,ou_noise,0,489435,484436,242218,17.649720591765185,5.131945695326879,,,
1104,1103,,,105.98894005567405,311,True,False,True,False,success,0.42379891872406006,,,ou_noise,0,489746,484747,242373,15.722266793634347,5.523219768462643,,,
1105,1104,,,104.01428229434191,329,True,False,True,False,success,0.49078238010406494,,,ou_noise,0,490075,485076,242538,16.50858961992351,5.602847116643733,,,
1106,1105,,,-289.8110478652961,1000,False,False,False,True,cutoff,3.746544599533081,,,ou_noise,0,491075,486076,243038,15.60829609298706,5.623113711774349,,,
1107,1106,,,171.2912986036152,117,True,False,True,False,success,0.4312027096748352,,,ou_noise,0,491192,486193,243096,18.384144020895672,5.562750653973941,,,
1108,1107,,,170.872583997783,119,True,False,True,False,success,0.4574589431285858,,,ou_noise,0,491311,486312,243156,15.365862930522246,6.219129431247711,,,
1109,1108,,,169.21734633053154,127,True,False,True,False,success,0.42895418405532837,,,ou_noise,0,491438,486439,243219,17.02062282412071,5.571419771701571,,,
1110,1109,,,172.36500256076306,117,True,False,True,False,success,0.42258748412132263,,,ou_noise,0,491555,486556,243278,14.385198136680147,5.605048460475469,,,
1111,1110,,,164.32643035364384,142,True,False,True,False,success,0.4607699513435364,,,ou_noise,0,491697,486698,243349,14.827098577794894,5.529080134042552,,,
1112,1111,,,166.50032501024654,135,True,False,True,False,success,0.475286066532135,,,ou_noise,0,491832,486833,243416,17.71581663908782,5.789329074211975,,,
1113,1112,,,170.06611820001348,119,True,False,True,False,success,0.4953315258026123,,,ou_noise,0,491951,486952,243476,16.452942896289986,6.064509196579456,,,
1114,1113,,,167.63239493972875,132,True,False,True,False,success,0.4484434127807617,,,ou_noise,0,492083,487084,243542,15.600719751733722,5.692094746864203,,,
1115,1114,,,136.3965720904657,229,True,False,True,False,success,0.4833947718143463,,,ou_noise,0,492312,487313,243656,15.825623374839017,5.518031754514627,,,
1116,1115,,,-237.64661974782993,1000,False,False,False,True,cutoff,9.17430591583252,,,ou_noise,0,493312,488313,244156,16.84233843421936,5.84290239584446,,,
1117,1116,,,169.94107549937462,122,True,False,True,False,success,0.47959843277931213,,,ou_noise,0,493434,488435,244217,17.479649309252128,5.859268665313721,,,
1118,1117,,,165.49706871491298,138,True,False,True,False,success,0.4489171802997589,,,ou_noise,0,493572,488573,244286,17.160619829012,5.711503656014152,,,
1119,1118,,,152.62669398567652,166,True,False,True,False,success,0.4693084955215454,,,ou_noise,0,493738,488739,244369,16.931268792554558,5.81901179595166,,,
1120,1119,,,-265.4198137809641,1000,False,False,False,True,cutoff,4.260503768920898,,,ou_noise,0,494738,489739,244869,17.558708757400513,5.8639792968630795,,,
1121,1120,,,141.3871847171556,196,True,False,True,False,success,0.4982124865055084,,,ou_noise,0,494934,489935,244967,12.780571706440984,5.930247941795661,,,
1122,1121,,,-76.23780202093785,181,False,True,True,False,collision,2.358954906463623,,,ou_noise,0,495115,490116,245058,15.95606864750056,6.121628762601496,,,
1123,1122,,,-79.15494115893688,43,False,True,True,False,collision,7.322153568267822,,,ou_noise,0,495158,490159,245079,21.75045017863429,5.767852783203125,,,
1124,1123,,,-117.83539677616767,332,False,True,True,False,collision,2.933352470397949,,,ou_noise,0,495490,490491,245245,15.660618993173163,6.198784719030541,,,
1125,1124,,,160.1384839025848,146,True,False,True,False,success,0.46696317195892334,,,ou_noise,0,495636,490637,245318,17.93465173081176,5.699645649896909,,,
1126,1125,,,164.3599769205951,142,True,False,True,False,success,0.480787456035614,,,ou_noise,0,495778,490779,245389,20.571479303736083,6.328459583537679,,,
1127,1126,,,-72.70857775159644,166,False,True,True,False,collision,2.7084107398986816,,,ou_noise,0,495944,490945,245472,17.67904688651303,5.953384602644357,,,
1128,1127,,,169.67638401323285,121,True,False,True,False,success,0.4283323884010315,,,ou_noise,0,496065,491066,245533,15.508026990023525,6.317541687214961,,,
1129,1128,,,149.74552906803544,199,True,False,True,False,success,0.483554869890213,,,ou_noise,0,496264,491265,245632,16.341531245552716,5.641223073005676,,,
1130,1129,,,-197.94461533425354,1000,False,False,False,True,cutoff,3.9011151790618896,,,ou_noise,0,497264,492265,246132,16.73306917476654,5.918991754889488,,,
1131,1130,,,-66.46022470187462,136,False,True,True,False,collision,3.025155782699585,,,ou_noise,0,497400,492401,246200,18.28639460661832,5.7547436619506165,,,
1132,1131,,,151.824109993253,191,True,False,True,False,success,0.44635528326034546,,,ou_noise,0,497591,492592,246296,15.36514770048451,5.7901232826213045,,,
1133,1132,,,-26.47054107591724,861,True,False,True,False,success,0.44867008924484253,,,ou_noise,0,498452,493453,246726,16.932198932085026,5.902319901349933,,,
1134,1133,,,-154.22425657309304,315,False,True,True,False,collision,4.892676830291748,,,ou_noise,0,498767,493768,246884,19.221562075236488,5.785100675836394,,,
1135,1134,,,170.12915739667113,124,True,False,True,False,success,0.4067830741405487,,,ou_noise,0,498891,493892,246946,15.735917879689124,5.502002002731446,,,
1136,1135,,,159.83743874480095,163,True,False,True,False,success,0.4672885239124298,,,ou_noise,0,499054,494055,247027,19.14203506305905,5.732931825849745,,,
1137,1136,,,168.53511085015595,125,True,False,True,False,success,0.44568121433258057,,,ou_noise,0,499179,494180,247090,16.80216078186035,5.885450699972728,,,
1138,1137,,,151.8376980401762,171,True,False,True,False,success,0.4610881507396698,,,ou_noise,0,499350,494351,247175,20.29648809265672,5.3306708952959845,,,
1139,1138,,,167.05816328066908,131,True,False,True,False,success,0.4812018871307373,,,ou_noise,0,499481,494482,247241,13.701798358946355,5.435829519322424,,,
1140,1139,,,164.27315757661285,148,True,False,True,False,success,0.4414476752281189,,,ou_noise,0,499629,494630,247315,18.72532351274748,5.964626275204323,,,
1141,1140,,,62.40296517722687,518,True,False,True,False,success,0.43544232845306396,,,ou_noise,0,500147,495148,247574,18.982429144465325,5.6797994260162,,,
1142,1141,,,-289.2415432109381,1000,False,False,False,True,cutoff,7.765739440917969,,,ou_noise,0,501147,496148,248074,16.819568013191223,5.722072350382805,,,
1143,1142,,,81.9662703205704,442,True,False,True,False,success,0.49047404527664185,,,ou_noise,0,501589,496590,248295,17.393975811306706,5.767182173772095,,,
1144,1143,,,167.68320742807168,133,True,False,True,False,success,0.4293138384819031,,,ou_noise,0,501722,496723,248361,18.717532369427214,5.71592565016313,,,
1145,1144,,,167.04915674816237,132,True,False,True,False,success,0.4698749780654907,,,ou_noise,0,501854,496855,248427,15.264027176481305,5.240743880019044,,,
1146,1145,,,167.7126765415124,134,True,False,True,False,success,0.4625937342643738,,,ou_noise,0,501988,496989,248494,15.295075178146362,5.590120233706574,,,
1147,1146,,,168.67576740409356,131,True,False,True,False,success,0.44232550263404846,,,ou_noise,0,502119,497120,248560,18.179395948657554,5.651375831979694,,,
1148,1147,,,169.8875121813374,126,True,False,True,False,success,0.4452517330646515,,,ou_noise,0,502245,497246,248623,17.301363850396775,5.555686565618666,,,
1149,1148,,,-94.80235977983308,84,False,True,True,False,collision,7.172696113586426,,,ou_noise,0,502329,497330,248665,13.330168724060059,5.407241892246973,,,
1150,1149,,,170.92877875653056,122,True,False,True,False,success,0.45449507236480713,,,ou_noise,0,502451,497452,248726,16.84988229782855,5.636924952757163,,,
1151,1150,,,170.58486125185277,122,True,False,True,False,success,0.430624395608902,,,ou_noise,0,502573,497574,248787,17.799003221949594,5.541044344178966,,,
1152,1151,,,-193.69465671830102,1000,False,False,False,True,cutoff,4.573205947875977,,,ou_noise,0,503573,498574,249287,18.756917724609377,5.613574774980545,,,
1153,1152,,,-298.33247245145003,1000,False,False,False,True,cutoff,7.017210006713867,,,ou_noise,0,504573,499574,249787,19.142425889015197,5.3931556584239,,,
1154,1153,,,-84.23844375200348,162,False,True,True,False,collision,3.5716423988342285,,,ou_noise,0,504735,499736,249868,17.082025551501616,5.577728869002542,,,
1155,1154,,,-202.5256326960961,1000,False,False,False,True,cutoff,5.087944507598877,,,ou_noise,0,505735,500736,250368,18.27144061279297,5.75036321413517,,,
1156,1155,,,166.97652607867508,130,True,False,True,False,success,0.4278348982334137,,,ou_noise,0,505865,500866,250433,17.431277066010693,5.750111594566932,,,
1157,1156,,,169.5305005900454,132,True,False,True,False,success,0.4442239999771118,,,ou_noise,0,505997,500998,250499,20.063235954804853,5.95165969025005,,,
1158,1157,,,166.87775876040752,133,True,False,True,False,success,0.45173266530036926,,,ou_noise,0,506130,501131,250565,17.38069672692091,5.6579886476198835,,,
1159,1158,,,154.64521080519035,161,True,False,True,False,success,0.46330684423446655,,,ou_noise,0,506291,501292,250646,18.20961459971363,6.014429263126703,,,
1160,1159,,,165.44063501822404,134,True,False,True,False,success,0.4046024978160858,,,ou_noise,0,506425,501426,250713,16.255365208013735,5.88547789694658,,,
1161,1160,,,157.21400634968262,160,True,False,True,False,success,0.4667617380619049,,,ou_noise,0,506585,501586,250793,18.972783079743387,5.548233307898045,,,
1162,1161,,,168.04791970701797,129,True,False,True,False,success,0.488250195980072,,,ou_noise,0,506714,501715,250857,21.23883568593698,5.373576647602022,,,
1163,1162,,,-243.95418965745077,1000,False,False,False,True,cutoff,5.401580333709717,,,ou_noise,0,507714,502715,251357,18.518171504020692,5.381958584189415,,,
1164,1163,,,103.86992799428185,360,True,False,True,False,success,0.43680745363235474,,,ou_noise,0,508074,503075,251537,18.199423449569277,5.412912711832258,,,
1165,1164,,,165.4720046244459,139,True,False,True,False,success,0.47768646478652954,,,ou_noise,0,508213,503214,251607,20.79594710919497,4.861471972295216,,,
1166,1165,,,170.8656807954693,124,True,False,True,False,success,0.40127623081207275,,,ou_noise,0,508337,503338,251669,22.94907143423634,5.1543521784966995,,,
1167,1166,,,169.7920727188856,124,True,False,True,False,success,0.4051525592803955,,,ou_noise,0,508461,503462,251731,17.04826791824833,4.8788017760361395,,,
1168,1167,,,169.11468209957255,124,True,False,True,False,success,0.46054431796073914,,,ou_noise,0,508585,503586,251793,19.116928923514582,4.784230216856925,,,
1169,1168,,,167.7425401286908,128,True,False,True,False,success,0.492938756942749,,,ou_noise,0,508713,503714,251857,14.252932894974947,5.247565424069762,,,
1170,1169,,,163.02687197132002,145,True,False,True,False,success,0.49644994735717773,,,ou_noise,0,508858,503859,251929,14.827442626295419,5.390415474772453,,,
1171,1170,,,164.75743302402697,144,True,False,True,False,success,0.478649765253067,,,ou_noise,0,509002,504003,252001,22.530669063329697,5.5304873751269445,,,
1172,1171,,,168.71885553574947,125,True,False,True,False,success,0.4926527738571167,,,ou_noise,0,509127,504128,252064,19.125722221374513,5.135882862030514,,,
1173,1172,,,164.69953199039276,145,True,False,True,False,success,0.4887145459651947,,,ou_noise,0,509272,504273,252136,19.371520506102463,4.813928941885631,,,
1174,1173,,,168.53395959361646,127,True,False,True,False,success,0.4433407187461853,,,ou_noise,0,509399,504400,252200,20.830644262118604,4.977270333096385,,,
1175,1174,,,-208.21786307882172,1000,False,False,False,True,cutoff,5.753907680511475,,,ou_noise,0,510399,505400,252700,19.03291424036026,4.676030730307102,,,
1176,1175,,,-209.38565878766127,1000,False,False,False,True,cutoff,3.9633147716522217,,,ou_noise,0,511399,506400,253200,17.941806541442872,4.6520949518084524,,,
1177,1176,,,78.77026349242814,356,True,False,True,False,success,0.4361308813095093,,,ou_noise,0,511755,506756,253378,20.567882083774954,4.663058975104535,,,
1178,1177,,,161.73784715598805,141,True,False,True,False,success,0.4594710171222687,,,ou_noise,0,511896,506897,253448,15.763298934233104,4.091511482000351,,,
1179,1178,,,139.13839654196948,209,True,False,True,False,success,0.46901029348373413,,,ou_noise,0,512105,507106,253553,15.234685254439212,3.7496178842726207,,,
1180,1179,,,134.61286482056238,238,True,False,True,False,success,0.41115665435791016,,,ou_noise,0,512343,507344,253672,20.00126500289981,3.9025572057531663,,,
1181,1180,,,170.140322769891,122,True,False,True,False,success,0.47555169463157654,,,ou_noise,0,512465,507466,253733,16.616305382525333,3.813456579309995,,,
1182,1181,,,-104.57363624964826,102,False,True,True,False,collision,7.914856433868408,,,ou_noise,0,512567,507568,253784,16.61409511753157,3.956742997262992,,,
1183,1182,,,169.2770730775057,127,True,False,True,False,success,0.4464685916900635,,,ou_noise,0,512694,507695,253847,15.064171070188987,3.2403087748421564,,,
1184,1183,,,-308.0902067808106,1000,False,False,False,True,cutoff,8.33098030090332,,,ou_noise,0,513694,508695,254347,19.44278148317337,3.809427526473999,,,
1185,1184,,,171.72524099914955,118,True,False,True,False,success,0.46825870871543884,,,ou_noise,0,513812,508813,254406,18.61240399085869,3.814365336955604,,,
1186,1185,,,-242.49113835949615,1000,False,False,False,True,cutoff,6.8811211585998535,,,ou_noise,0,514812,509813,254906,18.973066181182862,3.907512010097504,,,
1187,1186,,,160.28823661622476,155,True,False,True,False,success,0.4070756733417511,,,ou_noise,0,514967,509968,254984,17.522933387756346,3.969659061386035,,,
1188,1187,,,170.1916208881105,123,True,False,True,False,success,0.48013851046562195,,,ou_noise,0,515090,510091,255045,19.41577821049264,4.102569563955557,,,
1189,1188,,,156.749341162315,146,True,False,True,False,success,0.43586117029190063,,,ou_noise,0,515236,510237,255118,17.103345691341243,3.594025532676749,,,
1190,1189,,,168.2907233339931,130,True,False,True,False,success,0.46080178022384644,,,ou_noise,0,515366,510367,255183,19.68844320957477,3.7285945796049558,,,
1191,1190,,,-222.19617260543373,1000,False,False,False,True,cutoff,5.527921676635742,,,ou_noise,0,516366,511367,255683,18.988507508277895,3.922688548266888,,,
1192,1191,,,158.02881047014787,155,True,False,True,False,success,0.4485209286212921,,,ou_noise,0,516521,511522,255761,17.998485522116383,4.016946062827722,,,
1193,1192,,,159.64080513807625,157,True,False,True,False,success,0.4708927571773529,,,ou_noise,0,516678,511679,255839,19.185316814738474,3.624452042273986,,,
1194,1193,,,66.88117902808858,547,True,False,True,False,success,0.41160473227500916,,,ou_noise,0,517225,512226,256113,17.67210332741467,4.069553962534797,,,
1195,1194,,,173.02919219153335,120,True,False,True,False,success,0.41480037569999695,,,ou_noise,0,517345,512346,256173,21.601448770364126,4.5683822174866995,,,
1196,1195,,,164.19251808982466,146,True,False,True,False,success,0.42947471141815186,,,ou_noise,0,517491,512492,256246,19.446847210191702,4.346958132639323,,,
1197,1196,,,-106.3535176778677,258,False,True,True,False,collision,3.6274707317352295,,,ou_noise,0,517749,512750,256375,18.327111061229264,3.650993891002596,,,
1198,1197,,,161.89962353968855,154,True,False,True,False,success,0.4507754147052765,,,ou_noise,0,517903,512904,256452,25.32262815438308,3.54769175664171,,,
1199,1198,,,159.57234744581575,149,True,False,True,False,success,0.4335538446903229,,,ou_noise,0,518052,513053,256526,18.349019121003632,4.3427037838343026,,,
1200,1199,,,168.24333064226576,139,True,False,True,False,success,0.4642294645309448,,,ou_noise,0,518191,513192,256596,18.269346093102325,3.785421231814793,,,
1201,1200,,,170.32211849339285,120,True,False,True,False,success,0.45186641812324524,,,ou_noise,0,518311,513312,256656,23.178515553474426,4.134785870711009,,,
1202,1201,,,109.95916025155263,346,True,False,True,False,success,0.46673205494880676,,,ou_noise,0,518657,513658,256829,20.468603211331228,3.9180103536975177,,,
1203,1202,,,-265.3335990396517,1000,False,False,False,True,cutoff,9.093226432800293,,,ou_noise,0,519657,514658,257329,19.95783484220505,4.06103937458992,,,
1204,1203,,,156.26285158115724,156,True,False,True,False,success,0.4735080897808075,,,ou_noise,0,519813,514814,257407,20.43630057726151,3.8971311450004578,,,
1205,1204,,,-174.21192320598726,1000,False,False,False,True,cutoff,4.604669570922852,,,ou_noise,0,520813,515814,257907,20.555080895423888,4.197872942090035,,,
1206,1205,,,172.61626159990357,118,True,False,True,False,success,0.4045807719230652,,,ou_noise,0,520931,515932,257966,17.04730819443525,3.8072965286545832,,,
1207,1206,,,151.89184024461994,175,True,False,True,False,success,0.42408645153045654,,,ou_noise,0,521106,516107,258053,18.671618349892753,3.677631939279622,,,
1208,1207,,,-44.917401105355225,899,True,False,True,False,success,0.49911800026893616,,,ou_noise,0,522005,517006,258503,18.66969667048555,4.068129559490416,,,
1209,1208,,,168.04280772522458,136,True,False,True,False,success,0.44535568356513977,,,ou_noise,0,522141,517142,258571,21.92409488734077,3.727809487896807,,,
1210,1209,,,-240.38635463446144,1000,False,False,False,True,cutoff,8.023734092712402,,,ou_noise,0,523141,518142,259071,20.720473246097566,3.9666694166064262,,,
1211,1210,,,145.14506382554382,193,True,False,True,False,success,0.46623411774635315,,,ou_noise,0,523334,518335,259167,21.401606688227677,4.0888274895648165,,,
1212,1211,,,169.21821819560148,130,True,False,True,False,success,0.4849254786968231,,,ou_noise,0,523464,518465,259232,16.342220365084135,3.5163751162015475,,,
1213,1212,,,152.42238129280815,170,True,False,True,False,success,0.48382866382598877,,,ou_noise,0,523634,518635,259317,18.179534850401037,3.5492988362031825,,,
1214,1213,,,-211.11859515738033,1000,False,False,False,True,cutoff,5.591534614562988,,,ou_noise,0,524634,519635,259817,20.426393222332,3.5759930233061312,,,
1215,1214,,,66.7123878140832,377,True,False,True,False,success,0.49272558093070984,,,ou_noise,0,525011,520012,260006,21.415025291139315,3.539301906786268,,,
1216,1215,,,150.56482552460164,170,True,False,True,False,success,0.47311416268348694,,,ou_noise,0,525181,520182,260091,18.260410446279188,3.623301466773538,,,
1217,1216,,,-283.1668638419773,1000,False,False,False,True,cutoff,8.166093826293945,,,ou_noise,0,526181,521182,260591,18.874153138637542,3.6228402395546437,,,
1218,1217,,,166.86541313635257,139,True,False,True,False,success,0.41106176376342773,,,ou_noise,0,526320,521321,260660,17.675281699612842,3.658128395676613,,,
1219,1218,,,170.6362543626534,121,True,False,True,False,success,0.49064454436302185,,,ou_noise,0,526441,521442,260721,21.274686214352442,3.084075937994191,,,
1220,1219,,,-228.23366179346016,1000,False,False,False,True,cutoff,7.970163822174072,,,ou_noise,0,527441,522442,261221,20.052875976085662,3.649543917506933,,,
1221,1220,,,166.06050791973007,138,True,False,True,False,success,0.41437220573425293,,,ou_noise,0,527579,522580,261290,18.84826676396356,3.4636493364106054,,,
1222,1221,,,172.70470683888254,121,True,False,True,False,success,0.44527918100357056,,,ou_noise,0,527700,522701,261350,18.61239551512663,3.9658568506439527,,,
1223,1222,,,157.12236781075228,165,True,False,True,False,success,0.47196608781814575,,,ou_noise,0,527865,522866,261433,20.37623542727846,3.2326506304453653,,,
1224,1223,,,157.36759865814395,156,True,False,True,False,success,0.4702182710170746,,,ou_noise,0,528021,523022,261511,19.383978550250713,3.1812742482393217,,,
1225,1224,,,-212.96435860850926,1000,False,False,False,True,cutoff,7.9703240394592285,,,ou_noise,0,529021,524022,262011,18.90177035665512,3.3339517794251443,,,
1226,1225,,,166.94373850418458,134,True,False,True,False,success,0.48139187693595886,,,ou_noise,0,529155,524156,262078,17.726800801149054,4.119926449967854,,,
1227,1226,,,172.4482778484207,117,True,False,True,False,success,0.4730875492095947,,,ou_noise,0,529272,524273,262136,16.29814106786353,3.580956186456927,,,
1228,1227,,,172.25210470305325,115,True,False,True,False,success,0.4707719087600708,,,ou_noise,0,529387,524388,262194,25.5155737835428,3.616301012450251,,,
1229,1228,,,169.96448914057697,126,True,False,True,False,success,0.4343814253807068,,,ou_noise,0,529513,524514,262257,16.69890656925383,2.9382897804653836,,,
1230,1229,,,-53.908614067656025,119,False,True,True,False,collision,2.6469898223876953,,,ou_noise,0,529632,524633,262316,18.237046906928054,3.2323579970052685,,,
1231,1230,,,38.44543635651097,583,True,False,True,False,success,0.44204509258270264,,,ou_noise,0,530215,525216,262608,22.893448226856737,3.359354683185277,,,
1232,1231,,,168.0690513893132,127,True,False,True,False,success,0.4743308126926422,,,ou_noise,0,530342,525343,262671,17.14114154605415,2.643419187693369,,,
1233,1232,,,175.6937047519092,109,True,False,True,False,success,0.4416362941265106,,,ou_noise,0,530451,525452,262726,18.632630768172238,3.399837677045302,,,
1234,1233,,,-203.71251418540774,1000,False,False,False,True,cutoff,5.668964862823486,,,ou_noise,0,531451,526452,263226,20.577384019851685,2.935817997932434,,,
1235,1234,,,171.7047805368265,121,True,False,True,False,success,0.4025099277496338,,,ou_noise,0,531572,526573,263286,18.009576868419806,3.2137411773204803,,,
1236,1235,,,157.91317440409352,156,True,False,True,False,success,0.4593971371650696,,,ou_noise,0,531728,526729,263364,17.48432311339256,3.1900037343685446,,,
1237,1236,,,164.72992706378824,148,True,False,True,False,success,0.4850461483001709,,,ou_noise,0,531876,526877,263438,17.53797671601579,3.083844202595788,,,
1238,1237,,,127.78317417077331,293,True,False,True,False,success,0.4868068993091583,,,ou_noise,0,532169,527170,263585,21.607288020462715,2.994258773164684,,,
1239,1238,,,172.27123334684921,129,True,False,True,False,success,0.4460545778274536,,,ou_noise,0,532298,527299,263649,18.44380571306214,2.5666931150481105,,,
1240,1239,,,-184.81331446750508,1000,False,False,False,True,cutoff,5.023170471191406,,,ou_noise,0,533298,528299,264149,19.746113288879396,2.8705290991067884,,,
1241,1240,,,-244.64372182662376,1000,False,False,False,True,cutoff,8.671524047851562,,,ou_noise,0,534298,529299,264649,21.235944039344787,2.5329895559549334,,,
1242,1241,,,165.77607759645275,145,True,False,True,False,success,0.42811325192451477,,,ou_noise,0,534443,529444,264722,23.712454430810336,2.5430507472116655,,,
1243,1242,,,-68.37068742802056,123,False,True,True,False,collision,3.530014753341675,,,ou_noise,0,534566,529567,264783,19.871550870135547,2.2894028246891303,,,
1244,1243,,,57.51201038300979,518,True,False,True,False,success,0.4890967607498169,,,ou_noise,0,535084,530085,265042,18.11571121768141,2.5047763872560846,,,
1245,1244,,,169.75478871173544,124,True,False,True,False,success,0.48476237058639526,,,ou_noise,0,535208,530209,265104,26.713158384446174,2.068234514324896,,,
1246,1245,,,171.60765530999407,131,True,False,True,False,success,0.43190133571624756,,,ou_noise,0,535339,530340,265170,31.296205476950142,2.4690845012664795,,,
1247,1246,,,170.47011001300083,126,True,False,True,False,success,0.44210466742515564,,,ou_noise,0,535465,530466,265233,19.775422796370492,1.8898909129793682,,,
1248,1247,,,-234.6717131890844,1000,False,False,False,True,cutoff,8.403617858886719,,,ou_noise,0,536465,531466,265733,18.767279471874236,2.047856199413538,,,
1249,1248,,,-218.99954303287637,1000,False,False,False,True,cutoff,8.458130836486816,,,ou_noise,0,537465,532466,266233,21.14289618206024,2.3187058583796025,,,
1250,1249,,,156.39212351960037,159,True,False,True,False,success,0.49932801723480225,,,ou_noise,0,537624,532625,266312,16.694278834001075,2.3745667560945583,,,
1251,1250,,,170.708151433897,125,True,False,True,False,success,0.49682000279426575,,,ou_noise,0,537749,532750,266375,19.556012401580812,2.2338288885260384,,,
1252,1251,,,145.73928362341078,198,True,False,True,False,success,0.4170929789543152,,,ou_noise,0,537947,532948,266474,20.020546703627616,2.2287122036772544,,,
1253,1252,,,147.87916355275684,187,True,False,True,False,success,0.45159712433815,,,ou_noise,0,538134,533135,266567,20.495636042426614,2.4658019196602607,,,
1254,1253,,,-200.4605691718888,1000,False,False,False,True,cutoff,5.938171863555908,,,ou_noise,0,539134,534135,267067,17.783261970996858,1.737045788347721,,,
1255,1254,,,-224.88956018042612,1000,False,False,False,True,cutoff,8.315834045410156,,,ou_noise,0,540134,535135,267567,20.04825614261627,2.1226019787788393,,,
1256,1255,,,-70.03621660014582,125,False,True,True,False,collision,3.6707136631011963,,,ou_noise,0,540259,535260,267630,18.788677143096923,1.5200066140719823,,,
1257,1256,,,84.91774460465041,407,True,False,True,False,success,0.4669785797595978,,,ou_noise,0,540666,535667,267833,19.880666721072185,2.0317858624928102,,,
1258,1257,,,163.24438100700877,136,True,False,True,False,success,0.4219593107700348,,,ou_noise,0,540802,535803,267901,16.51560048496022,2.1554668370415184,,,
1259,1258,,,-188.65738233139783,1000,False,False,False,True,cutoff,5.074597358703613,,,ou_noise,0,541802,536803,268401,18.510761594295502,1.8962922540009022,,,
1260,1259,,,73.81297568335802,446,True,False,True,False,success,0.4455964267253876,,,ou_noise,0,542248,537249,268624,20.394102437613792,1.5490426136506512,,,
1261,1260,,,171.18048094377494,121,True,False,True,False,success,0.49378806352615356,,,ou_noise,0,542369,537370,268685,18.252659013448667,1.6119191895742886,,,
1262,1261,,,-251.86552254091464,1000,False,False,False,True,cutoff,9.128283500671387,,,ou_noise,0,543369,538370,269185,21.173570100307465,1.9051037051081658,,,
1263,1262,,,161.1741750211585,150,True,False,True,False,success,0.46585655212402344,,,ou_noise,0,543519,538520,269260,17.710628821055096,1.7699478721618653,,,
1264,1263,,,165.1423918295776,134,True,False,True,False,success,0.43762123584747314,,,ou_noise,0,543653,538654,269327,19.089450042639207,1.305142383966873,,,
1265,1264,,,174.22248953935974,114,True,False,True,False,success,0.45200642943382263,,,ou_noise,0,543767,538768,269384,19.410139945515414,1.3248508102015446,,,
1266,1265,,,168.86650305048116,130,True,False,True,False,success,0.4633013606071472,,,ou_noise,0,543897,538898,269449,23.229283354832575,1.8835145216721756,,,
1267,1266,,,-243.65335928128718,1000,False,False,False,True,cutoff,6.9887824058532715,,,ou_noise,0,544897,539898,269949,18.025886323451996,1.4234628045856952,,,
1268,1267,,,155.14283773685318,155,True,False,True,False,success,0.48171141743659973,,,ou_noise,0,545052,540053,270026,20.24180920816237,1.9685467384852373,,,
1269,1268,,,74.1533762747188,485,True,False,True,False,success,0.4289413392543793,,,ou_noise,0,545537,540538,270269,19.49318267487988,1.1216247778370547,,,
1270,1269,,,-120.85721997006658,319,False,True,True,False,collision,2.985659122467041,,,ou_noise,0,545856,540857,270428,18.31404788516532,1.3265379339269123,,,
1271,1270,,,166.37890033506392,133,True,False,True,False,success,0.49847355484962463,,,ou_noise,0,545989,540990,270495,19.187580409802887,1.3440824595849905,,,
1272,1271,,,173.45992739046517,124,True,False,True,False,success,0.45843738317489624,,,ou_noise,0,546113,541114,270557,16.389128150478488,1.3548947005502638,,,
1273,1272,,,-245.78244867889137,1000,False,False,False,True,cutoff,7.878364562988281,,,ou_noise,0,547113,542114,271057,20.730697945594788,1.3975113078653811,,,
1274,1273,,,-236.73798128753964,1000,False,False,False,True,cutoff,6.177773475646973,,,ou_noise,0,548113,543114,271557,19.03219433450699,1.183238846361637,,,
1275,1274,,,-273.86809966274717,1000,False,False,False,True,cutoff,7.371620178222656,,,ou_noise,0,549113,544114,272057,19.532174382209778,1.1328870971202851,,,
1276,1275,,,71.96212698872367,365,True,False,True,False,success,0.4827158451080322,,,ou_noise,0,549478,544479,272239,19.302192493334207,1.280696343098368,,,
1277,1276,,,-70.89704791627167,127,False,True,True,False,collision,3.656891345977783,,,ou_noise,0,549605,544606,272303,19.419805023613876,0.8522563250735402,,,
1278,1277,,,-66.28247043652132,136,False,True,True,False,collision,2.8138039112091064,,,ou_noise,0,549741,544742,272371,17.241367680184982,1.4767238041933846,,,
1279,1278,,,164.54630027186727,139,True,False,True,False,success,0.4776352047920227,,,ou_noise,0,549880,544881,272440,19.130733956535945,1.127301678709362,,,
1280,1279,,,169.5645500548922,127,True,False,True,False,success,0.4796166718006134,,,ou_noise,0,550007,545008,272504,19.824758439552127,0.786861069034785,,,
1281,1280,,,167.2501490161651,135,True,False,True,False,success,0.41907480359077454,,,ou_noise,0,550142,545143,272571,24.77236679924859,1.0923120072528498,,,
1282,1281,,,164.80218175562663,137,True,False,True,False,success,0.45194968581199646,,,ou_noise,0,550279,545280,272640,18.679178634699245,0.8982373635837997,,,
1283,1282,,,-234.7282083865516,1000,False,False,False,True,cutoff,5.496139049530029,,,ou_noise,0,551279,546280,273140,21.139165187835694,0.8138731304109097,,,
1284,1283,,,172.16952045244636,119,True,False,True,False,success,0.418448805809021,,,ou_noise,0,551398,546399,273199,25.895408786645458,0.366263467376515,,,
1285,1284,,,147.85205511836222,191,True,False,True,False,success,0.4855198562145233,,,ou_noise,0,551589,546590,273295,16.979948690424415,0.8540525532638034,,,
1286,1285,,,110.4776560403109,281,True,False,True,False,success,0.42814725637435913,,,ou_noise,0,551870,546871,273435,21.043616898967702,0.8953278738473143,,,
1287,1286,,,113.37812939811893,268,True,False,True,False,success,0.4951394200325012,,,ou_noise,0,552138,547139,273569,22.176492564713776,0.7607796354525125,,,
1288,1287,,,-222.08043181477373,1000,False,False,False,True,cutoff,7.199033737182617,,,ou_noise,0,553138,548139,274069,22.42799233484268,0.8918806914687156,,,
1289,1288,,,-87.31988376446579,195,False,True,True,False,collision,2.8552772998809814,,,ou_noise,0,553333,548334,274167,17.809374987773406,1.020470188284407,,,
1290,1289,,,-68.17119268251577,132,False,True,True,False,collision,3.3975296020507812,,,ou_noise,0,553465,548466,274233,17.556293137145765,0.6846220583626719,,,
1291,1290,,,164.7182574943791,139,True,False,True,False,success,0.4889806807041168,,,ou_noise,0,553604,548605,274302,23.514384722538132,0.6695451079935267,,,
1292,1291,,,163.42185157018884,131,True,False,True,False,success,0.4874621033668518,,,ou_noise,0,553735,548736,274368,18.585829345324566,0.28899645805358887,,,
1293,1292,,,160.69436257439887,152,True,False,True,False,success,0.4222767949104309,,,ou_noise,0,553887,548888,274444,22.898034666713915,1.126371053488631,,,
1294,1293,,,155.28182346720914,183,True,False,True,False,success,0.4335753619670868,,,ou_noise,0,554070,549071,274535,20.989834279961926,0.7947806242730592,,,
1295,1294,,,161.73218705636617,143,True,False,True,False,success,0.4607135057449341,,,ou_noise,0,554213,549214,274607,23.757417455419795,0.17409541168146664,,,
1296,1295,,,-67.72716926018543,129,False,True,True,False,collision,2.9788262844085693,,,ou_noise,0,554342,549343,274671,16.99182237211124,0.8022607127204537,,,
1297,1296,,,156.43778180464653,162,True,False,True,False,success,0.47794151306152344,,,ou_noise,0,554504,549505,274752,23.753815427238557,1.1096886966699435,,,
1298,1297,,,170.54045957765055,121,True,False,True,False,success,0.46513041853904724,,,ou_noise,0,554625,549626,274813,17.08009935804635,0.42774323654956503,,,
1299,1298,,,154.5911706002612,165,True,False,True,False,success,0.49397897720336914,,,ou_noise,0,554790,549791,274895,22.205462539557253,0.2211889955328732,,,
1300,1299,,,159.52672680138582,153,True,False,True,False,success,0.46911561489105225,,,ou_noise,0,554943,549944,274972,18.267215177124623,0.772857437079603,,,
1301,1300,,,165.466901197028,136,True,False,True,False,success,0.4966689348220825,,,ou_noise,0,555079,550080,275040,20.013183201060574,0.06771201925242648,,,
1302,1301,,,-102.28454542295772,255,False,True,True,False,collision,3.5733816623687744,,,ou_noise,0,555334,550335,275167,19.54412619085873,0.8095671231821766,,,
1303,1302,,,-207.71650834783028,1000,False,False,False,True,cutoff,5.801785469055176,,,ou_noise,0,556334,551335,275667,21.75056579351425,0.450480756431818,,,
1304,1303,,,167.82725639645668,132,True,False,True,False,success,0.4208582043647766,,,ou_noise,0,556466,551467,275733,21.84167122479641,0.4409081732684916,,,
1305,1304,,,-61.1674598076488,133,False,True,True,False,collision,2.578258752822876,,,ou_noise,0,556599,551600,275800,18.244591196676843,0.11271900116507687,,,
1306,1305,,,-153.7298125350938,258,False,True,True,False,collision,9.19098949432373,,,ou_noise,0,556857,551858,275929,24.843465307886287,0.27103443663249643,,,
1307,1306,,,165.48449723995066,131,True,False,True,False,success,0.47366753220558167,,,ou_noise,0,556988,551989,275994,22.327448983228845,0.10224356101109432,,,
1308,1307,,,169.8222568402831,127,True,False,True,False,success,0.48011133074760437,,,ou_noise,0,557115,552116,276058,23.26860720717062,0.3434493914246559,,,
1309,1308,,,164.58149002452382,135,True,False,True,False,success,0.45823442935943604,,,ou_noise,0,557250,552251,276125,20.032959687268292,0.1005396963055454,,,
1310,1309,,,157.2912680300962,158,True,False,True,False,success,0.41114839911460876,,,ou_noise,0,557408,552409,276204,19.528792136832127,0.2687641631198835,,,
1311,1310,,,-71.71280857030638,161,False,True,True,False,collision,2.8169803619384766,,,ou_noise,0,557569,552570,276285,25.808941349479724,0.2124358961979548,,,
1312,1311,,,173.40022893170055,112,True,False,True,False,success,0.4891127943992615,,,ou_noise,0,557681,552682,276341,20.73719242640904,0.07263097007359777,,,
1313,1312,,,158.28825521464137,149,True,False,True,False,success,0.4446408152580261,,,ou_noise,0,557830,552831,276415,15.66805290055755,0.23858623710033056,,,
1314,1313,,,155.54509447783394,162,True,False,True,False,success,0.4966017007827759,,,ou_noise,0,557992,552993,276496,18.59347097961991,0.08549426514425396,,,
1315,1314,,,153.41983335049886,159,True,False,True,False,success,0.4932219982147217,,,ou_noise,0,558151,553152,276576,21.690345479257452,0.399063778296113,,,
1316,1315,,,-254.85451123911673,1000,False,False,False,True,cutoff,7.0815043449401855,,,ou_noise,0,559151,554152,277076,22.866896656513212,0.09757486775517464,,,
1317,1316,,,-223.85324729318458,1000,False,False,False,True,cutoff,5.629446983337402,,,ou_noise,0,560151,555152,277576,22.387317569255828,-0.1433983514904976,,,
1318,1317,,,-198.606934916036,1000,False,False,False,True,cutoff,5.3552093505859375,,,ou_noise,0,561151,556152,278076,21.404647213935853,-0.22412789131700991,,,
1319,1318,,,169.03887459545004,126,True,False,True,False,success,0.44984909892082214,,,ou_noise,0,561277,556278,278139,22.016867913897077,0.03499324217675224,,,
1320,1319,,,-61.502472738499286,119,False,True,True,False,collision,3.171330451965332,,,ou_noise,0,561396,556397,278198,19.505635077212037,-0.4225556668588671,,,
1321,1320,,,163.0407349391644,140,True,False,True,False,success,0.42474502325057983,,,ou_noise,0,561536,556537,278268,20.928652003833225,-0.1093142466885703,,,
1322,1321,,,164.33953695699535,147,True,False,True,False,success,0.4089580178260803,,,ou_noise,0,561683,556684,278342,17.656662684719578,-0.14829157051202413,,,
1323,1322,,,172.64526744815697,116,True,False,True,False,success,0.4846467077732086,,,ou_noise,0,561799,556800,278400,25.86483388933642,-0.7517522100744576,,,
1324,1323,,,167.60596522846262,135,True,False,True,False,success,0.4721243381500244,,,ou_noise,0,561934,556935,278467,23.315599363821523,-0.8377899483068666,,,
1325,1324,,,158.50879713536077,143,True,False,True,False,success,0.43424853682518005,,,ou_noise,0,562077,557078,278539,19.263682021961344,-0.611813086602423,,,
1326,1325,,,165.3550382089226,145,True,False,True,False,success,0.4137428104877472,,,ou_noise,0,562222,557223,278611,25.981122279989307,-0.11329349958234364,,,
1327,1326,,,-245.89525090038077,1000,False,False,False,True,cutoff,5.310669898986816,,,ou_noise,0,563222,558223,279111,21.40491639328003,-0.4612853048667312,,,
1328,1327,,,153.90815788277035,161,True,False,True,False,success,0.42117324471473694,,,ou_noise,0,563383,558384,279192,17.954074664145523,-0.34107964863011864,,,
1329,1328,,,168.93647929833668,126,True,False,True,False,success,0.4368289113044739,,,ou_noise,0,563509,558510,279255,22.533028772899083,-0.6544965273804135,,,
1330,1329,,,140.06806545115214,195,True,False,True,False,success,0.473731130361557,,,ou_noise,0,563704,558705,279352,17.68104318961119,-0.27160718975607884,,,
1331,1330,,,75.5181506701215,479,True,False,True,False,success,0.49017220735549927,,,ou_noise,0,564183,559184,279592,22.430829420468005,-0.17418329181770484,,,
1332,1331,,,-188.1452560059598,1000,False,False,False,True,cutoff,5.499738693237305,,,ou_noise,0,565183,560184,280092,21.96459731388092,-0.34206094674766063,,,
1333,1332,,,164.25631881457082,142,True,False,True,False,success,0.47444993257522583,,,ou_noise,0,565325,560326,280163,23.56252956390381,-0.5151367678608693,,,
1334,1333,,,164.00561877649363,145,True,False,True,False,success,0.49738720059394836,,,ou_noise,0,565470,560471,280235,19.283039504084094,-0.2247561551630497,,,
1335,1334,,,172.0585449117768,114,True,False,True,False,success,0.4962070882320404,,,ou_noise,0,565584,560585,280292,22.04583460406253,-0.5621435846153059,,,
1336,1335,,,164.68744970226507,137,True,False,True,False,success,0.496782511472702,,,ou_noise,0,565721,560722,280361,20.297791491459755,-0.43734971811805945,,,
1337,1336,,,-90.29492120961348,219,False,True,True,False,collision,2.696354389190674,,,ou_noise,0,565940,560941,280470,23.438531742792694,-0.3154706473744244,,,
1338,1337,,,166.48194381255126,138,True,False,True,False,success,0.4930270314216614,,,ou_noise,0,566078,561079,280539,21.793796684430994,-0.6214340441468833,,,
1339,1338,,,170.66012859925297,119,True,False,True,False,success,0.41988953948020935,,,ou_noise,0,566197,561198,280599,25.165283563758145,-0.19678745021422703,,,
1340,1339,,,164.01581567285152,141,True,False,True,False,success,0.4975872337818146,,,ou_noise,0,566338,561339,280669,17.506553487574802,-0.557970886358193,,,
1341,1340,,,164.89290777985047,146,True,False,True,False,success,0.4610249698162079,,,ou_noise,0,566484,561485,280742,23.54622705668619,-0.3615567006476938,,,
1342,1341,,,134.09227528442094,214,True,False,True,False,success,0.4865608215332031,,,ou_noise,0,566698,561699,280849,24.711766586125453,-0.6785726371769593,,,
1343,1342,,,172.57065685707187,120,True,False,True,False,success,0.43951416015625,,,ou_noise,0,566818,561819,280909,20.201174982388814,-0.8219876940051715,,,
1344,1343,,,-61.38166249467879,128,False,True,True,False,collision,2.872159719467163,,,ou_noise,0,566946,561947,280973,22.190514393150806,-0.4635885637253523,,,
1345,1344,,,126.5253795929827,229,True,False,True,False,success,0.48127278685569763,,,ou_noise,0,567175,562176,281088,20.355840884962458,-0.7290342001811317,,,
1346,1345,,,168.65376078911066,126,True,False,True,False,success,0.46353256702423096,,,ou_noise,0,567301,562302,281151,19.781566161957997,-1.3921469788229655,,,
1347,1346,,,168.2371892301759,132,True,False,True,False,success,0.45021727681159973,,,ou_noise,0,567433,562434,281217,21.25810732985988,-0.2852167920632796,,,
1348,1347,,,160.2828031870962,145,True,False,True,False,success,0.46260717511177063,,,ou_noise,0,567578,562579,281289,20.54475598828546,-1.0812046801050503,,,
1349,1348,,,168.43788395097818,128,True,False,True,False,success,0.4531686007976532,,,ou_noise,0,567706,562707,281353,28.661653824150562,-0.35006243572570384,,,
1350,1349,,,-58.745451379232506,125,False,True,True,False,collision,2.692643880844116,,,ou_noise,0,567831,562832,281416,25.81107808303833,-0.9957435528437296,,,
1351,1350,,,166.37504154007328,136,True,False,True,False,success,0.4328860342502594,,,ou_noise,0,567967,562968,281484,25.584207646987018,-0.5822739193544668,,,
1352,1351,,,147.4851269893074,183,True,False,True,False,success,0.4895574152469635,,,ou_noise,0,568150,563151,281575,22.96269160411397,-0.8250751117101083,,,
1353,1352,,,171.27844144374677,120,True,False,True,False,success,0.4021029770374298,,,ou_noise,0,568270,563271,281635,21.29542234738668,-0.7125700240333875,,,
1354,1353,,,-218.01384022921178,1000,False,False,False,True,cutoff,7.041100025177002,,,ou_noise,0,569270,564271,282135,23.95412411880493,-0.6908431316167116,,,
1355,1354,,,102.7810155014685,346,True,False,True,False,success,0.40812039375305176,,,ou_noise,0,569616,564617,282308,22.06992989054994,-0.8791262705546583,,,
1356,1355,,,165.46561173371668,134,True,False,True,False,success,0.4721585810184479,,,ou_noise,0,569750,564751,282375,21.55855317258123,-0.9891001043924644,,,
1357,1356,,,150.53435554562697,171,True,False,True,False,success,0.44015732407569885,,,ou_noise,0,569921,564922,282461,23.633889942838433,-0.6148166989171228,,,
1358,1357,,,153.96342225992618,156,True,False,True,False,success,0.4925360381603241,,,ou_noise,0,570077,565078,282539,21.210537513097126,-0.9510355385450217,,,
1359,1358,,,165.78766811072774,133,True,False,True,False,success,0.49803799390792847,,,ou_noise,0,570210,565211,282605,20.75047664714039,-0.6074413146936533,,,
1360,1359,,,160.9086208108932,141,True,False,True,False,success,0.4383595287799835,,,ou_noise,0,570351,565352,282676,17.66493034362793,-1.423085434336058,,,
1361,1360,,,153.14482016111987,161,True,False,True,False,success,0.44652289152145386,,,ou_noise,0,570512,565513,282756,20.72330391629142,-1.4228446640074253,,,
1362,1361,,,168.80191555978024,127,True,False,True,False,success,0.4939427971839905,,,ou_noise,0,570639,565640,282820,21.589724206548976,-1.4235870093107224,,,
1363,1362,,,164.1975410770014,154,True,False,True,False,success,0.4581739902496338,,,ou_noise,0,570793,565794,282897,22.742287319976015,-0.666679200994504,,,
1364,1363,,,170.31568858918072,123,True,False,True,False,success,0.4395107328891754,,,ou_noise,0,570916,565917,282958,21.646555540038317,-1.3655006651018486,,,
1365,1364,,,159.4093688807067,151,True,False,True,False,success,0.43643301725387573,,,ou_noise,0,571067,566068,283034,24.271459168945718,-0.6249306170563949,,,
1366,1365,,,152.94770312932957,167,True,False,True,False,success,0.45720964670181274,,,ou_noise,0,571234,566235,283117,22.6290222042335,-1.1042588979723942,,,
1367,1366,,,168.06937706624137,132,True,False,True,False,success,0.4245692491531372,,,ou_noise,0,571366,566367,283183,21.923286495786726,-1.0867522828506702,,,
1368,1367,,,163.1422169983424,139,True,False,True,False,success,0.4771447777748108,,,ou_noise,0,571505,566506,283253,19.62194691459052,-1.2439905326281275,,,
1369,1368,,,-284.494524044806,1000,False,False,False,True,cutoff,5.893738269805908,,,ou_noise,0,572505,567506,283753,19.96328799581528,-1.300852394849062,,,
1370,1369,,,149.3190680369267,188,True,False,True,False,success,0.4859076142311096,,,ou_noise,0,572693,567694,283847,24.795330894754287,-0.7205833900482097,,,
1371,1370,,,-64.0670635486492,134,False,True,True,False,collision,2.6292431354522705,,,ou_noise,0,572827,567828,283914,20.63423251038167,-1.274802734602743,,,
1372,1371,,,161.7747487017743,135,True,False,True,False,success,0.49986857175827026,,,ou_noise,0,572962,567963,283981,18.78899010905513,-1.18591597009061,,,
1373,1372,,,158.65803359886394,150,True,False,True,False,success,0.442190557718277,,,ou_noise,0,573112,568113,284056,20.645377165476482,-1.5434589318434397,,,
1374,1373,,,154.6214171620236,157,True,False,True,False,success,0.47750645875930786,,,ou_noise,0,573269,568270,284135,20.881946126366877,-1.2752176176143597,,,
1375,1374,,,168.80969274103717,125,True,False,True,False,success,0.48675185441970825,,,ou_noise,0,573394,568395,284197,19.378586418151855,-1.1861766615221578,,,
1376,1375,,,145.82064690417656,190,True,False,True,False,success,0.4444502592086792,,,ou_noise,0,573584,568585,284292,24.68101735366018,-1.5915188339195754,,,
1377,1376,,,152.3706667457907,169,True,False,True,False,success,0.48912835121154785,,,ou_noise,0,573753,568754,284377,21.593902175948465,-1.8421529176480629,,,
1378,1377,,,-233.5580256739672,1000,False,False,False,True,cutoff,6.554874420166016,,,ou_noise,0,574753,569754,284877,23.897864633560182,-1.5516889019310474,,,
1379,1378,,,161.26039722006738,142,True,False,True,False,success,0.479280024766922,,,ou_noise,0,574895,569896,284948,23.860891694753942,-1.24036494086326,,,
1380,1379,,,163.72751662835196,140,True,False,True,False,success,0.4734359085559845,,,ou_noise,0,575035,570036,285018,21.312193386895316,-1.458903240306037,,,
1381,1380,,,163.80439606241256,147,True,False,True,False,success,0.46142199635505676,,,ou_noise,0,575182,570183,285091,25.68828228217404,-1.7001060700579866,,,
1382,1381,,,-210.37658156549884,1000,False,False,False,True,cutoff,5.655640125274658,,,ou_noise,0,576182,571183,285591,22.89716589307785,-1.456878492027521,,,
1383,1382,,,169.31848550141746,130,True,False,True,False,success,0.4327549338340759,,,ou_noise,0,576312,571313,285656,21.014579879320586,-1.6695667294355538,,,
1384,1383,,,170.6948701831376,122,True,False,True,False,success,0.4333105683326721,,,ou_noise,0,576434,571435,285717,17.069249481451315,-1.750260900767123,,,
1385,1384,,,160.4892963534058,150,True,False,True,False,success,0.4900207221508026,,,ou_noise,0,576584,571585,285792,20.28688590367635,-1.5369187275568643,,,
1386,1385,,,-224.53187221205022,1000,False,False,False,True,cutoff,5.61513614654541,,,ou_noise,0,577584,572585,286292,22.82980529975891,-1.6727999988794326,,,
1387,1386,,,167.752149867473,129,True,False,True,False,success,0.4998772144317627,,,ou_noise,0,577713,572714,286357,27.54790760010712,-1.5753503950742576,,,
1388,1387,,,141.64658181469082,185,True,False,True,False,success,0.49804309010505676,,,ou_noise,0,577898,572899,286449,22.48569472802652,-1.5664679822714433,,,
1389,1388,,,-59.1093736115298,116,False,True,True,False,collision,3.090498208999634,,,ou_noise,0,578014,573015,286507,21.929053323022252,-1.5367795326586426,,,
1390,1389,,,169.75488945737027,130,True,False,True,False,success,0.4653658866882324,,,ou_noise,0,578144,573145,286572,24.811905809549184,-1.5801657740886395,,,
1391,1390,,,171.64431622199777,123,True,False,True,False,success,0.41072139143943787,,,ou_noise,0,578267,573268,286634,22.901984168262018,-1.6908613529897505,,,
1392,1391,,,167.70510263288025,124,True,False,True,False,success,0.4908617436885834,,,ou_noise,0,578391,573392,286696,25.800474928271385,-1.7655128024278148,,,
1393,1392,,,153.32964853320414,168,True,False,True,False,success,0.49750250577926636,,,ou_noise,0,578559,573560,286780,18.741355975468952,-2.4160129275350344,,,
1394,1393,,,170.97129853446603,128,True,False,True,False,success,0.493900328874588,,,ou_noise,0,578687,573688,286844,23.802723202854395,-1.7367942752316594,,,
1395,1394,,,168.59054646930838,128,True,False,True,False,success,0.48083993792533875,,,ou_noise,0,578815,573816,286908,24.50308519601822,-1.6796991750597954,,,
1396,1395,,,-67.32692459840867,153,False,True,True,False,collision,2.6586687564849854,,,ou_noise,0,578968,573969,286984,20.821601418887866,-1.990325544225542,,,
1397,1396,,,160.95797957191482,143,True,False,True,False,success,0.49705323576927185,,,ou_noise,0,579111,574112,287056,24.660097128861434,-1.5344718156589403,,,
1398,1397,,,-268.62380402984945,1000,False,False,False,True,cutoff,6.73675012588501,,,ou_noise,0,580111,575112,287556,23.87167050886154,-1.8861007834374905,,,
1399,1398,,,-63.504135283683574,131,False,True,True,False,collision,2.995460271835327,,,ou_noise,0,580242,575243,287621,22.58849269925183,-2.416203704247108,,,
1400,1399,,,166.61782933257481,132,True,False,True,False,success,0.4942673444747925,,,ou_noise,0,580374,575375,287687,25.191835128899775,-2.0074438911044235,,,
1401,1400,,,149.5284814477901,165,True,False,True,False,success,0.4965303838253021,,,ou_noise,0,580539,575540,287770,24.410386004592432,-2.1319860535931876,,,
1402,1401,,,169.65398494257113,127,True,False,True,False,success,0.41425269842147827,,,ou_noise,0,580666,575667,287833,23.79556051764901,-1.833009337148969,,,
1403,1402,,,164.9634422412567,142,True,False,True,False,success,0.47016453742980957,,,ou_noise,0,580808,575809,287904,25.646999244958582,-1.9728172795033792,,,
1404,1403,,,159.69565197068613,147,True,False,True,False,success,0.4066371023654938,,,ou_noise,0,580955,575956,287978,18.151708456934713,-1.8892436732311506,,,
1405,1404,,,-65.18778689070696,142,False,True,True,False,collision,2.654378890991211,,,ou_noise,0,581097,576098,288049,18.62645262060031,-1.7984916622370062,,,
1406,1405,,,155.92675076494373,145,True,False,True,False,success,0.46643349528312683,,,ou_noise,0,581242,576243,288121,27.92868332040721,-1.8118459987971518,,,
1407,1406,,,153.66579878930335,162,True,False,True,False,success,0.48244068026542664,,,ou_noise,0,581404,576405,288202,26.329466693195297,-2.042771690421634,,,
1408,1407,,,-181.10967213578164,1000,False,False,False,True,cutoff,5.273648738861084,,,ou_noise,0,582404,577405,288702,24.514589643001557,-2.006339369982481,,,
1409,1408,,,146.29507948137098,170,True,False,True,False,success,0.48598334193229675,,,ou_noise,0,582574,577575,288787,27.02327912835514,-1.9611224474275812,,,
1410,1409,,,168.03030376266724,129,True,False,True,False,success,0.49892380833625793,,,ou_noise,0,582703,577704,288852,23.43084197081337,-1.7283238337590143,,,
1411,1410,,,-64.6169223867301,130,False,True,True,False,collision,2.729210376739502,,,ou_noise,0,582833,577834,288917,21.964029660591713,-1.8399156850117904,,,
1412,1411,,,163.84236223144651,146,True,False,True,False,success,0.45818623900413513,,,ou_noise,0,582979,577980,288990,18.897215078954826,-1.8395712600178915,,,
1413,1412,,,152.05737527862266,154,True,False,True,False,success,0.48026880621910095,,,ou_noise,0,583133,578134,289067,32.432091582905166,-2.0366077802397986,,,
1414,1413,,,160.44918607168765,145,True,False,True,False,success,0.42129436135292053,,,ou_noise,0,583278,578279,289139,20.469466528399238,-2.1350380728642144,,,
1415,1414,,,-251.18036759445155,1000,False,False,False,True,cutoff,5.665582656860352,,,ou_noise,0,584278,579279,289639,23.11838690662384,-2.0985063613057138,,,
1416,1415,,,149.79407580489638,161,True,False,True,False,success,0.4948413670063019,,,ou_noise,0,584439,579440,289720,23.486660696704934,-2.061471203595032,,,
1417,1416,,,-210.19924426998668,1000,False,False,False,True,cutoff,3.645684003829956,,,ou_noise,0,585439,580440,290220,22.561421619415285,-2.28873186609149,,,
1418,1417,,,160.4003881184133,143,True,False,True,False,success,0.48239004611968994,,,ou_noise,0,585582,580583,290291,25.05710771867445,-2.5816919753249263,,,
1419,1418,,,98.94667298086166,396,True,False,True,False,success,0.4284306466579437,,,ou_noise,0,585978,580979,290489,26.25181151158882,-2.23659847676754,,,
1420,1419,,,160.13613142496246,155,True,False,True,False,success,0.4406598210334778,,,ou_noise,0,586133,581134,290567,29.339857605964905,-2.1341396000904913,,,
1421,1420,,,157.15756124684134,152,True,False,True,False,success,0.44203290343284607,,,ou_noise,0,586285,581286,290643,21.546378537228232,-2.7760751333675886,,,
1422,1421,,,165.47469212021878,135,True,False,True,False,success,0.44356009364128113,,,ou_noise,0,586420,581421,290710,18.806733262097396,-2.4800600805389346,,,
1423,1422,,,160.88935399527753,146,True,False,True,False,success,0.48152703046798706,,,ou_noise,0,586566,581567,290783,22.663129234967165,-2.498936638644297,,,
1424,1423,,,168.0116998551046,134,True,False,True,False,success,0.4561593532562256,,,ou_noise,0,586700,581701,290850,25.44271820694653,-2.629489291292518,,,
1425,1424,,,149.6371658360744,157,True,False,True,False,success,0.4257059097290039,,,ou_noise,0,586857,581858,290929,23.426172131945375,-2.3703624764575233,,,
1426,1425,,,-64.83856026175623,119,False,True,True,False,collision,3.2367866039276123,,,ou_noise,0,586976,581977,290988,21.5389454865656,-2.4746174660779663,,,
1427,1426,,,154.35432894795926,173,True,False,True,False,success,0.4108157753944397,,,ou_noise,0,587149,582150,291075,27.160186067481952,-2.7989613776919486,,,
1428,1427,,,157.85250900120616,154,True,False,True,False,success,0.4530470371246338,,,ou_noise,0,587303,582304,291152,24.7238174289852,-2.6365924502735014,,,
1429,1428,,,166.97506891040285,135,True,False,True,False,success,0.4667995274066925,,,ou_noise,0,587438,582439,291219,25.882999589708117,-2.975165289729389,,,
1430,1429,,,159.73744358835998,160,True,False,True,False,success,0.4130043685436249,,,ou_noise,0,587598,582599,291299,19.41966682076454,-2.9797764733433723,,,
1431,1430,,,-62.71703252930254,129,False,True,True,False,collision,2.8278942108154297,,,ou_noise,0,587727,582728,291364,22.264966705972835,-2.772832866356923,,,
1432,1431,,,168.8913670748861,133,True,False,True,False,success,0.4515889286994934,,,ou_noise,0,587860,582861,291430,19.660769656188506,-2.6861217094190195,,,
1433,1432,,,158.18824686105935,149,True,False,True,False,success,0.49975740909576416,,,ou_noise,0,588009,583010,291505,21.22221393073165,-2.743061234553655,,,
1434,1433,,,158.80972427639747,150,True,False,True,False,success,0.4757373034954071,,,ou_noise,0,588159,583160,291580,28.687805004119873,-2.863191980520884,,,
1435,1434,,,158.56468848640884,155,True,False,True,False,success,0.4185083210468292,,,ou_noise,0,588314,583315,291657,23.066027745892924,-2.8272592324715156,,,
1436,1435,,,-195.9353238780273,1000,False,False,False,True,cutoff,5.570270538330078,,,ou_noise,0,589314,584315,292157,23.36198648929596,-2.7216201302409173,,,
1437,1436,,,156.19558266854415,155,True,False,True,False,success,0.4905713200569153,,,ou_noise,0,589469,584470,292235,33.044541088227305,-2.9726288807697787,,,
1438,1437,,,159.6197498960399,146,True,False,True,False,success,0.42525714635849,,,ou_noise,0,589615,584616,292308,21.343847268248258,-2.7469770377629423,,,
1439,1438,,,162.0802302439329,142,True,False,True,False,success,0.4698486924171448,,,ou_noise,0,589757,584758,292379,21.642656524416427,-2.461889046178737,,,
1440,1439,,,168.48243551213778,129,True,False,True,False,success,0.457498699426651,,,ou_noise,0,589886,584887,292443,26.451032320658367,-2.3088100613094866,,,
1441,1440,,,166.07481682649427,131,True,False,True,False,success,0.45613282918930054,,,ou_noise,0,590017,585018,292509,23.369351558102906,-2.648494857052962,,,
1442,1441,,,-187.94659346167353,1000,False,False,False,True,cutoff,6.014738082885742,,,ou_noise,0,591017,586018,293009,24.760374042987824,-2.7124176461100578,,,
1443,1442,,,-276.80312478522455,646,False,True,True,False,collision,4.678826808929443,,,ou_noise,0,591663,586664,293332,22.567254521160304,-2.7906814518358685,,,
1444,1443,,,168.20352653611468,140,True,False,True,False,success,0.48080065846443176,,,ou_noise,0,591803,586804,293402,21.08672387259347,-2.7604306795767375,,,
1445,1444,,,157.9671424472935,153,True,False,True,False,success,0.45479056239128113,,,ou_noise,0,591956,586957,293478,20.03548674801596,-2.812002998433615,,,
1446,1445,,,161.01982053066794,144,True,False,True,False,success,0.4239565432071686,,,ou_noise,0,592100,587101,293550,31.5632404088974,-3.1699237702414393,,,
1447,1446,,,-235.21334137880402,1000,False,False,False,True,cutoff,6.611809253692627,,,ou_noise,0,593100,588101,294050,22.807736965179444,-2.978763915359974,,,
1448,1447,,,-66.70631775942903,134,False,True,True,False,collision,3.1082940101623535,,,ou_noise,0,593234,588235,294117,20.135244796525186,-3.0342743948324404,,,
1449,1448,,,161.6337587634339,144,True,False,True,False,success,0.41785135865211487,,,ou_noise,0,593378,588379,294189,25.15138281053967,-3.2396024527649083,,,
1450,1449,,,155.85475965315302,147,True,False,True,False,success,0.499801367521286,,,ou_noise,0,593525,588526,294263,25.84833525313812,-3.1942412808940217,,,
1451,1450,,,-67.7690050137792,143,False,True,True,False,collision,3.021763324737549,,,ou_noise,0,593668,588669,294334,20.95895481109619,-2.841510043387682,,,
1452,1451,,,170.36547646824675,121,True,False,True,False,success,0.4930964708328247,,,ou_noise,0,593789,588790,294395,21.959066446162453,-2.9240971207618713,,,
1453,1452,,,151.82011161728016,169,True,False,True,False,success,0.43203288316726685,,,ou_noise,0,593958,588959,294479,21.994760767242614,-3.007275709084102,,,
1454,1453,,,-277.2646377626788,1000,False,False,False,True,cutoff,4.979649543762207,,,ou_noise,0,594958,589959,294979,26.79323711824417,-3.1183225032687187,,,
1455,1454,,,159.48840848565965,151,True,False,True,False,success,0.46497172117233276,,,ou_noise,0,595109,590110,295055,22.117037094192,-3.2330955882605754,,,
1456,1455,,,159.0618052195209,152,True,False,True,False,success,0.4591209292411804,,,ou_noise,0,595261,590262,295131,23.05564205897482,-3.059307525816717,,,
1457,1456,,,160.21314828293478,146,True,False,True,False,success,0.4808448553085327,,,ou_noise,0,595407,590408,295204,22.219348286929197,-2.6232190660826147,,,
1458,1457,,,-82.20070180610503,159,False,True,True,False,collision,3.715066432952881,,,ou_noise,0,595566,590567,295283,18.900593967557704,-2.9062842860629288,,,
1459,1458,,,151.0273925532813,168,True,False,True,False,success,0.42365849018096924,,,ou_noise,0,595734,590735,295367,27.497614363829296,-3.310300039570956,,,
1460,1459,,,168.62380765157627,126,True,False,True,False,success,0.44357264041900635,,,ou_noise,0,595860,590861,295430,22.757362062968905,-3.3108432919733106,,,
1461,1460,,,169.94191285340403,126,True,False,True,False,success,0.440123975276947,,,ou_noise,0,595986,590987,295493,25.600283933064294,-2.992184525917447,,,
1462,1461,,,156.0680038156635,150,True,False,True,False,success,0.49493107199668884,,,ou_noise,0,596136,591137,295568,31.802455368041993,-3.0326233939329783,,,
1463,1462,,,154.76836068249406,185,True,False,True,False,success,0.47939255833625793,,,ou_noise,0,596321,591322,295661,26.594610080203495,-3.0033002486152034,,,
1464,1463,,,154.42377697984347,165,True,False,True,False,success,0.4768669009208679,,,ou_noise,0,596486,591487,295743,21.61161772699067,-3.244314266414177,,,
1465,1464,,,141.7188536920052,186,True,False,True,False,success,0.4983382523059845,,,ou_noise,0,596672,591673,295836,21.456313589567777,-3.366324863446656,,,
1466,1465,,,168.73948352096596,126,True,False,True,False,success,0.4526289105415344,,,ou_noise,0,596798,591799,295899,28.945158708663214,-3.4805133172443936,,,
1467,1466,,,157.8948057924789,157,True,False,True,False,success,0.43723028898239136,,,ou_noise,0,596955,591956,295978,23.08296181441872,-3.1228074842615974,,,
1468,1467,,,153.64855641158985,152,True,False,True,False,success,0.49474385380744934,,,ou_noise,0,597107,592108,296054,26.57734186084647,-3.4996576019023595,,,
1469,1468,,,-241.06324925071578,1000,False,False,False,True,cutoff,4.562341690063477,,,ou_noise,0,598107,593108,296554,23.9648080534935,-3.1329591495990754,,,
1470,1469,,,154.7051076173982,165,True,False,True,False,success,0.48497071862220764,,,ou_noise,0,598272,593273,296636,25.433116785685222,-3.3267637098707805,,,
1471,1470,,,170.76136645115002,128,True,False,True,False,success,0.40879589319229126,,,ou_noise,0,598400,593401,296700,26.80891478061676,-2.5317795258015394,,,
1472,1471,,,162.82063466539068,152,True,False,True,False,success,0.47704774141311646,,,ou_noise,0,598552,593553,296776,25.798209984051553,-3.82677792247973,,,
1473,1472,,,167.9677502101726,129,True,False,True,False,success,0.45954665541648865,,,ou_noise,0,598681,593682,296841,21.957730892092684,-3.5177823548133555,,,
1474,1473,,,-63.54059163807648,121,False,True,True,False,collision,3.1538612842559814,,,ou_noise,0,598802,593803,296901,24.865229378061848,-3.2715504288673403,,,
1475,1474,,,157.89272446853806,151,True,False,True,False,success,0.46220970153808594,,,ou_noise,0,598953,593954,296977,23.7047949026752,-3.585207615635897,,,
1476,1475,,,157.2182631204973,158,True,False,True,False,success,0.4413038492202759,,,ou_noise,0,599111,594112,297056,22.875430867641786,-3.6221524250658255,,,
1477,1476,,,168.69905460267387,130,True,False,True,False,success,0.4128354787826538,,,ou_noise,0,599241,594242,297121,22.015243555949283,-3.512980460203611,,,
1478,1477,,,170.98222174119172,119,True,False,True,False,success,0.4851127564907074,,,ou_noise,0,599360,594361,297180,25.875779897225005,-3.405300268682383,,,
1479,1478,,,171.40515125621164,121,True,False,True,False,success,0.4688155949115753,,,ou_noise,0,599481,594482,297241,31.89168974190704,-3.509539535788239,,,
1480,1479,,,168.87518790915465,127,True,False,True,False,success,0.4276939332485199,,,ou_noise,0,599608,594609,297304,24.493532180786133,-3.3411269017628262,,,
1481,1480,,,168.21657597144664,136,True,False,True,False,success,0.4742659628391266,,,ou_noise,0,599744,594745,297372,25.33281103302451,-4.013686700778849,,,
1482,1481,,,-287.1169623811672,1000,False,False,False,True,cutoff,5.9308390617370605,,,ou_noise,0,600744,595745,297872,23.576356318473817,-3.7864088432788847,,,
1483,1482,,,152.02060441938355,167,True,False,True,False,success,0.4989068806171417,,,ou_noise,0,600911,595912,297956,20.879176265465286,-3.8868865193355653,,,
1484,1483,,,132.91378177236822,230,True,False,True,False,success,0.47470948100090027,,,ou_noise,0,601141,596142,298071,20.118233610236125,-3.9891075359738393,,,
1485,1484,,,170.98300582773044,132,True,False,True,False,success,0.40932169556617737,,,ou_noise,0,601273,596274,298137,21.083245638645057,-4.053234867074273,,,
1486,1485,,,-257.3061989482641,1000,False,False,False,True,cutoff,3.679748296737671,,,ou_noise,0,602273,597274,298637,23.42994425392151,-4.10257994414866,,,
1487,1486,,,157.0651694731556,161,True,False,True,False,success,0.4780603051185608,,,ou_noise,0,602434,597435,298717,24.254550483656224,-4.149265244603157,,,
1488,1487,,,171.10932642386908,124,True,False,True,False,success,0.4106927812099457,,,ou_noise,0,602558,597559,298779,23.56992039372844,-4.199041750161879,,,
1489,1488,,,162.2982411925049,139,True,False,True,False,success,0.48416781425476074,,,ou_noise,0,602697,597698,298849,23.995613983209186,-4.338093264613833,,,
1490,1489,,,164.9854199619316,134,True,False,True,False,success,0.45488378405570984,,,ou_noise,0,602831,597832,298916,31.23648605062001,-4.332465499639511,,,
1491,1490,,,154.70083999078517,164,True,False,True,False,success,0.452448308467865,,,ou_noise,0,602995,597996,298998,26.418563807882915,-4.132587171909286,,,
1492,1491,,,153.98412271536554,167,True,False,True,False,success,0.4828893542289734,,,ou_noise,0,603162,598163,299081,24.416876647286788,-3.8473800076059548,,,
1493,1492,,,137.2600278840642,245,True,False,True,False,success,0.47114020586013794,,,ou_noise,0,603407,598408,299204,24.06575156815198,-4.354813419706453,,,
1494,1493,,,158.9570763291635,149,True,False,True,False,success,0.45063576102256775,,,ou_noise,0,603556,598557,299278,25.835377046725895,-4.331631037834528,,,
1495,1494,,,166.3047045682124,134,True,False,True,False,success,0.44638052582740784,,,ou_noise,0,603690,598691,299345,22.471176165253368,-4.526146032472155,,,
1496,1495,,,168.86988146558315,130,True,False,True,False,success,0.4821436107158661,,,ou_noise,0,603820,598821,299410,21.42120049916781,-3.991372275352478,,,
1497,1496,,,171.33128744252892,124,True,False,True,False,success,0.4047071933746338,,,ou_noise,0,603944,598945,299472,22.095279139857137,-4.873430156900037,,,
1498,1497,,,166.30191322245616,135,True,False,True,False,success,0.45789605379104614,,,ou_noise,0,604079,599080,299540,27.55189625068947,-4.274974021622363,,,
1499,1498,,,163.01809162649693,145,True,False,True,False,success,0.44394931197166443,,,ou_noise,0,604224,599225,299612,21.68620429203428,-4.45384627663427,,,
1500,1499,,,173.988138905045,113,True,False,True,False,success,0.4761565923690796,,,ou_noise,0,604337,599338,299669,28.149943123876522,-4.055294483377223,,,
1501,1500,,,163.0232443715546,137,True,False,True,False,success,0.47900518774986267,,,ou_noise,0,604474,599475,299737,22.79452537968211,-4.4602599985459275,,,
1502,1501,,,159.7770194893257,151,True,False,True,False,success,0.47856801748275757,,,ou_noise,0,604625,599626,299813,20.558384554275612,-4.68914469135435,,,
1503,1502,,,172.0837572487805,117,True,False,True,False,success,0.48097142577171326,,,ou_noise,0,604742,599743,299871,29.16133676023565,-4.709500232647205,,,
1504,1503,,,-347.2130509992538,925,False,True,True,False,collision,10.743097305297852,,,ou_noise,0,605667,600668,300334,24.884553138629812,-4.4477652557854,,,
1505,1504,,,170.49081089796704,120,True,False,True,False,success,0.489669531583786,,,ou_noise,0,605787,600788,300394,20.76919993162155,-4.717547564705213,,,
1506,1505,,,165.27801062169067,132,True,False,True,False,success,0.49349817633628845,,,ou_noise,0,605919,600920,300460,28.50309612534263,-4.579710992899808,,,
1507,1506,,,156.82067094536262,156,True,False,True,False,success,0.4681721031665802,,,ou_noise,0,606075,601076,300538,23.77894184528253,-4.816066254790012,,,
1508,1507,,,166.61605233370187,132,True,False,True,False,success,0.4982912242412567,,,ou_noise,0,606207,601208,300604,22.057596401734784,-4.333305810437058,,,
1509,1508,,,156.7203650040226,160,True,False,True,False,success,0.47148725390434265,,,ou_noise,0,606367,601368,300684,24.62435037493706,-4.455331172794104,,,
1510,1509,,,159.62453869358157,148,True,False,True,False,success,0.4707137942314148,,,ou_noise,0,606515,601516,300758,23.677993014052106,-5.027442358635567,,,
1511,1510,,,159.17132417281022,168,True,False,True,False,success,0.47418463230133057,,,ou_noise,0,606683,601684,300842,31.349116226037342,-4.831223792973018,,,
1512,1511,,,159.86990913289304,154,True,False,True,False,success,0.46503975987434387,,,ou_noise,0,606837,601838,300919,23.222181623632256,-4.7310102798722005,,,
1513,1512,,,170.09462504988488,127,True,False,True,False,success,0.4155734181404114,,,ou_noise,0,606964,601965,300982,25.9809341580849,-4.623595012558831,,,
1514,1513,,,-63.94056396263661,136,False,True,True,False,collision,2.812647581100464,,,ou_noise,0,607100,602101,301050,22.626055135446435,-5.514769820606007,,,
1515,1514,,,158.8778452702038,166,True,False,True,False,success,0.49781152606010437,,,ou_noise,0,607266,602267,301133,21.612860265984594,-4.9830458042133285,,,
1516,1515,,,-219.21406799052215,1000,False,False,False,True,cutoff,2.8145077228546143,,,ou_noise,0,608266,603267,301633,25.28631340456009,-5.046932832419873,,,
1517,1516,,,159.8338572294366,150,True,False,True,False,success,0.43290790915489197,,,ou_noise,0,608416,603417,301708,19.61009552637736,-5.221519689559937,,,
1518,1517,,,158.8381056331873,151,True,False,True,False,success,0.4084942042827606,,,ou_noise,0,608567,603568,301784,25.69334500357015,-5.612584312495432,,,
1519,1518,,,150.32823052696315,175,True,False,True,False,success,0.4462285339832306,,,ou_noise,0,608742,603743,301871,21.713874964032854,-5.171890689723793,,,
1520,1519,,,159.0778837157183,154,True,False,True,False,success,0.4521210789680481,,,ou_noise,0,608896,603897,301948,26.884863234185552,-5.130309623557252,,,
1521,1520,,,156.00203014104434,180,True,False,True,False,success,0.4029240310192108,,,ou_noise,0,609076,604077,302038,25.69733623928494,-5.581703371140692,,,
1522,1521,,,168.21410421151498,129,True,False,True,False,success,0.4289126396179199,,,ou_noise,0,609205,604206,302103,24.50093245321466,-5.023763581422659,,,
1523,1522,,,165.74905734471085,142,True,False,True,False,success,0.4667733311653137,,,ou_noise,0,609347,604348,302174,21.18615882497438,-5.02725900059015,,,
1524,1523,,,169.2904611740584,131,True,False,True,False,success,0.4434310793876648,,,ou_noise,0,609478,604479,302239,23.204367615794407,-5.383743652930627,,,
1525,1524,,,-314.8311645046537,1000,False,False,False,True,cutoff,6.5474629402160645,,,ou_noise,0,610478,605479,302739,24.92133233308792,-5.356070329368115,,,
1526,1525,,,169.67511115537866,129,True,False,True,False,success,0.4759320318698883,,,ou_noise,0,610607,605608,302804,25.374531509340272,-5.28637122466014,,,
1527,1526,,,-64.54233015376553,135,False,True,True,False,collision,2.934095621109009,,,ou_noise,0,610742,605743,302871,32.08835247887505,-5.662399790180263,,,
1528,1527,,,161.82259996613874,144,True,False,True,False,success,0.43414315581321716,,,ou_noise,0,610886,605887,302943,25.430890338288414,-5.022182406650649,,,
1529,1528,,,162.2126235562791,142,True,False,True,False,success,0.4189758896827698,,,ou_noise,0,611028,606029,303014,18.93712497093308,-5.215067590416317,,,
1530,1529,,,154.04124186501735,158,True,False,True,False,success,0.4296148419380188,,,ou_noise,0,611186,606187,303093,26.17046584358698,-5.560890519920783,,,
1531,1530,,,169.26273787546444,131,True,False,True,False,success,0.46056437492370605,,,ou_noise,0,611317,606318,303159,30.199272621678944,-5.717571899746403,,,
1532,1531,,,170.51853165572425,124,True,False,True,False,success,0.4291020929813385,,,ou_noise,0,611441,606442,303221,19.648689246946766,-6.087206019509223,,,
1533,1532,,,-228.8130724123904,1000,False,False,False,True,cutoff,5.202776908874512,,,ou_noise,0,612441,607442,303721,25.234425464630128,-5.62308749461174,,,
1534,1533,,,153.61649718937426,163,True,False,True,False,success,0.4929323196411133,,,ou_noise,0,612604,607605,303802,20.80430230333761,-6.094444572189708,,,
1535,1534,,,160.46269959570714,152,True,False,True,False,success,0.4810282289981842,,,ou_noise,0,612756,607757,303878,25.171666703726117,-5.762523774253695,,,
1536,1535,,,173.84602539802995,119,True,False,True,False,success,0.40515783429145813,,,ou_noise,0,612875,607876,303938,22.598415759431212,-5.791215914487839,,,
1537,1536,,,164.31184375493518,143,True,False,True,False,success,0.44080066680908203,,,ou_noise,0,613018,608019,304009,21.497239573018533,-5.6456934583019205,,,
1538,1537,,,156.95082573673832,159,True,False,True,False,success,0.4738181531429291,,,ou_noise,0,613177,608178,304089,20.740520669229376,-6.053963431715966,,,
1539,1538,,,159.16464405537414,150,True,False,True,False,success,0.4833460748195648,,,ou_noise,0,613327,608328,304164,24.057989298502605,-5.798580239613851,,,
1540,1539,,,174.1061067364177,114,True,False,True,False,success,0.4032309055328369,,,ou_noise,0,613441,608442,304221,27.905350777140836,-6.021997729414387,,,
1541,1540,,,163.25567625477285,151,True,False,True,False,success,0.44011324644088745,,,ou_noise,0,613592,608593,304296,30.188107370540795,-6.089195858637492,,,
1542,1541,,,171.6517386834352,121,True,False,True,False,success,0.436380535364151,,,ou_noise,0,613713,608714,304357,21.222350900823418,-6.132863638830966,,,
1543,1542,,,159.00044631547186,172,True,False,True,False,success,0.43281611800193787,,,ou_noise,0,613885,608886,304443,25.34036538490029,-5.942657414563866,,,
1544,1543,,,168.5463068483959,131,True,False,True,False,success,0.4230107367038727,,,ou_noise,0,614016,609017,304508,24.4651095193761,-6.1111579968379095,,,
1545,1544,,,169.50079773374625,131,True,False,True,False,success,0.4130711853504181,,,ou_noise,0,614147,609148,304574,26.42973838689673,-5.912170720822884,,,
1546,1545,,,152.20339417989643,159,True,False,True,False,success,0.47948914766311646,,,ou_noise,0,614306,609307,304653,22.311836821478117,-5.938482999801636,,,
1547,1546,,,154.36005067968605,164,True,False,True,False,success,0.470534086227417,,,ou_noise,0,614470,609471,304735,25.877915963893983,-6.0410347944352685,,,
1548,1547,,,153.0584368746152,155,True,False,True,False,success,0.4654293954372406,,,ou_noise,0,614625,609626,304813,22.425389099121094,-5.792290100684533,,,
1549,1548,,,-72.40771444447547,151,False,True,True,False,collision,2.941885471343994,,,ou_noise,0,614776,609777,304888,27.854076019186056,-6.001164803504944,,,
1550,1549,,,164.9234592211234,138,True,False,True,False,success,0.42645007371902466,,,ou_noise,0,614914,609915,304957,25.808650265569273,-6.344672330911608,,,
1551,1550,,,172.38814620489285,116,True,False,True,False,success,0.49634289741516113,,,ou_noise,0,615030,610031,305015,22.52163109286078,-5.9905664920806885,,,
1552,1551,,,166.4277812116652,131,True,False,True,False,success,0.4125813841819763,,,ou_noise,0,615161,610162,305081,25.829539069692597,-6.90973737745574,,,
1553,1552,,,171.76612725313743,119,True,False,True,False,success,0.4858017563819885,,,ou_noise,0,615280,610281,305140,21.599121574594193,-6.548629170757229,,,
1554,1553,,,-288.23877707632346,1000,False,False,False,True,cutoff,4.989989757537842,,,ou_noise,0,616280,611281,305640,24.92829793930054,-6.4173183118700985,,,
1555,1554,,,168.70458529695338,132,True,False,True,False,success,0.48542943596839905,,,ou_noise,0,616412,611413,305706,21.461972951889038,-6.206085508519953,,,
1556,1555,,,170.9983588998116,121,True,False,True,False,success,0.47873666882514954,,,ou_noise,0,616533,611534,305767,23.08889526178029,-6.139758799896866,,,
1557,1556,,,154.73984899681244,151,True,False,True,False,success,0.46120017766952515,,,ou_noise,0,616684,611685,305842,17.687106340926213,-6.299769069353739,,,
1558,1557,,,-239.0766036420538,1000,False,False,False,True,cutoff,10.651321411132812,,,ou_noise,0,617684,612685,306342,25.526149108409882,-6.297470443487168,,,
1559,1558,,,156.48152074212214,159,True,False,True,False,success,0.4842272102832794,,,ou_noise,0,617843,612844,306422,26.78558080301345,-6.593400952219963,,,
1560,1559,,,-63.10612470898402,109,False,True,True,False,collision,4.1018171310424805,,,ou_noise,0,617952,612953,306476,31.02695779625429,-6.2635425726572675,,,
1561,1560,,,155.55968261215526,147,True,False,True,False,success,0.4833844304084778,,,ou_noise,0,618099,613100,306550,24.409186129667322,-6.113911028649356,,,
1562,1561,,,-399.66776139172356,987,False,True,True,False,collision,5.02239990234375,,,ou_noise,0,619086,614087,307043,23.181120176808086,-6.377651627116948,,,
1563,1562,,,-63.2934207844824,121,False,True,True,False,collision,3.1192409992218018,,,ou_noise,0,619207,614208,307104,25.250753741619015,-6.47640218109381,,,
1564,1563,,,157.53458118727534,155,True,False,True,False,success,0.46735838055610657,,,ou_noise,0,619362,614363,307181,23.335240364074707,-6.342734462255008,,,
1565,1564,,,157.44347980218376,150,True,False,True,False,success,0.47826072573661804,,,ou_noise,0,619512,614513,307256,25.881940167744954,-6.386034720738729,,,
1566,1565,,,170.3093201905776,129,True,False,True,False,success,0.41130000352859497,,,ou_noise,0,619641,614642,307321,28.86663332650828,-6.333853118236249,,,
1567,1566,,,-259.2585513104281,1000,False,False,False,True,cutoff,4.645074367523193,,,ou_noise,0,620641,615642,307821,27.375407786369323,-6.4916716276407245,,,
1568,1567,,,75.510558694333,449,True,False,True,False,success,0.45218655467033386,,,ou_noise,0,621090,616091,308045,26.0881295544002,-6.28233490511775,,,
1569,1568,,,163.4224583574514,137,True,False,True,False,success,0.46911856532096863,,,ou_noise,0,621227,616228,308114,26.36032267382545,-6.45211704917576,,,
1570,1569,,,151.20210518862604,161,True,False,True,False,success,0.4953779876232147,,,ou_noise,0,621388,616389,308194,25.496540839627663,-6.353140468150377,,,
1571,1570,,,158.98272876868742,140,True,False,True,False,success,0.4659084677696228,,,ou_noise,0,621528,616529,308264,29.377327013015748,-6.17976246220725,,,
1572,1571,,,161.76825584134232,142,True,False,True,False,success,0.4634566605091095,,,ou_noise,0,621670,616671,308335,24.38164528994493,-6.625990333691449,,,
1573,1572,,,158.55838677936032,152,True,False,True,False,success,0.4609338939189911,,,ou_noise,0,621822,616823,308411,24.619511190213654,-6.6287833232628675,,,
1574,1573,,,171.55482023351357,124,True,False,True,False,success,0.4753694236278534,,,ou_noise,0,621946,616947,308473,23.828231203940607,-6.6077600871363,,,
1575,1574,,,159.62853175733025,150,True,False,True,False,success,0.42095425724983215,,,ou_noise,0,622096,617097,308548,24.36149918238322,-6.223172702789307,,,
1576,1575,,,156.74406766353337,151,True,False,True,False,success,0.4955373704433441,,,ou_noise,0,622247,617248,308624,27.922342388835176,-6.739025135965724,,,
1577,1576,,,162.99995846607007,137,True,False,True,False,success,0.42843279242515564,,,ou_noise,0,622384,617385,308692,31.75138487432995,-6.442763053319034,,,
1578,1577,,,159.58863382263803,145,True,False,True,False,success,0.4793936014175415,,,ou_noise,0,622529,617530,308765,31.066498513057315,-6.415566134126219,,,
1579,1578,,,156.0760668738725,149,True,False,True,False,success,0.44180771708488464,,,ou_noise,0,622678,617679,308839,19.288354188803858,-6.440907728833121,,,
1580,1579,,,159.43252291760095,153,True,False,True,False,success,0.4373438358306885,,,ou_noise,0,622831,617832,308916,23.130559061087816,-6.131181000115036,,,
1581,1580,,,164.9545704763703,145,True,False,True,False,success,0.49773460626602173,,,ou_noise,0,622976,617977,308988,24.838185211707806,-7.212207817369038,,,
1582,1581,,,156.3681938634158,159,True,False,True,False,success,0.46646299958229065,,,ou_noise,0,623135,618136,309068,28.764881134033203,-6.655741031467914,,,
1583,1582,,,159.7425691586571,148,True,False,True,False,success,0.4721950888633728,,,ou_noise,0,623283,618284,309142,27.648988942842227,-6.083804061283937,,,
1584,1583,,,158.3366376320281,145,True,False,True,False,success,0.43924832344055176,,,ou_noise,0,623428,618429,309214,26.312043683282262,-6.827341645128197,,,
1585,1584,,,163.41313387274482,144,True,False,True,False,success,0.44745612144470215,,,ou_noise,0,623572,618573,309286,34.26840962304009,-6.6759758939345675,,,
1586,1585,,,167.432215978227,131,True,False,True,False,success,0.4412330985069275,,,ou_noise,0,623703,618704,309352,26.19551521039191,-6.772332151730855,,,
1587,1586,,,162.3325248953229,154,True,False,True,False,success,0.4125618040561676,,,ou_noise,0,623857,618858,309429,28.603227262373096,-6.50845026273232,,,
1588,1587,,,164.7607413614178,143,True,False,True,False,success,0.46098896861076355,,,ou_noise,0,624000,619001,309500,26.91769405845162,-7.077638919924347,,,
1589,1588,,,157.10679985203708,157,True,False,True,False,success,0.4865391254425049,,,ou_noise,0,624157,619158,309579,30.549641560597024,-6.9733573816999606,,,
1590,1589,,,108.64981646167321,341,True,False,True,False,success,0.4656655192375183,,,ou_noise,0,624498,619499,309749,26.342305703596637,-6.92022600033704,,,
1591,1590,,,167.91165242520339,137,True,False,True,False,success,0.47766953706741333,,,ou_noise,0,624635,619636,309818,29.872666602587177,-6.8866370087084565,,,
1592,1591,,,153.2939679631893,156,True,False,True,False,success,0.4175640642642975,,,ou_noise,0,624791,619792,309896,22.74847345474439,-7.047605679585383,,,
1593,1592,,,173.03792348727518,118,True,False,True,False,success,0.49581268429756165,,,ou_noise,0,624909,619910,309955,20.67923131231534,-6.9297055309101685,,,
1594,1593,,,-65.40044452253727,130,False,True,True,False,collision,2.7248034477233887,,,ou_noise,0,625039,620040,310020,31.5397859279926,-7.58922568834745,,,
1595,1594,,,169.99367336338548,124,True,False,True,False,success,0.4388574957847595,,,ou_noise,0,625163,620164,310082,20.22773125094752,-6.919135997372289,,,
1596,1595,,,167.5458175604329,135,True,False,True,False,success,0.420805960893631,,,ou_noise,0,625298,620299,310149,23.824164987493443,-7.504457221102359,,,
1597,1596,,,158.62214090455592,155,True,False,True,False,success,0.48063036799430847,,,ou_noise,0,625453,620454,310227,27.682969013337168,-7.0787692956435375,,,
1598,1597,,,-186.1697510694194,1000,False,False,False,True,cutoff,6.000555515289307,,,ou_noise,0,626453,621454,310727,25.44864029598236,-7.084308075666428,,,
1599,1598,,,167.06532294771063,136,True,False,True,False,success,0.49754470586776733,,,ou_noise,0,626589,621590,310795,27.579863667488098,-7.104532687103047,,,
1600,1599,,,169.9331154037776,126,True,False,True,False,success,0.4584762454032898,,,ou_noise,0,626715,621716,310858,22.550410520462762,-7.175404919518365,,,
1601,1600,,,155.13356611878044,156,True,False,True,False,success,0.4641070067882538,,,ou_noise,0,626871,621872,310936,27.490185276055946,-7.2961219274080715,,,
1602,1601,,,160.65228951859797,147,True,False,True,False,success,0.41561293601989746,,,ou_noise,0,627018,622019,311009,19.553537881293263,-7.482200844647133,,,
1603,1602,,,-250.35463806709993,1000,False,False,False,True,cutoff,3.236553430557251,,,ou_noise,0,628018,623019,311509,25.4598597278595,-6.91674383932352,,,
1604,1603,,,162.07412916454382,145,True,False,True,False,success,0.4734170436859131,,,ou_noise,0,628163,623164,311582,23.73471223239241,-6.912012387628424,,,
1605,1604,,,-377.7473645515312,1000,False,False,False,True,cutoff,5.039222240447998,,,ou_noise,0,629163,624164,312082,23.600746203422545,-7.224904020547867,,,
1606,1605,,,156.11217054747317,172,True,False,True,False,success,0.4636105000972748,,,ou_noise,0,629335,624336,312168,22.71034274544827,-7.291380646616914,,,
1607,1606,,,-90.32829613249177,216,False,True,True,False,collision,3.0952627658843994,,,ou_noise,0,629551,624552,312276,29.484337707360584,-7.327247473928663,,,
1608,1607,,,-229.79262974161486,1000,False,False,False,True,cutoff,5.282116889953613,,,ou_noise,0,630551,625552,312776,26.67502738380432,-7.3680829641819,,,
1609,1608,,,161.30636317753502,145,True,False,True,False,success,0.4856673777103424,,,ou_noise,0,630696,625697,312848,32.09711573370572,-7.502643432882097,,,
1610,1609,,,-65.29324395412519,130,False,True,True,False,collision,3.1854288578033447,,,ou_noise,0,630826,625827,312913,27.938716132824236,-7.224103540640611,,,
1611,1610,,,-61.739101929862365,129,False,True,True,False,collision,2.8959851264953613,,,ou_noise,0,630955,625956,312978,27.68147044218788,-7.489062127700219,,,
1612,1611,,,158.63051066529303,153,True,False,True,False,success,0.42518818378448486,,,ou_noise,0,631108,626109,313054,27.35984238144619,-7.596730818873958,,,
1613,1612,,,167.9636710344239,127,True,False,True,False,success,0.4824829697608948,,,ou_noise,0,631235,626236,313118,31.190551750303253,-7.202960226684809,,,
1614,1613,,,171.2657584146708,122,True,False,True,False,success,0.4823527932167053,,,ou_noise,0,631357,626358,313179,24.495593719795103,-7.788630125952548,,,
1615,1614,,,158.17919374220702,150,True,False,True,False,success,0.4447771906852722,,,ou_noise,0,631507,626508,313254,25.06105115890503,-7.410805253982544,,,
1616,1615,,,170.46923447165966,127,True,False,True,False,success,0.4999746084213257,,,ou_noise,0,631634,626635,313317,35.41087343561368,-7.686305182320731,,,
1617,1616,,,172.3100795420328,119,True,False,True,False,success,0.4593566954135895,,,ou_noise,0,631753,626754,313377,25.55251268178475,-7.576397466659546,,,
1618,1617,,,171.52633554740987,122,True,False,True,False,success,0.4715789258480072,,,ou_noise,0,631875,626876,313438,30.996239169699248,-8.12762243239606,,,
1619,1618,,,170.10238744154356,123,True,False,True,False,success,0.45467066764831543,,,ou_noise,0,631998,626999,313499,23.901908944292767,-7.929687812680104,,,
1620,1619,,,-83.09774604558704,56,False,True,True,False,collision,7.488855361938477,,,ou_noise,0,632054,627055,313527,33.39428879533495,-7.506621701376779,,,
1621,1620,,,163.0530875689209,141,True,False,True,False,success,0.4555791914463043,,,ou_noise,0,632195,627196,313598,26.864501236178352,-7.920457709003502,,,
1622,1621,,,156.80039529866227,156,True,False,True,False,success,0.4854298532009125,,,ou_noise,0,632351,627352,313676,26.751990547546974,-7.760562676649827,,,
1623,1622,,,151.22751940601694,165,True,False,True,False,success,0.49541592597961426,,,ou_noise,0,632516,627517,313758,25.283714311773128,-7.5226831203553735,,,
1624,1623,,,164.61486596431465,139,True,False,True,False,success,0.4401319622993469,,,ou_noise,0,632655,627656,313828,24.726076860222026,-7.624778066362653,,,
1625,1624,,,165.6084858670401,132,True,False,True,False,success,0.4668382704257965,,,ou_noise,0,632787,627788,313894,24.930401296326608,-7.179326487310005,,,
1626,1625,,,-268.42179096873383,688,False,True,True,False,collision,10.461912155151367,,,ou_noise,0,633475,628476,314238,29.798474582128748,-7.670229848820803,,,
1627,1626,,,153.8268913138822,166,True,False,True,False,success,0.4519852101802826,,,ou_noise,0,633641,628642,314321,30.727328547512194,-7.962051380111511,,,
1628,1627,,,166.8216913492394,140,True,False,True,False,success,0.4819096326828003,,,ou_noise,0,633781,628782,314391,32.17640074321202,-7.525471462522234,,,
1629,1628,,,166.5198159626466,133,True,False,True,False,success,0.4979054629802704,,,ou_noise,0,633914,628915,314457,28.250813283418353,-7.9265030297366055,,,
1630,1629,,,158.4602997945122,148,True,False,True,False,success,0.4382286071777344,,,ou_noise,0,634062,629063,314531,29.42013546582815,-7.728481982205365,,,
1631,1630,,,152.63032702903155,164,True,False,True,False,success,0.4418489336967468,,,ou_noise,0,634226,629227,314613,25.69731483808378,-7.534474425199555,,,
1632,1631,,,161.67012168832179,148,True,False,True,False,success,0.4676257073879242,,,ou_noise,0,634374,629375,314687,31.440838594694394,-7.472482710271268,,,
1633,1632,,,168.66656854586552,124,True,False,True,False,success,0.49966147541999817,,,ou_noise,0,634498,629499,314749,32.41796124366022,-7.919773624789331,,,
1634,1633,,,148.97445362581172,180,True,False,True,False,success,0.41894641518592834,,,ou_noise,0,634678,629679,314839,20.624785693486533,-7.757376751634809,,,
1635,1634,,,156.80566061971007,153,True,False,True,False,success,0.43673017621040344,,,ou_noise,0,634831,629832,314916,22.694922135546317,-7.462920783402084,,,
1636,1635,,,161.2775359000691,147,True,False,True,False,success,0.48147904872894287,,,ou_noise,0,634978,629979,314989,29.4137459969034,-7.569909641187485,,,
1637,1636,,,171.05109954521885,124,True,False,True,False,success,0.4879438877105713,,,ou_noise,0,635102,630103,315051,32.39254975318909,-7.834535291118007,,,
1638,1637,,,155.94496386226638,160,True,False,True,False,success,0.46880778670310974,,,ou_noise,0,635262,630263,315131,36.71177248954773,-7.9715695679187775,,,
1639,1638,,,-231.8157066211025,1000,False,False,False,True,cutoff,9.520159721374512,,,ou_noise,0,636262,631263,315631,27.484892829418182,-8.047907514095307,,,
1640,1639,,,157.66062796402633,153,True,False,True,False,success,0.48561376333236694,,,ou_noise,0,636415,631416,315708,25.46716573503282,-7.920008213489087,,,
1641,1640,,,-243.30086437045674,1000,False,False,False,True,cutoff,4.98540735244751,,,ou_noise,0,637415,632416,316208,28.571344610214233,-7.803428960084915,,,
1642,1641,,,170.8890991579421,124,True,False,True,False,success,0.4845782518386841,,,ou_noise,0,637539,632540,316270,30.934042469147712,-7.91484748548077,,,
1643,1642,,,76.92382807237522,477,True,False,True,False,success,0.49158164858818054,,,ou_noise,0,638016,633017,316508,27.445553301765234,-7.588039753817711,,,
1644,1643,,,-222.76561060360973,1000,False,False,False,True,cutoff,6.358342170715332,,,ou_noise,0,639016,634017,317008,28.996852930068968,-7.560077963113785,,,
1645,1644,,,162.11339887867447,143,True,False,True,False,success,0.4420897960662842,,,ou_noise,0,639159,634160,317080,28.059162693423826,-7.673982880181736,,,
1646,1645,,,167.3888880052844,131,True,False,True,False,success,0.4897572994232178,,,ou_noise,0,639290,634291,317145,27.498210703143638,-7.927982700788058,,,
1647,1646,,,168.28126619210923,128,True,False,True,False,success,0.45556163787841797,,,ou_noise,0,639418,634419,317209,39.42576663941145,-7.967206206172705,,,
1648,1647,,,164.64379401709152,135,True,False,True,False,success,0.47530823945999146,,,ou_noise,0,639553,634554,317277,22.262246004740398,-7.773798953084385,,,
1649,1648,,,-90.27752694665897,232,False,True,True,False,collision,2.6399495601654053,,,ou_noise,0,639785,634786,317393,23.688878848634918,-7.22072669555401,,,
1650,1649,,,167.81351304783317,133,True,False,True,False,success,0.4395861327648163,,,ou_noise,0,639918,634919,317459,24.32658460803498,-7.777891021786314,,,
1651,1650,,,168.08912308352933,130,True,False,True,False,success,0.44503095746040344,,,ou_noise,0,640048,635049,317524,29.485670397831843,-7.571675080519456,,,
1652,1651,,,140.13511268867202,201,True,False,True,False,success,0.45107215642929077,,,ou_noise,0,640249,635250,317625,35.56881498934618,-8.08892038553068,,,
1653,1652,,,149.85101804161351,187,True,False,True,False,success,0.45301011204719543,,,ou_noise,0,640436,635437,317718,24.48931864111181,-7.31972259988067,,,
1654,1653,,,160.31297446704,145,True,False,True,False,success,0.48963749408721924,,,ou_noise,0,640581,635582,317791,31.45304388506659,-7.591199672385438,,,
1655,1654,,,156.12312813709082,153,True,False,True,False,success,0.4727669358253479,,,ou_noise,0,640734,635735,317867,26.39450621137432,-7.197180595837142,,,
1656,1655,,,167.45959353837782,138,True,False,True,False,success,0.45518022775650024,,,ou_noise,0,640872,635873,317936,28.330789918484896,-8.064479922902757,,,
1657,1656,,,168.6658178223169,135,True,False,True,False,success,0.43582090735435486,,,ou_noise,0,641007,636008,318004,27.578014769377532,-7.883251694195411,,,
1658,1657,,,165.9561887038418,133,True,False,True,False,success,0.48168569803237915,,,ou_noise,0,641140,636141,318070,29.153455970878888,-7.5613396113569085,,,
1659,1658,,,172.49852576677438,118,True,False,True,False,success,0.4555569291114807,,,ou_noise,0,641258,636259,318129,28.01044974084628,-7.2173922587249235,,,
1660,1659,,,162.33046766602723,150,True,False,True,False,success,0.49611806869506836,,,ou_noise,0,641408,636409,318204,28.317927939097085,-7.368309082984925,,,
1661,1660,,,172.49806038644923,121,True,False,True,False,success,0.46624964475631714,,,ou_noise,0,641529,636530,318265,26.909048852841718,-7.626148073399653,,,
1662,1661,,,159.17080867936016,153,True,False,True,False,success,0.4549412131309509,,,ou_noise,0,641682,636683,318341,30.74227665296567,-7.889588632081685,,,
1663,1662,,,150.31165863092076,181,True,False,True,False,success,0.4660399258136749,,,ou_noise,0,641863,636864,318432,27.216679588865837,-8.179087528815636,,,
1664,1663,,,160.79300197204765,151,True,False,True,False,success,0.4977714717388153,,,ou_noise,0,642014,637015,318507,25.1754697584948,-7.779713303248087,,,
1665,1664,,,169.1114534171313,132,True,False,True,False,success,0.43396633863449097,,,ou_noise,0,642146,637147,318573,30.165729255387276,-7.53790561358134,,,
1666,1665,,,155.68180976328816,161,True,False,True,False,success,0.4856390655040741,,,ou_noise,0,642307,637308,318654,32.267965026523754,-7.924696539655144,,,
1667,1666,,,153.00015725935322,172,True,False,True,False,success,0.48936766386032104,,,ou_noise,0,642479,637480,318740,25.342881380125533,-7.588250944780749,,,
1668,1667,,,-422.2923073044508,1000,False,False,False,True,cutoff,9.768096923828125,,,ou_noise,0,643479,638480,319240,29.049200507164002,-7.841933311462403,,,
1669,1668,,,168.3142927990881,128,True,False,True,False,success,0.43741971254348755,,,ou_noise,0,643607,638608,319304,32.41243143379688,-7.355072161182761,,,
1670,1669,,,159.52196037373847,156,True,False,True,False,success,0.419260174036026,,,ou_noise,0,643763,638764,319382,34.43284227909186,-7.126432473842915,,,
1671,1670,,,171.24073377345562,120,True,False,True,False,success,0.4488023817539215,,,ou_noise,0,643883,638884,319442,35.18914213180542,-8.003225056330363,,,
1672,1671,,,160.00698837754302,146,True,False,True,False,success,0.4822908043861389,,,ou_noise,0,644029,639030,319515,28.531030733291416,-8.032350531996112,,,
1673,1672,,,146.7451386788233,196,True,False,True,False,success,0.4768920838832855,,,ou_noise,0,644225,639226,319613,27.617169200157633,-7.58321050843414,,,
1674,1673,,,163.12372425297752,141,True,False,True,False,success,0.48416927456855774,,,ou_noise,0,644366,639367,319683,33.25661090417957,-7.405757657119206,,,
1675,1674,,,-68.85506121699844,151,False,True,True,False,collision,2.9057672023773193,,,ou_noise,0,644517,639518,319759,29.08699681111519,-8.212948097994452,,,
1676,1675,,,93.68335616121871,366,True,False,True,False,success,0.4336717426776886,,,ou_noise,0,644883,639884,319942,25.786826284856744,-7.998748923911423,,,
1677,1676,,,164.95858304032384,139,True,False,True,False,success,0.49477389454841614,,,ou_noise,0,645022,640023,320011,33.197549977748515,-8.394524833430415,,,
1678,1677,,,-246.72954556413137,1000,False,False,False,True,cutoff,5.53706169128418,,,ou_noise,0,646022,641023,320511,30.27896238708496,-7.937595002174377,,,
1679,1678,,,144.0340127756192,218,True,False,True,False,success,0.4912920594215393,,,ou_noise,0,646240,641241,320620,32.82657079084204,-7.778178364858714,,,
1680,1679,,,-202.92965097517168,1000,False,False,False,True,cutoff,4.373626232147217,,,ou_noise,0,647240,642241,321120,29.392045121192933,-7.427468844294548,,,
1681,1680,,,-194.09783186484046,1000,False,False,False,True,cutoff,4.4386820793151855,,,ou_noise,0,648240,643241,321620,29.56338902568817,-7.578292050242424,,,
1682,1681,,,167.36774047680726,131,True,False,True,False,success,0.47462600469589233,,,ou_noise,0,648371,643372,321686,27.14098835719451,-7.678942470839529,,,
1683,1682,,,163.2331185784193,145,True,False,True,False,success,0.4578198492527008,,,ou_noise,0,648516,643517,321758,28.571494273481697,-7.791312532292472,,,
1684,1683,,,155.41506732380333,165,True,False,True,False,success,0.42635735869407654,,,ou_noise,0,648681,643682,321841,26.76213529182203,-7.902954327413835,,,
1685,1684,,,157.30149212247963,155,True,False,True,False,success,0.47951120138168335,,,ou_noise,0,648836,643837,321918,37.728841824685375,-8.453635559453593,,,
1686,1685,,,168.18648041217102,128,True,False,True,False,success,0.41683870553970337,,,ou_noise,0,648964,643965,321982,34.855186246335506,-7.50705564301461,,,
1687,1686,,,159.5364203299655,153,True,False,True,False,success,0.4894282817840576,,,ou_noise,0,649117,644118,322059,30.989516725727157,-7.199489951133728,,,
1688,1687,,,169.1944610781951,123,True,False,True,False,success,0.4660833179950714,,,ou_noise,0,649240,644241,322120,33.359545955813026,-8.512622723813918,,,
1689,1688,,,157.37076771416594,151,True,False,True,False,success,0.4886617362499237,,,ou_noise,0,649391,644392,322196,35.01343756795719,-7.642773681565335,,,
1690,1689,,,30.163611842876605,592,True,False,True,False,success,0.4461672306060791,,,ou_noise,0,649983,644984,322492,32.256307790408265,-7.955742002741711,,,
1691,1690,,,157.8159916266036,153,True,False,True,False,success,0.47676369547843933,,,ou_noise,0,650136,645137,322568,29.175142431570812,-8.332148831141623,,,
1692,1691,,,-231.87025503564993,1000,False,False,False,True,cutoff,6.500887393951416,,,ou_noise,0,651136,646137,323068,31.5200504655838,-8.098828807353973,,,
1693,1692,,,146.1881521861024,188,True,False,True,False,success,0.4697449803352356,,,ou_noise,0,651324,646325,323162,36.75082088531332,-7.612315805668526,,,
1694,1693,,,170.567867155404,124,True,False,True,False,success,0.4410584270954132,,,ou_noise,0,651448,646449,323224,30.399078799832253,-7.729856121924616,,,
1695,1694,,,159.22136940619694,162,True,False,True,False,success,0.4328196942806244,,,ou_noise,0,651610,646611,323305,25.442288534140882,-7.68774366967472,,,
1696,1695,,,163.03159746941844,138,True,False,True,False,success,0.4826827049255371,,,ou_noise,0,651748,646749,323374,30.49239312738612,-8.327269364094388,,,
1697,1696,,,-333.8088324292632,1000,False,False,False,True,cutoff,9.559481620788574,,,ou_noise,0,652748,647749,323874,31.145529992103576,-7.930567723274231,,,
1698,1697,,,167.26745606342888,137,True,False,True,False,success,0.41723203659057617,,,ou_noise,0,652885,647886,323943,29.57110876236519,-7.486490304919257,,,
1699,1698,,,-0.9352468032973889,548,True,False,True,False,success,0.4134366512298584,,,ou_noise,0,653433,648434,324217,30.29445787241859,-7.92093551158905,,,
1700,1699,,,142.67815748455834,200,True,False,True,False,success,0.46581345796585083,,,ou_noise,0,653633,648634,324317,27.365859088897704,-7.880808132886886,,,
1701,1700,,,150.49175840824142,168,True,False,True,False,success,0.46757006645202637,,,ou_noise,0,653801,648802,324401,27.53858519168127,-7.875827502636683,,,
1702,1701,,,-193.81941374816714,1000,False,False,False,True,cutoff,5.996710300445557,,,ou_noise,0,654801,649802,324901,31.30362401008606,-7.971693232774735,,,
1703,1702,,,-284.71847045741987,1000,False,False,False,True,cutoff,6.157846927642822,,,ou_noise,0,655801,650802,325401,29.84481751060486,-7.911227950453759,,,
1704,1703,,,-462.16584261403796,1000,False,False,False,True,cutoff,9.757708549499512,,,ou_noise,0,656801,651802,325901,31.33623226451874,-8.137885847568512,,,
1705,1704,,,-457.6155798761013,1000,False,False,False,True,cutoff,9.84825325012207,,,ou_noise,0,657801,652802,326401,33.58009132480621,-8.144310026168823,,,
1706,1705,,,-188.35959576851573,1000,False,False,False,True,cutoff,5.472866058349609,,,ou_noise,0,658801,653802,326901,30.933682910919188,-8.205547570228577,,,
1707,1706,,,161.7692501697203,143,True,False,True,False,success,0.4308418929576874,,,ou_noise,0,658944,653945,326972,30.427852237141217,-7.93121425198837,,,
1708,1707,,,163.94924215634376,145,True,False,True,False,success,0.4417667090892792,,,ou_noise,0,659089,654090,327045,34.02464076075061,-7.791559281414503,,,
1709,1708,,,159.55629538972806,152,True,False,True,False,success,0.4603688418865204,,,ou_noise,0,659241,654242,327121,31.391827602135507,-7.969754997052644,,,
1710,1709,,,159.3097138498917,151,True,False,True,False,success,0.45617222785949707,,,ou_noise,0,659392,654393,327196,33.37755967449668,-7.805120922724406,,,
1711,1710,,,-379.71576322671325,1000,False,False,False,True,cutoff,10.071293830871582,,,ou_noise,0,660392,655393,327696,30.31277016067505,-7.922990485548973,,,
1712,1711,,,155.8070061712914,151,True,False,True,False,success,0.48780837655067444,,,ou_noise,0,660543,655544,327772,27.69437311816689,-8.518117590954429,,,
1713,1712,,,166.41867082287237,132,True,False,True,False,success,0.4334501624107361,,,ou_noise,0,660675,655676,327838,24.89406303925948,-8.558818752115423,,,
1714,1713,,,143.66661785790467,186,True,False,True,False,success,0.4428737163543701,,,ou_noise,0,660861,655862,327931,33.50846065500731,-8.222808240562356,,,
1715,1714,,,159.58309019238993,150,True,False,True,False,success,0.49024179577827454,,,ou_noise,0,661011,656012,328006,36.03566782633464,-8.127529951731363,,,
1716,1715,,,-196.66151131472398,1000,False,False,False,True,cutoff,6.237678527832031,,,ou_noise,0,662011,657012,328506,30.56661547374725,-7.965208898067474,,,
1717,1716,,,163.25494521700293,135,True,False,True,False,success,0.47723886370658875,,,ou_noise,0,662146,657147,328573,32.288642452381275,-8.17522227942054,,,
1718,1717,,,155.72191292948622,160,True,False,True,False,success,0.45723026990890503,,,ou_noise,0,662306,657307,328653,30.35573864579201,-8.009381768107414,,,
1719,1718,,,-205.41226552761233,1000,False,False,False,True,cutoff,6.69553804397583,,,ou_noise,0,663306,658307,329153,28.56217375087738,-7.758248116731644,,,
1720,1719,,,-310.1943083983068,1000,False,False,False,True,cutoff,10.041139602661133,,,ou_noise,0,664306,659307,329653,30.283200872421265,-7.977296647071839,,,
1721,1720,,,-69.16781732346186,141,False,True,True,False,collision,3.189854860305786,,,ou_noise,0,664447,659448,329724,35.71501490410338,-7.293152350774953,,,
1722,1721,,,160.67486861332162,142,True,False,True,False,success,0.42471030354499817,,,ou_noise,0,664589,659590,329795,30.206746631944682,-8.098619973995316,,,
1723,1722,,,162.0111627488929,141,True,False,True,False,success,0.4368908703327179,,,ou_noise,0,664730,659731,329865,28.402319346759334,-7.405947753361294,,,
1724,1723,,,157.46355439233696,155,True,False,True,False,success,0.46297377347946167,,,ou_noise,0,664885,659886,329943,27.50792206794985,-7.768415541220934,,,
1725,1724,,,-216.77586198716918,1000,False,False,False,True,cutoff,5.848461627960205,,,ou_noise,0,665885,660886,330443,28.322876356124876,-7.641734570026398,,,
1726,1725,,,152.26838172443607,160,True,False,True,False,success,0.48199906945228577,,,ou_noise,0,666045,661046,330523,27.325965017080307,-7.625282663106918,,,
1727,1726,,,163.73235612976345,140,True,False,True,False,success,0.47349342703819275,,,ou_noise,0,666185,661186,330593,28.007438584736416,-7.614757139342172,,,
1728,1727,,,151.6478651959253,174,True,False,True,False,success,0.41070348024368286,,,ou_noise,0,666359,661360,330680,29.99537055245761,-8.142898178648675,,,
1729,1728,,,-331.1561307738669,1000,False,False,False,True,cutoff,8.51656723022461,,,ou_noise,0,667359,662360,331180,29.19902500152588,-7.8001054136753085,,,
1730,1729,,,-65.4290132239152,113,False,True,True,False,collision,3.6208324432373047,,,ou_noise,0,667472,662473,331236,35.37446925070434,-7.846338897943497,,,
1731,1730,,,167.34718760965342,130,True,False,True,False,success,0.48080500960350037,,,ou_noise,0,667602,662603,331301,34.86340654813326,-7.20140140240009,,,
1732,1731,,,162.55603538318962,138,True,False,True,False,success,0.45875832438468933,,,ou_noise,0,667740,662741,331370,31.05494331276935,-7.589270184005517,,,
1733,1732,,,158.61824963089936,149,True,False,True,False,success,0.4676728844642639,,,ou_noise,0,667889,662890,331445,32.302608093159314,-7.504079014460245,,,
1734,1733,,,157.2957152146658,155,True,False,True,False,success,0.4420611560344696,,,ou_noise,0,668044,663045,331522,32.35463199615479,-7.6123317867130424,,,
1735,1734,,,161.42364584174337,142,True,False,True,False,success,0.46163639426231384,,,ou_noise,0,668186,663187,331593,28.665948552145085,-7.979377523274489,,,
1736,1735,,,171.1340550086057,125,True,False,True,False,success,0.48411455750465393,,,ou_noise,0,668311,663312,331656,22.512930137634278,-8.051670888113597,,,
1737,1736,,,157.57632276703202,148,True,False,True,False,success,0.4560558497905731,,,ou_noise,0,668459,663460,331730,23.73739379161113,-7.98313299385277,,,
1738,1737,,,-94.82124465308729,955,True,False,True,False,success,0.4561219811439514,,,ou_noise,0,669414,664415,332207,29.601739892410357,-7.944415223673454,,,
1739,1738,,,165.07240963664444,139,True,False,True,False,success,0.43867096304893494,,,ou_noise,0,669553,664554,332277,31.656375960480396,-7.57056680066245,,,
1740,1739,,,151.69976730838806,160,True,False,True,False,success,0.4669610857963562,,,ou_noise,0,669713,664714,332357,27.489986127614976,-7.75430743098259,,,
1741,1740,,,169.31288943302752,127,True,False,True,False,success,0.46921566128730774,,,ou_noise,0,669840,664841,332420,33.698588806813156,-7.59096552455236,,,
1742,1741,,,168.78259712610043,135,True,False,True,False,success,0.4762095510959625,,,ou_noise,0,669975,664976,332488,31.37194662447329,-7.681049620403963,,,
1743,1742,,,166.8185628184759,136,True,False,True,False,success,0.48174789547920227,,,ou_noise,0,670111,665112,332556,28.668727601275723,-8.203498472185696,,,
1744,1743,,,-313.9750957587792,1000,False,False,False,True,cutoff,9.724987983703613,,,ou_noise,0,671111,666112,333056,29.198949961662294,-7.790546565771103,,,
1745,1744,,,-68.30651548147912,148,False,True,True,False,collision,2.933026075363159,,,ou_noise,0,671259,666260,333130,31.093699571248646,-7.556814728556453,,,
1746,1745,,,-201.10452988869923,1000,False,False,False,True,cutoff,4.69714879989624,,,ou_noise,0,672259,667260,333630,31.640794569015505,-7.4514141011238095,,,
1747,1746,,,170.07382401620754,130,True,False,True,False,success,0.42827263474464417,,,ou_noise,0,672389,667390,333695,27.203382851527287,-7.402271351447472,,,
1748,1747,,,159.45172751823512,146,True,False,True,False,success,0.4410484731197357,,,ou_noise,0,672535,667536,333768,26.651869212111382,-7.892498094741613,,,
1749,1748,,,82.86050560417951,390,True,False,True,False,success,0.4514940679073334,,,ou_noise,0,672925,667926,333963,25.04695821908804,-7.431055875313588,,,
1750,1749,,,-203.49980177576128,351,False,True,True,False,collision,9.08857250213623,,,ou_noise,0,673276,668277,334138,31.41718513673527,-7.272424462182181,,,
1751,1750,,,-21.89497221861292,704,True,False,True,False,success,0.4575415849685669,,,ou_noise,0,673980,668981,334490,29.190875982696358,-7.077868212522431,,,
1752,1751,,,-237.6754961493302,1000,False,False,False,True,cutoff,4.921494007110596,,,ou_noise,0,674980,669981,334990,30.335983339309692,-6.921547613859176,,,
1753,1752,,,169.85197479098667,131,True,False,True,False,success,0.4683490991592407,,,ou_noise,0,675111,670112,335056,34.474452404575494,-6.841378172690218,,,
1754,1753,,,-62.65684129199805,111,False,True,True,False,collision,3.358398675918579,,,ou_noise,0,675222,670223,335111,32.36118900024139,-6.384550523757935,,,
1755,1754,,,-329.29099708811657,1000,False,False,False,True,cutoff,4.582610130310059,,,ou_noise,0,676222,671223,335611,27.849245889663695,-6.523173315405845,,,
1756,1755,,,151.01052462732076,164,True,False,True,False,success,0.411581426858902,,,ou_noise,0,676386,671387,335693,25.94622089223164,-5.919114948772803,,,
1757,1756,,,161.3232290045915,153,True,False,True,False,success,0.46020299196243286,,,ou_noise,0,676539,671540,335770,33.48350487503351,-6.747064444925878,,,
1758,1757,,,160.84992840380556,149,True,False,True,False,success,0.4213443994522095,,,ou_noise,0,676688,671689,335844,31.660502683396306,-6.435326862979579,,,
1759,1758,,,162.59074612586835,145,True,False,True,False,success,0.4866679906845093,,,ou_noise,0,676833,671834,335917,30.82935568710853,-6.201933112862992,,,
1760,1759,,,82.82951111682715,481,True,False,True,False,success,0.4153822958469391,,,ou_noise,0,677314,672315,336157,31.499404225180896,-6.232415607323249,,,
1761,1760,,,157.08669018174663,152,True,False,True,False,success,0.49772387742996216,,,ou_noise,0,677466,672467,336233,24.470484457517927,-6.404255559569911,,,
1762,1761,,,155.37365067626973,161,True,False,True,False,success,0.4818086624145508,,,ou_noise,0,677627,672628,336314,38.003073822637525,-6.4446155524548185,,,
1763,1762,,,-208.32970937166164,1000,False,False,False,True,cutoff,4.453314781188965,,,ou_noise,0,678627,673628,336814,30.606296637535095,-5.974511180639267,,,
1764,1763,,,168.71011270222112,135,True,False,True,False,success,0.460609495639801,,,ou_noise,0,678762,673763,336881,24.015917106910987,-6.181596921451056,,,
1765,1764,,,-105.60840690147548,261,False,True,True,False,collision,3.773728370666504,,,ou_noise,0,679023,674024,337012,31.054387253363014,-5.696859445280701,,,
1766,1765,,,175.55174690948812,111,True,False,True,False,success,0.46488094329833984,,,ou_noise,0,679134,674135,337067,23.54767033001324,-5.763258528709412,,,
1767,1766,,,-60.187364569288675,115,False,True,True,False,collision,3.132403612136841,,,ou_noise,0,679249,674250,337125,28.86204145680303,-5.856213885134664,,,
1768,1767,,,-215.96830000839535,1000,False,False,False,True,cutoff,5.584235668182373,,,ou_noise,0,680249,675250,337625,30.7204569606781,-5.7326654197573665,,,
1769,1768,,,-64.08344628567818,148,False,True,True,False,collision,2.2006072998046875,,,ou_noise,0,680397,675398,337699,31.858664531965513,-5.6419030391686675,,,
1770,1769,,,159.07309136093642,152,True,False,True,False,success,0.47495436668395996,,,ou_noise,0,680549,675550,337775,26.239010980254726,-5.471602830447648,,,
1771,1770,,,164.42794251457218,144,True,False,True,False,success,0.4052234888076782,,,ou_noise,0,680693,675694,337847,25.75656618674596,-5.90743941317002,,,
1772,1771,,,-362.1973006326,836,False,True,True,False,collision,9.596970558166504,,,ou_noise,0,681529,676530,338265,34.06502519726183,-5.491428603110701,,,
1773,1772,,,152.2209257253154,170,True,False,True,False,success,0.40804314613342285,,,ou_noise,0,681699,676700,338350,32.28587572995354,-5.102570427165312,,,
1774,1773,,,155.65141104036357,168,True,False,True,False,success,0.4678865075111389,,,ou_noise,0,681867,676868,338434,34.420195017542156,-4.880718902463005,,,
1775,1774,,,174.17071413839471,112,True,False,True,False,success,0.4719996452331543,,,ou_noise,0,681979,676980,338490,29.472115210124425,-5.4171700818198065,,,
1776,1775,,,167.85437654936732,133,True,False,True,False,success,0.47199851274490356,,,ou_noise,0,682112,677113,338556,32.984356055582374,-5.721992427652532,,,
1777,1776,,,151.459108729111,163,True,False,True,False,success,0.47148215770721436,,,ou_noise,0,682275,677276,338638,31.179388648893205,-5.504613729148376,,,
1778,1777,,,171.43727147008397,127,True,False,True,False,success,0.4224608540534973,,,ou_noise,0,682402,677403,338701,30.49689389026071,-5.273239525537642,,,
1779,1778,,,154.07682750395495,162,True,False,True,False,success,0.47934046387672424,,,ou_noise,0,682564,677565,338782,30.590929649494313,-5.305891438766762,,,
1780,1779,,,172.7221274966493,122,True,False,True,False,success,0.4961946904659271,,,ou_noise,0,682686,677687,338843,37.583730877422894,-5.931574145301443,,,
1781,1780,,,170.0253388016983,136,True,False,True,False,success,0.44467446208000183,,,ou_noise,0,682822,677823,338911,38.13055321048288,-5.440657931215623,,,
1782,1781,,,-171.07323957389488,478,False,True,True,False,collision,3.142781972885132,,,ou_noise,0,683300,678301,339150,27.895089103587004,-4.803044005792011,,,
1783,1782,,,-53.639683945472825,824,True,False,True,False,success,0.465695321559906,,,ou_noise,0,684124,679125,339562,34.412434735344455,-4.893495029977803,,,
1784,1783,,,157.83419669661797,170,True,False,True,False,success,0.4676416516304016,,,ou_noise,0,684294,679295,339647,29.252345646128934,-5.161991132006926,,,
1785,1784,,,155.3448981863922,158,True,False,True,False,success,0.4970152676105499,,,ou_noise,0,684452,679453,339726,30.692233284817465,-4.567987921494472,,,
1786,1785,,,155.00318604229437,156,True,False,True,False,success,0.4046846330165863,,,ou_noise,0,684608,679609,339804,30.74146381402627,-4.930451546724026,,,
1787,1786,,,-229.42833059049113,1000,False,False,False,True,cutoff,3.802668809890747,,,ou_noise,0,685608,680609,340304,32.26516147518158,-4.8090638926029206,,,
1788,1787,,,161.8404499552983,154,True,False,True,False,success,0.44443684816360474,,,ou_noise,0,685762,680763,340381,26.79473185229611,-5.031612428751859,,,
1789,1788,,,62.507444562560075,548,True,False,True,False,success,0.43479999899864197,,,ou_noise,0,686310,681311,340655,33.64394832875607,-4.5112368776632925,,,
1790,1789,,,160.6694940462205,151,True,False,True,False,success,0.4984191060066223,,,ou_noise,0,686461,681462,340731,37.53443941533171,-4.316389895583454,,,
1791,1790,,,162.23785958110415,147,True,False,True,False,success,0.42411869764328003,,,ou_noise,0,686608,681609,340804,30.947207736320237,-4.180837601015012,,,
1792,1791,,,154.43905173249166,161,True,False,True,False,success,0.46722036600112915,,,ou_noise,0,686769,681770,340885,33.82330613699018,-4.757738346670881,,,
1793,1792,,,162.1519693710485,143,True,False,True,False,success,0.49611780047416687,,,ou_noise,0,686912,681913,340956,41.616953082851595,-4.280054034061835,,,
1794,1793,,,165.81109492383035,139,True,False,True,False,success,0.45055341720581055,,,ou_noise,0,687051,682052,341026,36.72124310363111,-4.099056875279971,,,
1795,1794,,,170.74498059476332,123,True,False,True,False,success,0.4841248393058777,,,ou_noise,0,687174,682175,341087,31.75279249020708,-4.193252704182609,,,
1796,1795,,,156.39987318598105,157,True,False,True,False,success,0.4598037600517273,,,ou_noise,0,687331,682332,341166,32.84754519249983,-4.279321887825109,,,
1797,1796,,,166.98634878407262,136,True,False,True,False,success,0.4412809908390045,,,ou_noise,0,687467,682468,341234,28.477830234695883,-4.207379075534203,,,
1798,1797,,,168.83072897640457,128,True,False,True,False,success,0.40424561500549316,,,ou_noise,0,687595,682596,341298,35.60292758047581,-4.520186963956803,,,
1799,1798,,,-215.15360523977975,1000,False,False,False,True,cutoff,6.568857192993164,,,ou_noise,0,688595,683596,341798,31.316731143951415,-4.358050025999546,,,
1800,1799,,,171.6321858866025,119,True,False,True,False,success,0.4954070746898651,,,ou_noise,0,688714,683715,341857,30.182321508391563,-3.904497746693886,,,
1801,1800,,,167.80903412883674,130,True,False,True,False,success,0.48724812269210815,,,ou_noise,0,688844,683845,341922,28.84004837182852,-4.3652175784111025,,,
1802,1801,,,-243.97431413427842,1000,False,False,False,True,cutoff,7.589433193206787,,,ou_noise,0,689844,684845,342422,30.654516318321228,-4.148556381821632,,,
1803,1802,,,153.53551177297675,188,True,False,True,False,success,0.46759718656539917,,,ou_noise,0,690032,685033,342516,36.82749657935285,-4.06141767666695,,,
1804,1803,,,168.54143553148515,130,True,False,True,False,success,0.4475235044956207,,,ou_noise,0,690162,685163,342581,28.50725779900184,-4.110268126084255,,,
1805,1804,,,143.1073702406088,189,True,False,True,False,success,0.4745715856552124,,,ou_noise,0,690351,685352,342676,31.291853738209557,-3.784789613046144,,,
1806,1805,,,154.51873765144916,165,True,False,True,False,success,0.4824451208114624,,,ou_noise,0,690516,685517,342758,27.301608501781118,-4.092035756968871,,,
1807,1806,,,-227.5378292024938,1000,False,False,False,True,cutoff,4.087657928466797,,,ou_noise,0,691516,686517,343258,34.058955518722534,-4.049929474830628,,,
1808,1807,,,163.39713470610988,132,True,False,True,False,success,0.4898891746997833,,,ou_noise,0,691648,686649,343324,31.11223622524377,-4.232641199321458,,,
1809,1808,,,161.7951011866299,157,True,False,True,False,success,0.44970086216926575,,,ou_noise,0,691805,686806,343403,27.08542735105867,-4.02472602377964,,,
1810,1809,,,140.53130384813545,189,True,False,True,False,success,0.45616382360458374,,,ou_noise,0,691994,686995,343497,23.0733601201779,-3.7340724731379367,,,
1811,1810,,,172.14765106868586,119,True,False,True,False,success,0.43637731671333313,,,ou_noise,0,692113,687114,343557,31.209515916199244,-4.3220208565394085,,,
1812,1811,,,151.80468854930265,172,True,False,True,False,success,0.4947594106197357,,,ou_noise,0,692285,687286,343643,29.39239834630212,-4.579065668028455,,,
1813,1812,,,171.58102834932583,131,True,False,True,False,success,0.4372310936450958,,,ou_noise,0,692416,687417,343708,26.122919206400866,-4.079263875576166,,,
1814,1813,,,153.61487575034585,153,True,False,True,False,success,0.41598042845726013,,,ou_noise,0,692569,687570,343785,30.41689286200829,-4.021227676373024,,,
1815,1814,,,87.62598187027632,404,True,False,True,False,success,0.4319222569465637,,,ou_noise,0,692973,687974,343987,32.016472653587265,-4.33512530468478,,,
1816,1815,,,154.57865487579022,157,True,False,True,False,success,0.479629784822464,,,ou_noise,0,693130,688131,344065,27.98141803862942,-3.744165387291175,,,
1817,1816,,,18.996272580312095,629,True,False,True,False,success,0.4337453842163086,,,ou_noise,0,693759,688760,344380,29.58437835620583,-4.1900412550048225,,,
1818,1817,,,171.06934540863415,123,True,False,True,False,success,0.4638509750366211,,,ou_noise,0,693882,688883,344441,27.198285273420133,-4.432528912043963,,,
1819,1818,,,18.66432878050773,620,True,False,True,False,success,0.4355064630508423,,,ou_noise,0,694502,689503,344751,30.85235887189065,-4.097556466633273,,,
1820,1819,,,156.14074673670882,163,True,False,True,False,success,0.4237935543060303,,,ou_noise,0,694665,689666,344833,30.432667784895635,-4.140827386117563,,,
1821,1820,,,158.8867124241924,147,True,False,True,False,success,0.4798414409160614,,,ou_noise,0,694812,689813,344906,31.211824709055374,-4.062443915295274,,,
1822,1821,,,168.66446968512543,125,True,False,True,False,success,0.465031236410141,,,ou_noise,0,694937,689938,344969,36.01705387878418,-4.148604603040786,,,
1823,1822,,,167.45545314115722,134,True,False,True,False,success,0.4669165015220642,,,ou_noise,0,695071,690072,345036,26.628748537889166,-3.5832138488541787,,,
1824,1823,,,162.59304300998826,136,True,False,True,False,success,0.43311771750450134,,,ou_noise,0,695207,690208,345104,26.90680804673363,-3.8662289481829193,,,
1825,1824,,,149.474861847398,179,True,False,True,False,success,0.41409406065940857,,,ou_noise,0,695386,690387,345193,29.1320152708938,-3.8888832940144487,,,
1826,1825,,,169.12438807257826,128,True,False,True,False,success,0.43508967757225037,,,ou_noise,0,695514,690515,345257,25.22601542621851,-3.2969482108019292,,,
1827,1826,,,175.74727471317362,113,True,False,True,False,success,0.44598037004470825,,,ou_noise,0,695627,690628,345314,29.665352644118588,-4.096015018852134,,,
1828,1827,,,-73.95592729653676,156,False,True,True,False,collision,3.390489339828491,,,ou_noise,0,695783,690784,345392,31.935788460266895,-4.473865734461026,,,
1829,1828,,,170.3405169104967,128,True,False,True,False,success,0.46149322390556335,,,ou_noise,0,695911,690912,345456,28.86117125302553,-3.431813397910446,,,
1830,1829,,,164.62092805199381,147,True,False,True,False,success,0.49903854727745056,,,ou_noise,0,696058,691059,345529,30.642372935807625,-4.111007286261206,,,
1831,1830,,,170.7049325282093,125,True,False,True,False,success,0.4948519766330719,,,ou_noise,0,696183,691184,345592,23.807995971679688,-5.042302987878284,,,
1832,1831,,,156.12687644987375,165,True,False,True,False,success,0.41838890314102173,,,ou_noise,0,696348,691349,345674,35.84597736705433,-4.088305440981213,,,
1833,1832,,,150.69530380780847,176,True,False,True,False,success,0.4586109519004822,,,ou_noise,0,696524,691525,345762,28.91336610100486,-3.967143039811741,,,
1834,1833,,,148.2706895415502,176,True,False,True,False,success,0.4749244451522827,,,ou_noise,0,696700,691701,345850,34.33251105655324,-4.427144116298719,,,
1835,1834,,,167.04735940296544,138,True,False,True,False,success,0.4115496873855591,,,ou_noise,0,696838,691839,345919,32.4437799591949,-3.8496267242708067,,,
1836,1835,,,158.02883743340234,154,True,False,True,False,success,0.4463537037372589,,,ou_noise,0,696992,691993,345996,30.433536325182235,-4.731855409485953,,,
1837,1836,,,165.4058301923854,141,True,False,True,False,success,0.4685601592063904,,,ou_noise,0,697133,692134,346067,31.77193935204905,-3.81350065956653,,,
1838,1837,,,-264.580735297351,1000,False,False,False,True,cutoff,10.180110931396484,,,ou_noise,0,698133,693134,346567,31.577576466560362,-4.33341194626689,,,
1839,1838,,,151.1262898509698,173,True,False,True,False,success,0.4757155478000641,,,ou_noise,0,698306,693307,346653,26.00669423693177,-4.0314235195171,,,
1840,1839,,,174.170063410152,114,True,False,True,False,success,0.4815402925014496,,,ou_noise,0,698420,693421,346710,35.278793945647124,-4.313840082862921,,,
1841,1840,,,167.72678322331012,138,True,False,True,False,success,0.44005247950553894,,,ou_noise,0,698558,693559,346779,27.54375293289406,-4.538380201312079,,,
1842,1841,,,171.14755026819574,119,True,False,True,False,success,0.49628105759620667,,,ou_noise,0,698677,693678,346839,29.03584646978298,-4.319426341354847,,,
1843,1842,,,-240.290963659809,1000,False,False,False,True,cutoff,4.868137836456299,,,ou_noise,0,699677,694678,347339,32.92550656223297,-4.347744661867619,,,
1844,1843,,,161.4849514398503,152,True,False,True,False,success,0.48332077264785767,,,ou_noise,0,699829,694830,347415,30.439142176979466,-4.684135699742718,,,
1845,1844,,,168.0009757093929,123,True,False,True,False,success,0.47940167784690857,,,ou_noise,0,699952,694953,347476,29.468278411927262,-3.834082436366159,,,
1846,1845,,,-257.49002534941087,1000,False,False,False,True,cutoff,6.52432107925415,,,ou_noise,0,700952,695953,347976,29.69612364292145,-4.131949851870536,,,
1847,1846,,,165.73215303557038,141,True,False,True,False,success,0.49970927834510803,,,ou_noise,0,701093,696094,348047,26.500356904158355,-3.807239932073674,,,
1848,1847,,,163.40818125224803,147,True,False,True,False,success,0.4988054037094116,,,ou_noise,0,701240,696241,348120,23.010135494932836,-3.5626360708720064,,,
1849,1848,,,-61.86481102138105,110,False,True,True,False,collision,3.5018117427825928,,,ou_noise,0,701350,696351,348175,29.990909446369518,-4.03496369231831,,,
1850,1849,,,162.27870473800158,145,True,False,True,False,success,0.4718776047229767,,,ou_noise,0,701495,696496,348248,38.098482388463516,-4.091358731870782,,,
1851,1850,,,168.36893111242983,123,True,False,True,False,success,0.48201507329940796,,,ou_noise,0,701618,696619,348309,28.006188020473573,-4.5381521611917215,,,
1852,1851,,,159.24015715591915,155,True,False,True,False,success,0.49659767746925354,,,ou_noise,0,701773,696774,348387,31.007049658990674,-3.4595367228373504,,,
1853,1852,,,155.11472414046995,167,True,False,True,False,success,0.48800837993621826,,,ou_noise,0,701940,696941,348470,34.250915915666226,-3.832864887024983,,,
1854,1853,,,154.7827949556641,165,True,False,True,False,success,0.44050145149230957,,,ou_noise,0,702105,697106,348553,33.35811145088889,-3.7705535533198393,,,
1855,1854,,,158.92692372880293,158,True,False,True,False,success,0.41991499066352844,,,ou_noise,0,702263,697264,348632,29.22330244281624,-3.9531366840193543,,,
1856,1855,,,165.31910953470253,143,True,False,True,False,success,0.46368375420570374,,,ou_noise,0,702406,697407,348703,38.452989131420644,-3.9040794953913758,,,
1857,1856,,,123.43682431096312,257,True,False,True,False,success,0.4473475515842438,,,ou_noise,0,702663,697664,348832,31.46576074681857,-4.004534305066102,,,
1858,1857,,,167.84226750702675,139,True,False,True,False,success,0.4319785237312317,,,ou_noise,0,702802,697803,348901,25.882530452536166,-3.741529708755189,,,
1859,1858,,,152.23889244735665,168,True,False,True,False,success,0.46736302971839905,,,ou_noise,0,702970,697971,348985,29.023675629070826,-4.201280026918366,,,
1860,1859,,,166.30552779830708,142,True,False,True,False,success,0.4420681893825531,,,ou_noise,0,703112,698113,349056,34.33082855251473,-3.4997059963118864,,,
1861,1860,,,167.31677314997822,138,True,False,True,False,success,0.45006063580513,,,ou_noise,0,703250,698251,349125,36.79489139197529,-4.037518627833629,,,
1862,1861,,,169.06552837288984,133,True,False,True,False,success,0.44728022813796997,,,ou_noise,0,703383,698384,349192,33.931795313842315,-4.1015654517643485,,,
1863,1862,,,159.1639731629886,149,True,False,True,False,success,0.48913535475730896,,,ou_noise,0,703532,698533,349266,32.368565828208155,-3.8481573321529337,,,
1864,1863,,,171.90861021712175,120,True,False,True,False,success,0.4896492660045624,,,ou_noise,0,703652,698653,349326,28.200440581639608,-3.8019658664862317,,,
1865,1864,,,172.72841426413336,121,True,False,True,False,success,0.43266761302948,,,ou_noise,0,703773,698774,349387,27.739725838022785,-3.664886766769847,,,
1866,1865,,,172.29899594591905,120,True,False,True,False,success,0.4406479299068451,,,ou_noise,0,703893,698894,349447,34.011334729194644,-3.779528479774793,,,
1867,1866,,,-203.9783604753336,1000,False,False,False,True,cutoff,3.423737049102783,,,ou_noise,0,704893,699894,349947,29.75347075176239,-3.741028768718243,,,
1868,1867,,,171.7711180542292,123,True,False,True,False,success,0.4461171329021454,,,ou_noise,0,705016,700017,350008,34.863798327562286,-3.854163295421444,,,
1869,1868,,,159.72666223314437,150,True,False,True,False,success,0.4304179549217224,,,ou_noise,0,705166,700167,350083,28.42866380691528,-4.1753559245665866,,,
1870,1869,,,-168.55401719239575,392,False,True,True,False,collision,5.552685260772705,,,ou_noise,0,705558,700559,350279,29.04681590625218,-3.3443063392626997,,,
1871,1870,,,155.7339866435831,149,True,False,True,False,success,0.4189470112323761,,,ou_noise,0,705707,700708,350354,44.39656403560767,-3.5847483787933987,,,
1872,1871,,,-243.13755695224123,1000,False,False,False,True,cutoff,6.681502342224121,,,ou_noise,0,706707,701708,350854,32.63198528671265,-3.264334977000952,,,
1873,1872,,,96.94015221779523,364,True,False,True,False,success,0.4763026237487793,,,ou_noise,0,707071,702072,351036,29.7489868074983,-3.077681820798706,,,
1874,1873,,,162.2302628200124,142,True,False,True,False,success,0.4765620231628418,,,ou_noise,0,707213,702214,351107,27.700184607169998,-3.719162920830955,,,
1875,1874,,,-255.7176221564648,1000,False,False,False,True,cutoff,7.019847869873047,,,ou_noise,0,708213,703214,351607,34.60176931571961,-3.0041978137791157,,,
1876,1875,,,162.93208484269522,140,True,False,True,False,success,0.441479355096817,,,ou_noise,0,708353,703354,351677,28.961374160221645,-2.333867032187326,,,
1877,1876,,,163.09347947701417,145,True,False,True,False,success,0.43412134051322937,,,ou_noise,0,708498,703499,351749,30.742391375837656,-2.4257685635238886,,,
1878,1877,,,161.8659137425083,143,True,False,True,False,success,0.4291069209575653,,,ou_noise,0,708641,703642,351821,34.65697858717058,-2.342212981233994,,,
1879,1878,,,171.0962763971753,120,True,False,True,False,success,0.49381130933761597,,,ou_noise,0,708761,703762,351881,30.88443334897359,-2.2529421041409177,,,
1880,1879,,,164.36250363975228,143,True,False,True,False,success,0.45728200674057007,,,ou_noise,0,708904,703905,351952,30.940098855878922,-2.4354758993001053,,,
1881,1880,,,-235.50405458766548,1000,False,False,False,True,cutoff,6.876546382904053,,,ou_noise,0,709904,704905,352452,28.614462018966673,-2.600698868855834,,,
1882,1881,,,169.27636278962123,133,True,False,True,False,success,0.4809364676475525,,,ou_noise,0,710037,705038,352519,34.4263138591795,-2.6866672910861116,,,
1883,1882,,,167.1455556430916,132,True,False,True,False,success,0.49873021245002747,,,ou_noise,0,710169,705170,352585,30.50713607036706,-2.3330220485275444,,,
1884,1883,,,165.30505107304612,146,True,False,True,False,success,0.4854033887386322,,,ou_noise,0,710315,705316,352658,31.314331204923864,-2.71940766050391,,,
1885,1884,,,157.92493895233548,154,True,False,True,False,success,0.4788389205932617,,,ou_noise,0,710469,705470,352735,37.07264437613549,-2.312336227336487,,,
1886,1885,,,151.8463664126192,168,True,False,True,False,success,0.47054675221443176,,,ou_noise,0,710637,705638,352819,30.07123917625064,-2.3693218807734193,,,
1887,1886,,,154.2661190592729,163,True,False,True,False,success,0.4315491020679474,,,ou_noise,0,710800,705801,352900,28.285617687950836,-2.5210642093493614,,,
1888,1887,,,173.09199387804875,118,True,False,True,False,success,0.44981148838996887,,,ou_noise,0,710918,705919,352959,30.542876744674423,-2.597432926297188,,,
1889,1888,,,173.85431435554864,115,True,False,True,False,success,0.43242746591567993,,,ou_noise,0,711033,706034,353017,28.53784979115362,-2.60958278384702,,,
1890,1889,,,170.2266468496508,121,True,False,True,False,success,0.48415809869766235,,,ou_noise,0,711154,706155,353077,36.43697705544716,-2.478309653699398,,,
1891,1890,,,160.45477633158052,152,True,False,True,False,success,0.4266357123851776,,,ou_noise,0,711306,706307,353153,34.31196966296748,-2.3492459497953715,,,
1892,1891,,,-60.89906925259608,116,False,True,True,False,collision,3.166851043701172,,,ou_noise,0,711422,706423,353211,26.46459327895066,-3.1147176849431006,,,
1893,1892,,,155.2701428960867,165,True,False,True,False,success,0.415266752243042,,,ou_noise,0,711587,706588,353294,32.535649259162675,-2.4804540728948203,,,
1894,1893,,,169.85441433540484,125,True,False,True,False,success,0.4564223289489746,,,ou_noise,0,711712,706713,353356,32.72201895141602,-2.5651982989042037,,,
1895,1894,,,171.9575223019391,117,True,False,True,False,success,0.4215364456176758,,,ou_noise,0,711829,706830,353415,37.49363604977599,-2.7336274774397835,,,
1896,1895,,,160.89536524928127,147,True,False,True,False,success,0.48878657817840576,,,ou_noise,0,711976,706977,353488,30.863188957681462,-2.3889103960501004,,,
1897,1896,,,174.14106359761297,117,True,False,True,False,success,0.43268218636512756,,,ou_noise,0,712093,707094,353547,25.630020932254627,-3.3847838963492443,,,
1898,1897,,,156.3654293346126,165,True,False,True,False,success,0.4344901740550995,,,ou_noise,0,712258,707259,353629,28.73047533902255,-2.6898545168521926,,,
1899,1898,,,168.65092143586537,127,True,False,True,False,success,0.4419034421443939,,,ou_noise,0,712385,707386,353693,31.087859424080435,-2.817809797357768,,,
1900,1899,,,145.82904390828767,194,True,False,True,False,success,0.4489593505859375,,,ou_noise,0,712579,707580,353790,37.257184657853905,-2.74868409166631,,,
1901,1900,,,150.20049629078747,169,True,False,True,False,success,0.4868524372577667,,,ou_noise,0,712748,707749,353874,33.336844551492725,-2.6807257366322337,,,
1902,1901,,,168.404563366637,135,True,False,True,False,success,0.47023898363113403,,,ou_noise,0,712883,707884,353942,38.34614810943604,-3.2085137104286865,,,
1903,1902,,,172.0694436039884,123,True,False,True,False,success,0.4293764531612396,,,ou_noise,0,713006,708007,354003,35.820639160590446,-3.1134265543984587,,,
1904,1903,,,166.11500111764042,137,True,False,True,False,success,0.42935091257095337,,,ou_noise,0,713143,708144,354072,27.19745860830711,-3.188010775524637,,,
1905,1904,,,170.49264589877146,124,True,False,True,False,success,0.43255603313446045,,,ou_noise,0,713267,708268,354134,34.00798308464788,-2.9800566290655444,,,
1906,1905,,,158.08749259198203,156,True,False,True,False,success,0.42970967292785645,,,ou_noise,0,713423,708424,354212,31.786134420297085,-2.9783683060071406,,,
1907,1906,,,160.9823661761678,149,True,False,True,False,success,0.4796121418476105,,,ou_noise,0,713572,708573,354286,38.52247927492897,-2.393256354976345,,,
1908,1907,,,-73.6113271493206,181,False,True,True,False,collision,2.0982155799865723,,,ou_noise,0,713753,708754,354377,27.55737131340069,-2.766845392329352,,,
1909,1908,,,153.95881023237723,168,True,False,True,False,success,0.4681108891963959,,,ou_noise,0,713921,708922,354461,29.73491524514698,-2.5808897353708744,,,
1910,1909,,,167.99208331868118,133,True,False,True,False,success,0.46035629510879517,,,ou_noise,0,714054,709055,354527,25.061710472393752,-3.0591231322649755,,,
1911,1910,,,170.32693288915272,131,True,False,True,False,success,0.4078420102596283,,,ou_noise,0,714185,709186,354593,34.06189310641689,-2.824386841871522,,,
1912,1911,,,165.90857450209705,130,True,False,True,False,success,0.4938766360282898,,,ou_noise,0,714315,709316,354658,34.14613168422992,-2.92594096156267,,,
1913,1912,,,170.93506583743402,120,True,False,True,False,success,0.4974369406700134,,,ou_noise,0,714435,709436,354718,30.017637745539346,-3.3408125452697277,,,
1914,1913,,,157.60945223732392,152,True,False,True,False,success,0.4863133430480957,,,ou_noise,0,714587,709588,354794,28.221460963550367,-2.638384498655796,,,
1915,1914,,,163.75928901539103,143,True,False,True,False,success,0.4503353536128998,,,ou_noise,0,714730,709731,354865,38.2036430785706,-2.9683376718574848,,,
1916,1915,,,128.74704033043014,267,True,False,True,False,success,0.4946343004703522,,,ou_noise,0,714997,709998,354999,30.68465828984864,-3.476164062966162,,,
1917,1916,,,-221.75280457339213,1000,False,False,False,True,cutoff,2.9419116973876953,,,ou_noise,0,715997,710998,355499,32.1107833032608,-3.06649326556921,,,
1918,1917,,,164.73436171551404,146,True,False,True,False,success,0.4817407429218292,,,ou_noise,0,716143,711144,355572,35.20888450047741,-2.972274643509355,,,
1919,1918,,,160.74358509425826,149,True,False,True,False,success,0.46345070004463196,,,ou_noise,0,716292,711293,355646,30.718184829558304,-3.294110216603086,,,
1920,1919,,,-246.50813989987054,1000,False,False,False,True,cutoff,3.293078899383545,,,ou_noise,0,717292,712293,356146,31.45170419597626,-2.8353835837841035,,,
1921,1920,,,166.6858153381678,139,True,False,True,False,success,0.4481141269207001,,,ou_noise,0,717431,712432,356216,34.083229888257364,-2.8416727163961957,,,
1922,1921,,,71.78737934594167,430,True,False,True,False,success,0.4445282816886902,,,ou_noise,0,717861,712862,356431,31.64682875788489,-3.127376179639683,,,
1923,1922,,,-63.261652735009804,130,False,True,True,False,collision,2.9420061111450195,,,ou_noise,0,717991,712992,356496,25.56187795492319,-3.125784878547375,,,
1924,1923,,,170.17575622956676,128,True,False,True,False,success,0.4670782685279846,,,ou_noise,0,718119,713120,356560,30.075655221939087,-3.0969447093084455,,,
1925,1924,,,169.95055602779738,129,True,False,True,False,success,0.42414817214012146,,,ou_noise,0,718248,713249,356624,37.97267328306686,-3.069239872507751,,,
1926,1925,,,154.9240286581647,155,True,False,True,False,success,0.4457530081272125,,,ou_noise,0,718403,713404,356702,29.83885674630442,-3.232392587340795,,,
1927,1926,,,156.67840237847196,155,True,False,True,False,success,0.4547795057296753,,,ou_noise,0,718558,713559,356779,32.164447396801364,-2.9191706199924665,,,
1928,1927,,,171.14510917254114,124,True,False,True,False,success,0.470598042011261,,,ou_noise,0,718682,713683,356841,29.111251654163485,-2.750612009917536,,,
1929,1928,,,166.5012698611387,136,True,False,True,False,success,0.48438671231269836,,,ou_noise,0,718818,713819,356909,27.35837796155144,-2.966267377138138,,,
1930,1929,,,159.16616097175915,152,True,False,True,False,success,0.45164191722869873,,,ou_noise,0,718970,713971,356985,32.610856570695574,-2.730997134196131,,,
1931,1930,,,161.3539296855443,147,True,False,True,False,success,0.48742133378982544,,,ou_noise,0,719117,714118,357059,33.59904391749375,-3.1666802280658,,,
1932,1931,,,167.08817212701837,133,True,False,True,False,success,0.45557570457458496,,,ou_noise,0,719250,714251,357125,40.18151172838713,-3.1147707712018127,,,
1933,1932,,,163.10749405593194,134,True,False,True,False,success,0.4506756663322449,,,ou_noise,0,719384,714385,357192,34.15835841022321,-2.5829655665959885,,,
1934,1933,,,157.64106487462684,147,True,False,True,False,success,0.49760162830352783,,,ou_noise,0,719531,714532,357266,25.70873483670812,-2.5400071723034254,,,
1935,1934,,,158.43600994076664,153,True,False,True,False,success,0.4406812787055969,,,ou_noise,0,719684,714685,357342,37.28498429566427,-3.0115538353198454,,,
1936,1935,,,-253.66623385353145,1000,False,False,False,True,cutoff,3.491304397583008,,,ou_noise,0,720684,715685,357842,32.84250097560883,-2.909490242600441,,,
1937,1936,,,158.14754839886294,146,True,False,True,False,success,0.4252665638923645,,,ou_noise,0,720830,715831,357915,27.614295658999925,-2.1637449338011545,,,
1938,1937,,,160.64396061799738,148,True,False,True,False,success,0.4757278561592102,,,ou_noise,0,720978,715979,357989,27.449416676083125,-2.7834577409399524,,,
1939,1938,,,161.6600626482777,142,True,False,True,False,success,0.46410319209098816,,,ou_noise,0,721120,716121,358060,33.69182296538017,-3.0144437425573107,,,
1940,1939,,,167.09262144409365,133,True,False,True,False,success,0.4578512907028198,,,ou_noise,0,721253,716254,358127,24.80962624227194,-2.1325449222949016,,,
1941,1940,,,168.9558046202723,130,True,False,True,False,success,0.4982636272907257,,,ou_noise,0,721383,716384,358192,38.56703805923462,-3.1584684463647696,,,
1942,1941,,,-212.87955768404822,1000,False,False,False,True,cutoff,4.7015509605407715,,,ou_noise,0,722383,717384,358692,32.11442595672607,-2.837025080293417,,,
1943,1942,,,160.36514701402686,141,True,False,True,False,success,0.4576432704925537,,,ou_noise,0,722524,717525,358762,26.047395253012365,-3.125051264890603,,,
1944,1943,,,-65.6602619790506,128,False,True,True,False,collision,3.075521945953369,,,ou_noise,0,722652,717653,358826,36.99296099692583,-2.8224048372358084,,,
1945,1944,,,158.71083168081512,150,True,False,True,False,success,0.43662378191947937,,,ou_noise,0,722802,717803,358901,30.067314014434814,-2.674253009955088,,,
1946,1945,,,167.26443625180627,136,True,False,True,False,success,0.48977723717689514,,,ou_noise,0,722938,717939,358969,29.91464370839736,-2.5927083544871388,,,
1947,1946,,,165.9362569083701,131,True,False,True,False,success,0.4501304626464844,,,ou_noise,0,723069,718070,359035,28.43869329408835,-2.6374046490951017,,,
1948,1947,,,169.12509892563983,132,True,False,True,False,success,0.46556365489959717,,,ou_noise,0,723201,718202,359101,34.46116383870443,-3.1559637640461777,,,
1949,1948,,,157.03594684474052,162,True,False,True,False,success,0.4449462592601776,,,ou_noise,0,723363,718364,359182,33.99661909503701,-2.6641500227981143,,,
1950,1949,,,172.0612599325636,125,True,False,True,False,success,0.42254528403282166,,,ou_noise,0,723488,718489,359244,28.279380142211913,-2.6178470143387393,,,
1951,1950,,,164.25250651703328,144,True,False,True,False,success,0.4973708689212799,,,ou_noise,0,723632,718633,359316,36.594560258918335,-2.5886012667583094,,,
1952,1951,,,158.16319769897277,159,True,False,True,False,success,0.42162346839904785,,,ou_noise,0,723791,718792,359396,32.30572898432894,-3.171183588728309,,,
1953,1952,,,-105.7941060539326,90,False,True,True,False,collision,8.794150352478027,,,ou_noise,0,723881,718882,359441,43.30248839060466,-2.848508952723609,,,
1954,1953,,,148.96370690380945,175,True,False,True,False,success,0.41002020239830017,,,ou_noise,0,724056,719057,359528,35.15453743525914,-2.956629768870343,,,
1955,1954,,,171.49273018536513,120,True,False,True,False,success,0.42655399441719055,,,ou_noise,0,724176,719177,359588,25.291744677225747,-2.5022482722997665,,,
1956,1955,,,155.98439375909075,160,True,False,True,False,success,0.4364807605743408,,,ou_noise,0,724336,719337,359668,33.085549008846286,-2.869116185232997,,,
1957,1956,,,158.1279190621833,152,True,False,True,False,success,0.4530627727508545,,,ou_noise,0,724488,719489,359744,32.765013337135315,-2.971030076083384,,,
1958,1957,,,161.93427567624065,153,True,False,True,False,success,0.4387109577655792,,,ou_noise,0,724641,719642,359821,33.06412913752537,-2.562797505360145,,,
1959,1958,,,158.83151673406755,140,True,False,True,False,success,0.4599062502384186,,,ou_noise,0,724781,719782,359891,30.83443316050938,-2.7129879785435542,,,
1960,1959,,,173.00487608400306,116,True,False,True,False,success,0.48608556389808655,,,ou_noise,0,724897,719898,359949,34.607348400970984,-2.437520724946055,,,
1961,1960,,,164.4001285628799,143,True,False,True,False,success,0.4676077365875244,,,ou_noise,0,725040,720041,360020,29.8220057387452,-2.7626598091192647,,,
1962,1961,,,170.31652046887015,122,True,False,True,False,success,0.42492052912712097,,,ou_noise,0,725162,720163,360081,38.396258791939154,-2.814621969813206,,,
1963,1962,,,158.376152839627,144,True,False,True,False,success,0.47741076350212097,,,ou_noise,0,725306,720307,360153,28.91941585805681,-2.9340918763644166,,,
1964,1963,,,167.44967424744448,134,True,False,True,False,success,0.4636986255645752,,,ou_noise,0,725440,720441,360220,39.1961015160404,-3.0903624073782963,,,
1965,1964,,,168.1115195544528,132,True,False,True,False,success,0.46232643723487854,,,ou_noise,0,725572,720573,360286,30.939452915480643,-2.7545634679722064,,,
1966,1965,,,157.89400169767544,137,True,False,True,False,success,0.47025394439697266,,,ou_noise,0,725709,720710,360355,29.015685721905562,-2.5038176079591117,,,
1967,1966,,,169.44708713006855,127,True,False,True,False,success,0.48395010828971863,,,ou_noise,0,725836,720837,360418,29.017477771428627,-3.0274465557128662,,,
1968,1967,,,175.70871100661915,113,True,False,True,False,success,0.43804189562797546,,,ou_noise,0,725949,720950,360475,30.898738540379348,-3.0075808878530537,,,
1969,1968,,,174.68417779568398,112,True,False,True,False,success,0.47361525893211365,,,ou_noise,0,726061,721062,360531,31.652690725667135,-3.366747830861381,,,
1970,1969,,,164.49912076791134,142,True,False,True,False,success,0.47129926085472107,,,ou_noise,0,726203,721204,360602,30.749321440575827,-3.143505324989977,,,
1971,1970,,,169.64219055768822,127,True,False,True,False,success,0.43007057905197144,,,ou_noise,0,726330,721331,360665,37.80832576751709,-3.021296434932285,,,
1972,1971,,,154.8780736126529,180,True,False,True,False,success,0.493114173412323,,,ou_noise,0,726510,721511,360755,31.45118603176541,-2.739118748075432,,,
1973,1972,,,172.13740479946665,120,True,False,True,False,success,0.49134361743927,,,ou_noise,0,726630,721631,360815,30.011657746632896,-3.290709791580836,,,
1974,1973,,,134.65190050678817,266,True,False,True,False,success,0.4698294401168823,,,ou_noise,0,726896,721897,360948,36.28113117433132,-2.942437764397241,,,
1975,1974,,,-239.5985903571052,1000,False,False,False,True,cutoff,7.039390563964844,,,ou_noise,0,727896,722897,361448,32.94310632038116,-3.140543835759163,,,
1976,1975,,,165.84202307688417,148,True,False,True,False,success,0.48958340287208557,,,ou_noise,0,728044,723045,361522,34.831297288069855,-2.8567913110191756,,,
1977,1976,,,170.26630290454057,127,True,False,True,False,success,0.455089271068573,,,ou_noise,0,728171,723172,361586,29.550331401074025,-3.268727018730715,,,
1978,1977,,,159.04015715652167,152,True,False,True,False,success,0.42698419094085693,,,ou_noise,0,728323,723324,361662,31.664796559434187,-2.752682809963038,,,
1979,1978,,,168.32973513196464,137,True,False,True,False,success,0.4653162658214569,,,ou_noise,0,728460,723461,361730,33.452058638969476,-3.1941783020601555,,,
1980,1979,,,145.7434196529673,175,True,False,True,False,success,0.4527732729911804,,,ou_noise,0,728635,723636,361818,32.14161475590297,-2.581792866895822,,,
1981,1980,,,157.03862314590356,153,True,False,True,False,success,0.41862180829048157,,,ou_noise,0,728788,723789,361894,36.49404201632232,-2.5245891468305337,,,
1982,1981,,,156.64036639773641,148,True,False,True,False,success,0.4298000931739807,,,ou_noise,0,728936,723937,361968,32.11490232880051,-2.7584434018747226,,,
1983,1982,,,129.64615366186226,258,True,False,True,False,success,0.47250908613204956,,,ou_noise,0,729194,724195,362097,37.4008555264436,-3.3758741337661595,,,
1984,1983,,,154.36749882355744,166,True,False,True,False,success,0.46445098519325256,,,ou_noise,0,729360,724361,362180,33.90998902952815,-4.332517734493118,,,
1985,1984,,,158.33295132317767,154,True,False,True,False,success,0.45120829343795776,,,ou_noise,0,729514,724515,362257,33.92046398930735,-3.0509691145512963,,,
1986,1985,,,158.1241207007247,155,True,False,True,False,success,0.46146929264068604,,,ou_noise,0,729669,724670,362335,33.154941792641914,-2.9759959910924616,,,
1987,1986,,,163.73892192965803,139,True,False,True,False,success,0.4130128026008606,,,ou_noise,0,729808,724809,362404,29.07103571445822,-3.181113950584246,,,
1988,1987,,,162.3340866766248,138,True,False,True,False,success,0.4793678820133209,,,ou_noise,0,729946,724947,362473,28.507263570592023,-3.405067190311957,,,
1989,1988,,,-170.37896248734836,485,False,True,True,False,collision,3.1226584911346436,,,ou_noise,0,730431,725432,362716,36.04898510372516,-3.471827265779668,,,
1990,1989,,,157.5206640357955,150,True,False,True,False,success,0.4932814836502075,,,ou_noise,0,730581,725582,362791,32.636699186960854,-3.220815460085869,,,
1991,1990,,,173.44764553426984,120,True,False,True,False,success,0.4945467710494995,,,ou_noise,0,730701,725702,362851,27.275425640741982,-3.758406216899554,,,
1992,1991,,,155.4614397858311,160,True,False,True,False,success,0.4820213317871094,,,ou_noise,0,730861,725862,362931,40.43231779336929,-2.713536574691534,,,
1993,1992,,,160.74175712603733,152,True,False,True,False,success,0.46875879168510437,,,ou_noise,0,731013,726014,363007,44.03018048562502,-3.121265888998383,,,
1994,1993,,,168.30894242117165,130,True,False,True,False,success,0.437612384557724,,,ou_noise,0,731143,726144,363072,34.9207086783189,-3.7538162955870997,,,
1995,1994,,,86.10093462702739,445,True,False,True,False,success,0.4743511378765106,,,ou_noise,0,731588,726589,363294,29.984191330899012,-3.052602310438414,,,
1996,1995,,,172.1262617094893,121,True,False,True,False,success,0.4799352288246155,,,ou_noise,0,731709,726710,363355,40.48069423486378,-3.668153921600248,,,
1997,1996,,,172.65816892249092,116,True,False,True,False,success,0.4313685894012451,,,ou_noise,0,731825,726826,363413,31.158897235475738,-3.5472919684031914,,,
1998,1997,,,168.72540237179146,127,True,False,True,False,success,0.4432991147041321,,,ou_noise,0,731952,726953,363476,37.836560985234776,-4.335923828775921,,,
1999,1998,,,169.69865887302302,130,True,False,True,False,success,0.4554588198661804,,,ou_noise,0,732082,727083,363541,32.24064431557289,-3.226880988249412,,,
2000,1999,,,-271.6585799710135,845,False,True,True,False,collision,3.943186044692993,,,ou_noise,0,732927,727928,363964,32.98501325076854,-3.5024917519191194,,,
2001,2000,,,165.18719753659929,150,True,False,True,False,success,0.4749191999435425,,,ou_noise,0,733077,728078,364039,27.930419896443684,-3.543358626763026,,,
2002,2001,,,171.7489808885239,125,True,False,True,False,success,0.40956127643585205,,,ou_noise,0,733202,728203,364101,30.452491081237792,-3.7972486898783715,,,
2003,2002,,,173.92924801019694,122,True,False,True,False,success,0.4739439785480499,,,ou_noise,0,733324,728325,364162,33.24675316888778,-3.579294667380755,,,
2004,2003,,,160.26106691111102,152,True,False,True,False,success,0.4641626179218292,,,ou_noise,0,733476,728477,364238,33.31116841968737,-3.616074033473667,,,
2005,2004,,,167.71829281422612,134,True,False,True,False,success,0.47697508335113525,,,ou_noise,0,733610,728611,364305,31.67481951215374,-3.740261023169133,,,
2006,2005,,,164.6624208746275,143,True,False,True,False,success,0.43800073862075806,,,ou_noise,0,733753,728754,364377,34.83110499882198,-3.8163323625922203,,,
2007,2006,,,165.25144082831957,137,True,False,True,False,success,0.4643142819404602,,,ou_noise,0,733890,728891,364445,38.20532979756376,-3.6415325035067165,,,
2008,2007,,,158.69920094537045,168,True,False,True,False,success,0.4595891535282135,,,ou_noise,0,734058,729059,364529,40.54367484932854,-4.161769827206929,,,
2009,2008,,,171.86734913413497,124,True,False,True,False,success,0.42275768518447876,,,ou_noise,0,734182,729183,364591,33.31107231878465,-2.9774576360660214,,,
2010,2009,,,-61.395188273467255,114,False,True,True,False,collision,3.0638363361358643,,,ou_noise,0,734296,729297,364648,32.098058909700626,-3.7338432972891287,,,
2011,2010,,,155.4497102741813,154,True,False,True,False,success,0.4693564772605896,,,ou_noise,0,734450,729451,364725,30.53434280915694,-3.909074682693977,,,
2012,2011,,,168.34960531127012,131,True,False,True,False,success,0.44556546211242676,,,ou_noise,0,734581,729582,364791,30.25532070189032,-3.8904234423781885,,,
2013,2012,,,157.4517868471317,157,True,False,True,False,success,0.443797767162323,,,ou_noise,0,734738,729739,364869,38.56932335750312,-3.573613641353754,,,
2014,2013,,,159.07972028333148,144,True,False,True,False,success,0.43561625480651855,,,ou_noise,0,734882,729883,364941,33.34503373172548,-4.402357370903094,,,
2015,2014,,,159.13836304644013,151,True,False,True,False,success,0.4652903079986572,,,ou_noise,0,735033,730034,365017,36.43288964783119,-3.7085707387641857,,,
2016,2015,,,-240.87324047006072,1000,False,False,False,True,cutoff,6.107048511505127,,,ou_noise,0,736033,731034,365517,34.840408456802365,-3.9699981889128684,,,
2017,2016,,,163.9873843013058,141,True,False,True,False,success,0.4677717983722687,,,ou_noise,0,736174,731175,365587,36.399529024218836,-3.855404052564076,,,
2018,2017,,,170.35969620144652,128,True,False,True,False,success,0.4736994504928589,,,ou_noise,0,736302,731303,365651,31.63842310756445,-3.588141717016697,,,
2019,2018,,,171.16919246407156,126,True,False,True,False,success,0.4300665259361267,,,ou_noise,0,736428,731429,365714,46.83700323861743,-3.9283822282912237,,,
2020,2019,,,155.92910787635452,149,True,False,True,False,success,0.460307776927948,,,ou_noise,0,736577,731578,365789,36.941260062608144,-3.3278313914934796,,,
2021,2020,,,170.20671825167526,124,True,False,True,False,success,0.4454633295536041,,,ou_noise,0,736701,731702,365851,34.683932504346295,-3.681400703807031,,,
2022,2021,,,168.26904014340732,129,True,False,True,False,success,0.46663129329681396,,,ou_noise,0,736830,731831,365915,31.429535252179285,-3.5812737089581788,,,
2023,2022,,,162.30364235673937,139,True,False,True,False,success,0.48854392766952515,,,ou_noise,0,736969,731970,365985,39.178822393897626,-3.8807264911276955,,,
2024,2023,,,-65.23374353130637,133,False,True,True,False,collision,3.018414258956909,,,ou_noise,0,737102,732103,366051,29.08801001355164,-4.456101010243098,,,
2025,2024,,,-241.9328066902368,1000,False,False,False,True,cutoff,5.636504173278809,,,ou_noise,0,738102,733103,366551,35.28054000759125,-3.891394081711769,,,
2026,2025,,,170.3777729999931,127,True,False,True,False,success,0.48947158455848694,,,ou_noise,0,738229,733230,366615,35.80156405891959,-3.6461976263672113,,,
2027,2026,,,158.0380696036936,149,True,False,True,False,success,0.46866342425346375,,,ou_noise,0,738378,733379,366689,35.06233614083104,-3.604939154676489,,,
2028,2027,,,145.2024691554977,180,True,False,True,False,success,0.4647476077079773,,,ou_noise,0,738558,733559,366779,30.99327041837904,-3.977929527229733,,,
2029,2028,,,147.90246346879132,181,True,False,True,False,success,0.4377322793006897,,,ou_noise,0,738739,733740,366870,34.56317215598091,-3.5369736653762858,,,
2030,2029,,,168.89145860015742,131,True,False,True,False,success,0.48496273159980774,,,ou_noise,0,738870,733871,366935,30.46159418120639,-3.949769805027888,,,
2031,2030,,,150.05307249822243,174,True,False,True,False,success,0.4520265758037567,,,ou_noise,0,739044,734045,367022,40.86119503262399,-3.6294624932195947,,,
2032,2031,,,-58.94822029900608,113,False,True,True,False,collision,2.9966936111450195,,,ou_noise,0,739157,734158,367079,30.596887706655316,-3.6275346430770137,,,
2033,2032,,,-236.99235431728013,1000,False,False,False,True,cutoff,5.943463325500488,,,ou_noise,0,740157,735158,367579,36.87414821052551,-3.8370884768366813,,,
2034,2033,,,151.07858593013174,175,True,False,True,False,success,0.4853106439113617,,,ou_noise,0,740332,735333,367666,45.04570580618722,-3.5730549306019967,,,
2035,2034,,,160.94371557257105,145,True,False,True,False,success,0.45057380199432373,,,ou_noise,0,740477,735478,367739,32.00274868669181,-4.3019715649624395,,,
2036,2035,,,160.65932506021164,146,True,False,True,False,success,0.45181968808174133,,,ou_noise,0,740623,735624,367812,38.58105925337909,-3.4281866203432214,,,
2037,2036,,,157.46000664635574,166,True,False,True,False,success,0.4303460419178009,,,ou_noise,0,740789,735790,367895,34.62066929598889,-3.653141899999366,,,
2038,2037,,,93.41701713841097,276,True,False,True,False,success,0.4698329269886017,,,ou_noise,0,741065,736066,368033,33.717469996300295,-3.88117535520291,,,
2039,2038,,,172.02737808576296,121,True,False,True,False,success,0.4687630534172058,,,ou_noise,0,741186,736187,368093,39.50732482563365,-3.955627559622129,,,
2040,2039,,,168.21120220029522,131,True,False,True,False,success,0.47129467129707336,,,ou_noise,0,741317,736318,368159,37.85068033669741,-4.13700583486846,,,
2041,2040,,,163.11254873692604,143,True,False,True,False,success,0.4746653139591217,,,ou_noise,0,741460,736461,368230,33.83226679421805,-3.9437456181351567,,,
2042,2041,,,167.73758566454586,137,True,False,True,False,success,0.4310957193374634,,,ou_noise,0,741597,736598,368299,36.114880429567215,-3.2811151751573533,,,
2043,2042,,,162.74439890421408,152,True,False,True,False,success,0.47079548239707947,,,ou_noise,0,741749,736750,368375,40.31870138017755,-3.3112694856367613,,,
2044,2043,,,169.09619092261397,134,True,False,True,False,success,0.47940775752067566,,,ou_noise,0,741883,736884,368442,34.96184588190335,-4.2974066062649685,,,
2045,2044,,,172.4555745298041,115,True,False,True,False,success,0.43001648783683777,,,ou_noise,0,741998,736999,368499,32.41018792028012,-4.098532692905058,,,
2046,2045,,,-79.66704270535067,130,False,True,True,False,collision,4.3724493980407715,,,ou_noise,0,742128,737129,368564,32.94663503353412,-3.795368372477018,,,
2047,2046,,,-111.78387800857223,311,False,True,True,False,collision,2.64578914642334,,,ou_noise,0,742439,737440,368720,32.329517542357614,-4.311713120494133,,,
2048,2047,,,171.26985021552412,126,True,False,True,False,success,0.40519219636917114,,,ou_noise,0,742565,737566,368783,37.58538340008448,-3.6279879302259475,,,
2049,2048,,,166.76864377695063,128,True,False,True,False,success,0.42542198300361633,,,ou_noise,0,742693,737694,368847,29.625205874443054,-3.8280180995352566,,,
2050,2049,,,-69.67084099750993,137,False,True,True,False,collision,3.4691591262817383,,,ou_noise,0,742830,737831,368915,38.257649630525684,-3.8036829184959915,,,
2051,2050,,,169.16369196791837,131,True,False,True,False,success,0.47017455101013184,,,ou_noise,0,742961,737962,368981,44.18433327711266,-4.394520413243409,,,
2052,2051,,,-109.72616648907736,302,False,True,True,False,collision,2.7336015701293945,,,ou_noise,0,743263,738264,369132,35.918255316500634,-4.232036330644658,,,
2053,2052,,,152.51587904091963,169,True,False,True,False,success,0.42353975772857666,,,ou_noise,0,743432,738433,369216,38.60210364527956,-4.311479677135746,,,
2054,2053,,,172.6374260932352,118,True,False,True,False,success,0.4596095383167267,,,ou_noise,0,743550,738551,369275,30.270100666304767,-3.909513559886965,,,
2055,2054,,,-59.011306663703834,76,False,True,True,False,collision,4.6522321701049805,,,ou_noise,0,743626,738627,369313,33.51861112996151,-4.2493830338904734,,,
2056,2055,,,-276.2591350647447,1000,False,False,False,True,cutoff,4.3357110023498535,,,ou_noise,0,744626,739627,369813,36.432127630233765,-4.133316492259502,,,
2057,2056,,,171.5838875275063,122,True,False,True,False,success,0.42463794350624084,,,ou_noise,0,744748,739749,369874,32.986476358820184,-4.002027953257326,,,
2058,2057,,,168.39344638838162,131,True,False,True,False,success,0.49034377932548523,,,ou_noise,0,744879,739880,369940,34.59930105427749,-3.594524691502253,,,
2059,2058,,,168.42856338409354,132,True,False,True,False,success,0.43640971183776855,,,ou_noise,0,745011,740012,370006,37.25473362026793,-4.298654200452747,,,
2060,2059,,,-70.55246017583555,140,False,True,True,False,collision,3.3435325622558594,,,ou_noise,0,745151,740152,370076,37.63992395401001,-4.191663583687373,,,
2061,2060,,,172.8680763885214,122,True,False,True,False,success,0.41696897149086,,,ou_noise,0,745273,740274,370137,43.08145208827785,-3.921448300119306,,,
2062,2061,,,133.49498295774004,235,True,False,True,False,success,0.47157907485961914,,,ou_noise,0,745508,740509,370254,34.453432497065116,-3.99265761151273,,,
2063,2062,,,168.74194821753414,136,True,False,True,False,success,0.4536229372024536,,,ou_noise,0,745644,740645,370322,29.068635547862332,-4.430060434648219,,,
2064,2063,,,-66.8361812286755,119,False,True,True,False,collision,3.623029947280884,,,ou_noise,0,745763,740764,370382,34.14509707539021,-4.728284927209218,,,
2065,2064,,,167.48530893430805,137,True,False,True,False,success,0.42358413338661194,,,ou_noise,0,745900,740901,370450,36.919819790081384,-4.573017523569219,,,
2066,2065,,,169.2485026709224,132,True,False,True,False,success,0.4262496531009674,,,ou_noise,0,746032,741033,370516,36.93667338111184,-3.9934713113488574,,,
2067,2066,,,157.36435840732702,145,True,False,True,False,success,0.4651976525783539,,,ou_noise,0,746177,741178,370589,35.97688379616573,-4.348131997128055,,,
2068,2067,,,19.93558955012719,602,True,False,True,False,success,0.4379555284976959,,,ou_noise,0,746779,741780,370890,39.054719581160434,-4.293233510366706,,,
2069,2068,,,169.94587958002376,131,True,False,True,False,success,0.4420015215873718,,,ou_noise,0,746910,741911,370955,40.639440281700544,-4.340466469984788,,,
2070,2069,,,155.61070352054986,161,True,False,True,False,success,0.45988520979881287,,,ou_noise,0,747071,742072,371036,36.13657954316702,-4.142991294831406,,,
2071,2070,,,165.88064140005577,131,True,False,True,False,success,0.4306621551513672,,,ou_noise,0,747202,742203,371101,35.33018241037849,-4.522787864391621,,,
2072,2071,,,146.2465045092661,191,True,False,True,False,success,0.4658113420009613,,,ou_noise,0,747393,742394,371197,27.644958476121513,-4.663318385680516,,,
2073,2072,,,148.38132446056804,169,True,False,True,False,success,0.48390260338783264,,,ou_noise,0,747562,742563,371281,33.02845431784906,-4.133907865200724,,,
2074,2073,,,169.35474338441924,132,True,False,True,False,success,0.40776702761650085,,,ou_noise,0,747694,742695,371347,35.7810922535983,-4.782193926247683,,,
2075,2074,,,163.55887718699466,141,True,False,True,False,success,0.4881976842880249,,,ou_noise,0,747835,742836,371418,38.42925176552847,-4.435112206868722,,,
2076,2075,,,-232.4507649277396,1000,False,False,False,True,cutoff,7.057315826416016,,,ou_noise,0,748835,743836,371918,36.12415945148468,-4.655729012012482,,,
2077,2076,,,154.2832173086164,157,True,False,True,False,success,0.482059508562088,,,ou_noise,0,748992,743993,371996,37.177863442973724,-4.985612947207231,,,
2078,2077,,,170.87870946701287,124,True,False,True,False,success,0.48800742626190186,,,ou_noise,0,749116,744117,372058,32.87962630487257,-4.3068578243255615,,,
2079,2078,,,169.01702511078912,133,True,False,True,False,success,0.4425741732120514,,,ou_noise,0,749249,744250,372125,35.51435098432957,-5.924782895330173,,,
2080,2079,,,-169.65771139432985,465,False,True,True,False,collision,3.1636240482330322,,,ou_noise,0,749714,744715,372357,34.672823889537526,-4.6905803514708735,,,
2081,2080,,,159.84714429649048,148,True,False,True,False,success,0.4763333797454834,,,ou_noise,0,749862,744863,372431,33.491523317388584,-4.4709392624932365,,,
2082,2081,,,155.0333076465423,155,True,False,True,False,success,0.4119289815425873,,,ou_noise,0,750017,745018,372509,40.82929253732004,-4.213891258988625,,,
2083,2082,,,172.29280506083876,118,True,False,True,False,success,0.41303691267967224,,,ou_noise,0,750135,745136,372568,39.974936315568826,-4.952847355503147,,,
2084,2083,,,161.21437799257063,155,True,False,True,False,success,0.4950729012489319,,,ou_noise,0,750290,745291,372645,39.92337495127032,-4.64956678005008,,,
2085,2084,,,161.42524738439607,152,True,False,True,False,success,0.4836200773715973,,,ou_noise,0,750442,745443,372721,41.96423195537768,-4.856577538934193,,,
2086,2085,,,-286.1776931520753,1000,False,False,False,True,cutoff,4.835097312927246,,,ou_noise,0,751442,746443,373221,37.861823921203616,-4.984692540466785,,,
2087,2086,,,159.36946756699734,151,True,False,True,False,success,0.40433254837989807,,,ou_noise,0,751593,746594,373297,34.76420615366752,-5.198254657419104,,,
2088,2087,,,172.23212010787236,121,True,False,True,False,success,0.4534013569355011,,,ou_noise,0,751714,746715,373357,34.38401204889471,-5.137642496824265,,,
2089,2088,,,157.7779985131049,157,True,False,True,False,success,0.48147857189178467,,,ou_noise,0,751871,746872,373436,41.832272663237944,-4.949618993680688,,,
2090,2089,,,148.68173444968284,183,True,False,True,False,success,0.450870543718338,,,ou_noise,0,752054,747055,373527,35.72800941675739,-5.325038296835763,,,
2091,2090,,,168.15726561435832,141,True,False,True,False,success,0.4521539509296417,,,ou_noise,0,752195,747196,373598,34.03246305343953,-5.334629411428747,,,
2092,2091,,,163.7398164382256,135,True,False,True,False,success,0.4853599965572357,,,ou_noise,0,752330,747331,373665,32.52964230290166,-4.885912616751087,,,
2093,2092,,,170.22450859541487,124,True,False,True,False,success,0.45833876729011536,,,ou_noise,0,752454,747455,373727,39.56927039546351,-5.607177549792874,,,
2094,2093,,,165.53609004346254,147,True,False,True,False,success,0.4345757067203522,,,ou_noise,0,752601,747602,373801,42.224851861292,-5.331760445156613,,,
2095,2094,,,147.8954020408307,181,True,False,True,False,success,0.4975329041481018,,,ou_noise,0,752782,747783,373891,37.654181670088796,-5.760434268580543,,,
2096,2095,,,168.37329805519454,131,True,False,True,False,success,0.4564610719680786,,,ou_noise,0,752913,747914,373957,43.240459085420795,-5.692262062520692,,,
2097,2096,,,-68.05313839155767,124,False,True,True,False,collision,3.506800413131714,,,ou_noise,0,753037,748038,374019,35.250100728004206,-5.437283194834186,,,
2098,2097,,,156.78380349592356,148,True,False,True,False,success,0.4040430784225464,,,ou_noise,0,753185,748186,374093,36.07586365132718,-5.500898888384974,,,
2099,2098,,,167.21528184168042,136,True,False,True,False,success,0.4240202009677887,,,ou_noise,0,753321,748322,374161,41.238721041118396,-6.082322530886707,,,
2100,2099,,,-205.86622592307367,1000,False,False,False,True,cutoff,5.012985706329346,,,ou_noise,0,754321,749322,374661,35.47588175201416,-5.746359289109707,,,
2101,2100,,,154.84776384012628,164,True,False,True,False,success,0.4850001633167267,,,ou_noise,0,754485,749486,374743,46.20723729598813,-5.510082654836701,,,
2102,2101,,,144.34582663741875,182,True,False,True,False,success,0.48206180334091187,,,ou_noise,0,754667,749668,374834,33.21284857425061,-5.641709369617504,,,
2103,2102,,,158.28124089653448,149,True,False,True,False,success,0.43461883068084717,,,ou_noise,0,754816,749817,374908,40.50340645425272,-5.354079760812424,,,
2104,2103,,,172.40492830850079,124,True,False,True,False,success,0.4055015444755554,,,ou_noise,0,754940,749941,374970,34.93988887725338,-5.820482247298764,,,
2105,2104,,,169.28681536341193,130,True,False,True,False,success,0.45584413409233093,,,ou_noise,0,755070,750071,375035,37.32392288354727,-6.017474968616779,,,
2106,2105,,,168.59598169534974,133,True,False,True,False,success,0.41354915499687195,,,ou_noise,0,755203,750204,375102,29.963519576796912,-5.9483496270962615,,,
2107,2106,,,-290.3238932477706,1000,False,False,False,True,cutoff,7.866162300109863,,,ou_noise,0,756203,751204,375602,35.3040862531662,-6.011795522451401,,,
2108,2107,,,154.02859067587832,159,True,False,True,False,success,0.44483932852745056,,,ou_noise,0,756362,751363,375681,38.783881793232084,-5.937030129794833,,,
2109,2108,,,168.84047793636944,133,True,False,True,False,success,0.48620495200157166,,,ou_noise,0,756495,751496,375748,34.9822210584368,-6.0248402606195475,,,
2110,2109,,,152.56995801624618,157,True,False,True,False,success,0.4512462019920349,,,ou_noise,0,756652,751653,375826,39.26530811285517,-5.7153461170502196,,,
2111,2110,,,-308.08887109037096,1000,False,False,False,True,cutoff,8.20538330078125,,,ou_noise,0,757652,752653,376326,35.94397755622864,-5.717351989388466,,,
2112,2111,,,173.83372873615642,116,True,False,True,False,success,0.4674026370048523,,,ou_noise,0,757768,752769,376384,36.02813843200947,-5.645212018284305,,,
2113,2112,,,159.78709701134957,151,True,False,True,False,success,0.43022966384887695,,,ou_noise,0,757919,752920,376460,35.22395135866885,-5.856566317771611,,,
2114,2113,,,171.8701811988845,122,True,False,True,False,success,0.4744337201118469,,,ou_noise,0,758041,753042,376521,38.82088477494287,-5.663151381445712,,,
2115,2114,,,166.2211721321906,133,True,False,True,False,success,0.4973829686641693,,,ou_noise,0,758174,753175,376587,34.451760098450166,-6.007588797446453,,,
2116,2115,,,170.17014440600187,128,True,False,True,False,success,0.43785643577575684,,,ou_noise,0,758302,753303,376651,30.21390099078417,-5.008232215885073,,,
2117,2116,,,168.86877669044043,134,True,False,True,False,success,0.47341838479042053,,,ou_noise,0,758436,753437,376718,37.75925105365354,-6.481869806104632,,,
2118,2117,,,164.65373059996938,135,True,False,True,False,success,0.4661187529563904,,,ou_noise,0,758571,753572,376786,37.82989822670265,-5.393288126763175,,,
2119,2118,,,153.48217832625602,165,True,False,True,False,success,0.42230576276779175,,,ou_noise,0,758736,753737,376868,39.08725526983088,-5.935155555969331,,,
2120,2119,,,-60.28371028550015,131,False,True,True,False,collision,2.6324806213378906,,,ou_noise,0,758867,753868,376934,30.368211171099247,-6.007442521326469,,,
2121,2120,,,145.06390136314658,186,True,False,True,False,success,0.4655734896659851,,,ou_noise,0,759053,754054,377027,39.07113473133374,-6.249837503638319,,,
2122,2121,,,170.2138227607291,127,True,False,True,False,success,0.4650837779045105,,,ou_noise,0,759180,754181,377090,30.766370893463375,-5.754732748818776,,,
2123,2122,,,170.12866572923932,129,True,False,True,False,success,0.45800745487213135,,,ou_noise,0,759309,754310,377155,32.82788927980172,-6.11100209584603,,,
2124,2123,,,160.4356187729059,146,True,False,True,False,success,0.4452575743198395,,,ou_noise,0,759455,754456,377228,43.72978844707959,-5.743758306111375,,,
2125,2124,,,167.03391448297782,135,True,False,True,False,success,0.4301793575286865,,,ou_noise,0,759590,754591,377295,30.221784761216906,-6.220463122894515,,,
2126,2125,,,158.35042782401865,153,True,False,True,False,success,0.4725252687931061,,,ou_noise,0,759743,754744,377372,39.647701631184496,-6.096320172408959,,,
2127,2126,,,160.36986415740665,150,True,False,True,False,success,0.47971785068511963,,,ou_noise,0,759893,754894,377447,37.77791033426921,-5.656353176434835,,,
2128,2127,,,168.70750210619377,122,True,False,True,False,success,0.49195173382759094,,,ou_noise,0,760015,755016,377508,37.882715694239884,-5.907865365020564,,,
2129,2128,,,170.1608699279023,125,True,False,True,False,success,0.47370776534080505,,,ou_noise,0,760140,755141,377570,40.670546310424804,-5.560988391599348,,,
2130,2129,,,170.6280853819045,133,True,False,True,False,success,0.41681593656539917,,,ou_noise,0,760273,755274,377637,28.147655221752654,-6.592871064570413,,,
2131,2130,,,168.87179289220984,125,True,False,True,False,success,0.4128468930721283,,,ou_noise,0,760398,755399,377699,36.82390787506103,-6.428424457388539,,,
2132,2131,,,151.50216273380437,176,True,False,True,False,success,0.4179273545742035,,,ou_noise,0,760574,755575,377787,39.923928022384644,-6.297064499421553,,,
2133,2132,,,167.97321734390124,129,True,False,True,False,success,0.4816114604473114,,,ou_noise,0,760703,755704,377852,36.16480635857397,-6.068367393200214,,,
2134,2133,,,150.81255221014712,166,True,False,True,False,success,0.49100232124328613,,,ou_noise,0,760869,755870,377935,31.827953551189008,-6.332857079175581,,,
2135,2134,,,171.85940812619407,119,True,False,True,False,success,0.4566729664802551,,,ou_noise,0,760988,755989,377994,33.981732504708425,-6.005556731911029,,,
2136,2135,,,170.19976608639553,123,True,False,True,False,success,0.43043848872184753,,,ou_noise,0,761111,756112,378056,28.928490437143218,-5.9358369179310335,,,
2137,2136,,,168.76894199246294,132,True,False,True,False,success,0.46687760949134827,,,ou_noise,0,761243,756244,378122,29.876116824872565,-7.097671960339402,,,
2138,2137,,,156.7721664445099,150,True,False,True,False,success,0.45584559440612793,,,ou_noise,0,761393,756394,378197,38.313060709635415,-6.236376730600993,,,
2139,2138,,,149.14572884708969,177,True,False,True,False,success,0.46690061688423157,,,ou_noise,0,761570,756571,378285,35.774261145941956,-6.728421837091446,,,
2140,2139,,,171.87733046702536,123,True,False,True,False,success,0.49070993065834045,,,ou_noise,0,761693,756694,378347,29.25093516683191,-6.5361037619652285,,,
2141,2140,,,157.59510983051987,159,True,False,True,False,success,0.4649938941001892,,,ou_noise,0,761852,756853,378426,41.9204450463349,-6.245731421663791,,,
2142,2141,,,156.5624434040376,142,True,False,True,False,success,0.44043752551078796,,,ou_noise,0,761994,756995,378497,37.442651835965435,-7.017697911866954,,,
2143,2142,,,151.09850096329004,158,True,False,True,False,success,0.4608555734157562,,,ou_noise,0,762152,757153,378576,34.91920550865463,-6.700235193288779,,,
2144,2143,,,-259.1062225278272,1000,False,False,False,True,cutoff,3.636012554168701,,,ou_noise,0,763152,758153,379076,35.90105975341797,-6.3558417648077015,,,
2145,2144,,,-70.19912289182035,143,False,True,True,False,collision,3.1308717727661133,,,ou_noise,0,763295,758296,379148,44.63524277560361,-6.43192442589336,,,
2146,2145,,,171.42672805291963,123,True,False,True,False,success,0.4907030463218689,,,ou_noise,0,763418,758419,379209,33.48100532748835,-6.7502710877871905,,,
2147,2146,,,159.4016162836188,149,True,False,True,False,success,0.4865471422672272,,,ou_noise,0,763567,758568,379284,36.0686637635199,-6.3988511149088545,,,
2148,2147,,,150.1733852088589,162,True,False,True,False,success,0.4154861271381378,,,ou_noise,0,763729,758730,379365,38.17632092369927,-5.960600457073729,,,
2149,2148,,,151.7961945430526,162,True,False,True,False,success,0.45745760202407837,,,ou_noise,0,763891,758892,379446,41.87633320725995,-6.637470527931496,,,
2150,2149,,,159.19982609624807,153,True,False,True,False,success,0.4129768908023834,,,ou_noise,0,764044,759045,379522,43.498642478893004,-6.565701339982058,,,
2151,2150,,,170.28839681639113,134,True,False,True,False,success,0.4453655481338501,,,ou_noise,0,764178,759179,379589,36.993049251499464,-6.98281965326907,,,
2152,2151,,,161.9706211760826,151,True,False,True,False,success,0.43791139125823975,,,ou_noise,0,764329,759330,379665,46.51404970686957,-6.650964634983163,,,
2153,2152,,,166.19791850931014,141,True,False,True,False,success,0.41824817657470703,,,ou_noise,0,764470,759471,379735,35.10232493217955,-7.284146973064968,,,
2154,2153,,,166.52385895487686,132,True,False,True,False,success,0.44886547327041626,,,ou_noise,0,764602,759603,379801,37.3270681626869,-7.044801592826843,,,
2155,2154,,,172.12004092291374,119,True,False,True,False,success,0.4736737310886383,,,ou_noise,0,764721,759722,379861,46.03031205730278,-6.508905517061551,,,
2156,2155,,,159.38875009041917,153,True,False,True,False,success,0.43074288964271545,,,ou_noise,0,764874,759875,379937,35.47594576567606,-7.1087876048527265,,,
2157,2156,,,-279.5754763035187,1000,False,False,False,True,cutoff,8.474052429199219,,,ou_noise,0,765874,760875,380437,35.37516837692261,-6.840689532518387,,,
2158,2157,,,169.3579278422627,127,True,False,True,False,success,0.4724436104297638,,,ou_noise,0,766001,761002,380501,29.2061354119008,-7.540948335081339,,,
2159,2158,,,-103.84880105481827,229,False,True,True,False,collision,4.159005165100098,,,ou_noise,0,766230,761231,380615,35.24783110722704,-6.806202252705892,,,
2160,2159,,,161.24294048867336,146,True,False,True,False,success,0.47026222944259644,,,ou_noise,0,766376,761377,380688,42.83473779730601,-6.798485246423173,,,
2161,2160,,,-217.88620376604342,1000,False,False,False,True,cutoff,4.396241664886475,,,ou_noise,0,767376,762377,381188,34.30769483375549,-6.847217326402665,,,
2162,2161,,,164.99411584564024,150,True,False,True,False,success,0.48432981967926025,,,ou_noise,0,767526,762527,381263,33.36650926589966,-6.5638570340474445,,,
2163,2162,,,146.4016727644668,192,True,False,True,False,success,0.4660637378692627,,,ou_noise,0,767718,762719,381359,36.96723019580046,-6.398907416810592,,,
2164,2163,,,-283.44483548611083,1000,False,False,False,True,cutoff,7.849363327026367,,,ou_noise,0,768718,763719,381859,36.980506833076475,-6.715794086992741,,,
2165,2164,,,81.63110100554586,399,True,False,True,False,success,0.4615481197834015,,,ou_noise,0,769117,764118,382059,37.49530151912144,-6.718172357678413,,,
2166,2165,,,-10.06964323845996,697,True,False,True,False,success,0.4193762540817261,,,ou_noise,0,769814,764815,382407,36.67946437715287,-6.685439533971507,,,
2167,2166,,,158.1018694889873,149,True,False,True,False,success,0.48921364545822144,,,ou_noise,0,769963,764964,382482,31.967623243395913,-6.350123216311137,,,
2168,2167,,,-100.16766165252365,6,False,True,True,False,collision,10.25329303741455,,,ou_noise,0,769969,764970,382485,23.64883629480998,-6.6015059153238935,,,
2169,2168,,,168.60756828161965,134,True,False,True,False,success,0.47847431898117065,,,ou_noise,0,770103,765104,382552,31.40777461208514,-6.748205250768519,,,
2170,2169,,,171.8839190406327,123,True,False,True,False,success,0.4219471514225006,,,ou_noise,0,770226,765227,382613,35.77597016435328,-6.8139353668103455,,,
2171,2170,,,-213.04287568542978,1000,False,False,False,True,cutoff,6.668197154998779,,,ou_noise,0,771226,766227,383113,37.5389789648056,-6.863754011392594,,,
2172,2171,,,171.44983942099628,120,True,False,True,False,success,0.4670129120349884,,,ou_noise,0,771346,766347,383173,31.767311159769694,-6.355883424977462,,,
2173,2172,,,167.2942394497726,133,True,False,True,False,success,0.4323946535587311,,,ou_noise,0,771479,766480,383240,40.4134328024728,-6.760501726349788,,,
2174,2173,,,169.1014408765853,129,True,False,True,False,success,0.42843958735466003,,,ou_noise,0,771608,766609,383304,37.282890770786494,-6.813703614287078,,,
2175,2174,,,165.14546243500445,144,True,False,True,False,success,0.47935837507247925,,,ou_noise,0,771752,766753,383376,35.219293773174286,-6.759029544062084,,,
2176,2175,,,157.58070434687082,157,True,False,True,False,success,0.4441104233264923,,,ou_noise,0,771909,766910,383455,34.7590462204757,-6.827619777450079,,,
2177,2176,,,169.46348116059428,132,True,False,True,False,success,0.4329479932785034,,,ou_noise,0,772041,767042,383521,41.385087020469435,-6.944966095866579,,,
2178,2177,,,-245.09239710501245,1000,False,False,False,True,cutoff,9.188482284545898,,,ou_noise,0,773041,768042,384021,35.42696093273163,-6.951336612313986,,,
2179,2178,,,162.8192970620988,143,True,False,True,False,success,0.4517495632171631,,,ou_noise,0,773184,768185,384092,32.71028229239937,-7.597664676921468,,,
2180,2179,,,160.0114060491663,147,True,False,True,False,success,0.42441120743751526,,,ou_noise,0,773331,768332,384166,34.444993019104004,-6.638572103268391,,,
2181,2180,,,159.34328294083042,151,True,False,True,False,success,0.45854538679122925,,,ou_noise,0,773482,768483,384241,35.566394648015105,-6.396442565917969,,,
2182,2181,,,155.6343892537219,161,True,False,True,False,success,0.453911155462265,,,ou_noise,0,773643,768644,384322,39.64258795199187,-6.805615237465611,,,
2183,2182,,,169.5845180851985,128,True,False,True,False,success,0.4485591948032379,,,ou_noise,0,773771,768772,384386,29.417915545403957,-7.02861406467855,,,
2184,2183,,,152.76029519800505,169,True,False,True,False,success,0.4521464705467224,,,ou_noise,0,773940,768941,384470,29.242040397147456,-6.858667487899463,,,
2185,2184,,,159.26372480850375,153,True,False,True,False,success,0.4595308303833008,,,ou_noise,0,774093,769094,384547,41.31042656244016,-6.627001542549629,,,
2186,2185,,,159.14885340123152,164,True,False,True,False,success,0.4080519378185272,,,ou_noise,0,774257,769258,384629,37.561794909035285,-7.380440313641618,,,
2187,2186,,,153.08774698938083,168,True,False,True,False,success,0.4331848919391632,,,ou_noise,0,774425,769426,384713,41.92373100348881,-6.396088155962172,,,
2188,2187,,,153.9347111166863,163,True,False,True,False,success,0.48459991812705994,,,ou_noise,0,774588,769589,384794,38.31883786792404,-6.453527796415635,,,
2189,2188,,,145.29530842972338,190,True,False,True,False,success,0.45688503980636597,,,ou_noise,0,774778,769779,384889,35.895315315848904,-7.044357789190192,,,
2190,2189,,,172.39677620532774,122,True,False,True,False,success,0.4461698830127716,,,ou_noise,0,774900,769901,384950,32.503890725432846,-7.812009059014867,,,
2191,2190,,,171.35804598035435,123,True,False,True,False,success,0.41326919198036194,,,ou_noise,0,775023,770024,385012,33.23277619989907,-7.018425693435054,,,
2192,2191,,,152.61084536348363,154,True,False,True,False,success,0.4648631811141968,,,ou_noise,0,775177,770178,385089,32.39865664073399,-6.6237426748523465,,,
2193,2192,,,157.78670953204352,149,True,False,True,False,success,0.4867329001426697,,,ou_noise,0,775326,770327,385163,42.129216975013684,-6.973568711731885,,,
2194,2193,,,174.88067422287565,112,True,False,True,False,success,0.43198445439338684,,,ou_noise,0,775438,770439,385219,34.29138184445245,-6.676448197237083,,,
2195,2194,,,173.20847725504723,116,True,False,True,False,success,0.4460722506046295,,,ou_noise,0,775554,770555,385277,43.174964765022544,-7.1332419699636,,,
2196,2195,,,168.10726933589544,140,True,False,True,False,success,0.48283231258392334,,,ou_noise,0,775694,770695,385347,30.54458599771772,-6.8814782270363395,,,
2197,2196,,,168.36853140292314,136,True,False,True,False,success,0.42394736409187317,,,ou_noise,0,775830,770831,385415,29.66212242491105,-7.363685183665332,,,
2198,2197,,,172.64159766063824,117,True,False,True,False,success,0.4699896275997162,,,ou_noise,0,775947,770948,385474,34.68046461415087,-7.2105570314294205,,,
2199,2198,,,173.54022785361764,119,True,False,True,False,success,0.48033276200294495,,,ou_noise,0,776066,771067,385533,35.098009774664874,-6.906751709469294,,,
2200,2199,,,169.12935850123688,127,True,False,True,False,success,0.4781774580478668,,,ou_noise,0,776193,771194,385597,36.72851753234863,-7.2446932857856154,,,
2201,2200,,,-202.81009268040611,1000,False,False,False,True,cutoff,4.991051197052002,,,ou_noise,0,777193,772194,386097,35.87332369709015,-7.129982327580452,,,
2202,2201,,,172.41562065675467,117,True,False,True,False,success,0.43928974866867065,,,ou_noise,0,777310,772311,386155,34.296324379423744,-6.847809211961154,,,
2203,2202,,,169.26690008414937,125,True,False,True,False,success,0.4973856210708618,,,ou_noise,0,777435,772436,386218,33.03455657958985,-6.097930342432052,,,
2204,2203,,,154.21517793858357,162,True,False,True,False,success,0.4908342659473419,,,ou_noise,0,777597,772598,386299,35.57158310619401,-6.349425754429381,,,
2205,2204,,,158.09243358597945,161,True,False,True,False,success,0.41839003562927246,,,ou_noise,0,777758,772759,386379,44.89211616753051,-6.60027861893177,,,
2206,2205,,,167.16233933051114,138,True,False,True,False,success,0.48409759998321533,,,ou_noise,0,777896,772897,386448,27.897329731263977,-6.650385497272879,,,
2207,2206,,,168.81368731331526,128,True,False,True,False,success,0.4309391379356384,,,ou_noise,0,778024,773025,386512,38.587428256869316,-7.332251533865929,,,
2208,2207,,,172.8404756518067,118,True,False,True,False,success,0.4721960723400116,,,ou_noise,0,778142,773143,386571,32.72626926131168,-6.882586675175165,,,
2209,2208,,,165.46906793586294,145,True,False,True,False,success,0.46457621455192566,,,ou_noise,0,778287,773288,386644,37.972715390961746,-6.871384759471841,,,
2210,2209,,,154.8029588391619,156,True,False,True,False,success,0.4280305504798889,,,ou_noise,0,778443,773444,386722,30.42771542377961,-6.860101678432563,,,
2211,2210,,,168.8977306747027,128,True,False,True,False,success,0.4981461763381958,,,ou_noise,0,778571,773572,386786,39.387133091688156,-7.024715859442949,,,
2212,2211,,,-257.12161755331573,1000,False,False,False,True,cutoff,3.087599992752075,,,ou_noise,0,779571,774572,387286,37.31769371700287,-7.159739991664886,,,
2213,2212,,,173.1972534227557,119,True,False,True,False,success,0.4869072437286377,,,ou_noise,0,779690,774691,387345,28.568255103936718,-7.218397048570342,,,
2214,2213,,,163.54479807999977,148,True,False,True,False,success,0.495529443025589,,,ou_noise,0,779838,774839,387419,39.098315857552194,-6.823253346456064,,,
2215,2214,,,162.35328116110517,146,True,False,True,False,success,0.4591970443725586,,,ou_noise,0,779984,774985,387492,40.90266718929761,-6.9228044389045404,,,
2216,2215,,,168.5309820334867,134,True,False,True,False,success,0.45581671595573425,,,ou_noise,0,780118,775119,387559,30.49485473490473,-7.014491913923576,,,
2217,2216,,,170.9104152897276,122,True,False,True,False,success,0.40735331177711487,,,ou_noise,0,780240,775241,387620,39.52291208017068,-6.371762732990453,,,
2218,2217,,,166.8418628480615,141,True,False,True,False,success,0.4598412811756134,,,ou_noise,0,780381,775382,387691,33.829654673312575,-6.419392349854322,,,
2219,2218,,,158.25507397553446,145,True,False,True,False,success,0.4849097728729248,,,ou_noise,0,780526,775527,387763,36.48068239277807,-7.175554191072782,,,
2220,2219,,,169.92196691085877,125,True,False,True,False,success,0.4973710775375366,,,ou_noise,0,780651,775652,387826,35.34783485412598,-7.182649411852398,,,
2221,2220,,,167.3654132805601,139,True,False,True,False,success,0.4806748330593109,,,ou_noise,0,780790,775791,387895,27.970391177445006,-7.143639170605203,,,
2222,2221,,,164.4976798059105,143,True,False,True,False,success,0.4490269720554352,,,ou_noise,0,780933,775934,387967,45.46119406506732,-7.46562039355437,,,
2223,2222,,,158.91012983417087,148,True,False,True,False,success,0.48639658093452454,,,ou_noise,0,781081,776082,388041,37.589650927363216,-7.369113986556594,,,
2224,2223,,,149.0053296064798,185,True,False,True,False,success,0.44010916352272034,,,ou_noise,0,781266,776267,388133,33.44545428301837,-6.8319703777847085,,,
2225,2224,,,171.6966228565534,122,True,False,True,False,success,0.4720873236656189,,,ou_noise,0,781388,776389,388194,27.10570061793093,-6.741934899423943,,,
2226,2225,,,154.0104596574468,150,True,False,True,False,success,0.46819519996643066,,,ou_noise,0,781538,776539,388269,34.28846663792928,-7.074455350240072,,,
2227,2226,,,168.06400791601345,135,True,False,True,False,success,0.476116806268692,,,ou_noise,0,781673,776674,388337,36.66808480863218,-7.4350227362969346,,,
2228,2227,,,168.215096751182,140,True,False,True,False,success,0.4079058766365051,,,ou_noise,0,781813,776814,388407,30.31106378010341,-7.839385230200631,,,
2229,2228,,,174.3324315773399,112,True,False,True,False,success,0.44650712609291077,,,ou_noise,0,781925,776926,388463,42.10960402659008,-7.531546460730689,,,
2230,2229,,,156.29800037773444,162,True,False,True,False,success,0.4667346775531769,,,ou_noise,0,782087,777088,388544,45.907661396780135,-7.580239167919865,,,
2231,2230,,,170.0652378750296,128,True,False,True,False,success,0.43501368165016174,,,ou_noise,0,782215,777216,388608,34.023809149861336,-7.371333885937929,,,
2232,2231,,,169.95207260393323,130,True,False,True,False,success,0.491437703371048,,,ou_noise,0,782345,777346,388673,28.299276425288273,-7.5599614060842075,,,
2233,2232,,,164.19578156704495,141,True,False,True,False,success,0.41033050417900085,,,ou_noise,0,782486,777487,388743,43.53106648194874,-7.549980504172189,,,
2234,2233,,,156.26623171094025,146,True,False,True,False,success,0.4973726272583008,,,ou_noise,0,782632,777633,388816,37.20578735168666,-7.08507824433993,,,
2235,2234,,,142.59652568290207,185,True,False,True,False,success,0.48189932107925415,,,ou_noise,0,782817,777818,388909,36.19930833868078,-7.587121363609068,,,
2236,2235,,,170.9197428812829,126,True,False,True,False,success,0.4165232479572296,,,ou_noise,0,782943,777944,388972,46.00283723407321,-7.2625878349183095,,,
2237,2236,,,119.11695197412094,275,True,False,True,False,success,0.47467342019081116,,,ou_noise,0,783218,778219,389109,37.29178899244829,-7.5507711335255285,,,
2238,2237,,,171.40643359411973,123,True,False,True,False,success,0.4741226136684418,,,ou_noise,0,783341,778342,389171,32.37444817147604,-7.608892528280135,,,
2239,2238,,,170.51570682943583,126,True,False,True,False,success,0.47051802277565,,,ou_noise,0,783467,778468,389234,35.445880640120734,-7.814614504102677,,,
2240,2239,,,166.3677800378507,141,True,False,True,False,success,0.41332104802131653,,,ou_noise,0,783608,778609,389304,34.81956837025095,-7.936947014076369,,,
2241,2240,,,170.3647787064843,123,True,False,True,False,success,0.43946611881256104,,,ou_noise,0,783731,778732,389366,40.818318607361334,-7.482904161176374,,,
2242,2241,,,165.5747536346674,135,True,False,True,False,success,0.4166409373283386,,,ou_noise,0,783866,778867,389433,38.47932158576118,-8.058910336067427,,,
2243,2242,,,175.00008839428932,110,True,False,True,False,success,0.46119165420532227,,,ou_noise,0,783976,778977,389488,41.903696823120114,-7.134624830159274,,,
2244,2243,,,154.69959391086056,161,True,False,True,False,success,0.46620646119117737,,,ou_noise,0,784137,779138,389569,38.09221723805303,-7.518796410825518,,,
2245,2244,,,-259.26101619359787,554,False,True,True,False,collision,6.8049187660217285,,,ou_noise,0,784691,779692,389846,34.8633134528618,-7.7803731937270735,,,
2246,2245,,,169.30250450331062,131,True,False,True,False,success,0.4105609655380249,,,ou_noise,0,784822,779823,389911,34.03353678725148,-7.611731672286988,,,
2247,2246,,,164.58987251228066,135,True,False,True,False,success,0.47444629669189453,,,ou_noise,0,784957,779958,389979,33.05077547850432,-7.35517345456516,,,
2248,2247,,,160.65291881284594,153,True,False,True,False,success,0.49649903178215027,,,ou_noise,0,785110,780111,390055,35.3142723756678,-7.802709159098174,,,
2249,2248,,,172.46940596181997,120,True,False,True,False,success,0.49400946497917175,,,ou_noise,0,785230,780231,390115,39.668517367045084,-7.436803011099498,,,
2250,2249,,,168.57171454746722,135,True,False,True,False,success,0.47585728764533997,,,ou_noise,0,785365,780366,390183,38.73032017460576,-7.2318269996082085,,,
2251,2250,,,158.25501130146867,152,True,False,True,False,success,0.4716401696205139,,,ou_noise,0,785517,780518,390259,32.40908420713324,-7.6893070136245925,,,
2252,2251,,,146.45333995564957,192,True,False,True,False,success,0.4814779758453369,,,ou_noise,0,785709,780710,390355,35.33173322180907,-7.517635067303975,,,
2253,2252,,,166.1103070523201,133,True,False,True,False,success,0.4780999720096588,,,ou_noise,0,785842,780843,390421,34.10239752432457,-8.386512272285692,,,
2254,2253,,,154.05734180123386,154,True,False,True,False,success,0.4869752526283264,,,ou_noise,0,785996,780997,390498,33.32600206523747,-7.98845209703817,,,
2255,2254,,,161.91018716058792,142,True,False,True,False,success,0.48499611020088196,,,ou_noise,0,786138,781139,390569,41.14429763337256,-7.96645099008587,,,
2256,2255,,,-72.75953067037679,143,False,True,True,False,collision,3.4276437759399414,,,ou_noise,0,786281,781282,390641,29.189104760443414,-8.911023888323042,,,
2257,2256,,,166.47864073631155,139,True,False,True,False,success,0.48413968086242676,,,ou_noise,0,786420,781421,390710,28.50826546785643,-8.102716694707455,,,
2258,2257,,,172.45228451396025,115,True,False,True,False,success,0.4427070915699005,,,ou_noise,0,786535,781536,390768,28.959972282077956,-8.797637992891772,,,
2259,2258,,,162.36045172493698,149,True,False,True,False,success,0.49884313344955444,,,ou_noise,0,786684,781685,390842,42.57432798731247,-8.135316481461397,,,
2260,2259,,,79.7117157736366,440,True,False,True,False,success,0.4699088931083679,,,ou_noise,0,787124,782125,391062,36.915514154867694,-8.189536546577108,,,
2261,2260,,,164.1522256683073,137,True,False,True,False,success,0.45363396406173706,,,ou_noise,0,787261,782262,391131,34.69321832865694,-8.175158083438873,,,
2262,2261,,,167.0996316004129,134,True,False,True,False,success,0.4472326636314392,,,ou_noise,0,787395,782396,391198,37.05641777835675,-8.214797429184415,,,
2263,2262,,,170.2486895019445,128,True,False,True,False,success,0.453920841217041,,,ou_noise,0,787523,782524,391262,31.84638202190399,-8.318392049521208,,,
2264,2263,,,172.68965835992617,119,True,False,True,False,success,0.4476017653942108,,,ou_noise,0,787642,782643,391321,42.23574355470032,-8.925153013003074,,,
2265,2264,,,171.78203249909654,119,True,False,True,False,success,0.4681582450866699,,,ou_noise,0,787761,782762,391381,35.89452221012917,-8.02368539571762,,,
2266,2265,,,-267.3866426450707,1000,False,False,False,True,cutoff,8.374220848083496,,,ou_noise,0,788761,783762,391881,36.85992059898376,-8.35781701439619,,,
2267,2266,,,169.8660067921512,133,True,False,True,False,success,0.46810775995254517,,,ou_noise,0,788894,783895,391947,35.89597210848242,-8.139582554499308,,,
2268,2267,,,87.07846546353693,509,True,False,True,False,success,0.43100911378860474,,,ou_noise,0,789403,784404,392202,35.25683492386973,-8.62607588744631,,,
2269,2268,,,169.74493231182845,132,True,False,True,False,success,0.4753153920173645,,,ou_noise,0,789535,784536,392268,30.046242453835227,-8.145372813398188,,,
2270,2269,,,-63.27911379235466,130,False,True,True,False,collision,2.754486322402954,,,ou_noise,0,789665,784666,392333,34.39440175569975,-8.179703404353216,,,
2271,2270,,,161.4860848707093,146,True,False,True,False,success,0.48616349697113037,,,ou_noise,0,789811,784812,392406,35.57775315193281,-9.105043247954486,,,
2272,2271,,,125.90275739102741,320,True,False,True,False,success,0.4308232367038727,,,ou_noise,0,790131,785132,392566,37.951044517755506,-8.994227311015129,,,
2273,2272,,,164.7497370452395,139,True,False,True,False,success,0.4242947995662689,,,ou_noise,0,790270,785271,392635,34.458811842280326,-8.812448968058048,,,
2274,2273,,,172.7212469435424,122,True,False,True,False,success,0.4169531464576721,,,ou_noise,0,790392,785393,392696,33.715512979226034,-8.481779731687952,,,
2275,2274,,,169.93992426062334,131,True,False,True,False,success,0.41324833035469055,,,ou_noise,0,790523,785524,392762,32.57939634978316,-8.95578349720348,,,
2276,2275,,,170.85658382732723,125,True,False,True,False,success,0.43663087487220764,,,ou_noise,0,790648,785649,392824,32.54215929412842,-8.817857511581913,,,
2277,2276,,,148.46135881581154,175,True,False,True,False,success,0.4119189977645874,,,ou_noise,0,790823,785824,392912,37.529770600455144,-8.837059831077402,,,
2278,2277,,,172.1832147540034,127,True,False,True,False,success,0.43140909075737,,,ou_noise,0,790950,785951,392975,33.427232960077724,-8.954316349256606,,,
2279,2278,,,169.59103233712844,129,True,False,True,False,success,0.468409925699234,,,ou_noise,0,791079,786080,393040,37.972513398458794,-9.247093230027419,,,
2280,2279,,,170.71892707059072,125,True,False,True,False,success,0.47119033336639404,,,ou_noise,0,791204,786205,393102,37.73874584960937,-9.116008200953084,,,
2281,2280,,,-58.437535185764915,112,False,True,True,False,collision,3.0243122577667236,,,ou_noise,0,791316,786317,393158,32.04713430574962,-9.159393519163132,,,
2282,2281,,,-63.18789343319856,133,False,True,True,False,collision,2.6890225410461426,,,ou_noise,0,791449,786450,393225,31.045135433512524,-8.980951166864651,,,
2283,2282,,,168.6505555758879,139,True,False,True,False,success,0.42639291286468506,,,ou_noise,0,791588,786589,393294,42.789756733736546,-9.55874178375023,,,
2284,2283,,,172.3173425921699,118,True,False,True,False,success,0.4733239710330963,,,ou_noise,0,791706,786707,393353,46.69404626296738,-8.980210841712305,,,
2285,2284,,,166.3402696453923,129,True,False,True,False,success,0.4502197802066803,,,ou_noise,0,791835,786836,393418,28.84498777315598,-9.748266638242281,,,
2286,2285,,,163.96880116399004,136,True,False,True,False,success,0.4913613200187683,,,ou_noise,0,791971,786972,393486,33.584560345200934,-9.241327404975891,,,
2287,2286,,,158.8151553893032,145,True,False,True,False,success,0.48189082741737366,,,ou_noise,0,792116,787117,393558,37.49002135046597,-9.223606516917547,,,
2288,2287,,,160.05779432445323,153,True,False,True,False,success,0.4466114044189453,,,ou_noise,0,792269,787270,393635,35.055474393508014,-8.638930803769595,,,
2289,2288,,,158.4833498064173,156,True,False,True,False,success,0.43277260661125183,,,ou_noise,0,792425,787426,393713,37.79432674554678,-9.184252763405825,,,
2290,2289,,,-236.47578415834838,1000,False,False,False,True,cutoff,7.5022783279418945,,,ou_noise,0,793425,788426,394213,35.348368827819826,-9.092529975652695,,,
2291,2290,,,152.93125785931636,161,True,False,True,False,success,0.4494035840034485,,,ou_noise,0,793586,788587,394293,36.88441727916646,-9.374768170714379,,,
2292,2291,,,159.34720720883084,149,True,False,True,False,success,0.46502551436424255,,,ou_noise,0,793735,788736,394368,33.960703158538614,-9.201482849121094,,,
2293,2292,,,158.77923900595547,150,True,False,True,False,success,0.4273488521575928,,,ou_noise,0,793885,788886,394443,32.14938765843709,-9.725963168938955,,,
2294,2293,,,159.0402458820707,151,True,False,True,False,success,0.46558406949043274,,,ou_noise,0,794036,789037,394518,33.92306529291418,-8.97426611105601,,,
2295,2294,,,169.73655187029382,128,True,False,True,False,success,0.4189303517341614,,,ou_noise,0,794164,789165,394582,32.012055695056915,-9.338435988873243,,,
2296,2295,,,168.8221161188469,133,True,False,True,False,success,0.49113237857818604,,,ou_noise,0,794297,789298,394649,33.053505660896015,-9.35884635128192,,,
2297,2296,,,171.47437256086118,120,True,False,True,False,success,0.42161163687705994,,,ou_noise,0,794417,789418,394709,43.43804703553518,-9.72298063437144,,,
2298,2297,,,168.62222028183004,130,True,False,True,False,success,0.4774344265460968,,,ou_noise,0,794547,789548,394774,34.090874297802266,-9.835541915893554,,,
2299,2298,,,170.46982385576496,122,True,False,True,False,success,0.46733343601226807,,,ou_noise,0,794669,789670,394835,34.71946138632102,-9.94152081599001,,,
2300,2299,,,158.25149281862036,147,True,False,True,False,success,0.49468621611595154,,,ou_noise,0,794816,789817,394908,44.3292675537317,-9.253824315658987,,,
2301,2300,,,136.89156267881944,211,True,False,True,False,success,0.40417245030403137,,,ou_noise,0,795027,790028,395014,40.917738720139056,-9.668118591578502,,,
2302,2301,,,169.4880430780643,126,True,False,True,False,success,0.4517871141433716,,,ou_noise,0,795153,790154,395077,38.17776878296383,-8.849674239991204,,,
2303,2302,,,166.83885298124247,136,True,False,True,False,success,0.49204573035240173,,,ou_noise,0,795289,790290,395145,35.41333711147308,-10.041937196955962,,,
2304,2303,,,-73.35214898620072,61,False,True,True,False,collision,6.436176300048828,,,ou_noise,0,795350,790351,395175,27.954854949575957,-9.252369022369384,,,
2305,2304,,,167.68974534658793,134,True,False,True,False,success,0.45826587080955505,,,ou_noise,0,795484,790485,395242,38.80928361237939,-9.651049103309859,,,
2306,2305,,,156.20962690896306,148,True,False,True,False,success,0.4181475043296814,,,ou_noise,0,795632,790633,395316,31.031957329930485,-9.717072093808973,,,
2307,2306,,,163.66773305585144,145,True,False,True,False,success,0.471871942281723,,,ou_noise,0,795777,790778,395389,32.33426369634168,-10.359090563369124,,,
2308,2307,,,145.56571059494803,181,True,False,True,False,success,0.4987333118915558,,,ou_noise,0,795958,790959,395479,28.434445950207788,-9.503358040915595,,,
2309,2308,,,158.73361239882192,135,True,False,True,False,success,0.450797975063324,,,ou_noise,0,796093,791094,395547,39.787789521393954,-9.396462405429167,,,
2310,2309,,,169.67542276771275,127,True,False,True,False,success,0.49493876099586487,,,ou_noise,0,796220,791221,395610,35.00268274592602,-9.816451133243621,,,
2311,2310,,,167.330469846471,134,True,False,True,False,success,0.45374393463134766,,,ou_noise,0,796354,791355,395677,37.33737385450904,-10.0830185306606,,,
2312,2311,,,-60.25756397140493,117,False,True,True,False,collision,3.0994293689727783,,,ou_noise,0,796471,791472,395736,39.70431581317869,-10.246574620069083,,,
2313,2312,,,169.07255727070446,128,True,False,True,False,success,0.4535088539123535,,,ou_noise,0,796599,791600,395800,38.97936064749956,-10.203558012843132,,,
2314,2313,,,159.9895069974795,147,True,False,True,False,success,0.4889228045940399,,,ou_noise,0,796746,791747,395873,47.13793295256946,-9.283516021624003,,,
2315,2314,,,-58.990137339386614,113,False,True,True,False,collision,2.9133787155151367,,,ou_noise,0,796859,791860,395930,32.6341454075501,-9.36759903138144,,,
2316,2315,,,155.01551167897242,166,True,False,True,False,success,0.46211156249046326,,,ou_noise,0,797025,792026,396013,35.355228320661794,-9.88425407639469,,,
2317,2316,,,169.6521093468795,131,True,False,True,False,success,0.40120729804039,,,ou_noise,0,797156,792157,396078,35.860270005146056,-9.859177948878362,,,
2318,2317,,,170.14023315201376,131,True,False,True,False,success,0.4497218728065491,,,ou_noise,0,797287,792288,396144,32.039227209018385,-9.543370496142995,,,
2319,2318,,,167.3273326129373,134,True,False,True,False,success,0.49297353625297546,,,ou_noise,0,797421,792422,396211,29.632378549718144,-10.580035636674113,,,
2320,2319,,,158.9880406811491,158,True,False,True,False,success,0.43216660618782043,,,ou_noise,0,797579,792580,396290,34.38414341286768,-9.876148703732069,,,
2321,2320,,,-61.024046910023486,114,False,True,True,False,collision,3.214573860168457,,,ou_noise,0,797693,792694,396347,40.219855425650614,-9.721506779653984,,,
2322,2321,,,157.25520614173814,163,True,False,True,False,success,0.4224611818790436,,,ou_noise,0,797856,792857,396428,41.63285497653704,-9.448742742891666,,,
2323,2322,,,-200.85732559047278,1000,False,False,False,True,cutoff,6.255758285522461,,,ou_noise,0,798856,793857,396928,35.02494530010223,-10.15713994550705,,,
2324,2323,,,161.68595783893667,148,True,False,True,False,success,0.44454360008239746,,,ou_noise,0,799004,794005,397002,33.15462293496003,-10.62331086880452,,,
2325,2324,,,169.63621688393184,125,True,False,True,False,success,0.44763457775115967,,,ou_noise,0,799129,794130,397065,33.27627375030517,-10.382993577018617,,,
2326,2325,,,-187.8627223979163,1000,False,False,False,True,cutoff,3.9254164695739746,,,ou_noise,0,800129,795130,397565,34.415084707260135,-10.551252703666687,,,
2327,2326,,,-219.39183249472688,390,False,True,True,False,collision,8.202150344848633,,,ou_noise,0,800519,795520,397760,39.49439170543964,-10.370177528185723,,,
2328,2327,,,169.9557126349868,129,True,False,True,False,success,0.45800143480300903,,,ou_noise,0,800648,795649,397824,43.37409538446471,-10.739287577569485,,,
2329,2328,,,168.59654122674266,132,True,False,True,False,success,0.48078200221061707,,,ou_noise,0,800780,795781,397890,42.660176985191576,-10.465705492279746,,,
2330,2329,,,170.26302087875547,126,True,False,True,False,success,0.4768639802932739,,,ou_noise,0,800906,795907,397953,38.83353390769353,-10.239418090335906,,,
2331,2330,,,172.7369300624378,119,True,False,True,False,success,0.4374929666519165,,,ou_noise,0,801025,796026,398013,45.889082860545955,-10.096906272570292,,,
2332,2331,,,169.37941416629542,127,True,False,True,False,success,0.44698184728622437,,,ou_noise,0,801152,796153,398076,37.16026918906865,-10.520284418075804,,,
2333,2332,,,155.77654566286182,160,True,False,True,False,success,0.46275264024734497,,,ou_noise,0,801312,796313,398156,32.33423885703087,-10.5540746986866,,,
2334,2333,,,170.1110525394531,131,True,False,True,False,success,0.4860008955001831,,,ou_noise,0,801443,796444,398222,40.45024532580194,-10.59456669923031,,,
2335,2334,,,171.81512343904757,119,True,False,True,False,success,0.49858805537223816,,,ou_noise,0,801562,796563,398281,45.57420579926306,-11.179707300865044,,,
2336,2335,,,168.98197775232035,124,True,False,True,False,success,0.45682889223098755,,,ou_noise,0,801686,796687,398343,40.87381365991408,-10.231608613844841,,,
2337,2336,,,156.09591526193046,157,True,False,True,False,success,0.4764106571674347,,,ou_noise,0,801843,796844,398422,34.611097821764126,-11.113925731634792,,,
2338,2337,,,-282.2981299118327,1000,False,False,False,True,cutoff,7.865925312042236,,,ou_noise,0,802843,797844,398922,34.98226879310608,-10.670364616394043,,,
2339,2338,,,160.2666131151677,142,True,False,True,False,success,0.49274271726608276,,,ou_noise,0,802985,797986,398993,30.729002898847554,-10.48506920774218,,,
2340,2339,,,172.44620156901692,122,True,False,True,False,success,0.47504720091819763,,,ou_noise,0,803107,798108,399054,36.355154045292586,-10.634969578414667,,,
2341,2340,,,162.20083279212318,147,True,False,True,False,success,0.48973211646080017,,,ou_noise,0,803254,798255,399127,41.39016459588291,-11.446877466489191,,,
2342,2341,,,169.24138796564864,129,True,False,True,False,success,0.4594789743423462,,,ou_noise,0,803383,798384,399192,36.51478665374046,-11.179301137190599,,,
2343,2342,,,159.50299130498286,159,True,False,True,False,success,0.44363582134246826,,,ou_noise,0,803542,798543,399271,33.90607397211423,-11.37674055823797,,,
2344,2343,,,170.79604539846176,122,True,False,True,False,success,0.46230190992355347,,,ou_noise,0,803664,798665,399332,46.74835489617019,-11.082688065825916,,,
2345,2344,,,-81.91856024867485,120,False,True,True,False,collision,5.517204284667969,,,ou_noise,0,803784,798785,399392,31.623112289110818,-10.7685022910436,,,
2346,2345,,,-208.548216394045,1000,False,False,False,True,cutoff,5.37028694152832,,,ou_noise,0,804784,799785,399892,39.78289511108398,-10.806717347621918,,,
2347,2346,,,159.6763549315792,150,True,False,True,False,success,0.41817668080329895,,,ou_noise,0,804934,799935,399967,30.398777618408204,-10.917783654530844,,,
2348,2347,,,162.68968159878344,144,True,False,True,False,success,0.406309574842453,,,ou_noise,0,805078,800079,400039,45.711248702473114,-10.917988022168478,,,
2349,2348,,,149.08510567172095,178,True,False,True,False,success,0.4604557752609253,,,ou_noise,0,805256,800257,400128,29.679399099242822,-10.38953740141365,,,
2350,2349,,,150.11173662881592,166,True,False,True,False,success,0.4109499156475067,,,ou_noise,0,805422,800423,400211,28.823021854262755,-11.462047479238855,,,
2351,2350,,,173.72582758705545,118,True,False,True,False,success,0.46428871154785156,,,ou_noise,0,805540,800541,400270,28.527585781226723,-11.61892650087001,,,
2352,2351,,,169.49261465398158,130,True,False,True,False,success,0.49192482233047485,,,ou_noise,0,805670,800671,400335,36.892794726445125,-11.220019501906174,,,
2353,2352,,,148.9479765904888,194,True,False,True,False,success,0.4324047267436981,,,ou_noise,0,805864,800865,400432,36.704981912042676,-10.710518478118267,,,
2354,2353,,,168.75944368145605,127,True,False,True,False,success,0.4693243205547333,,,ou_noise,0,805991,800992,400496,42.49494234220249,-11.341074280440807,,,
2355,2354,,,159.27018824753773,151,True,False,True,False,success,0.43079814314842224,,,ou_noise,0,806142,801143,400571,29.922139856199554,-11.084692624409994,,,
2356,2355,,,-194.4841749962315,1000,False,False,False,True,cutoff,4.142691612243652,,,ou_noise,0,807142,802143,401071,37.52676736831665,-11.214411408424377,,,
2357,2356,,,155.08170648669233,149,True,False,True,False,success,0.434131920337677,,,ou_noise,0,807291,802292,401146,31.81555372276562,-11.163599669138591,,,
2358,2357,,,156.54566035501313,147,True,False,True,False,success,0.4648911654949188,,,ou_noise,0,807438,802439,401219,31.598369105332562,-10.817472679974282,,,
2359,2358,,,167.13012689195773,139,True,False,True,False,success,0.43473944067955017,,,ou_noise,0,807577,802578,401289,35.62766389366534,-11.074570267541068,,,
2360,2359,,,156.76568253334955,150,True,False,True,False,success,0.4838021695613861,,,ou_noise,0,807727,802728,401364,31.368196131388345,-10.866493129730225,,,
2361,2360,,,-237.9247499937145,1000,False,False,False,True,cutoff,6.582988262176514,,,ou_noise,0,808727,803728,401864,35.59075145149231,-11.322017988204957,,,
2362,2361,,,171.6464330227298,117,True,False,True,False,success,0.48218607902526855,,,ou_noise,0,808844,803845,401922,32.04657500829452,-11.173488592279368,,,
2363,2362,,,-204.75700071421454,1000,False,False,False,True,cutoff,6.805725574493408,,,ou_noise,0,809844,804845,402422,40.117762046813965,-10.903389826774598,,,
2364,2363,,,159.85834406874514,150,True,False,True,False,success,0.49537116289138794,,,ou_noise,0,809994,804995,402497,40.323730799357094,-10.874304587046305,,,
2365,2364,,,163.21399949279132,144,True,False,True,False,success,0.4694390892982483,,,ou_noise,0,810138,805139,402569,32.906113962332405,-10.166375815868378,,,
2366,2365,,,-196.8752300179409,1000,False,False,False,True,cutoff,3.6811835765838623,,,ou_noise,0,811138,806139,403069,34.01339420223236,-11.128892464637756,,,
2367,2366,,,158.87374375863328,145,True,False,True,False,success,0.49213579297065735,,,ou_noise,0,811283,806284,403142,34.8925804072413,-11.149729813614936,,,
2368,2367,,,159.7103124503606,156,True,False,True,False,success,0.48355215787887573,,,ou_noise,0,811439,806440,403220,39.16206221702771,-11.066084225972494,,,
2369,2368,,,170.72628158311932,131,True,False,True,False,success,0.4203294515609741,,,ou_noise,0,811570,806571,403285,34.79348781090656,-11.653262857290414,,,
2370,2369,,,155.90587533220383,159,True,False,True,False,success,0.49436312913894653,,,ou_noise,0,811729,806730,403365,44.39239164268446,-11.1516193151474,,,
2371,2370,,,-304.15666996026977,1000,False,False,False,True,cutoff,7.468282222747803,,,ou_noise,0,812729,807730,403865,37.26368399143219,-11.28629835677147,,,
2372,2371,,,175.5365915400532,108,True,False,True,False,success,0.4636934995651245,,,ou_noise,0,812837,807838,403919,36.70815852836326,-10.58745007161741,,,
2373,2372,,,-93.13113138193707,17,False,True,True,False,collision,9.496237754821777,,,ou_noise,0,812854,807855,403927,26.426010468426874,-10.759813666343689,,,
2374,2373,,,172.04593817958425,118,True,False,True,False,success,0.45360487699508667,,,ou_noise,0,812972,807973,403986,34.86894322249849,-10.502209768456927,,,
2375,2374,,,50.21970712899018,524,True,False,True,False,success,0.4340531826019287,,,ou_noise,0,813496,808497,404248,38.100904426501906,-11.064557763456389,,,
2376,2375,,,160.52249212074963,139,True,False,True,False,success,0.4913400411605835,,,ou_noise,0,813635,808636,404318,37.00710278792347,-10.843151691981724,,,
2377,2376,,,170.08521248894698,127,True,False,True,False,success,0.4863281548023224,,,ou_noise,0,813762,808763,404381,38.94584747374527,-11.12434518904913,,,
2378,2377,,,155.9822546553354,155,True,False,True,False,success,0.43660053610801697,,,ou_noise,0,813917,808918,404459,30.478626989549205,-10.665967342181084,,,
2379,2378,,,155.26987000741968,158,True,False,True,False,success,0.44375795125961304,,,ou_noise,0,814075,809076,404538,36.62349331529835,-11.397509146340285,,,
2380,2379,,,170.2960734584654,126,True,False,True,False,success,0.4596719443798065,,,ou_noise,0,814201,809202,404601,38.52678965008448,-11.03874909688556,,,
2381,2380,,,153.60594794633835,168,True,False,True,False,success,0.4692602753639221,,,ou_noise,0,814369,809370,404685,40.61618438221159,-10.911186678068978,,,
2382,2381,,,20.926133302359347,600,True,False,True,False,success,0.4342827796936035,,,ou_noise,0,814969,809970,404985,36.58514347553253,-10.792407602469126,,,
2383,2382,,,-62.79012935019149,131,False,True,True,False,collision,2.7537717819213867,,,ou_noise,0,815100,810101,405050,28.95281507040708,-11.422742887643667,,,
2384,2383,,,172.62603259395524,118,True,False,True,False,success,0.4120350480079651,,,ou_noise,0,815218,810219,405109,45.950941150471316,-10.733839786658853,,,
2385,2384,,,169.87367341870942,123,True,False,True,False,success,0.4316122829914093,,,ou_noise,0,815341,810342,405171,35.530101000778075,-10.692894589516424,,,
2386,2385,,,157.14035326786268,161,True,False,True,False,success,0.4499463438987732,,,ou_noise,0,815502,810503,405251,38.12895472153373,-10.675997704267502,,,
2387,2386,,,159.38957984187107,150,True,False,True,False,success,0.4500066637992859,,,ou_noise,0,815652,810653,405326,33.73360626856486,-10.784946619669597,,,
2388,2387,,,153.70685139532014,179,True,False,True,False,success,0.49010899662971497,,,ou_noise,0,815831,810832,405416,38.01948644861829,-11.181710317399766,,,
2389,2388,,,162.6516069577461,163,True,False,True,False,success,0.46315985918045044,,,ou_noise,0,815994,810995,405497,34.84178374003779,-11.744823414602397,,,
2390,2389,,,166.5882114385643,138,True,False,True,False,success,0.49613529443740845,,,ou_noise,0,816132,811133,405566,41.98591256487197,-11.487844529359236,,,
2391,2390,,,168.1447184075975,132,True,False,True,False,success,0.48330482840538025,,,ou_noise,0,816264,811265,405632,31.171457160602916,-11.517912120530099,,,
2392,2391,,,170.11830510842958,124,True,False,True,False,success,0.4544721841812134,,,ou_noise,0,816388,811389,405694,33.245198780490504,-11.271507740020752,,,
2393,2392,,,170.92066753236907,130,True,False,True,False,success,0.46860477328300476,,,ou_noise,0,816518,811519,405759,44.26543451455923,-11.241775167905367,,,
2394,2393,,,150.01753889282583,174,True,False,True,False,success,0.49667152762413025,,,ou_noise,0,816692,811693,405846,33.92529516110475,-11.374000510950198,,,
2395,2394,,,166.54043119923742,138,True,False,True,False,success,0.46678829193115234,,,ou_noise,0,816830,811831,405915,29.085126773170803,-11.053355832030809,,,
2396,2395,,,168.00753366162002,132,True,False,True,False,success,0.47600501775741577,,,ou_noise,0,816962,811963,405981,32.09264247345202,-10.749710776589133,,,
2397,2396,,,-218.0411650141299,639,False,True,True,False,collision,2.9612021446228027,,,ou_noise,0,817601,812602,406301,35.96448753995701,-11.118958751857281,,,
2398,2397,,,121.15172083829859,247,True,False,True,False,success,0.4820055663585663,,,ou_noise,0,817848,812849,406424,43.11549972426071,-10.711995144200518,,,
2399,2398,,,170.68908407495266,127,True,False,True,False,success,0.4938221871852875,,,ou_noise,0,817975,812976,406488,38.5156409421305,-10.954225845634937,,,
2400,2399,,,170.89227697010634,129,True,False,True,False,success,0.46148884296417236,,,ou_noise,0,818104,813105,406552,32.74031632445579,-10.861622422933578,,,
2401,2400,,,174.2816802213318,115,True,False,True,False,success,0.48081788420677185,,,ou_noise,0,818219,813220,406610,42.55566703132961,-11.024767275514273,,,
2402,2401,,,169.89683505941346,124,True,False,True,False,success,0.4592112898826599,,,ou_noise,0,818343,813344,406672,43.93249685533585,-10.637340361072171,,,
2403,2402,,,168.4372700340667,135,True,False,True,False,success,0.47918131947517395,,,ou_noise,0,818478,813479,406739,30.696583839699073,-10.705110685149236,,,
2404,2403,,,172.40397397661314,118,True,False,True,False,success,0.4486348330974579,,,ou_noise,0,818596,813597,406798,37.19928108635595,-11.519392595452777,,,
2405,2404,,,172.44527032920257,120,True,False,True,False,success,0.44471919536590576,,,ou_noise,0,818716,813717,406858,37.34148467381795,-10.67316788037618,,,
2406,2405,,,-64.96043976862444,132,False,True,True,False,collision,2.7133002281188965,,,ou_noise,0,818848,813849,406924,40.3984834280881,-10.485885656241214,,,
2407,2406,,,167.86820795118308,134,True,False,True,False,success,0.4399871826171875,,,ou_noise,0,818982,813983,406991,32.97675176164997,-11.265279720078654,,,
2408,2407,,,173.62249388578306,119,True,False,True,False,success,0.47925013303756714,,,ou_noise,0,819101,814102,407051,28.38367680942311,-11.45022254784902,,,
2409,2408,,,-64.6435319121585,112,False,True,True,False,collision,3.6778836250305176,,,ou_noise,0,819213,814214,407107,33.215529033115935,-10.951909371784755,,,
2410,2409,,,134.82851630543016,198,True,False,True,False,success,0.4473043978214264,,,ou_noise,0,819411,814412,407206,31.524051088275332,-10.715735252457435,,,
2411,2410,,,158.76239481202754,147,True,False,True,False,success,0.4934694468975067,,,ou_noise,0,819558,814559,407279,41.7470824832008,-11.26265924270839,,,
2412,2411,,,172.40409071162765,118,True,False,True,False,success,0.44292357563972473,,,ou_noise,0,819676,814677,407338,33.08290066961515,-10.554028882818708,,,
2413,2412,,,158.69751839698586,155,True,False,True,False,success,0.4866484999656677,,,ou_noise,0,819831,814832,407416,36.559853350731636,-11.433741080455292,,,
2414,2413,,,148.6654999600279,172,True,False,True,False,success,0.4977230131626129,,,ou_noise,0,820003,815004,407502,35.03813246793525,-11.384942348613295,,,
2415,2414,,,173.3606103482307,122,True,False,True,False,success,0.45073986053466797,,,ou_noise,0,820125,815126,407563,36.58286120461636,-10.700725148935787,,,
2416,2415,,,162.03232265925035,144,True,False,True,False,success,0.4332045316696167,,,ou_noise,0,820269,815270,407635,36.80540672275755,-11.179589986801147,,,
2417,2416,,,148.27422669143783,188,True,False,True,False,success,0.4317193925380707,,,ou_noise,0,820457,815458,407729,33.740192951040065,-11.2208732594835,,,
2418,2417,,,170.79118074847378,120,True,False,True,False,success,0.48442602157592773,,,ou_noise,0,820577,815578,407789,40.97911918958028,-11.200731571515401,,,
2419,2418,,,165.12523387266566,141,True,False,True,False,success,0.49679991602897644,,,ou_noise,0,820718,815719,407859,41.740985166941975,-11.500472259521484,,,
2420,2419,,,-61.82173047693302,126,False,True,True,False,collision,2.910726547241211,,,ou_noise,0,820844,815845,407922,41.07913055117168,-11.190015607410007,,,
2421,2420,,,171.14138161698418,118,True,False,True,False,success,0.47680938243865967,,,ou_noise,0,820962,815963,407981,35.98722746412633,-10.760775655002917,,,
2422,2421,,,-89.16795438090377,189,False,True,True,False,collision,3.2591991424560547,,,ou_noise,0,821151,816152,408076,36.113528670457306,-11.094425186358,,,
2423,2422,,,153.11189125807417,157,True,False,True,False,success,0.42598217725753784,,,ou_noise,0,821308,816309,408154,36.73615666407689,-11.489701668421427,,,
2424,2423,,,-67.24798183026977,131,False,True,True,False,collision,3.232640504837036,,,ou_noise,0,821439,816440,408220,35.393946727723566,-12.100034728194728,,,
2425,2424,,,-213.09751830835418,1000,False,False,False,True,cutoff,4.075732707977295,,,ou_noise,0,822439,817440,408720,36.82163701248169,-11.263979496479035,,,
2426,2425,,,165.04719888344118,142,True,False,True,False,success,0.42873987555503845,,,ou_noise,0,822581,817582,408791,41.31787840077575,-11.118164955730169,,,
2427,2426,,,172.54553582270688,120,True,False,True,False,success,0.45682528614997864,,,ou_noise,0,822701,817702,408851,43.3092089732488,-10.860922654469809,,,
2428,2427,,,153.96512238931757,160,True,False,True,False,success,0.41072311997413635,,,ou_noise,0,822861,817862,408931,34.72333878874779,-11.557420647144317,,,
2429,2428,,,151.87695418636474,188,True,False,True,False,success,0.49205633997917175,,,ou_noise,0,823049,818050,409025,35.039411981055075,-11.30752088161225,,,
2430,2429,,,173.75824756900596,115,True,False,True,False,success,0.4503866732120514,,,ou_noise,0,823164,818165,409082,41.417406538258426,-10.923207642739278,,,
2431,2430,,,163.50952276512345,141,True,False,True,False,success,0.4921325743198395,,,ou_noise,0,823305,818306,409153,37.32101340327703,-11.049454769618075,,,
2432,2431,,,170.81213939158562,125,True,False,True,False,success,0.4474628269672394,,,ou_noise,0,823430,818431,409215,39.39523225402832,-11.300690358684909,,,
2433,2432,,,163.5814153128329,135,True,False,True,False,success,0.45246073603630066,,,ou_noise,0,823565,818566,409283,35.03729302441632,-11.52541983828825,,,
2434,2433,,,170.81936008839554,125,True,False,True,False,success,0.4817679226398468,,,ou_noise,0,823690,818691,409345,41.94820034027099,-11.329791899650328,,,
2435,2434,,,-62.74443825019722,111,False,True,True,False,collision,3.384634017944336,,,ou_noise,0,823801,818802,409401,38.234982868572615,-11.43333123411451,,,
2436,2435,,,-219.4109833574098,1000,False,False,False,True,cutoff,5.617574214935303,,,ou_noise,0,824801,819802,409901,37.87426662349701,-11.135944416046142,,,
2437,2436,,,170.31998683568685,121,True,False,True,False,success,0.4467892348766327,,,ou_noise,0,824922,819923,409961,45.50748229223834,-11.554466597239177,,,
2438,2437,,,154.95125611709693,150,True,False,True,False,success,0.43570804595947266,,,ou_noise,0,825072,820073,410036,49.36410389582316,-11.492542813618979,,,
2439,2438,,,160.06938395792793,149,True,False,True,False,success,0.46711239218711853,,,ou_noise,0,825221,820222,410111,40.574131575206785,-12.004303156534831,,,
2440,2439,,,170.50709905224682,124,True,False,True,False,success,0.4854229986667633,,,ou_noise,0,825345,820346,410173,45.17414176848627,-11.582457657783262,,,
2441,2440,,,166.86335542725726,134,True,False,True,False,success,0.4966318607330322,,,ou_noise,0,825479,820480,410240,31.213686387930345,-11.143949003361945,,,
2442,2441,,,174.72451231407274,111,True,False,True,False,success,0.4895048439502716,,,ou_noise,0,825590,820591,410295,41.70052607424624,-11.340073784914884,,,
2443,2442,,,169.37255466698826,127,True,False,True,False,success,0.40281349420547485,,,ou_noise,0,825717,820718,410359,29.12025797836424,-11.145101562142372,,,
2444,2443,,,175.85640886206656,114,True,False,True,False,success,0.47489139437675476,,,ou_noise,0,825831,820832,410416,45.08735926109448,-11.340513112252218,,,
2445,2444,,,166.01711947523052,132,True,False,True,False,success,0.45558932423591614,,,ou_noise,0,825963,820964,410482,33.20705000559489,-11.689344976887558,,,
2446,2445,,,-67.3634042072612,141,False,True,True,False,collision,2.9691812992095947,,,ou_noise,0,826104,821105,410552,38.93323617624053,-11.309586303574699,,,
2447,2446,,,161.01243717674245,152,True,False,True,False,success,0.448223739862442,,,ou_noise,0,826256,821257,410628,42.77150034277063,-11.242901193468194,,,
2448,2447,,,171.44811117310803,120,True,False,True,False,success,0.4272419214248657,,,ou_noise,0,826376,821377,410688,38.14693888028463,-11.952344679832459,,,
2449,2448,,,158.9745167847786,148,True,False,True,False,success,0.40374326705932617,,,ou_noise,0,826524,821525,410762,32.941842594662226,-11.413556756200018,,,
2450,2449,,,173.17386788109556,118,True,False,True,False,success,0.4660077691078186,,,ou_noise,0,826642,821643,410821,39.749889963764254,-11.65267485279148,,,
2451,2450,,,173.18813079700442,114,True,False,True,False,success,0.4893840551376343,,,ou_noise,0,826756,821757,410878,36.93311985752039,-11.876938393241481,,,
2452,2451,,,153.51554348523496,151,True,False,True,False,success,0.4853832721710205,,,ou_noise,0,826907,821908,410954,35.37753151899931,-11.644416959662186,,,
2453,2452,,,157.05432044705287,152,True,False,True,False,success,0.4799044132232666,,,ou_noise,0,827059,822060,411030,35.172765832198294,-11.605360721286974,,,
2454,2453,,,166.667081387377,136,True,False,True,False,success,0.4564031958580017,,,ou_noise,0,827195,822196,411098,42.31224890316234,-11.830585732179529,,,
2455,2454,,,-88.48140879441353,27,False,True,True,False,collision,8.742465019226074,,,ou_noise,0,827222,822223,411111,39.57019191318088,-10.456745697901798,,,
2456,2455,,,154.90341071627415,167,True,False,True,False,success,0.4894894063472748,,,ou_noise,0,827389,822390,411195,36.14443006915246,-11.6923653341475,,,
2457,2456,,,154.6850542253021,154,True,False,True,False,success,0.4452018737792969,,,ou_noise,0,827543,822544,411272,33.43150017478249,-11.952768152410334,,,
2458,2457,,,157.7467268248594,156,True,False,True,False,success,0.433915376663208,,,ou_noise,0,827699,822700,411350,38.637312357242294,-11.921499992028261,,,
2459,2458,,,175.4639326043757,109,True,False,True,False,success,0.4801467955112457,,,ou_noise,0,827808,822809,411404,34.46815776824951,-11.12627296977573,,,
2460,2459,,,170.40542424348547,125,True,False,True,False,success,0.48739928007125854,,,ou_noise,0,827933,822934,411467,43.89963812255859,-11.379500336117214,,,
2461,2460,,,173.10800661435945,118,True,False,True,False,success,0.41815677285194397,,,ou_noise,0,828051,823052,411526,39.09976119510198,-11.633276018045716,,,
2462,2461,,,172.595959640278,120,True,False,True,False,success,0.42073825001716614,,,ou_noise,0,828171,823172,411586,37.41427214145661,-12.000845360755921,,,
2463,2462,,,159.52500118572942,152,True,False,True,False,success,0.44036462903022766,,,ou_noise,0,828323,823324,411662,35.4493459337636,-12.103145900525545,,,
2464,2463,,,156.46416169579794,154,True,False,True,False,success,0.45682501792907715,,,ou_noise,0,828477,823478,411739,34.2045328276498,-11.903255660812576,,,
2465,2464,,,170.02331977348564,127,True,False,True,False,success,0.47310659289360046,,,ou_noise,0,828604,823605,411802,40.840610338946966,-11.697970375182136,,,
2466,2465,,,169.78973724138115,130,True,False,True,False,success,0.4600655436515808,,,ou_noise,0,828734,823735,411867,30.673949513068568,-11.715971359839806,,,
2467,2466,,,168.88480380726588,129,True,False,True,False,success,0.49151673913002014,,,ou_noise,0,828863,823864,411932,38.23640141006588,-12.09426785982572,,,
2468,2467,,,-211.85211750017308,1000,False,False,False,True,cutoff,4.450443744659424,,,ou_noise,0,829863,824864,412432,39.1800634431839,-11.98780106830597,,,
2469,2468,,,160.04588624179027,157,True,False,True,False,success,0.441924124956131,,,ou_noise,0,830020,825021,412510,42.9576097719229,-12.087330928215614,,,
2470,2469,,,154.80360269423235,155,True,False,True,False,success,0.4702514111995697,,,ou_noise,0,830175,825176,412588,34.05499374020484,-11.898448375555185,,,
2471,2470,,,168.8927753030884,126,True,False,True,False,success,0.43424415588378906,,,ou_noise,0,830301,825302,412651,42.38527700636122,-11.939840006449867,,,
2472,2471,,,167.57401530056208,129,True,False,True,False,success,0.4290420114994049,,,ou_noise,0,830430,825431,412715,49.988749925480334,-12.0040727481246,,,
2473,2472,,,161.63895984144744,137,True,False,True,False,success,0.4429641664028168,,,ou_noise,0,830567,825568,412784,43.445251450921496,-12.184933614039767,,,
2474,2473,,,173.34316821071184,119,True,False,True,False,success,0.41243070363998413,,,ou_noise,0,830686,825687,412843,38.50597428073402,-12.246724815691932,,,
2475,2474,,,149.57637062161507,169,True,False,True,False,success,0.42138153314590454,,,ou_noise,0,830855,825856,412928,40.88338012808173,-12.533169033948113,,,
2476,2475,,,158.9200071538404,170,True,False,True,False,success,0.4607183635234833,,,ou_noise,0,831025,826026,413013,38.940009268592384,-12.192100042455337,,,
2477,2476,,,170.41196754311994,124,True,False,True,False,success,0.4411882162094116,,,ou_noise,0,831149,826150,413075,38.67177405664998,-12.023601108981717,,,
2478,2477,,,167.00877105005424,136,True,False,True,False,success,0.47697877883911133,,,ou_noise,0,831285,826286,413143,37.55192729304819,-11.738549099249,,,
2479,2478,,,167.62607668292387,130,True,False,True,False,success,0.47230279445648193,,,ou_noise,0,831415,826416,413208,45.0914689210745,-12.297789713052603,,,
2480,2479,,,170.14252237099504,127,True,False,True,False,success,0.4352304935455322,,,ou_noise,0,831542,826543,413271,38.158836514931025,-12.470937312595428,,,
2481,2480,,,161.42646302899175,144,True,False,True,False,success,0.4749288856983185,,,ou_noise,0,831686,826687,413343,36.508422646257614,-12.45286547475391,,,
2482,2481,,,170.5223206639621,123,True,False,True,False,success,0.4883674383163452,,,ou_noise,0,831809,826810,413405,36.475437117785944,-12.433151237426266,,,
2483,2482,,,168.84547695245507,132,True,False,True,False,success,0.43129709362983704,,,ou_noise,0,831941,826942,413471,30.77068774627917,-12.681699868404504,,,
2484,2483,,,162.65842657779604,147,True,False,True,False,success,0.47277894616127014,,,ou_noise,0,832088,827089,413544,34.411711303555236,-12.238735270826783,,,
2485,2484,,,168.65275456605804,131,True,False,True,False,success,0.4211741089820862,,,ou_noise,0,832219,827220,413610,29.42659192412864,-11.817092317523379,,,
2486,2485,,,165.30364193576932,134,True,False,True,False,success,0.45141908526420593,,,ou_noise,0,832353,827354,413677,39.78923228961318,-12.51215237290112,,,
2487,2486,,,-62.17589215755655,111,False,True,True,False,collision,3.4212899208068848,,,ou_noise,0,832464,827465,413732,38.57536418158729,-12.267785739898681,,,
2488,2487,,,167.34046731929462,135,True,False,True,False,success,0.49007001519203186,,,ou_noise,0,832599,827600,413800,40.700648371378584,-12.091448426246643,,,
2489,2488,,,-232.8320467748163,735,False,True,True,False,collision,5.576116561889648,,,ou_noise,0,833334,828335,414167,41.288130483821945,-12.37525280295016,,,
2490,2489,,,-65.2989707915357,114,False,True,True,False,collision,3.5753564834594727,,,ou_noise,0,833448,828449,414224,50.40092470771388,-12.304138376001726,,,
2491,2490,,,149.4341377154117,194,True,False,True,False,success,0.4798634648323059,,,ou_noise,0,833642,828643,414321,40.96009867953271,-12.571788453564201,,,
2492,2491,,,162.4705947104677,144,True,False,True,False,success,0.4872084856033325,,,ou_noise,0,833786,828787,414393,36.298803620868256,-12.883200565973917,,,
2493,2492,,,149.63169227378643,168,True,False,True,False,success,0.48615166544914246,,,ou_noise,0,833954,828955,414477,39.7322769505637,-12.075897897992816,,,
2494,2493,,,173.3180467908919,119,True,False,True,False,success,0.4817834794521332,,,ou_noise,0,834073,829074,414537,40.30245099748884,-12.406742850939432,,,
2495,2494,,,158.92665271197677,145,True,False,True,False,success,0.4657059907913208,,,ou_noise,0,834218,829219,414609,43.99006602846343,-12.951605472299788,,,
2496,2495,,,172.45229726813255,116,True,False,True,False,success,0.4476211369037628,,,ou_noise,0,834334,829335,414667,40.37579876801063,-12.604866364906574,,,
2497,2496,,,164.31567273935127,138,True,False,True,False,success,0.4483214020729065,,,ou_noise,0,834472,829473,414736,36.5026226112808,-12.784560576729152,,,
2498,2497,,,167.02459453421915,145,True,False,True,False,success,0.4358990490436554,,,ou_noise,0,834617,829618,414809,39.32411489157841,-12.82859095481977,,,
2499,2498,,,142.06627237251595,210,True,False,True,False,success,0.4697674810886383,,,ou_noise,0,834827,829828,414914,36.65218736557733,-12.60653040749686,,,
2500,2499,,,158.67723066023734,153,True,False,True,False,success,0.4985582232475281,,,ou_noise,0,834980,829981,414990,40.91590335322361,-12.417591916887384,,,
2501,2500,,,169.2273946714092,130,True,False,True,False,success,0.4640001952648163,,,ou_noise,0,835110,830111,415055,43.465384461329535,-12.13848785987267,,,
2502,2501,,,127.72404668919434,318,True,False,True,False,success,0.40894702076911926,,,ou_noise,0,835428,830429,415214,39.85267977744528,-12.369412029314342,,,
2503,2502,,,169.717991830492,129,True,False,True,False,success,0.4620548486709595,,,ou_noise,0,835557,830558,415279,41.14300256182057,-12.773259404989389,,,
2504,2503,,,155.56226734930254,153,True,False,True,False,success,0.4566599726676941,,,ou_noise,0,835710,830711,415355,44.561580028409274,-12.741577725661429,,,
2505,2504,,,145.48071200077766,173,True,False,True,False,success,0.4078879952430725,,,ou_noise,0,835883,830884,415442,38.680059708611815,-12.731194972991943,,,
2506,2505,,,154.41346258285998,151,True,False,True,False,success,0.43594110012054443,,,ou_noise,0,836034,831035,415517,36.332532187960794,-12.99944793065389,,,
2507,2506,,,171.70053074656755,123,True,False,True,False,success,0.47250112891197205,,,ou_noise,0,836157,831158,415579,44.652650135319405,-12.57128623224074,,,
2508,2507,,,155.76170849256846,153,True,False,True,False,success,0.4585813581943512,,,ou_noise,0,836310,831311,415655,40.48891771229264,-12.935750133112856,,,
2509,2508,,,169.1118784438836,124,True,False,True,False,success,0.49684008955955505,,,ou_noise,0,836434,831435,415717,41.017542516031575,-12.731255723584082,,,
2510,2509,,,171.69877397162074,122,True,False,True,False,success,0.46783411502838135,,,ou_noise,0,836556,831557,415778,44.40531499268579,-13.065918156358062,,,
2511,2510,,,157.8065270686302,157,True,False,True,False,success,0.41695141792297363,,,ou_noise,0,836713,831714,415857,31.375839464224068,-12.937020549291297,,,
2512,2511,,,153.5166136721419,162,True,False,True,False,success,0.44983404874801636,,,ou_noise,0,836875,831876,415938,41.23859061723874,-12.595538722144234,,,
2513,2512,,,170.07097026654623,122,True,False,True,False,success,0.4679289758205414,,,ou_noise,0,836997,831998,415999,35.06551001501865,-13.392874694261394,,,
2514,2513,,,158.18174564691705,152,True,False,True,False,success,0.4688991606235504,,,ou_noise,0,837149,832150,416075,32.32892208350332,-12.92146412949813,,,
2515,2514,,,-271.3305230526189,1000,False,False,False,True,cutoff,7.728015422821045,,,ou_noise,0,838149,833150,416575,39.175273128509524,-13.047152624130248,,,
2516,2515,,,160.72346150717715,146,True,False,True,False,success,0.43661972880363464,,,ou_noise,0,838295,833296,416648,37.80332910198055,-12.553361997212448,,,
2517,2516,,,169.33891481907102,129,True,False,True,False,success,0.4377894103527069,,,ou_noise,0,838424,833425,416712,48.93895266037579,-13.587053403258324,,,
2518,2517,,,157.10927313216303,149,True,False,True,False,success,0.47754254937171936,,,ou_noise,0,838573,833574,416787,37.1518159904736,-13.235378430684408,,,
2519,2518,,,167.96081099492136,138,True,False,True,False,success,0.46748438477516174,,,ou_noise,0,838711,833712,416856,43.99177733711574,-13.211681082628775,,,
2520,2519,,,-70.15406965616418,79,False,True,True,False,collision,5.577841758728027,,,ou_noise,0,838790,833791,416895,37.98040461238426,-13.506632169087728,,,
2521,2520,,,158.08843403407616,153,True,False,True,False,success,0.48329389095306396,,,ou_noise,0,838943,833944,416972,36.90866484049878,-13.019713730007023,,,
2522,2521,,,157.1052634745432,149,True,False,True,False,success,0.4443521201610565,,,ou_noise,0,839092,834093,417046,39.639924382203375,-13.030342044057074,,,
2523,2522,,,169.1685028623735,128,True,False,True,False,success,0.4606613516807556,,,ou_noise,0,839220,834221,417110,38.45827565342188,-13.352434560656548,,,
2524,2523,,,168.4184873481979,134,True,False,True,False,success,0.48416030406951904,,,ou_noise,0,839354,834355,417177,31.803638714462963,-13.750372630446705,,,
2525,2524,,,170.43699938072197,121,True,False,True,False,success,0.4765910506248474,,,ou_noise,0,839475,834476,417238,42.5640857160584,-13.636186005639248,,,
2526,2525,,,169.0125781083251,132,True,False,True,False,success,0.47322654724121094,,,ou_noise,0,839607,834608,417304,47.35971344601024,-13.163352901285345,,,
2527,2526,,,-248.15630468222258,1000,False,False,False,True,cutoff,4.286927700042725,,,ou_noise,0,840607,835608,417804,38.71996577644348,-13.646858458518983,,,
2528,2527,,,168.62784947092928,135,True,False,True,False,success,0.42763978242874146,,,ou_noise,0,840742,835743,417871,33.379004633868185,-13.266857880264965,,,
2529,2528,,,164.13793995728014,149,True,False,True,False,success,0.4632342755794525,,,ou_noise,0,840891,835892,417946,40.57318474302356,-13.80924737930298,,,
2530,2529,,,172.4476919300956,118,True,False,True,False,success,0.44592058658599854,,,ou_noise,0,841009,836010,418005,43.03953953112586,-13.90394003916595,,,
2531,2530,,,168.51264103437,134,True,False,True,False,success,0.47770172357559204,,,ou_noise,0,841143,836144,418072,35.427715785467804,-13.651761923263322,,,
2532,2531,,,166.28876737544118,142,True,False,True,False,success,0.439555823802948,,,ou_noise,0,841285,836286,418143,37.22657803414573,-13.897355039354782,,,
2533,2532,,,169.9197006218772,127,True,False,True,False,success,0.4167139232158661,,,ou_noise,0,841412,836413,418206,30.313690005324958,-13.342974390302386,,,
2534,2533,,,169.13893060779273,126,True,False,True,False,success,0.4494837820529938,,,ou_noise,0,841538,836539,418269,37.60373048176841,-13.547356772044349,,,
2535,2534,,,156.19570901454648,158,True,False,True,False,success,0.4815255105495453,,,ou_noise,0,841696,836697,418348,41.43186134024511,-13.30927987641926,,,
2536,2535,,,158.39624548518793,159,True,False,True,False,success,0.405531108379364,,,ou_noise,0,841855,836856,418428,40.528794474571754,-13.495528435707092,,,
2537,2536,,,169.6465763745171,127,True,False,True,False,success,0.40482351183891296,,,ou_noise,0,841982,836983,418491,42.44197411424532,-14.459923327915252,,,
2538,2537,,,152.36285389054984,168,True,False,True,False,success,0.4867090880870819,,,ou_noise,0,842150,837151,418575,38.45936638968332,-13.627215998513359,,,
2539,2538,,,-245.3111258407084,1000,False,False,False,True,cutoff,3.5368266105651855,,,ou_noise,0,843150,838151,419075,40.125492109298705,-13.936440644264222,,,
2540,2539,,,169.62607604481914,124,True,False,True,False,success,0.45824310183525085,,,ou_noise,0,843274,838275,419137,38.329828370002005,-13.837671587544103,,,
2541,2540,,,166.52078168222448,138,True,False,True,False,success,0.4392937123775482,,,ou_noise,0,843412,838413,419206,34.401691851408586,-13.60975756852523,,,
2542,2541,,,170.670590419385,122,True,False,True,False,success,0.4729197025299072,,,ou_noise,0,843534,838535,419267,36.92868784607434,-14.10623034492868,,,
2543,2542,,,-70.45254553757776,166,False,True,True,False,collision,3.1415908336639404,,,ou_noise,0,843700,838701,419350,29.912251087556402,-13.408968724400165,,,
2544,2543,,,170.18635409051615,125,True,False,True,False,success,0.45437291264533997,,,ou_noise,0,843825,838826,419413,39.89513585662842,-14.262449128287178,,,
2545,2544,,,159.32033241177484,152,True,False,True,False,success,0.45714902877807617,,,ou_noise,0,843977,838978,419489,46.8173188473049,-13.870230285744919,,,
2546,2545,,,174.44898372666847,118,True,False,True,False,success,0.4321770966053009,,,ou_noise,0,844095,839096,419548,34.21557613146507,-14.278315188521045,,,
2547,2546,,,166.24126290695472,136,True,False,True,False,success,0.4470185935497284,,,ou_noise,0,844231,839232,419616,36.26706760771134,-13.713337253121768,,,
2548,2547,,,173.2709072973397,116,True,False,True,False,success,0.4069828391075134,,,ou_noise,0,844347,839348,419674,49.917591111413365,-13.601916716016571,,,
2549,2548,,,157.70161961347313,156,True,False,True,False,success,0.447063148021698,,,ou_noise,0,844503,839504,419752,37.4048823882372,-14.430098582536747,,,
2550,2549,,,157.59446395930723,158,True,False,True,False,success,0.43011537194252014,,,ou_noise,0,844661,839662,419831,33.44148178342022,-14.66833958444716,,,
2551,2550,,,168.10601150647133,131,True,False,True,False,success,0.4111095666885376,,,ou_noise,0,844792,839793,419896,38.39648831345653,-14.017707824707031,,,
2552,2551,,,171.49546498324077,121,True,False,True,False,success,0.4432801306247711,,,ou_noise,0,844913,839914,419957,35.19670139659535,-13.650987437514008,,,
2553,2552,,,163.04866288610393,142,True,False,True,False,success,0.4184006452560425,,,ou_noise,0,845055,840056,420028,37.9445377134941,-14.1765958893467,,,
2554,2553,,,157.4806185607197,153,True,False,True,False,success,0.4213571846485138,,,ou_noise,0,845208,840209,420104,36.827651160994385,-13.82518236260665,,,
2555,2554,,,172.57752480711162,116,True,False,True,False,success,0.42713791131973267,,,ou_noise,0,845324,840325,420162,34.34293131170602,-14.292006525500067,,,
2556,2555,,,144.8133582476599,211,True,False,True,False,success,0.477081835269928,,,ou_noise,0,845535,840536,420268,34.45668785944934,-14.175403891869312,,,
2557,2556,,,171.22920671916924,126,True,False,True,False,success,0.4909769594669342,,,ou_noise,0,845661,840662,420331,45.724656324537975,-14.804984304640028,,,
2558,2557,,,167.06473863905705,141,True,False,True,False,success,0.42868924140930176,,,ou_noise,0,845802,840803,420401,24.942118725878128,-13.977278300694056,,,
2559,2558,,,155.44088337919658,163,True,False,True,False,success,0.4520447254180908,,,ou_noise,0,845965,840966,420483,34.614171654168814,-13.552783099616446,,,
2560,2559,,,158.23523000680683,152,True,False,True,False,success,0.4872397780418396,,,ou_noise,0,846117,841118,420559,40.464891722327785,-14.418404717194406,,,
2561,2560,,,169.3342310590086,133,True,False,True,False,success,0.46222642064094543,,,ou_noise,0,846250,841251,420625,41.8551086124621,-13.811027411258582,,,
2562,2561,,,151.27858540366503,174,True,False,True,False,success,0.45483237504959106,,,ou_noise,0,846424,841425,420712,38.332460151321584,-14.768202452824033,,,
2563,2562,,,166.0787740941871,135,True,False,True,False,success,0.4543007016181946,,,ou_noise,0,846559,841560,420780,38.644452306959366,-14.232520005282234,,,
2564,2563,,,161.68807329126602,143,True,False,True,False,success,0.463335782289505,,,ou_noise,0,846702,841703,420851,39.492254583985655,-13.900823633435746,,,
2565,2564,,,162.71225857105526,141,True,False,True,False,success,0.47386687994003296,,,ou_noise,0,846843,841844,420922,44.97980746817082,-14.175443501539633,,,
2566,2565,,,171.83667573385867,124,True,False,True,False,success,0.4280518591403961,,,ou_noise,0,846967,841968,420984,36.83471643540167,-14.361492941456456,,,
2567,2566,,,165.6147712490737,135,True,False,True,False,success,0.4697747528553009,,,ou_noise,0,847102,842103,421051,48.261262533399794,-14.503917651389962,,,
2568,2567,,,160.69845022549413,144,True,False,True,False,success,0.4447776973247528,,,ou_noise,0,847246,842247,421123,31.430875678857166,-14.212677730454338,,,
2569,2568,,,152.56256404087773,165,True,False,True,False,success,0.46006736159324646,,,ou_noise,0,847411,842412,421206,33.63848420345422,-14.08862626408956,,,
2570,2569,,,169.3292590435848,129,True,False,True,False,success,0.42244917154312134,,,ou_noise,0,847540,842541,421270,36.60676691513653,-14.405522465705872,,,
2571,2570,,,170.94883305166564,121,True,False,True,False,success,0.4758773148059845,,,ou_noise,0,847661,842662,421331,45.65830382827885,-13.81697596878302,,,
2572,2571,,,160.8247779611458,146,True,False,True,False,success,0.4988693296909332,,,ou_noise,0,847807,842808,421404,39.169275845566844,-14.293526499238732,,,
2573,2572,,,169.43507492528568,138,True,False,True,False,success,0.48403671383857727,,,ou_noise,0,847945,842946,421473,45.96860941596653,-14.802960686061693,,,
2574,2573,,,151.0175698321715,161,True,False,True,False,success,0.48618265986442566,,,ou_noise,0,848106,843107,421553,34.55966166976076,-14.403470742702485,,,
2575,2574,,,123.01038718290718,277,True,False,True,False,success,0.4733525216579437,,,ou_noise,0,848383,843384,421692,42.33484531912132,-14.092439586310078,,,
2576,2575,,,160.33061488763667,148,True,False,True,False,success,0.41932955384254456,,,ou_noise,0,848531,843532,421766,45.34295733554943,-14.068451024390555,,,
2577,2576,,,167.2829795878901,130,True,False,True,False,success,0.42281144857406616,,,ou_noise,0,848661,843662,421831,42.59510821562547,-14.413903419788067,,,
2578,2577,,,168.22564536249425,135,True,False,True,False,success,0.46074697375297546,,,ou_noise,0,848796,843797,421898,42.746612541763874,-14.227971219304782,,,
2579,2578,,,160.1187699208372,140,True,False,True,False,success,0.4181562066078186,,,ou_noise,0,848936,843937,421968,40.19123315129961,-14.096437059129988,,,
2580,2579,,,152.6235705442406,165,True,False,True,False,success,0.41912662982940674,,,ou_noise,0,849101,844102,422051,39.66469921921239,-14.089623428252807,,,
2581,2580,,,138.0055843055543,229,True,False,True,False,success,0.47735288739204407,,,ou_noise,0,849330,844331,422165,34.16956137777937,-14.28690252806011,,,
2582,2581,,,156.3803891770769,153,True,False,True,False,success,0.4748046100139618,,,ou_noise,0,849483,844484,422242,38.20810763041178,-14.286006060513584,,,
2583,2582,,,163.5938302009073,143,True,False,True,False,success,0.47265756130218506,,,ou_noise,0,849626,844627,422313,44.09103497591886,-14.024511243256045,,,
2584,2583,,,168.7100341676635,133,True,False,True,False,success,0.44105178117752075,,,ou_noise,0,849759,844760,422380,39.15435506347427,-14.376439820474653,,,
2585,2584,,,174.2259001670119,112,True,False,True,False,success,0.41808944940567017,,,ou_noise,0,849871,844872,422436,51.617223714079174,-14.30338682447161,,,
2586,2585,,,171.0628407961214,122,True,False,True,False,success,0.46042829751968384,,,ou_noise,0,849993,844994,422497,39.61127530551347,-14.215215589179367,,,
2587,2586,,,169.6110220604783,127,True,False,True,False,success,0.49935561418533325,,,ou_noise,0,850120,845121,422560,43.5588553796603,-14.547217005775089,,,
2588,2587,,,-233.35151232843282,1000,False,False,False,True,cutoff,7.289734840393066,,,ou_noise,0,851120,846121,423060,39.351937059402466,-14.25479969215393,,,
2589,2588,,,164.80507579126697,134,True,False,True,False,success,0.47506284713745117,,,ou_noise,0,851254,846255,423127,38.09085908576624,-14.144594704926904,,,
2590,2589,,,168.29527169130017,134,True,False,True,False,success,0.47544974088668823,,,ou_noise,0,851388,846389,423194,47.07679259599145,-14.365512086384332,,,
2591,2590,,,169.10305864581056,133,True,False,True,False,success,0.4267346262931824,,,ou_noise,0,851521,846522,423261,40.497899614778675,-13.70908203409679,,,
2592,2591,,,173.31920918203969,124,True,False,True,False,success,0.43908974528312683,,,ou_noise,0,851645,846646,423323,49.09442124059123,-13.364787024836387,,,
2593,2592,,,131.05754646598723,263,True,False,True,False,success,0.4726264178752899,,,ou_noise,0,851908,846909,423454,40.67827870184024,-14.502774682663778,,,
2594,2593,,,165.67090729141722,137,True,False,True,False,success,0.45383837819099426,,,ou_noise,0,852045,847046,423523,34.13914531512852,-13.836230685745461,,,
2595,2594,,,148.7846491500347,171,True,False,True,False,success,0.4326273202896118,,,ou_noise,0,852216,847217,423608,39.6508013630471,-14.273266747418571,,,
2596,2595,,,156.85496473466438,145,True,False,True,False,success,0.4465172290802002,,,ou_noise,0,852361,847362,423681,39.7626933262266,-13.769699024827514,,,
2597,2596,,,159.9100339190173,147,True,False,True,False,success,0.420114666223526,,,ou_noise,0,852508,847509,423754,33.79171680268787,-14.063209651267691,,,
2598,2597,,,157.95589724500473,156,True,False,True,False,success,0.4629102051258087,,,ou_noise,0,852664,847665,423832,35.52703383641365,-13.741939324599047,,,
2599,2598,,,152.27803769539915,163,True,False,True,False,success,0.4422581195831299,,,ou_noise,0,852827,847828,423914,33.10282707799432,-14.066330682940599,,,
2600,2599,,,163.0066454441196,140,True,False,True,False,success,0.46715617179870605,,,ou_noise,0,852967,847968,423984,41.987583364759175,-13.77326968738011,,,
2601,2600,,,-248.1172568839422,1000,False,False,False,True,cutoff,7.5747294425964355,,,ou_noise,0,853967,848968,424484,40.78989214324951,-13.994911622047423,,,
2602,2601,,,159.8970905424591,150,True,False,True,False,success,0.48210030794143677,,,ou_noise,0,854117,849118,424559,35.68952236175537,-13.939902699788412,,,
2603,2602,,,156.2889228119067,164,True,False,True,False,success,0.4614174962043762,,,ou_noise,0,854281,849282,424641,41.45672696974219,-13.293629227614984,,,
2604,2603,,,159.2164040631321,153,True,False,True,False,success,0.4893600046634674,,,ou_noise,0,854434,849435,424717,39.20121240927503,-13.958311557769775,,,
2605,2604,,,164.48736648861555,143,True,False,True,False,success,0.47602131962776184,,,ou_noise,0,854577,849578,424789,39.776376230733376,-14.291594935788048,,,
2606,2605,,,175.36811852751077,114,True,False,True,False,success,0.4592168629169464,,,ou_noise,0,854691,849692,424846,47.16178699125324,-14.096030586644224,,,
2607,2606,,,168.31781858364496,131,True,False,True,False,success,0.45577558875083923,,,ou_noise,0,854822,849823,424911,33.278060279729715,-14.42942008972168,,,
2608,2607,,,154.37193311540304,168,True,False,True,False,success,0.46230387687683105,,,ou_noise,0,854990,849991,424995,42.15707264627729,-13.96203587168739,,,
2609,2608,,,158.33855630636913,145,True,False,True,False,success,0.46679478883743286,,,ou_noise,0,855135,850136,425068,32.0651943404099,-14.06815898581727,,,
2610,2609,,,-228.15177529203777,1000,False,False,False,True,cutoff,6.071452617645264,,,ou_noise,0,856135,851136,425568,38.359809717178344,-14.300577649116516,,,
2611,2610,,,162.6669226019377,157,True,False,True,False,success,0.4743625521659851,,,ou_noise,0,856292,851293,425646,42.22879082382105,-14.828936894734701,,,
2612,2611,,,170.3330569605268,125,True,False,True,False,success,0.4183169901371002,,,ou_noise,0,856417,851418,425709,44.278580818176266,-14.67214412537832,,,
2613,2612,,,-254.65303301442188,1000,False,False,False,True,cutoff,3.524392604827881,,,ou_noise,0,857417,852418,426209,39.15911431789398,-13.952160119056702,,,
2614,2613,,,170.08569675028758,125,True,False,True,False,success,0.4273999333381653,,,ou_noise,0,857542,852543,426271,37.665332733154294,-14.05590182735074,,,
2615,2614,,,167.0728575076656,133,True,False,True,False,success,0.434041827917099,,,ou_noise,0,857675,852676,426338,40.514381279622704,-13.866355582849303,,,
2616,2615,,,172.5962894112858,121,True,False,True,False,success,0.4730072021484375,,,ou_noise,0,857796,852797,426398,33.04684968428178,-14.26885339419047,,,
2617,2616,,,165.19799327312424,134,True,False,True,False,success,0.4587629735469818,,,ou_noise,0,857930,852931,426465,36.53341002250785,-13.80976662706973,,,
2618,2617,,,163.1742600639906,153,True,False,True,False,success,0.4932425618171692,,,ou_noise,0,858083,853084,426542,46.678989441566216,-13.995079213922674,,,
2619,2618,,,168.35712932522028,125,True,False,True,False,success,0.4841975271701813,,,ou_noise,0,858208,853209,426604,36.149638465881345,-13.574716168065224,,,
2620,2619,,,156.10193279810338,163,True,False,True,False,success,0.4767613112926483,,,ou_noise,0,858371,853372,426686,36.543541387546284,-13.921436914583532,,,
2621,2620,,,158.53790771569595,154,True,False,True,False,success,0.4553525149822235,,,ou_noise,0,858525,853526,426763,42.11152343006877,-14.16158271145511,,,
2622,2621,,,167.52013902956122,131,True,False,True,False,success,0.46223387122154236,,,ou_noise,0,858656,853657,426828,29.09154709968858,-13.62808437347412,,,
2623,2622,,,169.78340575536217,129,True,False,True,False,success,0.4438282549381256,,,ou_noise,0,858785,853786,426893,30.515847169151602,-13.534720215430626,,,
2624,2623,,,155.09733684955768,172,True,False,True,False,success,0.46591824293136597,,,ou_noise,0,858957,853958,426979,40.38273350582566,-13.896389972331912,,,
2625,2624,,,155.57959551758444,158,True,False,True,False,success,0.4519929885864258,,,ou_noise,0,859115,854116,427058,39.076681837250916,-14.302464630030379,,,
2626,2625,,,168.44973589626053,128,True,False,True,False,success,0.4561256766319275,,,ou_noise,0,859243,854244,427122,38.1717624142766,-13.992269098758698,,,
2627,2626,,,162.501506625738,144,True,False,True,False,success,0.49286362528800964,,,ou_noise,0,859387,854388,427194,30.514872279432083,-13.170337743229336,,,
2628,2627,,,163.28175321935908,145,True,False,True,False,success,0.48904579877853394,,,ou_noise,0,859532,854533,427266,40.2906199225064,-14.11337235238817,,,
2629,2628,,,157.83631697337796,158,True,False,True,False,success,0.41601845622062683,,,ou_noise,0,859690,854691,427345,38.87764414050911,-14.13841009743606,,,
2630,2629,,,167.02380113135814,133,True,False,True,False,success,0.4858317971229553,,,ou_noise,0,859823,854824,427412,36.75367602728363,-14.69616897782283,,,
2631,2630,,,164.71368788281808,135,True,False,True,False,success,0.48054686188697815,,,ou_noise,0,859958,854959,427479,35.32816266660337,-14.075645503713124,,,
2632,2631,,,155.248381321749,161,True,False,True,False,success,0.44079869985580444,,,ou_noise,0,860119,855120,427560,35.18747106990459,-14.86312398792785,,,
2633,2632,,,171.0503337205265,120,True,False,True,False,success,0.47146621346473694,,,ou_noise,0,860239,855240,427620,38.696446744600934,-13.785856938362121,,,
2634,2633,,,166.13310858986188,130,True,False,True,False,success,0.48098641633987427,,,ou_noise,0,860369,855370,427685,43.85962352752686,-14.560382784329928,,,
2635,2634,,,157.99441160381315,159,True,False,True,False,success,0.42246225476264954,,,ou_noise,0,860528,855529,427764,37.12431203494282,-14.73321856728083,,,
2636,2635,,,169.2735568275771,126,True,False,True,False,success,0.47689157724380493,,,ou_noise,0,860654,855655,427827,33.832762703063,-14.867116489107646,,,
2637,2636,,,-217.75078745225716,617,False,True,True,False,collision,2.7735817432403564,,,ou_noise,0,861271,856272,428136,39.267526042326146,-14.433404604593912,,,
2638,2637,,,172.49039786239257,120,True,False,True,False,success,0.4795915484428406,,,ou_noise,0,861391,856392,428196,35.76390244960785,-14.842008272806803,,,
2639,2638,,,168.1398854272192,135,True,False,True,False,success,0.4231925308704376,,,ou_noise,0,861526,856527,428263,39.738791896678784,-14.473065959873484,,,
2640,2639,,,161.40507308475435,147,True,False,True,False,success,0.47556355595588684,,,ou_noise,0,861673,856674,428337,36.232020838731,-14.232325876081312,,,
2641,2640,,,-94.25127025499053,23,False,True,True,False,collision,9.107704162597656,,,ou_noise,0,861696,856697,428348,34.963222171949305,-15.667010220614346,,,
2642,2641,,,154.78362762165392,164,True,False,True,False,success,0.472476065158844,,,ou_noise,0,861860,856861,428430,36.10997631491684,-14.425518646472838,,,
2643,2642,,,161.73701476833014,142,True,False,True,False,success,0.4662826657295227,,,ou_noise,0,862002,857003,428501,41.316112679494935,-14.13682229753951,,,
2644,2643,,,164.38287040577939,145,True,False,True,False,success,0.4475127160549164,,,ou_noise,0,862147,857148,428574,29.379477625879748,-14.666104630248187,,,
2645,2644,,,171.4181397801044,120,True,False,True,False,success,0.49130484461784363,,,ou_noise,0,862267,857268,428634,39.4910008430481,-13.916558424631754,,,
2646,2645,,,171.3150983964601,125,True,False,True,False,success,0.47305116057395935,,,ou_noise,0,862392,857393,428696,35.533515060424804,-14.06685947602795,,,
2647,2646,,,119.36563870614796,336,True,False,True,False,success,0.46122774481773376,,,ou_noise,0,862728,857729,428864,35.743622521559395,-14.316904692422776,,,
2648,2647,,,170.99608708767312,128,True,False,True,False,success,0.471691370010376,,,ou_noise,0,862856,857857,428928,33.079008996486664,-14.222242027521133,,,
2649,2648,,,164.88782223762433,138,True,False,True,False,success,0.4274272322654724,,,ou_noise,0,862994,857995,428997,43.96333668888479,-14.091413359711135,,,
2650,2649,,,170.10002769056763,132,True,False,True,False,success,0.47685158252716064,,,ou_noise,0,863126,858127,429063,33.7874352498488,-14.624843337319113,,,
2651,2650,,,156.93533273376497,146,True,False,True,False,success,0.4806131422519684,,,ou_noise,0,863272,858273,429136,41.063632181245985,-14.178900176531648,,,
2652,2651,,,158.1171054081877,152,True,False,True,False,success,0.4320855438709259,,,ou_noise,0,863424,858425,429212,36.9572616815567,-14.636308870817485,,,
2653,2652,,,161.2841395459877,150,True,False,True,False,success,0.4157819151878357,,,ou_noise,0,863574,858575,429287,36.47282616297404,-14.242184937795002,,,
2654,2653,,,-277.5261682787316,1000,False,False,False,True,cutoff,8.498934745788574,,,ou_noise,0,864574,859575,429787,37.67278205013275,-14.377165373802185,,,
2655,2654,,,171.1140195348879,122,True,False,True,False,success,0.47565144300460815,,,ou_noise,0,864696,859697,429848,48.819579257339726,-14.79094949315806,,,
2656,2655,,,170.24817619976173,126,True,False,True,False,success,0.4888351559638977,,,ou_noise,0,864822,859823,429911,42.6433293554518,-14.46452768265255,,,
2657,2656,,,160.4290373546454,142,True,False,True,False,success,0.4666597247123718,,,ou_noise,0,864964,859965,429982,38.43079606580063,-14.274037602921608,,,
2658,2657,,,151.64704222733135,169,True,False,True,False,success,0.4500995874404907,,,ou_noise,0,865133,860134,430067,34.569359000617936,-14.724470138549805,,,
2659,2658,,,170.65121697606588,124,True,False,True,False,success,0.4639070928096771,,,ou_noise,0,865257,860258,430129,43.75704653032364,-14.14429489258797,,,
2660,2659,,,170.4455799825663,126,True,False,True,False,success,0.45370036363601685,,,ou_noise,0,865383,860384,430192,38.49821452488975,-14.663624808901833,,,
2661,2660,,,171.5174307977632,118,True,False,True,False,success,0.42930957674980164,,,ou_noise,0,865501,860502,430251,39.72927885540461,-14.540685362735037,,,
2662,2661,,,169.98452987580623,124,True,False,True,False,success,0.42477479577064514,,,ou_noise,0,865625,860626,430313,41.62194839600594,-13.99116454585906,,,
2663,2662,,,164.87524148103284,143,True,False,True,False,success,0.47854891419410706,,,ou_noise,0,865768,860769,430384,29.128108064611475,-14.185728274600606,,,
2664,2663,,,169.77110432347462,126,True,False,True,False,success,0.483148455619812,,,ou_noise,0,865894,860895,430447,34.85962107068016,-14.825781587570432,,,
2665,2664,,,165.4817670857705,132,True,False,True,False,success,0.47799181938171387,,,ou_noise,0,866026,861027,430513,38.23841644778396,-14.182910760243734,,,
2666,2665,,,169.81318987081227,127,True,False,True,False,success,0.4136674404144287,,,ou_noise,0,866153,861154,430577,38.56871213687686,-14.068906664848328,,,
2667,2666,,,-261.3808614673295,1000,False,False,False,True,cutoff,3.3711483478546143,,,ou_noise,0,867153,862154,431077,39.34511652851105,-14.403808279037476,,,
2668,2667,,,156.47219238796538,178,True,False,True,False,success,0.4949050545692444,,,ou_noise,0,867331,862332,431166,37.38593311524123,-14.270360084062212,,,
2669,2668,,,174.42627776981664,112,True,False,True,False,success,0.47832629084587097,,,ou_noise,0,867443,862444,431222,35.73269989660808,-14.0315192426954,,,
2670,2669,,,161.82080258407404,144,True,False,True,False,success,0.49813416600227356,,,ou_noise,0,867587,862588,431294,38.683960907989075,-14.343357165654501,,,
2671,2670,,,161.73237999168876,145,True,False,True,False,success,0.48616042733192444,,,ou_noise,0,867732,862733,431366,41.49851466869486,-14.547419455316332,,,
2672,2671,,,165.80540511794726,132,True,False,True,False,success,0.44578099250793457,,,ou_noise,0,867864,862865,431432,38.70456741072915,-14.090686509103486,,,
2673,2672,,,169.411824319752,130,True,False,True,False,success,0.42386406660079956,,,ou_noise,0,867994,862995,431497,37.29105339783889,-14.068936245258039,,,
2674,2673,,,145.6157389536588,187,True,False,True,False,success,0.49694764614105225,,,ou_noise,0,868181,863182,431591,33.99820926992651,-14.372133001368097,,,
2675,2674,,,154.47793762801106,150,True,False,True,False,success,0.45233479142189026,,,ou_noise,0,868331,863332,431666,34.30311000823975,-13.156255772908528,,,
2676,2675,,,169.38670163360055,124,True,False,True,False,success,0.4944859445095062,,,ou_noise,0,868455,863456,431728,34.778864406770275,-14.0521500033717,,,
2677,2676,,,152.59692945536364,170,True,False,True,False,success,0.4730187952518463,,,ou_noise,0,868625,863626,431813,32.1796768693363,-14.036270545510686,,,
2678,2677,,,156.46789308375824,155,True,False,True,False,success,0.4868175983428955,,,ou_noise,0,868780,863781,431890,36.70510229910574,-14.1702387178099,,,
2679,2678,,,168.5789558523984,128,True,False,True,False,success,0.4803761839866638,,,ou_noise,0,868908,863909,431954,42.277795396745205,-13.56026704609394,,,
2680,2679,,,165.84579189317895,139,True,False,True,False,success,0.4841938018798828,,,ou_noise,0,869047,864048,432024,35.54107279743222,-13.678419126783098,,,
2681,2680,,,-318.1012734602489,1000,False,False,False,True,cutoff,8.358586311340332,,,ou_noise,0,870047,865048,432524,35.27312669849396,-14.598049418449403,,,
2682,2681,,,171.81454458917048,123,True,False,True,False,success,0.47411125898361206,,,ou_noise,0,870170,865171,432585,39.46260506544656,-14.761161569689142,,,
2683,2682,,,164.67262847509733,137,True,False,True,False,success,0.44867098331451416,,,ou_noise,0,870307,865308,432654,41.186762802792295,-14.261148618615191,,,
2684,2683,,,164.40398625191938,140,True,False,True,False,success,0.4167998433113098,,,ou_noise,0,870447,865448,432724,39.09465879712786,-13.619688851492745,,,
2685,2684,,,169.50729954486786,128,True,False,True,False,success,0.4481777250766754,,,ou_noise,0,870575,865576,432788,40.03783220052719,-13.981742769479752,,,
2686,2685,,,168.5735503618992,129,True,False,True,False,success,0.49239787459373474,,,ou_noise,0,870704,865705,432852,38.342788918073786,-14.556067690253258,,,
2687,2686,,,168.26626416278344,132,True,False,True,False,success,0.4870762228965759,,,ou_noise,0,870836,865837,432918,40.79670398885553,-14.343549858440053,,,
2688,2687,,,162.7620695958453,141,True,False,True,False,success,0.43646231293678284,,,ou_noise,0,870977,865978,432989,34.58613556665732,-13.585186891152825,,,
2689,2688,,,167.97206833143818,135,True,False,True,False,success,0.4285983145236969,,,ou_noise,0,871112,866113,433056,37.24703749903926,-14.094471803352015,,,
2690,2689,,,154.18539726172554,163,True,False,True,False,success,0.483563095331192,,,ou_noise,0,871275,866276,433138,30.181034626404934,-13.636485611520163,,,
2691,2690,,,170.13821448926183,128,True,False,True,False,success,0.46565404534339905,,,ou_noise,0,871403,866404,433202,35.65114786475897,-14.297353386878967,,,
2692,2691,,,168.88376023378336,138,True,False,True,False,success,0.40382224321365356,,,ou_noise,0,871541,866542,433271,37.50337106594141,-13.949168115422346,,,
2693,2692,,,171.36074506559993,124,True,False,True,False,success,0.43017369508743286,,,ou_noise,0,871665,866666,433333,41.25500902052848,-13.963683543666717,,,
2694,2693,,,169.39752832128949,126,True,False,True,False,success,0.4466545283794403,,,ou_noise,0,871791,866792,433396,37.11061925736685,-14.371438117254348,,,
2695,2694,,,156.51068783884077,156,True,False,True,False,success,0.49376749992370605,,,ou_noise,0,871947,866948,433474,35.53587738672892,-14.146480438036797,,,
2696,2695,,,-294.868357433542,1000,False,False,False,True,cutoff,8.596470832824707,,,ou_noise,0,872947,867948,433974,36.2743061876297,-14.067746976852417,,,
2697,2696,,,168.33670674176548,136,True,False,True,False,success,0.45361337065696716,,,ou_noise,0,873083,868084,434042,36.076437199816986,-13.746341270558974,,,
2698,2697,,,172.480561920779,125,True,False,True,False,success,0.43309471011161804,,,ou_noise,0,873208,868209,434104,35.331423439025876,-13.749299710796725,,,
2699,2698,,,170.91691252848364,123,True,False,True,False,success,0.4515605568885803,,,ou_noise,0,873331,868332,434166,33.93745199839274,-14.840734558720742,,,
2700,2699,,,159.38300454001748,152,True,False,True,False,success,0.44160231947898865,,,ou_noise,0,873483,868484,434242,31.19806286535765,-13.995713924106798,,,
2701,2700,,,138.0527922777821,218,True,False,True,False,success,0.44830963015556335,,,ou_noise,0,873701,868702,434351,36.82393189089014,-13.907898666661813,,,
2702,2701,,,162.82070221878197,151,True,False,True,False,success,0.4754621386528015,,,ou_noise,0,873852,868853,434426,33.43084611955857,-13.803081569671631,,,
2703,2702,,,160.22784340210302,150,True,False,True,False,success,0.46916911005973816,,,ou_noise,0,874002,869003,434501,34.445541534423825,-13.77377529144287,,,
2704,2703,,,-93.76765922336784,222,False,True,True,False,collision,3.804497718811035,,,ou_noise,0,874224,869225,434612,36.02683350416991,-13.637492532128686,,,
2705,2704,,,157.23986610784928,159,True,False,True,False,success,0.4099966287612915,,,ou_noise,0,874383,869384,434692,39.28361218530427,-13.691314089298249,,,
2706,2705,,,162.63203396060698,159,True,False,True,False,success,0.4710642397403717,,,ou_noise,0,874542,869543,434771,35.56466955508826,-13.53554461273966,,,
2707,2706,,,-56.01350624069624,95,False,True,True,False,collision,3.3810999393463135,,,ou_noise,0,874637,869638,434819,44.604251389754445,-13.819511592388153,,,
2708,2707,,,160.2552263943221,149,True,False,True,False,success,0.46406981348991394,,,ou_noise,0,874786,869787,434893,32.66405389132916,-14.070471325436154,,,
2709,2708,,,171.59088651631686,121,True,False,True,False,success,0.4362964630126953,,,ou_noise,0,874907,869908,434954,30.666648068703896,-14.54241608791664,,,
2710,2709,,,159.8851251565856,153,True,False,True,False,success,0.49538877606391907,,,ou_noise,0,875060,870061,435030,38.468715399698496,-14.56145755868209,,,
2711,2710,,,169.4512320174403,124,True,False,True,False,success,0.47801870107650757,,,ou_noise,0,875184,870185,435092,36.89655204742186,-13.961955993406233,,,
2712,2711,,,169.70479194534363,131,True,False,True,False,success,0.46234986186027527,,,ou_noise,0,875315,870316,435158,40.378934554471314,-13.855452067924269,,,
2713,2712,,,101.12471548977469,408,True,False,True,False,success,0.49883684515953064,,,ou_noise,0,875723,870724,435362,36.408483154633466,-13.719755203116174,,,
2714,2713,,,159.21260796768004,150,True,False,True,False,success,0.466286838054657,,,ou_noise,0,875873,870874,435437,38.25378084182739,-14.282300974527995,,,
2715,2714,,,165.0596149786586,139,True,False,True,False,success,0.44910046458244324,,,ou_noise,0,876012,871013,435506,36.093131099673485,-13.805854935576951,,,
2716,2715,,,168.8030684260787,137,True,False,True,False,success,0.44982853531837463,,,ou_noise,0,876149,871150,435575,34.05745936484232,-14.405706474746482,,,
2717,2716,,,161.98525850828992,144,True,False,True,False,success,0.42096275091171265,,,ou_noise,0,876293,871294,435647,42.05751082632277,-13.546018163363138,,,
2718,2717,,,170.61182124582223,121,True,False,True,False,success,0.44822415709495544,,,ou_noise,0,876414,871415,435707,39.7960226358461,-13.749047406514485,,,
2719,2718,,,157.3145380427515,163,True,False,True,False,success,0.45470789074897766,,,ou_noise,0,876577,871578,435789,36.00375227547862,-13.801075086361024,,,
2720,2719,,,171.66957440096985,120,True,False,True,False,success,0.49763354659080505,,,ou_noise,0,876697,871698,435849,35.52021454970042,-13.55198720296224,,,
2721,2720,,,155.82215284970542,168,True,False,True,False,success,0.4806879758834839,,,ou_noise,0,876865,871866,435933,34.50463344937279,-14.180930557705107,,,
2722,2721,,,164.88070859462846,133,True,False,True,False,success,0.49786633253097534,,,ou_noise,0,876998,871999,435999,35.78344512165041,-13.919846057891846,,,
2723,2722,,,159.53683671875208,153,True,False,True,False,success,0.4615233838558197,,,ou_noise,0,877151,872152,436076,30.519472926270726,-13.815906165482161,,,
2724,2723,,,12.747958511914518,570,True,False,True,False,success,0.47263187170028687,,,ou_noise,0,877721,872722,436361,42.05303504006905,-13.942541219477068,,,
2725,2724,,,169.91996885205054,128,True,False,True,False,success,0.479898065328598,,,ou_noise,0,877849,872850,436425,30.10865741968155,-13.760931178927422,,,
2726,2725,,,115.51077068902262,323,True,False,True,False,success,0.48888373374938965,,,ou_noise,0,878172,873173,436586,41.174917545850064,-13.890494639829079,,,
2727,2726,,,161.7148479288797,144,True,False,True,False,success,0.4475407898426056,,,ou_noise,0,878316,873317,436658,34.52018596728643,-13.706426388687557,,,
2728,2727,,,160.93068129786718,151,True,False,True,False,success,0.41741618514060974,,,ou_noise,0,878467,873468,436734,46.289855123355686,-13.878188785753752,,,
2729,2728,,,151.4919060097938,174,True,False,True,False,success,0.4311022162437439,,,ou_noise,0,878641,873642,436821,33.785614419257506,-13.877426224193353,,,
2730,2729,,,162.1091956170397,147,True,False,True,False,success,0.4673609137535095,,,ou_noise,0,878788,873789,436894,36.60848262683064,-13.42071577620833,,,
2731,2730,,,164.8151975866151,141,True,False,True,False,success,0.4642893970012665,,,ou_noise,0,878929,873930,436965,34.46282971158941,-13.58085515465535,,,
2732,2731,,,157.99946598002816,153,True,False,True,False,success,0.49951404333114624,,,ou_noise,0,879082,874083,437041,36.3988172493729,-13.862734367972926,,,
2733,2732,,,169.3642475300977,126,True,False,True,False,success,0.4713178873062134,,,ou_noise,0,879208,874209,437104,41.922530038016184,-13.414102130466038,,,
2734,2733,,,168.42265313847537,130,True,False,True,False,success,0.44457772374153137,,,ou_noise,0,879338,874339,437169,43.181198362203745,-13.729484565441425,,,
2735,2734,,,-217.32862756063886,1000,False,False,False,True,cutoff,6.249779224395752,,,ou_noise,0,880338,875339,437669,36.05072880744934,-13.693421062469483,,,
2736,2735,,,79.94079832030049,426,True,False,True,False,success,0.4152281582355499,,,ou_noise,0,880764,875765,437882,37.662471809297664,-13.497935554790944,,,
2737,2736,,,163.26474003272654,142,True,False,True,False,success,0.40867364406585693,,,ou_noise,0,880906,875907,437953,36.46747172718317,-13.24425881345507,,,
2738,2737,,,169.10452138357607,124,True,False,True,False,success,0.4399242103099823,,,ou_noise,0,881030,876031,438015,39.588082305846676,-14.06315642018472,,,
2739,2738,,,161.90565220785948,144,True,False,True,False,success,0.45813602209091187,,,ou_noise,0,881174,876175,438087,43.309815135267044,-13.508998731772104,,,
2740,2739,,,158.29290638184753,156,True,False,True,False,success,0.41705742478370667,,,ou_noise,0,881330,876331,438165,38.388992541875595,-13.55486536026001,,,
2741,2740,,,169.71090794956842,124,True,False,True,False,success,0.47744131088256836,,,ou_noise,0,881454,876455,438227,43.45646655944086,-13.167356537234399,,,
2742,2741,,,-108.62354194760978,41,False,True,True,False,collision,8.905200958251953,,,ou_noise,0,881495,876496,438248,62.428397946241425,-13.318496386210123,,,
2743,2742,,,165.9620931922279,139,True,False,True,False,success,0.4850439429283142,,,ou_noise,0,881634,876635,438317,36.220832653182875,-13.572913778000984,,,
2744,2743,,,162.4122734033798,143,True,False,True,False,success,0.4423660933971405,,,ou_noise,0,881777,876778,438389,36.60011722991516,-13.626097367869484,,,
2745,2744,,,169.6082209844261,132,True,False,True,False,success,0.455973744392395,,,ou_noise,0,881909,876910,438455,39.47096719886317,-13.787099426442927,,,
2746,2745,,,157.59676113399067,164,True,False,True,False,success,0.44307538866996765,,,ou_noise,0,882073,877074,438537,34.94453469136866,-13.493161573642638,,,
2747,2746,,,171.50731691458745,124,True,False,True,False,success,0.45510125160217285,,,ou_noise,0,882197,877198,438599,38.14302012228197,-13.199563118719286,,,
2748,2747,,,-89.3078614782345,203,False,True,True,False,collision,3.8859124183654785,,,ou_noise,0,882400,877401,438700,40.245265237216294,-13.939015029680611,,,
2749,2748,,,169.71989257091022,125,True,False,True,False,success,0.4711868464946747,,,ou_noise,0,882525,877526,438763,33.031982223510745,-13.505641732897077,,,
2750,2749,,,158.44331271089828,153,True,False,True,False,success,0.4576687216758728,,,ou_noise,0,882678,877679,438839,32.81985453686683,-14.447246181337457,,,
2751,2750,,,166.15537940988642,134,True,False,True,False,success,0.4224427342414856,,,ou_noise,0,882812,877813,438906,37.81026312842298,-13.290930534476665,,,
2752,2751,,,153.84092540304525,170,True,False,True,False,success,0.4538339674472809,,,ou_noise,0,882982,877983,438991,38.370782661437985,-14.127916762408088,,,
2753,2752,,,170.31440004177693,125,True,False,True,False,success,0.49241459369659424,,,ou_noise,0,883107,878108,439054,37.866436882019045,-14.036801141405862,,,
2754,2753,,,168.66068673640706,129,True,False,True,False,success,0.46225306391716003,,,ou_noise,0,883236,878237,439118,35.16074259706246,-13.791779354214668,,,
2755,2754,,,166.88971687863108,130,True,False,True,False,success,0.475281685590744,,,ou_noise,0,883366,878367,439183,38.80184180919941,-13.602470500652606,,,
2756,2755,,,163.08114501912763,148,True,False,True,False,success,0.4630815088748932,,,ou_noise,0,883514,878515,439257,39.95460844684292,-13.839022803950954,,,
2757,2756,,,168.61211203514512,130,True,False,True,False,success,0.48846620321273804,,,ou_noise,0,883644,878645,439322,38.89141753270076,-13.558523097405066,,,
2758,2757,,,159.22751546805893,147,True,False,True,False,success,0.48843735456466675,,,ou_noise,0,883791,878792,439396,39.3146729890992,-13.943806003879857,,,
2759,2758,,,-61.302619582704544,144,False,True,True,False,collision,2.7508327960968018,,,ou_noise,0,883935,878936,439468,35.97845313946406,-14.496762169731987,,,
2760,2759,,,173.1530672602484,115,True,False,True,False,success,0.45391225814819336,,,ou_noise,0,884050,879051,439525,38.4888379138449,-14.079495798077499,,,
2761,2760,,,166.7386764886179,139,True,False,True,False,success,0.4983336925506592,,,ou_noise,0,884189,879190,439595,31.651516502709697,-13.586100196838379,,,
2762,2761,,,171.39569906036462,118,True,False,True,False,success,0.45015856623649597,,,ou_noise,0,884307,879308,439654,35.87834527937032,-14.353869341187558,,,
2763,2762,,,158.59075579744865,158,True,False,True,False,success,0.4213089048862457,,,ou_noise,0,884465,879466,439733,43.39826796326456,-13.69201171247265,,,
2764,2763,,,158.42741918189944,151,True,False,True,False,success,0.4628540277481079,,,ou_noise,0,884616,879617,439808,41.027673127635424,-14.079806137084962,,,
2765,2764,,,169.24633949368382,133,True,False,True,False,success,0.4290628731250763,,,ou_noise,0,884749,879750,439875,31.63417132815024,-13.323847884562477,,,
2766,2765,,,-65.39403592469559,119,False,True,True,False,collision,3.6442935466766357,,,ou_noise,0,884868,879869,439934,26.389523249714316,-13.981062533491748,,,
2767,2766,,,168.92678618540265,130,True,False,True,False,success,0.49728018045425415,,,ou_noise,0,884998,879999,439999,38.506546930166394,-14.110966887840858,,,
2768,2767,,,156.41247649167036,165,True,False,True,False,success,0.4262622892856598,,,ou_noise,0,885163,880164,440082,34.44926494829583,-14.046412594347116,,,
2769,2768,,,171.94921167687795,116,True,False,True,False,success,0.47611838579177856,,,ou_noise,0,885279,880280,440140,39.7706011903697,-14.171458416971667,,,
2770,2769,,,168.12757935146936,136,True,False,True,False,success,0.4599856734275818,,,ou_noise,0,885415,880416,440208,37.38053107261658,-14.247049429837395,,,
2771,2770,,,170.19989558873178,121,True,False,True,False,success,0.4704354703426361,,,ou_noise,0,885536,880537,440268,41.25857030852767,-14.764072116216024,,,
2772,2771,,,155.43490448265374,159,True,False,True,False,success,0.45496776700019836,,,ou_noise,0,885695,880696,440348,37.62201156856129,-14.259716153144836,,,
2773,2772,,,158.61487298809334,157,True,False,True,False,success,0.4206027686595917,,,ou_noise,0,885852,880853,440426,42.85679951443034,-13.703916433529976,,,
2774,2773,,,170.00681962404136,128,True,False,True,False,success,0.4884986877441406,,,ou_noise,0,885980,880981,440490,53.38034833967686,-14.147983312606812,,,
2775,2774,,,159.77970054242996,150,True,False,True,False,success,0.4336925148963928,,,ou_noise,0,886130,881131,440565,39.52647040685018,-14.240932846069336,,,
2776,2775,,,167.5423782580518,126,True,False,True,False,success,0.4592806100845337,,,ou_noise,0,886256,881257,440628,45.833980969020296,-13.965720873030405,,,
2777,2776,,,164.83042629601857,148,True,False,True,False,success,0.46195343136787415,,,ou_noise,0,886404,881405,440702,45.13793105692477,-14.05133850510056,,,
2778,2777,,,157.0416365582028,172,True,False,True,False,success,0.42673954367637634,,,ou_noise,0,886576,881577,440788,39.91189244736073,-13.991398855697277,,,
2779,2778,,,141.32770149400613,214,True,False,True,False,success,0.4689747095108032,,,ou_noise,0,886790,881791,440895,37.05071508104556,-14.667981129940426,,,
2780,2779,,,171.25135283265973,123,True,False,True,False,success,0.4728018045425415,,,ou_noise,0,886913,881914,440957,37.75910633366282,-14.045210822936028,,,
2781,2780,,,161.93424880159557,147,True,False,True,False,success,0.46762919425964355,,,ou_noise,0,887060,882061,441030,37.19616838701728,-14.062688187377093,,,
2782,2781,,,168.57252059470443,131,True,False,True,False,success,0.4727845788002014,,,ou_noise,0,887191,882192,441096,34.36628585553351,-13.750545140468713,,,
2783,2782,,,171.25401677791982,124,True,False,True,False,success,0.4702417254447937,,,ou_noise,0,887315,882316,441158,33.25878752431562,-14.146081447601318,,,
2784,2783,,,159.19431299836353,163,True,False,True,False,success,0.4071265161037445,,,ou_noise,0,887478,882479,441239,33.781051875623454,-14.646644415678802,,,
2785,2784,,,168.8641392694245,133,True,False,True,False,success,0.44812431931495667,,,ou_noise,0,887611,882612,441306,35.49105343065764,-13.819033352296744,,,
2786,2785,,,170.34863796834486,124,True,False,True,False,success,0.4317532777786255,,,ou_noise,0,887735,882736,441368,46.82680296897888,-14.408732537300356,,,
2787,2786,,,173.5394174496857,113,True,False,True,False,success,0.41406282782554626,,,ou_noise,0,887848,882849,441424,46.56539161648371,-14.883768166814532,,,
2788,2787,,,165.40772642198118,131,True,False,True,False,success,0.47216349840164185,,,ou_noise,0,887979,882980,441490,33.29805421465226,-13.516536178010883,,,
2789,2788,,,169.59807927139852,127,True,False,True,False,success,0.44193893671035767,,,ou_noise,0,888106,883107,441553,39.533864584494765,-14.228137530977763,,,
2790,2789,,,156.27526402313433,155,True,False,True,False,success,0.48741599917411804,,,ou_noise,0,888261,883262,441631,40.268546584344676,-13.74902248993898,,,
2791,2790,,,168.75280719284217,132,True,False,True,False,success,0.4574015736579895,,,ou_noise,0,888393,883394,441697,34.51580745523626,-14.58526189399488,,,
2792,2791,,,170.05096457791495,130,True,False,True,False,success,0.48367029428482056,,,ou_noise,0,888523,883524,441762,39.992012544778675,-14.033966079125037,,,
2793,2792,,,172.3784492725417,124,True,False,True,False,success,0.4070219099521637,,,ou_noise,0,888647,883648,441824,35.91095639813331,-13.686411157731087,,,
2794,2793,,,161.34791617302656,141,True,False,True,False,success,0.44760239124298096,,,ou_noise,0,888788,883789,441894,38.94274571601381,-14.352368559156146,,,
2795,2794,,,162.17149739333752,145,True,False,True,False,success,0.48069924116134644,,,ou_noise,0,888933,883934,441967,37.203688207165946,-14.21511693196754,,,
2796,2795,,,168.95658325626704,130,True,False,True,False,success,0.4750688374042511,,,ou_noise,0,889063,884064,442032,32.9181627713717,-14.501837576352633,,,
2797,2796,,,136.85670278787586,233,True,False,True,False,success,0.40643641352653503,,,ou_noise,0,889296,884297,442148,37.021476103000886,-14.56861200414855,,,
2798,2797,,,172.7708783802767,118,True,False,True,False,success,0.4515622556209564,,,ou_noise,0,889414,884415,442207,31.354715015928623,-15.055053694773529,,,
2799,2798,,,-143.97154431087026,426,False,True,True,False,collision,4.4069366455078125,,,ou_noise,0,889840,884841,442420,38.938560324655455,-14.78618225133475,,,
2800,2799,,,168.8916030155929,132,True,False,True,False,success,0.4380022883415222,,,ou_noise,0,889972,884973,442486,44.51462555654121,-14.287085749886252,,,
2801,2800,,,170.82676240260406,118,True,False,True,False,success,0.4622475206851959,,,ou_noise,0,890090,885091,442545,40.39404777753151,-13.987483582254184,,,
2802,2801,,,171.30310228203672,124,True,False,True,False,success,0.4678577482700348,,,ou_noise,0,890214,885215,442607,36.02601062097857,-14.05994027660739,,,
2803,2802,,,158.60373777961232,157,True,False,True,False,success,0.41425231099128723,,,ou_noise,0,890371,885372,442686,34.227716427699775,-14.627487725849393,,,
2804,2803,,,169.7694517865723,124,True,False,True,False,success,0.4307740330696106,,,ou_noise,0,890495,885496,442748,38.343522825548725,-14.598529077345326,,,
2805,2804,,,168.39469867250796,137,True,False,True,False,success,0.43498241901397705,,,ou_noise,0,890632,885633,442816,36.35249893856745,-14.2826227721046,,,
2806,2805,,,128.49825595586725,245,True,False,True,False,success,0.4690774381160736,,,ou_noise,0,890877,885878,442939,36.62603470160037,-14.508110244099687,,,
2807,2806,,,170.59966159805896,123,True,False,True,False,success,0.43501102924346924,,,ou_noise,0,891000,886001,443000,39.1396867938158,-14.374773228754762,,,
2808,2807,,,172.91785731125591,115,True,False,True,False,success,0.43703126907348633,,,ou_noise,0,891115,886116,443058,41.94200998389203,-14.569214763312504,,,
2809,2808,,,154.8131129806023,161,True,False,True,False,success,0.45932307839393616,,,ou_noise,0,891276,886277,443138,35.25284858964245,-14.361812847852708,,,
2810,2809,,,169.795662044285,127,True,False,True,False,success,0.4479046165943146,,,ou_noise,0,891403,886404,443202,42.25206188892755,-14.9467938169837,,,
2811,2810,,,173.45823770308417,116,True,False,True,False,success,0.41107502579689026,,,ou_noise,0,891519,886520,443260,39.526435062803074,-14.777946472167969,,,
2812,2811,,,-253.08301829709077,1000,False,False,False,True,cutoff,8.418737411499023,,,ou_noise,0,892519,887520,443760,39.32186569404602,-14.76747298336029,,,
2813,2812,,,-94.123145480059,119,False,True,True,False,collision,6.631622314453125,,,ou_noise,0,892638,887639,443819,39.12903403434433,-14.625779200408418,,,
2814,2813,,,167.27424595991548,137,True,False,True,False,success,0.4672775864601135,,,ou_noise,0,892775,887776,443888,46.74856643955203,-14.858212498651035,,,
2815,2814,,,163.3499905893812,139,True,False,True,False,success,0.43598321080207825,,,ou_noise,0,892914,887915,443957,38.9473661107125,-14.598097165425619,,,
2816,2815,,,157.06687979122052,162,True,False,True,False,success,0.4446852207183838,,,ou_noise,0,893076,888077,444038,34.21113675906334,-14.549268545927825,,,
2817,2816,,,161.70012850806506,147,True,False,True,False,success,0.45817962288856506,,,ou_noise,0,893223,888224,444112,38.17495591299875,-14.843988173716777,,,
2818,2817,,,172.93816120407374,120,True,False,True,False,success,0.447721004486084,,,ou_noise,0,893343,888344,444172,35.63018623193105,-14.897811953226725,,,
2819,2818,,,172.03722431793145,121,True,False,True,False,success,0.4303196966648102,,,ou_noise,0,893464,888465,444232,46.183307545244205,-14.128170951207478,,,
2820,2819,,,170.01642541956437,127,True,False,True,False,success,0.4096410572528839,,,ou_noise,0,893591,888592,444296,35.512343496788205,-14.93741662800312,,,
2821,2820,,,163.49511739755724,143,True,False,True,False,success,0.4067828059196472,,,ou_noise,0,893734,888735,444367,35.544720449647706,-14.449089654734436,,,
2822,2821,,,172.3264512379408,119,True,False,True,False,success,0.48925718665122986,,,ou_noise,0,893853,888854,444427,36.10330980765719,-14.656605307261149,,,
2823,2822,,,167.33786985960012,130,True,False,True,False,success,0.4303463101387024,,,ou_noise,0,893983,888984,444492,36.69455036016611,-14.78743930229774,,,
2824,2823,,,170.53031245837167,123,True,False,True,False,success,0.4365268647670746,,,ou_noise,0,894106,889107,444553,44.6204988975835,-14.607890465220468,,,
2825,2824,,,160.71047554771255,146,True,False,True,False,success,0.4582892060279846,,,ou_noise,0,894252,889253,444626,36.78012951106241,-14.791696718294327,,,
2826,2825,,,162.36159424299697,139,True,False,True,False,success,0.4382254481315613,,,ou_noise,0,894391,889392,444696,34.874146386016186,-14.774453926086426,,,
2827,2826,,,133.12152207094215,257,True,False,True,False,success,0.4669429659843445,,,ou_noise,0,894648,889649,444824,34.98935656417669,-14.94907572120428,,,
2828,2827,,,-218.00727711136682,1000,False,False,False,True,cutoff,3.6895592212677,,,ou_noise,0,895648,890649,445324,37.15994106388092,-14.935307884216309,,,
2829,2828,,,170.5918904179312,130,True,False,True,False,success,0.4780207872390747,,,ou_noise,0,895778,890779,445389,32.52085020358746,-14.332112004206731,,,
2830,2829,,,171.56916368542878,127,True,False,True,False,success,0.41477712988853455,,,ou_noise,0,895905,890906,445453,40.6185446836817,-14.793706580996513,,,
2831,2830,,,157.79456628487947,158,True,False,True,False,success,0.46836161613464355,,,ou_noise,0,896063,891064,445532,35.71266555786133,-15.384277874910378,,,
2832,2831,,,-220.25373091676278,1000,False,False,False,True,cutoff,4.342317581176758,,,ou_noise,0,897063,892064,446032,37.33193778800965,-14.602323547363282,,,
2833,2832,,,172.08397622053954,122,True,False,True,False,success,0.4869990646839142,,,ou_noise,0,897185,892186,446093,33.004692429401835,-14.70912458857552,,,
2834,2833,,,167.49338204594181,138,True,False,True,False,success,0.4924139976501465,,,ou_noise,0,897323,892324,446162,37.12691439061925,-14.440233873284381,,,
2835,2834,,,158.79839700463054,155,True,False,True,False,success,0.4755284786224365,,,ou_noise,0,897478,892479,446239,39.047575304585116,-14.912157207340389,,,
2836,2835,,,173.90780489413697,116,True,False,True,False,success,0.4692990481853485,,,ou_noise,0,897594,892595,446297,41.91015046218346,-14.868664757958774,,,
2837,2836,,,167.18996580109734,133,True,False,True,False,success,0.48368802666664124,,,ou_noise,0,897727,892728,446364,35.63027474396211,-14.373770073278626,,,
2838,2837,,,168.3696253180628,135,True,False,True,False,success,0.4695838689804077,,,ou_noise,0,897862,892863,446431,40.52787788532398,-15.102442527884868,,,
2839,2838,,,155.77395567460363,150,True,False,True,False,success,0.4484626352787018,,,ou_noise,0,898012,893013,446506,39.001724802652994,-14.641884498596191,,,
2840,2839,,,171.85811955312235,117,True,False,True,False,success,0.48088330030441284,,,ou_noise,0,898129,893130,446565,36.4357869482448,-15.135756185499288,,,
2841,2840,,,169.53221083062948,124,True,False,True,False,success,0.47788873314857483,,,ou_noise,0,898253,893254,446627,37.190239814019975,-14.80291800345144,,,
2842,2841,,,172.76712241777673,118,True,False,True,False,success,0.45165878534317017,,,ou_noise,0,898371,893372,446686,29.032834384400967,-15.116996425693317,,,
2843,2842,,,165.68469927222202,132,True,False,True,False,success,0.46121442317962646,,,ou_noise,0,898503,893504,446752,31.46921333399686,-14.806119254141143,,,
2844,2843,,,170.45710940819208,126,True,False,True,False,success,0.4350752830505371,,,ou_noise,0,898629,893630,446815,41.57013666062128,-14.762892458173964,,,
2845,2844,,,167.22470350168697,133,True,False,True,False,success,0.4687068462371826,,,ou_noise,0,898762,893763,446881,30.27374443972021,-14.85659209164706,,,
2846,2845,,,162.43153593059898,141,True,False,True,False,success,0.48062965273857117,,,ou_noise,0,898903,893904,446952,36.11544358138497,-14.731724376409826,,,
2847,2846,,,157.72776259021623,157,True,False,True,False,success,0.48062634468078613,,,ou_noise,0,899060,894061,447030,31.893998868905815,-14.69424301538712,,,
2848,2847,,,-243.48897087852447,1000,False,False,False,True,cutoff,3.4044623374938965,,,ou_noise,0,900060,895061,447530,35.321750202178954,-14.809367734909058,,,
2849,2848,,,170.4166008996459,122,True,False,True,False,success,0.4977509379386902,,,ou_noise,0,900182,895183,447591,35.84024899123145,-15.0133080716993,,,
2850,2849,,,160.8696201985233,144,True,False,True,False,success,0.4532236158847809,,,ou_noise,0,900326,895327,447663,36.62894093990326,-15.11797547340393,,,
2851,2850,,,173.16547782582245,123,True,False,True,False,success,0.4377971887588501,,,ou_noise,0,900449,895450,447725,33.87140458579955,-15.015835192895704,,,
2852,2851,,,173.05826220711037,117,True,False,True,False,success,0.44167086482048035,,,ou_noise,0,900566,895567,447783,39.66783904214191,-14.63690577704331,,,
2853,2852,,,173.22577040524328,116,True,False,True,False,success,0.4309013783931732,,,ou_noise,0,900682,895683,447841,37.08570862638539,-14.334439252984934,,,
2854,2853,,,162.53199297952816,161,True,False,True,False,success,0.47979703545570374,,,ou_noise,0,900843,895844,447922,29.68929087597391,-14.9852922934073,,,
2855,2854,,,173.44780670115506,118,True,False,True,False,success,0.4236425459384918,,,ou_noise,0,900961,895962,447981,32.44008175801422,-15.0959536099838,,,
2856,2855,,,132.52935399510775,251,True,False,True,False,success,0.43123552203178406,,,ou_noise,0,901212,896213,448106,42.15105923808429,-14.654900672912598,,,
2857,2856,,,171.43337005464113,124,True,False,True,False,success,0.48105567693710327,,,ou_noise,0,901336,896337,448168,38.14374259210402,-14.571787557294291,,,
2858,2857,,,145.04821040682663,179,True,False,True,False,success,0.4864473044872284,,,ou_noise,0,901515,896516,448258,38.09474624868212,-15.362962182362875,,,
2859,2858,,,158.68039159412058,152,True,False,True,False,success,0.4793238341808319,,,ou_noise,0,901667,896668,448334,34.460606706769845,-15.053131831319709,,,
2860,2859,,,174.349542133287,112,True,False,True,False,success,0.41376790404319763,,,ou_noise,0,901779,896780,448390,37.08728202751705,-15.298400929995946,,,
2861,2860,,,170.5177725172128,125,True,False,True,False,success,0.47616100311279297,,,ou_noise,0,901904,896905,448452,34.93420691680908,-14.689344067727365,,,
2862,2861,,,135.83829939755995,226,True,False,True,False,success,0.461547315120697,,,ou_noise,0,902130,897131,448565,38.6891291120411,-14.831471831397673,,,
2863,2862,,,173.60708041927103,113,True,False,True,False,success,0.46117931604385376,,,ou_noise,0,902243,897244,448622,44.153775476776396,-14.70012254882277,,,
2864,2863,,,154.0113823169435,157,True,False,True,False,success,0.46663275361061096,,,ou_noise,0,902400,897401,448700,33.67853865653846,-14.805562630677835,,,
2865,2864,,,170.41340796743793,126,True,False,True,False,success,0.4397454559803009,,,ou_noise,0,902526,897527,448763,32.506817136492046,-14.786059909396702,,,
2866,2865,,,106.71410109154627,385,True,False,True,False,success,0.47811612486839294,,,ou_noise,0,902911,897912,448956,35.535320343909326,-15.138075566662408,,,
2867,2866,,,157.9462651150579,146,True,False,True,False,success,0.4322320222854614,,,ou_noise,0,903057,898058,449029,33.03267901564298,-14.83619763099984,,,
2868,2867,,,-223.4536524131652,1000,False,False,False,True,cutoff,3.6140549182891846,,,ou_noise,0,904057,899058,449529,36.48714570331573,-14.997714235305786,,,
2869,2868,,,171.09687469288224,120,True,False,True,False,success,0.45272818207740784,,,ou_noise,0,904177,899178,449589,41.085144559542336,-14.806928324699403,,,
2870,2869,,,167.41575673378463,132,True,False,True,False,success,0.45493268966674805,,,ou_noise,0,904309,899310,449655,42.00042181304007,-14.07229742859349,,,
2871,2870,,,172.27000344352,123,True,False,True,False,success,0.4853893518447876,,,ou_noise,0,904432,899433,449716,35.17147920965179,-14.619206006409692,,,
2872,2871,,,165.74164519625563,127,True,False,True,False,success,0.4710903465747833,,,ou_noise,0,904559,899560,449780,27.024021741912122,-14.918906182050705,,,
2873,2872,,,159.8924994177586,143,True,False,True,False,success,0.4915067255496979,,,ou_noise,0,904702,899703,449851,42.047895144749354,-14.554481741408226,,,
2874,2873,,,163.85713415698854,134,True,False,True,False,success,0.48734167218208313,,,ou_noise,0,904836,899837,449918,31.42356170113407,-14.816775976721921,,,
2875,2874,,,167.4293882677349,138,True,False,True,False,success,0.47209635376930237,,,ou_noise,0,904974,899975,449987,41.81441166780997,-14.432680102362148,,,
2876,2875,,,166.7829009743702,133,True,False,True,False,success,0.4904150664806366,,,ou_noise,0,905107,900108,450054,40.65633265416425,-14.344991570088402,,,
2877,2876,,,162.94183225406172,139,True,False,True,False,success,0.4669216573238373,,,ou_noise,0,905246,900247,450123,34.725016285189625,-14.355925988459934,,,
2878,2877,,,160.4533410692526,152,True,False,True,False,success,0.45152437686920166,,,ou_noise,0,905398,900399,450199,33.104943112323156,-14.285824499632183,,,
2879,2878,,,170.54488410115673,123,True,False,True,False,success,0.4982495605945587,,,ou_noise,0,905521,900522,450261,33.245654943512704,-14.804758887137137,,,
2880,2879,,,141.62045040578647,196,True,False,True,False,success,0.40975067019462585,,,ou_noise,0,905717,900718,450359,35.75797984064842,-14.66692557626841,,,
2881,2880,,,172.74171291772035,118,True,False,True,False,success,0.4253387451171875,,,ou_noise,0,905835,900836,450418,40.79868319074986,-14.821992518538135,,,
2882,2881,,,170.01232589936077,136,True,False,True,False,success,0.48640066385269165,,,ou_noise,0,905971,900972,450486,37.06434761776644,-14.505293509539436,,,
2883,2882,,,159.67123144078911,148,True,False,True,False,success,0.49829670786857605,,,ou_noise,0,906119,901120,450560,38.96611773645556,-15.132909065968281,,,
2884,2883,,,158.53133734357644,154,True,False,True,False,success,0.4541521668434143,,,ou_noise,0,906273,901274,450637,37.40871311782242,-14.869239286942916,,,
2885,2884,,,170.40850362659984,127,True,False,True,False,success,0.4509389400482178,,,ou_noise,0,906400,901401,450700,29.287022470489262,-14.739219090295217,,,
2886,2885,,,161.28482498517684,146,True,False,True,False,success,0.4652109146118164,,,ou_noise,0,906546,901547,450773,30.31391916536305,-14.960425063355329,,,
2887,2886,,,163.8371803139445,140,True,False,True,False,success,0.4148486256599426,,,ou_noise,0,906686,901687,450843,37.08850714819772,-14.53394500187465,,,
2888,2887,,,163.34645369543423,148,True,False,True,False,success,0.4241553544998169,,,ou_noise,0,906834,901835,450917,37.43008513063998,-14.884629455772606,,,
2889,2888,,,171.70486400790747,119,True,False,True,False,success,0.4938308000564575,,,ou_noise,0,906953,901954,450977,38.11190442477955,-14.672518539428712,,,
2890,2889,,,172.7121947610192,119,True,False,True,False,success,0.4322112202644348,,,ou_noise,0,907072,902073,451036,32.56217593505603,-15.063878625126208,,,
2891,2890,,,159.93320415721857,148,True,False,True,False,success,0.4497852027416229,,,ou_noise,0,907220,902221,451110,37.73138979963354,-14.684926896481901,,,
2892,2891,,,159.84238488606366,152,True,False,True,False,success,0.4705863296985626,,,ou_noise,0,907372,902373,451186,39.2411757895821,-14.987896091059634,,,
2893,2892,,,154.29388966853867,159,True,False,True,False,success,0.49233654141426086,,,ou_noise,0,907531,902532,451266,29.421055175973184,-15.150537145137786,,,
2894,2893,,,169.16653832311,137,True,False,True,False,success,0.4236437976360321,,,ou_noise,0,907668,902669,451334,32.611219106799496,-14.506485020413118,,,
2895,2894,,,152.27531782835518,187,True,False,True,False,success,0.463326632976532,,,ou_noise,0,907855,902856,451428,41.48053529300792,-15.533571415759148,,,
2896,2895,,,169.71419752445792,123,True,False,True,False,success,0.45648136734962463,,,ou_noise,0,907978,902979,451489,29.31494622889573,-15.145076282688828,,,
2897,2896,,,169.97159715397174,126,True,False,True,False,success,0.4644675552845001,,,ou_noise,0,908104,903105,451552,36.9450048946199,-15.277577808925084,,,
2898,2897,,,159.92569558730747,169,True,False,True,False,success,0.40448006987571716,,,ou_noise,0,908273,903274,451637,43.14150366698497,-15.44880755929386,,,
2899,2898,,,156.52765633164947,168,True,False,True,False,success,0.4398422837257385,,,ou_noise,0,908441,903442,451721,31.838912101018998,-15.92096592131115,,,
2900,2899,,,161.6821849064488,136,True,False,True,False,success,0.43658560514450073,,,ou_noise,0,908577,903578,451789,36.23164365572088,-15.557272756800932,,,
2901,2900,,,173.13914958157062,121,True,False,True,False,success,0.45295700430870056,,,ou_noise,0,908698,903699,451849,37.20565012466809,-15.153997421264648,,,
2902,2901,,,97.57354563936939,379,True,False,True,False,success,0.4629204273223877,,,ou_noise,0,909077,904078,452039,36.456922375117884,-15.305250554335744,,,
2903,2902,,,157.7295606388335,150,True,False,True,False,success,0.481110543012619,,,ou_noise,0,909227,904228,452114,38.7148464457194,-15.480218760172527,,,
2904,2903,,,169.04556924858963,132,True,False,True,False,success,0.4848894476890564,,,ou_noise,0,909359,904360,452180,42.975846485658124,-15.26134779959014,,,
2905,2904,,,172.9975160172678,119,True,False,True,False,success,0.4435420334339142,,,ou_noise,0,909478,904479,452239,38.4581111218749,-15.716003838232009,,,
2906,2905,,,159.65600201031086,159,True,False,True,False,success,0.4097945988178253,,,ou_noise,0,909637,904638,452319,31.764914524630182,-15.265175437927246,,,
2907,2906,,,161.72289527646487,145,True,False,True,False,success,0.438557893037796,,,ou_noise,0,909782,904783,452391,34.5285765220379,-15.417279349433052,,,
2908,2907,,,156.2039257638457,169,True,False,True,False,success,0.4227672517299652,,,ou_noise,0,909951,904952,452476,33.20554330927381,-15.521266869937673,,,
2909,2908,,,167.83211234678316,137,True,False,True,False,success,0.4588997960090637,,,ou_noise,0,910088,905089,452544,30.84091724618508,-15.266810066559735,,,
2910,2909,,,154.7544470743039,169,True,False,True,False,success,0.46713781356811523,,,ou_noise,0,910257,905258,452629,38.77059477744018,-15.674975238126867,,,
2911,2910,,,55.78046581676193,645,True,False,True,False,success,0.4179869294166565,,,ou_noise,0,910902,905903,452951,36.071986690787384,-15.804640399743311,,,
2912,2911,,,160.7262569180676,162,True,False,True,False,success,0.4966411888599396,,,ou_noise,0,911064,906065,453032,37.026407830509136,-16.009737485720787,,,
2913,2912,,,172.36383574409388,119,True,False,True,False,success,0.48525527119636536,,,ou_noise,0,911183,906184,453092,28.30726703675855,-15.88765648206075,,,
2914,2913,,,170.00069562205655,126,True,False,True,False,success,0.4752404987812042,,,ou_noise,0,911309,906310,453155,32.05794715124463,-15.435399146307082,,,
2915,2914,,,-178.5466798684372,1000,False,False,False,True,cutoff,3.348193407058716,,,ou_noise,0,912309,907310,453655,33.42076944828033,-15.67520429611206,,,
2916,2915,,,171.74403347059163,122,True,False,True,False,success,0.4367375075817108,,,ou_noise,0,912431,907432,453716,35.462552516186825,-15.699372463538998,,,
2917,2916,,,169.9875020015598,128,True,False,True,False,success,0.47826147079467773,,,ou_noise,0,912559,907560,453780,38.135597571730614,-15.747009828686714,,,
2918,2917,,,162.68840030392872,142,True,False,True,False,success,0.4089149236679077,,,ou_noise,0,912701,907702,453851,31.702606261616022,-16.156947955279282,,,
2919,2918,,,166.94508250605395,137,True,False,True,False,success,0.4788424074649811,,,ou_noise,0,912838,907839,453919,32.05154403630834,-16.659836180069867,,,
2920,2919,,,162.56956019295828,142,True,False,True,False,success,0.45426422357559204,,,ou_noise,0,912980,907981,453990,28.350553660325602,-15.757825166406766,,,
2921,2920,,,162.55592446648865,140,True,False,True,False,success,0.4699859917163849,,,ou_noise,0,913120,908121,454060,35.77451719556536,-15.895669255937849,,,
2922,2921,,,170.2884814527841,127,True,False,True,False,success,0.4654165506362915,,,ou_noise,0,913247,908248,454124,39.34073699740913,-15.687734335660934,,,
2923,2922,,,160.18036625322455,136,True,False,True,False,success,0.4576399028301239,,,ou_noise,0,913383,908384,454192,37.38130506347208,-16.71511422886568,,,
2924,2923,,,159.1841606590682,141,True,False,True,False,success,0.4209671914577484,,,ou_noise,0,913524,908525,454262,40.13974997337828,-16.077330357687813,,,
2925,2924,,,174.95482456226335,112,True,False,True,False,success,0.4809226393699646,,,ou_noise,0,913636,908637,454318,31.209274496350968,-15.95412130015237,,,
2926,2925,,,173.0483522011015,118,True,False,True,False,success,0.4658065140247345,,,ou_noise,0,913754,908755,454377,29.607305639881197,-15.709139840077546,,,
2927,2926,,,170.0592906031913,127,True,False,True,False,success,0.49895912408828735,,,ou_noise,0,913881,908882,454441,29.709179292513628,-15.850189596414566,,,
2928,2927,,,55.811989158101404,473,True,False,True,False,success,0.4268549680709839,,,ou_noise,0,914354,909355,454677,35.80667373141073,-15.881610783479982,,,
2929,2928,,,160.11311133122481,153,True,False,True,False,success,0.4247879087924957,,,ou_noise,0,914507,909508,454754,39.78423364801345,-16.190439620575347,,,
2930,2929,,,159.56246622243168,151,True,False,True,False,success,0.45696985721588135,,,ou_noise,0,914658,909659,454829,33.38026994111522,-15.131323585510254,,,
2931,2930,,,172.5141044742923,122,True,False,True,False,success,0.44927817583084106,,,ou_noise,0,914780,909781,454890,31.993702552357657,-15.395987510681152,,,
2932,2931,,,161.72981893701737,142,True,False,True,False,success,0.44713717699050903,,,ou_noise,0,914922,909923,454961,35.39663037447862,-15.256728279758507,,,
2933,2932,,,158.14590836956776,156,True,False,True,False,success,0.4394817352294922,,,ou_noise,0,915078,910079,455039,31.5220097333957,-15.545089623866938,,,
2934,2933,,,171.15302501387822,131,True,False,True,False,success,0.44213446974754333,,,ou_noise,0,915209,910210,455105,32.36795838916575,-15.71273894743486,,,
2935,2934,,,170.75813505468065,125,True,False,True,False,success,0.46946194767951965,,,ou_noise,0,915334,910335,455167,38.05403294372559,-16.249617715035715,,,
2936,2935,,,158.29732069682547,160,True,False,True,False,success,0.44761016964912415,,,ou_noise,0,915494,910495,455247,38.10398898124695,-15.613193762302398,,,
2937,2936,,,163.15206348518444,141,True,False,True,False,success,0.4943706691265106,,,ou_noise,0,915635,910636,455318,36.158932137996594,-15.756292343139648,,,
2938,2937,,,172.0380560833467,129,True,False,True,False,success,0.4687482714653015,,,ou_noise,0,915764,910765,455382,36.41078676918681,-15.79881937801838,,,
2939,2938,,,171.66070711988274,122,True,False,True,False,success,0.44905441999435425,,,ou_noise,0,915886,910887,455443,29.275380314373578,-16.599161382581368,,,
2940,2939,,,173.9727086953296,119,True,False,True,False,success,0.47076261043548584,,,ou_noise,0,916005,911006,455503,32.625242882416025,-16.210543394088745,,,
2941,2940,,,158.47813794648152,156,True,False,True,False,success,0.4666198790073395,,,ou_noise,0,916161,911162,455581,29.491502933013134,-15.929762253394493,,,
2942,2941,,,171.28052423120067,119,True,False,True,False,success,0.468443900346756,,,ou_noise,0,916280,911281,455640,34.74855308372433,-16.36982659162101,,,
2943,2942,,,168.30498276440161,135,True,False,True,False,success,0.4602769613265991,,,ou_noise,0,916415,911416,455708,34.27997122870551,-17.19037426219267,,,
2944,2943,,,157.39840697910202,146,True,False,True,False,success,0.4174872636795044,,,ou_noise,0,916561,911562,455781,26.917425763117123,-16.01129480910628,,,
2945,2944,,,172.32638735765124,117,True,False,True,False,success,0.4822867214679718,,,ou_noise,0,916678,911679,455839,24.908012871049408,-15.866697886894489,,,
2946,2945,,,160.0844217885002,147,True,False,True,False,success,0.40325167775154114,,,ou_noise,0,916825,911826,455913,37.62417940542,-16.944286539747907,,,
2947,2946,,,158.4007558760793,159,True,False,True,False,success,0.4544563591480255,,,ou_noise,0,916984,911985,455992,39.47082593905851,-16.55742174462427,,,
2948,2947,,,160.11845447397923,153,True,False,True,False,success,0.4545593857765198,,,ou_noise,0,917137,912138,456069,29.521956231858994,-16.49114571608506,,,
2949,2948,,,158.60014991246123,150,True,False,True,False,success,0.4254624843597412,,,ou_noise,0,917287,912288,456144,32.42951005935669,-16.66076202392578,,,
2950,2949,,,-167.29686827369432,363,False,True,True,False,collision,6.081192970275879,,,ou_noise,0,917650,912651,456325,30.30479390167993,-17.009763691306773,,,
2951,2950,,,147.69097767926812,219,True,False,True,False,success,0.4750767946243286,,,ou_noise,0,917869,912870,456435,33.7098134358724,-16.90025979822332,,,
2952,2951,,,164.14618343099565,137,True,False,True,False,success,0.43862202763557434,,,ou_noise,0,918006,913007,456503,39.219781680698816,-17.177946343141443,,,
2953,2952,,,172.2219456113795,119,True,False,True,False,success,0.4984779953956604,,,ou_noise,0,918125,913126,456563,33.09154374258859,-16.857032283147177,,,
2954,2953,,,173.55508502013492,117,True,False,True,False,success,0.4273664057254791,,,ou_noise,0,918242,913243,456621,36.699079994462494,-16.79710083994372,,,
2955,2954,,,170.71053254338256,124,True,False,True,False,success,0.49710848927497864,,,ou_noise,0,918366,913367,456683,30.603130417485392,-17.151173853105114,,,
2956,2955,,,166.8463195785271,138,True,False,True,False,success,0.45304426550865173,,,ou_noise,0,918504,913505,456752,37.78253612656524,-17.369815190633137,,,
2957,2956,,,174.2033767188016,111,True,False,True,False,success,0.4726943373680115,,,ou_noise,0,918615,913616,456808,37.460339108028926,-16.69977491242545,,,
2958,2957,,,160.39621379934817,151,True,False,True,False,success,0.45031458139419556,,,ou_noise,0,918766,913767,456883,40.532417423677764,-16.998259684244793,,,
2959,2958,,,157.1792436647632,164,True,False,True,False,success,0.48155224323272705,,,ou_noise,0,918930,913931,456965,29.79723209288062,-17.5467231331802,,,
2960,2959,,,107.40916009302885,382,True,False,True,False,success,0.42330822348594666,,,ou_noise,0,919312,914313,457156,32.76273001925483,-17.540516473860016,,,
2961,2960,,,172.32056162075915,114,True,False,True,False,success,0.4715454578399658,,,ou_noise,0,919426,914427,457213,32.55062966597708,-17.57838777910199,,,
2962,2961,,,160.21714790882018,139,True,False,True,False,success,0.4820178151130676,,,ou_noise,0,919565,914566,457283,30.080109719749835,-17.572337641034807,,,
2963,2962,,,-101.99528438460658,218,False,True,True,False,collision,4.807485103607178,,,ou_noise,0,919783,914784,457392,30.78262060497879,-17.632500508509644,,,
2964,2963,,,154.7429977842014,155,True,False,True,False,success,0.46135413646698,,,ou_noise,0,919938,914939,457469,34.551067487655146,-17.228823686574962,,,
2965,2964,,,173.62455164476836,118,True,False,True,False,success,0.48053374886512756,,,ou_noise,0,920056,915057,457528,31.090826988220215,-17.617134320533882,,,
2966,2965,,,153.87153521044837,160,True,False,True,False,success,0.4792323112487793,,,ou_noise,0,920216,915217,457608,35.42641165852547,-17.684986436367033,,,
2967,2966,,,169.6879656509176,130,True,False,True,False,success,0.4404345154762268,,,ou_noise,0,920346,915347,457673,40.757850749676045,-17.78012444422795,,,
2968,2967,,,168.49021579662087,136,True,False,True,False,success,0.46494224667549133,,,ou_noise,0,920482,915483,457741,49.46996907626881,-17.816682072246778,,,
2969,2968,,,163.3519948681526,145,True,False,True,False,success,0.4566548466682434,,,ou_noise,0,920627,915628,457814,36.46611153175091,-17.877831236956872,,,
2970,2969,,,158.93795091909186,151,True,False,True,False,success,0.4163892865180969,,,ou_noise,0,920778,915779,457889,30.28985319074416,-17.725361925760904,,,
2971,2970,,,-192.26445935143525,1000,False,False,False,True,cutoff,6.881802558898926,,,ou_noise,0,921778,916779,458389,33.1791343793869,-17.977613733291626,,,
2972,2971,,,124.79418994166775,277,True,False,True,False,success,0.4371088743209839,,,ou_noise,0,922055,917056,458528,32.50196451744878,-17.9971999779022,,,
2973,2972,,,171.18952996811623,123,True,False,True,False,success,0.4526185393333435,,,ou_noise,0,922178,917179,458589,38.56781800587972,-17.459062607561954,,,
2974,2973,,,171.33347474291003,123,True,False,True,False,success,0.4374503195285797,,,ou_noise,0,922301,917302,458651,33.33414800380304,-17.5755610312185,,,
2975,2974,,,158.84533187764794,141,True,False,True,False,success,0.48865312337875366,,,ou_noise,0,922442,917443,458721,38.233146336061736,-18.775290625435964,,,
2976,2975,,,158.01289009766526,159,True,False,True,False,success,0.464028537273407,,,ou_noise,0,922601,917602,458801,36.195402757176815,-18.502270543575285,,,
2977,2976,,,-91.2159596741552,21,False,True,True,False,collision,9.10069465637207,,,ou_noise,0,922622,917623,458811,25.810220173427037,-17.795856761932374,,,
2978,2977,,,167.75668969382076,134,True,False,True,False,success,0.4544317126274109,,,ou_noise,0,922756,917757,458878,35.46718186762796,-18.11422501749067,,,
2979,2978,,,169.47995324524317,133,True,False,True,False,success,0.4447677731513977,,,ou_noise,0,922889,917890,458945,32.47386890784242,-18.173023110005392,,,
2980,2979,,,155.54792383649408,155,True,False,True,False,success,0.49438098073005676,,,ou_noise,0,923044,918045,459022,30.67654641059137,-18.183555491558916,,,
2981,2980,,,166.43945420250358,145,True,False,True,False,success,0.46736401319503784,,,ou_noise,0,923189,918190,459095,37.48644154647301,-18.29270756081359,,,
2982,2981,,,171.39860933399618,125,True,False,True,False,success,0.45380693674087524,,,ou_noise,0,923314,918315,459157,40.78043351745605,-18.321110863839426,,,
2983,2982,,,167.80307301344578,129,True,False,True,False,success,0.48458579182624817,,,ou_noise,0,923443,918444,459222,37.30342038472494,-18.59532693716196,,,
2984,2983,,,-199.82029326064347,1000,False,False,False,True,cutoff,6.54355001449585,,,ou_noise,0,924443,919444,459722,33.75777388477326,-18.50314094352722,,,
2985,2984,,,161.12217088510883,144,True,False,True,False,success,0.4444083273410797,,,ou_noise,0,924587,919588,459794,28.41989122496711,-18.45000195503235,,,
2986,2985,,,157.98267879196231,146,True,False,True,False,success,0.4282124936580658,,,ou_noise,0,924733,919734,459867,35.303819453879576,-18.47721487855258,,,
2987,2986,,,170.89096845883066,127,True,False,True,False,success,0.4954465627670288,,,ou_noise,0,924860,919861,459930,33.26064233704815,-18.743739930410232,,,
2988,2987,,,168.84312863783137,134,True,False,True,False,success,0.4970993399620056,,,ou_noise,0,924994,919995,459997,34.16617193506725,-18.34323312275445,,,
2989,2988,,,171.3049308828551,128,True,False,True,False,success,0.49710914492607117,,,ou_noise,0,925122,920123,460061,38.83291993290186,-17.955050751566887,,,
2990,2989,,,160.17551479383428,153,True,False,True,False,success,0.45677652955055237,,,ou_noise,0,925275,920276,460138,32.198974148120755,-18.744410440519257,,,
2991,2990,,,162.0216416200729,145,True,False,True,False,success,0.4412040114402771,,,ou_noise,0,925420,920421,460210,28.539945299872038,-18.73329456647237,,,
2992,2991,,,173.4104944872654,115,True,False,True,False,success,0.4537716507911682,,,ou_noise,0,925535,920536,460268,40.85200484731923,-18.52486442697459,,,
2993,2992,,,-211.70188549541209,1000,False,False,False,True,cutoff,5.316641807556152,,,ou_noise,0,926535,921536,460768,36.91207456350327,-18.745764053344725,,,
2994,2993,,,159.41610004830997,157,True,False,True,False,success,0.49736833572387695,,,ou_noise,0,926692,921693,460846,34.167870302868494,-19.07980146163549,,,
2995,2994,,,159.28071215520208,147,True,False,True,False,success,0.41574758291244507,,,ou_noise,0,926839,921840,460920,34.38755722435153,-18.967779236870843,,,
2996,2995,,,174.10091664866823,115,True,False,True,False,success,0.4702233374118805,,,ou_noise,0,926954,921955,460977,37.7927675495977,-18.51763762089244,,,
2997,2996,,,166.15568909798986,135,True,False,True,False,success,0.4968709349632263,,,ou_noise,0,927089,922090,461045,26.021906605473273,-19.01839622329263,,,
2998,2997,,,155.96667340043518,166,True,False,True,False,success,0.4322056472301483,,,ou_noise,0,927255,922256,461128,31.56975904717503,-18.993566742862562,,,
2999,2998,,,169.90352279472796,130,True,False,True,False,success,0.4290172755718231,,,ou_noise,0,927385,922386,461193,41.549865429218,-18.739836663466235,,,
3000,2999,,,170.5299256827192,123,True,False,True,False,success,0.46552202105522156,,,ou_noise,0,927508,922509,461254,35.424101061937286,-19.284995938910814,,,
3001,3000,,,172.35953616712854,117,True,False,True,False,success,0.4871729612350464,,,ou_noise,0,927625,922626,461313,35.29816493825016,-18.880487668312202,,,
3002,3001,,,158.6271141844311,165,True,False,True,False,success,0.4852515757083893,,,ou_noise,0,927790,922791,461395,29.60942786245635,-19.0756203837511,,,
3003,3002,,,159.67103583003163,153,True,False,True,False,success,0.46624279022216797,,,ou_noise,0,927943,922944,461472,29.540964631473315,-19.35522998463024,,,
3004,3003,,,160.41464975427215,151,True,False,True,False,success,0.4423275589942932,,,ou_noise,0,928094,923095,461547,30.714855579350957,-19.329999554951986,,,
3005,3004,,,171.40107221367265,122,True,False,True,False,success,0.49864548444747925,,,ou_noise,0,928216,923217,461608,36.50652252259802,-19.622929854471174,,,
3006,3005,,,166.87513680173697,129,True,False,True,False,success,0.41445836424827576,,,ou_noise,0,928345,923346,461673,39.010756167330484,-19.072814868046688,,,
3007,3006,,,159.95309806746215,155,True,False,True,False,success,0.4853534996509552,,,ou_noise,0,928500,923501,461750,39.63472040237919,-19.531515678802094,,,
3008,3007,,,167.67920953557075,136,True,False,True,False,success,0.47779926657676697,,,ou_noise,0,928636,923637,461818,32.17208950659808,-19.413472428041345,,,
3009,3008,,,171.32401500009956,125,True,False,True,False,success,0.48982372879981995,,,ou_noise,0,928761,923762,461881,35.29659212493897,-19.25778033241393,,,
3010,3009,,,174.0646082825477,118,True,False,True,False,success,0.4741920530796051,,,ou_noise,0,928879,923880,461940,35.294431516679666,-19.842744924254337,,,
3011,3010,,,161.10523731642076,146,True,False,True,False,success,0.4740496277809143,,,ou_noise,0,929025,924026,462013,34.580455518748664,-19.72902534432607,,,
3012,3011,,,153.32406527581523,183,True,False,True,False,success,0.4528656303882599,,,ou_noise,0,929208,924209,462104,40.2374922590829,-19.67546545804202,,,
3013,3012,,,156.2892401469145,165,True,False,True,False,success,0.4953429102897644,,,ou_noise,0,929373,924374,462187,35.11658699729226,-19.95803085005427,,,
3014,3013,,,161.68049755756553,146,True,False,True,False,success,0.46308743953704834,,,ou_noise,0,929519,924520,462260,36.03486016678484,-19.35806853150668,,,
3015,3014,,,171.00002402940035,121,True,False,True,False,success,0.4370481073856354,,,ou_noise,0,929640,924641,462320,31.031227230040496,-19.664746125539143,,,
3016,3015,,,-94.69354587931684,67,False,True,True,False,collision,7.6115617752075195,,,ou_noise,0,929707,924708,462354,30.07735680822116,-18.515574118670294,,,
3017,3016,,,-232.5590292749967,1000,False,False,False,True,cutoff,6.514967441558838,,,ou_noise,0,930707,925708,462854,32.171372436523434,-20.09316379737854,,,
3018,3017,,,163.4761400477857,142,True,False,True,False,success,0.48407575488090515,,,ou_noise,0,930849,925850,462925,39.3414800267824,-19.70484841037804,,,
3019,3018,,,171.38399097408433,125,True,False,True,False,success,0.4329967796802521,,,ou_noise,0,930974,925975,462987,31.519699264526366,-20.425006574200047,,,
3020,3019,,,172.5821060269139,118,True,False,True,False,success,0.4387679100036621,,,ou_noise,0,931092,926093,463046,29.0534285610005,-19.930483413954914,,,
3021,3020,,,165.9268274903853,142,True,False,True,False,success,0.4353386461734772,,,ou_noise,0,931234,926235,463117,24.436721929362122,-19.616285149480255,,,
3022,3021,,,160.8271095141515,145,True,False,True,False,success,0.4739915430545807,,,ou_noise,0,931379,926380,463190,35.187712879838614,-20.317326846188063,,,
3023,3022,,,164.78351435262454,134,True,False,True,False,success,0.4233851134777069,,,ou_noise,0,931513,926514,463257,29.50781888392434,-19.892421878985505,,,
3024,3023,,,163.86544789497654,141,True,False,True,False,success,0.42313528060913086,,,ou_noise,0,931654,926655,463327,36.58736164688219,-19.78892913545881,,,
3025,3024,,,171.75125251091453,121,True,False,True,False,success,0.486252099275589,,,ou_noise,0,931775,926776,463388,31.29332874235043,-19.948232134834665,,,
3026,3025,,,172.4120945456109,120,True,False,True,False,success,0.4813592731952667,,,ou_noise,0,931895,926896,463448,35.4695024172465,-19.606985505421957,,,
3027,3026,,,148.9970267328733,211,True,False,True,False,success,0.4756954610347748,,,ou_noise,0,932106,927107,463553,28.875767436637698,-20.179340816679456,,,
3028,3027,,,158.1687897007575,160,True,False,True,False,success,0.4277438521385193,,,ou_noise,0,932266,927267,463633,31.246927416324617,-20.27184647321701,,,
3029,3028,,,163.59834971351353,139,True,False,True,False,success,0.4715070426464081,,,ou_noise,0,932405,927406,463703,41.33048515868702,-19.874125003814697,,,
3030,3029,,,167.05500561990806,133,True,False,True,False,success,0.42437857389450073,,,ou_noise,0,932538,927539,463769,30.171225827439386,-20.41161719235507,,,
3031,3030,,,172.0508536128554,121,True,False,True,False,success,0.43923482298851013,,,ou_noise,0,932659,927660,463830,27.684905004895423,-20.634704105189588,,,
3032,3031,,,162.22595725017504,148,True,False,True,False,success,0.45568811893463135,,,ou_noise,0,932807,927808,463904,28.567929474083154,-20.30186292287466,,,
3033,3032,,,171.51467483944748,122,True,False,True,False,success,0.47555044293403625,,,ou_noise,0,932929,927930,463965,30.96903589123585,-20.191092960170057,,,
3034,3033,,,170.29643884181274,126,True,False,True,False,success,0.4728761911392212,,,ou_noise,0,933055,928056,464028,28.825176821814644,-20.55399357326447,,,
3035,3034,,,156.3243296303397,158,True,False,True,False,success,0.4171081781387329,,,ou_noise,0,933213,928214,464107,31.85708106922198,-20.667173011393487,,,
3036,3035,,,153.81724831974128,165,True,False,True,False,success,0.4282554090023041,,,ou_noise,0,933378,928379,464189,26.264452390959768,-20.623167165895786,,,
3037,3036,,,170.3392113860038,123,True,False,True,False,success,0.48059603571891785,,,ou_noise,0,933501,928502,464251,32.67080885414185,-20.54646582757273,,,
3038,3037,,,166.8551506484327,141,True,False,True,False,success,0.4789459705352783,,,ou_noise,0,933642,928643,464321,30.318101605625017,-20.589132826668877,,,
3039,3038,,,168.82422459663144,132,True,False,True,False,success,0.4796201288700104,,,ou_noise,0,933774,928775,464387,25.874711340123955,-20.761543519569166,,,
3040,3039,,,158.2500804328448,161,True,False,True,False,success,0.4089255928993225,,,ou_noise,0,933935,928936,464468,33.060392782554864,-21.160650665377393,,,
3041,3040,,,157.6657731326717,148,True,False,True,False,success,0.4503075182437897,,,ou_noise,0,934083,929084,464542,24.417076555458276,-20.611405256632214,,,
3042,3041,,,160.55274910649507,149,True,False,True,False,success,0.4364578425884247,,,ou_noise,0,934232,929233,464616,34.77146105158249,-20.56825947117161,,,
3043,3042,,,153.8320763492028,157,True,False,True,False,success,0.45908600091934204,,,ou_noise,0,934389,929390,464695,30.007334387226468,-20.448722284051435,,,
3044,3043,,,164.74253512570456,144,True,False,True,False,success,0.4633858799934387,,,ou_noise,0,934533,929534,464767,29.23303747177124,-21.043937312232124,,,
3045,3044,,,-211.40110870858416,1000,False,False,False,True,cutoff,7.563780307769775,,,ou_noise,0,935533,930534,465267,28.954771728515624,-21.019996879577636,,,
3046,3045,,,171.21765574527876,125,True,False,True,False,success,0.4674517512321472,,,ou_noise,0,935658,930659,465329,31.663523818969725,-20.53511448829405,,,
3047,3046,,,170.30451661894,128,True,False,True,False,success,0.4830552637577057,,,ou_noise,0,935786,930787,465393,34.276977114379406,-21.270404279232025,,,
3048,3047,,,161.5322763896285,148,True,False,True,False,success,0.4451053738594055,,,ou_noise,0,935934,930935,465467,35.62059854816746,-21.07366808040722,,,
3049,3048,,,163.00048810771796,141,True,False,True,False,success,0.470830500125885,,,ou_noise,0,936075,931076,465538,34.0609402622737,-21.150087517751775,,,
3050,3049,,,174.5204890635158,115,True,False,True,False,success,0.45788878202438354,,,ou_noise,0,936190,931191,465595,29.211204188802967,-21.776622604905512,,,
3051,3050,,,172.3267354563069,118,True,False,True,False,success,0.42522749304771423,,,ou_noise,0,936308,931309,465654,31.039829706741592,-21.19162368774414,,,
3052,3051,,,162.0762038827992,145,True,False,True,False,success,0.4951465427875519,,,ou_noise,0,936453,931454,465727,30.559899461680445,-21.075625223656225,,,
3053,3052,,,-192.73298711811353,1000,False,False,False,True,cutoff,6.589519500732422,,,ou_noise,0,937453,932454,466227,31.33634235095978,-21.208907068252564,,,
3054,3053,,,171.15888100902168,119,True,False,True,False,success,0.47824499011039734,,,ou_noise,0,937572,932573,466286,29.48300348810789,-21.246258816476594,,,
3055,3054,,,166.47662530929978,132,True,False,True,False,success,0.4041408598423004,,,ou_noise,0,937704,932705,466352,40.552216276978,-21.17113753521081,,,
3056,3055,,,169.1475562583069,127,True,False,True,False,success,0.434699147939682,,,ou_noise,0,937831,932832,466416,25.59796276242714,-21.41830626130104,,,
3057,3056,,,162.55630842131558,143,True,False,True,False,success,0.43611016869544983,,,ou_noise,0,937974,932975,466487,34.53230573747542,-21.554317890758245,,,
3058,3057,,,165.7599139138593,143,True,False,True,False,success,0.48148858547210693,,,ou_noise,0,938117,933118,466559,31.115694599551755,-21.182849142286514,,,
3059,3058,,,-55.130165642206315,114,False,True,True,False,collision,2.778143882751465,,,ou_noise,0,938231,933232,466616,34.157657037701526,-21.91034802219324,,,
3060,3059,,,170.1778469190201,127,True,False,True,False,success,0.441476047039032,,,ou_noise,0,938358,933359,466679,26.82252318464865,-21.574075971330917,,,
3061,3060,,,-70.32714258994484,202,False,True,True,False,collision,2.176537036895752,,,ou_noise,0,938560,933561,466780,36.62328201237291,-21.49538553823339,,,
3062,3061,,,161.189709267435,147,True,False,True,False,success,0.461871474981308,,,ou_noise,0,938707,933708,466854,32.18201925316635,-22.099406036170752,,,
3063,3062,,,171.0253048443251,123,True,False,True,False,success,0.47927072644233704,,,ou_noise,0,938830,933831,466915,29.013606994132687,-22.055735025249543,,,
3064,3063,,,166.839603817184,139,True,False,True,False,success,0.47363632917404175,,,ou_noise,0,938969,933970,466985,30.046006984847914,-21.808541311536516,,,
3065,3064,,,169.80382437549088,128,True,False,True,False,success,0.49311164021492004,,,ou_noise,0,939097,934098,467049,29.025956012308598,-22.113111406564713,,,
3066,3065,,,160.2162123473455,149,True,False,True,False,success,0.48615169525146484,,,ou_noise,0,939246,934247,467123,32.649275453298685,-22.152600455928493,,,
3067,3066,,,156.36206500026753,151,True,False,True,False,success,0.42940452694892883,,,ou_noise,0,939397,934398,467199,30.302880085067244,-21.768501833865518,,,
3068,3067,,,165.8976162245169,146,True,False,True,False,success,0.47637808322906494,,,ou_noise,0,939543,934544,467272,34.17534441490696,-22.07747527344586,,,
3069,3068,,,163.00696597463633,142,True,False,True,False,success,0.4609910249710083,,,ou_noise,0,939685,934686,467343,27.86989364489703,-22.19277261008679,,,
3070,3069,,,172.63941737033193,119,True,False,True,False,success,0.4611559510231018,,,ou_noise,0,939804,934805,467402,33.53509816402147,-21.713465286513507,,,
3071,3070,,,162.6913895867965,141,True,False,True,False,success,0.47426822781562805,,,ou_noise,0,939945,934946,467473,27.87291954933329,-21.96145208116988,,,
3072,3071,,,171.6371470417801,125,True,False,True,False,success,0.48926782608032227,,,ou_noise,0,940070,935071,467535,33.11969686889648,-21.801615192044167,,,
3073,3072,,,162.1632934702834,140,True,False,True,False,success,0.4388541877269745,,,ou_noise,0,940210,935211,467605,30.202200405938285,-22.02268683569772,,,
3074,3073,,,169.2892790420596,129,True,False,True,False,success,0.4177282452583313,,,ou_noise,0,940339,935340,467670,37.985175132751465,-22.29240499643179,,,
3075,3074,,,172.34081467903118,119,True,False,True,False,success,0.49084505438804626,,,ou_noise,0,940458,935459,467729,31.813023006214816,-22.172997781785867,,,
3076,3075,,,169.80068303095857,128,True,False,True,False,success,0.4638023376464844,,,ou_noise,0,940586,935587,467793,37.97236670553684,-21.871401578187943,,,
3077,3076,,,168.5898892239452,134,True,False,True,False,success,0.4856307804584503,,,ou_noise,0,940720,935721,467860,41.031941620271596,-21.564342840393977,,,
3078,3077,,,153.60740594571791,165,True,False,True,False,success,0.40672528743743896,,,ou_noise,0,940885,935886,467943,37.0645512378577,-22.116481459284405,,,
3079,3078,,,171.1385328390901,124,True,False,True,False,success,0.4594007432460785,,,ou_noise,0,941009,936010,468005,30.90863158625941,-22.528650806796165,,,
3080,3079,,,164.92654569766407,140,True,False,True,False,success,0.45883187651634216,,,ou_noise,0,941149,936150,468075,29.86270445414952,-21.68702918461391,,,
3081,3080,,,170.3627393906836,126,True,False,True,False,success,0.4863224923610687,,,ou_noise,0,941275,936276,468138,36.63551938344562,-22.12118383437868,,,
3082,3081,,,168.30557288147895,130,True,False,True,False,success,0.48986032605171204,,,ou_noise,0,941405,936406,468203,27.732255304776704,-21.785067484929012,,,
3083,3082,,,167.50670102129794,135,True,False,True,False,success,0.47592446208000183,,,ou_noise,0,941540,936541,468270,25.48583947640878,-22.03043519205122,,,
3084,3083,,,157.14490350469734,159,True,False,True,False,success,0.4642302989959717,,,ou_noise,0,941699,936700,468350,30.580242390902537,-21.70415894985199,,,
3085,3084,,,63.42018693907462,553,True,False,True,False,success,0.43479594588279724,,,ou_noise,0,942252,937253,468626,32.861640781864764,-22.40436909509742,,,
3086,3085,,,163.36065100549754,137,True,False,True,False,success,0.4701566994190216,,,ou_noise,0,942389,937390,468695,32.782617088652,-22.881412229676176,,,
3087,3086,,,171.75876776800033,123,True,False,True,False,success,0.47713983058929443,,,ou_noise,0,942512,937513,468756,33.467302655786035,-22.563015421883005,,,
3088,3087,,,169.516838533858,126,True,False,True,False,success,0.4346787929534912,,,ou_noise,0,942638,937639,468819,27.655104727972123,-22.263152289012123,,,
3089,3088,,,164.9151493572669,142,True,False,True,False,success,0.4665907621383667,,,ou_noise,0,942780,937781,468890,38.077501545489675,-21.670214424670583,,,
3090,3089,,,170.52798258909914,123,True,False,True,False,success,0.46095961332321167,,,ou_noise,0,942903,937904,468952,28.016409804181354,-22.010355211073353,,,
3091,3090,,,163.84118866117382,137,True,False,True,False,success,0.48002272844314575,,,ou_noise,0,943040,938041,469020,33.65281195536147,-22.882685352774228,,,
3092,3091,,,20.44731681784816,774,True,False,True,False,success,0.4821149706840515,,,ou_noise,0,943814,938815,469407,32.48769129770363,-22.358879954315896,,,
3093,3092,,,167.5247014096744,139,True,False,True,False,success,0.4227120578289032,,,ou_noise,0,943953,938954,469477,33.56226736521549,-22.5159946169172,,,
3094,3093,,,167.99729534845494,134,True,False,True,False,success,0.47195252776145935,,,ou_noise,0,944087,939088,469544,30.550617324772166,-22.270144249076274,,,
3095,3094,,,159.53993024388092,144,True,False,True,False,success,0.4814576506614685,,,ou_noise,0,944231,939232,469616,29.91526683833864,-22.240980254279243,,,
3096,3095,,,162.16290367709263,144,True,False,True,False,success,0.46876993775367737,,,ou_noise,0,944375,939376,469688,35.21920112768809,-22.357940938737656,,,
3097,3096,,,172.41307445327413,120,True,False,True,False,success,0.4658122658729553,,,ou_noise,0,944495,939496,469748,26.32908424536387,-22.584421920776368,,,
3098,3097,,,166.16312991549404,131,True,False,True,False,success,0.43773019313812256,,,ou_noise,0,944626,939627,469813,28.31360047464152,-22.297184724074143,,,
3099,3098,,,142.35433143732382,239,True,False,True,False,success,0.4637712240219116,,,ou_noise,0,944865,939866,469933,34.31792339819744,-21.997848828633625,,,
3100,3099,,,167.5486671456366,134,True,False,True,False,success,0.41388389468193054,,,ou_noise,0,944999,940000,470000,35.06650983753489,-22.841276994392054,,,
3101,3100,,,173.20613019728808,118,True,False,True,False,success,0.41658106446266174,,,ou_noise,0,945117,940118,470059,32.00550578812421,-22.346272840338237,,,
3102,3101,,,162.87966757945722,149,True,False,True,False,success,0.4849488437175751,,,ou_noise,0,945266,940267,470133,37.215485041573544,-22.34089964789313,,,
3103,3102,,,164.18389515185197,142,True,False,True,False,success,0.46107980608940125,,,ou_noise,0,945408,940409,470204,25.395097531063456,-23.09693171272815,,,
3104,3103,,,-63.81030731957573,105,False,True,True,False,collision,3.6731696128845215,,,ou_noise,0,945513,940514,470257,28.620025098891485,-22.444937364110405,,,
3105,3104,,,172.43133831205444,115,True,False,True,False,success,0.46594709157943726,,,ou_noise,0,945628,940629,470314,32.88972954128099,-23.417327512774552,,,
3106,3105,,,168.18560952206147,134,True,False,True,False,success,0.45665600895881653,,,ou_noise,0,945762,940763,470381,38.05842898496941,-23.02684319908939,,,
3107,3106,,,162.81267279282739,137,True,False,True,False,success,0.45740529894828796,,,ou_noise,0,945899,940900,470450,32.28540066210893,-22.55647269539211,,,
3108,3107,,,168.12023377819793,131,True,False,True,False,success,0.4870939552783966,,,ou_noise,0,946030,941031,470515,25.040544706446525,-22.897627170269306,,,
3109,3108,,,171.07730952481387,119,True,False,True,False,success,0.4420556426048279,,,ou_noise,0,946149,941150,470575,37.635296460961094,-22.3459774017334,,,
3110,3109,,,168.0321685317429,135,True,False,True,False,success,0.4997115731239319,,,ou_noise,0,946284,941285,470642,36.03241338376646,-23.043227181505802,,,
3111,3110,,,163.94389139864393,145,True,False,True,False,success,0.49118557572364807,,,ou_noise,0,946429,941430,470715,29.54515834019102,-22.481611016678485,,,
3112,3111,,,170.06638883126476,127,True,False,True,False,success,0.420113205909729,,,ou_noise,0,946556,941557,470778,26.267045892129733,-23.666488223605686,,,
3113,3112,,,158.90637968969543,153,True,False,True,False,success,0.4519907534122467,,,ou_noise,0,946709,941710,470855,37.56026005589105,-22.408838222553204,,,
3114,3113,,,156.56883971738938,156,True,False,True,False,success,0.4916417598724365,,,ou_noise,0,946865,941866,470933,28.913045919858494,-22.860994779146633,,,
3115,3114,,,157.87743596395262,147,True,False,True,False,success,0.4502008259296417,,,ou_noise,0,947012,942013,471006,41.474037436400955,-23.535557629310922,,,
3116,3115,,,152.57320913635456,155,True,False,True,False,success,0.44973382353782654,,,ou_noise,0,947167,942168,471084,29.85229470037645,-22.986079020377918,,,
3117,3116,,,165.33479313206152,134,True,False,True,False,success,0.4348997175693512,,,ou_noise,0,947301,942302,471151,32.38677971398653,-23.509201391419367,,,
3118,3117,,,164.68201800772488,131,True,False,True,False,success,0.41475632786750793,,,ou_noise,0,947432,942433,471216,33.789222375127196,-23.64716899578388,,,
3119,3118,,,164.38646956143722,135,True,False,True,False,success,0.4869539737701416,,,ou_noise,0,947567,942568,471284,30.501390965779624,-22.92253297917983,,,
3120,3119,,,154.78071064904515,164,True,False,True,False,success,0.4753979444503784,,,ou_noise,0,947731,942732,471366,31.1776431537256,-23.297942859370533,,,
3121,3120,,,166.97118695221877,135,True,False,True,False,success,0.49856677651405334,,,ou_noise,0,947866,942867,471433,32.16611521685565,-23.654972617305926,,,
3122,3121,,,169.90056076917682,124,True,False,True,False,success,0.4728061854839325,,,ou_noise,0,947990,942991,471495,30.22263063153913,-23.275134394245764,,,
3123,3122,,,164.0289478056718,141,True,False,True,False,success,0.40839892625808716,,,ou_noise,0,948131,943132,471566,33.11714783120662,-23.576179074569488,,,
3124,3123,,,171.11341161685212,118,True,False,True,False,success,0.4086385667324066,,,ou_noise,0,948249,943250,471625,27.920328091766876,-23.784995968058958,,,
3125,3124,,,166.73352392862608,138,True,False,True,False,success,0.44880568981170654,,,ou_noise,0,948387,943388,471694,31.534808566604834,-23.65823729141899,,,
3126,3125,,,164.18574039508013,137,True,False,True,False,success,0.44841834902763367,,,ou_noise,0,948524,943525,471762,48.376255696707396,-23.64002575593836,,,
3127,3126,,,167.06784043364684,135,True,False,True,False,success,0.479434996843338,,,ou_noise,0,948659,943660,471830,31.73794335965757,-23.498526012196262,,,
3128,3127,,,170.96226400639608,118,True,False,True,False,success,0.49473443627357483,,,ou_noise,0,948777,943778,471889,24.568533873153946,-23.079038716978946,,,
3129,3128,,,172.63145901448064,123,True,False,True,False,success,0.4391036033630371,,,ou_noise,0,948900,943901,471950,32.34473992944733,-23.495137386634703,,,
3130,3129,,,166.04326064235738,136,True,False,True,False,success,0.4970240592956543,,,ou_noise,0,949036,944037,472018,28.67520539900836,-24.23210845274084,,,
3131,3130,,,-299.6307261070574,1000,False,False,False,True,cutoff,7.852822303771973,,,ou_noise,0,950036,945037,472518,30.878449652671815,-23.680318923950196,,,
3132,3131,,,166.78172203716824,145,True,False,True,False,success,0.45419859886169434,,,ou_noise,0,950181,945182,472591,35.824292505198514,-23.696065301764502,,,
3133,3132,,,171.90198598481993,120,True,False,True,False,success,0.49202778935432434,,,ou_noise,0,950301,945302,472651,32.072099113464354,-23.823127269744873,,,
3134,3133,,,164.8084290048934,136,True,False,True,False,success,0.44053590297698975,,,ou_noise,0,950437,945438,472719,39.44757954513325,-23.083868868210736,,,
3135,3134,,,171.11816900446627,123,True,False,True,False,success,0.44652029871940613,,,ou_noise,0,950560,945561,472780,33.982695626049505,-24.01846441675405,,,
3136,3135,,,168.9655628101246,129,True,False,True,False,success,0.4618942141532898,,,ou_noise,0,950689,945690,472845,33.250974684722664,-24.05904282789964,,,
3137,3136,,,148.70797760909818,212,True,False,True,False,success,0.4683762788772583,,,ou_noise,0,950901,945902,472951,33.962479955745195,-24.01823637620458,,,
3138,3137,,,157.09789287357808,157,True,False,True,False,success,0.43097347021102905,,,ou_noise,0,951058,946059,473029,30.577142788346407,-23.66489131634052,,,
3139,3138,,,161.22608784570417,153,True,False,True,False,success,0.4283291697502136,,,ou_noise,0,951211,946212,473106,29.333114243800345,-23.874843547870586,,,
3140,3139,,,170.6932059578077,128,True,False,True,False,success,0.44996923208236694,,,ou_noise,0,951339,946340,473170,30.61188766360283,-24.23989376425743,,,
3141,3140,,,175.10391508080568,113,True,False,True,False,success,0.466551274061203,,,ou_noise,0,951452,946453,473226,26.65644077706126,-23.680933203016007,,,
3142,3141,,,153.0143604708142,174,True,False,True,False,success,0.45096439123153687,,,ou_noise,0,951626,946627,473313,34.16137491423508,-24.556382628692976,,,
3143,3142,,,170.43948196761326,128,True,False,True,False,success,0.4779997169971466,,,ou_noise,0,951754,946755,473377,25.945641055703163,-24.37163957953453,,,
3144,3143,,,156.83348247128225,163,True,False,True,False,success,0.473001092672348,,,ou_noise,0,951917,946918,473459,36.65176762539916,-24.036409424572454,,,
3145,3144,,,161.72727783570826,145,True,False,True,False,success,0.46747586131095886,,,ou_noise,0,952062,947063,473531,26.95706284621666,-24.739511277940537,,,
3146,3145,,,157.5117233088558,151,True,False,True,False,success,0.4927574396133423,,,ou_noise,0,952213,947214,473607,30.510078562805983,-23.981784117849248,,,
3147,3146,,,168.76167033629198,136,True,False,True,False,success,0.45917460322380066,,,ou_noise,0,952349,947350,473675,34.42501648734598,-24.244285218855914,,,
3148,3147,,,163.57869588721027,135,True,False,True,False,success,0.43186306953430176,,,ou_noise,0,952484,947485,473742,31.33596885116012,-24.72407227131858,,,
3149,3148,,,169.3493920642743,128,True,False,True,False,success,0.44517719745635986,,,ou_noise,0,952612,947613,473806,25.796968959271908,-24.037745237350464,,,
3150,3149,,,172.91102261367757,121,True,False,True,False,success,0.40998828411102295,,,ou_noise,0,952733,947734,473867,27.182958382220306,-24.41265306316438,,,
3151,3150,,,153.59104367539783,172,True,False,True,False,success,0.4471614360809326,,,ou_noise,0,952905,947906,473953,28.399123313815096,-24.31065262195676,,,
3152,3151,,,170.4635877788869,122,True,False,True,False,success,0.411827027797699,,,ou_noise,0,953027,948028,474014,31.625099776221102,-24.273654750136078,,,
3153,3152,,,160.9332650986584,151,True,False,True,False,success,0.4158608019351959,,,ou_noise,0,953178,948179,474089,34.198787758681945,-24.480910085042318,,,
3154,3153,,,158.77454825498495,156,True,False,True,False,success,0.45764148235321045,,,ou_noise,0,953334,948335,474167,29.97680529569968,-25.119713929983284,,,
3155,3154,,,161.9874586965953,141,True,False,True,False,success,0.4774785041809082,,,ou_noise,0,953475,948476,474238,42.59907130653976,-24.6370748331849,,,
3156,3155,,,170.60994833136348,125,True,False,True,False,success,0.46471378207206726,,,ou_noise,0,953600,948601,474300,36.29967693328857,-24.83012826981083,,,
3157,3156,,,164.4850894757688,144,True,False,True,False,success,0.4565574824810028,,,ou_noise,0,953744,948745,474372,33.76468481620153,-24.248212973276775,,,
3158,3157,,,166.52861893299695,132,True,False,True,False,success,0.4781804382801056,,,ou_noise,0,953876,948877,474438,34.70311792691549,-23.9071446910049,,,
3159,3158,,,169.90403469912013,125,True,False,True,False,success,0.426954448223114,,,ou_noise,0,954001,949002,474501,34.73765493011474,-24.14009275890532,,,
3160,3159,,,-209.97741909600526,1000,False,False,False,True,cutoff,3.8125743865966797,,,ou_noise,0,955001,950002,475001,33.45770939540863,-24.413341342926024,,,
3161,3160,,,171.29905689986003,119,True,False,True,False,success,0.4991835951805115,,,ou_noise,0,955120,950121,475060,26.739347874617376,-24.697195828971218,,,
3162,3161,,,158.1241400748442,156,True,False,True,False,success,0.4093940854072571,,,ou_noise,0,955276,950277,475138,32.312282299384094,-24.54081691839756,,,
3163,3162,,,157.39661519210867,146,True,False,True,False,success,0.4189741909503937,,,ou_noise,0,955422,950423,475211,31.647519209613538,-24.892306967957378,,,
3164,3163,,,166.22900253414872,131,True,False,True,False,success,0.4391472637653351,,,ou_noise,0,955553,950554,475277,31.675987644049957,-25.28086653622714,,,
3165,3164,,,169.20320360944086,127,True,False,True,False,success,0.46607738733291626,,,ou_noise,0,955680,950681,475340,33.537039666663944,-25.323307824513268,,,
3166,3165,,,169.4978626926844,130,True,False,True,False,success,0.4584929645061493,,,ou_noise,0,955810,950811,475405,34.66689886680016,-24.675200447669397,,,
3167,3166,,,159.32450831805608,141,True,False,True,False,success,0.49876832962036133,,,ou_noise,0,955951,950952,475476,33.42393853478398,-24.907061133586186,,,
3168,3167,,,168.4297948377195,131,True,False,True,False,success,0.4239670932292938,,,ou_noise,0,956082,951083,475541,39.774059499493085,-25.246427888136644,,,
3169,3168,,,171.01689163711674,120,True,False,True,False,success,0.4732265770435333,,,ou_noise,0,956202,951203,475601,30.889328289031983,-24.57662162780762,,,
3170,3169,,,154.82777645333363,174,True,False,True,False,success,0.4781704843044281,,,ou_noise,0,956376,951377,475688,34.4895050443452,-25.32866298193219,,,
3171,3170,,,159.37926013803988,150,True,False,True,False,success,0.4899653494358063,,,ou_noise,0,956526,951527,475763,33.76509185155233,-25.124235560099283,,,
3172,3171,,,168.37565604375487,136,True,False,True,False,success,0.47605741024017334,,,ou_noise,0,956662,951663,475831,31.959729573305914,-25.152448878568762,,,
3173,3172,,,161.32878962841033,150,True,False,True,False,success,0.4267185926437378,,,ou_noise,0,956812,951813,475906,29.49179604848226,-25.667268244425454,,,
3174,3173,,,157.74685672881333,152,True,False,True,False,success,0.4925593435764313,,,ou_noise,0,956964,951965,475982,29.9589326695392,-25.01451012962743,,,
3175,3174,,,171.85523234296716,123,True,False,True,False,success,0.41856837272644043,,,ou_noise,0,957087,952088,476044,30.13910448648096,-25.894445911530525,,,
3176,3175,,,172.5485503491597,119,True,False,True,False,success,0.45347046852111816,,,ou_noise,0,957206,952207,476103,35.95937236817945,-25.33255076004287,,,
3177,3176,,,165.68947786227812,135,True,False,True,False,success,0.41223883628845215,,,ou_noise,0,957341,952342,476171,27.85272697872586,-25.061802611631506,,,
3178,3177,,,169.40335168421274,126,True,False,True,False,success,0.497763454914093,,,ou_noise,0,957467,952468,476234,34.49065651969304,-25.150971458071755,,,
3179,3178,,,157.31985624563717,145,True,False,True,False,success,0.46622100472450256,,,ou_noise,0,957612,952613,476306,30.237578319681102,-25.331509510676067,,,
3180,3179,,,163.33458467521478,138,True,False,True,False,success,0.4584929049015045,,,ou_noise,0,957750,952751,476375,36.167542326277584,-25.463798357092816,,,
3181,3180,,,169.51933939985742,126,True,False,True,False,success,0.46704384684562683,,,ou_noise,0,957876,952877,476438,37.83963056594607,-25.872013546171644,,,
3182,3181,,,169.45523246299595,125,True,False,True,False,success,0.4169575273990631,,,ou_noise,0,958001,953002,476501,31.317610252380373,-25.32576394459558,,,
3183,3182,,,162.53803584623236,145,True,False,True,False,success,0.4451107680797577,,,ou_noise,0,958146,953147,476573,33.83029868684966,-25.819562514623005,,,
3184,3183,,,-293.1005350188695,1000,False,False,False,True,cutoff,7.6473069190979,,,ou_noise,0,959146,954147,477073,31.299266131401062,-25.765266754150392,,,
3185,3184,,,156.16348077766173,173,True,False,True,False,success,0.4736934304237366,,,ou_noise,0,959319,954320,477160,33.61805316065088,-25.33941972666773,,,
3186,3185,,,170.8886229517081,121,True,False,True,False,success,0.4127385914325714,,,ou_noise,0,959440,954441,477220,31.92937151853703,-26.195190397898354,,,
3187,3186,,,170.51784583368755,122,True,False,True,False,success,0.4624846875667572,,,ou_noise,0,959562,954563,477281,34.15496944208614,-25.533909875838482,,,
3188,3187,,,173.33985314385603,119,True,False,True,False,success,0.4159846305847168,,,ou_noise,0,959681,954682,477341,31.00803120396718,-25.729872862497967,,,
3189,3188,,,-0.6071283581264879,643,True,False,True,False,success,0.40595826506614685,,,ou_noise,0,960324,955325,477662,32.06928741876297,-25.704552659364506,,,
3190,3189,,,169.86265573445127,125,True,False,True,False,success,0.4673194885253906,,,ou_noise,0,960449,955450,477725,29.303421546936036,-26.125227791922434,,,
3191,3190,,,156.50543363857756,171,True,False,True,False,success,0.406114399433136,,,ou_noise,0,960620,955621,477810,30.998996149029647,-25.824905305750228,,,
3192,3191,,,159.53181245510606,152,True,False,True,False,success,0.4160284399986267,,,ou_noise,0,960772,955773,477886,36.28785416327025,-25.540791611922415,,,
3193,3192,,,165.42609247940436,135,True,False,True,False,success,0.42815834283828735,,,ou_noise,0,960907,955908,477954,35.520445562292025,-25.931967174305637,,,
3194,3193,,,155.97704434817075,158,True,False,True,False,success,0.45322248339653015,,,ou_noise,0,961065,956066,478033,40.47882817666742,-25.800307165218307,,,
3195,3194,,,162.61180476332663,151,True,False,True,False,success,0.44481685757637024,,,ou_noise,0,961216,956217,478108,32.86074042162358,-26.019685516357423,,,
3196,3195,,,158.625390403666,147,True,False,True,False,success,0.46220076084136963,,,ou_noise,0,961363,956364,478182,32.826784717793366,-25.712562174410433,,,
3197,3196,,,154.72477177883758,151,True,False,True,False,success,0.47540369629859924,,,ou_noise,0,961514,956515,478257,32.54704116669712,-26.11800348917643,,,
3198,3197,,,168.74540744883654,130,True,False,True,False,success,0.42678576707839966,,,ou_noise,0,961644,956645,478322,44.8172207905696,-25.560781302818885,,,
3199,3198,,,161.49651234012094,144,True,False,True,False,success,0.4954952597618103,,,ou_noise,0,961788,956789,478394,34.36792180273268,-25.89454648229811,,,
3200,3199,,,165.40336655475883,143,True,False,True,False,success,0.4826631546020508,,,ou_noise,0,961931,956932,478466,34.10431029579856,-26.268625365363228,,,
3201,3200,,,169.4884901421411,127,True,False,True,False,success,0.41660675406455994,,,ou_noise,0,962058,957059,478529,30.553520780848707,-26.191428441849965,,,
3202,3201,,,164.9460978572505,137,True,False,True,False,success,0.46593037247657776,,,ou_noise,0,962195,957196,478598,39.0392304023687,-25.42562302299168,,,
3203,3202,,,161.2140410321541,147,True,False,True,False,success,0.46143773198127747,,,ou_noise,0,962342,957343,478671,30.82639348425833,-25.798075532260007,,,
3204,3203,,,-90.79101918499708,144,False,True,True,False,collision,5.784652233123779,,,ou_noise,0,962486,957487,478743,34.306454910172356,-26.256343682607014,,,
3205,3204,,,160.89455102958033,148,True,False,True,False,success,0.43732649087905884,,,ou_noise,0,962634,957635,478817,39.659833991849744,-25.873352643605823,,,
3206,3205,,,170.9437189784004,119,True,False,True,False,success,0.4866432845592499,,,ou_noise,0,962753,957754,478877,28.9744317110847,-26.36170768737793,,,
3207,3206,,,165.2837234120812,132,True,False,True,False,success,0.4592333734035492,,,ou_noise,0,962885,957886,478943,31.241885322513003,-25.853245359478574,,,
3208,3207,,,159.19217843699343,154,True,False,True,False,success,0.41668370366096497,,,ou_noise,0,963039,958040,479020,35.51267601607682,-26.382610321044922,,,
3209,3208,,,167.25352051015935,135,True,False,True,False,success,0.4387180507183075,,,ou_noise,0,963174,958175,479087,33.25331529687952,-25.863738330442516,,,
3210,3209,,,170.3942642843111,127,True,False,True,False,success,0.4255833923816681,,,ou_noise,0,963301,958302,479151,32.13828041046623,-25.80054447054863,,,
3211,3210,,,171.56087836268438,117,True,False,True,False,success,0.4679703116416931,,,ou_noise,0,963418,958419,479209,36.99426187205518,-26.6778538144868,,,
3212,3211,,,-207.59649611458863,1000,False,False,False,True,cutoff,3.689612627029419,,,ou_noise,0,964418,959419,479709,32.824022996902464,-26.538717403411866,,,
3213,3212,,,167.55013210939865,134,True,False,True,False,success,0.4965522289276123,,,ou_noise,0,964552,959553,479776,42.0470660408931,-26.595898841744038,,,
3214,3213,,,157.6425919726663,168,True,False,True,False,success,0.4293268620967865,,,ou_noise,0,964720,959721,479860,32.2905402410598,-26.345072700863792,,,
3215,3214,,,170.07303419732972,124,True,False,True,False,success,0.4587286412715912,,,ou_noise,0,964844,959845,479922,34.606071549077186,-26.827549565222956,,,
3216,3215,,,170.38358198161006,125,True,False,True,False,success,0.4958725571632385,,,ou_noise,0,964969,959970,479985,31.30089157104492,-26.2014711470831,,,
3217,3216,,,160.48865838594392,152,True,False,True,False,success,0.4406786262989044,,,ou_noise,0,965121,960122,480061,35.349403525653635,-26.534969932154606,,,
3218,3217,,,161.30103749900113,142,True,False,True,False,success,0.4336414039134979,,,ou_noise,0,965263,960264,480132,37.51480960845947,-25.962789105697418,,,
3219,3218,,,169.24831994029608,127,True,False,True,False,success,0.4949973225593567,,,ou_noise,0,965390,960391,480195,33.880510532949856,-26.13135882786342,,,
3220,3219,,,166.95243919727574,132,True,False,True,False,success,0.48932501673698425,,,ou_noise,0,965522,960523,480261,33.45058414430329,-26.023862289659906,,,
3221,3220,,,162.5393884427637,142,True,False,True,False,success,0.48018693923950195,,,ou_noise,0,965664,960665,480332,38.74333972662267,-26.90903013524875,,,
3222,3221,,,173.77754623221608,116,True,False,True,False,success,0.4552106559276581,,,ou_noise,0,965780,960781,480390,40.11409940390751,-26.009971421340417,,,
3223,3222,,,167.3452297587151,132,True,False,True,False,success,0.455745667219162,,,ou_noise,0,965912,960913,480456,27.73748743172848,-26.933208696769945,,,
3224,3223,,,170.68220318098378,123,True,False,True,False,success,0.49105554819107056,,,ou_noise,0,966035,961036,480518,31.83411529975209,-26.8957392784857,,,
3225,3224,,,161.5053749260209,137,True,False,True,False,success,0.4124704897403717,,,ou_noise,0,966172,961173,480586,43.590008297105776,-27.117323454688577,,,
3226,3225,,,167.23105681045539,134,True,False,True,False,success,0.4652763903141022,,,ou_noise,0,966306,961307,480653,33.883816341855635,-26.736962275718575,,,
3227,3226,,,156.34294303082035,156,True,False,True,False,success,0.48420050740242004,,,ou_noise,0,966462,961463,480731,32.232930874213196,-26.2713291706183,,,
3228,3227,,,161.07237718118392,146,True,False,True,False,success,0.4088716506958008,,,ou_noise,0,966608,961609,480804,35.15485743953757,-26.68765909377843,,,
3229,3228,,,164.1254447707795,139,True,False,True,False,success,0.49207603931427,,,ou_noise,0,966747,961748,480874,33.130488491744444,-26.49379645756313,,,
3230,3229,,,168.92014326454773,125,True,False,True,False,success,0.4593275487422943,,,ou_noise,0,966872,961873,480936,37.57711820220947,-27.332571983337402,,,
3231,3230,,,163.91954337862808,149,True,False,True,False,success,0.4114277958869934,,,ou_noise,0,967021,962022,481011,30.816732272205737,-26.54282679239909,,,
3232,3231,,,161.89789568680095,147,True,False,True,False,success,0.49382251501083374,,,ou_noise,0,967168,962169,481084,37.364962292366286,-26.575379828884177,,,
3233,3232,,,160.4001908909818,155,True,False,True,False,success,0.4499559700489044,,,ou_noise,0,967323,962324,481162,34.35800895690918,-26.823496965261604,,,
3234,3233,,,165.0549138678357,134,True,False,True,False,success,0.49619412422180176,,,ou_noise,0,967457,962458,481229,32.47317032315838,-26.948991405430125,,,
3235,3234,,,-282.0245572990039,1000,False,False,False,True,cutoff,8.786022186279297,,,ou_noise,0,968457,963458,481729,33.797760585784914,-26.949757476806642,,,
3236,3235,,,161.83139750979132,149,True,False,True,False,success,0.43076300621032715,,,ou_noise,0,968606,963607,481803,33.2091682613296,-25.97865643372407,,,
3237,3236,,,162.20052270026335,134,True,False,True,False,success,0.4205514192581177,,,ou_noise,0,968740,963741,481870,36.65599235136118,-27.034081131664674,,,
3238,3237,,,166.9876416190184,137,True,False,True,False,success,0.4650700092315674,,,ou_noise,0,968877,963878,481939,29.655467179569886,-26.934607077335965,,,
3239,3238,,,-70.99338347560624,130,False,True,True,False,collision,3.753445863723755,,,ou_noise,0,969007,964008,482004,29.75997599821824,-26.412964542095477,,,
3240,3239,,,167.52083556483063,136,True,False,True,False,success,0.47494885325431824,,,ou_noise,0,969143,964144,482072,39.13492103183971,-26.844566457411823,,,
3241,3240,,,163.46738291759448,143,True,False,True,False,success,0.4054105281829834,,,ou_noise,0,969286,964287,482143,34.40290563756769,-26.254993814817617,,,
3242,3241,,,168.03332992387342,130,True,False,True,False,success,0.46080026030540466,,,ou_noise,0,969416,964417,482208,36.82680476262019,-26.42963071969839,,,
3243,3242,,,171.12010798661595,130,True,False,True,False,success,0.4401792287826538,,,ou_noise,0,969546,964547,482273,34.60043695889986,-26.204650233342097,,,
3244,3243,,,158.2469657018791,159,True,False,True,False,success,0.462666392326355,,,ou_noise,0,969705,964706,482353,38.80737520013965,-27.262643098831177,,,
3245,3244,,,165.04263650042662,146,True,False,True,False,success,0.42354607582092285,,,ou_noise,0,969851,964852,482426,33.725280807442864,-26.627724608329878,,,
3246,3245,,,161.99551964385526,147,True,False,True,False,success,0.48615890741348267,,,ou_noise,0,969998,964999,482499,32.798758273222006,-26.491773291809917,,,
3247,3246,,,162.61920808672662,150,True,False,True,False,success,0.4625130295753479,,,ou_noise,0,970148,965149,482574,32.26464606602987,-27.013264999389648,,,
3248,3247,,,167.92475931473646,133,True,False,True,False,success,0.46025484800338745,,,ou_noise,0,970281,965282,482641,35.99708258119741,-26.61493503513621,,,
3249,3248,,,161.04889837403243,150,True,False,True,False,success,0.45208361744880676,,,ou_noise,0,970431,965432,482716,32.09671341578166,-26.229986521402996,,,
3250,3249,,,170.61228928800733,125,True,False,True,False,success,0.49428123235702515,,,ou_noise,0,970556,965557,482778,31.923299102783204,-26.090439611865627,,,
3251,3250,,,167.90271526444639,134,True,False,True,False,success,0.44598615169525146,,,ou_noise,0,970690,965691,482845,38.87587968627019,-27.72135353088379,,,
3252,3251,,,172.83759334903073,121,True,False,True,False,success,0.4923834502696991,,,ou_noise,0,970811,965812,482906,34.71632156687335,-27.04216434916512,,,
3253,3252,,,160.18999999873432,154,True,False,True,False,success,0.4032398462295532,,,ou_noise,0,970965,965966,482983,35.21600870033363,-26.470325841532127,,,
3254,3253,,,163.9741974186897,138,True,False,True,False,success,0.40795958042144775,,,ou_noise,0,971103,966104,483052,33.70961301223092,-26.902441826419555,,,
3255,3254,,,158.35111610289883,159,True,False,True,False,success,0.4208901524543762,,,ou_noise,0,971262,966263,483131,34.45033623437462,-27.027042920076394,,,
3256,3255,,,165.60916793117062,136,True,False,True,False,success,0.48985755443573,,,ou_noise,0,971398,966399,483199,42.74587236432468,-26.98744919720818,,,
3257,3256,,,161.66137476266772,147,True,False,True,False,success,0.4416581988334656,,,ou_noise,0,971545,966546,483273,35.542443554417616,-27.251463091051257,,,
3258,3257,,,160.03105713866745,151,True,False,True,False,success,0.45208027958869934,,,ou_noise,0,971696,966697,483348,32.31570740882924,-27.115318247477212,,,
3259,3258,,,159.9397771472384,149,True,False,True,False,success,0.49836212396621704,,,ou_noise,0,971845,966846,483423,30.387405606724272,-27.787232666015626,,,
3260,3259,,,153.52858469142424,155,True,False,True,False,success,0.48647621273994446,,,ou_noise,0,972000,967001,483500,42.36539310947541,-26.983647061632826,,,
3261,3260,,,156.50929239064504,154,True,False,True,False,success,0.4498060643672943,,,ou_noise,0,972154,967155,483577,35.54639284951346,-26.88334289154449,,,
3262,3261,,,158.3374276851195,148,True,False,True,False,success,0.4514324367046356,,,ou_noise,0,972302,967303,483651,34.76536714064108,-26.648028760342985,,,
3263,3262,,,169.77939665653395,122,True,False,True,False,success,0.46878916025161743,,,ou_noise,0,972424,967425,483712,33.45684764424308,-27.64363417078237,,,
3264,3263,,,166.19500713300945,133,True,False,True,False,success,0.4391765296459198,,,ou_noise,0,972557,967558,483779,34.70415234386473,-26.968555165760552,,,
3265,3264,,,172.72576282937007,117,True,False,True,False,success,0.457121878862381,,,ou_noise,0,972674,967675,483837,33.663835338038254,-27.280477326491784,,,
3266,3265,,,168.07982905675283,129,True,False,True,False,success,0.4672228693962097,,,ou_noise,0,972803,967804,483902,31.503722627033557,-27.335703248244066,,,
3267,3266,,,168.07810557598458,133,True,False,True,False,success,0.40659987926483154,,,ou_noise,0,972936,967937,483968,33.08548928741226,-27.350463549296062,,,
3268,3267,,,171.02480356297224,121,True,False,True,False,success,0.4294982850551605,,,ou_noise,0,973057,968058,484029,34.32274743545154,-26.98680149140905,,,
3269,3268,,,167.12975660081005,141,True,False,True,False,success,0.47541868686676025,,,ou_noise,0,973198,968199,484099,31.045387930903875,-27.671777861458914,,,
3270,3269,,,41.377255296533036,460,True,False,True,False,success,0.4372505843639374,,,ou_noise,0,973658,968659,484329,33.37422473948935,-27.67798944556195,,,
3271,3270,,,167.25142323416037,130,True,False,True,False,success,0.416835218667984,,,ou_noise,0,973788,968789,484394,32.25964473577646,-27.422874450683594,,,
3272,3271,,,158.52722801096823,151,True,False,True,False,success,0.49763867259025574,,,ou_noise,0,973939,968940,484470,37.44086857978871,-27.389709623236406,,,
3273,3272,,,169.58945081120908,124,True,False,True,False,success,0.4348028004169464,,,ou_noise,0,974063,969064,484532,32.64302626732857,-27.479739496784827,,,
3274,3273,,,168.13021865868456,132,True,False,True,False,success,0.44214221835136414,,,ou_noise,0,974195,969196,484598,32.654729734767564,-28.129853277495414,,,
3275,3274,,,169.99107179716324,132,True,False,True,False,success,0.4650878608226776,,,ou_noise,0,974327,969328,484664,38.20984878684535,-27.397304592710555,,,
3276,3275,,,159.4644611548851,148,True,False,True,False,success,0.4542071223258972,,,ou_noise,0,974475,969476,484738,33.449204129141734,-27.416233604018753,,,
3277,3276,,,168.82122720288507,125,True,False,True,False,success,0.47269880771636963,,,ou_noise,0,974600,969601,484800,32.88940452575684,-27.765843975928522,,,
3278,3277,,,172.23838222622263,119,True,False,True,False,success,0.42874252796173096,,,ou_noise,0,974719,969720,484860,32.121333450830285,-27.78795420328776,,,
3279,3278,,,166.36837035494545,139,True,False,True,False,success,0.45154547691345215,,,ou_noise,0,974858,969859,484929,35.77721030420537,-28.250968711963598,,,
3280,3279,,,162.82882445888552,151,True,False,True,False,success,0.4181184470653534,,,ou_noise,0,975009,970010,485005,36.98510872922986,-27.717900125603926,,,
3281,3280,,,165.22995630951175,134,True,False,True,False,success,0.43305665254592896,,,ou_noise,0,975143,970144,485072,35.90176457789407,-27.339694037366268,,,
3282,3281,,,160.93382820585975,149,True,False,True,False,success,0.4610479474067688,,,ou_noise,0,975292,970293,485146,34.88211220862881,-27.62257078531626,,,
3283,3282,,,166.648212327535,130,True,False,True,False,success,0.4936234951019287,,,ou_noise,0,975422,970423,485211,39.522016283182,-27.8970036139855,,,
3284,3283,,,164.3197399642509,137,True,False,True,False,success,0.46153703331947327,,,ou_noise,0,975559,970560,485280,28.901430610322603,-27.47719209090523,,,
3285,3284,,,170.49928935648035,124,True,False,True,False,success,0.4650203585624695,,,ou_noise,0,975683,970684,485342,26.98907233053638,-27.204592674009263,,,
3286,3285,,,169.70594806951053,130,True,False,True,False,success,0.45415154099464417,,,ou_noise,0,975813,970814,485407,33.78797575877263,-28.37723617553711,,,
3287,3286,,,-73.35439122437444,77,False,True,True,False,collision,5.9162797927856445,,,ou_noise,0,975890,970891,485445,30.885734842969224,-27.984559109336452,,,
3288,3287,,,173.99532964142722,114,True,False,True,False,success,0.4214805066585541,,,ou_noise,0,976004,971005,485502,35.50823291979338,-27.987072325589363,,,
3289,3288,,,161.39441390028944,136,True,False,True,False,success,0.44981956481933594,,,ou_noise,0,976140,971141,485570,37.183052862391754,-27.727591177996466,,,
3290,3289,,,165.72795400609132,139,True,False,True,False,success,0.47781503200531006,,,ou_noise,0,976279,971280,485640,37.629234608986394,-28.132318932669502,,,
3291,3290,,,171.51951808872514,119,True,False,True,False,success,0.4537670910358429,,,ou_noise,0,976398,971399,485699,29.687843483035305,-28.243261919183247,,,
3292,3291,,,161.78857267396265,142,True,False,True,False,success,0.42730584740638733,,,ou_noise,0,976540,971541,485770,35.135865668175924,-28.176022543034083,,,
3293,3292,,,167.08644844197158,136,True,False,True,False,success,0.4336017370223999,,,ou_noise,0,976676,971677,485838,31.550891013706433,-28.27457582249361,,,
3294,3293,,,158.1924543032929,154,True,False,True,False,success,0.4554077386856079,,,ou_noise,0,976830,971831,485915,30.518806370821867,-27.90468067317814,,,
3295,3294,,,160.83453094805085,151,True,False,True,False,success,0.496757447719574,,,ou_noise,0,976981,971982,485991,32.15353256503478,-27.871362284610147,,,
3296,3295,,,169.63470354870208,125,True,False,True,False,success,0.45276153087615967,,,ou_noise,0,977106,972107,486053,30.18071277618408,-28.24347868273335,,,
3297,3296,,,168.4590521520667,129,True,False,True,False,success,0.49130779504776,,,ou_noise,0,977235,972236,486118,35.56512292226156,-28.1559197645921,,,
3298,3297,,,-214.12614565146288,1000,False,False,False,True,cutoff,3.9015469551086426,,,ou_noise,0,978235,973236,486618,34.68592953300476,-28.337355060577394,,,
3299,3298,,,171.11812241407034,125,True,False,True,False,success,0.4636296033859253,,,ou_noise,0,978360,973361,486680,36.15811335754395,-27.901102835132228,,,
3300,3299,,,169.3647307123157,129,True,False,True,False,success,0.45465317368507385,,,ou_noise,0,978489,973490,486745,33.86195634501849,-28.845130274846003,,,
3301,3300,,,167.54070178425042,138,True,False,True,False,success,0.418520987033844,,,ou_noise,0,978627,973628,486814,34.5960887964221,-28.396946063940074,,,
3302,3301,,,169.99460584426123,125,True,False,True,False,success,0.4986918568611145,,,ou_noise,0,978752,973753,486876,30.17242588043213,-28.076304897185295,,,
3303,3302,,,140.5875323855207,203,True,False,True,False,success,0.4624108076095581,,,ou_noise,0,978955,973956,486978,35.953007683965374,-28.237479509091845,,,
3304,3303,,,167.3109649594956,139,True,False,True,False,success,0.4787415862083435,,,ou_noise,0,979094,974095,487047,37.745250386299844,-28.358581653539684,,,
3305,3304,,,171.82719768516642,125,True,False,True,False,success,0.48896557092666626,,,ou_noise,0,979219,974220,487110,36.569253807067874,-28.50094998072064,,,
3306,3305,,,166.1357001648688,138,True,False,True,False,success,0.4877152740955353,,,ou_noise,0,979357,974358,487179,27.295541569806527,-28.380746122719586,,,
3307,3306,,,161.753221972327,139,True,False,True,False,success,0.49420785903930664,,,ou_noise,0,979496,974497,487248,36.30896616325104,-28.06051102237425,,,
3308,3307,,,172.07559398012256,120,True,False,True,False,success,0.4258532226085663,,,ou_noise,0,979616,974617,487308,36.1736483891805,-28.07758223215739,,,
3309,3308,,,166.4286310393922,131,True,False,True,False,success,0.46427860856056213,,,ou_noise,0,979747,974748,487374,35.00732669393525,-28.502896771286473,,,
3310,3309,,,-345.10775951127533,932,False,True,True,False,collision,3.861170530319214,,,ou_noise,0,980679,975680,487840,36.351471240940015,-28.526336178759138,,,
3311,3310,,,138.7157987232045,234,True,False,True,False,success,0.40752843022346497,,,ou_noise,0,980913,975914,487957,30.332351945404312,-28.25203378791483,,,
3312,3311,,,166.54142764811579,141,True,False,True,False,success,0.47366517782211304,,,ou_noise,0,981054,976055,488027,34.10204922561105,-28.492098808288574,,,
3313,3312,,,163.76126911450098,142,True,False,True,False,success,0.47719988226890564,,,ou_noise,0,981196,976197,488098,35.86636109419272,-28.178049087524414,,,
3314,3313,,,159.34463022642151,162,True,False,True,False,success,0.4488050043582916,,,ou_noise,0,981358,976359,488179,37.781401298664235,-28.766900333357444,,,
3315,3314,,,167.25798259107665,125,True,False,True,False,success,0.46191978454589844,,,ou_noise,0,981483,976484,488242,33.78526221466065,-28.69078811766609,,,
3316,3315,,,169.44727725460604,132,True,False,True,False,success,0.4352978467941284,,,ou_noise,0,981615,976616,488308,30.56154303117232,-28.691654234221488,,,
3317,3316,,,101.8721119995949,332,True,False,True,False,success,0.48452889919281006,,,ou_noise,0,981947,976948,488474,35.25074238375009,-28.725680190396595,,,
3318,3317,,,165.26328940319632,143,True,False,True,False,success,0.46819597482681274,,,ou_noise,0,982090,977091,488545,37.57683679940817,-28.49887598064584,,,
3319,3318,,,159.46358420488878,146,True,False,True,False,success,0.4995458126068115,,,ou_noise,0,982236,977237,488618,37.049262869847965,-28.622652733162656,,,
3320,3319,,,169.83431942992945,134,True,False,True,False,success,0.45701858401298523,,,ou_noise,0,982370,977371,488685,35.60364688332401,-28.623246548780756,,,
3321,3320,,,164.68802316942484,142,True,False,True,False,success,0.46088406443595886,,,ou_noise,0,982512,977513,488756,32.31743419002479,-28.782679060815084,,,
3322,3321,,,166.70420759313853,137,True,False,True,False,success,0.4894268810749054,,,ou_noise,0,982649,977650,488825,39.084739685058594,-28.847249348958332,,,
3323,3322,,,170.26098850413533,127,True,False,True,False,success,0.41499844193458557,,,ou_noise,0,982776,977777,488888,34.86908425308588,-28.770248564462815,,,
3324,3323,,,-141.8034933373423,356,False,True,True,False,collision,6.032015800476074,,,ou_noise,0,983132,978133,489066,32.88151416349947,-28.861036225651088,,,
3325,3324,,,144.57522371001983,192,True,False,True,False,success,0.47258222103118896,,,ou_noise,0,983324,978325,489162,37.41856778164705,-28.659373541673023,,,
3326,3325,,,168.51635417043877,129,True,False,True,False,success,0.42474377155303955,,,ou_noise,0,983453,978454,489227,31.068196008371753,-28.76059300349309,,,
3327,3326,,,158.16634556534768,155,True,False,True,False,success,0.4488529562950134,,,ou_noise,0,983608,978609,489304,37.6948122824392,-28.81740631995263,,,
3328,3327,,,125.94972566809447,287,True,False,True,False,success,0.45760050415992737,,,ou_noise,0,983895,978896,489448,29.02686565678294,-29.06057631969452,,,
3329,3328,,,164.9315593354965,147,True,False,True,False,success,0.4803064465522766,,,ou_noise,0,984042,979043,489521,36.78555724085594,-29.142587818511544,,,
3330,3329,,,162.47904392405576,137,True,False,True,False,success,0.4599282741546631,,,ou_noise,0,984179,979180,489590,32.29477642226393,-29.342461572177168,,,
3331,3330,,,171.6426805001576,124,True,False,True,False,success,0.4535428583621979,,,ou_noise,0,984303,979304,489652,40.377288726068315,-28.758733903208086,,,
3332,3331,,,154.81328096493522,166,True,False,True,False,success,0.4865014851093292,,,ou_noise,0,984469,979470,489735,31.861400609993073,-29.095569610595703,,,
3333,3332,,,151.5118810905519,167,True,False,True,False,success,0.42837920784950256,,,ou_noise,0,984636,979637,489818,25.98701288600168,-28.880700881222644,,,
3334,3333,,,169.45556433620933,131,True,False,True,False,success,0.4737173020839691,,,ou_noise,0,984767,979768,489884,32.693531422214654,-28.586465604377516,,,
3335,3334,,,167.91733498478663,138,True,False,True,False,success,0.4178047180175781,,,ou_noise,0,984905,979906,489953,34.15030905129253,-29.3223042142564,,,
3336,3335,,,153.41831700001114,187,True,False,True,False,success,0.47855445742607117,,,ou_noise,0,985092,980093,490046,31.767321331615754,-29.308460953415082,,,
3337,3336,,,158.6263421305476,156,True,False,True,False,success,0.4841136932373047,,,ou_noise,0,985248,980249,490124,33.34277401214991,-29.14484906807924,,,
3338,3337,,,165.68904779449204,133,True,False,True,False,success,0.4909648895263672,,,ou_noise,0,985381,980382,490191,30.63378167690191,-29.169746854412022,,,
3339,3338,,,157.07026522646106,146,True,False,True,False,success,0.4687126576900482,,,ou_noise,0,985527,980528,490264,38.76953036817786,-29.79958876518354,,,
3340,3339,,,161.56660927179612,140,True,False,True,False,success,0.46117478609085083,,,ou_noise,0,985667,980668,490334,36.12078931672232,-29.22616994040353,,,
3341,3340,,,164.09444291360114,140,True,False,True,False,success,0.44993090629577637,,,ou_noise,0,985807,980808,490404,38.91474614143372,-29.430945614406042,,,
3342,3341,,,162.4957379619012,144,True,False,True,False,success,0.4811478555202484,,,ou_noise,0,985951,980952,490476,28.42538817723592,-29.64935787518819,,,
3343,3342,,,168.36630713947636,130,True,False,True,False,success,0.4328927993774414,,,ou_noise,0,986081,981082,490541,35.39907649847177,-29.01901884812575,,,
3344,3343,,,168.13404171725944,127,True,False,True,False,success,0.45444604754447937,,,ou_noise,0,986208,981209,490604,36.30270875345065,-29.20534851437523,,,
3345,3344,,,162.05759902781853,144,True,False,True,False,success,0.47116172313690186,,,ou_noise,0,986352,981353,490676,30.272107071346706,-29.35070006052653,,,
3346,3345,,,167.5707239947723,132,True,False,True,False,success,0.47126683592796326,,,ou_noise,0,986484,981485,490742,32.442625616536,-29.579422054868758,,,
3347,3346,,,111.64249501531631,355,True,False,True,False,success,0.42809346318244934,,,ou_noise,0,986839,981840,490920,37.003801208818466,-29.57414563854089,,,
3348,3347,,,153.15525021979994,166,True,False,True,False,success,0.48294031620025635,,,ou_noise,0,987005,982006,491003,31.395337213952857,-29.620250058461384,,,
3349,3348,,,-260.67922882956367,1000,False,False,False,True,cutoff,7.730039596557617,,,ou_noise,0,988005,983006,491503,37.36774987411499,-29.35568185043335,,,
3350,3349,,,169.3024695135878,126,True,False,True,False,success,0.4458981454372406,,,ou_noise,0,988131,983132,491566,39.19730285614256,-29.55255917140416,,,
3351,3350,,,-72.34337208156394,52,False,True,True,False,collision,6.479844093322754,,,ou_noise,0,988183,983184,491592,31.249391849224384,-30.07409088428204,,,
3352,3351,,,160.24036858898452,154,True,False,True,False,success,0.4372459352016449,,,ou_noise,0,988337,983338,491669,34.05082203505875,-29.431383207246856,,,
3353,3352,,,-103.4415990744339,19,False,True,True,False,collision,9.537528991699219,,,ou_noise,0,988356,983357,491678,27.558341528240003,-29.899641460842556,,,
3354,3353,,,165.29101744466732,139,True,False,True,False,success,0.4910225570201874,,,ou_noise,0,988495,983496,491748,35.599055818516575,-29.719157137189594,,,
3355,3354,,,171.4767074824125,124,True,False,True,False,success,0.4479512870311737,,,ou_noise,0,988619,983620,491810,34.23608053884199,-29.120116049243556,,,
3356,3355,,,168.53582198986246,133,True,False,True,False,success,0.419111967086792,,,ou_noise,0,988752,983753,491876,32.76263452114019,-29.131400657422613,,,
3357,3356,,,158.6300197578819,156,True,False,True,False,success,0.48880913853645325,,,ou_noise,0,988908,983909,491954,37.92705837274209,-29.43344835134653,,,
3358,3357,,,161.8521193377932,147,True,False,True,False,success,0.43699944019317627,,,ou_noise,0,989055,984056,492028,38.1858366881909,-29.196665377230257,,,
3359,3358,,,170.4680434846369,126,True,False,True,False,success,0.4311183989048004,,,ou_noise,0,989181,984182,492091,28.139022607651967,-29.395422284565274,,,
3360,3359,,,161.52626259891957,148,True,False,True,False,success,0.41639935970306396,,,ou_noise,0,989329,984330,492165,35.200631927799535,-29.878346005001582,,,
3361,3360,,,-208.91942212468555,1000,False,False,False,True,cutoff,3.6167757511138916,,,ou_noise,0,990329,985330,492665,34.17948062992096,-29.592155616760255,,,
3362,3361,,,165.9716111995386,145,True,False,True,False,success,0.469615638256073,,,ou_noise,0,990474,985475,492737,31.59773093256457,-29.40685028500027,,,
3363,3362,,,-112.75854315371983,187,False,True,True,False,collision,6.045113563537598,,,ou_noise,0,990661,985662,492831,28.791089119120716,-29.721924132489143,,,
3364,3363,,,161.2323495909368,142,True,False,True,False,success,0.4028703570365906,,,ou_noise,0,990803,985804,492902,38.39218801847646,-29.873785475610006,,,
3365,3364,,,172.99264336049416,120,True,False,True,False,success,0.4233305752277374,,,ou_noise,0,990923,985924,492962,30.002751286824545,-29.122579669952394,,,
3366,3365,,,172.9141900112549,120,True,False,True,False,success,0.4448663592338562,,,ou_noise,0,991043,986044,493022,36.845241808891295,-29.165489164988198,,,
3367,3366,,,148.80498123416336,178,True,False,True,False,success,0.426590234041214,,,ou_noise,0,991221,986222,493111,34.207311105192375,-29.592732440219837,,,
3368,3367,,,161.6754206517943,150,True,False,True,False,success,0.4649878740310669,,,ou_noise,0,991371,986372,493186,28.74937801361084,-29.37283716837565,,,
3369,3368,,,170.31277362827922,125,True,False,True,False,success,0.4320628345012665,,,ou_noise,0,991496,986497,493248,29.142602989196778,-29.57004580959197,,,
3370,3369,,,160.0297846387342,153,True,False,True,False,success,0.4577549397945404,,,ou_noise,0,991649,986650,493325,35.78787417193644,-29.429375190239448,,,
3371,3370,,,-82.63148150675784,112,False,True,True,False,collision,5.340494155883789,,,ou_noise,0,991761,986762,493381,29.833690140928542,-29.24265878541129,,,
3372,3371,,,166.2206153539562,140,True,False,True,False,success,0.4981212019920349,,,ou_noise,0,991901,986902,493451,44.633916228158135,-29.71534538269043,,,
3373,3372,,,161.98717339685757,139,True,False,True,False,success,0.48772910237312317,,,ou_noise,0,992040,987041,493520,32.07005762196273,-29.809070338373598,,,
3374,3373,,,-91.49645833108835,58,False,True,True,False,collision,7.632286548614502,,,ou_noise,0,992098,987099,493549,43.68115030486008,-28.963144565450733,,,
3375,3374,,,-212.26404468253972,1000,False,False,False,True,cutoff,6.312948226928711,,,ou_noise,0,993098,988099,494049,33.610232698440555,-29.91696647644043,,,
3376,3375,,,-79.43852159169799,48,False,True,True,False,collision,7.220004081726074,,,ou_noise,0,993146,988147,494073,35.32442247867584,-29.476017077763874,,,
3377,3376,,,173.0775760156909,115,True,False,True,False,success,0.4658995568752289,,,ou_noise,0,993261,988262,494131,45.190469061810035,-29.743413366120436,,,
3378,3377,,,161.78803835335242,146,True,False,True,False,success,0.46445202827453613,,,ou_noise,0,993407,988408,494204,37.21333641548679,-29.391974671246253,,,
3379,3378,,,173.59676371089563,113,True,False,True,False,success,0.46585923433303833,,,ou_noise,0,993520,988521,494260,32.046881186223665,-29.666810750961304,,,
3380,3379,,,171.97506668506776,120,True,False,True,False,success,0.49925220012664795,,,ou_noise,0,993640,988641,494320,37.01973276933034,-30.152302010854086,,,
3381,3380,,,163.9668321320146,140,True,False,True,False,success,0.46601638197898865,,,ou_noise,0,993780,988781,494390,34.25552995545524,-29.44979261670794,,,
3382,3381,,,171.96764106409265,117,True,False,True,False,success,0.43183761835098267,,,ou_noise,0,993897,988898,494449,35.22639686225826,-29.45276143995382,,,
3383,3382,,,169.94759886135324,126,True,False,True,False,success,0.44859209656715393,,,ou_noise,0,994023,989024,494512,36.11015462875366,-29.575666609264555,,,
3384,3383,,,171.42287947255926,123,True,False,True,False,success,0.47814643383026123,,,ou_noise,0,994146,989147,494573,33.13919791555017,-29.754470825195312,,,
3385,3384,,,170.16297640322492,128,True,False,True,False,success,0.49866756796836853,,,ou_noise,0,994274,989275,494637,40.738682352006435,-29.918763369321823,,,
3386,3385,,,167.32272401301492,134,True,False,True,False,success,0.46878743171691895,,,ou_noise,0,994408,989409,494704,27.077604848947097,-29.566103152374723,,,
3387,3386,,,163.7201916419992,140,True,False,True,False,success,0.4592169523239136,,,ou_noise,0,994548,989549,494774,30.761202723639354,-29.645363671439036,,,
3388,3387,,,153.81074826817976,168,True,False,True,False,success,0.43637600541114807,,,ou_noise,0,994716,989717,494858,39.06495203290667,-29.829515888577415,,,
3389,3388,,,156.44770787799263,161,True,False,True,False,success,0.4640907645225525,,,ou_noise,0,994877,989878,494939,37.23406153139861,-29.55389416070632,,,
3390,3389,,,161.43332297805395,137,True,False,True,False,success,0.4474666714668274,,,ou_noise,0,995014,990015,495007,30.322824206665484,-29.93216152752147,,,
3391,3390,,,-89.67668650520406,27,False,True,True,False,collision,8.792620658874512,,,ou_noise,0,995041,990042,495021,35.39576749448423,-29.839755739484513,,,
3392,3391,,,171.38632735220614,123,True,False,True,False,success,0.45752736926078796,,,ou_noise,0,995164,990165,495082,26.709960766924105,-30.04011194823218,,,
3393,3392,,,171.77335318618103,120,True,False,True,False,success,0.43100929260253906,,,ou_noise,0,995284,990285,495142,39.88286314805349,-29.979955418904623,,,
3394,3393,,,169.03407467014574,123,True,False,True,False,success,0.425249844789505,,,ou_noise,0,995407,990408,495204,33.25060886290015,-30.014856984538415,,,
3395,3394,,,163.7778985615807,142,True,False,True,False,success,0.4137391746044159,,,ou_noise,0,995549,990550,495275,30.678893391515167,-29.46501922607422,,,
3396,3395,,,163.1787496304765,148,True,False,True,False,success,0.4494461119174957,,,ou_noise,0,995697,990698,495349,41.067766415106284,-30.41429060858649,,,
3397,3396,,,156.41178009939884,161,True,False,True,False,success,0.4468558132648468,,,ou_noise,0,995858,990859,495429,34.47283741257946,-29.782344579696655,,,
3398,3397,,,169.21684875040472,126,True,False,True,False,success,0.48675620555877686,,,ou_noise,0,995984,990985,495492,33.082908993675595,-29.93706170339433,,,
3399,3398,,,169.2732045131345,129,True,False,True,False,success,0.4330209493637085,,,ou_noise,0,996113,991114,495557,34.98185039490692,-29.871393291766825,,,
3400,3399,,,154.9853264279521,151,True,False,True,False,success,0.4842062294483185,,,ou_noise,0,996264,991265,495632,33.082285091576985,-29.6859795888265,,,
3401,3400,,,-231.9133435134754,1000,False,False,False,True,cutoff,6.7771100997924805,,,ou_noise,0,997264,992265,496132,32.63578948688507,-29.85593298339844,,,
3402,3401,,,-87.03636005339736,31,False,True,True,False,collision,8.606439590454102,,,ou_noise,0,997295,992296,496148,26.403078694497385,-30.277474761009216,,,
3403,3402,,,169.70956779685423,122,True,False,True,False,success,0.44465452432632446,,,ou_noise,0,997417,992418,496209,37.881607751377295,-29.657077601698578,,,
3404,3403,,,168.51975337553262,132,True,False,True,False,success,0.45692259073257446,,,ou_noise,0,997549,992550,496275,31.34065463326194,-29.734177098129734,,,
3405,3404,,,164.23707148050312,138,True,False,True,False,success,0.46715283393859863,,,ou_noise,0,997687,992688,496344,31.791945450547814,-29.740668780561805,,,
3406,3405,,,166.84387763593855,136,True,False,True,False,success,0.4600021243095398,,,ou_noise,0,997823,992824,496412,29.8582242306541,-29.577956255744486,,,
3407,3406,,,163.0496185236017,132,True,False,True,False,success,0.4117000997066498,,,ou_noise,0,997955,992956,496478,39.010065627820566,-30.090013821919758,,,
3408,3407,,,151.1457071594493,160,True,False,True,False,success,0.44623804092407227,,,ou_noise,0,998115,993116,496558,36.635209548473355,-29.894777917861937,,,
3409,3408,,,163.55956638582668,144,True,False,True,False,success,0.40979310870170593,,,ou_noise,0,998259,993260,496630,38.61306103070577,-29.695848491456772,,,
3410,3409,,,174.7904624030267,112,True,False,True,False,success,0.46664637327194214,,,ou_noise,0,998371,993372,496686,42.16016892024449,-29.730773789542063,,,
3411,3410,,,168.7275501667516,129,True,False,True,False,success,0.4945964813232422,,,ou_noise,0,998500,993501,496750,32.119305211444235,-30.352661907672882,,,
3412,3411,,,165.82656528144247,134,True,False,True,False,success,0.4317445158958435,,,ou_noise,0,998634,993635,496817,34.88283772966755,-30.211999437702236,,,
3413,3412,,,-246.742251641896,1000,False,False,False,True,cutoff,7.585102081298828,,,ou_noise,0,999634,994635,497317,37.28068679141998,-29.774846408843995,,,
3414,3413,,,163.07465993811982,142,True,False,True,False,success,0.4911344349384308,,,ou_noise,0,999776,994777,497388,35.19313452948987,-30.21803178921552,,,
3415,3414,,,157.69187585407667,151,True,False,True,False,success,0.4669654667377472,,,ou_noise,0,999927,994928,497464,36.800657057604255,-29.54325738706087,,,
3416,3415,,,169.18473115559925,130,True,False,True,False,success,0.45858120918273926,,,ou_noise,0,1000057,995058,497529,39.66748693172748,-30.20224782503568,,,
3417,3416,,,168.15640746552288,132,True,False,True,False,success,0.4352978467941284,,,ou_noise,0,1000189,995190,497595,37.574465115865074,-29.35034381982052,,,
3418,3417,,,160.36968189352757,146,True,False,True,False,success,0.4275534152984619,,,ou_noise,0,1000335,995336,497668,39.374879458179215,-29.693654047299738,,,
3419,3418,,,171.2291706766643,121,True,False,True,False,success,0.4753842353820801,,,ou_noise,0,1000456,995457,497728,30.178921857156045,-30.20563023885091,,,
3420,3419,,,163.20389328805828,140,True,False,True,False,success,0.4873247742652893,,,ou_noise,0,1000596,995597,497798,40.095298235757014,-30.090777233668735,,,
3421,3420,,,164.24640764785124,134,True,False,True,False,success,0.45942264795303345,,,ou_noise,0,1000730,995731,497865,30.15831427787667,-29.87041527477663,,,
3422,3421,,,164.7200481944801,143,True,False,True,False,success,0.49695393443107605,,,ou_noise,0,1000873,995874,497937,36.64839099670623,-30.138447682062786,,,
3423,3422,,,170.97015382377083,126,True,False,True,False,success,0.4433843791484833,,,ou_noise,0,1000999,996000,498000,34.20584020917378,-30.28937245929052,,,
3424,3423,,,158.38837888312537,151,True,False,True,False,success,0.4527396559715271,,,ou_noise,0,1001150,996151,498075,38.788147332652514,-30.629270324707033,,,
3425,3424,,,-336.02514799739674,1000,False,False,False,True,cutoff,7.59760046005249,,,ou_noise,0,1002150,997151,498575,31.76998201942444,-29.981171493530272,,,
3426,3425,,,167.87336428867542,131,True,False,True,False,success,0.4341054856777191,,,ou_noise,0,1002281,997282,498641,38.9427632703126,-29.674977071357496,,,
3427,3426,,,60.824675589641934,474,True,False,True,False,success,0.4786885380744934,,,ou_noise,0,1002755,997756,498878,35.205425920365734,-30.091724637188488,,,
3428,3427,,,161.4656950713146,147,True,False,True,False,success,0.46992161870002747,,,ou_noise,0,1002902,997903,498951,32.42742414539363,-29.607609997056937,,,
3429,3428,,,137.25080002017188,264,True,False,True,False,success,0.46618014574050903,,,ou_noise,0,1003166,998167,499083,33.13915729522705,-30.090286009239428,,,
3430,3429,,,169.2160492256133,127,True,False,True,False,success,0.47999486327171326,,,ou_noise,0,1003293,998294,499147,29.668217914310965,-30.298612147569656,,,
3431,3430,,,166.39439286745838,131,True,False,True,False,success,0.47662925720214844,,,ou_noise,0,1003424,998425,499212,35.388557514161555,-29.33777148907001,,,
3432,3431,,,160.84697044917678,151,True,False,True,False,success,0.48292165994644165,,,ou_noise,0,1003575,998576,499288,37.55304306863949,-30.083846217707585,,,
3433,3432,,,171.03278085638365,128,True,False,True,False,success,0.47715234756469727,,,ou_noise,0,1003703,998704,499352,33.54830326884985,-30.05266472697258,,,
3434,3433,,,173.64827146321858,114,True,False,True,False,success,0.4516170620918274,,,ou_noise,0,1003817,998818,499409,33.4139510790507,-29.84678241662812,,,
3435,3434,,,162.21979688333914,141,True,False,True,False,success,0.42114195227622986,,,ou_noise,0,1003958,998959,499479,26.635346155640082,-29.77156434740339,,,
3436,3435,,,153.13766239467586,166,True,False,True,False,success,0.42512285709381104,,,ou_noise,0,1004124,999125,499562,38.224634566939024,-29.723042338727467,,,
3437,3436,,,167.15304462979367,129,True,False,True,False,success,0.47588661313056946,,,ou_noise,0,1004253,999254,499627,36.96534419983856,-30.270645669790415,,,
3438,3437,,,-58.92391093318472,114,False,True,True,False,collision,2.9295542240142822,,,ou_noise,0,1004367,999368,499684,37.55628586651986,-29.538557956093236,,,
3439,3438,,,164.6366392795369,141,True,False,True,False,success,0.43901029229164124,,,ou_noise,0,1004508,999509,499754,41.777231994250144,-29.63027755192348,,,
3440,3439,,,162.6873270506519,144,True,False,True,False,success,0.4666776657104492,,,ou_noise,0,1004652,999653,499826,38.230575773451065,-30.350885338253445,,,
3441,3440,,,171.00270452415788,120,True,False,True,False,success,0.41560840606689453,,,ou_noise,0,1004772,999773,499886,38.493594924608864,-29.593668111165364,,,
3442,3441,,,163.18262264784465,147,True,False,True,False,success,0.49286404252052307,,,ou_noise,0,1004919,999920,499960,35.607714646527555,-30.291835088987607,,,
3443,3442,,,167.9294911764387,130,True,False,True,False,success,0.4844925105571747,,,ou_noise,0,1005049,1000050,500025,30.777169396327093,-30.04678101172814,,,
3444,3443,,,164.95156342308485,135,True,False,True,False,success,0.4424143135547638,,,ou_noise,0,1005184,1000185,500092,29.307491888823332,-29.441748149359405,,,
3445,3444,,,167.81298339871495,133,True,False,True,False,success,0.4600388705730438,,,ou_noise,0,1005317,1000318,500159,35.61109879142359,-30.152890589699815,,,
3446,3445,,,170.719744488963,121,True,False,True,False,success,0.43826356530189514,,,ou_noise,0,1005438,1000439,500219,39.45076560974121,-30.386531988779705,,,
3447,3446,,,106.20132498564818,393,True,False,True,False,success,0.4616948366165161,,,ou_noise,0,1005831,1000832,500416,33.31690440287117,-29.99966014339234,,,
3448,3447,,,174.2328378638058,113,True,False,True,False,success,0.42051050066947937,,,ou_noise,0,1005944,1000945,500472,32.60282429551656,-29.982521806444442,,,
3449,3448,,,170.44783930500108,124,True,False,True,False,success,0.4037269055843353,,,ou_noise,0,1006068,1001069,500534,37.53072821709417,-29.974463524356967,,,
3450,3449,,,-88.06292196855091,71,False,True,True,False,collision,7.10444974899292,,,ou_noise,0,1006139,1001140,500570,38.81371097833338,-30.148795233832466,,,
3451,3450,,,-66.21111494233483,59,False,True,True,False,collision,5.410766124725342,,,ou_noise,0,1006198,1001199,500599,44.79266284684003,-30.476208982796503,,,
3452,3451,,,164.35233249606608,139,True,False,True,False,success,0.45517921447753906,,,ou_noise,0,1006337,1001338,500669,32.85503528100981,-30.189659036908832,,,
3453,3452,,,169.9046542340721,133,True,False,True,False,success,0.4641585648059845,,,ou_noise,0,1006470,1001471,500735,34.66618121297736,-30.095826409079812,,,
3454,3453,,,161.33109166571407,149,True,False,True,False,success,0.40102511644363403,,,ou_noise,0,1006619,1001620,500810,35.20873709173011,-30.621624603271485,,,
3455,3454,,,174.94283731851607,113,True,False,True,False,success,0.4590108394622803,,,ou_noise,0,1006732,1001733,500866,38.18059554142235,-29.804609400885447,,,
3456,3455,,,144.19481604424342,204,True,False,True,False,success,0.42392340302467346,,,ou_noise,0,1006936,1001937,500968,44.36240320579678,-30.550417563494513,,,
3457,3456,,,168.37252994760567,134,True,False,True,False,success,0.4910795986652374,,,ou_noise,0,1007070,1002071,501035,35.335206885836016,-30.317249696646165,,,
3458,3457,,,167.284245616347,136,True,False,True,False,success,0.495473712682724,,,ou_noise,0,1007206,1002207,501103,33.415798481772924,-30.45228890811696,,,
3459,3458,,,-239.8889134055891,1000,False,False,False,True,cutoff,7.501835823059082,,,ou_noise,0,1008206,1003207,501603,35.36498558521271,-30.343728370666504,,,
3460,3459,,,169.99222782261444,119,True,False,True,False,success,0.4914047122001648,,,ou_noise,0,1008325,1003326,501663,32.1162272781885,-30.714535172780355,,,
3461,3460,,,159.0053049794719,154,True,False,True,False,success,0.4625055491924286,,,ou_noise,0,1008479,1003480,501740,33.709064570340246,-30.82857728933359,,,
3462,3461,,,167.26845365615895,135,True,False,True,False,success,0.46863943338394165,,,ou_noise,0,1008614,1003615,501807,31.407251626473887,-30.38501039191858,,,
3463,3462,,,167.5387686337638,133,True,False,True,False,success,0.4605671465396881,,,ou_noise,0,1008747,1003748,501874,28.343692399505386,-30.13804942458423,,,
3464,3463,,,160.62709040420395,149,True,False,True,False,success,0.49240565299987793,,,ou_noise,0,1008896,1003897,501948,36.70801429620525,-29.909811561172074,,,
3465,3464,,,159.15969066752186,147,True,False,True,False,success,0.47751444578170776,,,ou_noise,0,1009043,1004044,502022,40.4884062981119,-30.416982315682077,,,
3466,3465,,,171.86579093626645,121,True,False,True,False,success,0.46973103284835815,,,ou_noise,0,1009164,1004165,502082,35.499717207979565,-30.408910210927328,,,
3467,3466,,,168.74367430475286,126,True,False,True,False,success,0.4848269820213318,,,ou_noise,0,1009290,1004291,502145,34.641702477894135,-31.105850522480313,,,
3468,3467,,,174.35138827533905,113,True,False,True,False,success,0.45910653471946716,,,ou_noise,0,1009403,1004404,502202,29.02925575728965,-30.482181047138415,,,
3469,3468,,,171.16602041252892,123,True,False,True,False,success,0.42409977316856384,,,ou_noise,0,1009526,1004527,502263,34.73700449718692,-30.549454860999937,,,
3470,3469,,,163.69923892602208,140,True,False,True,False,success,0.48388373851776123,,,ou_noise,0,1009666,1004667,502333,36.90872539792742,-30.88717054639544,,,
3471,3470,,,158.13465903437807,156,True,False,True,False,success,0.4968370795249939,,,ou_noise,0,1009822,1004823,502411,32.082196950912476,-30.605055319957245,,,
3472,3471,,,170.69317927808407,122,True,False,True,False,success,0.4392227530479431,,,ou_noise,0,1009944,1004945,502472,35.73444272651047,-30.507379156644227,,,
3473,3472,,,160.111251583809,152,True,False,True,False,success,0.4284486174583435,,,ou_noise,0,1010096,1005097,502548,37.666279190465026,-31.090932820972643,,,
3474,3473,,,164.6806760744962,139,True,False,True,False,success,0.42314690351486206,,,ou_noise,0,1010235,1005236,502618,30.68844646344082,-30.27368128640311,,,
3475,3474,,,161.21538994519176,140,True,False,True,False,success,0.41603338718414307,,,ou_noise,0,1010375,1005376,502688,33.644740908486504,-29.731690461294992,,,
3476,3475,,,158.28887791853595,142,True,False,True,False,success,0.4547620415687561,,,ou_noise,0,1010517,1005518,502759,27.779289070989044,-30.230348184075154,,,
3477,3476,,,166.56633655059977,132,True,False,True,False,success,0.4457705318927765,,,ou_noise,0,1010649,1005650,502825,36.128293080763385,-31.044972304141883,,,
3478,3477,,,162.81131097091614,142,True,False,True,False,success,0.46569305658340454,,,ou_noise,0,1010791,1005792,502896,41.436900629124175,-31.672377787845235,,,
3479,3478,,,165.37840552103015,142,True,False,True,False,success,0.4515962302684784,,,ou_noise,0,1010933,1005934,502967,30.912619342266673,-30.566063034702356,,,
3480,3479,,,-249.07887633551002,1000,False,False,False,True,cutoff,5.659267902374268,,,ou_noise,0,1011933,1006934,503467,34.65945283508301,-30.5565834236145,,,
3481,3480,,,162.38845566878726,145,True,False,True,False,success,0.4304063022136688,,,ou_noise,0,1012078,1007079,503539,33.451214494376345,-30.746700313356186,,,
3482,3481,,,170.79376372808633,122,True,False,True,False,success,0.451532781124115,,,ou_noise,0,1012200,1007201,503600,34.53318147971982,-30.77441137345111,,,
3483,3482,,,174.40200050420333,114,True,False,True,False,success,0.48321130871772766,,,ou_noise,0,1012314,1007315,503657,28.125092958149157,-30.696193226596765,,,
3484,3483,,,171.52674462401185,120,True,False,True,False,success,0.4697428345680237,,,ou_noise,0,1012434,1007435,503717,35.61907743612925,-30.53260431289673,,,
3485,3484,,,161.93710017906017,148,True,False,True,False,success,0.4206281900405884,,,ou_noise,0,1012582,1007583,503791,33.76694799113918,-30.898795720693226,,,
3486,3485,,,166.9032546445963,131,True,False,True,False,success,0.41788163781166077,,,ou_noise,0,1012713,1007714,503857,35.04220120233434,-30.431190143931996,,,
3487,3486,,,171.65368688192214,123,True,False,True,False,success,0.43023720383644104,,,ou_noise,0,1012836,1007837,503918,40.30859112933399,-31.25094545082968,,,
3488,3487,,,162.4777535387755,140,True,False,True,False,success,0.4146583676338196,,,ou_noise,0,1012976,1007977,503988,36.918222761154176,-30.2051116670881,,,
3489,3488,,,163.2991599023451,143,True,False,True,False,success,0.43752026557922363,,,ou_noise,0,1013119,1008120,504060,32.42897805300626,-30.988756974538166,,,
3490,3489,,,156.78705822775098,159,True,False,True,False,success,0.4832392632961273,,,ou_noise,0,1013278,1008279,504139,30.0475920191351,-30.86961825889877,,,
3491,3490,,,156.59672813184804,153,True,False,True,False,success,0.4676814377307892,,,ou_noise,0,1013431,1008432,504216,39.91986860636792,-31.003335977529552,,,
3492,3491,,,166.32159183968434,137,True,False,True,False,success,0.45808759331703186,,,ou_noise,0,1013568,1008569,504284,40.29667348931306,-30.534926638883704,,,
3493,3492,,,159.61608120650737,150,True,False,True,False,success,0.49837929010391235,,,ou_noise,0,1013718,1008719,504359,33.98328884124756,-30.696177037556968,,,
3494,3493,,,168.21006207540057,129,True,False,True,False,success,0.464799165725708,,,ou_noise,0,1013847,1008848,504424,32.79316593879877,-30.460904400165266,,,
3495,3494,,,171.35123937185156,121,True,False,True,False,success,0.45813122391700745,,,ou_noise,0,1013968,1008969,504484,33.69022573518359,-30.23858248392741,,,
3496,3495,,,164.42285900104238,137,True,False,True,False,success,0.45347264409065247,,,ou_noise,0,1014105,1009106,504553,30.31436109890903,-30.409908709318742,,,
3497,3496,,,159.0841046586072,150,True,False,True,False,success,0.44346144795417786,,,ou_noise,0,1014255,1009256,504628,31.398142623901368,-30.314710006713867,,,
3498,3497,,,163.40664888971432,138,True,False,True,False,success,0.43177124857902527,,,ou_noise,0,1014393,1009394,504697,32.68840955651325,-30.695226724596992,,,
3499,3498,,,168.67563988564305,131,True,False,True,False,success,0.45631369948387146,,,ou_noise,0,1014524,1009525,504762,30.505473668338688,-30.49060997596154,,,
3500,3499,,,164.63363704810547,134,True,False,True,False,success,0.4790765047073364,,,ou_noise,0,1014658,1009659,504829,28.53711411490369,-30.537513675974377,,,
3501,3500,,,-87.50574817601196,54,False,True,True,False,collision,7.563519477844238,,,ou_noise,0,1014712,1009713,504856,29.91346016636601,-29.790339646516024,,,
3502,3501,,,156.44181231152749,163,True,False,True,False,success,0.4340914785861969,,,ou_noise,0,1014875,1009876,504938,37.69908370269588,-30.131746617759145,,,
3503,3502,,,160.06104725778073,153,True,False,True,False,success,0.49903905391693115,,,ou_noise,0,1015028,1010029,505014,35.705791136797735,-30.437791121633428,,,
3504,3503,,,157.77689596934047,159,True,False,True,False,success,0.44371747970581055,,,ou_noise,0,1015187,1010188,505094,29.250933221301192,-30.526536321640016,,,
3505,3504,,,172.7803751099563,116,True,False,True,False,success,0.4874211251735687,,,ou_noise,0,1015303,1010304,505152,38.55589247572011,-30.584107431872138,,,
3506,3505,,,160.3437018422086,142,True,False,True,False,success,0.4407137930393219,,,ou_noise,0,1015445,1010446,505223,38.53132906094403,-30.774845741164516,,,
3507,3506,,,163.72368772191942,138,True,False,True,False,success,0.4344497621059418,,,ou_noise,0,1015583,1010584,505292,34.64733850092128,-30.28484330661055,,,
3508,3507,,,169.1086392057256,132,True,False,True,False,success,0.4543401598930359,,,ou_noise,0,1015715,1010716,505358,32.34005342107831,-30.689168323170055,,,
3509,3508,,,160.81094639822572,143,True,False,True,False,success,0.4424004554748535,,,ou_noise,0,1015858,1010859,505429,42.25210975433563,-30.95019644079074,,,
3510,3509,,,162.49742328934292,147,True,False,True,False,success,0.47288206219673157,,,ou_noise,0,1016005,1011006,505503,37.47437582210619,-30.321286974726497,,,
3511,3510,,,168.88600452207447,122,True,False,True,False,success,0.48144033551216125,,,ou_noise,0,1016127,1011128,505564,36.9606122814241,-31.26882237293681,,,
3512,3511,,,-71.15537608863885,59,False,True,True,False,collision,6.228654384613037,,,ou_noise,0,1016186,1011187,505593,35.64056288185766,-31.350716821078596,,,
3513,3512,,,173.6997848243247,116,True,False,True,False,success,0.47449395060539246,,,ou_noise,0,1016302,1011303,505651,37.71494403378717,-30.546831657146587,,,
3514,3513,,,164.13136616119635,138,True,False,True,False,success,0.4884088933467865,,,ou_noise,0,1016440,1011441,505720,39.00787730147873,-30.854746555936508,,,
3515,3514,,,168.14310580963416,127,True,False,True,False,success,0.48202165961265564,,,ou_noise,0,1016567,1011568,505784,36.93579450742466,-31.007440596818924,,,
3516,3515,,,165.94318146053627,128,True,False,True,False,success,0.4578251242637634,,,ou_noise,0,1016695,1011696,505848,32.0072612836957,-30.226828902959824,,,
3517,3516,,,164.74864697546593,136,True,False,True,False,success,0.49922245740890503,,,ou_noise,0,1016831,1011832,505916,34.88849883219775,-30.860198778264664,,,
3518,3517,,,158.08285580929373,157,True,False,True,False,success,0.46206560730934143,,,ou_noise,0,1016988,1011989,505994,36.23069448531813,-30.97964076506786,,,
3519,3518,,,168.25137068265292,134,True,False,True,False,success,0.4694550335407257,,,ou_noise,0,1017122,1012123,506061,33.15789210618432,-30.72141413902169,,,
3520,3519,,,169.47742548727842,133,True,False,True,False,success,0.42037659883499146,,,ou_noise,0,1017255,1012256,506128,32.98720127478578,-30.793471151323462,,,
3521,3520,,,163.16605728654278,143,True,False,True,False,success,0.46887466311454773,,,ou_noise,0,1017398,1012399,506199,30.93952550421228,-31.789880645107214,,,
3522,3521,,,169.17248217582716,124,True,False,True,False,success,0.43807265162467957,,,ou_noise,0,1017522,1012523,506261,34.052150180262906,-31.23636587204472,,,
3523,3522,,,168.35670099043634,139,True,False,True,False,success,0.4738101065158844,,,ou_noise,0,1017661,1012662,506331,32.976140276133584,-30.76327566419329,,,
3524,3523,,,-179.7147825763762,309,False,True,True,False,collision,6.492422103881836,,,ou_noise,0,1017970,1012971,506485,36.224057891993844,-30.959694193555162,,,
3525,3524,,,173.14980989315342,120,True,False,True,False,success,0.4652196168899536,,,ou_noise,0,1018090,1013091,506545,35.146053870519005,-31.3773943901062,,,
3526,3525,,,163.3901298123863,142,True,False,True,False,success,0.46387502551078796,,,ou_noise,0,1018232,1013233,506616,36.794949142026226,-31.207201380125234,,,
3527,3526,,,161.46518879618972,144,True,False,True,False,success,0.4873633086681366,,,ou_noise,0,1018376,1013377,506688,32.70004501607683,-31.20322431458367,,,
3528,3527,,,165.8999080730153,142,True,False,True,False,success,0.4686259627342224,,,ou_noise,0,1018518,1013519,506759,33.862684149137685,-31.80505048724967,,,
3529,3528,,,-90.87557254434071,75,False,True,True,False,collision,6.750176906585693,,,ou_noise,0,1018593,1013594,506797,37.5607799911499,-31.273459133348968,,,
3530,3529,,,169.6758300211213,127,True,False,True,False,success,0.4633115530014038,,,ou_noise,0,1018720,1013721,506860,29.022295704038125,-31.645012658739848,,,
3531,3530,,,162.90620779114926,147,True,False,True,False,success,0.46078911423683167,,,ou_noise,0,1018867,1013868,506934,30.480729239327566,-31.448787225259316,,,
3532,3531,,,158.74204043308828,157,True,False,True,False,success,0.42815515398979187,,,ou_noise,0,1019024,1014025,507012,31.788924994742036,-31.401324736766327,,,
3533,3532,,,165.49150524467348,140,True,False,True,False,success,0.46718499064445496,,,ou_noise,0,1019164,1014165,507082,36.09432017462594,-30.965800912039622,,,
3534,3533,,,170.647209886062,121,True,False,True,False,success,0.4632936120033264,,,ou_noise,0,1019285,1014286,507143,35.831268578521474,-30.826167341138497,,,
3535,3534,,,-194.472253012685,1000,False,False,False,True,cutoff,4.001651287078857,,,ou_noise,0,1020285,1015286,507643,32.67717150688171,-31.139023349761963,,,
3536,3535,,,-364.04905989707953,1000,False,False,False,True,cutoff,9.70228385925293,,,ou_noise,0,1021285,1016286,508143,32.937371205329896,-31.019079654693602,,,
3537,3536,,,167.86717168356654,133,True,False,True,False,success,0.43017154932022095,,,ou_noise,0,1021418,1016419,508209,31.0610086899951,-30.848378846139617,,,
3538,3537,,,153.99978334793133,158,True,False,True,False,success,0.44140490889549255,,,ou_noise,0,1021576,1016577,508288,35.55950938599019,-30.607010563717612,,,
3539,3538,,,160.38437651361664,146,True,False,True,False,success,0.4023505747318268,,,ou_noise,0,1021722,1016723,508361,38.68318125973009,-31.052858901350465,,,
3540,3539,,,155.43990449347268,157,True,False,True,False,success,0.45788437128067017,,,ou_noise,0,1021879,1016880,508440,38.50019922074239,-31.104322892201097,,,
3541,3540,,,-107.38702573671256,72,False,True,True,False,collision,8.355402946472168,,,ou_noise,0,1021951,1016952,508476,40.24506045712365,-30.421935823228623,,,
3542,3541,,,155.08531506168478,148,True,False,True,False,success,0.4718591272830963,,,ou_noise,0,1022099,1017100,508550,33.97199577254218,-30.898078583382272,,,
3543,3542,,,164.32344445004426,137,True,False,True,False,success,0.4407831132411957,,,ou_noise,0,1022236,1017237,508618,40.94960068612203,-30.958807805005243,,,
3544,3543,,,164.8811978342567,137,True,False,True,False,success,0.47167110443115234,,,ou_noise,0,1022373,1017374,508687,41.10392654725235,-31.273127155027527,,,
3545,3544,,,167.41340714278147,137,True,False,True,False,success,0.4802961051464081,,,ou_noise,0,1022510,1017511,508755,35.15819656065781,-31.009687367607565,,,
3546,3545,,,170.46329064838255,129,True,False,True,False,success,0.4386938214302063,,,ou_noise,0,1022639,1017640,508820,29.118252569390823,-30.781642825786886,,,
3547,3546,,,154.62934559110246,157,True,False,True,False,success,0.4054732322692871,,,ou_noise,0,1022796,1017797,508898,37.18686013312856,-31.08125388316619,,,
3548,3547,,,164.05231718952007,140,True,False,True,False,success,0.42722681164741516,,,ou_noise,0,1022936,1017937,508968,29.924863903863088,-30.49348610469273,,,
3549,3548,,,168.59515896862888,127,True,False,True,False,success,0.4806680977344513,,,ou_noise,0,1023063,1018064,509032,30.396517941332238,-31.03032436966896,,,
3550,3549,,,156.84805794880634,164,True,False,True,False,success,0.4058489501476288,,,ou_noise,0,1023227,1018228,509114,36.07216332016922,-31.156057683432973,,,
3551,3550,,,170.27739405116768,121,True,False,True,False,success,0.44223833084106445,,,ou_noise,0,1023348,1018349,509174,39.48463638557875,-30.441409715016682,,,
3552,3551,,,150.29296298745163,203,True,False,True,False,success,0.4550037682056427,,,ou_noise,0,1023551,1018552,509276,34.367972157858866,-30.540091982074813,,,
3553,3552,,,164.77389876117644,139,True,False,True,False,success,0.46128568053245544,,,ou_noise,0,1023690,1018691,509345,38.71628530076939,-31.30772618279941,,,
3554,3553,,,161.95118515478708,146,True,False,True,False,success,0.4485706388950348,,,ou_noise,0,1023836,1018837,509418,34.7433800436046,-30.856752108221183,,,
3555,3554,,,159.53600670376238,148,True,False,True,False,success,0.4482446610927582,,,ou_noise,0,1023984,1018985,509492,39.46883860149899,-31.180415101953454,,,
3556,3555,,,171.33439543392984,123,True,False,True,False,success,0.41436660289764404,,,ou_noise,0,1024107,1019108,509554,36.29469653649059,-30.897433711636452,,,
3557,3556,,,31.584361867812873,614,True,False,True,False,success,0.4853858947753906,,,ou_noise,0,1024721,1019722,509861,31.859180142902783,-30.761051264958585,,,
3558,3557,,,160.26586647800895,147,True,False,True,False,success,0.437043696641922,,,ou_noise,0,1024868,1019869,509934,29.458416744154327,-30.957419486895,,,
3559,3558,,,167.71634370784832,130,True,False,True,False,success,0.40748751163482666,,,ou_noise,0,1024998,1019999,509999,30.375908968998836,-30.92775186391977,,,
3560,3559,,,174.21663030827108,117,True,False,True,False,success,0.4608122408390045,,,ou_noise,0,1025115,1020116,510058,28.191316979563133,-30.75042304346117,,,
3561,3560,,,167.06110451881176,130,True,False,True,False,success,0.4504227340221405,,,ou_noise,0,1025245,1020246,510123,32.30860048440786,-31.05218946016752,,,
3562,3561,,,168.90774558560935,129,True,False,True,False,success,0.47972869873046875,,,ou_noise,0,1025374,1020375,510187,37.023259636043576,-31.312255769968033,,,
3563,3562,,,171.796680640009,127,True,False,True,False,success,0.4579363465309143,,,ou_noise,0,1025501,1020502,510251,28.406335357605943,-30.420290410518646,,,
3564,3563,,,170.52062329769825,124,True,False,True,False,success,0.4180142879486084,,,ou_noise,0,1025625,1020626,510313,40.117777732110795,-30.982969161002867,,,
3565,3564,,,171.27423860605927,117,True,False,True,False,success,0.43158942461013794,,,ou_noise,0,1025742,1020743,510371,35.046045914674416,-30.30483604299611,,,
3566,3565,,,162.01178272927794,140,True,False,True,False,success,0.49019089341163635,,,ou_noise,0,1025882,1020883,510441,29.0008962222508,-30.85054588317871,,,
3567,3566,,,168.3981335629501,124,True,False,True,False,success,0.4908590614795685,,,ou_noise,0,1026006,1021007,510503,32.203736535964474,-30.978582812893777,,,
3568,3567,,,168.89918901386508,135,True,False,True,False,success,0.4908653795719147,,,ou_noise,0,1026141,1021142,510571,35.20679088168674,-30.370126247406006,,,
3569,3568,,,139.8435640134622,217,True,False,True,False,success,0.46488267183303833,,,ou_noise,0,1026358,1021359,510679,35.458501894902525,-30.53708791732788,,,
3570,3569,,,156.24324575106743,154,True,False,True,False,success,0.44888195395469666,,,ou_noise,0,1026512,1021513,510756,41.726620395462234,-31.33933651911748,,,
3571,3570,,,159.97874995432238,150,True,False,True,False,success,0.4896222949028015,,,ou_noise,0,1026662,1021663,510831,34.067522112528486,-30.932122294108073,,,
3572,3571,,,158.33732682464625,159,True,False,True,False,success,0.40723007917404175,,,ou_noise,0,1026821,1021822,510911,29.39143846020009,-30.742606544494627,,,
3573,3572,,,171.46252485220106,127,True,False,True,False,success,0.42331957817077637,,,ou_noise,0,1026948,1021949,510974,34.07618424272913,-30.53032348269508,,,
3574,3573,,,-82.12162221069372,57,False,True,True,False,collision,7.152641773223877,,,ou_noise,0,1027005,1022006,511003,37.480251027826675,-31.511714935302734,,,
3575,3574,,,168.61250524478984,132,True,False,True,False,success,0.4630054235458374,,,ou_noise,0,1027137,1022138,511069,25.904579335992988,-30.51839591517593,,,
3576,3575,,,166.95477141085615,137,True,False,True,False,success,0.4661332368850708,,,ou_noise,0,1027274,1022275,511137,43.89654735231051,-30.895676612854004,,,
3577,3576,,,162.82374853087032,143,True,False,True,False,success,0.4718775451183319,,,ou_noise,0,1027417,1022418,511209,31.592560901508463,-30.945805735058254,,,
3578,3577,,,159.12487044624834,157,True,False,True,False,success,0.44923147559165955,,,ou_noise,0,1027574,1022575,511287,33.83678346378788,-30.426475207010906,,,
3579,3578,,,164.14530728782347,139,True,False,True,False,success,0.43086370825767517,,,ou_noise,0,1027713,1022714,511357,34.21466572164631,-30.67187955038888,,,
3580,3579,,,172.5587649009892,119,True,False,True,False,success,0.47368738055229187,,,ou_noise,0,1027832,1022833,511416,33.54892907823835,-31.24768806716143,,,
3581,3580,,,159.4126233703829,150,True,False,True,False,success,0.4818170368671417,,,ou_noise,0,1027982,1022983,511491,33.945900446573894,-30.669172541300455,,,
3582,3581,,,160.76553015301377,143,True,False,True,False,success,0.4728294909000397,,,ou_noise,0,1028125,1023126,511563,32.35883105217994,-30.671060191260445,,,
3583,3582,,,166.21500201109131,137,True,False,True,False,success,0.4821370244026184,,,ou_noise,0,1028262,1023263,511631,39.48807663465068,-30.623650550842285,,,
3584,3583,,,156.29190035858454,153,True,False,True,False,success,0.48715612292289734,,,ou_noise,0,1028415,1023416,511708,35.569655013240244,-31.4121874772109,,,
3585,3584,,,162.38262956871688,147,True,False,True,False,success,0.43785345554351807,,,ou_noise,0,1028562,1023563,511781,38.81959754917897,-30.422094109940204,,,
3586,3585,,,155.98526914975656,154,True,False,True,False,success,0.4459526538848877,,,ou_noise,0,1028716,1023717,511858,28.399327569193655,-31.054956411386463,,,
3587,3586,,,154.9866571249329,165,True,False,True,False,success,0.475433349609375,,,ou_noise,0,1028881,1023882,511941,35.013458130576396,-30.746938084981526,,,
3588,3587,,,173.21446793473802,119,True,False,True,False,success,0.47800514101982117,,,ou_noise,0,1029000,1024001,512000,40.029249624043956,-30.60757869785115,,,
3589,3588,,,173.1877312873774,113,True,False,True,False,success,0.49335673451423645,,,ou_noise,0,1029113,1024114,512057,35.337714473758126,-31.20266626592268,,,
3590,3589,,,169.31761924421932,123,True,False,True,False,success,0.47514522075653076,,,ou_noise,0,1029236,1024237,512118,33.528595893363644,-30.73291609717197,,,
3591,3590,,,169.35069907652144,133,True,False,True,False,success,0.44029536843299866,,,ou_noise,0,1029369,1024370,512185,41.622293536824394,-30.931916905872857,,,
3592,3591,,,158.46889828508387,152,True,False,True,False,success,0.46064040064811707,,,ou_noise,0,1029521,1024522,512261,34.39814189860695,-30.78205294358103,,,
3593,3592,,,165.38680264651893,142,True,False,True,False,success,0.47294241189956665,,,ou_noise,0,1029663,1024664,512332,38.902580697771526,-30.548345404611506,,,
3594,3593,,,170.44747564272558,128,True,False,True,False,success,0.439535528421402,,,ou_noise,0,1029791,1024792,512396,39.15983461588621,-30.87450310587883,,,
3595,3594,,,163.87221424366953,140,True,False,True,False,success,0.4551224708557129,,,ou_noise,0,1029931,1024932,512466,36.53723051888602,-30.86640281677246,,,
3596,3595,,,162.35207401007324,141,True,False,True,False,success,0.41150638461112976,,,ou_noise,0,1030072,1025073,512536,36.641765472736765,-30.867558016095842,,,
3597,3596,,,156.3394572208704,153,True,False,True,False,success,0.4275040328502655,,,ou_noise,0,1030225,1025226,512613,37.11140820870992,-30.86148232299012,,,
3598,3597,,,171.73060955675788,121,True,False,True,False,success,0.49378979206085205,,,ou_noise,0,1030346,1025347,512673,40.8551694933048,-31.209824752807616,,,
3599,3598,,,173.51763614053328,117,True,False,True,False,success,0.4259900152683258,,,ou_noise,0,1030463,1025464,512732,39.49021944225344,-31.336867283966583,,,
3600,3599,,,168.09925130638055,136,True,False,True,False,success,0.4752854108810425,,,ou_noise,0,1030599,1025600,512800,32.14359882999869,-31.389272325179157,,,
3601,3600,,,147.30114886561384,180,True,False,True,False,success,0.4304470717906952,,,ou_noise,0,1030779,1025780,512890,33.73758702278137,-30.910684543185763,,,
3602,3601,,,-130.90068288968612,91,False,True,True,False,collision,9.486039161682129,,,ou_noise,0,1030870,1025871,512935,27.52658304277357,-31.70436380174425,,,
3603,3602,,,169.60940360485597,129,True,False,True,False,success,0.4248882234096527,,,ou_noise,0,1030999,1026000,513000,37.65316954324412,-31.168954115647537,,,
3604,3603,,,165.69669791866505,137,True,False,True,False,success,0.47532063722610474,,,ou_noise,0,1031136,1026137,513068,32.24376299085408,-31.379300033344943,,,
3605,3604,,,-77.09648823160646,42,False,True,True,False,collision,7.329604148864746,,,ou_noise,0,1031178,1026179,513089,39.65365736825125,-30.805267788115003,,,
3606,3605,,,165.9246203514862,132,True,False,True,False,success,0.4528788626194,,,ou_noise,0,1031310,1026311,513155,38.260994680000074,-31.133951967412774,,,
3607,3606,,,159.78173448454106,152,True,False,True,False,success,0.4911530911922455,,,ou_noise,0,1031462,1026463,513231,29.98339563921878,-30.949360245152523,,,
3608,3607,,,166.40373215361825,137,True,False,True,False,success,0.46897047758102417,,,ou_noise,0,1031599,1026600,513300,32.846444331816514,-31.6300495258276,,,
3609,3608,,,-248.03732623787062,1000,False,False,False,True,cutoff,8.46841049194336,,,ou_noise,0,1032599,1027600,513800,35.135099802970885,-31.20010332107544,,,
3610,3609,,,168.48805744925542,133,True,False,True,False,success,0.45765066146850586,,,ou_noise,0,1032732,1027733,513866,41.50900589075304,-31.1924467086792,,,
3611,3610,,,158.0706829720011,158,True,False,True,False,success,0.43717947602272034,,,ou_noise,0,1032890,1027891,513945,27.728050026712538,-31.331259763693506,,,
3612,3611,,,165.20535879011027,139,True,False,True,False,success,0.4895979166030884,,,ou_noise,0,1033029,1028030,514015,31.12129783630371,-30.668847302028112,,,
3613,3612,,,-244.0278859338315,1000,False,False,False,True,cutoff,3.4241254329681396,,,ou_noise,0,1034029,1029030,514515,38.187807085990904,-31.171784622192384,,,
3614,3613,,,170.44006203565618,128,True,False,True,False,success,0.4598093628883362,,,ou_noise,0,1034157,1029158,514579,36.86746169626713,-31.24075236916542,,,
3615,3614,,,163.47627395064575,147,True,False,True,False,success,0.47492387890815735,,,ou_noise,0,1034304,1029305,514652,36.696182808908475,-30.88652200568212,,,
3616,3615,,,147.72432985921836,191,True,False,True,False,success,0.4896138608455658,,,ou_noise,0,1034495,1029496,514748,36.71054469602895,-31.292531689008076,,,
3617,3616,,,164.2781717816071,139,True,False,True,False,success,0.46402624249458313,,,ou_noise,0,1034634,1029635,514817,33.05168683580357,-30.88765235569166,,,
3618,3617,,,157.13612085640483,167,True,False,True,False,success,0.4881768822669983,,,ou_noise,0,1034801,1029802,514901,39.36592250527022,-31.586592742374965,,,
3619,3618,,,170.5297651599672,120,True,False,True,False,success,0.4184691309928894,,,ou_noise,0,1034921,1029922,514961,37.74729889233907,-31.484076817830402,,,
3620,3619,,,162.95643197849733,143,True,False,True,False,success,0.4406416118144989,,,ou_noise,0,1035064,1030065,515032,33.006964443446876,-31.48567245375942,,,
3621,3620,,,165.8989894084507,139,True,False,True,False,success,0.4291619062423706,,,ou_noise,0,1035203,1030204,515102,30.864067482433732,-30.856719398498534,,,
3622,3621,,,172.30425677308216,122,True,False,True,False,success,0.4103778004646301,,,ou_noise,0,1035325,1030326,515163,38.786908040281205,-31.201586926569703,,,
3623,3622,,,154.137182806509,155,True,False,True,False,success,0.4687097668647766,,,ou_noise,0,1035480,1030481,515240,31.672434283841042,-31.29218980863497,,,
3624,3623,,,165.26401481130938,136,True,False,True,False,success,0.4346194565296173,,,ou_noise,0,1035616,1030617,515308,31.920352465966168,-31.259551469017477,,,
3625,3624,,,170.78350234264173,127,True,False,True,False,success,0.4805809259414673,,,ou_noise,0,1035743,1030744,515372,31.45832633972168,-31.182830035686493,,,
3626,3625,,,174.5727374667913,112,True,False,True,False,success,0.4650266468524933,,,ou_noise,0,1035855,1030856,515428,45.40949107067926,-31.442139080592565,,,
3627,3626,,,161.7998085993225,143,True,False,True,False,success,0.4387775957584381,,,ou_noise,0,1035998,1030999,515499,39.44819330335497,-31.148693138444926,,,
3628,3627,,,168.46701981812834,128,True,False,True,False,success,0.4874269664287567,,,ou_noise,0,1036126,1031127,515563,39.61685750633478,-31.699835568666458,,,
3629,3628,,,162.77857632953396,145,True,False,True,False,success,0.4777429699897766,,,ou_noise,0,1036271,1031272,515636,32.01321844561347,-31.250216392621603,,,
3630,3629,,,169.50160549942836,119,True,False,True,False,success,0.4945566952228546,,,ou_noise,0,1036390,1031391,515695,36.71460267876377,-31.81089840905141,,,
3631,3630,,,168.4082383619413,129,True,False,True,False,success,0.4130052924156189,,,ou_noise,0,1036519,1031520,515760,33.248170157735665,-31.104209987933817,,,
3632,3631,,,163.6396030593222,142,True,False,True,False,success,0.4898678660392761,,,ou_noise,0,1036661,1031662,515831,37.66129662285388,-31.341324013723455,,,
3633,3632,,,171.82013824992865,121,True,False,True,False,success,0.46075013279914856,,,ou_noise,0,1036782,1031783,515891,33.16496873493037,-31.222347863515218,,,
3634,3633,,,174.80186338985197,112,True,False,True,False,success,0.4198664128780365,,,ou_noise,0,1036894,1031895,515947,38.73321862731661,-31.602051700864518,,,
3635,3634,,,-208.3159113216747,1000,False,False,False,True,cutoff,4.322457790374756,,,ou_noise,0,1037894,1032895,516447,34.32101926612854,-31.33937939071655,,,
3636,3635,,,160.62023936673106,151,True,False,True,False,success,0.418914258480072,,,ou_noise,0,1038045,1033046,516523,32.981528724266205,-31.263037355322588,,,
3637,3636,,,159.72222206400053,141,True,False,True,False,success,0.43367090821266174,,,ou_noise,0,1038186,1033187,516593,37.182622152017366,-32.05523657117571,,,
3638,3637,,,164.6863884364186,135,True,False,True,False,success,0.4703715741634369,,,ou_noise,0,1038321,1033322,516661,41.580069598445185,-31.072012228124283,,,
3639,3638,,,171.17167587244944,125,True,False,True,False,success,0.48016905784606934,,,ou_noise,0,1038446,1033447,516723,33.03950383758545,-31.32466593096333,,,
3640,3639,,,163.56701666186996,146,True,False,True,False,success,0.4686729311943054,,,ou_noise,0,1038592,1033593,516796,36.291577038699636,-31.30556370460824,,,
3641,3640,,,118.30605667371974,300,True,False,True,False,success,0.4008261263370514,,,ou_noise,0,1038892,1033893,516946,30.66206527709961,-31.506222610473632,,,
3642,3641,,,176.24679538606483,110,True,False,True,False,success,0.4885750114917755,,,ou_noise,0,1039002,1034003,517001,38.45332790721547,-31.47757693204013,,,
3643,3642,,,164.21491359442717,141,True,False,True,False,success,0.4999014437198639,,,ou_noise,0,1039143,1034144,517072,35.69215572303069,-31.20712379670479,,,
3644,3643,,,157.494494609821,154,True,False,True,False,success,0.4668111205101013,,,ou_noise,0,1039297,1034298,517149,33.570320736278184,-31.426639210094105,,,
3645,3644,,,164.85545400930903,140,True,False,True,False,success,0.4509703814983368,,,ou_noise,0,1039437,1034438,517219,33.52088998385838,-30.633758463178363,,,
3646,3645,,,159.74628767711414,142,True,False,True,False,success,0.4097895920276642,,,ou_noise,0,1039579,1034580,517290,33.679876874869976,-31.518124244582484,,,
3647,3646,,,154.48388609418294,155,True,False,True,False,success,0.4863601326942444,,,ou_noise,0,1039734,1034735,517367,31.999622166541315,-31.974145839740704,,,
3648,3647,,,154.39031324602215,168,True,False,True,False,success,0.4368295669555664,,,ou_noise,0,1039902,1034903,517451,28.082576950391132,-31.53729618163336,,,
3649,3648,,,161.72311750247587,153,True,False,True,False,success,0.47255417704582214,,,ou_noise,0,1040055,1035056,517528,28.96134922551174,-31.613205872572863,,,
3650,3649,,,163.55766079375925,144,True,False,True,False,success,0.4119715988636017,,,ou_noise,0,1040199,1035200,517600,31.901046991348267,-31.827704456117416,,,
3651,3650,,,166.62270006418393,130,True,False,True,False,success,0.4330237805843353,,,ou_noise,0,1040329,1035330,517665,37.92849524571346,-31.593959016066332,,,
3652,3651,,,162.60923400153567,141,True,False,True,False,success,0.4377863109111786,,,ou_noise,0,1040470,1035471,517735,35.11351072703693,-31.765124593462264,,,
3653,3652,,,163.4111991712596,136,True,False,True,False,success,0.4418713450431824,,,ou_noise,0,1040606,1035607,517803,39.702841723666474,-31.867690226610968,,,
3654,3653,,,164.16333056102962,136,True,False,True,False,success,0.4158204197883606,,,ou_noise,0,1040742,1035743,517871,32.57413228820352,-32.14120256199556,,,
3655,3654,,,169.9494039435201,127,True,False,True,False,success,0.42229989171028137,,,ou_noise,0,1040869,1035870,517935,34.166101508253206,-31.307552695274353,,,
3656,3655,,,174.0989918525391,115,True,False,True,False,success,0.4236624836921692,,,ou_noise,0,1040984,1035985,517992,39.38334440148395,-31.533152898152668,,,
3657,3656,,,163.82771605314403,139,True,False,True,False,success,0.45077869296073914,,,ou_noise,0,1041123,1036124,518062,31.496626552060352,-31.40046536581857,,,
3658,3657,,,164.93431388885003,136,True,False,True,False,success,0.4557236135005951,,,ou_noise,0,1041259,1036260,518130,32.29635559811312,-32.163001004387354,,,
3659,3658,,,153.48643137022844,162,True,False,True,False,success,0.40756991505622864,,,ou_noise,0,1041421,1036422,518211,30.949801309609118,-31.544348139821746,,,
3660,3659,,,164.7245537713227,138,True,False,True,False,success,0.48426204919815063,,,ou_noise,0,1041559,1036560,518280,39.08929735681285,-31.666360468104266,,,
3661,3660,,,167.6731084564761,135,True,False,True,False,success,0.41600027680397034,,,ou_noise,0,1041694,1036695,518347,34.473870531717935,-32.31838585013774,,,
3662,3661,,,174.10521572563346,117,True,False,True,False,success,0.480985164642334,,,ou_noise,0,1041811,1036812,518406,36.89058241884933,-31.854679075338073,,,
3663,3662,,,167.7266646536193,127,True,False,True,False,success,0.4894600212574005,,,ou_noise,0,1041938,1036939,518469,37.98620965161661,-32.23560381692553,,,
3664,3663,,,167.45321815946238,136,True,False,True,False,success,0.4596630930900574,,,ou_noise,0,1042074,1037075,518537,34.81323824910557,-31.555583140429327,,,
3665,3664,,,170.69030023142574,125,True,False,True,False,success,0.4206821620464325,,,ou_noise,0,1042199,1037200,518600,27.15985110473633,-31.49690310160319,,,
3666,3665,,,166.94109813522766,133,True,False,True,False,success,0.41373199224472046,,,ou_noise,0,1042332,1037333,518666,30.887706821126148,-32.193761449871644,,,
3667,3666,,,165.89752910514574,135,True,False,True,False,success,0.44264230132102966,,,ou_noise,0,1042467,1037468,518734,31.842311527110912,-31.503410002764532,,,
3668,3667,,,164.76168638987207,136,True,False,True,False,success,0.46150684356689453,,,ou_noise,0,1042603,1037604,518802,30.489337044603683,-31.85214864506441,,,
3669,3668,,,165.02650886951665,134,True,False,True,False,success,0.43584558367729187,,,ou_noise,0,1042737,1037738,518869,31.960504645731913,-31.955334876900288,,,
3670,3669,,,171.67590973014566,123,True,False,True,False,success,0.4167219400405884,,,ou_noise,0,1042860,1037861,518930,42.06369192231961,-31.99775586362745,,,
3671,3670,,,168.32835173705092,125,True,False,True,False,success,0.48278215527534485,,,ou_noise,0,1042985,1037986,518993,35.304957862854,-31.338755108061292,,,
3672,3671,,,166.779344170973,134,True,False,True,False,success,0.4816775321960449,,,ou_noise,0,1043119,1038120,519060,33.580667061592216,-31.250044950798376,,,
3673,3672,,,163.0331607255202,149,True,False,True,False,success,0.4999275803565979,,,ou_noise,0,1043268,1038269,519134,29.036992271474542,-32.57069799062368,,,
3674,3673,,,156.78854790030513,149,True,False,True,False,success,0.4161205291748047,,,ou_noise,0,1043417,1038418,519209,36.65361965742687,-31.68627082824707,,,
3675,3674,,,162.4773948435343,148,True,False,True,False,success,0.43711909651756287,,,ou_noise,0,1043565,1038566,519283,30.028909567240124,-31.86748355143779,,,
3676,3675,,,164.59406952247366,135,True,False,True,False,success,0.45479699969291687,,,ou_noise,0,1043700,1038701,519350,34.933941466720015,-31.78668950208977,,,
3677,3676,,,-195.46823163418202,1000,False,False,False,True,cutoff,3.7315726280212402,,,ou_noise,0,1044700,1039701,519850,33.50580519104004,-31.95428873825073,,,
3678,3677,,,165.88699523043726,138,True,False,True,False,success,0.4245547652244568,,,ou_noise,0,1044838,1039839,519919,33.06946409612462,-31.936032060263813,,,
3679,3678,,,162.3413024604942,145,True,False,True,False,success,0.4458024799823761,,,ou_noise,0,1044983,1039984,519992,32.70964577773522,-31.720058127625347,,,
3680,3679,,,163.6320277429877,139,True,False,True,False,success,0.43239229917526245,,,ou_noise,0,1045122,1040123,520061,35.844169877415936,-31.983395866725754,,,
3681,3680,,,175.20088475457484,117,True,False,True,False,success,0.43499988317489624,,,ou_noise,0,1045239,1040240,520120,34.62044759081979,-32.34085748963437,,,
3682,3681,,,156.03933054660575,153,True,False,True,False,success,0.47270312905311584,,,ou_noise,0,1045392,1040393,520196,35.54115600211948,-32.09365643953022,,,
3683,3682,,,162.60385592013432,144,True,False,True,False,success,0.47308632731437683,,,ou_noise,0,1045536,1040537,520268,28.98207029369142,-32.041690031687416,,,
3684,3683,,,168.8631950351749,130,True,False,True,False,success,0.4387176036834717,,,ou_noise,0,1045666,1040667,520333,41.56604120547955,-32.242621583205,,,
3685,3684,,,-55.412812760361355,108,False,True,True,False,collision,2.823312282562256,,,ou_noise,0,1045774,1040775,520387,31.513640112347073,-31.958492596944172,,,
3686,3685,,,168.18958792194655,131,True,False,True,False,success,0.4981353282928467,,,ou_noise,0,1045905,1040906,520453,35.80151728273348,-31.47606589577415,,,
3687,3686,,,169.51039364615076,129,True,False,True,False,success,0.4958275854587555,,,ou_noise,0,1046034,1041035,520517,35.75175180361252,-31.93143254518509,,,
3688,3687,,,159.945525796994,156,True,False,True,False,success,0.4245457947254181,,,ou_noise,0,1046190,1041191,520595,38.020754447350136,-32.44076036795592,,,
3689,3688,,,172.82833929062542,117,True,False,True,False,success,0.47199690341949463,,,ou_noise,0,1046307,1041308,520654,36.94820959140093,-32.31114587945453,,,
3690,3689,,,164.1574953150018,141,True,False,True,False,success,0.43860363960266113,,,ou_noise,0,1046448,1041449,520724,35.511700352878435,-31.97186450958252,,,
3691,3690,,,173.6238997102028,115,True,False,True,False,success,0.4640207290649414,,,ou_noise,0,1046563,1041564,520782,36.5080369617628,-31.789935144884833,,,
3692,3691,,,174.09829477364732,116,True,False,True,False,success,0.4301719665527344,,,ou_noise,0,1046679,1041680,520840,34.176825852229676,-31.727293507806188,,,
3693,3692,,,169.68262156393126,125,True,False,True,False,success,0.407454252243042,,,ou_noise,0,1046804,1041805,520902,35.62320259857178,-32.18750233804026,,,
3694,3693,,,40.13257456601362,640,True,False,True,False,success,0.42248278856277466,,,ou_noise,0,1047444,1042445,521222,36.483625455200674,-32.1915376663208,,,
3695,3694,,,-197.22486081099515,1000,False,False,False,True,cutoff,6.312610626220703,,,ou_noise,0,1048444,1043445,521722,33.84988018798828,-32.10626412582398,,,
3696,3695,,,153.1613765779813,163,True,False,True,False,success,0.4931313991546631,,,ou_noise,0,1048607,1043608,521804,29.061784176738716,-31.980808932606767,,,
3697,3696,,,164.36615342601644,143,True,False,True,False,success,0.40724220871925354,,,ou_noise,0,1048750,1043751,521875,33.90269740311416,-32.778239505391724,,,
3698,3697,,,157.4074715797103,148,True,False,True,False,success,0.4451673924922943,,,ou_noise,0,1048898,1043899,521949,38.95938877157263,-32.27828128917797,,,
3699,3698,,,170.73831192999023,122,True,False,True,False,success,0.459501177072525,,,ou_noise,0,1049020,1044021,522010,28.00850790836772,-32.04394196682289,,,
3700,3699,,,166.46010337414035,136,True,False,True,False,success,0.4543568789958954,,,ou_noise,0,1049156,1044157,522078,38.973065726897296,-32.50824975967407,,,
3701,3700,,,-217.44397584620702,1000,False,False,False,True,cutoff,8.220721244812012,,,ou_noise,0,1050156,1045157,522578,31.995164357185363,-32.25349459838867,,,
3702,3701,,,154.8886112939698,167,True,False,True,False,success,0.42229774594306946,,,ou_noise,0,1050323,1045324,522662,36.35166389785127,-32.35365958440872,,,
3703,3702,,,164.52291191336028,146,True,False,True,False,success,0.4721231460571289,,,ou_noise,0,1050469,1045470,522735,34.37633500033862,-32.30891794701145,,,
3704,3703,,,163.81094457917436,141,True,False,True,False,success,0.4565512239933014,,,ou_noise,0,1050610,1045611,522805,31.83947127592479,-32.87496198926653,,,
3705,3704,,,166.18236374021794,133,True,False,True,False,success,0.41871505975723267,,,ou_noise,0,1050743,1045744,522872,31.34912279315461,-32.58364908019109,,,
3706,3705,,,157.5827249018535,162,True,False,True,False,success,0.4902077615261078,,,ou_noise,0,1050905,1045906,522953,34.52812437952301,-32.79289798972047,,,
3707,3706,,,171.57294297295303,122,True,False,True,False,success,0.4377991259098053,,,ou_noise,0,1051027,1046028,523014,35.53537443035939,-33.39667173291816,,,
3708,3707,,,168.07673114697718,140,True,False,True,False,success,0.48820045590400696,,,ou_noise,0,1051167,1046168,523084,32.51316180229187,-32.295673315865656,,,
3709,3708,,,-76.11923077357841,86,False,True,True,False,collision,5.938244342803955,,,ou_noise,0,1051253,1046254,523127,37.31489972181098,-32.70659020889637,,,
3710,3709,,,161.46158460260037,153,True,False,True,False,success,0.4223114252090454,,,ou_noise,0,1051406,1046407,523203,31.14186971327838,-32.247309383593105,,,
3711,3710,,,115.67487451272133,348,True,False,True,False,success,0.4905022084712982,,,ou_noise,0,1051754,1046755,523377,33.851746241251625,-32.46500850545949,,,
3712,3711,,,167.85198254494702,133,True,False,True,False,success,0.40331873297691345,,,ou_noise,0,1051887,1046888,523444,32.413026938761085,-32.38975926299593,,,
3713,3712,,,164.30258703099955,143,True,False,True,False,success,0.4048834443092346,,,ou_noise,0,1052030,1047031,523515,35.802075786190436,-32.99910077914386,,,
3714,3713,,,163.777172403931,142,True,False,True,False,success,0.46007800102233887,,,ou_noise,0,1052172,1047173,523586,27.45296051132847,-32.2701858198139,,,
3715,3714,,,170.7516343689614,130,True,False,True,False,success,0.4291713535785675,,,ou_noise,0,1052302,1047303,523651,36.79585202290462,-32.654013912494364,,,
3716,3715,,,147.72504616076694,186,True,False,True,False,success,0.49679988622665405,,,ou_noise,0,1052488,1047489,523744,30.826735860557967,-32.96169266649472,,,
3717,3716,,,170.27646798930664,129,True,False,True,False,success,0.4357485771179199,,,ou_noise,0,1052617,1047618,523809,33.85676322611727,-33.448772577139046,,,
3718,3717,,,162.14919650093822,150,True,False,True,False,success,0.4375423789024353,,,ou_noise,0,1052767,1047768,523884,39.321577396392826,-33.17574440002441,,,
3719,3718,,,169.40427004229485,129,True,False,True,False,success,0.43673795461654663,,,ou_noise,0,1052896,1047897,523948,34.597586624382075,-33.02383357286453,,,
3720,3719,,,161.3379128729913,144,True,False,True,False,success,0.42869386076927185,,,ou_noise,0,1053040,1048041,524020,32.25381730662452,-33.28398076693217,,,
3721,3720,,,147.92766026603107,187,True,False,True,False,success,0.4854797422885895,,,ou_noise,0,1053227,1048228,524114,37.09058458664838,-32.76540356494011,,,
3722,3721,,,151.7553086563175,204,True,False,True,False,success,0.473483681678772,,,ou_noise,0,1053431,1048432,524216,36.300192412208105,-32.72765475628423,,,
3723,3722,,,169.5643007623317,128,True,False,True,False,success,0.43056100606918335,,,ou_noise,0,1053559,1048560,524280,36.963456355035305,-33.070890843868256,,,
3724,3723,,,161.83168476069497,154,True,False,True,False,success,0.4225764572620392,,,ou_noise,0,1053713,1048714,524357,28.109166058627043,-32.90483662989232,,,
3725,3724,,,169.2357790559762,133,True,False,True,False,success,0.42583489418029785,,,ou_noise,0,1053846,1048847,524423,35.21369598503399,-32.80513243241744,,,
3726,3725,,,160.4872781580994,141,True,False,True,False,success,0.40221473574638367,,,ou_noise,0,1053987,1048988,524494,34.950527367016946,-33.17194825830594,,,
3727,3726,,,169.43420561177618,129,True,False,True,False,success,0.4740641415119171,,,ou_noise,0,1054116,1049117,524558,32.62647274667903,-33.10450595617294,,,
3728,3727,,,174.74604790828772,113,True,False,True,False,success,0.4623863995075226,,,ou_noise,0,1054229,1049230,524615,36.99617748766874,-33.26446767438922,,,
3729,3728,,,160.03690328476324,147,True,False,True,False,success,0.4839054048061371,,,ou_noise,0,1054376,1049377,524688,35.5130002741911,-32.85528935471626,,,
3730,3729,,,166.01461592039567,142,True,False,True,False,success,0.45486176013946533,,,ou_noise,0,1054518,1049519,524759,38.73796092288595,-33.440380499396525,,,
3731,3730,,,171.00258016675485,126,True,False,True,False,success,0.44314274191856384,,,ou_noise,0,1054644,1049645,524822,29.9748401868911,-33.32201609535823,,,
3732,3731,,,150.02198122479444,196,True,False,True,False,success,0.4474130868911743,,,ou_noise,0,1054840,1049841,524920,33.73264361400994,-33.07620027113934,,,
3733,3732,,,171.7863163969761,119,True,False,True,False,success,0.49829334020614624,,,ou_noise,0,1054959,1049960,524980,30.547260412648946,-32.58207581837972,,,
3734,3733,,,161.19281792288433,136,True,False,True,False,success,0.42465317249298096,,,ou_noise,0,1055095,1050096,525048,36.58321272625643,-33.148277759552,,,
3735,3734,,,168.41568816789828,130,True,False,True,False,success,0.4854249954223633,,,ou_noise,0,1055225,1050226,525113,34.79793275686411,-33.37896121098445,,,
3736,3735,,,170.44546642922026,123,True,False,True,False,success,0.48263293504714966,,,ou_noise,0,1055348,1050349,525174,39.483246415611205,-34.04742309695384,,,
3737,3736,,,167.48432097056593,135,True,False,True,False,success,0.44789108633995056,,,ou_noise,0,1055483,1050484,525242,31.37772262008102,-33.72518082226024,,,
3738,3737,,,171.20250915084904,124,True,False,True,False,success,0.48379525542259216,,,ou_noise,0,1055607,1050608,525304,32.73007295977685,-33.1938091093494,,,
3739,3738,,,160.88595539864278,148,True,False,True,False,success,0.4140446186065674,,,ou_noise,0,1055755,1050756,525378,30.02126229131544,-33.09524430455388,,,
3740,3739,,,157.70921971706014,154,True,False,True,False,success,0.4028487503528595,,,ou_noise,0,1055909,1050910,525455,41.25366531718861,-33.05536265187449,,,
3741,3740,,,159.7350210542474,150,True,False,True,False,success,0.4266233742237091,,,ou_noise,0,1056059,1051060,525530,34.63338673273722,-34.05021385192871,,,
3742,3741,,,167.63088886436498,130,True,False,True,False,success,0.478717178106308,,,ou_noise,0,1056189,1051190,525595,32.7353481732882,-32.88276340778057,,,
3743,3742,,,171.329608571086,123,True,False,True,False,success,0.4325132369995117,,,ou_noise,0,1056312,1051313,525656,27.956331632970794,-34.401315094994715,,,
3744,3743,,,166.91096773907543,129,True,False,True,False,success,0.48477181792259216,,,ou_noise,0,1056441,1051442,525721,37.37656204460203,-33.74808549147386,,,
3745,3744,,,167.6108173652633,137,True,False,True,False,success,0.42351558804512024,,,ou_noise,0,1056578,1051579,525789,34.86605697826747,-33.19718711516436,,,
3746,3745,,,169.46747367022806,124,True,False,True,False,success,0.4637550711631775,,,ou_noise,0,1056702,1051703,525851,30.23440211049972,-33.28626537322998,,,
3747,3746,,,154.40650342214465,161,True,False,True,False,success,0.4602496922016144,,,ou_noise,0,1056863,1051864,525932,30.284103754884708,-33.521282219592436,,,
3748,3747,,,173.87737149351872,119,True,False,True,False,success,0.42128467559814453,,,ou_noise,0,1056982,1051983,525991,38.91691018753693,-33.786940978745285,,,
3749,3748,,,168.4712414917922,128,True,False,True,False,success,0.45455679297447205,,,ou_noise,0,1057110,1052111,526055,38.36736588925123,-33.738989025354385,,,
3750,3749,,,171.65885897711445,122,True,False,True,False,success,0.48363983631134033,,,ou_noise,0,1057232,1052233,526116,24.039986321183502,-34.193830302504246,,,
3751,3750,,,157.84502591051785,156,True,False,True,False,success,0.48834750056266785,,,ou_noise,0,1057388,1052389,526194,38.1741612018683,-34.035525077428574,,,
3752,3751,,,171.86108345269673,119,True,False,True,False,success,0.4864449203014374,,,ou_noise,0,1057507,1052508,526254,34.30534592796774,-34.150863583882646,,,
3753,3752,,,-61.08919982683365,131,False,True,True,False,collision,2.921231508255005,,,ou_noise,0,1057638,1052639,526319,33.05960880163062,-33.63610317523663,,,
3754,3753,,,-293.52338691290055,1000,False,False,False,True,cutoff,8.523111343383789,,,ou_noise,0,1058638,1053639,526819,31.838807106018066,-33.63735971450806,,,
3755,3754,,,-283.7789140072992,1000,False,False,False,True,cutoff,8.4140625,,,ou_noise,0,1059638,1054639,527319,32.89552103614807,-33.68164781951904,,,
3756,3755,,,167.403884136542,136,True,False,True,False,success,0.45523959398269653,,,ou_noise,0,1059774,1054775,527387,30.121573097565594,-33.71793892804314,,,
3757,3756,,,166.69534882208023,132,True,False,True,False,success,0.43393847346305847,,,ou_noise,0,1059906,1054907,527453,35.68582411245866,-34.209913109288074,,,
3758,3757,,,-262.5713170211528,606,False,True,True,False,collision,8.853107452392578,,,ou_noise,0,1060512,1055513,527756,34.22330193315009,-33.93016496035132,,,
3759,3758,,,166.35447393001596,140,True,False,True,False,success,0.43705081939697266,,,ou_noise,0,1060652,1055653,527826,37.82550533839635,-33.83028297424316,,,
3760,3759,,,170.23354702214505,121,True,False,True,False,success,0.48728320002555847,,,ou_noise,0,1060773,1055774,527887,28.907224253189465,-34.236005626741004,,,
3761,3760,,,167.9000224344108,134,True,False,True,False,success,0.462309867143631,,,ou_noise,0,1060907,1055908,527954,36.00201167633284,-34.10021562718634,,,
3762,3761,,,164.4984789279587,143,True,False,True,False,success,0.4325181543827057,,,ou_noise,0,1061050,1056051,528025,36.57915115356445,-33.505749151740275,,,
3763,3762,,,158.37268165555875,149,True,False,True,False,success,0.49373602867126465,,,ou_noise,0,1061199,1056200,528100,25.675030977133936,-33.00445607503255,,,
3764,3763,,,175.6435602788091,109,True,False,True,False,success,0.4966304898262024,,,ou_noise,0,1061308,1056309,528154,30.041292374287178,-33.64190165201823,,,
3765,3764,,,160.42358818657505,153,True,False,True,False,success,0.4780719578266144,,,ou_noise,0,1061461,1056462,528231,35.16578688652687,-33.84787524830211,,,
3766,3765,,,167.63150269286848,135,True,False,True,False,success,0.4997568726539612,,,ou_noise,0,1061596,1056597,528298,29.73106421717891,-33.17702580921686,,,
3767,3766,,,158.23786605979382,158,True,False,True,False,success,0.45558586716651917,,,ou_noise,0,1061754,1056755,528377,33.7163565370101,-33.41353389884852,,,
3768,3767,,,165.14406288607324,140,True,False,True,False,success,0.4418378472328186,,,ou_noise,0,1061894,1056895,528447,29.971209784916468,-33.70509117671421,,,
3769,3768,,,159.87593922609736,149,True,False,True,False,success,0.40346744656562805,,,ou_noise,0,1062043,1057044,528522,40.689152237552925,-34.14218289693196,,,
3770,3769,,,-175.85116655561552,303,False,True,True,False,collision,9.259559631347656,,,ou_noise,0,1062346,1057347,528673,33.78160419401163,-34.1953521880093,,,
3771,3770,,,158.7595755258751,155,True,False,True,False,success,0.4620194733142853,,,ou_noise,0,1062501,1057502,528751,28.752895195253434,-33.746130038530396,,,
3772,3771,,,159.65308312742445,155,True,False,True,False,success,0.4550991356372833,,,ou_noise,0,1062656,1057657,528828,29.88537667182184,-34.30482217863008,,,
3773,3772,,,-211.587801583266,1000,False,False,False,True,cutoff,7.6970438957214355,,,ou_noise,0,1063656,1058657,529328,35.044582954406735,-33.94155711746216,,,
3774,3773,,,162.33195008524655,149,True,False,True,False,success,0.47012829780578613,,,ou_noise,0,1063805,1058806,529403,32.609251079943355,-34.04973243713379,,,
3775,3774,,,169.45046891552326,132,True,False,True,False,success,0.4413171410560608,,,ou_noise,0,1063937,1058938,529469,31.345339811209477,-34.42676515290231,,,
3776,3775,,,167.35545886243608,132,True,False,True,False,success,0.41157427430152893,,,ou_noise,0,1064069,1059070,529535,30.490573355645843,-33.979787017359875,,,
3777,3776,,,-194.8802979875036,1000,False,False,False,True,cutoff,7.554539203643799,,,ou_noise,0,1065069,1060070,530035,32.982461695671084,-33.91061573791504,,,
3778,3777,,,170.62336952535128,127,True,False,True,False,success,0.4371799826622009,,,ou_noise,0,1065196,1060197,530098,30.679512234184685,-33.57142133561392,,,
3779,3778,,,169.11899860386865,132,True,False,True,False,success,0.4578797519207001,,,ou_noise,0,1065328,1060329,530164,31.48068495230241,-33.89822769165039,,,
3780,3779,,,161.3217871263913,157,True,False,True,False,success,0.4825333058834076,,,ou_noise,0,1065485,1060486,530243,26.94978136925181,-34.022504951380476,,,
3781,3780,,,160.4618714732855,149,True,False,True,False,success,0.48402708768844604,,,ou_noise,0,1065634,1060635,530317,33.34191193036585,-33.7657304712244,,,
3782,3781,,,171.17423668222494,120,True,False,True,False,success,0.4758647680282593,,,ou_noise,0,1065754,1060755,530377,35.96481238206228,-34.15101248423259,,,
3783,3782,,,157.50163754314758,150,True,False,True,False,success,0.4557112455368042,,,ou_noise,0,1065904,1060905,530452,32.524248924255375,-33.838624903361,,,
3784,3783,,,-179.561601446943,1000,False,False,False,True,cutoff,3.8614165782928467,,,ou_noise,0,1066904,1061905,530952,34.31126096439362,-34.07782399368286,,,
3785,3784,,,163.87704183556593,149,True,False,True,False,success,0.44960981607437134,,,ou_noise,0,1067053,1062054,531027,31.9676352763336,-33.89576629638672,,,
3786,3785,,,-248.67952580002506,1000,False,False,False,True,cutoff,9.168638229370117,,,ou_noise,0,1068053,1063054,531527,31.559583795547486,-34.04564089202881,,,
3787,3786,,,170.58887965554567,130,True,False,True,False,success,0.4079338312149048,,,ou_noise,0,1068183,1063184,531592,34.42232319024893,-33.9675652724046,,,
3788,3787,,,123.1007138986696,276,True,False,True,False,success,0.4973362386226654,,,ou_noise,0,1068459,1063460,531730,31.061648161514945,-33.9897748698359,,,
3789,3788,,,171.2710171115795,124,True,False,True,False,success,0.44965481758117676,,,ou_noise,0,1068583,1063584,531792,29.134082063551872,-34.210150718688965,,,
3790,3789,,,160.96345331375656,146,True,False,True,False,success,0.459318071603775,,,ou_noise,0,1068729,1063730,531865,32.06485554943346,-34.394554059799404,,,
3791,3790,,,155.55323830061172,150,True,False,True,False,success,0.473148912191391,,,ou_noise,0,1068879,1063880,531940,26.322541370391846,-34.344122568766274,,,
3792,3791,,,-335.40290701187246,1000,False,False,False,True,cutoff,8.217264175415039,,,ou_noise,0,1069879,1064880,532440,33.535703684806826,-34.36364959335327,,,
3793,3792,,,167.3248061147105,140,True,False,True,False,success,0.48020875453948975,,,ou_noise,0,1070019,1065020,532510,30.20011559213911,-34.267646653311594,,,
3794,3793,,,171.02357119826044,124,True,False,True,False,success,0.47390300035476685,,,ou_noise,0,1070143,1065144,532572,24.458292022828132,-34.332621482110795,,,
3795,3794,,,165.48409885078453,135,True,False,True,False,success,0.46870043873786926,,,ou_noise,0,1070278,1065279,532639,28.475200476469816,-33.87870489661373,,,
3796,3795,,,115.06850019777885,285,True,False,True,False,success,0.42900946736335754,,,ou_noise,0,1070563,1065564,532782,32.890620619790596,-33.74087837859467,,,
3797,3796,,,166.60305933540235,139,True,False,True,False,success,0.4475862681865692,,,ou_noise,0,1070702,1065703,532851,29.68616231053853,-34.567776914955914,,,
3798,3797,,,-391.6653911188894,997,False,True,True,False,collision,10.330803871154785,,,ou_noise,0,1071699,1066700,533350,31.088606801889128,-34.14051656398124,,,
3799,3798,,,169.42470855874322,131,True,False,True,False,success,0.481498122215271,,,ou_noise,0,1071830,1066831,533415,29.576454679474576,-34.40176042410044,,,
3800,3799,,,-198.11354725035653,1000,False,False,False,True,cutoff,3.1716079711914062,,,ou_noise,0,1072830,1067831,533915,33.534005896568296,-34.070734264373776,,,
3801,3800,,,173.27062798446465,117,True,False,True,False,success,0.4815139174461365,,,ou_noise,0,1072947,1067948,533974,25.849523201966896,-34.24829289064569,,,
3802,3801,,,166.48507450896574,134,True,False,True,False,success,0.46623608469963074,,,ou_noise,0,1073081,1068082,534041,34.51664998638096,-34.15455698611132,,,
3803,3802,,,157.55499793181718,152,True,False,True,False,success,0.4789573848247528,,,ou_noise,0,1073233,1068234,534117,29.843872904777527,-34.40751115899337,,,
3804,3803,,,164.11587032150345,138,True,False,True,False,success,0.4446532428264618,,,ou_noise,0,1073371,1068372,534186,33.02578312417735,-34.73592664193416,,,
3805,3804,,,77.9483080997061,405,True,False,True,False,success,0.43758273124694824,,,ou_noise,0,1073776,1068777,534388,30.11959917280409,-34.052568879457986,,,
3806,3805,,,168.33394894395786,128,True,False,True,False,success,0.4624086320400238,,,ou_noise,0,1073904,1068905,534452,30.56522047519684,-33.59321677684784,,,
3807,3806,,,159.4220356834374,152,True,False,True,False,success,0.44255736470222473,,,ou_noise,0,1074056,1069057,534528,37.00994071207548,-34.187213370674534,,,
3808,3807,,,149.0877270002555,171,True,False,True,False,success,0.4923836588859558,,,ou_noise,0,1074227,1069228,534614,30.967554064522012,-34.15784385592438,,,
3809,3808,,,160.02894660369648,148,True,False,True,False,success,0.44700610637664795,,,ou_noise,0,1074375,1069376,534688,29.296869413272756,-34.380876515362715,,,
3810,3809,,,163.67818846827592,141,True,False,True,False,success,0.4320640563964844,,,ou_noise,0,1074516,1069517,534758,30.212445948986296,-33.420412281581335,,,
3811,3810,,,163.3168313922961,146,True,False,True,False,success,0.43536803126335144,,,ou_noise,0,1074662,1069663,534831,33.90854229992383,-33.952492152174855,,,
3812,3811,,,173.57002431908455,119,True,False,True,False,success,0.4686208963394165,,,ou_noise,0,1074781,1069782,534891,31.18925815870782,-34.0680806795756,,,
3813,3812,,,156.12664328150257,148,True,False,True,False,success,0.47344282269477844,,,ou_noise,0,1074929,1069930,534965,29.355961638527948,-34.274332948633145,,,
3814,3813,,,152.44865582459477,169,True,False,True,False,success,0.4686715602874756,,,ou_noise,0,1075098,1070099,535049,27.26512059093227,-33.94474846976144,,,
3815,3814,,,164.64624646197095,142,True,False,True,False,success,0.4578583538532257,,,ou_noise,0,1075240,1070241,535120,26.855715093478352,-34.06182017796476,,,
3816,3815,,,160.1073240847121,161,True,False,True,False,success,0.42713654041290283,,,ou_noise,0,1075401,1070402,535201,36.70982668858878,-34.081689104621795,,,
3817,3816,,,160.3556092117197,149,True,False,True,False,success,0.4136028289794922,,,ou_noise,0,1075550,1070551,535275,30.44073356398,-34.18654825880721,,,
3818,3817,,,163.06868239038562,140,True,False,True,False,success,0.49105387926101685,,,ou_noise,0,1075690,1070691,535345,29.72394574710301,-33.84035453796387,,,
3819,3818,,,-287.0066587013133,1000,False,False,False,True,cutoff,8.771906852722168,,,ou_noise,0,1076690,1071691,535845,31.593931383132933,-34.226171882629394,,,
3820,3819,,,167.3049244739197,138,True,False,True,False,success,0.4351635277271271,,,ou_noise,0,1076828,1071829,535914,27.605419628862023,-34.00167722287385,,,
3821,3820,,,159.43814941534353,149,True,False,True,False,success,0.44904622435569763,,,ou_noise,0,1076977,1071978,535989,32.03569030121669,-34.221446151733396,,,
3822,3821,,,161.7760539058047,157,True,False,True,False,success,0.4778621792793274,,,ou_noise,0,1077134,1072135,536067,35.34980218729396,-33.87767576559996,,,
3823,3822,,,169.755421451335,127,True,False,True,False,success,0.48705512285232544,,,ou_noise,0,1077261,1072262,536131,31.656227952852024,-33.9382680952549,,,
3824,3823,,,159.40691642563155,156,True,False,True,False,success,0.458476185798645,,,ou_noise,0,1077417,1072418,536209,28.83993884233328,-34.65476163228353,,,
3825,3824,,,170.492726944239,132,True,False,True,False,success,0.49893635511398315,,,ou_noise,0,1077549,1072550,536275,26.936376203190196,-34.49722264029763,,,
3826,3825,,,167.54870699680268,137,True,False,True,False,success,0.4266917109489441,,,ou_noise,0,1077686,1072687,536343,27.53297285789991,-34.169099387000585,,,
3827,3826,,,171.85343488187524,123,True,False,True,False,success,0.44296109676361084,,,ou_noise,0,1077809,1072810,536405,31.556908475674266,-34.43632725746401,,,
3828,3827,,,158.34649100221935,155,True,False,True,False,success,0.4842131435871124,,,ou_noise,0,1077964,1072965,536482,40.13582960559476,-34.31000635221407,,,
3829,3828,,,161.1040987686448,148,True,False,True,False,success,0.4751775860786438,,,ou_noise,0,1078112,1073113,536556,31.352751699653833,-34.581520776490905,,,
3830,3829,,,170.2997706382664,129,True,False,True,False,success,0.42657071352005005,,,ou_noise,0,1078241,1073242,536621,28.38871473859447,-34.44902097261869,,,
3831,3830,,,138.6549504516942,225,True,False,True,False,success,0.4972195029258728,,,ou_noise,0,1078466,1073467,536733,33.319253828260635,-34.18745248658316,,,
3832,3831,,,168.52944087793992,134,True,False,True,False,success,0.43221962451934814,,,ou_noise,0,1078600,1073601,536800,31.778693142221936,-34.40962540925439,,,
3833,3832,,,168.6344092460057,125,True,False,True,False,success,0.49787890911102295,,,ou_noise,0,1078725,1073726,536863,33.72232012939453,-34.46968075585744,,,
3834,3833,,,170.8159359758941,123,True,False,True,False,success,0.4946531057357788,,,ou_noise,0,1078848,1073849,536924,29.514553116589056,-34.603677061737564,,,
3835,3834,,,166.90132211062533,139,True,False,True,False,success,0.409428209066391,,,ou_noise,0,1078987,1073988,536994,37.65814587023618,-34.00413115365165,,,
3836,3835,,,172.69414823043786,116,True,False,True,False,success,0.4843788743019104,,,ou_noise,0,1079103,1074104,537052,30.733720541000366,-34.32606677351327,,,
3837,3836,,,173.24568142985868,115,True,False,True,False,success,0.4967970550060272,,,ou_noise,0,1079218,1074219,537109,33.19861720541249,-34.352043084930955,,,
3838,3837,,,166.10280833236453,136,True,False,True,False,success,0.4980539381504059,,,ou_noise,0,1079354,1074355,537177,29.44701391809127,-34.25587525087244,,,
3839,3838,,,-254.3860563299686,1000,False,False,False,True,cutoff,5.36274528503418,,,ou_noise,0,1080354,1075355,537677,30.039407155036926,-34.59499602890015,,,
3840,3839,,,170.70948587145097,123,True,False,True,False,success,0.46667855978012085,,,ou_noise,0,1080477,1075478,537739,35.186492927675324,-33.947600057048184,,,
3841,3840,,,-234.723184043775,1000,False,False,False,True,cutoff,5.688640117645264,,,ou_noise,0,1081477,1076478,538239,30.483829283714293,-34.33857859802246,,,
3842,3841,,,154.7872488123165,169,True,False,True,False,success,0.48533859848976135,,,ou_noise,0,1081646,1076647,538323,25.462687193289312,-34.301424480619886,,,
3843,3842,,,154.24577595132723,161,True,False,True,False,success,0.4458409249782562,,,ou_noise,0,1081807,1076808,538404,31.93036527219026,-34.46484064172815,,,
3844,3843,,,164.87582484871,132,True,False,True,False,success,0.4545966684818268,,,ou_noise,0,1081939,1076940,538470,32.057222402457036,-33.95884617892179,,,
3845,3844,,,164.98524391262413,136,True,False,True,False,success,0.484930157661438,,,ou_noise,0,1082075,1077076,538538,33.5386165450601,-34.393152825972614,,,
3846,3845,,,160.79475798863476,147,True,False,True,False,success,0.4169941842556,,,ou_noise,0,1082222,1077223,538611,28.073991275969007,-33.879151409619475,,,
3847,3846,,,170.87093855437223,120,True,False,True,False,success,0.4893440902233124,,,ou_noise,0,1082342,1077343,538671,32.58458429972331,-34.303655020395915,,,
3848,3847,,,170.91054024460732,129,True,False,True,False,success,0.4349610209465027,,,ou_noise,0,1082471,1077472,538736,27.317439434140226,-33.69966961787297,,,
3849,3848,,,159.10227646722552,150,True,False,True,False,success,0.4834955930709839,,,ou_noise,0,1082621,1077622,538811,28.43676772435506,-34.23103248596191,,,
3850,3849,,,165.11616729706068,134,True,False,True,False,success,0.49751541018486023,,,ou_noise,0,1082755,1077756,538878,28.562593794580717,-34.282216456399034,,,
3851,3850,,,172.03406596864718,117,True,False,True,False,success,0.4814176559448242,,,ou_noise,0,1082872,1077873,538936,32.22471052153497,-34.00212791048247,,,
3852,3851,,,169.62387130230704,128,True,False,True,False,success,0.47748398780822754,,,ou_noise,0,1083000,1078001,539000,30.79218677431345,-34.17721948027611,,,
3853,3852,,,162.68025052062094,143,True,False,True,False,success,0.444793164730072,,,ou_noise,0,1083143,1078144,539072,28.73997624937471,-34.02635484271579,,,
3854,3853,,,174.07405238763363,113,True,False,True,False,success,0.49670857191085815,,,ou_noise,0,1083256,1078257,539128,29.35021022357772,-33.994493177958894,,,
3855,3854,,,169.00826175622683,137,True,False,True,False,success,0.43872901797294617,,,ou_noise,0,1083393,1078394,539197,28.29234595890463,-33.53752152816109,,,
3856,3855,,,173.74230051062605,115,True,False,True,False,success,0.47302138805389404,,,ou_noise,0,1083508,1078509,539254,31.643935551850692,-34.06416434572454,,,
3857,3856,,,171.30448915373893,120,True,False,True,False,success,0.4299589693546295,,,ou_noise,0,1083628,1078629,539314,30.65402250289917,-33.98973242441813,,,
3858,3857,,,-61.546295082847614,130,False,True,True,False,collision,3.109071731567383,,,ou_noise,0,1083758,1078759,539379,33.040946204845724,-34.192680975107045,,,
3859,3858,,,170.57325582653812,123,True,False,True,False,success,0.4820690155029297,,,ou_noise,0,1083881,1078882,539441,31.645823897385014,-34.23524299744637,,,
3860,3859,,,155.21587376754235,182,True,False,True,False,success,0.44179943203926086,,,ou_noise,0,1084063,1079064,539532,30.001443490877257,-34.087678364345,,,
3861,3860,,,159.2712366378804,145,True,False,True,False,success,0.47176775336265564,,,ou_noise,0,1084208,1079209,539604,25.72223556123931,-34.82042349709405,,,
3862,3861,,,169.85433282421582,130,True,False,True,False,success,0.4985746741294861,,,ou_noise,0,1084338,1079339,539669,33.963920938051665,-34.56285520700308,,,
3863,3862,,,169.63162698689484,129,True,False,True,False,success,0.4089013934135437,,,ou_noise,0,1084467,1079468,539734,31.49629107926243,-34.56604089003343,,,
3864,3863,,,157.59057884796425,155,True,False,True,False,success,0.45994383096694946,,,ou_noise,0,1084622,1079623,539811,30.054156974054152,-34.097335295243695,,,
3865,3864,,,170.9767856756691,123,True,False,True,False,success,0.4778638780117035,,,ou_noise,0,1084745,1079746,539873,31.494753380131915,-34.80272819149879,,,
3866,3865,,,167.84579729130712,127,True,False,True,False,success,0.4289463460445404,,,ou_noise,0,1084872,1079873,539936,30.066244958892582,-34.60597328912644,,,
3867,3866,,,168.29520092487053,126,True,False,True,False,success,0.471525102853775,,,ou_noise,0,1084998,1079999,539999,31.346262977236794,-33.92133061847989,,,
3868,3867,,,161.98049397516286,149,True,False,True,False,success,0.4160526692867279,,,ou_noise,0,1085147,1080148,540074,29.56581433827445,-34.032580846150715,,,
3869,3868,,,159.35302182651643,147,True,False,True,False,success,0.47068578004837036,,,ou_noise,0,1085294,1080295,540147,30.10545490550346,-34.39767278383856,,,
3870,3869,,,169.84432566375887,125,True,False,True,False,success,0.46889740228652954,,,ou_noise,0,1085419,1080420,540210,31.79677751159668,-34.28691067771306,,,
3871,3870,,,-180.6644258762655,262,False,True,True,False,collision,9.278847694396973,,,ou_noise,0,1085681,1080682,540341,30.025774409752767,-34.1859488596443,,,
3872,3871,,,157.6692602163876,151,True,False,True,False,success,0.484757661819458,,,ou_noise,0,1085832,1080833,540416,29.81979210960944,-34.37312774658203,,,
3873,3872,,,171.35803078292102,125,True,False,True,False,success,0.4804089069366455,,,ou_noise,0,1085957,1080958,540479,27.97793851470947,-34.5410531059144,,,
3874,3873,,,-245.82644087994203,1000,False,False,False,True,cutoff,5.103923320770264,,,ou_noise,0,1086957,1081958,540979,31.61559028530121,-34.12370524597168,,,
3875,3874,,,171.47530437217767,122,True,False,True,False,success,0.42824873328208923,,,ou_noise,0,1087079,1082080,541040,28.564217192227723,-33.9027711524338,,,
3876,3875,,,166.13134914843715,136,True,False,True,False,success,0.4501534700393677,,,ou_noise,0,1087215,1082216,541108,28.367550022461835,-34.71323428434484,,,
3877,3876,,,168.66169677295483,127,True,False,True,False,success,0.47246503829956055,,,ou_noise,0,1087342,1082343,541171,31.87758474274883,-34.08295156085302,,,
3878,3877,,,166.97236038892225,136,True,False,True,False,success,0.4338630139827728,,,ou_noise,0,1087478,1082479,541239,28.944890583262723,-33.61597448236802,,,
3879,3878,,,163.1153989076227,140,True,False,True,False,success,0.40101680159568787,,,ou_noise,0,1087618,1082619,541309,26.486921671458653,-34.18080659593855,,,
3880,3879,,,-224.679079886616,1000,False,False,False,True,cutoff,3.5995326042175293,,,ou_noise,0,1088618,1083619,541809,30.097567861557007,-34.17338550567627,,,
3881,3880,,,153.79157474666363,173,True,False,True,False,success,0.4637243151664734,,,ou_noise,0,1088791,1083792,541896,28.642278351535687,-33.90259847969845,,,
3882,3881,,,161.30928270200553,159,True,False,True,False,success,0.4690285921096802,,,ou_noise,0,1088950,1083951,541975,31.15572982764094,-34.12866732440418,,,
3883,3882,,,172.79282997214455,116,True,False,True,False,success,0.43146422505378723,,,ou_noise,0,1089066,1084067,542033,27.801279569494312,-33.30564140451366,,,
3884,3883,,,163.3154061759251,143,True,False,True,False,success,0.45326271653175354,,,ou_noise,0,1089209,1084210,542105,37.6113083912776,-34.2140011522505,,,
3885,3884,,,160.4850686848099,153,True,False,True,False,success,0.472713440656662,,,ou_noise,0,1089362,1084363,542181,30.364941727881337,-34.08079749659488,,,
3886,3885,,,167.5825357481874,134,True,False,True,False,success,0.41955089569091797,,,ou_noise,0,1089496,1084497,542248,29.93000948607032,-33.919677193485086,,,
3887,3886,,,170.23293582649768,120,True,False,True,False,success,0.4351333677768707,,,ou_noise,0,1089616,1084617,542308,38.31211417516072,-34.16201197306315,,,
3888,3887,,,159.2125579969774,141,True,False,True,False,success,0.46797120571136475,,,ou_noise,0,1089757,1084758,542379,34.91578901574967,-33.996215739720306,,,
3889,3888,,,166.4269492368222,134,True,False,True,False,success,0.4216393232345581,,,ou_noise,0,1089891,1084892,542446,28.01451323637322,-33.787479913056785,,,
3890,3889,,,157.92018678102667,153,True,False,True,False,success,0.45269739627838135,,,ou_noise,0,1090044,1085045,542522,35.950696901558274,-34.55481983485975,,,
3891,3890,,,164.87556550971541,137,True,False,True,False,success,0.4198470711708069,,,ou_noise,0,1090181,1085182,542591,30.547677485612187,-33.961744584899016,,,
3892,3891,,,163.92563867851024,139,True,False,True,False,success,0.4458644390106201,,,ou_noise,0,1090320,1085321,542660,28.835888155930334,-34.26521934288135,,,
3893,3892,,,158.88905187516934,155,True,False,True,False,success,0.4646894037723541,,,ou_noise,0,1090475,1085476,542738,34.035777036605346,-33.75246167794252,,,
3894,3893,,,171.83297376531146,129,True,False,True,False,success,0.41135215759277344,,,ou_noise,0,1090604,1085605,542802,28.393119841583015,-33.641907542943954,,,
3895,3894,,,167.49579864250137,136,True,False,True,False,success,0.46681031584739685,,,ou_noise,0,1090740,1085741,542870,29.964653071235208,-33.73058349945966,,,
3896,3895,,,171.83756714387107,122,True,False,True,False,success,0.4889258146286011,,,ou_noise,0,1090862,1085863,542931,29.210408367094445,-33.96768707525535,,,
3897,3896,,,161.80387535392595,146,True,False,True,False,success,0.4469493329524994,,,ou_noise,0,1091008,1086009,543004,30.607734771624003,-33.72287828628331,,,
3898,3897,,,-195.40997256575753,421,False,True,True,False,collision,6.256779670715332,,,ou_noise,0,1091429,1086430,543215,31.14982731155432,-33.982609581608344,,,
3899,3898,,,167.52263610081087,127,True,False,True,False,success,0.4710773229598999,,,ou_noise,0,1091556,1086557,543278,26.375175138158124,-33.552307068355496,,,
3900,3899,,,166.08846317142607,129,True,False,True,False,success,0.4745362102985382,,,ou_noise,0,1091685,1086686,543343,33.10516712277435,-33.80360488891601,,,
3901,3900,,,171.7670800501573,122,True,False,True,False,success,0.45972275733947754,,,ou_noise,0,1091807,1086808,543404,27.394668047545387,-34.1463580835061,,,
3902,3901,,,162.09345926819788,149,True,False,True,False,success,0.42294517159461975,,,ou_noise,0,1091956,1086957,543478,28.41873825636486,-33.90063486872493,,,
3903,3902,,,170.51870837235253,124,True,False,True,False,success,0.4047222435474396,,,ou_noise,0,1092080,1087081,543540,41.25008021631548,-34.04700765302104,,,
3904,3903,,,171.80468413053043,120,True,False,True,False,success,0.4806578457355499,,,ou_noise,0,1092200,1087201,543600,29.515808407465617,-34.12962713241577,,,
3905,3904,,,167.71760952498022,137,True,False,True,False,success,0.4119207262992859,,,ou_noise,0,1092337,1087338,543669,31.682969608446108,-33.74177238906639,,,
3906,3905,,,153.4582877618742,153,True,False,True,False,success,0.44796064496040344,,,ou_noise,0,1092490,1087491,543745,33.86157689063378,-33.64888959181936,,,
3907,3906,,,164.25531205397124,144,True,False,True,False,success,0.4272846281528473,,,ou_noise,0,1092634,1087635,543817,27.333734393119812,-33.43481005562676,,,
3908,3907,,,159.86721038174528,148,True,False,True,False,success,0.47709718346595764,,,ou_noise,0,1092782,1087783,543891,31.202197777258384,-33.61821092141641,,,
3909,3908,,,142.07432461177862,228,True,False,True,False,success,0.4211287498474121,,,ou_noise,0,1093010,1088011,544005,32.58284800094471,-34.150712063438014,,,
3910,3909,,,154.3714124263131,178,True,False,True,False,success,0.49150121212005615,,,ou_noise,0,1093188,1088189,544094,28.57900369837043,-33.56185694490926,,,
3911,3910,,,157.53236871173127,155,True,False,True,False,success,0.45845767855644226,,,ou_noise,0,1093343,1088344,544172,29.30963751885199,-33.825306427784454,,,
3912,3911,,,157.5829252988489,159,True,False,True,False,success,0.46478816866874695,,,ou_noise,0,1093502,1088503,544251,27.17403489238811,-34.05125159251539,,,
3913,3912,,,174.23321699868484,114,True,False,True,False,success,0.46072661876678467,,,ou_noise,0,1093616,1088617,544308,32.858093194794236,-33.60331983733595,,,
3914,3913,,,168.7487359030348,129,True,False,True,False,success,0.44027072191238403,,,ou_noise,0,1093745,1088746,544373,27.40712525863056,-34.00173914982722,,,
3915,3914,,,-208.09222952465126,1000,False,False,False,True,cutoff,3.465407609939575,,,ou_noise,0,1094745,1089746,544873,29.392428151130677,-33.834074390411374,,,
3916,3915,,,159.97180535481218,151,True,False,True,False,success,0.44122403860092163,,,ou_noise,0,1094896,1089897,544948,35.75687932020781,-33.56593187967936,,,
3917,3916,,,166.79459680999935,144,True,False,True,False,success,0.41739073395729065,,,ou_noise,0,1095040,1090041,545020,32.99979016515944,-33.891412099202476,,,
3918,3917,,,168.62821792291118,128,True,False,True,False,success,0.4200124740600586,,,ou_noise,0,1095168,1090169,545084,34.69700114428997,-33.844164937734604,,,
3919,3918,,,159.3748026275078,154,True,False,True,False,success,0.4916241765022278,,,ou_noise,0,1095322,1090323,545161,26.930488827940707,-33.83159625065791,,,
3920,3919,,,166.65189862971283,130,True,False,True,False,success,0.4751516878604889,,,ou_noise,0,1095452,1090453,545226,32.88951029410729,-33.49431844858023,,,
3921,3920,,,157.91310562390066,157,True,False,True,False,success,0.48798713088035583,,,ou_noise,0,1095609,1090610,545305,30.888813966398786,-33.07064177114752,,,
3922,3921,,,170.8776894680396,125,True,False,True,False,success,0.4369562864303589,,,ou_noise,0,1095734,1090735,545367,27.408670875549316,-34.16215099826936,,,
3923,3922,,,162.38919689535788,148,True,False,True,False,success,0.472087562084198,,,ou_noise,0,1095882,1090883,545441,34.839833994169496,-33.22171144227724,,,
3924,3923,,,-328.33378156775996,681,False,True,True,False,collision,7.071303844451904,,,ou_noise,0,1096563,1091564,545782,29.947905529263085,-33.57898755786706,,,
3925,3924,,,160.5959420115347,153,True,False,True,False,success,0.4868687689304352,,,ou_noise,0,1096716,1091717,545858,27.28955564935223,-33.292973945015355,,,
3926,3925,,,169.83948516099173,132,True,False,True,False,success,0.4221310615539551,,,ou_noise,0,1096848,1091849,545924,29.653746287027996,-33.70102370869029,,,
3927,3926,,,168.2337806521034,135,True,False,True,False,success,0.4260876476764679,,,ou_noise,0,1096983,1091984,545992,23.59382494467276,-33.15467433368458,,,
3928,3927,,,167.20534340956758,137,True,False,True,False,success,0.4410300850868225,,,ou_noise,0,1097120,1092121,546060,37.7073590912088,-33.08979710410623,,,
3929,3928,,,159.283027594384,148,True,False,True,False,success,0.48798030614852905,,,ou_noise,0,1097268,1092269,546134,36.7292554442947,-33.10986838469634,,,
3930,3929,,,163.9475841332983,140,True,False,True,False,success,0.45418593287467957,,,ou_noise,0,1097408,1092409,546204,34.674159499577115,-33.18186220441546,,,
3931,3930,,,-189.20209117829276,1000,False,False,False,True,cutoff,5.46690034866333,,,ou_noise,0,1098408,1093409,546704,34.332366147994996,-33.13761861801147,,,
3932,3931,,,160.76935417594458,152,True,False,True,False,success,0.4837045669555664,,,ou_noise,0,1098560,1093561,546780,29.932618197641876,-33.21375799179077,,,
3933,3932,,,169.33380755720015,125,True,False,True,False,success,0.48612216114997864,,,ou_noise,0,1098685,1093686,546843,35.267810470581054,-33.2507148924328,,,
3934,3933,,,169.49236201469887,137,True,False,True,False,success,0.47717157006263733,,,ou_noise,0,1098822,1093823,546911,31.19530420929846,-32.66950133267571,,,
3935,3934,,,157.3220648880845,150,True,False,True,False,success,0.48505493998527527,,,ou_noise,0,1098972,1093973,546986,26.896022968292236,-33.316913579305016,,,
3936,3935,,,154.92046768386706,150,True,False,True,False,success,0.4789247512817383,,,ou_noise,0,1099122,1094123,547061,33.828346220652264,-33.14242594401042,,,
3937,3936,,,164.79951359590217,135,True,False,True,False,success,0.4930668771266937,,,ou_noise,0,1099257,1094258,547129,31.126009121647588,-33.31000170988195,,,
3938,3937,,,171.18981226273772,124,True,False,True,False,success,0.43714994192123413,,,ou_noise,0,1099381,1094382,547191,38.0791321416055,-33.07810048134096,,,
3939,3938,,,164.60640048057138,147,True,False,True,False,success,0.4659704267978668,,,ou_noise,0,1099528,1094529,547264,28.867634118008777,-33.39383428390712,,,
3940,3939,,,160.540200521,141,True,False,True,False,success,0.4596863090991974,,,ou_noise,0,1099669,1094670,547335,24.994632829165628,-33.16569419645927,,,
3941,3940,,,167.77562427882836,137,True,False,True,False,success,0.4649038016796112,,,ou_noise,0,1099806,1094807,547403,30.309798310272885,-33.31152879490572,,,
3942,3941,,,136.24606767705995,265,True,False,True,False,success,0.445250928401947,,,ou_noise,0,1100071,1095072,547536,27.588207205286565,-33.28250897916636,,,
3943,3942,,,171.41583206786447,123,True,False,True,False,success,0.47436630725860596,,,ou_noise,0,1100194,1095195,547597,31.387183786407718,-33.09314621471968,,,
3944,3943,,,164.3745475616799,138,True,False,True,False,success,0.4992883503437042,,,ou_noise,0,1100332,1095333,547666,33.42186773687169,-34.018369481183484,,,
3945,3944,,,171.46444872700562,122,True,False,True,False,success,0.49719104170799255,,,ou_noise,0,1100454,1095455,547727,29.81912694993566,-33.98603508120677,,,
3946,3945,,,156.9726531153243,159,True,False,True,False,success,0.48954907059669495,,,ou_noise,0,1100613,1095614,547807,30.453131501779616,-33.361917877197264,,,
3947,3946,,,162.35596585921226,144,True,False,True,False,success,0.46733957529067993,,,ou_noise,0,1100757,1095758,547879,29.944567514790428,-34.10091990894742,,,
3948,3947,,,-194.3237889581137,1000,False,False,False,True,cutoff,5.806960105895996,,,ou_noise,0,1101757,1096758,548379,29.015227334022523,-33.3758370475769,,,
3949,3948,,,168.92551603572676,125,True,False,True,False,success,0.4819470942020416,,,ou_noise,0,1101882,1096883,548441,33.51177647399902,-33.28242781854445,,,
3950,3949,,,164.25745382619465,141,True,False,True,False,success,0.46997296810150146,,,ou_noise,0,1102023,1097024,548512,30.039307533426488,-33.39285412640639,,,
3951,3950,,,163.9716430400282,136,True,False,True,False,success,0.4681301414966583,,,ou_noise,0,1102159,1097160,548580,29.08041286468506,-33.1416644489064,,,
3952,3951,,,152.10600792965855,180,True,False,True,False,success,0.4579262137413025,,,ou_noise,0,1102339,1097340,548670,29.57987140549554,-33.11684089236789,,,
3953,3952,,,113.63355732731846,359,True,False,True,False,success,0.41455525159835815,,,ou_noise,0,1102698,1097699,548849,29.170348990926502,-33.1224346480556,,,
3954,3953,,,171.76058638949303,120,True,False,True,False,success,0.4669411778450012,,,ou_noise,0,1102818,1097819,548909,30.703792730967205,-33.38034391403198,,,
3955,3954,,,173.56748952912926,116,True,False,True,False,success,0.49055570363998413,,,ou_noise,0,1102934,1097935,548967,37.92540662864159,-33.26732668383368,,,
3956,3955,,,162.31358783815318,142,True,False,True,False,success,0.45620599389076233,,,ou_noise,0,1103076,1098077,549038,35.01721160512575,-33.29556937956474,,,
3957,3956,,,158.2235015366313,158,True,False,True,False,success,0.4830954372882843,,,ou_noise,0,1103234,1098235,549117,30.654982210714607,-33.09297052214417,,,
3958,3957,,,163.26680344773231,141,True,False,True,False,success,0.4522014558315277,,,ou_noise,0,1103375,1098376,549188,29.33192309927433,-33.381649017333984,,,
3959,3958,,,158.7332789101122,158,True,False,True,False,success,0.4800954759120941,,,ou_noise,0,1103533,1098534,549267,29.89383914802648,-33.07289741612688,,,
3960,3959,,,-185.62514028491086,1000,False,False,False,True,cutoff,5.852053642272949,,,ou_noise,0,1104533,1099534,549767,30.227282187461853,-33.05132185745239,,,
3961,3960,,,-86.57482925101812,99,False,True,True,False,collision,6.063061237335205,,,ou_noise,0,1104632,1099633,549816,24.29526772161927,-34.084215631290355,,,
3962,3961,,,171.479110835339,122,True,False,True,False,success,0.47525227069854736,,,ou_noise,0,1104754,1099755,549877,31.10622121466965,-33.50679122424516,,,
3963,3962,,,162.56648640181345,146,True,False,True,False,success,0.42858919501304626,,,ou_noise,0,1104900,1099901,549950,31.14325908765401,-33.72645297115796,,,
3964,3963,,,169.16268821245174,129,True,False,True,False,success,0.4093906581401825,,,ou_noise,0,1105029,1100030,550015,32.71149208748987,-33.78482170104981,,,
3965,3964,,,-178.70784197314734,1000,False,False,False,True,cutoff,5.588637351989746,,,ou_noise,0,1106029,1101030,550515,30.752371042251585,-33.22724268722534,,,
3966,3965,,,160.02145464283186,150,True,False,True,False,success,0.43376797437667847,,,ou_noise,0,1106179,1101180,550590,36.391430327097574,-32.370261942545575,,,
3967,3966,,,168.54199460682491,127,True,False,True,False,success,0.49690985679626465,,,ou_noise,0,1106306,1101307,550653,30.537262135603296,-32.65457686166915,,,
3968,3967,,,149.66924566681948,199,True,False,True,False,success,0.42117244005203247,,,ou_noise,0,1106505,1101506,550753,31.100160675432214,-32.78354881286621,,,
3969,3968,,,159.8573451729028,145,True,False,True,False,success,0.4236738681793213,,,ou_noise,0,1106650,1101651,550825,32.893379836246886,-33.453841050465904,,,
3970,3969,,,-301.0713789472696,736,False,True,True,False,collision,8.957816123962402,,,ou_noise,0,1107386,1102387,551193,29.842407849819764,-32.93093245962392,,,
3971,3970,,,164.1874418214555,138,True,False,True,False,success,0.4983992874622345,,,ou_noise,0,1107524,1102525,551262,27.985865129940752,-32.87972079843715,,,
3972,3971,,,165.38682822725704,131,True,False,True,False,success,0.4624062180519104,,,ou_noise,0,1107655,1102656,551328,28.391320199456835,-33.085753065167054,,,
3973,3972,,,148.76427966752064,211,True,False,True,False,success,0.45707082748413086,,,ou_noise,0,1107866,1102867,551433,34.8445409801899,-32.8388547988165,,,
3974,3973,,,-57.434496229775036,111,False,True,True,False,collision,2.665789842605591,,,ou_noise,0,1107977,1102978,551489,27.889895860139315,-33.43184947967529,,,
3975,3974,,,156.1092382011495,168,True,False,True,False,success,0.439739853143692,,,ou_noise,0,1108145,1103146,551573,29.960688403674535,-33.20564558392479,,,
3976,3975,,,165.87313888059288,133,True,False,True,False,success,0.45050543546676636,,,ou_noise,0,1108278,1103279,551639,40.301776498780214,-33.45454643711899,,,
3977,3976,,,-62.91880038971063,121,False,True,True,False,collision,3.162523031234741,,,ou_noise,0,1108399,1103400,551700,37.46294909075272,-33.48213270844006,,,
3978,3977,,,164.29761323641986,137,True,False,True,False,success,0.4059498906135559,,,ou_noise,0,1108536,1103537,551768,33.11912737797647,-33.21500952103559,,,
3979,3978,,,161.11800459521115,139,True,False,True,False,success,0.42788833379745483,,,ou_noise,0,1108675,1103676,551838,33.041665962274124,-33.01229967389788,,,
3980,3979,,,166.88474438637004,133,True,False,True,False,success,0.4483201801776886,,,ou_noise,0,1108808,1103809,551904,29.447283027763653,-32.85052998860677,,,
3981,3980,,,164.06927390300436,136,True,False,True,False,success,0.4773362874984741,,,ou_noise,0,1108944,1103945,551972,25.30660367713255,-33.56265626234167,,,
3982,3981,,,166.30431942518965,136,True,False,True,False,success,0.49206796288490295,,,ou_noise,0,1109080,1104081,552040,30.55451982161578,-33.17388043684118,,,
3983,3982,,,-182.34553657460359,1000,False,False,False,True,cutoff,5.896752834320068,,,ou_noise,0,1110080,1105081,552540,29.56082096672058,-33.100716655731205,,,
3984,3983,,,160.123941449574,155,True,False,True,False,success,0.45960211753845215,,,ou_noise,0,1110235,1105236,552618,28.439196451248662,-33.50048564030574,,,
3985,3984,,,163.5002348796911,152,True,False,True,False,success,0.49303287267684937,,,ou_noise,0,1110387,1105388,552694,33.758079949178196,-33.36757501802946,,,
3986,3985,,,161.8374022530745,148,True,False,True,False,success,0.49254289269447327,,,ou_noise,0,1110535,1105536,552768,35.78826823105683,-33.257556992608144,,,
3987,3986,,,151.0021345229872,174,True,False,True,False,success,0.425740510225296,,,ou_noise,0,1110709,1105710,552855,28.12413191521305,-33.612403540775695,,,
3988,3987,,,164.41732659083172,139,True,False,True,False,success,0.4598686993122101,,,ou_noise,0,1110848,1105849,552924,27.209045156300498,-33.13328206711921,,,
3989,3988,,,76.81059053750879,517,True,False,True,False,success,0.4751906991004944,,,ou_noise,0,1111365,1106366,553183,28.984812854567625,-33.302446748299026,,,
3990,3989,,,153.6731415947205,146,True,False,True,False,success,0.4130532443523407,,,ou_noise,0,1111511,1106512,553256,30.04835593210508,-33.40023330792989,,,
3991,3990,,,166.1195211222861,132,True,False,True,False,success,0.45204249024391174,,,ou_noise,0,1111643,1106644,553322,29.77388866742452,-33.746191227074824,,,
3992,3991,,,173.4023289291086,119,True,False,True,False,success,0.4611687660217285,,,ou_noise,0,1111762,1106763,553381,31.962320848673333,-33.4124355962721,,,
3993,3992,,,170.96508510911792,119,True,False,True,False,success,0.40788984298706055,,,ou_noise,0,1111881,1106882,553441,27.038453775293686,-33.71883176167806,,,
3994,3993,,,167.44472415797333,129,True,False,True,False,success,0.4544305205345154,,,ou_noise,0,1112010,1107011,553505,35.28320826301279,-33.64242088794708,,,
3995,3994,,,-196.22118143572985,1000,False,False,False,True,cutoff,6.091958045959473,,,ou_noise,0,1113010,1108011,554005,32.684758178710936,-33.28681091308594,,,
3996,3995,,,175.80962406256077,109,True,False,True,False,success,0.4883897006511688,,,ou_noise,0,1113119,1108120,554060,28.00334291720609,-33.32235908508301,,,
3997,3996,,,162.72877013913305,139,True,False,True,False,success,0.48904532194137573,,,ou_noise,0,1113258,1108259,554129,28.92798280372894,-33.10538327866706,,,
3998,3997,,,163.75857773783304,148,True,False,True,False,success,0.4437713027000427,,,ou_noise,0,1113406,1108407,554203,32.904687804144785,-33.39523132427318,,,
3999,3998,,,165.11190257579943,144,True,False,True,False,success,0.45363688468933105,,,ou_noise,0,1113550,1108551,554275,37.617767598893906,-33.32806860076057,,,
4000,3999,,,164.44364560072108,142,True,False,True,False,success,0.47088396549224854,,,ou_noise,0,1113692,1108693,554346,32.22888979441683,-33.98469672404544,,,
4001,4000,,,174.6617175114051,115,True,False,True,False,success,0.4410507082939148,,,ou_noise,0,1113807,1108808,554404,37.39245378245478,-32.95467886431464,,,
4002,4001,,,158.3671132552867,148,True,False,True,False,success,0.4593300223350525,,,ou_noise,0,1113955,1108956,554478,34.42035165992943,-33.48940563201904,,,
4003,4002,,,172.41157823108665,119,True,False,True,False,success,0.4683833420276642,,,ou_noise,0,1114074,1109075,554537,40.96090989152924,-33.35984938023454,,,
4004,4003,,,162.80023347813906,141,True,False,True,False,success,0.4514683187007904,,,ou_noise,0,1114215,1109216,554608,29.322972101522677,-33.52626373398472,,,
4005,4004,,,-113.53456853428538,75,False,True,True,False,collision,9.058847427368164,,,ou_noise,0,1114290,1109291,554645,30.388823687235515,-33.63867264824945,,,
4006,4005,,,169.2025579472832,127,True,False,True,False,success,0.4342097043991089,,,ou_noise,0,1114417,1109418,554709,32.160966970789154,-33.08946871757507,,,
4007,4006,,,167.0167024336509,133,True,False,True,False,success,0.47092506289482117,,,ou_noise,0,1114550,1109551,554775,30.95272950480755,-34.18997880184289,,,
4008,4007,,,171.32336176272145,123,True,False,True,False,success,0.4870782196521759,,,ou_noise,0,1114673,1109674,554837,32.174759577929485,-33.69716158220845,,,
4009,4008,,,165.26537298469384,137,True,False,True,False,success,0.41511011123657227,,,ou_noise,0,1114810,1109811,554905,33.10931535706903,-33.35523313634536,,,
4010,4009,,,153.9318905893703,148,True,False,True,False,success,0.43888407945632935,,,ou_noise,0,1114958,1109959,554979,29.19346823563447,-33.362290176185404,,,
4011,4010,,,163.39408322360924,144,True,False,True,False,success,0.4091581702232361,,,ou_noise,0,1115102,1110103,555051,35.71311362584432,-32.5445802476671,,,
4012,4011,,,153.48802480779148,172,True,False,True,False,success,0.43529316782951355,,,ou_noise,0,1115274,1110275,555137,31.88987413118052,-33.744364405787266,,,
4013,4012,,,168.63971722272763,138,True,False,True,False,success,0.4537937045097351,,,ou_noise,0,1115412,1110413,555206,27.125647475754004,-33.23738451971524,,,
4014,4013,,,-214.17373464270537,1000,False,False,False,True,cutoff,5.424477577209473,,,ou_noise,0,1116412,1111413,555706,29.975336689949035,-33.193934268951416,,,
4015,4014,,,160.32177643197474,150,True,False,True,False,success,0.47047922015190125,,,ou_noise,0,1116562,1111563,555781,30.98464376449585,-33.054119771321616,,,
4016,4015,,,-80.41832238409273,126,False,True,True,False,collision,5.173585414886475,,,ou_noise,0,1116688,1111689,555844,29.539118418617853,-33.050808497837615,,,
4017,4016,,,157.60999917456473,148,True,False,True,False,success,0.427357941865921,,,ou_noise,0,1116836,1111837,555918,27.125079780011564,-32.78904234396445,,,
4018,4017,,,164.99931313634343,137,True,False,True,False,success,0.47458457946777344,,,ou_noise,0,1116973,1111974,555987,27.559917449951172,-33.29118825387263,,,
4019,4018,,,152.45341142476332,175,True,False,True,False,success,0.48017194867134094,,,ou_noise,0,1117148,1112149,556074,32.88624755314418,-33.25650815854127,,,
4020,4019,,,165.18692473509856,146,True,False,True,False,success,0.4493158757686615,,,ou_noise,0,1117294,1112295,556147,33.37429600545805,-32.83781302465152,,,
4021,4020,,,165.75708672757617,133,True,False,True,False,success,0.4661383032798767,,,ou_noise,0,1117427,1112428,556214,31.961036079808284,-33.4774784543621,,,
4022,4021,,,170.6915590795836,122,True,False,True,False,success,0.4910895824432373,,,ou_noise,0,1117549,1112550,556275,26.884677238151674,-33.28841587754547,,,
4023,4022,,,171.15693223483294,127,True,False,True,False,success,0.4476260244846344,,,ou_noise,0,1117676,1112677,556338,37.58550717511515,-33.58465766906738,,,
4024,4023,,,153.6078070160653,164,True,False,True,False,success,0.48210853338241577,,,ou_noise,0,1117840,1112841,556420,31.073984425242354,-33.23760207106427,,,
4025,4024,,,-188.78708494781645,1000,False,False,False,True,cutoff,7.980079650878906,,,ou_noise,0,1118840,1113841,556920,29.03458124446869,-33.10635584640503,,,
4026,4025,,,168.72227635418534,133,True,False,True,False,success,0.47796010971069336,,,ou_noise,0,1118973,1113974,556987,29.12505218677951,-32.70794970953642,,,
4027,4026,,,159.89008574360133,148,True,False,True,False,success,0.4914131760597229,,,ou_noise,0,1119121,1114122,557061,31.585493738586838,-33.230207159712506,,,
4028,4027,,,152.40666084262764,178,True,False,True,False,success,0.4735579490661621,,,ou_noise,0,1119299,1114300,557150,30.642962487895836,-33.04393056805214,,,
4029,4028,,,156.75991169144098,154,True,False,True,False,success,0.4737451374530792,,,ou_noise,0,1119453,1114454,557227,30.230904709209096,-33.18587216463956,,,
4030,4029,,,172.9207319073936,122,True,False,True,False,success,0.4963684380054474,,,ou_noise,0,1119575,1114576,557288,34.78690526524528,-32.65972762811379,,,
4031,4030,,,161.9300363218336,146,True,False,True,False,success,0.465250164270401,,,ou_noise,0,1119721,1114722,557361,31.15822643123261,-33.44640318988121,,,
4032,4031,,,168.43174298157956,125,True,False,True,False,success,0.4916175901889801,,,ou_noise,0,1119846,1114847,557423,27.90992212677002,-33.6252762271512,,,
4033,4032,,,164.94480031986737,139,True,False,True,False,success,0.48466211557388306,,,ou_noise,0,1119985,1114986,557493,29.957716187127204,-32.92588094983782,,,
4034,4033,,,168.96466064936652,130,True,False,True,False,success,0.46734777092933655,,,ou_noise,0,1120115,1115116,557558,38.997459565676174,-33.29813135587252,,,
4035,4034,,,154.55525692923416,156,True,False,True,False,success,0.4461948573589325,,,ou_noise,0,1120271,1115272,557636,30.991230010986328,-32.81887964101938,,,
4036,4035,,,-63.19696753976796,117,False,True,True,False,collision,3.186541795730591,,,ou_noise,0,1120388,1115389,557694,28.77830983023358,-32.31806413058577,,,
4037,4036,,,164.9929395229121,135,True,False,True,False,success,0.4689611494541168,,,ou_noise,0,1120523,1115524,557762,29.72396443684896,-32.8900257839876,,,
4038,4037,,,165.594021238511,138,True,False,True,False,success,0.4397469758987427,,,ou_noise,0,1120661,1115662,557831,27.83071826160818,-32.92499498007954,,,
4039,4038,,,-218.25103456546006,1000,False,False,False,True,cutoff,7.647172927856445,,,ou_noise,0,1121661,1116662,558331,33.499882539749144,-32.83489980316162,,,
4040,4039,,,133.35567883051607,273,True,False,True,False,success,0.45529815554618835,,,ou_noise,0,1121934,1116935,558467,27.84059330657288,-32.916262837017285,,,
4041,4040,,,159.46424841481428,139,True,False,True,False,success,0.47215893864631653,,,ou_noise,0,1122073,1117074,558537,35.107167326289115,-33.05295333862305,,,
4042,4041,,,159.53728232286105,149,True,False,True,False,success,0.4819258153438568,,,ou_noise,0,1122222,1117223,558611,35.408017561739726,-32.67801671414762,,,
4043,4042,,,162.76877949007743,137,True,False,True,False,success,0.4350939691066742,,,ou_noise,0,1122359,1117360,558680,30.26434861482495,-33.395269670348235,,,
4044,4043,,,160.16577770761293,154,True,False,True,False,success,0.4590587913990021,,,ou_noise,0,1122513,1117514,558757,33.613446142766385,-32.81037149800883,,,
4045,4044,,,166.48300760181465,133,True,False,True,False,success,0.46697282791137695,,,ou_noise,0,1122646,1117647,558823,32.80817745323468,-33.42812058419892,,,
4046,4045,,,171.57637828371372,126,True,False,True,False,success,0.45187944173812866,,,ou_noise,0,1122772,1117773,558886,29.18794606223939,-32.82528822762625,,,
4047,4046,,,-232.32359035608957,1000,False,False,False,True,cutoff,8.442838668823242,,,ou_noise,0,1123772,1118773,559386,31.521042827606202,-32.90487368774414,,,
4048,4047,,,169.44018780793445,125,True,False,True,False,success,0.49477800726890564,,,ou_noise,0,1123897,1118898,559449,26.37333654785156,-33.1529300023639,,,
4049,4048,,,167.98071031494214,133,True,False,True,False,success,0.42397406697273254,,,ou_noise,0,1124030,1119031,559515,29.52735654214271,-32.53026609709769,,,
4050,4049,,,158.13046722468087,146,True,False,True,False,success,0.42648085951805115,,,ou_noise,0,1124176,1119177,559588,40.1326841328242,-32.82446615663293,,,
4051,4050,,,174.30241919291248,120,True,False,True,False,success,0.4823518991470337,,,ou_noise,0,1124296,1119297,559648,29.041590563456218,-33.17117007573446,,,
4052,4051,,,161.89776102295596,146,True,False,True,False,success,0.4049803614616394,,,ou_noise,0,1124442,1119443,559721,32.49463029103736,-33.01684113071389,,,
4053,4052,,,158.4269320631431,161,True,False,True,False,success,0.44840505719184875,,,ou_noise,0,1124603,1119604,559802,27.40820334416739,-33.490945392184784,,,
4054,4053,,,-300.550086458708,1000,False,False,False,True,cutoff,7.203804016113281,,,ou_noise,0,1125603,1120604,560302,32.652223595619205,-32.89391604614258,,,
4055,4054,,,155.1529181730854,163,True,False,True,False,success,0.49864789843559265,,,ou_noise,0,1125766,1120767,560383,31.45658666809644,-32.84672765378599,,,
4056,4055,,,164.4032977348111,140,True,False,True,False,success,0.4537373185157776,,,ou_noise,0,1125906,1120907,560453,31.523740570885796,-33.0262935093471,,,
4057,4056,,,166.9427089200845,127,True,False,True,False,success,0.4751480519771576,,,ou_noise,0,1126033,1121034,560517,30.03362539997251,-32.91165629029274,,,
4058,4057,,,172.26429783312693,118,True,False,True,False,success,0.49504759907722473,,,ou_noise,0,1126151,1121152,560576,34.90080556222948,-32.14080826710846,,,
4059,4058,,,159.9445545213312,147,True,False,True,False,success,0.4837793707847595,,,ou_noise,0,1126298,1121299,560649,36.34945966759506,-32.72928645512829,,,
4060,4059,,,73.34368134658376,445,True,False,True,False,success,0.42187172174453735,,,ou_noise,0,1126743,1121744,560872,30.648076820373536,-32.576214332751626,,,
4061,4060,,,156.2350443424578,155,True,False,True,False,success,0.47253894805908203,,,ou_noise,0,1126898,1121899,560949,34.47006810711276,-32.554100730202414,,,
4062,4061,,,170.6165166287202,121,True,False,True,False,success,0.4894786775112152,,,ou_noise,0,1127019,1122020,561010,30.139318986372515,-33.09161389460329,,,
4063,4062,,,168.6702557978644,129,True,False,True,False,success,0.42574769258499146,,,ou_noise,0,1127148,1122149,561074,31.6370902541996,-32.59285646677017,,,
4064,4063,,,166.70831356338158,141,True,False,True,False,success,0.4931916296482086,,,ou_noise,0,1127289,1122290,561145,31.340510780929673,-33.26253974269813,,,
4065,4064,,,157.492825451419,153,True,False,True,False,success,0.45591381192207336,,,ou_noise,0,1127442,1122443,561221,33.11066798291175,-32.93072544900995,,,
4066,4065,,,171.23660632896463,120,True,False,True,False,success,0.4789949059486389,,,ou_noise,0,1127562,1122563,561281,34.1052049001058,-32.28229602177938,,,
4067,4066,,,168.65545010134554,126,True,False,True,False,success,0.467285692691803,,,ou_noise,0,1127688,1122689,561344,30.6316755915445,-32.79020376054068,,,
4068,4067,,,168.47974641289022,135,True,False,True,False,success,0.4385836720466614,,,ou_noise,0,1127823,1122824,561412,31.757004575376158,-32.9454771490658,,,
4069,4068,,,-69.95782288413164,136,False,True,True,False,collision,3.468672275543213,,,ou_noise,0,1127959,1122960,561480,33.316999554634094,-32.43172886792351,,,
4070,4069,,,173.46726129334485,119,True,False,True,False,success,0.46590355038642883,,,ou_noise,0,1128078,1123079,561539,29.38874264725116,-32.11566876556914,,,
4071,4070,,,175.0974164141571,111,True,False,True,False,success,0.4102208912372589,,,ou_noise,0,1128189,1123190,561595,26.41087126517081,-32.99682991845267,,,
4072,4071,,,173.78831501212997,118,True,False,True,False,success,0.42943981289863586,,,ou_noise,0,1128307,1123308,561654,27.915117635565288,-32.57100687188617,,,
4073,4072,,,166.17684382080338,131,True,False,True,False,success,0.46710795164108276,,,ou_noise,0,1128438,1123439,561719,28.45301305610715,-32.394323935875526,,,
4074,4073,,,168.78622841787268,125,True,False,True,False,success,0.4638335108757019,,,ou_noise,0,1128563,1123564,561782,38.328326034545896,-32.04029161967929,,,
4075,4074,,,171.48166834960062,124,True,False,True,False,success,0.4971274137496948,,,ou_noise,0,1128687,1123688,561844,30.630978615053237,-32.41878226495558,,,
4076,4075,,,164.53157447994704,140,True,False,True,False,success,0.40817657113075256,,,ou_noise,0,1128827,1123828,561914,32.584765338897704,-32.72993600027902,,,
4077,4076,,,-78.14086793121632,220,False,True,True,False,collision,2.6388254165649414,,,ou_noise,0,1129047,1124048,562024,31.60079100782221,-32.75696641748602,,,
4078,4077,,,168.0812355638283,132,True,False,True,False,success,0.40803292393684387,,,ou_noise,0,1129179,1124180,562090,25.96595943335331,-32.69821227680553,,,
4079,4078,,,165.05829968352583,143,True,False,True,False,success,0.41174179315567017,,,ou_noise,0,1129322,1124323,562161,31.167201355620698,-32.821651109507386,,,
4080,4079,,,172.57635990250998,125,True,False,True,False,success,0.4727815091609955,,,ou_noise,0,1129447,1124448,562224,32.282042419433594,-32.883653822399324,,,
4081,4080,,,-63.94186433878719,132,False,True,True,False,collision,3.0602645874023438,,,ou_noise,0,1129579,1124580,562290,31.54358355926745,-32.09558301983458,,,
4082,4081,,,170.75606938995512,122,True,False,True,False,success,0.480909138917923,,,ou_noise,0,1129701,1124702,562351,39.585235220487,-32.090983844194255,,,
4083,4082,,,162.05239095756224,153,True,False,True,False,success,0.4628892242908478,,,ou_noise,0,1129854,1124855,562427,34.97979894027211,-32.38479651902851,,,
4084,4083,,,114.01265717742292,320,True,False,True,False,success,0.4210446774959564,,,ou_noise,0,1130174,1125175,562587,34.660044676065446,-32.7851838350296,,,
4085,4084,,,169.95596544489212,128,True,False,True,False,success,0.4527788758277893,,,ou_noise,0,1130302,1125303,562651,28.274539560079575,-32.94519481062889,,,
4086,4085,,,166.42203252984964,141,True,False,True,False,success,0.45214253664016724,,,ou_noise,0,1130443,1125444,562722,29.81780082621473,-32.751991030196066,,,
4087,4086,,,163.8054123570627,145,True,False,True,False,success,0.49861395359039307,,,ou_noise,0,1130588,1125589,562794,34.1989343182794,-33.013397481706406,,,
4088,4087,,,169.53104680280148,125,True,False,True,False,success,0.4176830053329468,,,ou_noise,0,1130713,1125714,562857,25.16738893890381,-32.31843479095944,,,
4089,4088,,,165.71005570034788,135,True,False,True,False,success,0.4947563409805298,,,ou_noise,0,1130848,1125849,562924,30.30399687025282,-32.59899745770355,,,
4090,4089,,,153.62851190095222,167,True,False,True,False,success,0.4412408769130707,,,ou_noise,0,1131015,1126016,563008,31.110063712753934,-32.70932342892601,,,
4091,4090,,,162.16074218362388,139,True,False,True,False,success,0.4040693938732147,,,ou_noise,0,1131154,1126155,563077,34.60328795069413,-32.38228018387504,,,
4092,4091,,,172.41946698128646,124,True,False,True,False,success,0.46846750378608704,,,ou_noise,0,1131278,1126279,563139,31.604655419626543,-32.134867575860795,,,
4093,4092,,,-66.26209503545824,128,False,True,True,False,collision,3.273609161376953,,,ou_noise,0,1131406,1126407,563203,34.90202692896128,-32.61809331178665,,,
4094,4093,,,165.58843456556954,134,True,False,True,False,success,0.492060124874115,,,ou_noise,0,1131540,1126541,563270,29.86260648983628,-32.72819484881501,,,
4095,4094,,,134.30673173615597,237,True,False,True,False,success,0.46696868538856506,,,ou_noise,0,1131777,1126778,563389,36.10675128099788,-32.17348852077452,,,
4096,4095,,,174.60208591810166,116,True,False,True,False,success,0.4109779894351959,,,ou_noise,0,1131893,1126894,563447,33.971675683712135,-32.266455189935094,,,
4097,4096,,,79.69543304834562,404,True,False,True,False,success,0.48693206906318665,,,ou_noise,0,1132297,1127298,563649,30.34426021103812,-33.11011077389859,,,
4098,4097,,,151.69471676603368,165,True,False,True,False,success,0.4610012471675873,,,ou_noise,0,1132462,1127463,563731,30.503734918074173,-32.54528375951255,,,
4099,4098,,,155.11656611322238,158,True,False,True,False,success,0.4328366816043854,,,ou_noise,0,1132620,1127621,563810,29.740659098081952,-32.89508867867385,,,
4100,4099,,,-59.22817371927723,111,False,True,True,False,collision,3.0504026412963867,,,ou_noise,0,1132731,1127732,563866,34.53648697792947,-31.80464015688215,,,
4101,4100,,,-58.12395647729426,123,False,True,True,False,collision,2.6685850620269775,,,ou_noise,0,1132854,1127855,563927,35.98036205477831,-32.45446792977755,,,
4102,4101,,,167.8644837384295,126,True,False,True,False,success,0.4868156909942627,,,ou_noise,0,1132980,1127981,563990,31.584945671142094,-32.19361253768679,,,
4103,4102,,,162.86270383119282,143,True,False,True,False,success,0.40648341178894043,,,ou_noise,0,1133123,1128124,564062,34.32996273707677,-32.95581963327196,,,
4104,4103,,,169.88034287172047,133,True,False,True,False,success,0.47204911708831787,,,ou_noise,0,1133256,1128257,564128,30.993831849635992,-33.178006981358386,,,
4105,4104,,,168.1705886146239,131,True,False,True,False,success,0.490710586309433,,,ou_noise,0,1133387,1128388,564194,30.57417204907832,-32.89919012243097,,,
4106,4105,,,155.4269343469239,153,True,False,True,False,success,0.4877004325389862,,,ou_noise,0,1133540,1128541,564270,27.03087935104869,-32.922304705569616,,,
4107,4106,,,166.08916741763903,141,True,False,True,False,success,0.42322731018066406,,,ou_noise,0,1133681,1128682,564341,33.20286153563371,-32.76147627494704,,,
4108,4107,,,147.91844388501661,185,True,False,True,False,success,0.47392481565475464,,,ou_noise,0,1133866,1128867,564433,33.30534106589652,-32.74898446124533,,,
4109,4108,,,163.96426264758824,137,True,False,True,False,success,0.44281089305877686,,,ou_noise,0,1134003,1129004,564502,35.48050918718324,-33.11727814052416,,,
4110,4109,,,172.69053432207951,121,True,False,True,False,success,0.41948482394218445,,,ou_noise,0,1134124,1129125,564562,30.208582562848555,-32.38040933609009,,,
4111,4110,,,170.21858941458845,126,True,False,True,False,success,0.4616955518722534,,,ou_noise,0,1134250,1129251,564625,34.28088552989657,-32.366275181846014,,,
4112,4111,,,-239.74873304188046,1000,False,False,False,True,cutoff,5.835634231567383,,,ou_noise,0,1135250,1130251,565125,31.715599296569824,-32.572250617980956,,,
4113,4112,,,-285.73801657143485,1000,False,False,False,True,cutoff,8.239888191223145,,,ou_noise,0,1136250,1131251,565625,31.072803057670594,-32.624842185974124,,,
4114,4113,,,163.82970142448903,142,True,False,True,False,success,0.4263654947280884,,,ou_noise,0,1136392,1131393,565696,35.433736774283396,-32.8625771965779,,,
4115,4114,,,169.51486967400638,133,True,False,True,False,success,0.42637330293655396,,,ou_noise,0,1136525,1131526,565763,29.399364966198913,-32.000601071030346,,,
4116,4115,,,173.19468083301504,116,True,False,True,False,success,0.4404776394367218,,,ou_noise,0,1136641,1131642,565821,39.26045048647914,-32.11923517029861,,,
4117,4116,,,168.2361151977281,135,True,False,True,False,success,0.48639950156211853,,,ou_noise,0,1136776,1131777,565888,36.20651153281883,-32.01960651910127,,,
4118,4117,,,172.07380442337546,114,True,False,True,False,success,0.4920106530189514,,,ou_noise,0,1136890,1131891,565945,36.28259033905832,-31.933582305908203,,,
4119,4118,,,164.7408109159408,137,True,False,True,False,success,0.4409668445587158,,,ou_noise,0,1137027,1132028,566014,35.14209835720759,-32.49187892416249,,,
4120,4119,,,171.45866061525282,126,True,False,True,False,success,0.4464423656463623,,,ou_noise,0,1137153,1132154,566077,27.091610878232924,-32.49242270938934,,,
4121,4120,,,158.2592728901093,146,True,False,True,False,success,0.47896724939346313,,,ou_noise,0,1137299,1132300,566150,30.69888437610783,-32.56957689050126,,,
4122,4121,,,158.41772875796556,145,True,False,True,False,success,0.49633052945137024,,,ou_noise,0,1137444,1132445,566222,28.638486500444085,-32.25310654110379,,,
4123,4122,,,165.75000892039947,133,True,False,True,False,success,0.4449777603149414,,,ou_noise,0,1137577,1132578,566289,28.444497674927675,-32.431335990108664,,,
4124,4123,,,166.25936839614565,134,True,False,True,False,success,0.41330400109291077,,,ou_noise,0,1137711,1132712,566356,34.41260739226839,-32.850665419848994,,,
4125,4124,,,161.95611930590198,147,True,False,True,False,success,0.443032830953598,,,ou_noise,0,1137858,1132859,566429,35.71706794557117,-32.271567096448926,,,
4126,4125,,,163.02972309551717,139,True,False,True,False,success,0.4337533116340637,,,ou_noise,0,1137997,1132998,566499,40.660875416488096,-31.799166406903947,,,
4127,4126,,,171.01383062107834,124,True,False,True,False,success,0.4893019199371338,,,ou_noise,0,1138121,1133122,566561,35.314053050933346,-32.89249272500315,,,
4128,4127,,,158.40433516453373,158,True,False,True,False,success,0.47034674882888794,,,ou_noise,0,1138279,1133280,566640,34.03986968873422,-32.951299643214746,,,
4129,4128,,,160.8159953061927,143,True,False,True,False,success,0.4584614038467407,,,ou_noise,0,1138422,1133423,566711,31.064403580618904,-33.01362916113625,,,
4130,4129,,,173.3481214234443,118,True,False,True,False,success,0.48700952529907227,,,ou_noise,0,1138540,1133541,566770,35.12307344856909,-32.35271757740085,,,
4131,4130,,,155.87748426527176,156,True,False,True,False,success,0.45140254497528076,,,ou_noise,0,1138696,1133697,566848,32.6145463234339,-32.33655887995011,,,
4132,4131,,,165.23890009632913,137,True,False,True,False,success,0.42022591829299927,,,ou_noise,0,1138833,1133834,566917,31.31055064793051,-32.72414163230122,,,
4133,4132,,,166.80792021772137,135,True,False,True,False,success,0.4731161296367645,,,ou_noise,0,1138968,1133969,566984,33.53024667810511,-33.050385802539424,,,
4134,4133,,,159.53940654563286,154,True,False,True,False,success,0.44187965989112854,,,ou_noise,0,1139122,1134123,567061,33.30421090435672,-32.19939680223341,,,
4135,4134,,,161.74427729545243,147,True,False,True,False,success,0.43128061294555664,,,ou_noise,0,1139269,1134270,567135,29.68022430186369,-32.77820102588551,,,
4136,4135,,,147.93839464194505,187,True,False,True,False,success,0.43253523111343384,,,ou_noise,0,1139456,1134457,567228,35.76273080244421,-33.05921607889155,,,
4137,4136,,,167.14944957427412,137,True,False,True,False,success,0.4959707260131836,,,ou_noise,0,1139593,1134594,567297,36.354965947840334,-33.31365118164947,,,
4138,4137,,,-61.57326385410478,119,False,True,True,False,collision,3.1738579273223877,,,ou_noise,0,1139712,1134713,567356,29.895192002048013,-33.06860254578671,,,
4139,4138,,,160.0134616689419,140,True,False,True,False,success,0.47522395849227905,,,ou_noise,0,1139852,1134853,567426,28.541745955603464,-32.63628368377685,,,
4140,4139,,,156.8400400457829,149,True,False,True,False,success,0.45174527168273926,,,ou_noise,0,1140001,1135002,567501,32.33670506701373,-33.205087153116864,,,
4141,4140,,,168.27337715177683,125,True,False,True,False,success,0.48986703157424927,,,ou_noise,0,1140126,1135127,567563,30.19372176361084,-33.42570797089608,,,
4142,4141,,,157.04067370846454,158,True,False,True,False,success,0.4488544166088104,,,ou_noise,0,1140284,1135285,567642,33.02161082738562,-33.0219096171705,,,
4143,4142,,,157.2832765581006,151,True,False,True,False,success,0.45380985736846924,,,ou_noise,0,1140435,1135436,567718,30.237823385276542,-33.114016457607875,,,
4144,4143,,,169.891712061742,130,True,False,True,False,success,0.4821554124355316,,,ou_noise,0,1140565,1135566,567783,29.8810145011315,-32.98657701932467,,,
4145,4144,,,165.90505768413715,132,True,False,True,False,success,0.4750286936759949,,,ou_noise,0,1140697,1135698,567849,32.47990127765771,-33.38013033433394,,,
4146,4145,,,164.66544379591764,153,True,False,True,False,success,0.47095543146133423,,,ou_noise,0,1140850,1135851,567925,31.421766973009298,-33.00071919591803,,,
4147,4146,,,171.79272042728098,122,True,False,True,False,success,0.49918076395988464,,,ou_noise,0,1140972,1135973,567986,29.691557516817188,-32.32351768993941,,,
4148,4147,,,143.39141409742462,213,True,False,True,False,success,0.4973221719264984,,,ou_noise,0,1141185,1136186,568093,32.524813249077596,-33.07317389728867,,,
4149,4148,,,-234.09587286062927,1000,False,False,False,True,cutoff,4.611186504364014,,,ou_noise,0,1142185,1137186,568593,32.1255216293335,-32.95766690826416,,,
4150,4149,,,169.3977146546511,132,True,False,True,False,success,0.40393614768981934,,,ou_noise,0,1142317,1137318,568659,34.677246353842996,-33.35401725769043,,,
4151,4150,,,160.9063233234594,152,True,False,True,False,success,0.4475201964378357,,,ou_noise,0,1142469,1137470,568735,31.229487877143058,-33.235999257940996,,,
4152,4151,,,-196.5235721080139,1000,False,False,False,True,cutoff,8.514425277709961,,,ou_noise,0,1143469,1138470,569235,33.642526947975156,-32.852489166259765,,,
4153,4152,,,169.89686672266095,125,True,False,True,False,success,0.499004989862442,,,ou_noise,0,1143594,1138595,569297,34.63607489013672,-33.02649418000252,,,
4154,4153,,,167.94181534034203,137,True,False,True,False,success,0.47719693183898926,,,ou_noise,0,1143731,1138732,569366,29.839699452810915,-32.395610339399695,,,
4155,4154,,,159.0899125157431,154,True,False,True,False,success,0.4407912790775299,,,ou_noise,0,1143885,1138886,569443,35.71938659618427,-32.631722586495535,,,
4156,4155,,,172.28730186855952,122,True,False,True,False,success,0.48127713799476624,,,ou_noise,0,1144007,1139008,569504,34.309471701012285,-33.00940088365899,,,
4157,4156,,,171.6184231711644,126,True,False,True,False,success,0.47087031602859497,,,ou_noise,0,1144133,1139134,569567,36.851214439149885,-32.74162331838456,,,
4158,4157,,,163.24453088297372,139,True,False,True,False,success,0.4510537087917328,,,ou_noise,0,1144272,1139273,569636,35.72380946866042,-32.66601617785468,,,
4159,4158,,,170.27941407944485,117,True,False,True,False,success,0.49241766333580017,,,ou_noise,0,1144389,1139390,569695,36.67682643629547,-32.861127497786185,,,
4160,4159,,,165.41610018390557,141,True,False,True,False,success,0.4373627007007599,,,ou_noise,0,1144530,1139531,569765,35.42751493521616,-32.887121255057195,,,
4161,4160,,,163.84627168657403,142,True,False,True,False,success,0.4480832815170288,,,ou_noise,0,1144672,1139673,569836,36.94181021166519,-32.993391332492024,,,
4162,4161,,,159.42958477045755,157,True,False,True,False,success,0.49915045499801636,,,ou_noise,0,1144829,1139830,569915,33.157123310550766,-32.96635065199454,,,
4163,4162,,,157.49780296631417,165,True,False,True,False,success,0.43752962350845337,,,ou_noise,0,1144994,1139995,569997,37.18609617406672,-32.36345423721686,,,
4164,4163,,,158.39760859798477,152,True,False,True,False,success,0.4030362665653229,,,ou_noise,0,1145146,1140147,570073,34.2846480482503,-32.50269174575806,,,
4165,4164,,,168.6379888885689,139,True,False,True,False,success,0.4588267505168915,,,ou_noise,0,1145285,1140286,570143,33.91399899489588,-32.79212387629918,,,
4166,4165,,,172.50081297582994,121,True,False,True,False,success,0.43795695900917053,,,ou_noise,0,1145406,1140407,570203,34.84882585667381,-32.607043234507245,,,
4167,4166,,,160.76461224581243,140,True,False,True,False,success,0.49550917744636536,,,ou_noise,0,1145546,1140547,570273,33.546719496590754,-32.84816861833845,,,
4168,4167,,,171.27452767208212,121,True,False,True,False,success,0.4039885103702545,,,ou_noise,0,1145667,1140668,570334,31.213511482743193,-33.06018757429279,,,
4169,4168,,,171.36149984549547,128,True,False,True,False,success,0.4835227429866791,,,ou_noise,0,1145795,1140796,570398,33.92498540878296,-32.396881610155106,,,
4170,4169,,,29.289600899439733,729,True,False,True,False,success,0.4396563172340393,,,ou_noise,0,1146524,1141525,570762,35.277943917262704,-32.43809628224635,,,
4171,4170,,,168.71075937304818,126,True,False,True,False,success,0.45326921343803406,,,ou_noise,0,1146650,1141651,570825,28.677985834696937,-32.37508437747047,,,
4172,4171,,,170.94716866787533,127,True,False,True,False,success,0.4453481137752533,,,ou_noise,0,1146777,1141778,570889,32.375474847207855,-32.06676110625267,,,
4173,4172,,,171.73442001234037,118,True,False,True,False,success,0.49834057688713074,,,ou_noise,0,1146895,1141896,570948,33.801141229726504,-32.982804573188396,,,
4174,4173,,,163.32814953733106,142,True,False,True,False,success,0.44836142659187317,,,ou_noise,0,1147037,1142038,571019,37.23116960659833,-32.54110081095091,,,
4175,4174,,,163.7928876801878,151,True,False,True,False,success,0.4912041425704956,,,ou_noise,0,1147188,1142189,571094,35.91501522695781,-32.23937016805013,,,
4176,4175,,,95.91868491641362,338,True,False,True,False,success,0.49968385696411133,,,ou_noise,0,1147526,1142527,571263,33.59451415835048,-32.387670787833855,,,
4177,4176,,,167.1301190497784,129,True,False,True,False,success,0.4737272262573242,,,ou_noise,0,1147655,1142656,571328,36.977143598157305,-32.78991423386794,,,
4178,4177,,,170.5875655896497,125,True,False,True,False,success,0.42176586389541626,,,ou_noise,0,1147780,1142781,571390,36.73419538879394,-31.867753982543945,,,
4179,4178,,,172.2346163242564,118,True,False,True,False,success,0.49473971128463745,,,ou_noise,0,1147898,1142899,571449,34.390965437485,-32.39068687568277,,,
4180,4179,,,171.53279025549858,126,True,False,True,False,success,0.42686647176742554,,,ou_noise,0,1148024,1143025,571512,36.76269115720476,-32.43796076093401,,,
4181,4180,,,171.43043988934926,120,True,False,True,False,success,0.44583120942115784,,,ou_noise,0,1148144,1143145,571572,32.2127322435379,-32.834990628560384,,,
4182,4181,,,160.23680224285778,145,True,False,True,False,success,0.43308359384536743,,,ou_noise,0,1148289,1143290,571645,32.54736100558577,-32.204128735686,,,
4183,4182,,,169.59068683576368,126,True,False,True,False,success,0.49476954340934753,,,ou_noise,0,1148415,1143416,571708,31.84908962249756,-32.14202690124512,,,
4184,4183,,,-55.00151755055343,105,False,True,True,False,collision,3.1278045177459717,,,ou_noise,0,1148520,1143521,571760,29.88661862327939,-31.69849003278292,,,
4185,4184,,,157.65335419838055,151,True,False,True,False,success,0.4811974763870239,,,ou_noise,0,1148671,1143672,571836,33.93126716992713,-31.97057678824977,,,
4186,4185,,,157.21799629795967,147,True,False,True,False,success,0.491497278213501,,,ou_noise,0,1148818,1143819,571909,32.65673030801371,-31.939284703502917,,,
4187,4186,,,170.33818678396057,127,True,False,True,False,success,0.4572546184062958,,,ou_noise,0,1148945,1143946,571973,29.08500954485315,-32.88197684288025,,,
4188,4187,,,166.86033308373055,129,True,False,True,False,success,0.49302685260772705,,,ou_noise,0,1149074,1144075,572037,31.23328356779823,-32.600587368011475,,,
4189,4188,,,164.8940139259014,134,True,False,True,False,success,0.46414411067962646,,,ou_noise,0,1149208,1144209,572104,35.02690909513787,-32.33753084780565,,,
4190,4189,,,167.67563654942276,138,True,False,True,False,success,0.42817553877830505,,,ou_noise,0,1149346,1144347,572173,29.942688174869705,-32.219619695691094,,,
4191,4190,,,160.93167295160086,153,True,False,True,False,success,0.48698756098747253,,,ou_noise,0,1149499,1144500,572250,32.82952617196476,-31.89006741015942,,,
4192,4191,,,-89.61597417532687,51,False,True,True,False,collision,7.905377388000488,,,ou_noise,0,1149550,1144551,572275,27.049646171869018,-31.700682220458983,,,
4193,4192,,,171.40633323111973,123,True,False,True,False,success,0.41307398676872253,,,ou_noise,0,1149673,1144674,572337,40.97173731113837,-32.15240435446462,,,
4194,4193,,,155.1380989166256,156,True,False,True,False,success,0.47198429703712463,,,ou_noise,0,1149829,1144830,572415,34.503853956858315,-31.767968911391037,,,
4195,4194,,,172.7850717505529,121,True,False,True,False,success,0.4435010552406311,,,ou_noise,0,1149950,1144951,572475,37.71343467649349,-31.804252751668294,,,
4196,4195,,,170.479927634794,124,True,False,True,False,success,0.44002464413642883,,,ou_noise,0,1150074,1145075,572537,32.84489611656435,-31.975443317044167,,,
4197,4196,,,158.735081690453,157,True,False,True,False,success,0.4541219472885132,,,ou_noise,0,1150231,1145232,572616,35.49236778696631,-32.116322191455694,,,
4198,4197,,,165.09336290773365,142,True,False,True,False,success,0.41946515440940857,,,ou_noise,0,1150373,1145374,572687,32.44688723120891,-31.68836609746369,,,
4199,4198,,,169.3983959299872,131,True,False,True,False,success,0.4472619295120239,,,ou_noise,0,1150504,1145505,572752,32.15341562169199,-32.29382476806641,,,
4200,4199,,,170.134483886509,129,True,False,True,False,success,0.48798084259033203,,,ou_noise,0,1150633,1145634,572817,35.392120361328125,-31.486424079308144,,,
4201,4200,,,166.1243231972162,139,True,False,True,False,success,0.469343364238739,,,ou_noise,0,1150772,1145773,572886,29.301547173973468,-32.166521072387695,,,
4202,4201,,,158.6832537908498,154,True,False,True,False,success,0.4724291265010834,,,ou_noise,0,1150926,1145927,572963,34.189902336566476,-32.40350334365647,,,
4203,4202,,,169.84857726258474,128,True,False,True,False,success,0.48914748430252075,,,ou_noise,0,1151054,1146055,573027,38.27342330664396,-31.904273480176926,,,
4204,4203,,,162.59009275548536,141,True,False,True,False,success,0.47687697410583496,,,ou_noise,0,1151195,1146196,573098,33.08608293871507,-32.29441994680485,,,
4205,4204,,,-64.81529576611678,129,False,True,True,False,collision,3.0504438877105713,,,ou_noise,0,1151324,1146325,573162,32.57256693433421,-32.38041636347771,,,
4206,4205,,,-230.5371964477337,1000,False,False,False,True,cutoff,4.68208122253418,,,ou_noise,0,1152324,1147325,573662,31.602748463630675,-32.27279723358154,,,
4207,4206,,,169.2448483760529,128,True,False,True,False,success,0.46710655093193054,,,ou_noise,0,1152452,1147453,573726,40.46164567023516,-32.16525682806969,,,
4208,4207,,,164.92382916057824,142,True,False,True,False,success,0.43019312620162964,,,ou_noise,0,1152594,1147595,573797,29.380867031258596,-31.966145475145797,,,
4209,4208,,,166.6863836984395,132,True,False,True,False,success,0.4600900411605835,,,ou_noise,0,1152726,1147727,573863,33.778787114403464,-31.546589504588734,,,
4210,4209,,,158.50594690548553,151,True,False,True,False,success,0.43630775809288025,,,ou_noise,0,1152877,1147878,573939,35.748755347649784,-31.71974862249274,,,
4211,4210,,,172.3524749748659,120,True,False,True,False,success,0.4371280372142792,,,ou_noise,0,1152997,1147998,573999,32.86402326424916,-32.01818908055623,,,
4212,4211,,,161.51838466628044,150,True,False,True,False,success,0.44002586603164673,,,ou_noise,0,1153147,1148148,574074,31.856570822397867,-32.63118324279785,,,
4213,4212,,,170.2423901008642,125,True,False,True,False,success,0.46875104308128357,,,ou_noise,0,1153272,1148273,574136,36.2692702255249,-31.7384796450215,,,
4214,4213,,,-235.2253447879148,1000,False,False,False,True,cutoff,3.4041779041290283,,,ou_noise,0,1154272,1149273,574636,36.12321746921539,-32.18107956695557,,,
4215,4214,,,159.0299478894189,143,True,False,True,False,success,0.446298211812973,,,ou_noise,0,1154415,1149416,574708,29.473797077899214,-31.985524548424614,,,
4216,4215,,,-60.40627658328956,113,False,True,True,False,collision,3.0416083335876465,,,ou_noise,0,1154528,1149529,574764,39.39910098725716,-31.840480395725795,,,
4217,4216,,,163.3453237197868,141,True,False,True,False,success,0.4258122444152832,,,ou_noise,0,1154669,1149670,574835,32.56310724028459,-31.392855281561193,,,
4218,4217,,,165.12876275303879,138,True,False,True,False,success,0.4387505352497101,,,ou_noise,0,1154807,1149808,574904,35.43186867064324,-31.477071734442227,,,
4219,4218,,,170.78415112943955,128,True,False,True,False,success,0.4215926229953766,,,ou_noise,0,1154935,1149936,574968,33.852620646357536,-32.26271986961365,,,
4220,4219,,,156.88165996387403,140,True,False,True,False,success,0.4808979630470276,,,ou_noise,0,1155075,1150076,575038,33.24382666179112,-32.28651016780308,,,
4221,4220,,,172.8460281736422,116,True,False,True,False,success,0.4429067373275757,,,ou_noise,0,1155191,1150192,575096,35.46489550327433,-31.70330554041369,,,
4222,4221,,,-55.98525112406766,108,False,True,True,False,collision,3.196681261062622,,,ou_noise,0,1155299,1150300,575150,34.95972119437324,-31.41165475492124,,,
4223,4222,,,171.33552825807084,117,True,False,True,False,success,0.48351964354515076,,,ou_noise,0,1155416,1150417,575208,35.706729497665016,-32.46481444917876,,,
4224,4223,,,171.1644356186831,128,True,False,True,False,success,0.4811035096645355,,,ou_noise,0,1155544,1150545,575272,44.2762857824564,-31.933107882738113,,,
4225,4224,,,161.63957097354427,138,True,False,True,False,success,0.4776615798473358,,,ou_noise,0,1155682,1150683,575341,35.5949037593344,-32.08019212363423,,,
4226,4225,,,172.30333592592262,118,True,False,True,False,success,0.443034827709198,,,ou_noise,0,1155800,1150801,575400,33.07390586400436,-32.74014608738786,,,
4227,4226,,,163.96462386501184,142,True,False,True,False,success,0.43248623609542847,,,ou_noise,0,1155942,1150943,575471,37.92978088620683,-31.628925457806655,,,
4228,4227,,,171.19093421114934,126,True,False,True,False,success,0.49467262625694275,,,ou_noise,0,1156068,1151069,575534,31.08968380519322,-32.08279134356786,,,
4229,4228,,,162.8914585231603,137,True,False,True,False,success,0.4142485558986664,,,ou_noise,0,1156205,1151206,575603,32.924571197398386,-32.323078127874844,,,
4230,4229,,,78.92822093201508,469,True,False,True,False,success,0.43104711174964905,,,ou_noise,0,1156674,1151675,575837,35.95675140657404,-31.8849093852899,,,
4231,4230,,,164.3519831817814,140,True,False,True,False,success,0.42064327001571655,,,ou_noise,0,1156814,1151815,575907,35.42454058783395,-32.33553098951067,,,
4232,4231,,,172.50599042634457,117,True,False,True,False,success,0.4748636782169342,,,ou_noise,0,1156931,1151932,575966,33.43309123699482,-32.13470106609797,,,
4233,4232,,,163.9181605954463,138,True,False,True,False,success,0.46381676197052,,,ou_noise,0,1157069,1152070,576035,31.50942419577336,-32.341368080913156,,,
4234,4233,,,-171.1208145174561,1000,False,False,False,True,cutoff,4.606775283813477,,,ou_noise,0,1158069,1153070,576535,34.233655779838564,-32.444287239074704,,,
4235,4234,,,164.19370506116064,133,True,False,True,False,success,0.4837268888950348,,,ou_noise,0,1158202,1153203,576601,41.629456871434265,-32.37456870801521,,,
4236,4235,,,171.9711257290342,127,True,False,True,False,success,0.4137111008167267,,,ou_noise,0,1158329,1153330,576665,29.341819560433937,-31.913317412137985,,,
4237,4236,,,161.05603288506774,142,True,False,True,False,success,0.49374115467071533,,,ou_noise,0,1158471,1153472,576736,33.6201150450908,-32.026563913049834,,,
4238,4237,,,169.42930950285574,132,True,False,True,False,success,0.4717637598514557,,,ou_noise,0,1158603,1153604,576802,32.53416072238576,-31.59552591497248,,,
4239,4238,,,-175.94644595244756,1000,False,False,False,True,cutoff,6.070511817932129,,,ou_noise,0,1159603,1154604,577302,34.530839314460756,-32.30750326919556,,,
4240,4239,,,173.21748199745477,121,True,False,True,False,success,0.4592786729335785,,,ou_noise,0,1159724,1154725,577362,35.625784889725615,-32.06906935373942,,,
4241,4240,,,168.99427935763234,125,True,False,True,False,success,0.46569517254829407,,,ou_noise,0,1159849,1154850,577425,28.820210411071777,-32.022482766045464,,,
4242,4241,,,171.29347057417039,124,True,False,True,False,success,0.431637704372406,,,ou_noise,0,1159973,1154974,577487,35.12276579487708,-32.619558334350586,,,
4243,4242,,,172.34674253961356,123,True,False,True,False,success,0.49029040336608887,,,ou_noise,0,1160096,1155097,577548,34.093506029950895,-31.74281117173492,,,
4244,4243,,,171.06877466901207,129,True,False,True,False,success,0.41931387782096863,,,ou_noise,0,1160225,1155226,577613,31.46106410211371,-32.21543359022874,,,
4245,4244,,,151.12371973740258,164,True,False,True,False,success,0.43863624334335327,,,ou_noise,0,1160389,1155390,577695,37.84111611436053,-31.89749101313149,,,
4246,4245,,,174.88369044965498,115,True,False,True,False,success,0.45662519335746765,,,ou_noise,0,1160504,1155505,577752,37.3622522354126,-31.63755958958676,,,
4247,4246,,,-65.42685378641099,131,False,True,True,False,collision,3.0448696613311768,,,ou_noise,0,1160635,1155636,577818,31.247717937440363,-31.968083583947383,,,
4248,4247,,,170.2037664546756,132,True,False,True,False,success,0.49756157398223877,,,ou_noise,0,1160767,1155768,577884,34.97367093779824,-31.608722137682367,,,
4249,4248,,,174.59418950301006,117,True,False,True,False,success,0.40766066312789917,,,ou_noise,0,1160884,1155885,577942,34.028260451096756,-31.871334404780946,,,
4250,4249,,,-103.26734990477354,27,False,True,True,False,collision,9.37968921661377,,,ou_noise,0,1160911,1155912,577956,32.69703087983308,-30.883116040910995,,,
4251,4250,,,171.19930150779646,122,True,False,True,False,success,0.4472918212413788,,,ou_noise,0,1161033,1156034,578017,35.94930150078945,-31.71637031680248,,,
4252,4251,,,156.91852330790874,148,True,False,True,False,success,0.4958496689796448,,,ou_noise,0,1161181,1156182,578091,35.827528747352396,-32.670270790924896,,,
4253,4252,,,171.6797890255154,125,True,False,True,False,success,0.46574458479881287,,,ou_noise,0,1161306,1156307,578153,39.765895957946775,-32.2297107327369,,,
4254,4253,,,172.05267332983198,124,True,False,True,False,success,0.4114764332771301,,,ou_noise,0,1161430,1156431,578215,31.102993965148926,-33.077599894615915,,,
4255,4254,,,163.95463381371175,142,True,False,True,False,success,0.43465450406074524,,,ou_noise,0,1161572,1156573,578286,29.59286515813478,-32.179952648324026,,,
4256,4255,,,162.71955972001,142,True,False,True,False,success,0.4290817081928253,,,ou_noise,0,1161714,1156715,578357,37.35701998858384,-31.850725039629868,,,
4257,4256,,,169.82824412311703,132,True,False,True,False,success,0.4849652349948883,,,ou_noise,0,1161846,1156847,578423,32.64401851278363,-31.58102986306855,,,
4258,4257,,,155.0623932340484,153,True,False,True,False,success,0.4207865595817566,,,ou_noise,0,1161999,1157000,578500,29.223610416736477,-31.768398532619724,,,
4259,4258,,,151.39858171430964,165,True,False,True,False,success,0.49057450890541077,,,ou_noise,0,1162164,1157165,578582,35.35752177960945,-31.927536289866378,,,
4260,4259,,,171.14505917197147,128,True,False,True,False,success,0.4007874131202698,,,ou_noise,0,1162292,1157293,578646,40.749873995780945,-32.888142585754395,,,
4261,4260,,,167.49898314960066,136,True,False,True,False,success,0.4480811059474945,,,ou_noise,0,1162428,1157429,578714,34.95005700868719,-31.983138673445758,,,
4262,4261,,,163.0189523999183,135,True,False,True,False,success,0.49316808581352234,,,ou_noise,0,1162563,1157564,578782,33.5478929872866,-31.74786158169017,,,
4263,4262,,,169.68635404996292,129,True,False,True,False,success,0.48144716024398804,,,ou_noise,0,1162692,1157693,578846,37.098457824352174,-32.47168901562691,,,
4264,4263,,,-166.45105861948937,1000,False,False,False,True,cutoff,5.234063625335693,,,ou_noise,0,1163692,1158693,579346,32.32680075645447,-32.028919200897214,,,
4265,4264,,,158.38565663062047,150,True,False,True,False,success,0.4807668626308441,,,ou_noise,0,1163842,1158843,579421,27.855135917663574,-32.17099166870117,,,
4266,4265,,,172.53987000199723,117,True,False,True,False,success,0.4632711112499237,,,ou_noise,0,1163959,1158960,579480,30.695883865030403,-32.001217211707164,,,
4267,4266,,,160.33087033958384,154,True,False,True,False,success,0.430436909198761,,,ou_noise,0,1164113,1159114,579557,35.578737333223415,-31.790942154921495,,,
4268,4267,,,163.30081205176566,136,True,False,True,False,success,0.46615394949913025,,,ou_noise,0,1164249,1159250,579625,37.939523710924036,-31.88629711375517,,,
4269,4268,,,171.82766597589506,123,True,False,True,False,success,0.43911904096603394,,,ou_noise,0,1164372,1159373,579686,30.34848203891661,-32.18932039229596,,,
4270,4269,,,170.8268110621329,124,True,False,True,False,success,0.4792613387107849,,,ou_noise,0,1164496,1159497,579748,31.651670878933324,-31.94278024858044,,,
4271,4270,,,168.89680507654856,129,True,False,True,False,success,0.48386308550834656,,,ou_noise,0,1164625,1159626,579813,29.65557720864466,-31.85036089970515,,,
4272,4271,,,-233.5340297382855,1000,False,False,False,True,cutoff,5.731855392456055,,,ou_noise,0,1165625,1160626,580313,34.393510692596436,-31.94476036834717,,,
4273,4272,,,161.73835546397473,147,True,False,True,False,success,0.489086389541626,,,ou_noise,0,1165772,1160773,580386,35.22975311798303,-30.98308510976295,,,
4274,4273,,,167.4452276685424,129,True,False,True,False,success,0.4725716710090637,,,ou_noise,0,1165901,1160902,580451,33.508404606072475,-31.828510607205903,,,
4275,4274,,,159.1221430049098,150,True,False,True,False,success,0.46293529868125916,,,ou_noise,0,1166051,1161052,580526,32.35699520111084,-31.414856923421222,,,
4276,4275,,,163.25288782141317,135,True,False,True,False,success,0.4326871335506439,,,ou_noise,0,1166186,1161187,580593,33.63293905611391,-32.10700903365861,,,
4277,4276,,,160.8491851014994,151,True,False,True,False,success,0.47477173805236816,,,ou_noise,0,1166337,1161338,580669,34.90092167633259,-31.929339609648054,,,
4278,4277,,,173.8731987924936,114,True,False,True,False,success,0.42489635944366455,,,ou_noise,0,1166451,1161452,580726,34.66617264663964,-30.944437997382984,,,
4279,4278,,,174.2481829842894,122,True,False,True,False,success,0.4257086515426636,,,ou_noise,0,1166573,1161574,580787,35.944156044819316,-31.6047854501693,,,
4280,4279,,,165.05405622602694,133,True,False,True,False,success,0.49246612191200256,,,ou_noise,0,1166706,1161707,580853,29.648606701901084,-31.992399562488902,,,
4281,4280,,,159.2516036841988,151,True,False,True,False,success,0.4740472435951233,,,ou_noise,0,1166857,1161858,580929,36.962776000926034,-31.622496303759124,,,
4282,4281,,,158.22677307550003,157,True,False,True,False,success,0.4763604998588562,,,ou_noise,0,1167014,1162015,581007,31.48531413230167,-32.15529048137176,,,
4283,4282,,,157.03862165154732,156,True,False,True,False,success,0.44288983941078186,,,ou_noise,0,1167170,1162171,581085,36.615501960118614,-31.985030272068123,,,
4284,4283,,,161.2137688054022,146,True,False,True,False,success,0.4909541606903076,,,ou_noise,0,1167316,1162317,581158,35.46077888305873,-31.47827059602084,,,
4285,4284,,,172.22987353102383,126,True,False,True,False,success,0.47166410088539124,,,ou_noise,0,1167442,1162443,581221,38.126245256454226,-32.07286120217944,,,
4286,4285,,,169.19634246917224,130,True,False,True,False,success,0.4513854384422302,,,ou_noise,0,1167572,1162573,581286,34.25274289204524,-31.925845512977013,,,
4287,4286,,,173.4018651722043,117,True,False,True,False,success,0.47722843289375305,,,ou_noise,0,1167689,1162690,581345,31.22495091267121,-32.04660696902518,,,
4288,4287,,,174.65798437798145,120,True,False,True,False,success,0.4026991128921509,,,ou_noise,0,1167809,1162810,581405,38.51589407920837,-32.031704139709475,,,
4289,4288,,,94.54935176305516,428,True,False,True,False,success,0.4621392488479614,,,ou_noise,0,1168237,1163238,581619,32.78119944634839,-31.90597354140237,,,
4290,4289,,,170.72072039140278,124,True,False,True,False,success,0.4714035093784332,,,ou_noise,0,1168361,1163362,581681,33.6935496945535,-31.546172726538874,,,
4291,4290,,,161.40218564356232,155,True,False,True,False,success,0.4714198112487793,,,ou_noise,0,1168516,1163517,581758,32.474126520464495,-31.644864590137036,,,
4292,4291,,,170.77843121501195,129,True,False,True,False,success,0.45457056164741516,,,ou_noise,0,1168645,1163646,581823,36.68584387431773,-31.836519681490383,,,
4293,4292,,,172.57766746495656,118,True,False,True,False,success,0.49872708320617676,,,ou_noise,0,1168763,1163764,581882,36.92785435207819,-31.575145624451718,,,
4294,4293,,,158.38634674804416,146,True,False,True,False,success,0.49487316608428955,,,ou_noise,0,1168909,1163910,581955,33.476597759821644,-31.678807689719005,,,
4295,4294,,,172.88207654215233,123,True,False,True,False,success,0.41896650195121765,,,ou_noise,0,1169032,1164033,582016,34.964677019817074,-31.625181229388126,,,
4296,4295,,,171.19490536917328,122,True,False,True,False,success,0.4657460153102875,,,ou_noise,0,1169154,1164155,582077,32.62573681503046,-31.70050793006772,,,
4297,4296,,,162.0381238288574,139,True,False,True,False,success,0.45461317896842957,,,ou_noise,0,1169293,1164294,582147,33.233384873369616,-31.690543828691755,,,
4298,4297,,,163.23296792208447,143,True,False,True,False,success,0.44328948855400085,,,ou_noise,0,1169436,1164437,582218,31.574459209308756,-31.874531383245763,,,
4299,4298,,,174.39310083690367,116,True,False,True,False,success,0.4404312074184418,,,ou_noise,0,1169552,1164553,582276,48.19243314348418,-32.31334071323789,,,
4300,4299,,,156.0054442253053,151,True,False,True,False,success,0.4885497987270355,,,ou_noise,0,1169703,1164704,582352,34.94201063320337,-31.396066565262643,,,
4301,4300,,,-64.22398744792763,132,False,True,True,False,collision,2.863521099090576,,,ou_noise,0,1169835,1164836,582418,36.4870474988764,-31.51261919195002,,,
4302,4301,,,-159.7903638213415,570,False,True,True,False,collision,2.0924885272979736,,,ou_noise,0,1170405,1165406,582703,37.92008514069674,-31.69221959699664,,,
4303,4302,,,153.37523318585568,160,True,False,True,False,success,0.48678073287010193,,,ou_noise,0,1170565,1165566,582783,33.83116177916527,-31.72847125530243,,,
4304,4303,,,160.60744901180692,147,True,False,True,False,success,0.44937750697135925,,,ou_noise,0,1170712,1165713,582856,40.95156637827555,-32.226747120896434,,,
4305,4304,,,162.82837212763985,141,True,False,True,False,success,0.4314401149749756,,,ou_noise,0,1170853,1165854,582927,35.63880978577526,-31.844225762595592,,,
4306,4305,,,174.35529312128673,114,True,False,True,False,success,0.4972243309020996,,,ou_noise,0,1170967,1165968,582984,34.82501939305088,-31.292358231126215,,,
4307,4306,,,165.20909045016714,135,True,False,True,False,success,0.4438343942165375,,,ou_noise,0,1171102,1166103,583051,40.199273596869574,-31.29017340247311,,,
4308,4307,,,-62.63496858777071,117,False,True,True,False,collision,3.026571273803711,,,ou_noise,0,1171219,1166220,583110,37.91286789657723,-31.721272581714693,,,
4309,4308,,,165.37667848268853,136,True,False,True,False,success,0.40570691227912903,,,ou_noise,0,1171355,1166356,583178,37.77612679144915,-32.14679824604708,,,
4310,4309,,,162.750242578148,150,True,False,True,False,success,0.4324710965156555,,,ou_noise,0,1171505,1166506,583253,32.10314388275147,-31.549001617431642,,,
4311,4310,,,161.78656143606858,141,True,False,True,False,success,0.49511629343032837,,,ou_noise,0,1171646,1166647,583323,37.314143221429056,-32.28293113708496,,,
4312,4311,,,163.267932350946,141,True,False,True,False,success,0.4681614637374878,,,ou_noise,0,1171787,1166788,583394,32.32907928304469,-31.948454843440526,,,
4313,4312,,,161.687511976698,146,True,False,True,False,success,0.4611464738845825,,,ou_noise,0,1171933,1166934,583467,41.08526826231447,-31.81126359390886,,,
4314,4313,,,165.74205605554232,147,True,False,True,False,success,0.45326927304267883,,,ou_noise,0,1172080,1167081,583540,34.31002308722256,-31.43729894455165,,,
4315,4314,,,170.83653965729962,120,True,False,True,False,success,0.43741825222969055,,,ou_noise,0,1172200,1167201,583600,39.845379749933876,-31.638472175598146,,,
4316,4315,,,159.48272559164946,171,True,False,True,False,success,0.4252176880836487,,,ou_noise,0,1172371,1167372,583686,43.43659704331069,-31.89293859171313,,,
4317,4316,,,162.4576682815217,150,True,False,True,False,success,0.4686213433742523,,,ou_noise,0,1172521,1167522,583761,32.60102884928386,-32.08428064982096,,,
4318,4317,,,171.87303350179081,126,True,False,True,False,success,0.4232490062713623,,,ou_noise,0,1172647,1167648,583824,30.696541801331534,-31.921314421154204,,,
4319,4318,,,161.5853663146327,150,True,False,True,False,success,0.4301327168941498,,,ou_noise,0,1172797,1167798,583899,35.36828742345174,-31.99827685038249,,,
4320,4319,,,167.78059281459818,142,True,False,True,False,success,0.4845017194747925,,,ou_noise,0,1172939,1167940,583970,33.77562310662068,-31.8301906854334,,,
4321,4320,,,173.7660581815567,118,True,False,True,False,success,0.45413947105407715,,,ou_noise,0,1173057,1168058,584029,35.97022269944013,-31.929564718472754,,,
4322,4321,,,-67.17849816059736,126,False,True,True,False,collision,2.8076205253601074,,,ou_noise,0,1173183,1168184,584092,36.40960186246841,-32.26419930231003,,,
4323,4322,,,166.33187478299172,135,True,False,True,False,success,0.47424113750457764,,,ou_noise,0,1173318,1168319,584159,32.62054020916974,-31.264185834286817,,,
4324,4323,,,161.18331812797237,143,True,False,True,False,success,0.42443397641181946,,,ou_noise,0,1173461,1168462,584231,36.7977246171111,-32.02371591991849,,,
4325,4324,,,152.4298576232042,147,True,False,True,False,success,0.4630172550678253,,,ou_noise,0,1173608,1168609,584304,36.535531900366955,-32.062792529798536,,,
4326,4325,,,158.90532485164087,139,True,False,True,False,success,0.4504934251308441,,,ou_noise,0,1173747,1168748,584374,39.43693442310361,-32.3773781640189,,,
4327,4326,,,159.47925854613692,142,True,False,True,False,success,0.46613427996635437,,,ou_noise,0,1173889,1168890,584445,36.61523533539033,-31.481621675088373,,,
4328,4327,,,161.8760184825466,150,True,False,True,False,success,0.4536738097667694,,,ou_noise,0,1174039,1169040,584520,35.403677514394126,-31.659727274576824,,,
4329,4328,,,171.9294539332079,124,True,False,True,False,success,0.46652740240097046,,,ou_noise,0,1174163,1169164,584582,36.8239023916183,-31.950543465152865,,,
4330,4329,,,156.0197641979467,155,True,False,True,False,success,0.4467000365257263,,,ou_noise,0,1174318,1169319,584659,36.107604432875114,-31.512472871062045,,,
4331,4330,,,170.52179802040598,127,True,False,True,False,success,0.41060328483581543,,,ou_noise,0,1174445,1169446,584723,36.13593218645712,-31.734068125486374,,,
4332,4331,,,144.55233357414647,205,True,False,True,False,success,0.4388916790485382,,,ou_noise,0,1174650,1169651,584825,37.214819940706576,-31.659421303692987,,,
4333,4332,,,163.64812553198732,147,True,False,True,False,success,0.47488340735435486,,,ou_noise,0,1174797,1169798,584899,41.29090232589618,-31.339639096646696,,,
4334,4333,,,166.5783012471785,136,True,False,True,False,success,0.4774557650089264,,,ou_noise,0,1174933,1169934,584967,34.955612161580255,-31.90288481992834,,,
4335,4334,,,173.57284681261947,116,True,False,True,False,success,0.48547279834747314,,,ou_noise,0,1175049,1170050,585025,35.26787654284773,-31.812637690840095,,,
4336,4335,,,-58.25377999832474,113,False,True,True,False,collision,2.9210333824157715,,,ou_noise,0,1175162,1170163,585081,34.81531985460129,-31.54062945502145,,,
4337,4336,,,172.66545199652415,118,True,False,True,False,success,0.4829941391944885,,,ou_noise,0,1175280,1170281,585140,41.7435898619183,-31.367520089876855,,,
4338,4337,,,169.1240295448243,132,True,False,True,False,success,0.46228790283203125,,,ou_noise,0,1175412,1170413,585206,38.015576564904414,-31.93954748095888,,,
4339,4338,,,-75.08538236445897,158,False,True,True,False,collision,3.4449925422668457,,,ou_noise,0,1175570,1170571,585285,39.55694004251987,-31.753889301155187,,,
4340,4339,,,162.79268312990843,135,True,False,True,False,success,0.49288877844810486,,,ou_noise,0,1175705,1170706,585353,32.84872245788574,-31.50989538080552,,,
4341,4340,,,170.86916491347188,126,True,False,True,False,success,0.46958374977111816,,,ou_noise,0,1175831,1170832,585416,37.37073434345306,-31.849110951499334,,,
4342,4341,,,-102.68404916185645,167,False,True,True,False,collision,6.183669567108154,,,ou_noise,0,1175998,1170999,585499,38.974315723259295,-31.80296429094062,,,
4343,4342,,,153.9672815749592,147,True,False,True,False,success,0.4655936360359192,,,ou_noise,0,1176145,1171146,585573,38.23656743237761,-31.51820791089857,,,
4344,4343,,,-232.62986453388524,1000,False,False,False,True,cutoff,6.357402324676514,,,ou_noise,0,1177145,1172146,586073,34.24383533000946,-31.58341333389282,,,
4345,4344,,,156.2402682909213,147,True,False,True,False,success,0.43496406078338623,,,ou_noise,0,1177292,1172293,586146,39.05912242292547,-31.214573220030903,,,
4346,4345,,,163.77688419743274,133,True,False,True,False,success,0.4912063479423523,,,ou_noise,0,1177425,1172426,586213,40.91030757588551,-31.564706432285593,,,
4347,4346,,,157.4754762823059,148,True,False,True,False,success,0.46627238392829895,,,ou_noise,0,1177573,1172574,586287,36.31931562681456,-31.363237406756426,,,
4348,4347,,,161.76000905907608,143,True,False,True,False,success,0.43438705801963806,,,ou_noise,0,1177716,1172717,586358,34.36552102415712,-32.14529378649215,,,
4349,4348,,,173.47490666454814,121,True,False,True,False,success,0.45234429836273193,,,ou_noise,0,1177837,1172838,586419,33.97985370100037,-31.46060061845623,,,
4350,4349,,,130.03011767308303,307,True,False,True,False,success,0.46359142661094666,,,ou_noise,0,1178144,1173145,586572,35.221003302533774,-31.407678180270725,,,
4351,4350,,,169.19389223058533,128,True,False,True,False,success,0.43508416414260864,,,ou_noise,0,1178272,1173273,586636,33.378663808107376,-31.730413526296616,,,
4352,4351,,,173.86170658466386,118,True,False,True,False,success,0.43946367502212524,,,ou_noise,0,1178390,1173391,586695,41.15781190839864,-31.419807563393803,,,
4353,4352,,,162.34684361452145,142,True,False,True,False,success,0.47194021940231323,,,ou_noise,0,1178532,1173533,586766,37.27564868792682,-31.191050032494772,,,
4354,4353,,,174.98054782331832,112,True,False,True,False,success,0.4305308759212494,,,ou_noise,0,1178644,1173645,586822,35.93103782619749,-31.132604939596995,,,
4355,4354,,,166.29755207028379,134,True,False,True,False,success,0.4683966338634491,,,ou_noise,0,1178778,1173779,586889,34.34579388063345,-31.39200623355695,,,
4356,4355,,,170.69535683027334,125,True,False,True,False,success,0.462558388710022,,,ou_noise,0,1178903,1173904,586952,38.31995738983154,-31.12600493052649,,,
4357,4356,,,171.8421159723698,120,True,False,True,False,success,0.4701195955276489,,,ou_noise,0,1179023,1174024,587012,30.680388061205544,-31.97224578857422,,,
4358,4357,,,158.99373084832416,144,True,False,True,False,success,0.48892077803611755,,,ou_noise,0,1179167,1174168,587084,35.5622755686442,-31.587369389004177,,,
4359,4358,,,174.26337042077205,115,True,False,True,False,success,0.43878862261772156,,,ou_noise,0,1179282,1174283,587141,43.23479271764341,-31.174884026510675,,,
4360,4359,,,174.20826424833575,115,True,False,True,False,success,0.42104169726371765,,,ou_noise,0,1179397,1174398,587199,31.73458323271378,-31.66578013321449,,,
4361,4360,,,70.97125128091017,437,True,False,True,False,success,0.4874691665172577,,,ou_noise,0,1179834,1174835,587417,38.82066902143186,-31.505921792546545,,,
4362,4361,,,165.47318275891746,140,True,False,True,False,success,0.4429562985897064,,,ou_noise,0,1179974,1174975,587487,33.02743188313075,-31.361760221208844,,,
4363,4362,,,123.44855557206498,317,True,False,True,False,success,0.44204214215278625,,,ou_noise,0,1180291,1175292,587646,35.62022040695046,-31.95529996524067,,,
4364,4363,,,165.40048544943033,134,True,False,True,False,success,0.46633774042129517,,,ou_noise,0,1180425,1175426,587713,40.43199991112325,-31.347882769001064,,,
4365,4364,,,167.8747372500557,134,True,False,True,False,success,0.4437347948551178,,,ou_noise,0,1180559,1175560,587780,32.167815137265336,-31.680777165427138,,,
4366,4365,,,159.56087218255493,143,True,False,True,False,success,0.4447740614414215,,,ou_noise,0,1180702,1175703,587851,36.77526333948949,-31.446811273064412,,,
4367,4366,,,163.2168465792638,139,True,False,True,False,success,0.44467073678970337,,,ou_noise,0,1180841,1175842,587921,31.893422113048086,-31.948096765790666,,,
4368,4367,,,170.78699113347628,130,True,False,True,False,success,0.4273892939090729,,,ou_noise,0,1180971,1175972,587986,32.16670006238497,-31.794723510742188,,,
4369,4368,,,-30.804999269804313,979,True,False,True,False,success,0.47946229577064514,,,ou_noise,0,1181950,1176951,588475,35.87574672114496,-31.753966996518624,,,
4370,4369,,,168.03733418476736,137,True,False,True,False,success,0.44030341506004333,,,ou_noise,0,1182087,1177088,588544,37.29739294260958,-31.7994657046553,,,
4371,4370,,,166.40493770174123,137,True,False,True,False,success,0.4063396751880646,,,ou_noise,0,1182224,1177225,588612,36.71663511234478,-31.683723085066852,,,
4372,4371,,,162.96305039275512,148,True,False,True,False,success,0.47424739599227905,,,ou_noise,0,1182372,1177373,588686,32.398207999564505,-31.74668701274975,,,
4373,4372,,,174.8039550419261,116,True,False,True,False,success,0.4503074586391449,,,ou_noise,0,1182488,1177489,588744,32.18219339436498,-31.319770944529566,,,
4374,4373,,,172.92702370288407,118,True,False,True,False,success,0.4875543713569641,,,ou_noise,0,1182606,1177607,588803,28.719567266561217,-31.672268431065447,,,
4375,4374,,,161.72070919117746,147,True,False,True,False,success,0.4304666817188263,,,ou_noise,0,1182753,1177754,588877,31.157312166123162,-31.80845188450169,,,
4376,4375,,,168.17530973399133,127,True,False,True,False,success,0.41462478041648865,,,ou_noise,0,1182880,1177881,588940,31.159228610241506,-31.553958832271515,,,
4377,4376,,,172.76655265490007,118,True,False,True,False,success,0.44413748383522034,,,ou_noise,0,1182998,1177999,588999,33.63593862016322,-31.00173668942209,,,
4378,4377,,,169.22470066678102,129,True,False,True,False,success,0.4132731258869171,,,ou_noise,0,1183127,1178128,589064,30.996936095777407,-31.424550775381235,,,
4379,4378,,,156.52537026483458,145,True,False,True,False,success,0.4502089023590088,,,ou_noise,0,1183272,1178273,589136,36.947787113847404,-31.716497129864162,,,
4380,4379,,,162.66407895204213,146,True,False,True,False,success,0.4557420611381531,,,ou_noise,0,1183418,1178419,589209,33.465600052925005,-31.8440901090021,,,
4381,4380,,,161.72648490894628,137,True,False,True,False,success,0.42871132493019104,,,ou_noise,0,1183555,1178556,589278,31.959450004744703,-31.766011638917785,,,
4382,4381,,,-175.56232643846562,595,False,True,True,False,collision,2.714618444442749,,,ou_noise,0,1184150,1179151,589575,33.943001966716864,-31.407017396355318,,,
4383,4382,,,163.99545277902828,139,True,False,True,False,success,0.4560632109642029,,,ou_noise,0,1184289,1179290,589645,34.842286610774856,-31.150977161952426,,,
4384,4383,,,159.25328034587343,165,True,False,True,False,success,0.49653729796409607,,,ou_noise,0,1184454,1179455,589727,35.82363343672319,-30.80986976623535,,,
4385,4384,,,170.46974916586035,127,True,False,True,False,success,0.4154554605484009,,,ou_noise,0,1184581,1179582,589791,35.6490914051927,-31.566092282533646,,,
4386,4385,,,172.244337186695,119,True,False,True,False,success,0.4467000961303711,,,ou_noise,0,1184700,1179701,589850,31.652506972561362,-31.358257455340887,,,
4387,4386,,,172.05819195896333,117,True,False,True,False,success,0.49567583203315735,,,ou_noise,0,1184817,1179818,589909,35.239200274149574,-31.20808342755851,,,
4388,4387,,,162.7308903367511,135,True,False,True,False,success,0.45920783281326294,,,ou_noise,0,1184952,1179953,589976,30.956699632715296,-31.372412382666745,,,
4389,4388,,,162.13554156714665,139,True,False,True,False,success,0.4703616499900818,,,ou_noise,0,1185091,1180092,590046,38.279420296922865,-31.898538071768623,,,
4390,4389,,,160.05830692303212,134,True,False,True,False,success,0.49311771988868713,,,ou_noise,0,1185225,1180226,590113,34.552613272595764,-31.0568018671292,,,
4391,4390,,,-56.012420200713976,109,False,True,True,False,collision,3.0366716384887695,,,ou_noise,0,1185334,1180335,590167,37.65909461800111,-31.24242545940258,,,
4392,4391,,,-98.17353053654872,83,False,True,True,False,collision,7.603304386138916,,,ou_noise,0,1185417,1180418,590209,42.22922114866326,-30.937333561125257,,,
4393,4392,,,172.7539747583292,120,True,False,True,False,success,0.45057153701782227,,,ou_noise,0,1185537,1180538,590269,34.86425670782725,-31.08762327829997,,,
4394,4393,,,166.75631212237727,133,True,False,True,False,success,0.46058133244514465,,,ou_noise,0,1185670,1180671,590335,39.40141834890036,-31.23086027665572,,,
4395,4394,,,172.8719790355317,122,True,False,True,False,success,0.47598543763160706,,,ou_noise,0,1185792,1180793,590396,33.475534697048,-31.235439550681193,,,
4396,4395,,,170.36634791346575,127,True,False,True,False,success,0.48481258749961853,,,ou_noise,0,1185919,1180920,590460,29.298301058491383,-31.103936851024628,,,
4397,4396,,,173.71176748305632,115,True,False,True,False,success,0.47515079379081726,,,ou_noise,0,1186034,1181035,590517,35.4493753184443,-31.220540766130412,,,
4398,4397,,,-64.33920949899259,130,False,True,True,False,collision,3.162950038909912,,,ou_noise,0,1186164,1181165,590582,30.028357615837685,-31.02270346421462,,,
4399,4398,,,162.6934700006252,145,True,False,True,False,success,0.4527139365673065,,,ou_noise,0,1186309,1181310,590655,36.35503690653834,-31.35452061483305,,,
4400,4399,,,168.32804994329524,134,True,False,True,False,success,0.4994787573814392,,,ou_noise,0,1186443,1181444,590722,37.665705367700376,-31.445174658476418,,,
4401,4400,,,156.6585209007778,179,True,False,True,False,success,0.44222405552864075,,,ou_noise,0,1186622,1181623,590811,34.62887353737261,-31.917962385027597,,,
4402,4401,,,164.55891492962985,138,True,False,True,False,success,0.44701868295669556,,,ou_noise,0,1186760,1181761,590880,38.95005855007448,-31.40828107750934,,,
4403,4402,,,154.7189968534945,144,True,False,True,False,success,0.49163103103637695,,,ou_noise,0,1186904,1181905,590952,34.568356017271675,-31.47307374742296,,,
4404,4403,,,168.18378317271367,134,True,False,True,False,success,0.4893991947174072,,,ou_noise,0,1187038,1182039,591019,37.27711714559526,-31.24814110371604,,,
4405,4404,,,159.41930998443863,146,True,False,True,False,success,0.4478009045124054,,,ou_noise,0,1187184,1182185,591092,30.03146871801925,-30.62186194119388,,,
4406,4405,,,163.76067694315608,144,True,False,True,False,success,0.4372536242008209,,,ou_noise,0,1187328,1182329,591164,33.742482629087235,-31.29128885269165,,,
4407,4406,,,156.99562006953767,144,True,False,True,False,success,0.4464828073978424,,,ou_noise,0,1187472,1182473,591236,39.517078571849396,-31.243161890241836,,,
4408,4407,,,170.8949842190567,121,True,False,True,False,success,0.48079633712768555,,,ou_noise,0,1187593,1182594,591297,32.33457105809992,-31.165079648377464,,,
4409,4408,,,168.84924154332487,138,True,False,True,False,success,0.4383220672607422,,,ou_noise,0,1187731,1182732,591366,34.04339077161706,-31.06522109543068,,,
4410,4409,,,-231.18329016457798,1000,False,False,False,True,cutoff,5.68986701965332,,,ou_noise,0,1188731,1183732,591866,32.792818002700805,-31.197802207946776,,,
4411,4410,,,170.13198498412302,129,True,False,True,False,success,0.4956754744052887,,,ou_noise,0,1188860,1183861,591930,31.62456099931584,-31.39057120680809,,,
4412,4411,,,165.7204174861335,141,True,False,True,False,success,0.4819318354129791,,,ou_noise,0,1189001,1184002,592001,34.234018663988046,-31.1044693799086,,,
4413,4412,,,164.55926662227134,145,True,False,True,False,success,0.44194942712783813,,,ou_noise,0,1189146,1184147,592073,28.395446580031823,-31.40780054198371,,,
4414,4413,,,-228.80555899685365,1000,False,False,False,True,cutoff,8.613920211791992,,,ou_noise,0,1190146,1185147,592573,32.93669696331024,-31.06377927017212,,,
4415,4414,,,172.06256421202525,121,True,False,True,False,success,0.485212504863739,,,ou_noise,0,1190267,1185268,592634,31.534245948160976,-31.527226401157066,,,
4416,4415,,,158.24586260642923,161,True,False,True,False,success,0.4795745611190796,,,ou_noise,0,1190428,1185429,592714,33.36202036816141,-30.520831203460695,,,
4417,4416,,,173.80019301602488,120,True,False,True,False,success,0.44012612104415894,,,ou_noise,0,1190548,1185549,592774,37.2322412331899,-31.02675151824951,,,
4418,4417,,,171.67092154886717,124,True,False,True,False,success,0.43642234802246094,,,ou_noise,0,1190672,1185673,592836,29.33129055269303,-31.20633472934846,,,
4419,4418,,,161.6279127453669,143,True,False,True,False,success,0.49132367968559265,,,ou_noise,0,1190815,1185816,592908,34.898898531506944,-30.9399348364936,,,
4420,4419,,,173.5859981768665,116,True,False,True,False,success,0.445924311876297,,,ou_noise,0,1190931,1185932,592966,35.73491755847273,-30.92202929792733,,,
4421,4420,,,172.0028863085879,119,True,False,True,False,success,0.47379475831985474,,,ou_noise,0,1191050,1186051,593025,37.22349424121761,-31.19561466928256,,,
4422,4421,,,158.27872812370364,142,True,False,True,False,success,0.4239668846130371,,,ou_noise,0,1191192,1186193,593096,38.2393620988013,-31.434956617758306,,,
4423,4422,,,162.22035933468476,137,True,False,True,False,success,0.4622296392917633,,,ou_noise,0,1191329,1186330,593165,34.258596552549484,-30.570699332416922,,,
4424,4423,,,171.55278796133152,128,True,False,True,False,success,0.43156448006629944,,,ou_noise,0,1191457,1186458,593229,31.619620494544506,-31.13595673441887,,,
4425,4424,,,162.1764388991411,148,True,False,True,False,success,0.4606555700302124,,,ou_noise,0,1191605,1186606,593303,35.45918017464715,-31.393907804746885,,,
4426,4425,,,171.54313759495292,120,True,False,True,False,success,0.47707849740982056,,,ou_noise,0,1191725,1186726,593363,33.06174947420756,-31.210819435119628,,,
4427,4426,,,166.0872177710242,139,True,False,True,False,success,0.4304773509502411,,,ou_noise,0,1191864,1186865,593432,34.27136339558114,-30.96110354990199,,,
4428,4427,,,165.50780103283012,133,True,False,True,False,success,0.48240169882774353,,,ou_noise,0,1191997,1186998,593499,33.44759458527529,-31.544750754512958,,,
4429,4428,,,171.4349853112053,118,True,False,True,False,success,0.48948121070861816,,,ou_noise,0,1192115,1187116,593558,30.190214140940522,-30.916845256999387,,,
4430,4429,,,169.25469698340595,134,True,False,True,False,success,0.4872003197669983,,,ou_noise,0,1192249,1187250,593625,35.20901848664924,-31.39879858671729,,,
4431,4430,,,162.27217724677206,133,True,False,True,False,success,0.43658843636512756,,,ou_noise,0,1192382,1187383,593691,47.09704967728235,-31.545430010015313,,,
4432,4431,,,173.59454501426188,115,True,False,True,False,success,0.44670602679252625,,,ou_noise,0,1192497,1187498,593749,34.53932058085566,-31.299832113857928,,,
4433,4432,,,171.64596638554553,124,True,False,True,False,success,0.4162812829017639,,,ou_noise,0,1192621,1187622,593811,24.334569484956802,-31.31056930172828,,,
4434,4433,,,168.92195884814151,135,True,False,True,False,success,0.4425815939903259,,,ou_noise,0,1192756,1187757,593878,34.17709252392804,-31.870404827060984,,,
4435,4434,,,160.55881374788837,142,True,False,True,False,success,0.4720747470855713,,,ou_noise,0,1192898,1187899,593949,38.140715813972584,-31.414076496177994,,,
4436,4435,,,138.74498023137193,249,True,False,True,False,success,0.4481137990951538,,,ou_noise,0,1193147,1188148,594074,30.079752316915368,-31.48533610534668,,,
4437,4436,,,-225.8396914010005,1000,False,False,False,True,cutoff,6.043876647949219,,,ou_noise,0,1194147,1189148,594574,33.517999647140506,-31.24758629989624,,,
4438,4437,,,160.8768035227135,141,True,False,True,False,success,0.4326572120189667,,,ou_noise,0,1194288,1189289,594644,34.26014667538041,-30.991432353428433,,,
4439,4438,,,168.58474777129234,134,True,False,True,False,success,0.4730195701122284,,,ou_noise,0,1194422,1189423,594711,32.72094860361583,-31.01849205814191,,,
4440,4439,,,158.71440558980925,146,True,False,True,False,success,0.4135463237762451,,,ou_noise,0,1194568,1189569,594784,34.34388768183042,-31.297108872296057,,,
4441,4440,,,158.60876568840536,143,True,False,True,False,success,0.4975813925266266,,,ou_noise,0,1194711,1189712,594856,31.40209113301097,-30.777292728424072,,,
4442,4441,,,172.8943947839383,126,True,False,True,False,success,0.4565730094909668,,,ou_noise,0,1194837,1189838,594919,31.11424331816416,-31.16184219481453,,,
4443,4442,,,171.333620188226,121,True,False,True,False,success,0.44828882813453674,,,ou_noise,0,1194958,1189959,594979,37.07064830370186,-31.130902194976805,,,
4444,4443,,,168.2150199781429,132,True,False,True,False,success,0.4191022217273712,,,ou_noise,0,1195090,1190091,595045,34.214667421398744,-31.366407221013848,,,
4445,4444,,,169.96913910045055,127,True,False,True,False,success,0.45865073800086975,,,ou_noise,0,1195217,1190218,595109,31.82166794153649,-31.173172563314438,,,
4446,4445,,,171.66416193798926,124,True,False,True,False,success,0.4916185736656189,,,ou_noise,0,1195341,1190342,595171,42.89622013030514,-30.534116129721365,,,
4447,4446,,,157.38386994267606,162,True,False,True,False,success,0.4708300828933716,,,ou_noise,0,1195503,1190504,595252,31.281156804826523,-31.590524555724343,,,
4448,4447,,,167.16134994880008,131,True,False,True,False,success,0.4003005921840668,,,ou_noise,0,1195634,1190635,595317,34.71864875764337,-31.199561251126802,,,
4449,4448,,,159.77580239657885,148,True,False,True,False,success,0.4164119362831116,,,ou_noise,0,1195782,1190783,595391,28.93935630772565,-31.89413593910836,,,
4450,4449,,,154.31623899978317,156,True,False,True,False,success,0.49822989106178284,,,ou_noise,0,1195938,1190939,595469,32.75199936597775,-30.949798877422626,,,
4451,4450,,,159.20341871533103,160,True,False,True,False,success,0.46476998925209045,,,ou_noise,0,1196098,1191099,595549,37.70323978066445,-30.703148984909056,,,
4452,4451,,,160.8876085073969,155,True,False,True,False,success,0.4445016384124756,,,ou_noise,0,1196253,1191254,595627,35.05880873280187,-31.346868074857273,,,
4453,4452,,,164.98784846139364,135,True,False,True,False,success,0.4515712559223175,,,ou_noise,0,1196388,1191389,595694,35.69721792715567,-31.387589611224275,,,
4454,4453,,,172.28908171314814,121,True,False,True,False,success,0.42980682849884033,,,ou_noise,0,1196509,1191510,595755,40.08522979484117,-31.505895114335857,,,
4455,4454,,,170.4717839892885,128,True,False,True,False,success,0.4322541058063507,,,ou_noise,0,1196637,1191638,595819,38.61161181330681,-30.80197834968567,,,
4456,4455,,,170.91402752111713,128,True,False,True,False,success,0.46089908480644226,,,ou_noise,0,1196765,1191766,595883,37.17372790724039,-31.505872428417206,,,
4457,4456,,,174.195791974852,116,True,False,True,False,success,0.4990682899951935,,,ou_noise,0,1196881,1191882,595941,27.9303868885698,-30.955172571642645,,,
4458,4457,,,33.82764623410212,586,True,False,True,False,success,0.45986416935920715,,,ou_noise,0,1197467,1192468,596234,33.845677519007346,-31.51441701687237,,,
4459,4458,,,-64.85183408813177,142,False,True,True,False,collision,2.981574296951294,,,ou_noise,0,1197609,1192610,596305,40.26216592251415,-31.076504908816915,,,
4460,4459,,,169.37068081157037,134,True,False,True,False,success,0.46440523862838745,,,ou_noise,0,1197743,1192744,596372,31.85471767454005,-31.288665799952266,,,
4461,4460,,,151.58265892790286,167,True,False,True,False,success,0.4787534177303314,,,ou_noise,0,1197910,1192911,596455,38.607165091052025,-31.672630838600988,,,
4462,4461,,,170.16433470594012,127,True,False,True,False,success,0.4880375862121582,,,ou_noise,0,1198037,1193038,596519,30.778660999508354,-31.833803921937943,,,
4463,4462,,,171.41844808342742,126,True,False,True,False,success,0.4521637558937073,,,ou_noise,0,1198163,1193164,596582,27.258812874082533,-31.379751780676465,,,
4464,4463,,,171.83325713856908,123,True,False,True,False,success,0.46446675062179565,,,ou_noise,0,1198286,1193287,596643,38.578813444308146,-31.28947054753538,,,
4465,4464,,,164.34367992033765,137,True,False,True,False,success,0.4916854500770569,,,ou_noise,0,1198423,1193424,596712,30.287206789002802,-31.69701874774435,,,
4466,4465,,,163.46077239432057,150,True,False,True,False,success,0.43746915459632874,,,ou_noise,0,1198573,1193574,596787,31.593943405151368,-31.256152420043946,,,
4467,4466,,,167.39748232213913,129,True,False,True,False,success,0.4616192579269409,,,ou_noise,0,1198702,1193703,596851,28.02897617428802,-31.404901921749115,,,
4468,4467,,,175.61770548763027,112,True,False,True,False,success,0.47377005219459534,,,ou_noise,0,1198814,1193815,596907,38.81895519154413,-31.427373783929006,,,
4469,4468,,,175.89210448642427,114,True,False,True,False,success,0.4215005934238434,,,ou_noise,0,1198928,1193929,596964,36.31505905117905,-31.26760706985206,,,
4470,4469,,,175.0755116032669,114,True,False,True,False,success,0.41439226269721985,,,ou_noise,0,1199042,1194043,597021,33.567507451040704,-31.147513272469503,,,
4471,4470,,,170.1685527262105,126,True,False,True,False,success,0.42611566185951233,,,ou_noise,0,1199168,1194169,597084,38.588448040069096,-31.029427876548162,,,
4472,4471,,,172.58678171581013,124,True,False,True,False,success,0.42648088932037354,,,ou_noise,0,1199292,1194293,597146,34.2894023464572,-31.37335463493101,,,
4473,4472,,,157.60988840494997,137,True,False,True,False,success,0.46628469228744507,,,ou_noise,0,1199429,1194430,597215,37.86827345660133,-31.207812378371973,,,
4474,4473,,,170.5281485735759,121,True,False,True,False,success,0.41296812891960144,,,ou_noise,0,1199550,1194551,597275,33.258857277799244,-31.65917008717855,,,
4475,4474,,,172.20902969050377,118,True,False,True,False,success,0.4699290990829468,,,ou_noise,0,1199668,1194669,597334,34.630739090806344,-31.900694087400275,,,
4476,4475,,,170.97697391304737,125,True,False,True,False,success,0.4533557891845703,,,ou_noise,0,1199793,1194794,597397,29.750544258117674,-31.739306828332325,,,
4477,4476,,,163.5365699821571,137,True,False,True,False,success,0.4904206693172455,,,ou_noise,0,1199930,1194931,597465,34.41151494353357,-31.941142222460577,,,
4478,4477,,,-250.22434093838112,1000,False,False,False,True,cutoff,7.024964809417725,,,ou_noise,0,1200930,1195931,597965,35.649442247390745,-31.5539969329834,,,
4479,4478,,,160.85349148679572,135,True,False,True,False,success,0.45538243651390076,,,ou_noise,0,1201065,1196066,598033,32.73669613732232,-31.81258591483621,,,
4480,4479,,,162.4751158757214,145,True,False,True,False,success,0.4797278344631195,,,ou_noise,0,1201210,1196211,598105,37.65227515121986,-31.442966090308296,,,
4481,4480,,,174.06779347266632,111,True,False,True,False,success,0.49301910400390625,,,ou_noise,0,1201321,1196322,598161,36.24874664856507,-31.573837859289988,,,
4482,4481,,,165.9277632048345,135,True,False,True,False,success,0.4106884002685547,,,ou_noise,0,1201456,1196457,598228,35.974692337601276,-31.00099694550927,,,
4483,4482,,,165.3456517537566,132,True,False,True,False,success,0.4354655146598816,,,ou_noise,0,1201588,1196589,598294,27.16424159570174,-31.237922870751582,,,
4484,4483,,,153.09766239895765,162,True,False,True,False,success,0.496029794216156,,,ou_noise,0,1201750,1196751,598375,41.33264379736818,-32.11256808999144,,,
4485,4484,,,161.08140262641365,137,True,False,True,False,success,0.4012574553489685,,,ou_noise,0,1201887,1196888,598444,31.281676062702264,-31.13415975156038,,,
4486,4485,,,-153.09738887616348,217,False,True,True,False,collision,9.005417823791504,,,ou_noise,0,1202104,1197105,598552,31.482561247689382,-31.38402557373047,,,
4487,4486,,,74.89501066768888,449,True,False,True,False,success,0.41763588786125183,,,ou_noise,0,1202553,1197554,598777,34.91142267426829,-31.22923350016276,,,
4488,4487,,,172.08774620069482,119,True,False,True,False,success,0.4575539529323578,,,ou_noise,0,1202672,1197673,598836,38.280018854541936,-31.23297054484739,,,
4489,4488,,,169.36071639426774,130,True,False,True,False,success,0.49289724230766296,,,ou_noise,0,1202802,1197803,598901,31.837534244243916,-31.70477174612192,,,
4490,4489,,,-84.31563559224364,31,False,True,True,False,collision,8.26975154876709,,,ou_noise,0,1202833,1197834,598917,33.31017586492723,-30.95590627193451,,,
4491,4490,,,-58.54471542847788,116,False,True,True,False,collision,3.076385498046875,,,ou_noise,0,1202949,1197950,598975,37.59814465456996,-31.52275453764817,,,
4492,4491,,,164.08136609913225,138,True,False,True,False,success,0.44692686200141907,,,ou_noise,0,1203087,1198088,599044,40.6553094352501,-30.918727957684062,,,
4493,4492,,,168.93941955921275,131,True,False,True,False,success,0.46109575033187866,,,ou_noise,0,1203218,1198219,599109,42.50084587271887,-31.486220051692083,,,
4494,4493,,,167.81906105276767,136,True,False,True,False,success,0.43110761046409607,,,ou_noise,0,1203354,1198355,599177,41.8050235860488,-31.175936278174905,,,
4495,4494,,,168.55501095744862,136,True,False,True,False,success,0.4159213900566101,,,ou_noise,0,1203490,1198491,599245,33.71954123412861,-31.701693590949564,,,
4496,4495,,,170.03200649624713,132,True,False,True,False,success,0.48695090413093567,,,ou_noise,0,1203622,1198623,599311,35.770388169722125,-31.0838304866444,,,
4497,4496,,,174.04587844692009,112,True,False,True,False,success,0.4452309310436249,,,ou_noise,0,1203734,1198735,599367,33.52089809519904,-31.82377631323678,,,
4498,4497,,,167.638386583921,138,True,False,True,False,success,0.48940911889076233,,,ou_noise,0,1203872,1198873,599436,35.77726695848548,-31.87747720359028,,,
4499,4498,,,170.42282686810003,127,True,False,True,False,success,0.4979424476623535,,,ou_noise,0,1203999,1199000,599500,33.98038070408378,-31.236878663301468,,,
4500,4499,,,171.94427011269977,124,True,False,True,False,success,0.445755273103714,,,ou_noise,0,1204123,1199124,599562,33.01789838267911,-31.478820585435436,,,
4501,4500,,,169.86225453775972,132,True,False,True,False,success,0.44392502307891846,,,ou_noise,0,1204255,1199256,599628,31.596254500475798,-31.489700404080477,,,
4502,4501,,,170.96566558884706,128,True,False,True,False,success,0.4053826630115509,,,ou_noise,0,1204383,1199384,599692,32.46087174117565,-31.56812098622322,,,
4503,4502,,,172.17765639584474,121,True,False,True,False,success,0.4185029864311218,,,ou_noise,0,1204504,1199505,599752,33.58042191276866,-31.454379971822103,,,
4504,4503,,,-57.71200538374999,118,False,True,True,False,collision,2.8025639057159424,,,ou_noise,0,1204622,1199623,599811,37.34945915513119,-31.111913357750844,,,
4505,4504,,,172.94004864864667,118,True,False,True,False,success,0.4416036903858185,,,ou_noise,0,1204740,1199741,599870,31.16827811224986,-31.461256382829053,,,
4506,4505,,,-267.8047128902288,1000,False,False,False,True,cutoff,8.406530380249023,,,ou_noise,0,1205740,1200741,600370,33.546614857673646,-31.221577758789063,,,
4507,4506,,,-233.90178430092735,577,False,True,True,False,collision,7.815563678741455,,,ou_noise,0,1206317,1201318,600659,36.89304672618053,-31.150093580199773,,,
4508,4507,,,-63.03754530172324,118,False,True,True,False,collision,2.9043421745300293,,,ou_noise,0,1206435,1201436,600718,28.693464206436932,-30.989445831816074,,,
4509,4508,,,150.93448077134494,161,True,False,True,False,success,0.43196192383766174,,,ou_noise,0,1206596,1201597,600798,39.683501439064926,-30.928477549552916,,,
4510,4509,,,152.4171006383608,154,True,False,True,False,success,0.46328574419021606,,,ou_noise,0,1206750,1201751,600875,31.58089390048733,-30.886063439505442,,,
4511,4510,,,173.557039566848,113,True,False,True,False,success,0.47857654094696045,,,ou_noise,0,1206863,1201864,600932,32.44136118255885,-31.616086859452096,,,
4512,4511,,,161.69960733271824,134,True,False,True,False,success,0.46742013096809387,,,ou_noise,0,1206997,1201998,600999,34.358554776035135,-31.390803123587993,,,
4513,4512,,,170.6107603489225,125,True,False,True,False,success,0.4839772582054138,,,ou_noise,0,1207122,1202123,601061,34.832035209655764,-31.678429880449848,,,
4514,4513,,,169.8033520542199,126,True,False,True,False,success,0.4503932595252991,,,ou_noise,0,1207248,1202249,601124,30.06625639446198,-30.776515173533607,,,
4515,4514,,,173.7871046064867,115,True,False,True,False,success,0.46463584899902344,,,ou_noise,0,1207363,1202364,601182,32.40191250676694,-31.208460807800293,,,
4516,4515,,,169.95443636485805,126,True,False,True,False,success,0.49772772192955017,,,ou_noise,0,1207489,1202490,601245,32.02367997547937,-31.49353584410652,,,
4517,4516,,,163.78203309876088,140,True,False,True,False,success,0.48331934213638306,,,ou_noise,0,1207629,1202630,601315,29.733608497892106,-30.691441535949707,,,
4518,4517,,,-66.06362627891761,57,False,True,True,False,collision,5.7905731201171875,,,ou_noise,0,1207686,1202687,601343,32.66522424262867,-30.439060960497176,,,
4519,4518,,,169.81834741351875,130,True,False,True,False,success,0.46819183230400085,,,ou_noise,0,1207816,1202817,601408,44.4692927800692,-30.811899830744817,,,
4520,4519,,,171.0603990231311,125,True,False,True,False,success,0.4433927536010742,,,ou_noise,0,1207941,1202942,601471,36.752697570800784,-31.27547624376085,,,
4521,4520,,,174.16460576068556,117,True,False,True,False,success,0.46520060300827026,,,ou_noise,0,1208058,1203059,601529,33.780634643685104,-31.19801106946222,,,
4522,4521,,,160.8758518173201,144,True,False,True,False,success,0.4067403972148895,,,ou_noise,0,1208202,1203203,601601,35.10454179180993,-31.289604160520767,,,
4523,4522,,,174.49056582132368,115,True,False,True,False,success,0.44318926334381104,,,ou_noise,0,1208317,1203318,601659,43.057608828337294,-31.030825417617272,,,
4524,4523,,,-227.52822875371743,1000,False,False,False,True,cutoff,5.640826225280762,,,ou_noise,0,1209317,1204318,602159,35.826371139526366,-31.062723373413085,,,
4525,4524,,,168.92786246302484,131,True,False,True,False,success,0.4705761671066284,,,ou_noise,0,1209448,1204449,602224,34.47935906621336,-30.88937146113469,,,
4526,4525,,,166.80512861444345,131,True,False,True,False,success,0.4841308295726776,,,ou_noise,0,1209579,1204580,602290,40.075664301864975,-30.779285777698863,,,
4527,4526,,,159.7428881752203,154,True,False,True,False,success,0.47627946734428406,,,ou_noise,0,1209733,1204734,602367,36.548469766393886,-30.859058751688377,,,
4528,4527,,,164.0542837951255,142,True,False,True,False,success,0.4931071996688843,,,ou_noise,0,1209875,1204876,602438,31.618243237616312,-30.985477554966028,,,
4529,4528,,,172.97738169761203,120,True,False,True,False,success,0.4100520610809326,,,ou_noise,0,1209995,1204996,602498,36.81750659147898,-30.490151405334473,,,
4530,4529,,,174.83818665928487,116,True,False,True,False,success,0.4054829180240631,,,ou_noise,0,1210111,1205112,602556,32.198693900272765,-30.850765622895338,,,
4531,4530,,,-89.03289044451755,46,False,True,True,False,collision,7.947758197784424,,,ou_noise,0,1210157,1205158,602579,34.55133000664089,-31.576355395109758,,,
4532,4531,,,-56.590787157987776,114,False,True,True,False,collision,2.786285400390625,,,ou_noise,0,1210271,1205272,602636,41.84569995445118,-31.490734133804054,,,
4533,4532,,,-284.2269658012131,1000,False,False,False,True,cutoff,8.36561107635498,,,ou_noise,0,1211271,1206272,603136,38.55663281154632,-30.716385177612306,,,
4534,4533,,,-222.53830653407604,1000,False,False,False,True,cutoff,5.181873798370361,,,ou_noise,0,1212271,1207272,603636,34.913586168289186,-30.753992012023925,,,
4535,4534,,,172.0324562671586,118,True,False,True,False,success,0.4667898416519165,,,ou_noise,0,1212389,1207390,603695,36.5576315168607,-29.939729787535587,,,
4536,4535,,,-255.43335512451958,799,False,True,True,False,collision,3.1558303833007812,,,ou_noise,0,1213188,1208189,604094,36.612019184384685,-30.603166642344387,,,
4537,4536,,,170.3457109334599,128,True,False,True,False,success,0.48157283663749695,,,ou_noise,0,1213316,1208317,604158,36.78669086098671,-30.24380698800087,,,
4538,4537,,,160.29669781638523,153,True,False,True,False,success,0.42220962047576904,,,ou_noise,0,1213469,1208470,604235,37.17691682055106,-30.60532287498573,,,
4539,4538,,,-233.7803190745162,1000,False,False,False,True,cutoff,4.664557933807373,,,ou_noise,0,1214469,1209470,604735,37.91010021305084,-30.109558284759522,,,
4540,4539,,,169.94353004798808,130,True,False,True,False,success,0.45657044649124146,,,ou_noise,0,1214599,1209600,604800,40.59513545403114,-29.78166257418119,,,
4541,4540,,,170.82825113326868,121,True,False,True,False,success,0.4935466945171356,,,ou_noise,0,1214720,1209721,604860,37.662911265349585,-30.47045234044393,,,
4542,4541,,,173.20842873219857,118,True,False,True,False,success,0.44311633706092834,,,ou_noise,0,1214838,1209839,604919,36.49531267457089,-29.79226733062227,,,
4543,4542,,,144.74769185808987,225,True,False,True,False,success,0.46343982219696045,,,ou_noise,0,1215063,1210064,605032,34.80441250695122,-29.14160063414447,,,
4544,4543,,,162.5445500776008,146,True,False,True,False,success,0.43854206800460815,,,ou_noise,0,1215209,1210210,605105,40.935896324784785,-29.482108155341997,,,
4545,4544,,,-69.57774854974951,52,False,True,True,False,collision,6.1959919929504395,,,ou_noise,0,1215261,1210262,605131,28.29941335091224,-30.287695151108963,,,
4546,4545,,,172.90519742760677,120,True,False,True,False,success,0.47269368171691895,,,ou_noise,0,1215381,1210382,605191,42.37960535685222,-29.758984978993734,,,
4547,4546,,,158.85481499642438,158,True,False,True,False,success,0.44740304350852966,,,ou_noise,0,1215539,1210540,605270,40.07420766202709,-30.382398919214175,,,
4548,4547,,,165.13879702324897,135,True,False,True,False,success,0.44935500621795654,,,ou_noise,0,1215674,1210675,605337,41.03410528677481,-29.699502033973808,,,
4549,4548,,,173.30773051684196,115,True,False,True,False,success,0.48565128445625305,,,ou_noise,0,1215789,1210790,605395,36.11964245671811,-29.866819118631298,,,
4550,4549,,,167.41325662806747,132,True,False,True,False,success,0.44564342498779297,,,ou_noise,0,1215921,1210922,605461,38.04643142584598,-29.949967442136824,,,
4551,4550,,,173.12109927012213,116,True,False,True,False,success,0.46200937032699585,,,ou_noise,0,1216037,1211038,605519,37.52165170373588,-29.48711901697619,,,
4552,4551,,,173.88813829277174,121,True,False,True,False,success,0.41924214363098145,,,ou_noise,0,1216158,1211159,605579,41.39644649600194,-29.836293665568032,,,
4553,4552,,,170.15970721750324,127,True,False,True,False,success,0.4292384088039398,,,ou_noise,0,1216285,1211286,605643,33.28185049943098,-30.331320464611053,,,
4554,4553,,,174.60460493039147,111,True,False,True,False,success,0.4834107458591461,,,ou_noise,0,1216396,1211397,605698,40.68280661643088,-29.647856486927378,,,
4555,4554,,,164.13891887940846,144,True,False,True,False,success,0.4739387035369873,,,ou_noise,0,1216540,1211541,605770,36.618232137627075,-28.925779872470432,,,
4556,4555,,,-246.03004822801014,1000,False,False,False,True,cutoff,4.635111331939697,,,ou_noise,0,1217540,1212541,606270,39.065248099327086,-29.455154190063478,,,
4557,4556,,,169.25984296495204,122,True,False,True,False,success,0.47218620777130127,,,ou_noise,0,1217662,1212663,606331,31.821245795390645,-29.286808826884286,,,
4558,4557,,,175.43859796478634,115,True,False,True,False,success,0.4367902874946594,,,ou_noise,0,1217777,1212778,606389,45.44982155509617,-29.657584289024616,,,
4559,4558,,,171.52001522411962,124,True,False,True,False,success,0.4868757724761963,,,ou_noise,0,1217901,1212902,606451,31.5126736856276,-28.986958872887396,,,
4560,4559,,,162.5571226159846,137,True,False,True,False,success,0.4059574007987976,,,ou_noise,0,1218038,1213039,606519,33.70977257638082,-29.00530705732458,,,
4561,4560,,,168.96656226785467,130,True,False,True,False,success,0.4561210572719574,,,ou_noise,0,1218168,1213169,606584,43.87470620228694,-29.011637966449445,,,
4562,4561,,,171.18328627173983,131,True,False,True,False,success,0.4151237905025482,,,ou_noise,0,1218299,1213300,606650,42.45050631224654,-29.287542805527195,,,
4563,4562,,,-60.53073278174242,76,False,True,True,False,collision,4.815155506134033,,,ou_noise,0,1218375,1213376,606688,35.289631605148315,-29.80373723883378,,,
4564,4563,,,154.03904824218412,158,True,False,True,False,success,0.4780575931072235,,,ou_noise,0,1218533,1213534,606767,42.35325962380518,-29.40736765801152,,,
4565,4564,,,-64.38249801837023,132,False,True,True,False,collision,2.7325031757354736,,,ou_noise,0,1218665,1213666,606833,36.220203666976005,-29.43970437483354,,,
4566,4565,,,-59.42219200740439,125,False,True,True,False,collision,2.929267168045044,,,ou_noise,0,1218790,1213791,606895,30.436430603027343,-29.54282077666252,,,
4567,4566,,,169.0457163582387,127,True,False,True,False,success,0.48483023047447205,,,ou_noise,0,1218917,1213918,606959,36.38342669629675,-29.108315467834473,,,
4568,4567,,,163.8322041903403,138,True,False,True,False,success,0.40665191411972046,,,ou_noise,0,1219055,1214056,607028,44.33955273420914,-28.973029979761098,,,
4569,4568,,,170.36826712148934,128,True,False,True,False,success,0.42424631118774414,,,ou_noise,0,1219183,1214184,607092,42.31723319739103,-29.40221858024597,,,
4570,4569,,,173.92192811556637,111,True,False,True,False,success,0.4972570240497589,,,ou_noise,0,1219294,1214295,607147,41.695512616956556,-29.75415919910778,,,
4571,4570,,,168.6493105236893,135,True,False,True,False,success,0.47978562116622925,,,ou_noise,0,1219429,1214430,607215,46.201293076409236,-28.82643222808838,,,
4572,4571,,,-208.83963166658768,1000,False,False,False,True,cutoff,5.8334431648254395,,,ou_noise,0,1220429,1215430,607715,37.27029049873352,-28.89323949432373,,,
4573,4572,,,163.5825555289678,136,True,False,True,False,success,0.49647870659828186,,,ou_noise,0,1220565,1215566,607783,43.38607619089239,-29.123838368584128,,,
4574,4573,,,152.99829605687503,166,True,False,True,False,success,0.40555083751678467,,,ou_noise,0,1220731,1215732,607866,44.05479677039457,-28.932763869503894,,,
4575,4574,,,169.478090692243,126,True,False,True,False,success,0.49305596947669983,,,ou_noise,0,1220857,1215858,607929,41.22788812243749,-28.609656863742405,,,
4576,4575,,,168.25114833541193,132,True,False,True,False,success,0.4875190258026123,,,ou_noise,0,1220989,1215990,607995,42.62295517776952,-28.827748269745797,,,
4577,4576,,,161.46826659630509,147,True,False,True,False,success,0.4831257462501526,,,ou_noise,0,1221136,1216137,608068,33.076653383216076,-28.47893563362017,,,
4578,4577,,,168.84828864730463,131,True,False,True,False,success,0.46074584126472473,,,ou_noise,0,1221267,1216268,608134,35.106924493804236,-28.804201530687738,,,
4579,4578,,,172.549055543364,119,True,False,True,False,success,0.4147186577320099,,,ou_noise,0,1221386,1216387,608193,37.78842909195844,-29.11733339600644,,,
4580,4579,,,163.45107260343164,151,True,False,True,False,success,0.42324137687683105,,,ou_noise,0,1221537,1216538,608269,35.326275048666446,-28.507477910895098,,,
4581,4580,,,168.02103768195212,128,True,False,True,False,success,0.4164567291736603,,,ou_noise,0,1221665,1216666,608333,39.123797699809074,-28.754319339990616,,,
4582,4581,,,-90.41396841034013,59,False,True,True,False,collision,7.786586284637451,,,ou_noise,0,1221724,1216725,608362,46.051860421390856,-29.18941168949522,,,
4583,4582,,,167.54864378178095,138,True,False,True,False,success,0.4505704641342163,,,ou_noise,0,1221862,1216863,608431,46.831248449242636,-29.130069898522418,,,
4584,4583,,,-65.97640014608761,139,False,True,True,False,collision,2.778973340988159,,,ou_noise,0,1222001,1217002,608501,42.60029084733922,-28.35993161882673,,,
4585,4584,,,159.35801264182737,146,True,False,True,False,success,0.43006396293640137,,,ou_noise,0,1222147,1217148,608574,36.385528068019916,-28.952463515817303,,,
4586,4585,,,160.04602561743317,158,True,False,True,False,success,0.46897369623184204,,,ou_noise,0,1222305,1217306,608653,39.730222170865986,-29.014144004145756,,,
4587,4586,,,-59.13731729073889,130,False,True,True,False,collision,2.5097289085388184,,,ou_noise,0,1222435,1217436,608718,46.30339672382061,-28.89809576181265,,,
4588,4587,,,168.2111290587742,130,True,False,True,False,success,0.47896382212638855,,,ou_noise,0,1222565,1217566,608783,38.05305202190693,-28.5074889256404,,,
4589,4588,,,175.1255989484631,111,True,False,True,False,success,0.41122132539749146,,,ou_noise,0,1222676,1217677,608838,41.385714402069915,-28.326741964166814,,,
4590,4589,,,-69.73962302237456,50,False,True,True,False,collision,6.327809810638428,,,ou_noise,0,1222726,1217727,608863,32.32436943054199,-28.405569610595702,,,
4591,4590,,,-85.07862078322952,52,False,True,True,False,collision,7.556626319885254,,,ou_noise,0,1222778,1217779,608889,43.54976617372953,-27.92659884232741,,,
4592,4591,,,-58.41714174715392,113,False,True,True,False,collision,3.237287998199463,,,ou_noise,0,1222891,1217892,608946,41.9771864561908,-28.507549553586724,,,
4593,4592,,,-61.30033331242098,118,False,True,True,False,collision,2.862119197845459,,,ou_noise,0,1223009,1218010,609005,38.63451131723695,-28.32507773577157,,,
4594,4593,,,-60.24575027323936,122,False,True,True,False,collision,3.227508068084717,,,ou_noise,0,1223131,1218132,609066,33.50935836698188,-29.009744050072843,,,
4595,4594,,,162.85751233105503,134,True,False,True,False,success,0.4221065640449524,,,ou_noise,0,1223265,1218266,609133,40.80603080009347,-28.71805071474901,,,
4596,4595,,,171.45602677903858,125,True,False,True,False,success,0.4483813941478729,,,ou_noise,0,1223390,1218391,609195,40.36678865814209,-28.370235535406298,,,
4597,4596,,,170.88250769928223,129,True,False,True,False,success,0.4301578104496002,,,ou_noise,0,1223519,1218520,609260,34.239450521247335,-28.837194736187275,,,
4598,4597,,,-134.13290889324236,373,False,True,True,False,collision,3.3991122245788574,,,ou_noise,0,1223892,1218893,609446,41.11978385915066,-28.745908562855053,,,
4599,4598,,,172.4985905904363,119,True,False,True,False,success,0.4940381944179535,,,ou_noise,0,1224011,1219012,609506,36.686369631470754,-28.09303830464681,,,
4600,4599,,,157.59607297791501,147,True,False,True,False,success,0.4594881534576416,,,ou_noise,0,1224158,1219159,609579,40.38773585338982,-28.257371693441314,,,
4601,4600,,,149.29646427415355,167,True,False,True,False,success,0.45657581090927124,,,ou_noise,0,1224325,1219326,609663,41.62660920834113,-28.78186291740054,,,
4602,4601,,,161.79834686176883,131,True,False,True,False,success,0.4685043394565582,,,ou_noise,0,1224456,1219457,609728,37.374658977712386,-29.06295435978816,,,
4603,4602,,,173.17494222174219,113,True,False,True,False,success,0.4983062148094177,,,ou_noise,0,1224569,1219570,609785,43.42586175530358,-29.219556875396194,,,
4604,4603,,,157.94129065785233,137,True,False,True,False,success,0.4911184310913086,,,ou_noise,0,1224706,1219707,609853,52.76914263815775,-28.432283513686237,,,
4605,4604,,,-69.77861112312294,50,False,True,True,False,collision,6.347598552703857,,,ou_noise,0,1224756,1219757,609878,33.28667381286621,-27.952766494750975,,,
4606,4605,,,170.8690884035408,125,True,False,True,False,success,0.4542212188243866,,,ou_noise,0,1224881,1219882,609941,50.870450225830076,-27.97332645597912,,,
4607,4606,,,173.0459939078473,117,True,False,True,False,success,0.4231906235218048,,,ou_noise,0,1224998,1219999,609999,36.17185957003863,-28.32693251248064,,,
4608,4607,,,162.17391507445146,133,True,False,True,False,success,0.4638139605522156,,,ou_noise,0,1225131,1220132,610066,35.76543577093827,-28.641976057593503,,,
4609,4608,,,172.16165458802058,120,True,False,True,False,success,0.4873414933681488,,,ou_noise,0,1225251,1220252,610126,37.2025589466095,-28.535116767883302,,,
4610,4609,,,-107.57766841922202,33,False,True,True,False,collision,9.576745986938477,,,ou_noise,0,1225284,1220285,610142,37.295031027360395,-29.283303380012512,,,
4611,4610,,,166.35167261051834,136,True,False,True,False,success,0.408193439245224,,,ou_noise,0,1225420,1220421,610210,38.00350724949556,-28.80518388748169,,,
4612,4611,,,-239.02866297861382,1000,False,False,False,True,cutoff,6.015823841094971,,,ou_noise,0,1226420,1221421,610710,37.94264490413666,-28.418387607574463,,,
4613,4612,,,169.2405278877332,133,True,False,True,False,success,0.4242469072341919,,,ou_noise,0,1226553,1221554,610777,51.02328691984478,-28.229310106875293,,,
4614,4613,,,172.5332903048458,121,True,False,True,False,success,0.4575044810771942,,,ou_noise,0,1226674,1221675,610837,34.19452400838048,-28.914863777160644,,,
4615,4614,,,168.62819153974328,130,True,False,True,False,success,0.463111013174057,,,ou_noise,0,1226804,1221805,610902,36.19500116201547,-28.525628016545223,,,
4616,4615,,,-74.68299732500911,80,False,True,True,False,collision,5.542248725891113,,,ou_noise,0,1226884,1221885,610942,39.27536497116089,-28.073430681228636,,,
4617,4616,,,172.34550293960336,122,True,False,True,False,success,0.4171907901763916,,,ou_noise,0,1227006,1222007,611003,45.85690692213715,-28.702289206082703,,,
4618,4617,,,170.2686045775788,124,True,False,True,False,success,0.49761202931404114,,,ou_noise,0,1227130,1222131,611065,43.86412389816776,-28.553233977287046,,,
4619,4618,,,171.02848211357275,132,True,False,True,False,success,0.43873852491378784,,,ou_noise,0,1227262,1222263,611131,46.32196786186912,-27.64616125280207,,,
4620,4619,,,170.719474702997,130,True,False,True,False,success,0.4403669834136963,,,ou_noise,0,1227392,1222393,611196,37.03534986055814,-28.240040353628306,,,
4621,4620,,,162.7994589140736,137,True,False,True,False,success,0.40907254815101624,,,ou_noise,0,1227529,1222530,611265,38.87566847696792,-28.538134395212367,,,
4622,4621,,,165.67281671271303,133,True,False,True,False,success,0.4622938930988312,,,ou_noise,0,1227662,1222663,611331,40.48047207710438,-28.229542009758227,,,
4623,4622,,,161.3917438564191,141,True,False,True,False,success,0.45672476291656494,,,ou_noise,0,1227803,1222804,611402,36.806425392204986,-28.44585711519483,,,
4624,4623,,,155.467227055221,149,True,False,True,False,success,0.46826842427253723,,,ou_noise,0,1227952,1222953,611476,43.64604187011719,-28.825174950264596,,,
4625,4624,,,165.97646875817537,134,True,False,True,False,success,0.48868969082832336,,,ou_noise,0,1228086,1223087,611543,38.82747986067587,-28.41513909866561,,,
4626,4625,,,164.82774787086737,141,True,False,True,False,success,0.4241013824939728,,,ou_noise,0,1228227,1223228,611614,47.58727376680848,-28.20262162114533,,,
4627,4626,,,164.67211595903797,135,True,False,True,False,success,0.4989261329174042,,,ou_noise,0,1228362,1223363,611681,44.78592984234845,-28.140731896927107,,,
4628,4627,,,153.93656275221375,159,True,False,True,False,success,0.4369767904281616,,,ou_noise,0,1228521,1223522,611761,46.64498215201516,-28.21346220970154,,,
4629,4628,,,156.80622022915475,155,True,False,True,False,success,0.47396939992904663,,,ou_noise,0,1228676,1223677,611838,44.18247881243306,-28.400234717827338,,,
4630,4629,,,-89.27735231942974,49,False,True,True,False,collision,7.913476943969727,,,ou_noise,0,1228725,1223726,611863,30.41714115532077,-28.702448654174805,,,
4631,4630,,,167.79976446218322,129,True,False,True,False,success,0.4824526309967041,,,ou_noise,0,1228854,1223855,611927,41.96524497335271,-27.925207793712616,,,
4632,4631,,,-57.222970495129445,109,False,True,True,False,collision,3.046426773071289,,,ou_noise,0,1228963,1223964,611982,37.8791697265905,-28.9490290555087,,,
4633,4632,,,172.98700247095064,116,True,False,True,False,success,0.4942925274372101,,,ou_noise,0,1229079,1224080,612040,45.08679335692833,-28.285200842495623,,,
4634,4633,,,172.78048614076584,118,True,False,True,False,success,0.47589826583862305,,,ou_noise,0,1229197,1224198,612099,39.44545075044794,-28.165758941133145,,,
4635,4634,,,-69.9167545309046,45,False,True,True,False,collision,6.511348724365234,,,ou_noise,0,1229242,1224243,612121,37.60487272474501,-26.77144544774836,,,
4636,4635,,,161.22950125749543,163,True,False,True,False,success,0.49836450815200806,,,ou_noise,0,1229405,1224406,612203,36.94692033053907,-28.147448911899474,,,
4637,4636,,,-63.45803087301974,132,False,True,True,False,collision,2.941230535507202,,,ou_noise,0,1229537,1224538,612269,39.82288937135176,-28.456322438789137,,,
4638,4637,,,159.8355889287561,144,True,False,True,False,success,0.4703736901283264,,,ou_noise,0,1229681,1224682,612341,40.62385756439633,-28.228488153881496,,,
4639,4638,,,-246.16357474909614,1000,False,False,False,True,cutoff,4.409885406494141,,,ou_noise,0,1230681,1225682,612841,43.515703632354736,-28.011815002441406,,,
4640,4639,,,174.95029422923778,114,True,False,True,False,success,0.4388722777366638,,,ou_noise,0,1230795,1225796,612898,46.41016170434784,-27.108311803717363,,,
4641,4640,,,172.44412726605688,118,True,False,True,False,success,0.46872109174728394,,,ou_noise,0,1230913,1225914,612957,47.38339643155114,-27.666991508613197,,,
4642,4641,,,157.3722014606829,155,True,False,True,False,success,0.4883461892604828,,,ou_noise,0,1231068,1226069,613034,42.08707687624039,-28.648122985641677,,,
4643,4642,,,-64.13392246699736,51,False,True,True,False,collision,5.786718368530273,,,ou_noise,0,1231119,1226120,613060,38.01666835710114,-28.560467940110428,,,
4644,4643,,,157.59703796403912,145,True,False,True,False,success,0.47913479804992676,,,ou_noise,0,1231264,1226265,613132,44.54850515168289,-27.344619194666546,,,
4645,4644,,,135.6289918796855,192,True,False,True,False,success,0.44404441118240356,,,ou_noise,0,1231456,1226457,613228,40.30598099529743,-27.62939528624217,,,
4646,4645,,,162.03457278549956,140,True,False,True,False,success,0.42182692885398865,,,ou_noise,0,1231596,1226597,613298,41.04039436067853,-27.610843576703754,,,
4647,4646,,,160.29497714771333,139,True,False,True,False,success,0.4126511812210083,,,ou_noise,0,1231735,1226736,613368,42.2276118985183,-27.766586467197964,,,
4648,4647,,,-229.3807755075269,1000,False,False,False,True,cutoff,3.980428695678711,,,ou_noise,0,1232735,1227736,613868,42.73747306728363,-27.27275467300415,,,
4649,4648,,,169.94682047594904,130,True,False,True,False,success,0.4549744725227356,,,ou_noise,0,1232865,1227866,613933,50.54028745064369,-27.137587620661808,,,
4650,4649,,,164.42378351188404,138,True,False,True,False,success,0.4172934591770172,,,ou_noise,0,1233003,1228004,614002,45.57416653978652,-27.301640054453973,,,
4651,4650,,,156.24335724542598,152,True,False,True,False,success,0.4337560534477234,,,ou_noise,0,1233155,1228156,614078,50.18716730569538,-27.0910032422919,,,
4652,4651,,,166.27658969479438,144,True,False,True,False,success,0.4651872515678406,,,ou_noise,0,1233299,1228300,614150,47.73784112268024,-26.937387651867336,,,
4653,4652,,,172.25289537356775,119,True,False,True,False,success,0.48982691764831543,,,ou_noise,0,1233418,1228419,614209,39.257325693338856,-27.027910038576287,,,
4654,4653,,,173.4344183160701,118,True,False,True,False,success,0.44222500920295715,,,ou_noise,0,1233536,1228537,614268,38.29707564337779,-27.029174740031614,,,
4655,4654,,,171.61638745496384,120,True,False,True,False,success,0.4513779580593109,,,ou_noise,0,1233656,1228657,614328,52.076342805226645,-27.24069398244222,,,
4656,4655,,,163.68136498653587,138,True,False,True,False,success,0.47877317667007446,,,ou_noise,0,1233794,1228795,614397,35.621937599734984,-27.262850747592207,,,
4657,4656,,,171.46820068804618,124,True,False,True,False,success,0.46474727988243103,,,ou_noise,0,1233918,1228919,614459,44.154234986151415,-27.028816684599846,,,
4658,4657,,,169.33393226738133,124,True,False,True,False,success,0.42419588565826416,,,ou_noise,0,1234042,1229043,614521,43.88653541380359,-26.922481844502112,,,
4659,4658,,,172.0231265039469,121,True,False,True,False,success,0.4411715269088745,,,ou_noise,0,1234163,1229164,614582,39.8280879879786,-27.732494072835955,,,
4660,4659,,,164.03299719697964,129,True,False,True,False,success,0.4515726566314697,,,ou_noise,0,1234292,1229293,614646,39.563481707905616,-26.948908030986786,,,
4661,4660,,,174.17389028349209,118,True,False,True,False,success,0.43029874563217163,,,ou_noise,0,1234410,1229411,614705,39.2720874770213,-26.66220099239026,,,
4662,4661,,,171.03879627028232,129,True,False,True,False,success,0.47950348258018494,,,ou_noise,0,1234539,1229540,614770,40.81389783519183,-27.330155680729792,,,
4663,4662,,,169.9453336698134,137,True,False,True,False,success,0.47384005784988403,,,ou_noise,0,1234676,1229677,614838,47.251467948412376,-27.006092323976404,,,
4664,4663,,,167.22162426752794,136,True,False,True,False,success,0.4641006588935852,,,ou_noise,0,1234812,1229813,614906,46.14066592384787,-27.15784760082469,,,
4665,4664,,,-64.81665333696654,78,False,True,True,False,collision,4.865989685058594,,,ou_noise,0,1234890,1229891,614945,51.03273902795254,-26.490114163129757,,,
4666,4665,,,153.01926228493892,159,True,False,True,False,success,0.4140247404575348,,,ou_noise,0,1235049,1230050,615025,40.864315428823794,-27.200059390068056,,,
4667,4666,,,168.57254364056504,134,True,False,True,False,success,0.4392370283603668,,,ou_noise,0,1235183,1230184,615092,39.964513422837896,-26.712807128678506,,,
4668,4667,,,151.69906428349066,155,True,False,True,False,success,0.4974876046180725,,,ou_noise,0,1235338,1230339,615169,38.961886744345385,-26.579862916624393,,,
4669,4668,,,-69.41938209906623,138,False,True,True,False,collision,3.198099136352539,,,ou_noise,0,1235476,1230477,615238,45.31387374712073,-26.95034778981969,,,
4670,4669,,,165.251401579461,138,True,False,True,False,success,0.4760661721229553,,,ou_noise,0,1235614,1230615,615307,39.87206888889921,-27.063169811082922,,,
4671,4670,,,-220.3498321860442,1000,False,False,False,True,cutoff,5.319781303405762,,,ou_noise,0,1236614,1231615,615807,40.33339482307434,-26.770683948516847,,,
4672,4671,,,-59.06705222599461,117,False,True,True,False,collision,2.90099835395813,,,ou_noise,0,1236731,1231732,615866,40.55225866268842,-27.309453253018653,,,
4673,4672,,,162.864707813865,140,True,False,True,False,success,0.4479851722717285,,,ou_noise,0,1236871,1231872,615936,46.36742185183934,-26.43277574266706,,,
4674,4673,,,160.79274759335564,142,True,False,True,False,success,0.4716532230377197,,,ou_noise,0,1237013,1232014,616007,41.902281264184225,-26.83921327725263,,,
4675,4674,,,171.84045329744026,121,True,False,True,False,success,0.46628087759017944,,,ou_noise,0,1237134,1232135,616067,48.80211670930721,-26.789456939697267,,,
4676,4675,,,164.27421677038836,141,True,False,True,False,success,0.4557158648967743,,,ou_noise,0,1237275,1232276,616138,46.21460171963306,-26.580674319200114,,,
4677,4676,,,-130.50167023525168,342,False,True,True,False,collision,3.8597397804260254,,,ou_noise,0,1237617,1232618,616309,42.34564897470307,-26.80025279173377,,,
4678,4677,,,169.72089096349623,126,True,False,True,False,success,0.45325934886932373,,,ou_noise,0,1237743,1232744,616372,45.24454266684396,-26.87395867847261,,,
4679,4678,,,173.6305586405911,114,True,False,True,False,success,0.40607646107673645,,,ou_noise,0,1237857,1232858,616429,42.13008271602162,-26.937238157841197,,,
4680,4679,,,166.7130449882183,129,True,False,True,False,success,0.46960195899009705,,,ou_noise,0,1237986,1232987,616493,41.72317586203878,-26.275286942720413,,,
4681,4680,,,172.90795555619334,117,True,False,True,False,success,0.49264466762542725,,,ou_noise,0,1238103,1233104,616552,44.2987338579618,-26.621643422013623,,,
4682,4681,,,158.87931132244222,145,True,False,True,False,success,0.4714730978012085,,,ou_noise,0,1238248,1233249,616624,44.97902757052717,-26.18304051293267,,,
4683,4682,,,171.04331906401598,120,True,False,True,False,success,0.4369015693664551,,,ou_noise,0,1238368,1233369,616684,41.52198206583659,-26.974417622884115,,,
4684,4683,,,167.87518655986398,130,True,False,True,False,success,0.4555690288543701,,,ou_noise,0,1238498,1233499,616749,44.11628852257362,-26.639973772489107,,,
4685,4684,,,164.98776771796497,133,True,False,True,False,success,0.44666165113449097,,,ou_noise,0,1238631,1233632,616816,43.61223126174812,-26.534304974684076,,,
4686,4685,,,159.50369829162057,141,True,False,True,False,success,0.4398154616355896,,,ou_noise,0,1238772,1233773,616886,46.31026970071996,-26.22754432133266,,,
4687,4686,,,151.98437772213563,159,True,False,True,False,success,0.4931168258190155,,,ou_noise,0,1238931,1233932,616966,47.26854865955857,-26.10728030204773,,,
4688,4687,,,158.37091467930262,154,True,False,True,False,success,0.45273831486701965,,,ou_noise,0,1239085,1234086,617043,47.37578550561682,-26.262083276525722,,,
4689,4688,,,165.14906961608023,140,True,False,True,False,success,0.42702728509902954,,,ou_noise,0,1239225,1234226,617113,45.5918901511601,-26.62427267347063,,,
4690,4689,,,126.36701278674919,309,True,False,True,False,success,0.49738678336143494,,,ou_noise,0,1239534,1234535,617267,48.574996386531105,-26.43434813115504,,,
4691,4690,,,-75.59012652015312,43,False,True,True,False,collision,7.104038715362549,,,ou_noise,0,1239577,1234578,617289,39.80891555963561,-26.221650903875176,,,
4692,4691,,,173.07682305417364,117,True,False,True,False,success,0.4367745816707611,,,ou_noise,0,1239694,1234695,617347,48.007168370434364,-26.314583942807953,,,
4693,4692,,,-119.92484656922886,271,False,True,True,False,collision,5.207512378692627,,,ou_noise,0,1239965,1234966,617483,49.37702191623814,-26.44342753466438,,,
4694,4693,,,156.75884476087597,148,True,False,True,False,success,0.47281521558761597,,,ou_noise,0,1240113,1235114,617557,43.58217207161156,-25.920972179722142,,,
4695,4694,,,161.7028923239255,137,True,False,True,False,success,0.46245312690734863,,,ou_noise,0,1240250,1235251,617625,44.18519920850322,-25.83735199535594,,,
4696,4695,,,160.0049225220793,143,True,False,True,False,success,0.47260749340057373,,,ou_noise,0,1240393,1235394,617697,48.34053530392947,-26.116913477579754,,,
4697,4696,,,158.72134128905805,154,True,False,True,False,success,0.4781644940376282,,,ou_noise,0,1240547,1235548,617774,53.02215085710798,-25.75361474767908,,,
4698,4697,,,171.32168327189873,125,True,False,True,False,success,0.4582882523536682,,,ou_noise,0,1240672,1235673,617836,39.45551870727539,-26.214765025723366,,,
4699,4698,,,166.80389520692768,139,True,False,True,False,success,0.42576807737350464,,,ou_noise,0,1240811,1235812,617906,38.023169675319316,-25.804012516566686,,,
4700,4699,,,157.12870515622532,151,True,False,True,False,success,0.40968528389930725,,,ou_noise,0,1240962,1235963,617981,42.71634938701099,-25.99012949625651,,,
4701,4700,,,173.9883122288977,122,True,False,True,False,success,0.45257481932640076,,,ou_noise,0,1241084,1236085,618042,41.91049005164475,-26.031820047097128,,,
4702,4701,,,167.05745075256985,130,True,False,True,False,success,0.4962416887283325,,,ou_noise,0,1241214,1236215,618107,46.20437349172739,-25.81321167579064,,,
4703,4702,,,-256.223609300834,1000,False,False,False,True,cutoff,7.939148426055908,,,ou_noise,0,1242214,1237215,618607,43.46708905315399,-25.762739288330078,,,
4704,4703,,,-72.31067535170794,54,False,True,True,False,collision,6.353339195251465,,,ou_noise,0,1242268,1237269,618634,51.125804053412544,-24.543626220137984,,,
4705,4704,,,155.0760369895502,144,True,False,True,False,success,0.4077529013156891,,,ou_noise,0,1242412,1237413,618706,43.15543270773358,-25.650744650099014,,,
4706,4705,,,163.28372554658944,146,True,False,True,False,success,0.4616059958934784,,,ou_noise,0,1242558,1237559,618779,43.422952867534065,-25.683200261364245,,,
4707,4706,,,164.92280393910823,140,True,False,True,False,success,0.4300573766231537,,,ou_noise,0,1242698,1237699,618849,46.76704522541591,-25.500870949881417,,,
4708,4707,,,165.16162549678438,136,True,False,True,False,success,0.44046539068222046,,,ou_noise,0,1242834,1237835,618917,44.42885321729324,-25.916859963360956,,,
4709,4708,,,173.1530172879569,122,True,False,True,False,success,0.49105942249298096,,,ou_noise,0,1242956,1237957,618978,41.44674865535048,-26.089789937754148,,,
4710,4709,,,163.5191839900799,139,True,False,True,False,success,0.4122788608074188,,,ou_noise,0,1243095,1238096,619048,47.53814584745778,-25.193001093183245,,,
4711,4710,,,173.5613689430159,118,True,False,True,False,success,0.40392348170280457,,,ou_noise,0,1243213,1238214,619107,49.020123788865945,-25.3588039592161,,,
4712,4711,,,166.92362525139262,126,True,False,True,False,success,0.4914240837097168,,,ou_noise,0,1243339,1238340,619170,47.79585852698674,-25.41454872252449,,,
4713,4712,,,45.90595442356009,628,True,False,True,False,success,0.48270291090011597,,,ou_noise,0,1243967,1238968,619484,40.00066935788294,-25.41943621787296,,,
4714,4713,,,161.09672731413343,139,True,False,True,False,success,0.47570154070854187,,,ou_noise,0,1244106,1239107,619553,42.343755584826575,-24.920715359673984,,,
4715,4714,,,165.6765896339032,139,True,False,True,False,success,0.42973586916923523,,,ou_noise,0,1244245,1239246,619623,40.576212793803045,-25.11597434452602,,,
4716,4715,,,161.39629389342127,143,True,False,True,False,success,0.43926435708999634,,,ou_noise,0,1244388,1239389,619694,47.327131524786246,-25.34594834018761,,,
4717,4716,,,169.0390626854766,131,True,False,True,False,success,0.47599276900291443,,,ou_noise,0,1244519,1239520,619760,48.15340001346501,-25.41049150987105,,,
4718,4717,,,156.1811408614043,154,True,False,True,False,success,0.49385058879852295,,,ou_noise,0,1244673,1239674,619837,48.61658954620361,-25.076864267324474,,,
4719,4718,,,-221.62670380635828,1000,False,False,False,True,cutoff,4.156360149383545,,,ou_noise,0,1245673,1240674,620337,44.86716984653473,-25.192920757293702,,,
4720,4719,,,171.07353910341618,123,True,False,True,False,success,0.45794883370399475,,,ou_noise,0,1245796,1240797,620398,46.025348802892175,-25.085203733600554,,,
4721,4720,,,152.58034465490576,155,True,False,True,False,success,0.4936434030532837,,,ou_noise,0,1245951,1240952,620476,45.47310606433499,-24.669265086834248,,,
4722,4721,,,-235.09399223729926,1000,False,False,False,True,cutoff,8.262413024902344,,,ou_noise,0,1246951,1241952,620976,48.27148781871796,-24.777604944229125,,,
4723,4722,,,169.75569674091457,127,True,False,True,False,success,0.4646339416503906,,,ou_noise,0,1247078,1242079,621039,47.292379394290954,-24.333625823732408,,,
4724,4723,,,172.39738385874725,118,True,False,True,False,success,0.48620814085006714,,,ou_noise,0,1247196,1242197,621098,41.990327786591095,-24.849597607628773,,,
4725,4724,,,172.5907108782509,117,True,False,True,False,success,0.4956628680229187,,,ou_noise,0,1247313,1242314,621157,44.8882751627865,-24.659038543701172,,,
4726,4725,,,171.9376353834148,120,True,False,True,False,success,0.49621477723121643,,,ou_noise,0,1247433,1242434,621217,43.68087435563405,-24.440268103281657,,,
4727,4726,,,162.35514634598567,138,True,False,True,False,success,0.4673002362251282,,,ou_noise,0,1247571,1242572,621286,46.69786877563034,-24.544607051904652,,,
4728,4727,,,172.52209521309487,119,True,False,True,False,success,0.4384664297103882,,,ou_noise,0,1247690,1242691,621345,43.791882298573725,-24.780384063720703,,,
4729,4728,,,165.66308307700587,143,True,False,True,False,success,0.4748043417930603,,,ou_noise,0,1247833,1242834,621417,47.56711094196026,-24.475886715783012,,,
4730,4729,,,161.48214972787625,139,True,False,True,False,success,0.40384021401405334,,,ou_noise,0,1247972,1242973,621486,46.68742264946588,-24.47476997928343,,,
4731,4730,,,-64.35551722991192,130,False,True,True,False,collision,2.9203600883483887,,,ou_noise,0,1248102,1243103,621551,40.33177842360276,-23.592468525813175,,,
4732,4731,,,-35.25275961632434,988,True,False,True,False,success,0.4748838245868683,,,ou_noise,0,1249090,1244091,622045,44.94437497443998,-24.23677565308235,,,
4733,4732,,,159.54847828397482,142,True,False,True,False,success,0.4759690463542938,,,ou_noise,0,1249232,1244233,622116,40.05255046360929,-24.270771671348893,,,
4734,4733,,,174.00201595234472,113,True,False,True,False,success,0.46289393305778503,,,ou_noise,0,1249345,1244346,622173,43.995542627520265,-23.876063631291974,,,
4735,4734,,,150.30172330531371,160,True,False,True,False,success,0.4851851165294647,,,ou_noise,0,1249505,1244506,622253,46.91745964884758,-24.883960795402526,,,
4736,4735,,,157.8635400911693,159,True,False,True,False,success,0.4704984724521637,,,ou_noise,0,1249664,1244665,622332,47.25016724688452,-24.131584674497194,,,
4737,4736,,,174.08110502839614,114,True,False,True,False,success,0.4899013936519623,,,ou_noise,0,1249778,1244779,622389,45.787001944424816,-24.86110700640762,,,
4738,4737,,,170.68727387711778,124,True,False,True,False,success,0.45581820607185364,,,ou_noise,0,1249902,1244903,622451,38.42736079615931,-23.865450828306138,,,
4739,4738,,,161.43401232683175,144,True,False,True,False,success,0.42056742310523987,,,ou_noise,0,1250046,1245047,622523,53.1256537967258,-24.548770666122437,,,
4740,4739,,,150.94808372956692,149,True,False,True,False,success,0.45360493659973145,,,ou_noise,0,1250195,1245196,622598,40.99715363419296,-24.649351298014324,,,
4741,4740,,,-151.9768624143528,353,False,True,True,False,collision,3.936525583267212,,,ou_noise,0,1250548,1245549,622774,39.79462214299707,-24.045199968598105,,,
4742,4741,,,165.1268171271385,139,True,False,True,False,success,0.4472045600414276,,,ou_noise,0,1250687,1245688,622844,47.69224091399488,-24.906370162963867,,,
4743,4742,,,174.05500968734412,115,True,False,True,False,success,0.4900285303592682,,,ou_noise,0,1250802,1245803,622901,51.46951040185016,-25.461964222422818,,,
4744,4743,,,157.92125255765137,144,True,False,True,False,success,0.4822298586368561,,,ou_noise,0,1250946,1245947,622973,41.925204475720726,-24.401769585079617,,,
4745,4744,,,169.35051130259825,131,True,False,True,False,success,0.45281529426574707,,,ou_noise,0,1251077,1246078,623039,51.257452709984236,-24.109660813302703,,,
4746,4745,,,-250.16766546438126,1000,False,False,False,True,cutoff,8.893014907836914,,,ou_noise,0,1252077,1247078,623539,42.73983730983734,-24.27073832702637,,,
4747,4746,,,172.0974952743571,118,True,False,True,False,success,0.47556447982788086,,,ou_noise,0,1252195,1247196,623598,41.806850255545925,-23.489725630162127,,,
4748,4747,,,-67.63055488631662,66,False,True,True,False,collision,5.658653259277344,,,ou_noise,0,1252261,1247262,623631,45.062461477337465,-24.340526638608992,,,
4749,4748,,,165.6409758641413,141,True,False,True,False,success,0.4636063873767853,,,ou_noise,0,1252402,1247403,623701,43.384456634521484,-23.94447295325143,,,
4750,4749,,,168.10237106980776,136,True,False,True,False,success,0.45469868183135986,,,ou_noise,0,1252538,1247539,623769,46.334571712157306,-24.077685103696936,,,
4751,4750,,,163.4602517188325,143,True,False,True,False,success,0.43706727027893066,,,ou_noise,0,1252681,1247682,623841,51.48277678856483,-24.01418415705363,,,
4752,4751,,,158.44608567302305,163,True,False,True,False,success,0.4648039638996124,,,ou_noise,0,1252844,1247845,623922,42.74837194337435,-23.89899602348422,,,
4753,4752,,,165.25029829577778,139,True,False,True,False,success,0.4861517548561096,,,ou_noise,0,1252983,1247984,623992,40.46713064728881,-23.924027592795237,,,
4754,4753,,,159.04073382629215,149,True,False,True,False,success,0.4980146288871765,,,ou_noise,0,1253132,1248133,624066,51.25054885557034,-23.791508674621582,,,
4755,4754,,,174.79420310331477,111,True,False,True,False,success,0.457064151763916,,,ou_noise,0,1253243,1248244,624122,45.56844529160508,-23.71225791318076,,,
4756,4755,,,-52.297732559244956,103,False,True,True,False,collision,2.7781341075897217,,,ou_noise,0,1253346,1248347,624173,47.13782575292495,-24.059731670454436,,,
4757,4756,,,160.1208925249616,147,True,False,True,False,success,0.46567681431770325,,,ou_noise,0,1253493,1248494,624247,43.133162582812666,-24.355237754615576,,,
4758,4757,,,158.24739780705158,149,True,False,True,False,success,0.4224216639995575,,,ou_noise,0,1253642,1248643,624321,44.6829812990739,-23.448450268925846,,,
4759,4758,,,176.03067352268965,111,True,False,True,False,success,0.41942957043647766,,,ou_noise,0,1253753,1248754,624377,42.16931695336694,-24.17963698932103,,,
4760,4759,,,160.95944449610928,138,True,False,True,False,success,0.44124022126197815,,,ou_noise,0,1253891,1248892,624446,42.75118851316148,-23.758402078048043,,,
4761,4760,,,169.02294943148698,125,True,False,True,False,success,0.48831188678741455,,,ou_noise,0,1254016,1249017,624508,49.75423878479004,-24.129982117683657,,,
4762,4761,,,155.04108920457094,157,True,False,True,False,success,0.44730237126350403,,,ou_noise,0,1254173,1249174,624587,42.62484498236589,-23.60588276537159,,,
4763,4762,,,171.27318142315974,127,True,False,True,False,success,0.48755311965942383,,,ou_noise,0,1254300,1249301,624650,43.19256620332012,-24.33245074559772,,,
4764,4763,,,165.72208683654156,127,True,False,True,False,success,0.48040205240249634,,,ou_noise,0,1254427,1249428,624714,44.02329698697788,-24.344558537006378,,,
4765,4764,,,165.1756983171491,136,True,False,True,False,success,0.4692070782184601,,,ou_noise,0,1254563,1249564,624782,49.73029823864208,-23.478787436204797,,,
4766,4765,,,173.725417940581,113,True,False,True,False,success,0.47611165046691895,,,ou_noise,0,1254676,1249677,624838,44.270680098407034,-24.017788410186768,,,
4767,4766,,,168.98933102822946,124,True,False,True,False,success,0.4862762987613678,,,ou_noise,0,1254800,1249801,624900,44.81423625638408,-23.97379244527509,,,
4768,4767,,,173.01790338133063,117,True,False,True,False,success,0.4977525770664215,,,ou_noise,0,1254917,1249918,624959,51.59401936001248,-24.157276509171826,,,
4769,4768,,,161.0893467642663,143,True,False,True,False,success,0.4655400216579437,,,ou_noise,0,1255060,1250061,625030,46.235443048543864,-24.434563999444666,,,
4770,4769,,,171.83258191309477,120,True,False,True,False,success,0.49935588240623474,,,ou_noise,0,1255180,1250181,625090,49.37860892613729,-24.06925411224365,,,
4771,4770,,,157.96864907028788,142,True,False,True,False,success,0.407500296831131,,,ou_noise,0,1255322,1250323,625161,40.2882896074107,-24.7947916111476,,,
4772,4771,,,150.87713409797118,183,True,False,True,False,success,0.4655677378177643,,,ou_noise,0,1255505,1250506,625253,40.912376210989194,-24.420649549235467,,,
4773,4772,,,168.86250766721707,134,True,False,True,False,success,0.48359525203704834,,,ou_noise,0,1255639,1250640,625320,40.44300736953963,-23.766218156956914,,,
4774,4773,,,167.23126483133416,131,True,False,True,False,success,0.42552268505096436,,,ou_noise,0,1255770,1250771,625385,41.98704956870043,-23.644376754760742,,,
4775,4774,,,173.3825488527123,114,True,False,True,False,success,0.45694583654403687,,,ou_noise,0,1255884,1250885,625442,45.30880871153715,-24.145164506477222,,,
4776,4775,,,168.79726939176936,132,True,False,True,False,success,0.4422222375869751,,,ou_noise,0,1256016,1251017,625508,43.76668625166922,-24.48819198030414,,,
4777,4776,,,40.37420429663945,660,True,False,True,False,success,0.46553727984428406,,,ou_noise,0,1256676,1251677,625838,42.753213110837066,-24.09439550746571,,,
4778,4777,,,165.47230393085772,135,True,False,True,False,success,0.42378541827201843,,,ou_noise,0,1256811,1251812,625906,47.173159210770216,-23.288116034339456,,,
4779,4778,,,106.49325161480067,375,True,False,True,False,success,0.4491552412509918,,,ou_noise,0,1257186,1252187,626093,45.69953046417236,-23.90323356893611,,,
4780,4779,,,171.5747268457656,128,True,False,True,False,success,0.4337884187698364,,,ou_noise,0,1257314,1252315,626157,53.41358211636543,-23.871782213449478,,,
4781,4780,,,171.10571326344882,126,True,False,True,False,success,0.43360012769699097,,,ou_noise,0,1257440,1252441,626220,55.48302558111766,-23.308642417665514,,,
4782,4781,,,168.09117168579803,136,True,False,True,False,success,0.47519150376319885,,,ou_noise,0,1257576,1252577,626288,41.7077704036937,-23.434867914985208,,,
4783,4782,,,-74.23012239984114,104,False,True,True,False,collision,5.263792037963867,,,ou_noise,0,1257680,1252681,626340,41.020923119324905,-24.336341821230373,,,
4784,4783,,,171.77781065262127,121,True,False,True,False,success,0.4663701355457306,,,ou_noise,0,1257801,1252802,626401,48.741640106705596,-24.541260109573113,,,
4785,4784,,,167.03391374210253,129,True,False,True,False,success,0.4343548119068146,,,ou_noise,0,1257930,1252931,626465,46.95086924235026,-24.26841178536415,,,
4786,4785,,,165.34104806345778,137,True,False,True,False,success,0.4698648154735565,,,ou_noise,0,1258067,1253068,626534,53.10704955219352,-23.883422436921492,,,
4787,4786,,,158.0848584887142,146,True,False,True,False,success,0.4232134521007538,,,ou_noise,0,1258213,1253214,626607,41.73667214014759,-24.42195111104887,,,
4788,4787,,,158.68733236338073,151,True,False,True,False,success,0.4858441650867462,,,ou_noise,0,1258364,1253365,626682,40.9259430083218,-24.08315559387207,,,
4789,4788,,,170.38543371755873,132,True,False,True,False,success,0.42666003108024597,,,ou_noise,0,1258496,1253497,626748,42.89118882381555,-24.197032379381586,,,
4790,4789,,,168.39158392964566,129,True,False,True,False,success,0.4994443655014038,,,ou_noise,0,1258625,1253626,626813,40.02585883473241,-24.024338648869442,,,
4791,4790,,,-193.81880872097923,302,False,True,True,False,collision,10.680065155029297,,,ou_noise,0,1258927,1253928,626964,45.70040980711678,-23.97223852170224,,,
4792,4791,,,168.87286798507228,131,True,False,True,False,success,0.4844820201396942,,,ou_noise,0,1259058,1254059,627029,46.425651273654616,-23.86950413630559,,,
4793,4792,,,153.33706419180845,158,True,False,True,False,success,0.48572561144828796,,,ou_noise,0,1259216,1254217,627108,46.67024116274677,-24.500668803347818,,,
4794,4793,,,152.33143539498454,156,True,False,True,False,success,0.4980084002017975,,,ou_noise,0,1259372,1254373,627186,46.01039516008817,-24.326529894119655,,,
4795,4794,,,171.82774265407346,119,True,False,True,False,success,0.48970890045166016,,,ou_noise,0,1259491,1254492,627246,41.78483832383356,-23.580449263254803,,,
4796,4795,,,-226.32398445429868,1000,False,False,False,True,cutoff,4.483054161071777,,,ou_noise,0,1260491,1255492,627746,44.12649898147583,-23.632557962417604,,,
4797,4796,,,149.74828025252913,165,True,False,True,False,success,0.4634043872356415,,,ou_noise,0,1260656,1255657,627828,48.50233185508034,-23.839106792356908,,,
4798,4797,,,172.67123604656223,116,True,False,True,False,success,0.4432685375213623,,,ou_noise,0,1260772,1255773,627886,42.62050911475872,-23.733219048072552,,,
4799,4798,,,168.9624305713336,130,True,False,True,False,success,0.46120402216911316,,,ou_noise,0,1260902,1255903,627951,44.69052882561317,-24.175542655357948,,,
4800,4799,,,171.48986587576064,125,True,False,True,False,success,0.4678798317909241,,,ou_noise,0,1261027,1256028,628014,48.29611976623535,-23.34267192416721,,,
4801,4800,,,160.0957782671467,154,True,False,True,False,success,0.46250399947166443,,,ou_noise,0,1261181,1256182,628091,48.910663703819374,-23.634459161139155,,,
4802,4801,,,-247.57568472089844,1000,False,False,False,True,cutoff,6.154323577880859,,,ou_noise,0,1262181,1257182,628591,44.711820486068724,-24.02092127799988,,,
4803,4802,,,163.67117259099496,134,True,False,True,False,success,0.46404677629470825,,,ou_noise,0,1262315,1257316,628658,46.55580769723921,-23.16266600765399,,,
4804,4803,,,174.65367556130388,111,True,False,True,False,success,0.47399428486824036,,,ou_noise,0,1262426,1257427,628713,54.24934667295164,-23.56674489107999,,,
4805,4804,,,-64.92386509582295,70,False,True,True,False,collision,5.326192855834961,,,ou_noise,0,1262496,1257497,628748,46.78288064684187,-23.699836349487306,,,
4806,4805,,,171.04435119227992,126,True,False,True,False,success,0.4723118841648102,,,ou_noise,0,1262622,1257623,628811,45.089122408912296,-23.534379959106445,,,
4807,4806,,,167.46104656968504,140,True,False,True,False,success,0.408223420381546,,,ou_noise,0,1262762,1257763,628881,47.58562252862113,-22.86085687364851,,,
4808,4807,,,161.2834522919698,140,True,False,True,False,success,0.46190211176872253,,,ou_noise,0,1262902,1257903,628951,51.11990810121809,-24.14259866986956,,,
4809,4808,,,168.94374188876498,130,True,False,True,False,success,0.42290258407592773,,,ou_noise,0,1263032,1258033,629016,47.24179281088022,-23.43906038724459,,,
4810,4809,,,-81.95093081009254,27,False,True,True,False,collision,8.1817045211792,,,ou_noise,0,1263059,1258060,629030,58.145528369479706,-22.42268862043108,,,
4811,4810,,,166.95449995623397,140,True,False,True,False,success,0.49246296286582947,,,ou_noise,0,1263199,1258200,629100,52.52622549193246,-23.752508286067417,,,
4812,4811,,,170.56923726756452,125,True,False,True,False,success,0.475581556558609,,,ou_noise,0,1263324,1258325,629162,46.51229280090332,-23.72122315437563,,,
4813,4812,,,170.84169310533218,129,True,False,True,False,success,0.41041257977485657,,,ou_noise,0,1263453,1258454,629227,40.84040548635084,-23.674561221782977,,,
4814,4813,,,167.32162492260375,137,True,False,True,False,success,0.4582851529121399,,,ou_noise,0,1263590,1258591,629295,46.44744905068056,-23.50758403890273,,,
4815,4814,,,-228.51489449714072,1000,False,False,False,True,cutoff,8.97364616394043,,,ou_noise,0,1264590,1259591,629795,43.01261273384094,-23.690233993530274,,,
4816,4815,,,173.5772430397863,116,True,False,True,False,success,0.45895475149154663,,,ou_noise,0,1264706,1259707,629853,47.33791068504597,-23.549404999305462,,,
4817,4816,,,173.87294876858343,114,True,False,True,False,success,0.44448763132095337,,,ou_noise,0,1264820,1259821,629910,38.87048992357756,-23.692427819235284,,,
4818,4817,,,171.85671739005596,127,True,False,True,False,success,0.4192832410335541,,,ou_noise,0,1264947,1259948,629974,47.003781536432705,-23.946103304624557,,,
4819,4818,,,172.18345227682576,119,True,False,True,False,success,0.4797966778278351,,,ou_noise,0,1265066,1260067,630033,41.860196305924106,-24.037671590255478,,,
4820,4819,,,171.9063166693092,121,True,False,True,False,success,0.47847452759742737,,,ou_noise,0,1265187,1260188,630094,44.275229257000376,-23.586378629090355,,,
4821,4820,,,-98.61301548077924,85,False,True,True,False,collision,7.756254196166992,,,ou_noise,0,1265272,1260273,630136,43.02555378184599,-23.571292377653577,,,
4822,4821,,,166.00918253920187,143,True,False,True,False,success,0.4577217996120453,,,ou_noise,0,1265415,1260416,630208,41.94505776892175,-23.84342818790012,,,
4823,4822,,,167.330851254066,134,True,False,True,False,success,0.46299949288368225,,,ou_noise,0,1265549,1260550,630275,48.58141829362556,-23.08793201731212,,,
4824,4823,,,167.88437929489032,138,True,False,True,False,success,0.4294824004173279,,,ou_noise,0,1265687,1260688,630344,46.678046530571535,-23.783655221911445,,,
4825,4824,,,160.29753792648762,145,True,False,True,False,success,0.49723339080810547,,,ou_noise,0,1265832,1260833,630416,45.22184349586224,-23.27383910285102,,,
4826,4825,,,159.57140088134105,148,True,False,True,False,success,0.4608304798603058,,,ou_noise,0,1265980,1260981,630490,46.98235759219608,-23.309449543824066,,,
4827,4826,,,171.9345731208493,122,True,False,True,False,success,0.4127078056335449,,,ou_noise,0,1266102,1261103,630551,43.35170874830152,-23.61607392107854,,,
4828,4827,,,160.94461735910312,135,True,False,True,False,success,0.46416059136390686,,,ou_noise,0,1266237,1261238,630619,46.2013351228502,-23.452863889582016,,,
4829,4828,,,172.18600335108135,122,True,False,True,False,success,0.4540101885795593,,,ou_noise,0,1266359,1261360,630680,48.7295630095435,-23.713214749195537,,,
4830,4829,,,171.55920159744323,123,True,False,True,False,success,0.4701879620552063,,,ou_noise,0,1266482,1261483,630741,36.53055031318975,-23.98405481557377,,,
4831,4830,,,163.80768434998268,140,True,False,True,False,success,0.4600013196468353,,,ou_noise,0,1266622,1261623,630811,42.11285809108189,-23.44147319793701,,,
4832,4831,,,-210.84694257795437,1000,False,False,False,True,cutoff,5.297122001647949,,,ou_noise,0,1267622,1262623,631311,46.598278628349306,-23.1509693813324,,,
4833,4832,,,173.33878298043015,111,True,False,True,False,success,0.4933408796787262,,,ou_noise,0,1267733,1262734,631367,46.314020947293116,-23.249840429850988,,,
4834,4833,,,110.82655036901767,327,True,False,True,False,success,0.41977429389953613,,,ou_noise,0,1268060,1263061,631530,50.96261480022279,-23.49485512013816,,,
4835,4834,,,170.28507571264157,127,True,False,True,False,success,0.43533119559288025,,,ou_noise,0,1268187,1263188,631594,36.897709185682885,-23.031590461730957,,,
4836,4835,,,159.54299333336684,138,True,False,True,False,success,0.42816105484962463,,,ou_noise,0,1268325,1263326,631663,44.498841223509416,-23.437753483869027,,,
4837,4836,,,153.69707174776545,154,True,False,True,False,success,0.4519933760166168,,,ou_noise,0,1268479,1263480,631740,47.09901336570839,-23.13719704863313,,,
4838,4837,,,157.29610089228873,152,True,False,True,False,success,0.48179900646209717,,,ou_noise,0,1268631,1263632,631816,44.20254541698255,-23.64357960851569,,,
4839,4838,,,173.07627499938317,115,True,False,True,False,success,0.44187116622924805,,,ou_noise,0,1268746,1263747,631873,46.7438281017801,-23.587517219677306,,,
4840,4839,,,167.7383851177505,143,True,False,True,False,success,0.4682835042476654,,,ou_noise,0,1268889,1263890,631945,41.801151835835064,-23.553289042578804,,,
4841,4840,,,160.79088253506728,151,True,False,True,False,success,0.4846498966217041,,,ou_noise,0,1269040,1264041,632020,46.44367459909805,-22.917046292622885,,,
4842,4841,,,67.26479298286996,462,True,False,True,False,success,0.46724632382392883,,,ou_noise,0,1269502,1264503,632251,46.73298113893121,-23.63310461333304,,,
4843,4842,,,165.2581094574197,139,True,False,True,False,success,0.4356391131877899,,,ou_noise,0,1269641,1264642,632321,42.46335969554435,-23.56893468584333,,,
4844,4843,,,-209.20000204491484,1000,False,False,False,True,cutoff,3.983452081680298,,,ou_noise,0,1270641,1265642,632821,45.6446427564621,-23.336828491210937,,,
4845,4844,,,173.71390894270422,110,True,False,True,False,success,0.4958842992782593,,,ou_noise,0,1270751,1265752,632876,49.275864566456185,-22.58641867204146,,,
4846,4845,,,161.67708429536452,137,True,False,True,False,success,0.48277997970581055,,,ou_noise,0,1270888,1265889,632944,39.310067664097694,-22.697740695055792,,,
4847,4846,,,-188.20612319565734,1000,False,False,False,True,cutoff,5.1818108558654785,,,ou_noise,0,1271888,1266889,633444,43.26104144477844,-23.327840637207032,,,
4848,4847,,,160.41170449966728,147,True,False,True,False,success,0.4488183557987213,,,ou_noise,0,1272035,1267036,633518,42.594556581406366,-22.96128273010254,,,
4849,4848,,,170.23592966561407,122,True,False,True,False,success,0.47059911489486694,,,ou_noise,0,1272157,1267158,633579,48.19860453683822,-23.35684751291744,,,
4850,4849,,,158.98532118285348,145,True,False,True,False,success,0.4822770655155182,,,ou_noise,0,1272302,1267303,633651,40.90680551200077,-22.90701177385118,,,
4851,4850,,,161.53013745983287,144,True,False,True,False,success,0.4979969561100006,,,ou_noise,0,1272446,1267447,633723,46.46969101164076,-23.06541845533583,,,
4852,4851,,,162.8026775766039,143,True,False,True,False,success,0.4008447825908661,,,ou_noise,0,1272589,1267590,633795,46.86071992087197,-22.36726318465339,,,
4853,4852,,,171.43987813424474,125,True,False,True,False,success,0.4058610498905182,,,ou_noise,0,1272714,1267715,633857,56.50853498840332,-23.280141861208023,,,
4854,4853,,,171.83265675544243,120,True,False,True,False,success,0.4858124256134033,,,ou_noise,0,1272834,1267835,633917,40.28293206691742,-22.25236268043518,,,
4855,4854,,,162.1777434631019,145,True,False,True,False,success,0.44531336426734924,,,ou_noise,0,1272979,1267980,633990,45.99188783579859,-22.86360596957272,,,
4856,4855,,,174.80470756414886,114,True,False,True,False,success,0.4238206148147583,,,ou_noise,0,1273093,1268094,634047,41.05097439414576,-23.032822324518573,,,
4857,4856,,,172.8495166688543,117,True,False,True,False,success,0.4725831151008606,,,ou_noise,0,1273210,1268211,634105,47.05391083415757,-23.231132737521467,,,
4858,4857,,,168.01495676568487,126,True,False,True,False,success,0.48811209201812744,,,ou_noise,0,1273336,1268337,634168,49.968034865364196,-22.149686813354492,,,
4859,4858,,,172.09052380487572,119,True,False,True,False,success,0.4216262698173523,,,ou_noise,0,1273455,1268456,634228,42.06918357400333,-21.86063291231791,,,
4860,4859,,,162.03523647516678,140,True,False,True,False,success,0.4868651032447815,,,ou_noise,0,1273595,1268596,634298,50.178298691340856,-22.71248253413609,,,
4861,4860,,,170.452240041207,125,True,False,True,False,success,0.4649311900138855,,,ou_noise,0,1273720,1268721,634360,39.86598161315918,-22.245525852326423,,,
4862,4861,,,173.55198049953327,113,True,False,True,False,success,0.464865118265152,,,ou_noise,0,1273833,1268834,634417,44.114141649904504,-22.46658024035002,,,
4863,4862,,,169.90676997421298,124,True,False,True,False,success,0.4309983551502228,,,ou_noise,0,1273957,1268958,634479,42.694262696850686,-22.67068415303384,,,
4864,4863,,,-175.4360423189616,494,False,True,True,False,collision,4.828176021575928,,,ou_noise,0,1274451,1269452,634726,47.246474777638674,-23.156890683811202,,,
4865,4864,,,-208.09803224807763,1000,False,False,False,True,cutoff,5.409853935241699,,,ou_noise,0,1275451,1270452,635226,47.26617927742004,-22.910238166809084,,,
4866,4865,,,166.36359457345577,133,True,False,True,False,success,0.4665628671646118,,,ou_noise,0,1275584,1270585,635292,43.86548115436296,-23.104359048785586,,,
4867,4866,,,173.41821017610195,115,True,False,True,False,success,0.47145259380340576,,,ou_noise,0,1275699,1270700,635350,39.466067720496135,-22.733982743888067,,,
4868,4867,,,155.83666691950242,152,True,False,True,False,success,0.41019517183303833,,,ou_noise,0,1275851,1270852,635426,49.353133948225725,-22.55611989372655,,,
4869,4868,,,159.15424890628975,164,True,False,True,False,success,0.4294736087322235,,,ou_noise,0,1276015,1271016,635508,50.32961825626652,-22.794363673140364,,,
4870,4869,,,161.60000846001455,148,True,False,True,False,success,0.4373314380645752,,,ou_noise,0,1276163,1271164,635582,45.307368787559305,-22.50889086078953,,,
4871,4870,,,171.15173333180945,124,True,False,True,False,success,0.4131951630115509,,,ou_noise,0,1276287,1271288,635644,54.220609388043805,-22.657140901011804,,,
4872,4871,,,171.4597896030474,130,True,False,True,False,success,0.4352099597454071,,,ou_noise,0,1276417,1271418,635709,50.4565430861253,-22.841016035813553,,,
4873,4872,,,148.70132615352094,177,True,False,True,False,success,0.4454275667667389,,,ou_noise,0,1276594,1271595,635797,44.758633586646475,-23.100624886426058,,,
4874,4873,,,-201.40461887017773,1000,False,False,False,True,cutoff,3.948486328125,,,ou_noise,0,1277594,1272595,636297,47.19171478271485,-22.60986763381958,,,
4875,4874,,,172.88437321850455,115,True,False,True,False,success,0.4396038353443146,,,ou_noise,0,1277709,1272710,636355,39.20556857896888,-22.230932268603095,,,
4876,4875,,,173.11485968004118,119,True,False,True,False,success,0.4069910943508148,,,ou_noise,0,1277828,1272829,636414,45.72558859015713,-22.960292444390767,,,
4877,4876,,,169.04628408744907,134,True,False,True,False,success,0.45880916714668274,,,ou_noise,0,1277962,1272963,636481,39.48373458634561,-22.581909136985665,,,
4878,4877,,,171.72174074594787,122,True,False,True,False,success,0.42010223865509033,,,ou_noise,0,1278084,1273085,636542,48.11464454306931,-22.523252643522667,,,
4879,4878,,,-257.38933744758316,1000,False,False,False,True,cutoff,4.6206889152526855,,,ou_noise,0,1279084,1274085,637042,44.78411537361145,-22.482806915283202,,,
4880,4879,,,158.7856617779429,146,True,False,True,False,success,0.41953980922698975,,,ou_noise,0,1279230,1274231,637115,43.95304418589971,-22.55989419597469,,,
4881,4880,,,169.53646375125084,132,True,False,True,False,success,0.44681861996650696,,,ou_noise,0,1279362,1274363,637181,40.48394396810821,-21.988941337123062,,,
4882,4881,,,172.08844549807986,120,True,False,True,False,success,0.4785271883010864,,,ou_noise,0,1279482,1274483,637241,49.70594696998596,-22.10935099919637,,,
4883,4882,,,171.22163336487398,122,True,False,True,False,success,0.4687972962856293,,,ou_noise,0,1279604,1274605,637302,47.29007189391089,-21.961520961073578,,,
4884,4883,,,169.64986721259163,137,True,False,True,False,success,0.41654306650161743,,,ou_noise,0,1279741,1274742,637371,40.960543528090426,-21.732034019801926,,,
4885,4884,,,166.82625173136267,135,True,False,True,False,success,0.4503222405910492,,,ou_noise,0,1279876,1274877,637438,51.665406488489225,-22.24896234540797,,,
4886,4885,,,159.89462943289445,144,True,False,True,False,success,0.47928792238235474,,,ou_noise,0,1280020,1275021,637510,47.87237306435903,-22.33742254310184,,,
4887,4886,,,147.8541711178573,169,True,False,True,False,success,0.48986145853996277,,,ou_noise,0,1280189,1275190,637595,45.92470553922935,-22.754238038904525,,,
4888,4887,,,175.26454820581586,110,True,False,True,False,success,0.4484628438949585,,,ou_noise,0,1280299,1275300,637650,45.74284853501754,-22.577396444840865,,,
4889,4888,,,153.67495015443083,159,True,False,True,False,success,0.4960406720638275,,,ou_noise,0,1280458,1275459,637729,59.25729563251232,-22.453576812261268,,,
4890,4889,,,172.81464168927,123,True,False,True,False,success,0.48929479718208313,,,ou_noise,0,1280581,1275582,637791,44.633855525071056,-22.893220686143444,,,
4891,4890,,,-65.55366616769903,64,False,True,True,False,collision,5.506103992462158,,,ou_noise,0,1280645,1275646,637823,37.993996322155,-22.359231293201447,,,
4892,4891,,,159.19963148319817,147,True,False,True,False,success,0.46889692544937134,,,ou_noise,0,1280792,1275793,637896,49.20604804421769,-23.679576847651234,,,
4893,4892,,,160.65956101798665,151,True,False,True,False,success,0.41905659437179565,,,ou_noise,0,1280943,1275944,637972,45.92249156623487,-22.778345220967342,,,
4894,4893,,,171.20576100940661,125,True,False,True,False,success,0.4225623905658722,,,ou_noise,0,1281068,1276069,638034,47.13674084472656,-22.884440545112856,,,
4895,4894,,,174.0713431927018,113,True,False,True,False,success,0.4797661006450653,,,ou_noise,0,1281181,1276182,638091,48.553650071135664,-22.883776681465015,,,
4896,4895,,,173.74395207805088,115,True,False,True,False,success,0.45209094882011414,,,ou_noise,0,1281296,1276297,638148,54.66092280512271,-23.411097007885314,,,
4897,4896,,,165.32066757990924,137,True,False,True,False,success,0.43470796942710876,,,ou_noise,0,1281433,1276434,638217,46.17553116457306,-23.40643672666688,,,
4898,4897,,,168.69660538248883,129,True,False,True,False,success,0.4801870286464691,,,ou_noise,0,1281562,1276563,638281,44.315070647601935,-23.457944303750992,,,
4899,4898,,,159.54597572558748,142,True,False,True,False,success,0.46483114361763,,,ou_noise,0,1281704,1276705,638352,46.98934252832977,-22.735453028074453,,,
4900,4899,,,165.03059248019272,138,True,False,True,False,success,0.4072283208370209,,,ou_noise,0,1281842,1276843,638421,44.364203273386195,-22.818682753521465,,,
4901,4900,,,164.30491789592725,139,True,False,True,False,success,0.46891331672668457,,,ou_noise,0,1281981,1276982,638491,47.153807098059346,-23.197824777875628,,,
4902,4901,,,170.1444556203673,128,True,False,True,False,success,0.4949314594268799,,,ou_noise,0,1282109,1277110,638555,41.27590222656727,-23.422799170017242,,,
4903,4902,,,173.79648704377917,115,True,False,True,False,success,0.4237782955169678,,,ou_noise,0,1282224,1277225,638612,38.791161794247834,-22.78924938670376,,,
4904,4903,,,156.06640986203908,158,True,False,True,False,success,0.41157954931259155,,,ou_noise,0,1282382,1277383,638691,40.75398610513422,-23.76593874677827,,,
4905,4904,,,166.20323066540047,145,True,False,True,False,success,0.46888279914855957,,,ou_noise,0,1282527,1277528,638764,51.15895764581089,-23.183286875894623,,,
4906,4905,,,160.67078973275093,146,True,False,True,False,success,0.4685170352458954,,,ou_noise,0,1282673,1277674,638837,43.604884670205315,-23.121940299256206,,,
4907,4906,,,171.06192598397743,122,True,False,True,False,success,0.49659818410873413,,,ou_noise,0,1282795,1277796,638898,40.713035317718,-22.961292579525807,,,
4908,4907,,,170.04038149648048,132,True,False,True,False,success,0.4334043562412262,,,ou_noise,0,1282927,1277928,638964,50.86226039944273,-23.48196688565341,,,
4909,4908,,,173.86075698384724,115,True,False,True,False,success,0.47493940591812134,,,ou_noise,0,1283042,1278043,639021,45.37665846451469,-23.088414844713714,,,
4910,4909,,,-190.34736612964284,1000,False,False,False,True,cutoff,4.914011001586914,,,ou_noise,0,1284042,1279043,639521,43.49078923511505,-23.324500034332274,,,
4911,4910,,,167.29153812780578,130,True,False,True,False,success,0.4736844301223755,,,ou_noise,0,1284172,1279173,639586,58.35351408444918,-24.134166130652794,,,
4912,4911,,,160.7897387882649,155,True,False,True,False,success,0.4459913372993469,,,ou_noise,0,1284327,1279328,639664,47.542865863923105,-23.863137991000446,,,
4913,4912,,,172.23070557572706,117,True,False,True,False,success,0.4962104558944702,,,ou_noise,0,1284444,1279445,639722,42.93215516897348,-23.191605518604145,,,
4914,4913,,,173.04341284143857,120,True,False,True,False,success,0.44253697991371155,,,ou_noise,0,1284564,1279565,639782,41.083786455790204,-23.423594665527343,,,
4915,4914,,,165.95487070026525,135,True,False,True,False,success,0.493287593126297,,,ou_noise,0,1284699,1279700,639850,44.16322798552336,-23.505741287680234,,,
4916,4915,,,167.46176923031413,130,True,False,True,False,success,0.44837987422943115,,,ou_noise,0,1284829,1279830,639915,47.870677023667554,-23.439034329927885,,,
4917,4916,,,-56.80249447959685,115,False,True,True,False,collision,2.769371509552002,,,ou_noise,0,1284944,1279945,639972,40.83391652314559,-22.654124745151453,,,
4918,4917,,,170.4849421878753,125,True,False,True,False,success,0.4620572030544281,,,ou_noise,0,1285069,1280070,640035,47.49085795593262,-23.405530202956427,,,
4919,4918,,,171.11095109765068,126,True,False,True,False,success,0.46703091263771057,,,ou_noise,0,1285195,1280196,640098,42.11998291621133,-23.551224693419442,,,
4920,4919,,,163.1616204241022,143,True,False,True,False,success,0.46138978004455566,,,ou_noise,0,1285338,1280339,640169,39.85952666756157,-23.343614954343984,,,
4921,4920,,,-206.22735327220624,1000,False,False,False,True,cutoff,3.116204023361206,,,ou_noise,0,1286338,1281339,640669,46.32906921195984,-23.45131781959534,,,
4922,4921,,,166.3848110541108,133,True,False,True,False,success,0.42662882804870605,,,ou_noise,0,1286471,1281472,640736,48.16454517393184,-23.250091638138045,,,
4923,4922,,,169.8746933174544,122,True,False,True,False,success,0.4977445900440216,,,ou_noise,0,1286593,1281594,640797,43.124018544056376,-23.159063870789574,,,
4924,4923,,,161.33349876190985,134,True,False,True,False,success,0.4801582098007202,,,ou_noise,0,1286727,1281728,640864,45.31981741492428,-23.484064927741663,,,
4925,4924,,,172.19118892011966,122,True,False,True,False,success,0.432481050491333,,,ou_noise,0,1286849,1281850,640925,36.57794276221854,-23.577189179717518,,,
4926,4925,,,166.667367229134,140,True,False,True,False,success,0.4438919126987457,,,ou_noise,0,1286989,1281990,640995,45.2338029725211,-23.26571080344064,,,
4927,4926,,,149.88996739708006,175,True,False,True,False,success,0.49108949303627014,,,ou_noise,0,1287164,1282165,641082,42.266004911150254,-23.416494544895215,,,
4928,4927,,,169.83849205014502,126,True,False,True,False,success,0.4172954559326172,,,ou_noise,0,1287290,1282291,641145,39.92108166407025,-23.82788818601578,,,
4929,4928,,,162.3271791047874,148,True,False,True,False,success,0.4092283248901367,,,ou_noise,0,1287438,1282439,641219,46.67201918524665,-23.315430331874538,,,
4930,4929,,,168.57229311699786,134,True,False,True,False,success,0.47362107038497925,,,ou_noise,0,1287572,1282573,641286,38.52550624733541,-24.15083624711677,,,
4931,4930,,,172.31187279438342,119,True,False,True,False,success,0.4413644075393677,,,ou_noise,0,1287691,1282692,641346,45.02850213571757,-23.310789235432942,,,
4932,4931,,,-65.42312938448515,56,False,True,True,False,collision,5.744763374328613,,,ou_noise,0,1287747,1282748,641374,37.895216260637554,-23.931721346718923,,,
4933,4932,,,155.0519191137499,153,True,False,True,False,success,0.4815027713775635,,,ou_noise,0,1287900,1282901,641450,44.91461500778697,-23.489278642754805,,,
4934,4933,,,170.75232519473678,122,True,False,True,False,success,0.4870404601097107,,,ou_noise,0,1288022,1283023,641511,49.155204257027044,-23.822909871085745,,,
4935,4934,,,165.19124941345802,138,True,False,True,False,success,0.49716275930404663,,,ou_noise,0,1288160,1283161,641580,40.98224529321643,-23.56673655302628,,,
4936,4935,,,171.48050753432784,125,True,False,True,False,success,0.4318076968193054,,,ou_noise,0,1288285,1283286,641643,47.91945698547363,-23.998285656883603,,,
4937,4936,,,158.6332647472234,151,True,False,True,False,success,0.47583287954330444,,,ou_noise,0,1288436,1283437,641718,44.80890359941697,-23.515853093465168,,,
4938,4937,,,172.5398563111957,125,True,False,True,False,success,0.49946272373199463,,,ou_noise,0,1288561,1283562,641781,42.33622100830078,-24.063479801965137,,,
4939,4938,,,163.05563355471998,143,True,False,True,False,success,0.47853225469589233,,,ou_noise,0,1288704,1283705,641852,43.294050976946636,-23.798545783674214,,,
4940,4939,,,171.5803168248873,126,True,False,True,False,success,0.41469621658325195,,,ou_noise,0,1288830,1283831,641915,45.9944558370681,-22.85072178310818,,,
4941,4940,,,168.96416746195075,133,True,False,True,False,success,0.49255502223968506,,,ou_noise,0,1288963,1283964,641982,43.042701900453494,-24.190975445419994,,,
4942,4941,,,172.46358784762273,121,True,False,True,False,success,0.4572426676750183,,,ou_noise,0,1289084,1284085,642042,48.94681642863376,-23.64541343053182,,,
4943,4942,,,170.24991239644388,127,True,False,True,False,success,0.44939830899238586,,,ou_noise,0,1289211,1284212,642106,50.644637806209055,-23.485377073287964,,,
4944,4943,,,159.7444681713642,150,True,False,True,False,success,0.4698198735713959,,,ou_noise,0,1289361,1284362,642181,39.728243103027346,-23.786663513183594,,,
4945,4944,,,169.34836042487788,128,True,False,True,False,success,0.4810349941253662,,,ou_noise,0,1289489,1284490,642245,52.51971052587032,-23.67938157916069,,,
4946,4945,,,150.7667107703189,164,True,False,True,False,success,0.49065127968788147,,,ou_noise,0,1289653,1284654,642327,39.42525718270279,-24.524731333662825,,,
4947,4946,,,-113.15051228700113,236,False,True,True,False,collision,5.7558817863464355,,,ou_noise,0,1289889,1284890,642445,44.245957342244814,-23.895774307897536,,,
4948,4947,,,164.68943266764137,153,True,False,True,False,success,0.4310600459575653,,,ou_noise,0,1290042,1285043,642521,40.10763021232256,-24.073895253633196,,,
4949,4948,,,137.16485074143105,236,True,False,True,False,success,0.4760330617427826,,,ou_noise,0,1290278,1285279,642639,46.89342215909796,-24.089012558177366,,,
4950,4949,,,151.39643075153649,174,True,False,True,False,success,0.4495562016963959,,,ou_noise,0,1290452,1285453,642726,47.790048259428175,-23.73605077020053,,,
4951,4950,,,164.01128972628482,141,True,False,True,False,success,0.44577541947364807,,,ou_noise,0,1290593,1285594,642797,43.75713062962742,-24.311094203465423,,,
4952,4951,,,173.38992580476554,121,True,False,True,False,success,0.4456433653831482,,,ou_noise,0,1290714,1285715,642857,37.91379004864653,-24.50622584025065,,,
4953,4952,,,173.29950743928026,116,True,False,True,False,success,0.4397842288017273,,,ou_noise,0,1290830,1285831,642915,45.33727517621271,-24.82663628150677,,,
4954,4953,,,161.89187912108667,148,True,False,True,False,success,0.43394404649734497,,,ou_noise,0,1290978,1285979,642989,50.64086907618755,-24.28212431314829,,,
4955,4954,,,175.46022653306443,111,True,False,True,False,success,0.4272519052028656,,,ou_noise,0,1291089,1286090,643045,45.92820236274788,-23.62349660055978,,,
4956,4955,,,170.91206150593905,123,True,False,True,False,success,0.4834425449371338,,,ou_noise,0,1291212,1286213,643106,36.5743409598746,-24.23270019156034,,,
4957,4956,,,171.42153239345777,129,True,False,True,False,success,0.43536898493766785,,,ou_noise,0,1291341,1286342,643171,50.1102281762648,-24.371829282320462,,,
4958,4957,,,171.69526099045157,116,True,False,True,False,success,0.48037585616111755,,,ou_noise,0,1291457,1286458,643229,42.10728449657046,-24.054287548722893,,,
4959,4958,,,168.20359598466234,136,True,False,True,False,success,0.46757972240448,,,ou_noise,0,1291593,1286594,643297,41.60810502837686,-23.835225105285645,,,
4960,4959,,,163.84650781205426,136,True,False,True,False,success,0.4892084002494812,,,ou_noise,0,1291729,1286730,643365,43.86552281940685,-24.30005474651561,,,
4961,4960,,,167.638231435972,138,True,False,True,False,success,0.46856287121772766,,,ou_noise,0,1291867,1286868,643434,39.60105250538259,-24.383481702942778,,,
4962,4961,,,172.49132339464356,118,True,False,True,False,success,0.42327091097831726,,,ou_noise,0,1291985,1286986,643493,52.834433216159624,-24.783574088145112,,,
4963,4962,,,-198.57248005307332,1000,False,False,False,True,cutoff,4.517235279083252,,,ou_noise,0,1292985,1287986,643993,43.36217070674896,-24.438961349487304,,,
4964,4963,,,164.62956057756864,145,True,False,True,False,success,0.44224482774734497,,,ou_noise,0,1293130,1288131,644065,39.79342555342049,-24.230854140387642,,,
4965,4964,,,171.52590630505992,120,True,False,True,False,success,0.43139833211898804,,,ou_noise,0,1293250,1288251,644125,42.904649289449054,-24.806959946950276,,,
4966,4965,,,164.41763173073457,161,True,False,True,False,success,0.4560660719871521,,,ou_noise,0,1293411,1288412,644206,42.29640828008237,-24.13093635182322,,,
4967,4966,,,163.88218469155308,141,True,False,True,False,success,0.4566253423690796,,,ou_noise,0,1293552,1288553,644276,48.24089403355375,-25.005496624537876,,,
4968,4967,,,168.36567024721748,135,True,False,True,False,success,0.4887072741985321,,,ou_noise,0,1293687,1288688,644344,47.33541676556622,-25.12995122460758,,,
4969,4968,,,153.26655326104427,169,True,False,True,False,success,0.41350439190864563,,,ou_noise,0,1293856,1288857,644428,45.04235726982884,-23.993863242013113,,,
4970,4969,,,168.64119886356116,131,True,False,True,False,success,0.4479466378688812,,,ou_noise,0,1293987,1288988,644494,41.15618932884158,-24.747213276949797,,,
4971,4970,,,172.54875599567623,119,True,False,True,False,success,0.44334688782691956,,,ou_noise,0,1294106,1289107,644553,56.149196175967944,-24.240986937183443,,,
4972,4971,,,-181.91031663269032,1000,False,False,False,True,cutoff,4.948729515075684,,,ou_noise,0,1295106,1290107,645053,42.8688520898819,-24.418142444610595,,,
4973,4972,,,172.88603285856706,120,True,False,True,False,success,0.45528945326805115,,,ou_noise,0,1295226,1290227,645113,42.47636634508769,-24.023865493138633,,,
4974,4973,,,171.85978618906603,122,True,False,True,False,success,0.44802409410476685,,,ou_noise,0,1295348,1290349,645174,39.53672860098667,-24.50303846890809,,,
4975,4974,,,172.81804155536017,121,True,False,True,False,success,0.4065205752849579,,,ou_noise,0,1295469,1290470,645235,42.09980454720741,-24.487217418483045,,,
4976,4975,,,-180.64321039851026,1000,False,False,False,True,cutoff,3.7272067070007324,,,ou_noise,0,1296469,1291470,645735,45.24542348575592,-24.230485622406007,,,
4977,4976,,,166.48244301929518,130,True,False,True,False,success,0.4643346965312958,,,ou_noise,0,1296599,1291600,645800,38.604053629361665,-24.202204572237456,,,
4978,4977,,,158.253261068959,155,True,False,True,False,success,0.4909358024597168,,,ou_noise,0,1296754,1291755,645877,44.4000124777517,-23.539359625283772,,,
4979,4978,,,-68.22000714068554,53,False,True,True,False,collision,6.128621578216553,,,ou_noise,0,1296807,1291808,645904,43.47705844663224,-24.674070923416703,,,
4980,4979,,,169.7109865730886,129,True,False,True,False,success,0.41424474120140076,,,ou_noise,0,1296936,1291937,645968,41.189467437507574,-23.790022999048233,,,
4981,4980,,,172.96093199757956,116,True,False,True,False,success,0.4939230680465698,,,ou_noise,0,1297052,1292053,646026,44.828321045842664,-24.200646236025054,,,
4982,4981,,,159.5689014211999,155,True,False,True,False,success,0.4462534487247467,,,ou_noise,0,1297207,1292208,646104,38.907718929167714,-24.090684523949257,,,
4983,4982,,,160.96131897533522,147,True,False,True,False,success,0.48553466796875,,,ou_noise,0,1297354,1292355,646177,39.86354387374151,-24.28636117177467,,,
4984,4983,,,168.6093092770231,133,True,False,True,False,success,0.44217947125434875,,,ou_noise,0,1297487,1292488,646244,41.52668580076748,-25.270817799354667,,,
4985,4984,,,149.81905239873723,170,True,False,True,False,success,0.41406187415122986,,,ou_noise,0,1297657,1292658,646329,41.73292951583862,-24.389808026482076,,,
4986,4985,,,153.65607296130116,168,True,False,True,False,success,0.46577200293540955,,,ou_noise,0,1297825,1292826,646413,46.75431177729652,-24.043234257470992,,,
4987,4986,,,161.30250133363688,151,True,False,True,False,success,0.4199380576610565,,,ou_noise,0,1297976,1292977,646488,41.58536563645925,-24.190491587320963,,,
4988,4987,,,156.86417307716326,154,True,False,True,False,success,0.43829870223999023,,,ou_noise,0,1298130,1293131,646565,51.520686236294836,-24.206697810779918,,,
4989,4988,,,168.16055741949103,139,True,False,True,False,success,0.45422983169555664,,,ou_noise,0,1298269,1293270,646635,37.93232478683801,-24.782275581359862,,,
4990,4989,,,172.71169087727264,115,True,False,True,False,success,0.42424315214157104,,,ou_noise,0,1298384,1293385,646692,36.74815823098888,-24.048831671999213,,,
4991,4990,,,171.96391250127095,126,True,False,True,False,success,0.4539373517036438,,,ou_noise,0,1298510,1293511,646755,46.55083313442412,-23.328051340012323,,,
4992,4991,,,171.41359627640625,127,True,False,True,False,success,0.47861966490745544,,,ou_noise,0,1298637,1293638,646819,40.12710871658926,-24.033719271421432,,,
4993,4992,,,172.4468718526736,120,True,False,True,False,success,0.47516247630119324,,,ou_noise,0,1298757,1293758,646879,44.922751331329344,-23.851081307729086,,,
4994,4993,,,162.63990033159698,143,True,False,True,False,success,0.4776340425014496,,,ou_noise,0,1298900,1293901,646950,41.17895558497289,-24.183588914468256,,,
4995,4994,,,173.8178216928999,114,True,False,True,False,success,0.4461280405521393,,,ou_noise,0,1299014,1294015,647007,47.83488803997374,-24.01766810500831,,,
4996,4995,,,172.32400786999807,118,True,False,True,False,success,0.41881904006004333,,,ou_noise,0,1299132,1294133,647066,47.23226430052418,-24.120871850999734,,,
4997,4996,,,170.70144345116745,125,True,False,True,False,success,0.4465326964855194,,,ou_noise,0,1299257,1294258,647129,44.79096334838867,-24.32635996076796,,,
4998,4997,,,-63.85666747687395,72,False,True,True,False,collision,5.138638973236084,,,ou_noise,0,1299329,1294330,647165,50.03942616780599,-24.541310363345676,,,
4999,4998,,,-256.5436840507532,1000,False,False,False,True,cutoff,3.489781618118286,,,ou_noise,0,1300329,1295330,647665,49.103982048034666,-23.996293601989745,,,
5000,4999,,,-8.338972243665992,781,True,False,True,False,success,0.48000985383987427,,,ou_noise,0,1301110,1296111,648055,50.929265916118545,-23.851875691536144,,,
